:020000040800F2
:10000000D86900207902000829230008CD1C0008C7
:1000100025230008ED0A0008B35B0008000000007B
:100020000000000000000000000000002F34000865
:100030002719000800000000F52300082D350008EE
:10004000930200089302000893020008930200083C
:10005000930200089302000893020008930200082C
:10006000930200089302000893020008930200081C
:10007000930200089302000893020008930200080C
:100080009302000893020008290700089302000861
:1000900093020008930200089302000893020008EC
:1000A00093020008930200089302000893020008DC
:1000B00093020008930200089302000893020008CC
:1000C00093020008930200089302000893020008BC
:1000D00093020008930200089302000893020008AC
:1000E000930200089302000893020008930200089C
:1000F00093020008993500089302000809160008C9
:10010000930200089302000893020008930200087B
:10011000930200089302000893020008930200086B
:10012000930200089302000893020008930200085B
:10013000930200089302000893020008930200084B
:10014000930200089302000893020008E5230008C8
:10015000930200089302000893020008930200082B
:10016000930200089302000893020008930200081B
:10017000930200089302000893020008930200080B
:10018000930200089302000800F002F800F065F8FE
:100190000AA090E8000C82448344AAF10107DA45E2
:1001A00001D100F05AF8AFF2090EBAE80F0013F0CF
:1001B000010F18BFFB1A43F0010318473CD400009D
:1001C0005CD4000010F8013B0A4413F0030408BF9C
:1001D00010F8014B1D1108BF10F8015B641E05D01B
:1001E00010F8016B641E01F8016BF9D1002D15D0D8
:1001F00010F8014B03F00C030C2BA1EB04040ABF15
:1002000010F8013BA4EB8314A4EB032405F10103D4
:1002100014F8016B5B1E01F8016BF9D5914238BFF0
:1002200010F8013BD1D3704700230024002500269D
:10023000103A28BF78C1FBD8520728BF30C148BF49
:100240000B607047642900F07F80002070471FB565
:1002500007F0EDF91FBD10B510BD00F005FA11460D
:10026000FFF7F5FF06F0E2FE00F023FA03B4FFF714
:10027000F2FF03BC00F02AFA09488047094800470A
:10028000FEE7FEE7FEE7FEE7FEE7FEE7FEE7FEE746
:10029000FEE7FEE704480549054A064B70470000A3
:1002A0003135000889010008D8630020D869002092
:1002B000D8650020D86500200FB41CB5074B06AAEE
:1002C0007B4469460090059800F03BF900206946A0
:1002D00000F04AF91CBC5DF814FB0000A502000008
:1002E0002DE9F0410E460446002020622046E168D8
:1002F000884730B3252805D0D4E901219047206AEA
:10030000401CF2E7E168204600278847050018D026
:10031000A5F14100192802D820354FF40067324674
:10032000294620462760FFF78DFF40B1012804D001
:10033000F61D26F007060836D8E7361DD6E728460C
:10034000DAE7206ABDE8F0812DE9F0410646002495
:1003500010687529314616A510D0AFF3008000282B
:1003600002DA404213A507E031688A0701D512A5D9
:1003700002E0490704D511A5012401E0AFF3008094
:1003800000210A2206F1240709E0B0FBF2FCB0FBD1
:10039000F2F302FB1C00303078541846491C002848
:1003A000F3D123462A463046BDE8F04100F06AB852
:1003B000000000002D0000002B00000020000000C5
:1003C00030B505460B462A4613F8014B12F8010BCF
:1003D00008B1A042F8D01CB1002802D06D1CF1E792
:1003E000284630BD032A40F2308010F0030C00F0A4
:1003F000158011F8013BBCF1020F624498BF11F85F
:1004000001CB00F8013B38BF11F8013BA2F1040217
:1004100098BF00F801CB38BF00F8013B11F003038F
:1004200000F0A780083AC0F0088051F8043B083A71
:1004300051F804CBA0E80810F5E7121D5CBF51F895
:10044000043B40F8043BAFF30080D20724BF11F80F
:10045000013B11F801CB48BF11F8012B24BF00F874
:10046000013B00F801CB48BF00F8012B704702F0B8
:10047000FF0343EA032242EA024200F0AEB87047AB
:10048000704770472DE9F0470D469946924604465D
:1004900000F124080168880604D5E06921F0100104
:1004A000216000E00120A84201DD471B00E0002799
:1004B000A1697A1902EB0900081AA0612078C00628
:1004C00002D42046AFF30080002608E0D4E90121E1
:1004D0001AF806009047206A401C761C20624E45A0
:1004E000F4DB2078C0060AD52046AFF3008006E092
:1004F000D4E9012130209047206A401C2062381E38
:10050000A7F10107F4DC07E0D4E9012118F80500A0
:100510009047206A401C2062281EA5F10105F3DCEB
:100520002046AFF300802078000602D50220BDE807
:10053000F0870120FBE7000001694A1C026108788E
:10054000704700B58FB0CDE9013100210591054913
:100550007944CDE9031011466846FFF7C1FE0FB09C
:1005600000BD0000E5FFFFFF0A6802F8010B0A600A
:10057000704710B5203AC0F00B80B1E81850203A0F
:10058000A0E81850B1E81850A0E81850BFF4F5AF33
:100590005FEA027C24BFB1E81850A0E8185044BFBD
:1005A00018C918C0BDE810405FEA827C24BF51F82A
:1005B000043B40F8043B08BF7047D20728BF31F81E
:1005C000023B48BF11F8012B28BF20F8023B48BF6F
:1005D00000F8012B70474FF000020429C0F0128090
:1005E00010F0030C00F01B80CCF1040CBCF1020FE6
:1005F00018BF00F8012BA8BF20F8022BA1EB0C01BB
:1006000000F00DB85FEAC17C24BF00F8012B00F8B0
:10061000012B48BF00F8012B70474FF0000200B5D6
:10062000134694469646203922BFA0E80C50A0E815
:100630000C50B1F12001BFF4F7AF090728BFA0E8C3
:100640000C5048BF0CC05DF804EB890028BF40F88F
:10065000042B08BF704748BF20F8022B11F0804FD1
:1006600018BF00F8012B7047754600F02BF8AE4616
:1006700005006946534620F00700854618B020B5AE
:10068000FFF708FEBDE820404FF000064FF00007DE
:100690004FF000084FF0000B21F00701AC46ACE82A
:1006A000C009ACE8C009ACE8C009ACE8C0098D4697
:1006B000704710B50446AFF300802046BDE81040F7
:1006C000FFF7D4BD0048704774630020014918202B
:1006D000ABBEFEE7260002007047CA4302607047C7
:1006E00000220A12D3430360704721B1826842F0AE
:1006F0000102826003E0826822F00102826070479A
:1007000010B50121080201F053FF00214FF4807061
:1007100001F04EFF10BD0246002013680B400BB1E4
:10072000012000E00020704710B502212148FFF7AA
:10073000F2FF01283CD102211E48FFF7CEFF1E48E0
:100740001E490978405C00EB80001D4911F820002B
:100750001849C96C00EB1110C0F34704FF2C01DDF0
:10076000FF2000E020461449144A1278895C01EB0E
:100770008101134A02F8210010480078401C0F49FB
:10078000087008460078502801D1002008700D48F4
:100790000A490978405C30B90B49084A1278885CEC
:1007A00000F04EF801E000F0B1F8024800F022F944
:1007B00010BD0000002001401377000862010020F6
:1007C0001C59002073760008C376000810B50B464C
:1007D0000021D9B2012404FA01F11AB144680C4392
:1007E000446002E044688C43446010BD30B502466A
:1007F000002000235068104C20400D790C6844EA1A
:1008000005242043506090680C4C2040D1E90354EB
:100810002C438D682C434D7944EA45042043906075
:10082000D06A20F470000C7D641EE4B2234340EAD9
:100830000350D06230BD0000FFFEFFFCFDF7FFC09B
:1008400010B50446044800EBC400D0E9002110466E
:1008500000F028F810BD0000801D002010B50146F2
:10086000002215E001F08003002B03DD80230C4CF7
:10087000238003E080230A4CA41C23804023084CDF
:10088000A41C2380A41E23804B06190E531CDAB22D
:10089000082AE7DB8023024CA41C238010BD000043
:1008A0001804024030B504460D46E8B2FFF7D6FF03
:1008B0004FF07F4204EA02010022090E41EA0221C0
:1008C000C8B2FFF7CBFF4FF47F0204EA0201002217
:1008D000090C41EA0241C8B2FFF7C0FF4FF47F4262
:1008E00004EA02010022090A41EA0261C8B2FFF7E4
:1008F000B5FFE0B2FFF7B2FF4FF480700249088005
:10090000891E088030BD00001A040240002009E062
:100910008021094A11804021921C1180921E118071
:10092000411CC8B20428F3DB4FF48071024A921CC8
:100930001180921E1180704718040240F0B50446E1
:100940000D4600200021092D11DDE068A5F10A0601
:1009500006EB4607072606FA07F18843A5F10A06C3
:1009600006EB460603FA06F10843E0600CE0206956
:1009700005EB4507072606FA07F1884305EB450610
:1009800003FA06F108432061072A0FDA606B561E4E
:1009900006EB86071F2606FA07F18843561E06EB6C
:1009A000860605FA06F10843606322E00D2A0FDA95
:1009B000206BD61F06EB86071F2606FA07F1884331
:1009C000D61F06EB860605FA06F10843206310E001
:1009D000E06AA2F10D0606EB86071F2606FA07F16C
:1009E0008843A2F10D0606EB860605FA06F10843D8
:1009F000E062F0BD816841F0804181607047002174
:100A00000160017141718160C16001610121017565
:100A10007047000030B503460C4600210BE00C483F
:100A2000456818782038C00015F810000844C1B295
:100A3000481CC1B25B1C18780028F0D1481EC1B216
:100A4000551A05EBD57004EB6000C0B230BD000054
:100A50000820002070B505460C4607480560204672
:100A600000F00EF800BF044800680028FBD1002108
:100A7000024802F0BCFD70BD1C00002000200040B8
:100A80003EB504460021184802F0B1FD00220121C4
:100A9000154802F0C9FD022C02D10B20019004E0A0
:100AA000012C02D142F6DF6001900520ADF8000074
:100AB0000020ADF80800ADF8020069460A4802F0CF
:100AC000BDFD0121084802F08FFD0121064802F01A
:100AD0007FFD01221146044802F0A6FD01210248D3
:100AE00002F085FD3EBD00000020004000BFFEE793
:100AF0007FB50021484805F0C2FB48480088C0F394
:100B0000080047490860454800680968401A454997
:100B100008600020444908600221282000F004FFFA
:100B20000221302000F000FF0221382000F0FCFEFE
:100B30000221402000F0F8FE00243DE000201423B4
:100B40007F222121009002F0DDFE642060433549C0
:100B50000968B0FBF1F6324634A101A8FFF7ACFBFF
:100B60007F22002101A8FFF755FF06460120314BE7
:100B700001AA21210090304603F05AF92E4B4FF480
:100B800000722E49244805F08FFD2D49087000257C
:100B900007E02A4A51592B4A2244501900F036FFE7
:100BA0002D1DB5F5007FF4D31F48006800F50070D7
:100BB0001D49086004F500741A4800688442BDD3DA
:100BC0001D4B17481D490268134805F06DFD1C496F
:100BD00008700AE012480068401C11490860FF21B3
:100BE0000F480068401E154A11540D48007800F067
:100BF00003000028EED1002409E0104A11590A4AE6
:100C00001268104B1A44101900F000FF241D04480C
:100C100000688442F1D37FBD402000200000002006
:100C200008000020040000200C0000202564252579
:100C30000000000008200020140000206830002080
:100C4000110000200000020870B506460C4604F0B2
:100C50008000802808D104F07F0000EB800106F5B9
:100C60008E7000EBC10507E004F07F0000EB80010F
:100C700006F55D7000EBC10504F07F00287004F0FC
:100C80008000C00968702946304604F045FC002009
:100C900070BD70B506460C4604F08000802808D16F
:100CA00004F07F0000EB800106F58E7000EBC105BB
:100CB00005E004EB840106F55D7000EBC105002042
:100CC000A87004F07F002870C4F3C0106870294633
:100CD000304604F0F9FB002070BD70B505460C46A7
:100CE00004F08000802805D104F07F01284604F03C
:100CF00019FE02E0284604F0EFFD002070BD2DE94A
:100D0000F04106460D4690461F4605F080008028BB
:100D100008D105F07F0000EB800106F58E7000EB36
:100D2000C10407E005F07F0000EB800106F55D706F
:100D300000EBC10405F07F00207005F08000C009C1
:100D40006070C4F80880E770607808B12078E080AF
:100D5000022F01D1002020712146304604F068FBAB
:100D60000020BDE8F0812DE9F04105460E4617460A
:100D7000984606F07F0000EB800105F55D7000EB02
:100D8000C104E760C4F814800020A061607006F020
:100D90007F002070E878012800D12761207820B9F1
:100DA0002146284604F068FA03E02146284604F06C
:100DB00014FC0020BDE8F08108B500220092009AE2
:100DC00061F30A12009202691268009B1A430369D8
:100DD0001A6008BD70B506460C4604F080008028F5
:100DE00008D104F07F0000EB800106F58E7000EB67
:100DF000C10505E004EB840106F55D7000EBC1055B
:100E00000120A87004F07F002870C4F3C01068703F
:100E10002946304604F0AFFB002070BD2DE9F041BB
:100E200007460D461646984605F07F0000EB800108
:100E300007F58E7000EBC1040120607005F07F00A3
:100E40002070E66026610020A061C4F8148020783C
:100E500020B92146384604F00FFA03E0214638460F
:100E600004F0BBFB0020BDE8F0811CB50446204621
:100E700004F0CDF9E068C0680090204604F07CFDE5
:100E800003280BD10020A0704FF40070A0800098C0
:100E900020F4705000F51050009009E00120A0707F
:100EA0004020A080009820F4705000F5A0500090E1
:100EB0000098E168C86000200190019820F400507B
:100EC00000F5005001900198E168486101201CBDC7
:100ED000F8B50546002400200090284604F08BFD5C
:100EE000064690E006F0010000287DD0E1B22846D9
:100EF00000F018FB0090009800F0010030B30120D2
:100F000000FA04F72869406BB84329694863002058
:100F10000090009820F00100401C009005F118009E
:100F200050F8240000998160E1B2394800684268B5
:100F300028469047E878012808D13CB940F21110C2
:100F4000405D042802D1284604F041FA0098C0F31D
:100F5000C00060B100200090009820F00800083028
:100F6000009005F1180050F8240000998160009865
:100F7000C0F3001060B100200090009820F0100035
:100F80001030009005F1180050F82400009981609D
:100F90000098C0F3801060B100200090009820F00D
:100FA00040004030009005F1180050F824000099EE
:100FB00081600098C0F3400060B10020009000986C
:100FC00020F00200801C009005F1180050F8240069
:100FD000009981600098C0F3C01028B121462846CE
:100FE00000F0CAFA002000E00BE00090009820F02A
:100FF00080008030009005F1180050F8240000991E
:101000008160641C7608002E7FF46CAF0120F8BD6F
:10101000D00000207CB50446002500200190204629
:1010200004F0F1FC06466FE006F00100002869D0EC
:10103000E9B2204604F0EFFC0190019800F00100B5
:10104000C8B300200190019820F00100401C0190DD
:1010500004F1540050F8250001998160E0780128DE
:1010600017D104F1540050F825000069009005EBF9
:10107000850104F55D7000EBC10080680099C1F343
:101080001201411A05EB850204F55D7000EBC20008
:101090008161E9B21E480068026820469047E07806
:1010A000012808D13DB940F21110005D052802D198
:1010B000204604F08CF90198C0F3400060B1002094
:1010C0000190019820F00200801C019004F154006E
:1010D00050F82500019981600198C0F3C00088B1E3
:1010E0000B480068816820468847002001900198DD
:1010F00020F008000830019004F1540050F8250059
:10110000019981606D1C7608002E8DD101207CBD77
:10111000D00000203EB50446A07A70B1D4F80C018E
:101120000090009820F002000090009820F001004C
:1011300000900099D4F80C01016000200190019802
:1011400020F00100401C019020694068019988430B
:101150002169486008480068816920468847002066
:101160000290029820F0004000F1004002900298A6
:10117000E168486101203EBDD00000207CB50446F6
:1011800000200190019820F0100010300190E068DC
:10119000806901998843E1688861E068006A00908D
:1011A000009800F00F0000EB800104F55D7000EB8B
:1011B000C1050098C0F3434007282DD2DFE800F0B6
:1011C0002C04051D1E2C1F0027E00098C0F30A10F8
:1011D00090B10098C0F30A122046E96804F025FC9B
:1011E000E8680099C1F30A110844E860A869009909
:1011F000C1F30A110844A8610FE00EE00DE00822D7
:1012000004F2CC51204604F010FCA8690099C1F307
:101210000A110844A86100E000BF00BFE0688069CF
:1012200001990843E168886101207CBD38B5044616
:1012300008480068C1682046884700200090009850
:1012400020F00800083000900098E1684861012013
:1012500038BD0000D00000201FB5044600200090DB
:101260004FF48970005D0090234800684169204672
:10127000884720698068019000200390039820F43B
:10128000006000F5006003900398E1684861A07A6F
:1012900070B3019800F0010050B340F21510005DEA
:1012A000012825D19DF80000032821D100200290BB
:1012B000029820F00100401C0290D4F80C01006854
:1012C00002990843D4F80C110860029820F002003B
:1012D000801C0290D4F80C01006802990843D4F8ED
:1012E0000C1108600548006840F0060003490860DA
:1012F000012004B010BD0000D000002010ED00E07F
:1013000030B587B004460020029006900590049006
:1013100003900190029820F00100401C0290206987
:10132000406802998843216948600021204604F002
:10133000F9FA00250BE0FF2104F1180050F8250010
:10134000816004F1540050F8250081606D1C6078C4
:10135000A842F0D84FF0FF312069816106986FF301
:101360000F00401C0690069880B200F58030069071
:1013700006992069C161059820F0080008300590A1
:10138000059820F00100401C0590059820F002000F
:10139000801C0590059920694161049820F00100A6
:1013A000401C0490049820F0080008300490049831
:1013B00020F00200801C04900499206901612069DA
:1013C00000680390039820F4FE600390039920695D
:1013D0000160204603F0FBFF00200190019820F4FB
:1013E000805000F5805001900198E1684861044800
:1013F0000068016920468847012007B030BD000021
:10140000D00000202DE9F04106460F46394630460F
:1014100004F020FB01214FF4897081550021801CCC
:101420008155002511E005EB850106F58E7000EB76
:10143000C104012060702570E5800020E07040202C
:10144000A0600020E06060616D1C7078A842EAD85E
:10145000002510E005EB850106F55D7000EBC10489
:10146000002060702570E580E0704020A0600020C2
:10147000E06060616D1C7078A842EBD8304603F0E4
:10148000B5FE304603F0E8FC0021304604F04AFB8C
:10149000304603F06EFD304604F00CFABDE8F081F2
:1014A00038B504460020009007480068C16920460E
:1014B0008847009820F4801000F580100090009874
:1014C000E1684861012038BDD000002038B50446ED
:1014D0000020009007480068016A2046884700986D
:1014E00020F4001000F5001000900098E1684861B9
:1014F000012038BDD000002038B50446E0684068BF
:1015000000900098C0F3800020B105480068816A0F
:10151000204688470098E1684860012038BD0000F7
:10152000D000002030B5024615692B6915696C6B37
:1015300024FA01F505F0010543EAC51302F1180587
:1015400055F82150AD6805EA030030BD38B50446B2
:1015500008480068416A20468847002000900098AB
:1015600020F0804000F1804000900098E1684861E0
:10157000012038BDD00000202DE9F84307460E4673
:1015800000250020009006EB860107F58E7000EB29
:10159000C104D4E90501451AA068A84200D2A56893
:1015A000E81C4FEA900807F1180050F826008069FF
:1015B00000901BE0D4E90501451AA068A84200D2BA
:1015C000A568E81C4FEA9008ABB2F2B23846E16871
:1015D00004F0CFFAE0682844E060A0692844A061E4
:1015E00007F1180050F8260080690090009880B23A
:1015F000404506D9D4E90510884202D26069002826
:10160000D8D10120BDE8F88310B50D490D4800F090
:10161000FBF8A0B10A490B4800F01AF800BF0A49CC
:101620000A4800F055FB0028F9D00121074800F0D6
:10163000B9FB0021034800F025F802F021FC10BDA1
:1016400000800028B8600240840007000058004075
:101650000246094B9A4201D2084801E00648103878
:1016600001F000531BB1064B0B40C36002E0044B7A
:101670000B4083607047000010640240006002402D
:101680007D0F7D0F21B1026842F00102026003E08C
:10169000026822F00102026070470000016821F038
:1016A000010101600021016041608160C160016150
:1016B000212141614A49884204D13D21484A103ADA
:1016C00091608CE046491831884205D14FF474612D
:1016D000434A103A916082E041493031884205D155
:1016E0004FF474113E4A103A916078E03C49483119
:1016F000884205D14FF07461394A103A91606EE02A
:1017000037496031884204D13649354A103AD160B0
:1017100065E033497831884204D13349304A103A80
:10172000D1605CE02E499031884204D12F492C4A87
:10173000103AD16053E02A49A831884205D14FF0D0
:101740003D51274A103AD16049E02949884204D1E5
:101750003D21274A083A116041E025491831884265
:1017600005D14FF47461224A083A116037E02049EC
:101770003031884205D14FF474111D4A083A116086
:101780002DE01B494831884205D14FF07461184A59
:10179000083A116023E016496031884204D11149AA
:1017A000134A121F11601AE011497831884204D19E
:1017B0000D490F4A121F116011E00D499031884206
:1017C00004D10A490A4A121F116008E00849A831E9
:1017D000884204D14FF03D51054A121F11607047F5
:1017E000106002403D000020400F002000003D201E
:1017F00010640240014600200A6802F001020AB1AA
:10180000012000E00020704770B50246002000244F
:101810000025124EB24201D2114B01E00F4B103B9A
:10182000104E0E4036B11E2606EAD124166806EA8E
:10183000040502E0566906F0800501F000560EB17D
:101840005C6800E01C68084E344004EA010616B1EA
:101850000DB1012000E0002070BD000010640240C6
:10186000006002403C0F3C0F7D0F7D0F10B501F072
:1018700080034BB122B1436943F08003436103E02D
:10188000436923F08003436180290BD02AB10368A8
:1018900001F01E042343036004E0036801F01E040A
:1018A000A343036010BD000010B500220268134B73
:1018B0001A40CC680B6823434C6923438C6923434B
:1018C000CC6923430C6A23434C6A23438C6A234329
:1018D0004C6B23438C6B23431A430260426922F012
:1018E0000702D1E90B3423431A4342610B69436079
:1018F0004B6883608B68C36010BD00003F801CF0A4
:10190000416070470021016041608160C1600161F8
:1019100041618161C161016241628162C1620163B1
:10192000416381637047704770B504460A460026DC
:10193000082502B909E0012A01D1160205E0022AB0
:1019400001D1160201E04FF4407600F099F8054607
:10195000082D28D11548006820F44070134908600C
:1019600008460068304308600846006820F0F80028
:1019700008600846006844F0020108430B4908600B
:101980000846006840F48030086000F079F80546A9
:101990000648006820F00200044908600846006814
:1019A00020F0F8000860284670BD0000103C02409E
:1019B00008201049096801F48031B1F5803F01D158
:1019C000012015E00B49096801F0100109B105205B
:1019D0000EE00849096801F0EF0109B1062007E0AF
:1019E0000449096801F0020109B1072000E008205C
:1019F000704700000C3C02400348006840F0004083
:101A00000149086070470000103C024030B50246B2
:101A10000C46082500F034F80546082D19D10E486B
:101A2000006820F440700C4908600846006840F4E3
:101A3000007008600846006840F00100086014600B
:101A400000F01EF805460448006820F00100024935
:101A50000860284630BD0000103C02400548006880
:101A600000F0004028B1044802490C3908600348DE
:101A700008607047103C024023016745AB89EFCDF9
:101A800008B508200090FFF793FF009002E0FFF7F1
:101A90008FFF00909DF800000128F8D09DF800000D
:101AA00008BD000010B504463548844208D1012124
:101AB000084600F02DFD0021012000F029FD5EE028
:101AC0003048844208D10121022000F021FD00218C
:101AD000022000F01DFD52E02B48844208D1012174
:101AE000042000F015FD0021042000F011FD46E067
:101AF0002648844208D10121082000F009FD002178
:101B0000082000F005FD3AE02148844208D1012177
:101B1000102000F0FDFC0021102000F0F9FC2EE068
:101B20001C48844208D10121202000F0F1FC002152
:101B3000202000F0EDFC22E01748844208D101216A
:101B4000402000F0E5FC0021402000F0E1FC16E020
:101B50001248844208D10121802000F0D9FC0021E4
:101B6000802000F0D5FC0AE00D48844207D1012115
:101B7000801500F0CDFC0021A01500F0C9FC10BDBF
:101B8000000002400004024000080240000C024035
:101B9000001002400014024000180240001C0240E5
:101BA00000200240F0B50A4600210023002400BFB7
:101BB0003DE0012505FA01F3156805EA03049C429E
:101BC00034D105684F000326BE40B5430560157942
:101BD0004E00B5400668354305601579012D02D0E9
:101BE0001579022D16D185684F000326BE40B543F6
:101BF000856055794E00B5408668354385604568F7
:101C000001268E40B5434560456896798E40B6B250
:101C100035434560C5684F000326BE40B543C560E7
:101C2000D5794E00B540C6683543C560491C1029BA
:101C3000BFD3F0BDF0B5002300244D07ED0E02FA2E
:101C400005F3CE1000F1200555F826504E07F70E8B
:101C50000F26BE40B543CF1000F1200646F82750AE
:101C6000CE1000F1200555F8265045EA0304CE10A9
:101C700000F1200545F82640F0BD418370470183FF
:101C800070474FF6FF710160002101714171817150
:101C9000C1717047014601EB8100024A12F8200031
:101CA000704700001C59002070B50648446825465E
:101CB000054908600146086880F3088800BFA84706
:101CC00070BD00000000020808ED00E000BFFEE764
:101CD00070B502460024002500230020958A138B4E
:101CE0001B0445EA030626F07F4404EA01068E42FF
:101CF00001D1012000E0002070BD21B1028842F036
:101D00000102028004E002884FF6FE731A4002804E
:101D1000704721B1828842F40062828004E08288A8
:101D20004FF2FF731A4082807047000010B50446DE
:101D30001348844209D10121480500F019FC002113
:101D40004FF4001000F014FC18E00E48844209D152
:101D50000121880500F00CFC00214FF4800000F008
:101D600007FC0BE00848844208D10121C80500F0B7
:101D7000FFFB00214FF4000000F0FAFB10BD000053
:101D80000054004000580040005C004021B102882F
:101D900042F48072028004E002884FF6FF631A402A
:101DA0000280704721B1028842F40072028004E090
:101DB00002884FF6FF531A40028070470CB5024666
:101DC000002000230193009300920B0F019321F058
:101DD0007F41019B1BB1009B1433009303E0090C6E
:101DE000009B18330093009B1B680B400BB1012034
:101DF00000E000200CBD00002DE9FF4704460D4621
:101E00000026B1460427DFF8CC80A6884FF6C070C4
:101E10000640684600F0DCFBDDF808802E48B8FB81
:101E2000F0F01FFA80F946EA0906A68020884FF6EE
:101E3000FE710840208000262849286888420CD876
:101E400028684000B8FBF0F087B2042F00DA0427BE
:101E50003E4309F10100208427E0E8884BF6FF713A
:101E6000884206D1286800EB4000B8FBF0F087B24A
:101E700009E0286800EBC00101EB0010B8FBF0F0AE
:101E800087B247F48047C7F30B0008B947F0010752
:101E900047F4004006434FF4967009FB00F04FF4FE
:101EA0007A7190FBF1F0401C2084A683208840F0DA
:101EB0000100208026884FF6F5300640A888698901
:101EC000084306432680A889298908432081BDE864
:101ED000FF87000000127A0040420F00A086010038
:101EE00012B141F0010101E001F0FE0101827047F1
:101EF0000182704741F288310160002181804BF6F8
:101F0000FF71C1800021018141814FF480418181B5
:101F10007047000010B590B02748FFF7BFFB00BF27
:101F20002548FFF767FC0028FAD101A8FFF7EAFC73
:101F30004FF06060019021480290214803900020FA
:101F40000A900B904020049040F201400590002040
:101F500006904FF4806007900020089009900C9044
:101F60000D900E900F9001A91348FFF79DFC0122E0
:101F700010211148FFF77AFC2F200321002807DAEF
:101F80000A07140E0F4A00F00F031B1FD45403E07E
:101F90000A07130E0C4A135400BF2F2000F01F0233
:101FA000012191404209920002F1E022C2F80011A1
:101FB00000BF10B010BD0000B860024010580040D3
:101FC000705F002018ED00E000E400E010B504466A
:101FD0000D48007B48B90C48806830B10B48007848
:101FE00018B901212046FEF7F5FE81212046FEF7B3
:101FF000F1FE06480078022805D11F23024A01217C
:102000002046FEF7B0FE10BDCC580020E5000020B1
:1020100010B504462B4840682B4948602948806821
:1020200088600121204602F06CF91F2810D1254854
:102030000068264988420BD12248407B012807DCF2
:102040002048807B012803DB1E48807B10280CDDA4
:102050001C49487B2022052100F01CFE02201C495F
:1020600008702046FFF7B2FF2AE01648417B00F1D6
:102070000F02204600F092FB002803DA2046FFF70B
:10208000A5FF1DE013480078022819D011480078F8
:10209000012815D00F480078032811D00E48008879
:1020A000002806DD0C4802880C49204600F0E0F8C4
:1020B00006E00948008818B90021204600F0B8F869
:1020C00010BD0000CC580020EC580020555342436E
:1020D000E5000020E4000020E2000020CC480020C1
:1020E00070B505460C460C480078022807D18121BE
:1020F0002846FEF76FFE0020074908700BE004F049
:102100008000802807D104480078012803D00121ED
:10211000284600F08DF870BDE500002070B504463B
:102120000D4610480078022804D0032811D0042856
:1021300014D10DE00C48417B00F10F02204600F065
:102140002DFB002803DA0121204600F071F806E09B
:1021500000BF0021204600F06BF800E000BF00BF88
:1021600070BD0000E4000020CC58002070B504468B
:102170000D460D48007810B1012812D103E0204629
:10218000FFF746FF0EE00948417B00F10F022046B1
:1021900000F004FB002803DA0121204600F048F893
:1021A00000E000BF00BF70BDE4000020CC5800205C
:1021B0000021014A11707047E400002010B5044668
:1021C00000200C4908700C4908700C480068016830
:1021D0000020884701212046FEF77FFD812120460F
:1021E000FEF77BFD1F23064A01212046FEF7BBFDBB
:1021F00010BD0000E4000020E50000207C0000206D
:10220000CC58002010B50446002006490870012073
:10221000054908701F23054A01212046FEF7A3FD4A
:1022200010BD0000E4000020E5000020CC58002094
:1022300070B505460C460A480A490860084604730A
:102240000020094908700D23064A81212846FEF71F
:10225000E5FD1F23054A01212846FEF784FD70BDD8
:1022600055534253EC580020E4000020CC58002085
:1022700070B506460D4614460C488068A04202D24E
:102280000A48806800E0204684B209488068001B44
:102290000749886000200873042006490870234617
:1022A0002A4681213046FEF7B9FD70BDCC5800208A
:1022B000EC580020E40000201CB50121084600F085
:1022C00017F90121022000F013F96846FFF7D9FC45
:1022D0004FF4E070009001208DF8040000208DF88C
:1022E000060001208DF8070003208DF805006946DF
:1022F0000A48FFF757FC4FF4E0710848FFF7BDFCB0
:102300006846FFF7BEFC0120009003208DF8040012
:1023100069460348FFF746FC1CBD0000000402406C
:102320000000024000BFFEE77047000000F01F02FF
:1023300001219140024A430942F8231070470000EE
:1023400080E100E070B5002100230F22C4781CB3A7
:10235000174C246804F4E064C4F5E064C4F3072176
:10236000C1F10404E3B20A4144789C40E1B28478AC
:10237000144021430C07210E0E4C0578615504785A
:1023800004F01F050124AC4005786D11AD0005F186
:10239000E025C5F8004109E0047804F01F05012498
:1023A000AC40054D0678761145F8264070BD00001A
:1023B0000CED00E000E400E080E100E002490143B0
:1023C000024A1160704700000000FA050CED00E0C1
:1023D000024A0A400243024B1A60704780FFFF1F07
:1023E00008ED00E010B5024802F0ECF810BD000066
:1023F000984200207047000010B5344801F09AFE62
:102400001220FFF793FF002240F205213048FEF72B
:10241000DDF9002240F205212E48FEF7D7F940F2FF
:1024200005212C48FEF75CF940F205212848FEF70B
:1024300057F900212748FEF758F900212448FEF7F4
:1024400054F9FEF75DF92F20FFF770FF00221021ED
:102450002148FFF70BFA10211F48FFF7F9F8002178
:102460001D48FFF70FF91C48FFF718F900211B481A
:10247000FFF74FFC01F06CFC00211848FFF73DFC12
:102480001648FFF753FC00214FF4001000F030F81D
:1024900000214FF4800000F02BF84FF40071104839
:1024A000FFF7EDFB00214FF4805000F071F80D486C
:1024B00000F00CFD0A48FFF7F5FA0B48FFF7F2FAB7
:1024C0000A48FFF7EFFAFFF797FA10BD984200208D
:1024D0000021014000200140B86002400058004047
:1024E00000040240003001400008024000000240A9
:1024F00029B1064A12680243044B1A6004E0034AF9
:1025000012688243014B1A60704700003038024065
:1025100029B1064A12680243044B1A6004E0034AD8
:1025200012688243014B1A60704700001038024065
:1025300029B1064A12680243044B1A6004E0034AB8
:1025400012688243014B1A60704700003438024021
:1025500029B1064A12680243044B1A6004E0034A98
:1025600012688243014B1A607047000040380240F5
:1025700029B1064A12680243044B1A6004E0034A78
:1025800012688243014B1A607047000020380240F5
:1025900029B1064A12680243044B1A6004E0034A58
:1025A00012688243014B1A607047000044380240B1
:1025B00029B1064A12680243044B1A6004E0034A38
:1025C00012688243014B1A607047000024380240B1
:1025D000F0B5002100220024022500260223324FFC
:1025E0003F6807F00C0121B1042905D0082937D133
:1025F00005E02E4F076036E02D4F076033E02A4F8D
:102600003F1F3F68C7F38056274F3F1F3F6807F0C3
:102610003F036EB1264FB7FBF3F7DFF88CC0ACF188
:10262000040CDCF800C0CCF3881C07FB0CF40CE0B5
:102630001E4FB7FBF3F7DFF870C0ACF1040CDCF809
:1026400000C0CCF3881C07FB0CF4174F3F1F3F68FA
:10265000C7F301477F1C7D00B4FBF5F7076002E07C
:10266000124F076000BF00BF0F4F3F6807F0F00137
:102670000909104F7A5C0768D74047600A4F3F68E6
:1026800007F4E051890A0B4F7A5C4768D7408760AE
:10269000054F3F6807F46041490B064F7A5C476875
:1026A000D740C760F0BD0000083802400024F400A5
:1026B00000127A005001002070B506460C461546FF
:1026C000601907490968884207D921220521304647
:1026D00000F0E0FA4FF0FF3070BD0020FCE7000092
:1026E0004001002030B504460A46507800F0010051
:1026F00010B10E4B07210CE00D480068C06904EBD7
:10270000C40500EB85031879411D1079884200DC6F
:1027100011790848018004E0481E81B2585C064DDA
:1027200068540029F8D1002030BD00005C76000814
:102730007C000020E2000020CC48002010B50246BA
:102740000B4608210648018005E0481E81B2054875
:10275000405C054C60540029F7D1002010BD0000FA
:10276000E20000206B760008CC48002010B502463D
:102770000B4608210648018005E0481E81B2054845
:10278000405C054C60540029F7D1002010BD0000CA
:10279000E200002063760008CC48002070B50546B2
:1027A0000E46144632480560207823283ED00DDCC2
:1027B0001A2831D005DCB0B1032819D012284ED127
:1027C0001BE01B281ED01E2849D120E02A283CD01F
:1027D00004DC25282FD0282841D131E02F2839D0FA
:1027E0005A283CD11DE02146304600F079FA70BDF0
:1027F0002146304600F002FAF9E721463046FFF75D
:1028000071FFF4E72146304600F062FAEFE7214617
:10281000304600F05DFAEAE721463046FFF7A6FFB2
:10282000E5E721463046FFF789FFE0E721463046DD
:1028300000F0A0F9DBE72146304600F055F9D6E775
:102840002146304600F0D8F8D1E72146304600F066
:1028500097FACCE72146304600F06AFAC7E7202213
:102860000521304600F016FA4FF0FF30BFE70000B8
:102870004C0100202DE9F041054624480068B0F5E0
:10288000805F02D22148006801E04FF48050044686
:102890001F480068B4FBF0F086B21E4800681C496F
:1028A0000968B0FBF1F71C48006833463A461B49FB
:1028B000D0F810C02846E047002808DA1122042189
:1028C000284600F0E7F94FF0FF30BDE8F0812346DD
:1028D000124A812112480068FEF7A0FA0D480068EC
:1028E00020440C49086009480068001B074908603B
:1028F0000C488068001B0B4988600448006810B9C8
:102900000320094908700020DFE70000480100208B
:102910003C010020440100207C000020CC48002025
:102920004C010020EC580020E40000202DE9F0418B
:1029300005462A480068B0F5805F02D22748006843
:1029400001E04FF48050044625480068B4FBF0F0E5
:1029500086B22448006822490968B0FBF1F7224892
:10296000006833463A462149D0F814C02846E0476B
:10297000002808DA03220421284600F08BF94FF0E2
:10298000FF30BDE8F0811748006820441549086011
:1029900012480068001B1149086015488068001B38
:1029A000134988600D48006828B900211148006863
:1029B000FFF73EFC10E009480068B0F5805F02D2E6
:1029C0000648006801E04FF4805083B2074A0121B5
:1029D00008480068FEF7C7F90020D2E74801002048
:1029E0003C010020440100207C000020CC48002055
:1029F000EC5800204C01002070B505460C463348C9
:102A0000007800285AD13248007B00F080008028EE
:102A100008D02F49487B2022052100F03BF94FF0D8
:102A2000FF3070BD2B48006881682846884738B160
:102A30003A220221284600F02DF94FF0FF30F0E74E
:102A4000A0780006E17840EA0140217940EA0120BF
:102A50006179084320490860207AE17940EA012041
:102A60001E4908600846008882B21B480168284653
:102A7000FFF722FE002802DA4FF0FF30D1E70220F4
:102A800012490870144800681549096848431249FA
:102A90000860124800681249096848430F490860F5
:102AA0000B4880680968884208D00949487B202281
:102AB000052100F0EFF84FF0FF30B2E74FF48050FF
:102AC000084908802846FFF7D5FEAAE7E400002061
:102AD000CC5800207C000020440100204801002048
:102AE0003C010020E200002070B504460D461C4861
:102AF00000681C4A1C4943682046984738B13A226E
:102B00000221204600F0C6F84FF0FF3070BD164895
:102B10000068401E000E1549087013480068401EEA
:102B2000000C487010480088401E000A88700E484B
:102B30000078401EC8700B480068000E08710948F4
:102B40000068000C487107480088000A8871054831
:102B50000078C8710820064908800020D6E70000E8
:102B60007C0000203C01002040010020CC480020D7
:102B7000E20000207CB505460E46002404E000205B
:102B80001B490855601C84B20C2CF8DB19480068FE
:102B900001AA694643682846984738B13A2202217B
:102BA000284600F077F84FF0FF307CBD0820104930
:102BB000C8700098401E000E08710098401E000C5E
:102BC00048710098401E000A88710098401EC87124
:102BD000022008720198000C48720198000A88725D
:102BE0000198C8720C20044908800020DDE700002D
:102BF000CC4800207C000020E200002010B50346F5
:102C0000002204E000201E4CA054501CC2B2122A24
:102C1000F8DB70201A4C20700C20E0711948007805
:102C2000194C2478A04221D01848164C247810F86A
:102C30003400134CA0701548124C247800EBC400EB
:102C400040790F4C207311480E4C247800EBC400DF
:102C500000790B4C60730B480078401C094C2070C5
:102C600020460078042801D1002020701220084C52
:102C700020800879122801DC08792080002010BD0E
:102C8000CC4800203801002039010020FC580020E9
:102C9000E200002030B50C4B0C4C247803F83410C3
:102CA0001302094C094D2D7804EBC5046360074BF2
:102CB0001B785B1C054C237023461B78042B01D129
:102CC0000023237030BD0000FC5800203901002093
:102CD00002460020014B188070470000E2000020EF
:102CE00070B504460D460F48806840B10D49487BD9
:102CF00020220521FFF7CEFF4FF0FF3070BD0A48BC
:102D0000006881682046884738B13A22022120466F
:102D1000FFF7C0FF4FF0FF30F0E7002003490880C5
:102D200000BFEBE7CC5800207C000020E200002030
:102D300070B505460C46607800F00200022807D105
:102D4000242205212846FFF7A5FF4FF0FF3070BD74
:102D50000848008882B2084801682846FFF7ACFCA2
:102D6000002802DA4FF0FF30F1E700200349088025
:102D700000BFECE74801002044010020E2000020F1
:102D800070B505460C464348007800287BD1424880
:102D9000007B00F08000802808D13F49487B20223A
:102DA0000521FFF777FF4FF0FF3070BD3B4800680B
:102DB00081682846884738B13A2202212846FFF721
:102DC00069FF4FF0FF30F0E734480068C1682846DB
:102DD000884738B1272202212846FFF75BFF4FF0D2
:102DE000FF30E2E7A0780006E17840EA014021796F
:102DF00040EA01206179084329490860207AE17995
:102E000040EA0120274908600846008882B2244829
:102E100001682846FFF750FC002802DA4FF0FF3027
:102E2000C3E71F4800682049096848431C490860F7
:102E30001C4800681C49096848431A49086016483C
:102E400080680968884208D01349487B2022052100
:102E5000FFF720FF4FF0FF30A7E701200D49087072
:102E600010480068B0F5805F03D20E48006802E0A9
:102E700009E04FF4805083B20C4A01210C480068ED
:102E8000FDF771FF03E02846FFF750FD8DE70020B6
:102E90008BE70000E4000020CC5800207C000020DC
:102EA00044010020480100203C010020CC480020C3
:102EB0004C01002021B1028842F04002028004E06F
:102EC00002884FF6BF731A400280704710B504465F
:102ED0001148844208D101218014FFF769FB0021C9
:102EE000A014FFF765FB16E00C48844208D10121CD
:102EF0000014FFF73DFB00212014FFF739FB0AE027
:102F00000748844207D10121C013FFF731FB00219C
:102F1000E013FFF72DFB10BD0030014000380040EA
:102F2000003C00400246002013890B400BB10120F9
:102F300000E0002070470146888970478181704712
:102F400010B50022028802F441520B884C882343BA
:102F50008C882343CC8823430C8923434C89234307
:102F60008C892343CC8923431A430280838B4FF2FD
:102F7000FF74234083830B8A038210BD4FF6FF62E8
:102F8000914204D0028842F48072028004E00288F8
:102F90004FF6FF631A400280704700210180418094
:102FA0008180C180018141818181C18107210182AC
:102FB0007047000070B505462C034FF400711148AE
:102FC000FEF75BFE202000F061F8C4F3074000F03C
:102FD0005DF8C4F3072000F059F8E0B200F056F8AD
:102FE0004FF400710748FEF74AFE00BF80210648F3
:102FF000FFF798FF0128F9D000BF00F007F800287C
:10300000FBD170BD000402400030014010B500F05B
:1030100003F800F0010010BD10B500244FF400715A
:103020000B48FEF72AFE052000F030F800F014F8F7
:10303000C4B24FF400710648FEF721FE00BF8021A4
:103040000448FFF76FFF0128F9D0204610BD0000AB
:10305000000402400030014010B500BF02210A48C0
:10306000FFF760FF0028F9D000210748FFF766FF4F
:1030700000BF01210448FFF755FF0028F9D002489E
:10308000FFF759FF10BD00000030014010B50446A5
:1030900000BF02210948FFF745FF0028F9D021466B
:1030A0000648FFF74BFF00BF01210448FFF73AFF36
:1030B0000028F9D00148FFF73EFF10BD0030014065
:1030C00010B54FF400710C48FEF7D7FD0420FFF750
:1030D000DDFF4FF400710848FEF7D1FD00BF8021ED
:1030E0000648FFF71FFF0128F9D000BFFFF78EFF4A
:1030F0000028FBD110BD0000000402400030014058
:1031000010B54FF400710C48FEF7B7FD0620FFF72D
:10311000BDFF4FF400710848FEF7B1FD00BF8021EC
:103120000648FFF7FFFE0128F9D000BFFFF76EFF4A
:103130000028FBD110BD0000000402400030014017
:1031400070B504460D46FFF7DBFF4FF400711348DE
:10315000FEF793FD0220FFF799FFC4F30740FFF746
:1031600095FFC4F30720FFF791FFE0B2FFF78EFF52
:103170002846FFF78BFF4FF400710848FEF77FFDEC
:1031800000BF80210648FFF7CDFE0128F9D000BF1F
:10319000FFF73CFF0028FBD170BD00000004024097
:1031A0000030014010B50446FFF7AAFF4FF400714C
:1031B0000D48FEF762FD0120FFF768FF2046FFF78C
:1031C00065FF4FF400710848FEF759FD00BF8021EC
:1031D0000648FFF7A7FE0128F9D000BFFFF716FF4A
:1031E0000028FBD110BD0000000402400030014067
:1031F00000B587B001210220FFF77AF905A8FEF794
:1032000040FD3820059002208DF8180000208DF830
:103210001A0001208DF81B0002208DF8190005A965
:103220003148FEF7BFFC05A8FEF72BFD4FF40070F8
:10323000059001208DF8180000208DF81A0001205B
:103240008DF81B0002208DF8190005A92648FEF70D
:10325000A9FC052203212448FEF7ECFC05220421E9
:103260002148FEF7E7FC052211461F48FEF7E2FC65
:103270004FF400711C48FEF702FD01210803FFF71F
:1032800087F91A48FFF722FE6846FFF786FE0020FE
:10329000ADF800001020ADF80C004FF48270ADF8CE
:1032A00002000020ADF804000220ADF80600012065
:1032B000ADF808000020ADF80E004FF40070ADF836
:1032C0000A0069460948FFF73BFE01210748FFF75E
:1032D000F1FD4FF480710548FFF750FE0020FFF725
:1032E00061FF07B000BD0000000402400030014053
:1032F0002DE9F04104460E46174600254FF40071B3
:103300001548FEF7BAFC0320FFF7C0FEC4F30740E0
:10331000FFF7BCFEC4F30720FFF7B8FEE0B2FFF7EB
:10332000B5FE03E0FFF798FE70556D1CBD42F9D362
:103330004FF400710848FEF7A2FC00BF8021074847
:10334000FFF7F0FD0128F9D000BFFFF75FFE00286E
:10335000FBD1BDE8F08100000004024000300140D4
:103360002DE9F04105460E461746002408E006EB1D
:1033700004312A1910034FF48052FFF7B9FF641C7F
:10338000BC42F4D3BDE8F0812DE9F04106460F467A
:103390009046FFF7B5FE002411E03019FFF70AFE52
:1033A000002508E005EB0432B95C321905EB023068
:1033B000FFF7C6FE6D1CB5F5805FF3DB641C44456A
:1033C000EBD3FFF77DFEBDE8F0810346782008606F
:1033D0004FF480501060002070470020704710B5F7
:1033E0000446FEF73BFB002010BD0146002070475D
:1033F0000146002070472DE9F04107460E4614466D
:103400001D46A01C2A463146FFF7AAFF0020BDE852
:10341000F0812DE9F04107460E4614461D46A01CDA
:103420002A463146FFF7B0FF0020BDE8F081704723
:103430000CB50020019000903448006840F48030C2
:103440003249086000BF3148006800F40030009045
:103450000198401C0190009818B90198B0F5A06F30
:10346000F1D12A48006800F4003010B1012000902A
:1034700001E0002000900098012846D12348403008
:10348000006840F0805021494031086020480068C1
:1034900040F440401E4908601C48083000681B4941
:1034A000083108600846006840F40040086008469B
:1034B000006840F4A05008601648091F0860081F03
:1034C000006840F08070091F086000BF0F48006866
:1034D00000F000700028F9D040F205600E49086045
:1034E0000A480830006820F00300084908310860E5
:1034F0000846006840F00200086000BF034808303A
:10350000006800F00C000828F8D10CBD003802401B
:103510000070004008544007003C024001B500BF65
:103520000098411E00910028FAD108BD70470000A4
:1035300010B51548006840F470001349086013483E
:10354000006840F001001149086000200F4908316F
:1035500008600E4800680E4908400C4908600D4894
:10356000091D0860081F006820F48020091F0860FA
:10357000002006490C310860FFF75AFF4FF0006049
:1035800001498039086010BD88ED00E00038024034
:10359000FFFFF6FE1030002410B501210A4800F0AC
:1035A00032F880B10121084800F01EF80748006891
:1035B00028B106480068401E0449086003E0002165
:1035C000014800F014F810BD002000401C0000204D
:1035D00021B1028842F08002028004E002884FF6A6
:1035E0007F731A4002807047CA430282704721B13C
:1035F000028842F00102028004E002884FF6FE7366
:103600001A400280704730B5024600200023002493
:10361000158A05EA0103958905EA010413B10CB185
:10362000012000E0002030BD1AB183890B43838163
:1036300002E083898B438381704700000022028867
:10364000184B98420ED0184B98420BD0B0F1804FD7
:1036500008D0164B984205D0154B984202D0154B16
:10366000984204D14FF68F731A404B881A43124B7D
:10367000984207D0114B984204D04FF6FF431A40AE
:103680000B891A4302804B68C3620B880385054B84
:10369000984202D0044B984201D18B7A03860123D1
:1036A0008382704700000140000401400004004094
:1036B00000080040000C00400010004000140040D2
:1036C00010B586B0044601210220FEF711FF4FF429
:1036D0004060009001208DF8060002208DF8040063
:1036E00069461848FEF75EFA04220A211548FEF7DB
:1036F000A1FA04220B211348FEF79CFA0121880548
:10370000FEF726FF1048FEF711FB02A8FEF7F2FBBA
:1037100002944FF48040ADF814000020ADF80C0086
:10372000ADF81000ADF812004BF6FF70ADF80E00CA
:1037300002A90548FEF760FB01210348FEF7DDFA08
:1037400006B010BD00040240005800402DE9F041D1
:1037500004460D4616461F46208840F4807020809F
:1037600044F620602349086008E022480068401EB3
:103770002049086010B90120BDE8F081A08A00F05E
:1037800001000028F1D01FB1208840F48060208023
:10379000A6B925F00100208244F620601549086092
:1037A00007E014480068401E1249086008B901206B
:1037B000E2E7A08A00F002000028F2D0012E15D125
:1037C00045F00100208244F620600A49086007E0C5
:1037D00008480068401E0749086008B90120CBE787
:1037E00005492046FEF774FA0028F1D0208B00200E
:1037F000C2E700002820002002000300014644F632
:1038000020600D4A106007E00B480068401E0A4A1D
:10381000106008B901207047888A00F080000028F5
:10382000F2D0888A00F004000028EDD0088840F427
:10383000007008800020EEE7282000202DE9F041EC
:1038400006460F4614461D4600231A4639463046A2
:10385000FFF77CFF2146304600F009F82946304644
:1038600000F005F83046FFF7C9FFBDE8F08170B5FC
:1038700004460D4629462046FEF73AFB70BD00007F
:103880002DE9F04104460D4617469846069E3146FE
:103890001348FEF735F800BF4FF400312046FEF71D
:1038A0008DFA0028F8D101212046FEF76FFA00BFFB
:1038B0000C492046FEF70CFA0028F9D000222946D0
:1038C0002046FEF70DFB00BF07492046FEF700FA31
:1038D0000028F9D001210248FDF7D4FEBDE8F081AF
:1038E000B8600240010003008200070010B50446E2
:1038F0004FF48062214602480068FCF773FD10BD5A
:103900002C2000202DE9F84305460C461746984622
:10391000DDF82090802D01DA402C01DBBDE8F88332
:10392000E819802802DBC5F1800087B204EB0800AB
:10393000402803DBC4F140001FFA80F800260CE0A9
:10394000A01983B2E81982B2A01981B22846CDF835
:10395000009000F006F8701CC6B24645F0DD00BFCE
:10396000DCE72DE9FF4F04460D4616461F46802C26
:1039700000DB7F24802E00DB7F26402D00DB3F25EF
:10398000402F00DB3F27B44201DA301B00E0A01BD0
:103990000FFA80FBBD4201DA781B00E0E81B0FFA4A
:1039A00080F9B44201DA012001E04FF0FF300390CA
:1039B000BD4201DA012001E04FF0FF300290CB451B
:1039C00001DD594601E0C9F10001084601EBD07163
:1039D000491009B20191BBF1000F1ED1AF4204DAC8
:1039E0000FFA87FA2F461FFA8AF5A64204DA0FFA71
:1039F00086FA26461FFA8AF40FFA85F809E01FFABC
:103A000088F120460D9A00F051F808F101000FFAF4
:103A100080F8B845F3DDBDE8FF8FB9F1000F1DD187
:103A2000AF4204DA0FFA87FA2F461FFA8AF5A64248
:103A300004DA0FFA86FA26461FFA8AF40FFA84F897
:103A400009E01FFA88F029460D9A00F02FF808F1D6
:103A500001000FFA80F8B045F3DDDCE722E02946EB
:103A600020460D9A00F022F8B44202D1BD4200D1A6
:103A700019E001980090CBF100010098884207DD21
:103A80000198A0EB090000B201900398204484B291
:103A90000098484506DA0198584400B2019002980F
:103AA000284485B2DBE700BF00BFB4E7F0B50346AA
:103AB0001446802B01DA402900DBF0BD2348007951
:103AC00020B10CB9012000E000200446012C1ED1D9
:103AD0000846CD1701EB5575ED1003EBC5151C4ECF
:103AE0003668755D0A46CE1701EB5676F610A1EBE7
:103AF000C6070126BE403543EEB2CD1701EB557522
:103B0000ED1003EBC515124F3F687E551CE0CD1735
:103B100001EB5575ED1003EBC5150D4E3668755D5F
:103B20000A46CE1701EB5676F610A1EBC607012622
:103B3000BE40B5430846CE1701EB5676F61003EBB0
:103B4000C616034F3F68BD5500BFB6E730200020C2
:103B50002C20002010B504460CB9002000E0FF2006
:103B600002464FF4806102480068FCF780FC10BDFB
:103B70002C200020014A1080518070473020002006
:103B800010B500216B48FDF77DFD00BF6948FDF7CA
:103B900031FE0028FAD100216748FEF7AEF8002177
:103BA0006548FEF7B6F86548FFF78AFDAE230022A8
:103BB00078216148FFF742FE00231A4678215E48CB
:103BC000FFF73CFE1023002278215B48FFF736FE0A
:103BD0004023002278215848FFF730FE812300223D
:103BE00078215548FFF72AFECF230022782152483A
:103BF000FFF724FEA023002278214F48FFF71EFE86
:103C0000A623002278214C48FFF718FEA8230022A3
:103C100078214948FFF712FE3F23002278214648C9
:103C2000FFF70CFED323002278214348FFF706FE5E
:103C300000231A4678214048FFF700FED5230022D2
:103C400078213D48FFF7FAFD8023002278213A4889
:103C5000FFF7F4FDD923002278213748FFF7EEFD66
:103C6000F123002278213448FFF7E8FDDA2300220F
:103C700078213148FFF7E2FD1223002278212E48F7
:103C8000FFF7DCFDDB23002278212B48FFF7D6FD70
:103C90003023002278212848FFF7D0FD8D23002211
:103CA00078212548FFF7CAFD1423002278212248F5
:103CB000FFF7C4FD2023002278211F48FFF7BEFD37
:103CC00000231A4678211C48FFF7B8FDAF230022D5
:103CD00078211948FFF7B2FDB02300227821164859
:103CE000FFF7ACFD00231A4678211348FFF7A6FD25
:103CF0001023002278211048FFF7A0FD1048FFF79D
:103D00000DFC1048FFF7DCFC01210B48FEF701F821
:103D1000FEF700F940200C4908700020FFF71AFF59
:103D200000F0AEF800200949088048800120487161
:103D300010BD0000B860024000580040A08601009D
:103D4000FFFF0F00801A0600705F00203020002067
:103D500010B5B023002278210748FFF76FFD00233C
:103D60001A4678210448FFF769FD102300227821C4
:103D70000148FFF763FD10BD005800402DE9F047F2
:103D800007460C4690462948008821780844802838
:103D900005DA2648408861780844402802DB002084
:103DA000BDE8F087A7F12000C000616811F810A0FD
:103DB00001252EE0A7F1200005EBC000616831F875
:103DC0001090002622E029FA06F000F0010058B118
:103DD000164A5288324491B2144A12882A4490B248
:103DE0004246FFF763FE10E0B8F1000F01D1012356
:103DF00000E000231A460D4B5B88334499B20B4B0D
:103E00001B882B4498B2FFF751FE761C082EDAD39C
:103E10006D1C0AF101008542CCD30448008821784A
:103E20000844024908803846BAE7000030200020E4
:103E30002DE9F04106460F4614461D46DDF8188070
:103E400018E039463046FFF795FE2078424629466D
:103E5000FFF794FF2178884202D02078BDE8F081F6
:103E600020782038C000696811F810003044401CE8
:103E7000C6B2641C20780028E3D12078EEE7000069
:103E800008B540F20140044B4022782100900348DD
:103E9000FFF7F6FC08BD0000705F002000580040EE
:103EA00070B504460D46D4F8E4052946426820461C
:103EB0009047002070BD70B504460D464FF48970E0
:103EC000005D022802D0032812D100E000BF6888FC
:103ED00001280CD100214FF48C700151D4F8E40575
:103EE0002946826820469047204600F05EF804E0AC
:103EF0002946204600F021F800BF00BF70BD2DE923
:103F0000F04106460C46154600272B462246002166
:103F10003046FCF728FF3846BDE8F0812DE9F04136
:103F200006460C46154600272B4622460021304601
:103F3000FCF774FF3846BDE8F08170B504460D46C5
:103F400080212046FCF746FF00212046FCF742FF77
:103F5000204601F03CFA70BD70B5044600250521ED
:103F600040F21110015500231A4619462046FCF76D
:103F7000FAFE204601F02BFA284670BD2DE9F041EB
:103F800004460E4615460027C4F83C51C4F8385183
:103F9000022140F2111001552B46324600212046E5
:103FA000FCF73CFF3846BDE8F08170B504460025BB
:103FB000042140F21110015500231A4619462046EB
:103FC000FCF72CFF204601F002FA284670BD70B5C0
:103FD00005460E46002E51D105F58E7440F21110A3
:103FE000405D02283DD1A168E069884211D9A168ED
:103FF000E069401AE061E878012803D1D4E90210B1
:104000000844E060A08B82B22846E168FFF786FF93
:1040100027E0A168206AB0FBF1F201FB120078B939
:10402000A168206A88420BD3D4E90801884207D2EC
:10403000002211462846FFF771FF0020606210E061
:10404000D5F8E405C06848B14FF48970405D032895
:1040500004D1D5F8E405C168284688472846FFF70B
:104060007BFF4FF48B70405D012816D1284600F08D
:1040700075FB00214FF48B7041550EE0D5F8E40537
:10408000406950B14FF48970405D032805D1D5F8DF
:10409000E4053146426928469047002070BD70B55E
:1040A00005460E46A6BB05F55D7440F21110405D55
:1040B00003283DD1A168E069884217D9A168E06969
:1040C000401AE061E878012803D1D4E902100844DD
:1040D000E060A368E069984201D2E06900E0A0686E
:1040E00082B22846E168FFF70AFF21E0D5F8E4052F
:1040F000006948B14FF48970405D032804D1D5F8B8
:10410000E4050169284688472846FFF74EFF0FE07F
:10411000FFE7D5F8E405806950B14FF48970405D40
:10412000032805D1D5F8E405314682692846904731
:10413000002070BD01460020704710B50446D4F839
:10414000E81548698047012140F21510015500200B
:1041500010BD10B50446D4F8E81588698047D4F836
:10416000E4050021426820469047002140F21510E6
:104170000155002010BD000070B504460D46E888CA
:10418000012804D029462046FFF7D7FE1AE04FF455
:104190008970005D022802D003280DD105E00122BC
:1041A00009492046FFF7EAFE0BE0012204F5887179
:1041B0002046FFF7E3FE04E029462046FFF7BDFE58
:1041C00000BF00BF70BD0000D8000020F8B5044655
:1041D0000E467088001208286CD2DFE800F06B04ED
:1041E00016226B6B6166A078D4F8EC150A686946F4
:1041F00090470546F088402804D04FF48970005D50
:10420000012801D10820009059E0A078D4F8E415E5
:104210008A6A69469047054602216970C4F8F055DC
:104220004DE0B078062834D2DFE800F0030B131B12
:10423000232BA078D4F8EC154A68694690470546C8
:104240002CE0A078D4F8EC158A68694690470546BA
:1042500024E0A078D4F8EC15CA6869469047054672
:104260001CE0A078D4F8EC150A6969469047054629
:1042700014E0A078D4F8EC154A69694690470546E1
:104280000CE0A078D4F8EC158A6969469047054699
:1042900004E031462046FFF750FEF8BD00BF0EE0B7
:1042A00031462046FFF749FEF7E731462046FFF743
:1042B00044FEF2E731462046FFF73FFEEDE700BF40
:1042C000BDF8000088B1F08878B1F088BDF8001022
:1042D000884202DDBDF8000000E0F0880090BDF8E3
:1042E000002029462046FFF749FE00BFD5E70146DA
:1042F000002002E0421CD0B2491C0A78002AF9D101
:104300007047024601EB810302F55D7000EBC300CC
:10431000008B80B27047000070B504460D464FF424
:104320008970005D022802D0032813D100E000BF8D
:1043300001200C4908604FF48C70005920B10846E8
:10434000006840F002000860022206492046FFF79C
:1043500015FE04E029462046FFF7EFFD00BF00BF31
:1043600070BD0000DC0000202DE9F04104460D4640
:1043700017460026FCB12046FFF7B9FF022101EBEA
:10438000400038803A783046711CCEB22A5403225D
:104390003046711CCEB22A540AE014F8012B304684
:1043A000711CCEB22A5400223046711CCEB22A545F
:1043B00020780028F1D1BDE8F0812DE9F0410446D4
:1043C0000F4615461E46DDF81880204600F0E4FC36
:1043D0002046FFF7AFFEC4F8E465C4F8E885C4F8EA
:1043E000EC5539462046FDF70DF8D4F8E815086875
:1043F0008047204600F0BCFCBDE8F08110B50446C3
:10440000D4F8E405016A20468847002010BD10B5A5
:104410000446D4F8E405416A20468847002010BDD0
:1044200070B504460D4629462046FDF777FE00206C
:1044300070BD70B504460D4629462046FDF796FE30
:10444000002070BD70B504460D4681212046FCF762
:10445000FBFB01212046FCF7F7FB2046FDF7A8FEF9
:10446000002070BD024620200880014870470000EF
:104470001401002070B504460D4629462046FFF77A
:10448000E1FF0223402281212046FCF738FC022371
:10449000402201212046FCF732FC2046FDF78EFE2B
:1044A000002070BD70B505460C46207800F0600015
:1044B000002849D020287BD16078FE2802D0FF2830
:1044C0003AD125E06088E0B9E088012819D1207848
:1044D00000F08000802814D1374909688869804736
:1044E0003649087008460078002804DD0122284675
:1044F000FFF744FD0BE021462846FFF71EFD022092
:1045000070BD21462846FFF718FD0220F8E719E0A4
:10451000608850B9E08840B9207800F08000802899
:1045200003D02846FDF76EFE05E021462846FFF73A
:1045300004FD0220E4E705E021462846FFF7FDFCE4
:104540000220DDE700BF34E0607801280ED00A28A1
:1045500002D00B2829D105E0012219492846FFF78E
:104560000DFD22E0A078164908701EE0217928464A
:10457000FCF7B3FB21792846FCF766FB207900F0B5
:104580008000802806D12179022340222846FCF7AA
:10459000B6FB05E02179022340222846FCF7AFFB59
:1045A00021792846FDF79CFD00BF00BF01E0FFE731
:1045B00000BF00BF0020A3E77C00002034010020E2
:1045C000350100207CB505460024284601F000FA9C
:1045D000002875D0284601F006FA0190019808B924
:1045E00000207CBD0198C0F3C04018B12846FCF7FC
:1045F00011FD04430198C0F3804018B12846FCF730
:1046000067FC04430198C0F3400050B100200090C3
:10461000009820F00200801C00900098E968486132
:1046200000BF0198C00F18B12846FCF773FD044382
:104630000198C0F3C02018B12846FCF70DFE0443D2
:104640000198C0F3C00018B12846FCF7EFFD044301
:104650000198C0F3001018B12846FCF78FFD044301
:104660000198C0F3003018B12846FCF749FE044316
:104670000198C0F3403018B12846FCF7F6FB04431C
:104680000198C0F3005018B12846FCF709FF044315
:104690000198C0F3405018B12846FCF717FF0443B7
:1046A0000198C0F3807018B12846FCF74FFF04430F
:1046B0000198C0F3800018B12846FCF71DFF0443A1
:1046C00020468EE790F8CC250A7090F8CD254A70E8
:1046D00090F8CE3590F8CF2503EB02224A8090F86F
:1046E000D03590F8D12503EB02228A8090F8D2359C
:1046F00090F8D32503EB0222CA80CB884FF4A07236
:104700001350012340F211121354704710B50446A0
:104710000023402219462046FCF7F1FA00234022EC
:1047200080212046FCF7EBFA01214FF489700155F6
:10473000A078D4F8E82551688847002010BD10B54E
:104740000446D4F8E8150869804740F21310015D6B
:10475000401E015503210155002010BD01460348AC
:10476000026808694260002070470000A000002035
:1047700010B50446D4F8E405C06920B1D4F8E405C6
:10478000C16920468847002010BD70B504460D461B
:10479000A88818BBE88808BBA87800F07F064FF40B
:1047A0008970005D032804D129462046FFF7C5FB28
:1047B00018E04FF48A70065531462046FCF7FCFAA3
:1047C0002046FFF7F2FB26B102214FF48970015514
:1047D00008E001214FF48970015503E02946204685
:1047E000FFF7ABFB70BD70B504460D46D4F8E40589
:1047F0002946026820469047D4F8E8158868804723
:10480000002070BD70B504460D46A8783049087088
:1048100008460078012804DD29462046FFF78DFB75
:1048200055E04FF48970005D022802D0032848D17A
:1048300017E02748007880B12548007884F81001F7
:1048400003214FF489700155214801782046FFF774
:10485000CAFF2046FFF7A9FB02E02046FFF7A5FBB1
:1048600034E01B48007880B902214FF4897001556B
:104870001748007884F81001154801782046FFF7A2
:104880000FFB2046FFF791FB1AE094F81001104946
:104890000978884211D094F810112046FFF700FBE8
:1048A0000B48007884F81001094801782046FFF78A
:1048B0009AFF2046FFF779FB02E02046FFF775FBE1
:1048C00004E029462046FFF738FB00BF00BF70BD5B
:1048D000E0000020F8B504460D460026688801284F
:1048E0000DD101214FF48C700151D4F8E405294613
:1048F0008268204690472046FFF757FB39E06888DA
:10490000022836D12879A0BB206940680090A88889
:104910000612062E22D2DFE806F02103090F151B2E
:10492000009820F070001030009017E0009820F000
:1049300070002030009011E0009820F070003030BE
:1049400000900BE0009820F070004030009005E0EF
:10495000009820F070005030009000BF00BF054864
:104960000099016001214FF48B7001552046FFF73B
:104970001CFBF8BDA00000201CB50446694620467B
:10498000FFF7A0FE9DF8000000F01F0020B10128F5
:1049900007D002280FD109E06946204600F016F83A
:1049A00011E06946204600F0F9F80CE0694620461F
:1049B00000F046F807E09DF8000000F08001204676
:1049C000FCF708FA00BF00BF00201CBD70B505460B
:1049D0000C46002660780A2829D2DFE800F0192367
:1049E000281E280A0528140F21462846FFF7EEFB4B
:1049F00022E021462846FFF7C8FE1DE02146284652
:104A0000FFF700FF18E021462846FFF7B5FB13E04B
:104A100021462846FFF780FC0EE021462846FFF796
:104A200059FF09E021462846FFF745FA04E02146F0
:104A30002846FFF782FA00BF00BF304670BD000075
:104A40002DE9F04105460E4600273479707800289C
:104A500057D001282BD0032875D14FF48970405DC1
:104A6000022802D003281BD107E02CB1802C03D0F0
:104A700021462846FCF7AEF917E0708830B92CB112
:104A8000802C03D021462846FCF7A4F9D5F8E4058C
:104A900031468268284690472846FFF786FA04E0A8
:104AA00031462846FFF749FA00BF00BF70E04FF4D7
:104AB0008970405D022802D003281BD107E02CB189
:104AC000802C03D021462846FCF784F917E0708833
:104AD00078B95CB1802C09D021462846FCF7D9F87A
:104AE000D5F8E40531468268284690472846FFF706
:104AF0005CFA04E031462846FFF71FFA00BF00BF0A
:104B000046E04FF48970405D022802D0032837D177
:104B100007E02CB1802C03D021462846FCF75AF937
:104B200033E004F08000802812D104F07F0000EB15
:104B3000800105F58E7000EBC100807820B1012066
:104B40001549086016E022E000201349086011E0D2
:104B500004F0800070B904EB840105F55D7000EB92
:104B6000C100807818B101200B49086002E00020E4
:104B700009490860022208492846FFF7FFF904E0C6
:104B800031462846FFF7D9F900BF00BF00E000BF5B
:104B900000BF3846BDE8F081D400002070B504465F
:104BA0000D4600264FF48970005D032814D1287942
:104BB00001280CDCD4F8E405294682682046904799
:104BC000E88840B93EB92046FFF7EFF903E02946EF
:104BD0002046FFF7B2F904E029462046FFF7ADF979
:104BE00000BF00BF304670BD10B504464FF4897059
:104BF000015D401C01550421401E0155D4F8E81503
:104C0000C8688047002010BD70B505460C462DB918
:104C10002246064906A0FFF7A7FB04E02246034907
:104C200003A0FFF7A1FB014870BD00008C480020E5
:104C30004D534320436F6E666967000070477047AD
:104C40000246122008800148704700003C00002006
:104C500070477047704770477047000070B5054651
:104C60000C462DB92246064906A0FFF77DFB04E05D
:104C70002246034903A0FFF777FB014870BD0000FF
:104C80008C4800204D534320496E74657266616301
:104C900065000000024604200880014870470000BB
:104CA0005800002070B505460C462246024903A074
:104CB000FFF75AFB004870BD8C48002053544D69E3
:104CC00063726F656C656374726F6E696373000005
:104CD00070B505460C462DB92246064906A0FFF7D9
:104CE00043FB04E02246034909A0FFF73DFB0148CE
:104CF00070BD00008C4800204D6173732053746FA9
:104D00007261676520696E204853204D6F646500AD
:104D10004D6173732053746F7261676520696E20F3
:104D20004653204D6F64650070B505460C462DB99D
:104D30002246064906A0FFF717FB04E02246034976
:104D400007A0FFF711FB014870BD00008C48002050
:104D50003030303030303030303031410000000001
:104D600030303030303030303030314200000000F0
:104D700038B504464FF4C060FDF720FB43208DF8A2
:104D8000000001208DF801008DF802008DF803006D
:104D90006846FDF7D7FA38BD1CB504460121084620
:104DA000FDF7A6FB4FF4D050009003208DF80500CE
:104DB00002208DF8040000208DF806008DF8070011
:104DC00069460E48FCF7EEFE0A2209210B48FCF763
:104DD00031FF0A220B210948FCF72CFF0A220C2183
:104DE0000648FCF727FF01218803FDF7D1FB0121CD
:104DF0008020FDF79DFB00F003F81CBD0000024081
:104E000008B500214FF00060FDF7E2FA4FF4A06012
:104E1000FDF7D4FA2D208DF8000001208DF8010057
:104E200000208DF8020001208DF803006846FDF790
:104E300089FA01210802FDF78BFB08BD10B5044675
:104E400001212046FBF706FE10BD10B504460221E5
:104E50002046FBF7FFFD10BD3EB5044600250020AF
:104E6000029001900090207A01283DD1E068806B8B
:104E70000190019820F480300190607A28B1019867
:104E800020F4801000F5801001900198E16888639B
:104E900000200290E068C0680290029820F0400074
:104EA0000290029820F480000290029820F40030D2
:104EB0000290029820F4002002900298E168C860F5
:104EC000204600F05BF9E07801283DD1009820F001
:104ED0001E000A300090009820F020002030009042
:104EE0000098E16888602FE0E068C068029002984E
:104EF00020F04000403002900298E168C8602046EF
:104F000000F03CF900200190019820F4803000F579
:104F100080300190019820F4802000F580200190DD
:104F2000019820F4002000F500200190607A28B15B
:104F3000019820F4801000F5801001900198E1683C
:104F400088631420FFF77AFFE07801280FD1E0682A
:104F500080680090009820F01E000A3000900098B1
:104F600020F02000203000900098E16888602846FA
:104F70003EBD70B588B0044600260020079006901C
:104F80000590049003900021D4F80C010160206981
:104F900000680690069820F4C05006900699206993
:104FA0000160E07A01283DD10321204600F004FD94
:104FB0004020E1684862059880B200F580000590C5
:104FC00005986FF30F00403005900598E1688862FE
:104FD000059800EB1041049861F30F0004900498C9
:104FE00080B200F5800004900498E168C1F80401E3
:104FF000049800EB104161F30F000490049880B214
:1050000004900499E068C0F80811049800EB10417E
:1050100061F30F000490049880B204900499E06852
:10502000C0F80C111021204600F07CFC204600F056
:1050300053FC00212069016120694161491E2069FA
:10504000816100212069C16100252CE004F1180074
:1050500050F82500006807900798C00F70B1002035
:105060000790079820F0804000F180400790079853
:1050700020F0006000F10060079001E00020079040
:1050800004F1180050F8250007990160002104F18F
:10509000180050F825000161FF2104F1180050F8B4
:1050A000250081606D1C6078A842CFD800252CE0D7
:1050B00004F1540050F82500006801900198C00FD9
:1050C00070B100200190019820F0804000F18040F4
:1050D0000190019820F0006000F10060019001E073
:1050E0000020019004F1540050F82500019901605E
:1050F000002104F1540050F825000161FF2104F162
:10510000540050F8250081606D1C6078A842CFD80B
:1051100000200390039820F4807000F580700390C5
:105120002069006903998843084321690861E07890
:1051300001281DD100200290029820F00100401C9F
:105140000290029820F00200801C029040210298F8
:1051500061F38A000290029820F4803000F58030DC
:105160000290029861F3594002900299206901630C
:10517000204600F047FB304608B070BDF8B5044645
:10518000002600250020009000BF0320FFF75DFEF1
:10519000E06800690090681C05461349884201D9FF
:1051A0000020F8BD0098C00F0028EED00025009820
:1051B00020F00100401C00900098E168086100BFE9
:1051C000E06800690090681C05460749884200D9DC
:1051D00004E0009800F001000028F1D100BF032096
:1051E000FFF733FE3046DCE7400D030008B501460B
:1051F000002000220092009A22F00102521C00922C
:10520000CA689268009B9A43CB689A6008BD0EB545
:1052100001460020002200920A69926802928A697F
:1052200012680192029AC2F3410232B1012A05D0FA
:10523000022A09D0032A0DD101E000BF00BF019A64
:105240006FF30A02019205E0019A6FF30A02D21C81
:10525000019200BF00BF019B8A691360009A22F48B
:10526000807202F5807200920A695268009B9A432C
:105270001A430B695A600EBDFEB502460020002499
:105280000025029500954D78012D52D193691D6836
:1052900002951D6900954D6955B9009D25F07F0562
:1052A0000095009D25F4C01505F50025009516E034
:1052B0008E684D69B54207D98D684D610E7A009DA3
:1052C00066F30605009504E00E7D009D66F3060575
:1052D0000095009D25F4C01505F500250095009D5D
:1052E0001D61D578012D06D10F7802F1180555F80A
:1052F00027500E696E61029D25F0806505F180657D
:105300000295029D25F0004505F100450295029D9C
:105310001D60D578002D59D14D69002D56D00E78DD
:105320000125B5402C4315696D6B254316697563DE
:105330004CE00E7802F1540555F826502D68029580
:105340000E7802F1540555F826502D6900954D69E7
:105350005DB90E7A009D66F306050095009D25F463
:10536000C01505F5002500950CE08D684D610E7A9D
:10537000009D66F306050095009D25F4C01505F512
:10538000002500950F7802F1540555F82750009E2E
:105390002E61D578012D06D10F7802F1540555F80C
:1053A00027500E696E61029D25F0806505F18065CC
:1053B0000295029D25F0004505F1004502950F7804
:1053C00002F1540555F82750029E2E60FEBD0EB521
:1053D00000210191019921F04041A1F18041019109
:1053E000019921F4C01101F500210191019921F0E9
:1053F0007F0118310191019A416D0A61C17801293B
:1054000015D10021009100F2CC51426D5161416DE6
:1054100009680091009921F0004101F100410091DB
:105420004FF080210091009A416D0A6000BF0EBDCF
:105430003CB5024600200024019400944C78012CD5
:105440000CD10D7802F1180454F825300D780124A0
:10545000AC40009D64F30F0500950BE00D7802F160
:10546000540454F825300D780124AC40009D64F3B9
:105470001F4500951C680194019CC4F3C034E4B935
:105480000D89019C65F30A040194CD78019C65F3B4
:10549000934401948D79019C65F399540194019C86
:1054A00024F0805404F180540194019C24F40044BD
:1054B00004F500440194019C1C601469E469009D9A
:1054C0002C431569EC613CBD38B50346002000242F
:1054D00000944C78012C05D10D7803F1180454F890
:1054E000252004E00D7803F1540454F825201468B5
:1054F0000094009C24F400140094CC78032C02D077
:10550000CC78022C05D1009C24F0805404F1805406
:105510000094009C146038BD3CB502460020002475
:10552000019400944C78012C0CD10D7802F11804F0
:1055300054F825300D780124AC40009D64F30F052C
:1055400000950BE00D7802F1540454F825300D78E5
:105550000124AC40009D64F31F450095019C24F498
:1055600000440194019C1C601469E469009DAC43F3
:105570001569EC613CBD38B503460A46002000249D
:1055800000945478012C18D1157803F1180454F8BC
:1055900025100C680094009CE40F2CB1009C24F0B2
:1055A000804404F180440094009C24F4001404F529
:1055B00000140094009C0C600EE0157803F1540474
:1055C00054F825100C680094009C24F4001404F591
:1055D00000140094009C0C6038BDFEB505460C46D6
:1055E00000260027002002900190607801287ED1DB
:1055F000217805F1180050F8210000680290217808
:1056000005F1180050F8210000690190606948B95F
:1056100001986FF3120001900121019861F3DC40C1
:10562000019017E06169019861F3120001906069CF
:10563000401EA1680844B0FBF1F1019861F3DC4021
:105640000190E078012805D1019820F0C04000F1D8
:1056500000500190227805F1180050F822000199BD
:105660000161E878012807D1227805F1180050F887
:105670002200216941610DE0E07801280AD06069CB
:1056800040B12178012000FA01F72869406B3843C6
:1056900029694863E078012813D12869806800905F
:1056A0000098C0F3002030B9029820F0005000F1BB
:1056B0000050029005E0029820F0805000F18050E8
:1056C0000290029820F0806000F1806002900298C1
:1056D00020F0004000F100400290227805F118000F
:1056E00050F8220002990160E078012800E008E00B
:1056F0006CD1A08A83B222782846E16800F039FA9A
:1057000064E0217805F1540050F82100006802900F
:10571000217805F1540050F821000069019060697A
:1057200050B9A168019861F312000190012101981C
:1057300061F3DC40019013E0A068401E61690844F9
:10574000A168B0FBF1F1019861F3DC400190019890
:10575000C0F3C940A1684843019960F31201019167
:10576000227805F1540050F8220001990161E8788F
:10577000012806D1227805F1540050F82200216951
:105780004161E07801280ED1607930B1029820F0B3
:10579000005000F10050029005E0029820F0805087
:1057A00000F180500290029820F0806000F180604B
:1057B0000290029820F0004000F100400290227810
:1057C00005F1540050F82200029901603046FEBDF8
:1057D00008B500210091491EC26851606FF08041F8
:1057E000C2685161009921F0004101F1004100912E
:1057F000009921F4006101F5006100910099C268EF
:10580000916108BD38B50446002500200090E1688C
:1058100088616FF08040E16848612046FFF7D8FF5B
:10582000E07820B9009820F0100010300090009827
:1058300020F4006000F500600090009820F4805093
:1058400000F580500090009820F4005000F50050C2
:105850000090009820F4802000F5802000900098AF
:1058600020F4002000F500200090009820F00800AF
:1058700008300090009820F4801000F5801000900F
:10588000009820F4001000F500100090009820F01F
:10589000804000F180400090009820F00400001D3E
:1058A0000090E0688069009988430843E168886156
:1058B000284638BD08B50146002000220092009A13
:1058C00022F00102521C0092CA689268009B1A439F
:1058D000CB689A6008BD0000F8B504460025002694
:1058E00000200090009820F01000103000900098E8
:1058F000E168086100BFE06800690090701C06461E
:105900000749884200D904E00098C0F3001000283D
:10591000F1D100BF0320FFF798FA2846F8BD000038
:10592000400D0300F8B504460D4600260027002070
:105930000090009820F0200020300090009865F33F
:105940008A1000900098E168086100BFE068006973
:105950000090781C07460749884200D904E0009867
:10596000C0F340100028F1D100BF0320FFF76DFA0B
:105970003046F8BD400D030008B5014600200A6915
:1059800092680092009AC2F3410232B1012A06D015
:10599000022A07D0032A07D102E0032004E000BF57
:1059A000022001E0012000BF00BF08BD0146C86819
:1059B000406900F00100704708B502691268009262
:1059C000009A61F301020092009B0269136008BD16
:1059D00000B502461046FFF7E9FF012801D001207B
:1059E00000BD0020FCE701460020CA685069CA6873
:1059F0009269104070470146086982690869C06968
:105A0000024090B270470146086982690869C0691E
:105A10000240100C7047024602F1540353F8213043
:105A2000986813695B6918407047F0B50346002415
:105A3000D01CC71700EB9777BD10D3F8D06000BF1C
:105A400003E030680860641C091DAC42F9D30846C5
:105A5000F0BD000070B502460C4600230020002572
:105A6000D5700125957040259580012C0CD14FF003
:105A7000A0430125D57208251570042555709D1584
:105A8000D580022515720AE04CB9254B0025D57248
:105A90000C251570062555704FF4A065D580D36090
:105AA00003F500651561002110E003F5106505EBB5
:105AB000411602F1180545F8216003F5306505EB44
:105AC000411602F1540545F82160491C55788D4274
:105AD000EBD803F5806555614035C2F8CC50002104
:105AE00008E003F5A06505EB411602F1900545F8C5
:105AF0002160491C15788D42F3D8002108E003F598
:105B0000805505EB013602F1D00545F82160491CAE
:105B100015788D42F3D803F56065C2F80C5170BD5D
:105B200000000440F8B504460D460026E068C06851
:105B30000090009820F000500090009820F08040E5
:105B40000090012D06D1009820F0005000F1005087
:105B5000009006E02DB9009820F0804000F18040D0
:105B600000900098E168C8603220FFF767F930467E
:105B7000F8BD2DE9F04104460026E078B0B90027D1
:105B80000020DD1C4FEAE57805EB98784FEAA8077E
:105B900004F1D00555F822C000BF04E00D68CCF830
:105BA0000050401C091DB842F8D300BF3046BDE884
:105BB000F08100BFFEE7000070B504460D460020EE
:105BC000E070401EE0622946204601F07DFB08B1EE
:105BD000042070BD04F22E2001F0D5F94AF65521BB
:105BE000884201D00320F4E794F83000E92807D078
:105BF00094F83000EB2815D13220005D902811D1A7
:105C0000032209A104F1660001F036FB08B9002067
:105C1000DFE7052205A104F1820001F02DFB08B9A0
:105C20000020D6E70220D4E74641540046415433D1
:105C300032000000024600E0521C107810B11078CB
:105C40008842F9D1107870470246891E5069801E3B
:105C5000884201D8002070475389906A03FB0100F5
:105C6000F9E72DE9F04782468846DAF80040B8F1B6
:105C7000000F06D1E76817B16069B84215D801274F
:105C800013E04146504601F07EF80546022D02D24F
:105C90000120BDE8F087681C08B92846F9E760696B
:105CA000A84201D92846F4E74746206908B90020F0
:105CB000EFE70026474518D17E1C6069B04200D846
:105CC00002263146504601F05EF80546012D01D00E
:105CD000681C08B92846DCE73DB1E568022D03D30E
:105CE0006069A84200D92F460026E6B93E4600BFAB
:105CF000761C6069B04204D80226BE4201D9002059
:105D0000C7E73146504601F03EF8054605B909E0BF
:105D1000012D01D0681C08B92846BAE7BE42E7D178
:105D20000020B6E700BF4FF0FF323146204601F0B9
:105D3000E5FA8146B9F1000F08D1B8F1000F05D09E
:105D400032464146204601F0D9FA8146B9F1000FAA
:105D50000DD1E660D4E90410801E814202D820698A
:105D6000401E2061207940F00100207107E0B9F168
:105D7000010F02D14FF0FF3000E00120064630460F
:105D800087E700002DE9F35F8946D9F80080009885
:105D900000F120050B222021284601F08CFA00207A
:105DA000074606464FF0080B00BF3046761C18F831
:105DB0000040202C00DC50E02F2C01D05C2C0AD1BC
:105DC00000E0761C18F806002F28FAD018F8060014
:105DD0005C28F6D041E02E2C01D05F450BD3BBF1FF
:105DE0000B0F01D02E2C02D00620BDE8FC9F082707
:105DF0004FF00B0BD9E7802C03DBA4F18000214985
:105E00000C5C204600F048F8A8B13046761C18F823
:105E100000A0504600F046F818B1ABF10100B842BE
:105E200001D80620E1E738467F1C2C5438467F1CF9
:105E300005F800A010E0214613A0FFF7FBFE08B113
:105E40000620D2E7612C04DB7A2C02DCA4F12000CE
:105E5000C4B238467F1C2C54A7E700BF08EB0600ED
:105E6000C9F800000FB90620BFE72878E52801D15E
:105E700005202870202C01DC042000E00020E872BE
:105E80000020B2E778D50008222A2B2C3A3B3C3D73
:105E90003E3F5B5D7C7F0000014609B100207047FA
:105EA0000020FCE7014609B1002070470020FCE714
:105EB0002DE9F04104460E46D4F80080002120462A
:105EC00000F057F90546EDB9002700BF4046A1692B
:105ED00001F0FAF9054605B113E0E0690078E5281C
:105EE00002D0E069007820B9781C0746B04201D1A1
:105EF00007E000270121204600F070F80546002D3C
:105F0000E4D000BF042D00D107252846BDE8F0816C
:105F10002DE9F04704468946204601F045FB10B1C3
:105F20000120BDE8F08749462046FFF78DFE064672
:105F3000E6624FF48052002104F1300001F0BBF919
:105F400004F130080127002500E03D446089A842A3
:105F500007D9721960783B46414600F071F9002874
:105F6000F3D06089A84201D00120DAE70020D8E709
:105F70002DE9F041044627680021204600F0F9F899
:105F8000054615B12846BDE8F08100BF3846A16935
:105F900001F09AF9054605B11DE0E06906780EB9F1
:105FA000042518E0E069C07A00F03F00A071E069C4
:105FB000C07A00F0080038B90B2204F12001E06932
:105FC00001F05AF900B906E00021204600F006F879
:105FD0000546002DDAD000BF2846D4E72DE9F04170
:105FE000044688462768206900F12006A06910B1A0
:105FF000B6F5001F02D30420BDE8F081C6F30B0004
:10600000002845D1A069401CA061606938B9388971
:10601000B0EB561F3CD80020A0610420ECE7788943
:10602000401E00EA163098BB2046616900F0ABFEC6
:106030000546012D01D80220DEE7681C08B90120C1
:10604000DAE77869A8421DD8B8F1000F03D1002023
:10605000A0610420D0E720466169FFF702FE0546F3
:106060000DB90720C8E7012D01D10220C4E7681C43
:1060700008B90120C0E729463846FFF749FF08B1B3
:106080000120B9E7656129463846FFF7DDFDA061CB
:106090002661C6F30B0107F130000844E0610020DF
:1060A000AAE72DE9F047044688460425D4F8009075
:1060B00027E04846A16901F007F9054605B123E04C
:1060C000E06906780EB904251EE0E069C07A00F0A8
:1060D0003F07A771E52E0DD02E2E0BD00F2F09D024
:1060E00027F02000082801D1012000E000204045D1
:1060F00000D109E000212046FFF770FF054605B1F9
:1061000002E0A0690028D4D100BF0DB10020A06139
:106110002846BDE8F08770B5044626680121204670
:10612000FFF7C6FE054695B93046A16901F0CCF8E7
:10613000054665B920220021E06901F0BCF80B2278
:1061400004F12001E06901F0A9F80120F07028466F
:1061500070BD70B5044626683046A16901F0B4F8F8
:10616000054625B9E520E16908700120F070284650
:1061700070BD2DE9F04104460D462668B5F5001FB7
:1061800002D205F01F0010B10220BDE8F0812561A8
:10619000A7681FB93078032800DB776A47B93089D0
:1061A000B0EB551F01D80220EFE7706AA0611CE038
:1061B00070894FEA003811E03946204600F0E3FDCF
:1061C0000746781C08B90120DFE7022F02D3706967
:1061D000B84201D80220D8E7A5EB08054545EBD227
:1061E00039463046FFF730FDA0616761A06908B904
:1061F0000220CAE7A06900EB1530A061C5F30B01CE
:1062000006F130000844E0610020BEE710B5044606
:10621000FBF724FC002010BD0346002070472DE949
:10622000F04107460E4614461D46A01C2A4631463C
:10623000FDF796F80020BDE8F08101460020704788
:106240002DE9F04107460E4614461D46A01C2A467D
:106250003146FDF799F80020BDE8F08138B50546D4
:10626000284600F016FB04463CB96946284601F072
:10627000C0F904460CB900202860204638BD2DE93D
:10628000F84F04460E466946204601F0B2F98246B0
:10629000BAF1000F01D194F811A0BAF1000F02D0A9
:1062A0005046BDE8F88FE068B04204D2207C00F090
:1062B000020000B9E668D4F814904FF00008C4F862
:1062C0001480002E68D0009840890703B9F1000FB0
:1062D00011D0701EB0FBF7F1A9F10100B0FBF7F08F
:1062E000814208D3A9F10100791E88436061606989
:1062F000361AA56912E0A5687DB900212046FFF78E
:10630000B0FC0546012D02D102206074C9E7681C6B
:1063100010B901206074C4E7A560A561002D3BD0D1
:1063200024E0F61B606938446061207C00F00200C4
:1063300040B100BF29462046FFF793FC054635B91A
:10634000002615E02946204600F01DFD0546681C84
:1063500010B901206074A4E7012D03D900984069A9
:10636000A84202D8022060749BE7A561BE42D8D83B
:1063700000BF606930446061C6F30B0060B129461C
:106380000098FFF761FC8046B8F1000F02D10220AF
:10639000607486E708EB1638E1686069884205D9C1
:1063A0006069E060207C40F040002074A08AC0F367
:1063B0000B0020B3E069404521D0207C00F0800034
:1063C00078B1E26900994878012304F12801FFF7C8
:1063D00037FF10B10120607463E7207C00F07F007C
:1063E0002074009948780123424604F12801FFF700
:1063F00016FF10B10120607453E7C4F81C805046AA
:106400004FE70000F7B582B016460398019001A847
:1064100000F074FD0546002D02DA0B2005B0F0BD3A
:106420000C4850F825400CB100202070029810B1A3
:106430000020029908700749029841F825000EB91A
:106440000020EBE7002202A903A800F0C7FA0746E4
:106450003846E3E7382000202DE9F74F8EB0044698
:1064600016461CB9092011B0BDE8F08F06F03F06B2
:10647000324602A90FA800F0B1FA0546002D7DD1E1
:106480000298039003A80F9900F02EFC05462DB941
:106490009DF8370000F0800000B1062506F01C00D2
:1064A000002850D045B1042D03D103A8FFF733FED7
:1064B000054646F008060AE09DF8120000F01100BB
:1064C00008B1072503E006F0040000B10825002DFF
:1064D0004AD106F00800002846D00A99029800F038
:1064E00033FD814600F0C0FC00900A9901F10E00D6
:1064F000009900F0FEFF20200A99C87200220A9934
:10650000029800F0E4FF0A9901F11C00002100F05C
:10651000F0FF01200299C870B9F1000F24D0029851
:10652000C06A01900022494603A800F083FF054697
:10653000D5B9DDE9011000F0C7FE0546A9F101005B
:106540000299C86010E07DB99DF8120000F01000BB
:1065500008B1042508E006F0020028B19DF81200F9
:1065600000F0010000B107255DB906F0080008B190
:1065700046F040060298C06A206200E04BE00A98AC
:106580006062002D55D10A99029800F0DDFCA060F0
:106590000A9901F11C0000F0EAFCE060029820601A
:1065A0000298C088A080267400206074E061606159
:1065B0004FF48052002104F1280000F07CFE06F028
:1065C000200040B3E06830B3E06860610298408921
:1065D0004FEA003AA768D4F80C800CE03946204610
:1065E00000F0D1FB0746012F00D80225781C00B926
:1065F0000125A8EB0A080DB9D045EFD8A76155B918
:10660000C8F30B0038B139460298FFF71DFBB0F113
:10661000000B01D102250CE00BEB1830E061E269C0
:1066200002994878012304F12801FFF7F8FD00B131
:1066300001250DB100202060284614E733B581B054
:1066400004460CB909203EBD0022694602A800F0AC
:10665000C5F905461DBB009820602046029900F050
:1066600043FB0546C5B92B20005D00F0800050B902
:10667000A07900F0100028B1E169009800F064FCF6
:10668000A06000E005253DB90098C088A0800021E9
:106690002046FFF76EFD0546042D00D105250DB1FE
:1066A000002020602846CEE72DE9FF4F85B0044644
:1066B00015469A46DDF818B00020CAF8000003A974
:1066C000204600F096FF0490049810B9607C049076
:1066D00018B1049809B0BDE8F08F207C00F00100EB
:1066E00008B90720F6E76169E068401A019001984F
:1066F000854200D9019DA0E0A08AC0F30B000028CC
:106700007ED103984089401E616900EA1139B9F1D0
:10671000000F17D1606910B9A068029004E020460C
:10672000A16900F030FB02900298022802D20220F8
:106730006074CFE70298401C10B901206074C9E76B
:106740000298A061A1690398FFF77EFA064616B980
:1067500002206074BEE74E444FEA1538B8F1000FCE
:1067600029D009EB080003994989884203D9039885
:106770004089A0EB090803994878434632465946B8
:10678000FFF74DFD10B101206074A3E7207C00F0FD
:10679000800068B1E069801B404509D2E169891B2E
:1067A0000BEB01304FF4805204F1280100F076FD2C
:1067B0004FEA083737E0E069B04220D0207C00F093
:1067C000800078B1E26903994878012304F1280137
:1067D000FFF736FD10B1012060747BE7207C00F0EC
:1067E0007F002074039948780123324604F1280180
:1067F000FFF715FD18B1012060746BE700E0E6615A
:10680000A08AC0F30B00C0F58057AF4200D92F46D5
:10681000A08AC0F30B0204F1280011183A4658462A
:1068200000F03CFD00BFED1BDAF800003844CAF868
:106830000000BB44606938446061002D7FF45CAFA8
:10684000002047E7F8B506460D466946304600F099
:10685000D0FE0446DCB92DB900213046FFF789FC93
:10686000044614E000213046FFF71BFC0446042CCC
:1068700000D100245CB92946304600F0F9FA002125
:106880003046FFF7ABFB0446042C00D10024204621
:10689000F8BDF8B504466946204600F0AAFE064653
:1068A000002E44D1207C00F0400000283FD0207C06
:1068B00000F0800070B1E26900994878012304F18A
:1068C0002801FFF7BDFC08B10120F8BD207C00F0D5
:1068D0007F00207400F0C8FA0746216A009800F093
:1068E000F3FC06461EBB656AE87A40F02000E872B9
:1068F0002946A268206800F0EAFD05F11C00E16865
:1069000000F0F7FD394605F1160000F0F2FD002118
:1069100005F1120000F0F9FD01200099C8700098FF
:1069200000F0FAFD0646207C00F0BF0020743046DF
:10693000CBE731B598B00025022201A918A800F0D4
:106940004DF80446002C46D101980D900DA81899D9
:1069500000F0CAF9044600BF002C3CD19DF85F004E
:1069600000F0800008B1062405E09DF83A0000F030
:10697000010000B10724E4B91499019800F0E4FA89
:1069800005469DF83A0000F0100090B10198029081
:106990000495002102A8FFF7ECFB04464CB9002146
:1069A00002A8FFF77EFB044604B90724042C00D19B
:1069B000002484B90DA8FFF7CCFB044634B92DB1EF
:1069C000002229460DA800F035FD04461CB90198A7
:1069D00000F0A2FD0446204619B030BD2DE9F74F66
:1069E0008AB000210B9801600A9800F087FA08909D
:1069F0000898002803DA0B200DB0BDE8F08FB549E8
:106A0000089851F820400CB90C20F5E70B98046069
:106A10000C9800F0FE000C90207878B16078FFF7B9
:106A20000CFC814609F0010040B90C9820B109F036
:106A3000040008B10A20DFE70020DDE70020207015
:106A4000089860706078FFF7E1FB814609F001006B
:106A500008B10320D0E70C9820B109F0040008B178
:106A60000A20C9E7002739462046FFF7A5F8054662
:106A7000022D01D02EDA2DE0002614E04FF4DF7055
:106A800000EB061104F130000844099009980079E0
:106A900020B10998083000F06AFA00E0002002A94D
:106AA00041F82600761C042EE8D3002606B1761E97
:106AB00000BF02A850F8267027B139462046FFF7DC
:106AC0007BF800E003200546022D03DB701C064620
:106AD0000428EED3042D01D101208DE7022D01DB26
:106AE0000D2089E704F13B0000F04DFAB0F5805F1E
:106AF00001D00D2080E704F1460000F044FA804602
:106B0000B8F1000F04D104F1540000F030FA8046CF
:106B1000C4F818804020005DA070A078012804D03F
:106B2000A078022801D00D2066E7A07808FB00F8C5
:106B30003D20005D6081608918B16089411E084078
:106B400008B10D2058E704F1410000F01CFA208143
:106B5000207A00F07F0008B10D204DE704F14300DA
:106B600000F011FA8346BBF1000F04D104F150008C
:106B700000F0FDF9834604F13E0000F004FA0190B4
:106B8000019808B90D2037E701984044218900EBAE
:106B9000D11007900798834501D20D202CE7079864
:106BA000ABEB00006189B0FBF1FABAF1000F01D143
:106BB0000D2021E700254848824500D803254FF6DF
:106BC000F570824500D8022540F6F570824500D860
:106BD00001250DB90D200FE70AF102006061E761A0
:106BE00001983844206207983844A062032D13D1DD
:106BF00004F15A0000F0C7F908B10D20FCE6208925
:106C000008B10D20F8E604F15C0000F0B0F9606214
:106C100060698000069014E0208908B90D20EBE639
:106C2000206A40446062022D02D16069400007E0A2
:106C3000207D00F00100616901EB410100EB510092
:106C40000690A169069800F6FF70B1EB103F01D2E3
:106C50000D20D1E64FF0FF302061E06080202071F0
:106C6000032D2CD104F1600000F08DF9012826D10C
:106C7000791C204600F028FB08BB0020207104F29C
:106C80002E2000F080F94AF65521884217D104F1F0
:106C9000300000F06CF91149884210D104F50570FC
:106CA00000F065F90E49884209D104F5067000F03C
:106CB0005EF9206104F5077000F059F9E060257075
:106CC00008480088401C80B206490880E080002007
:106CD00092E6000038200020F5FFFF0F525261417C
:106CE000727241613C2000202DE9F341044627687F
:106CF00002E00198401C0190019800782F28F8D0FC
:106D0000019800785C28F4D00020A06001980078F9
:106D1000202808D280212B20015500212046FFF792
:106D200028FA05462CE000BF01A92046FFF72AF803
:106D3000054605B123E02046FFF71AF905462B204A
:106D4000065D3DB1042D04D100BF06F0040000B97A
:106D5000052514E006F0040000B110E0A07900F071
:106D6000100008B905250AE0208AC0F30B0207F1DC
:106D700030001118384600F0E7F8A060D4E700BFF3
:106D80002846BDE8FC812DE9F04781460C46D9F83C
:106D90000050022C02D36869A04202D84FF00108CB
:106DA0005EE04FF0FF382878012804D002282CD06C
:106DB000032851D13CE0264606EB5606286A00EB34
:106DC0001631284600F080FA00B148E03046761CC3
:106DD000C0F30B0105F13000475C286A00EB163167
:106DE000284600F071FA00B139E0C6F30B0105F155
:106DF0003000405C47EA002704F0010008B1380980
:106E000001E0C7F30B00804629E0286A00EBD4219B
:106E1000284600F059FA00B121E040F6FF7101EA7E
:106E2000440205F13001501800F0ADF8804616E03C
:106E3000286A00EB9421284600F046FA00B10EE0E3
:106E400040F6FF7101EA840205F13001501800F0AC
:106E50008EF820F0704802E04FF0010800BF00BF3C
:106E60004046BDE8F08700000048704786618C41CD
:106E70002DE9F04705460C4600206072A86908B964
:106E8000BDE8F087002637461CE03046761CEA69EC
:106E900012F80090B9F1200F00D113E0B9F1050FFD
:106EA00001D14FF0E509092E05D12E2238467F1C6D
:106EB00004F109010A5438467F1C04F1090101F864
:106EC000009000BF0B2EE0D3002104F10900C15552
:106ED000E869C07A2072E96901F11C0000F047F806
:106EE0002060E96901F1160000F041F88046A4F83D
:106EF00006804FEA1840A08000BFC1E730B50246C7
:106F00004FF0FF301568F5B1116800E0491C0D78AD
:106F1000212D02D30D783A2DF8D10D783A2D11D1CB
:106F2000146814F8013B302B0DD3392B0BD88C424D
:106F300009D1A3F130052B1E05D118464D1C294659
:106F4000156000E0002030BD70B505460C4604F128
:106F50001A0000F018F806462878032805D104F135
:106F6000140000F010F846EA0046304670BD0146B5
:106F7000C8788A7842EA00204A7842EA00200A78F3
:106F800042EA00207047014648780A7842EA002029
:106F90007047000000B587B001210802FBF7F8FA3E
:106FA00001A8F9F72CFD00208DF809000590039049
:106FB00001208DF81800002001908DF8080001A92B
:106FC0001948F9F713FC0723012200211648F9F7A5
:106FD000B5FC12208DF8000002208DF80100002081
:106FE0008DF8020001208DF803006846FBF7AAF92E
:106FF0000020F9F725FC122001218140420992006E
:1070000002F1E022C2F8001100BF012240F2052186
:107010000548F9F7DBFB01210348F9F766FB024855
:10702000F9F7E8FC07B000BD0020014094B0002053
:10703000139000BF01214805FBF75AFA012188058A
:10704000FBF756FAFBF738F9FFF7A4FFFCF7D0F887
:10705000FAF704FD6C48FCF761FAFCF791FD00209B
:107060003F237F2201460090FCF74CFC4720FAF7B3
:1070700011FE7F280BDA6548654B664A01210090B6
:107080006548FDF79AF96548FCF730FCBAE0012243
:1070900063A16448FFF7B6F96349087008460078B1
:1070A00000287DD161A108A8FFF7C8FA0446002C8A
:1070B000ECD19AE002A908A8FFF7C4FB044614B972
:1070C0009DF8110000B991E09DF8100000F010004B
:1070D0000028EED156A10DF11100F9F771F9002841
:1070E000E7D054A10DF11100F9F76AF900287CD01E
:1070F00052A10DF11100F9F763F9002875D10122B1
:107100000DF111014F48FFF7A7F94F4908700846E4
:10711000007800285CD14B48C0684C4908600020CA
:10712000139010E04A4B01224A494648FFF7BCFA47
:1071300049491398405C47490978884200D007E0E4
:107140001398401C13904149139809688842E9D369
:1071500000BF3E4913980968884226D07F2200214B
:107160003EA0F9F757FC05460120414B3BA21721F1
:1071700000902846FCF75CFE002014237F2221218A
:107180000090FCF7BFFB7F2200213AA0F9F742FCF8
:1071900005460120364B37A221210090284600E009
:1071A0002AE0FCF745FEF9F7A3FC2648FFF756F85E
:1071B0000DF11100FFF7BDFB012219A10020FFF71F
:1071C00021F919490870FBF717F9FAF76DFD0CE082
:1071D000012213A10020FFF715F913490870FBF7EE
:1071E0000BF9FAF761FD00BFFEE763E700BFFBF7AD
:1071F00003F9FAF759FD05E0FBF7FEF8FAF754FD3D
:1072000000BFFEE700BFFEE7FFFF0F008400002085
:10721000E8000020200000209842002063010020A8
:107220003000000068320020100000200000000044
:10723000444400002E42494E0000000062616E6B23
:10724000000000004020002011000020000000206D
:1072500014000020683000200000020855706461AE
:1072600074696E67206669726D77617265000000EF
:107270000820002030250000F0B503461D460C46CE
:10728000002000BF15F8017B14F801CBA7EB0C0020
:10729000561E321E01D00028F4D0F0BD30B5034692
:1072A0000C463AB100BF14F8015B03F8015B551EB0
:1072B0002A1EF8D130BD10B5034600BF03F8011BEC
:1072C000541E221EFAD110BD70B504460D4600268C
:1072D000E06AA84210D0204600F066F906465EB982
:1072E000607801232A4604F13001FEF798FF10B1BF
:1072F0004FF0FF350126E562304670BD2DE9F047BD
:1073000004460D4616464FF00209022D74D36069FB
:10731000A84271D92078012804D0022849D0032836
:107320000DD15EE02F4607EB5707206A00EB1731BF
:107330002046FFF7C9FF8146B9F1000F00D075E084
:1073400038467F1CC0F30B0104F1300001EB00084C
:1073500005F0010028B1F1B298F8000061F31F10A8
:1073600000E0304688F800000120E070206A00EB61
:1073700017312046FFF7A8FF8146B9F1000F00D072
:1073800054E0C7F30B0104F1300001EB000805F0F5
:10739000010010B1C6F3071006E098F8000000F0F5
:1073A000F000C6F30321084388F800000120E070D4
:1073B0003CE0206A00EBD5212046FFF785FF81469F
:1073C000B9F1000F00D031E0B1B240F6FF7202EA2D
:1073D000450304F13002981800F097F80120E0709E
:1073E00024E0206A00EB95212046FFF76DFF8146DF
:1073F000B9F1000F01D019E019E040F6FF7101EA80
:10740000850204F130015018FFF7B1FD66F31B004F
:10741000064640F6FF7101EA850204F1300150187A
:10742000314600F066F80120E07000BF00BF48461A
:10743000BDE8F0872DE9F04781460E4617464FF02C
:107440000008D9F80040022E02D36069B04202D889
:107450000220BDE8F08767B100BF4FF0FF32394628
:107460002046FFF74BFF8046B8F1000F01D04046A1
:10747000EFE700BF31464846FFF785FC054605B9F2
:1074800022E0012D01D10220E3E7681C08B90120A8
:10749000DFE7002231462046FFF730FF8046B8F193
:1074A000000F01D04046D4E7D4E90410801E814289
:1074B00006D22069401C2061207940F00100207133
:1074C0002E466069B042D5D800BF0020C1E770B534
:1074D00006460C461546A9B204F11A0000F015F84C
:1074E0003078032804D1290C04F1140000F00DF8C1
:1074F00070BD00F8011B090A00F8011B090A00F819
:10750000011B090A00F8011B704700F8011B091252
:1075100000F8011B7047000070B50446204600F0DB
:1075200043F80546002D38D1207803282ED1207944
:1075300001282BD10203002104F13000FFF7BBFE2C
:107540004AF6552104F22E20FFF7DFFF144904F11B
:107550003000FFF7CEFF134904F50570FFF7C9FFB0
:1075600004F506702169FFF7C4FF04F50770E168B0
:10757000FFF7BFFFE069401CE0626078012304F17F
:107580003001E26AFEF75CFE002020716078002284
:107590001146FEF741FE00B10125284670BD0000EE
:1075A000525261417272416170B504460025E07823
:1075B000E8B16078012304F13001E26AFEF740FE91
:1075C000A0B90020E070216AE06A401AA1698842EF
:1075D0000DD2A07802280AD1A369E16ACA1860789E
:1075E000012304F13001FEF72BFE00E001252846BF
:1075F00070BD70B504460D4609268CB1206878B17F
:107600002068007860B1A0882168C988884207D1C5
:1076100021684878FEF711FE00F0010000B900264D
:107620000EB9206800E000202860304670BD4FF0A1
:107630004070E1EE100A7047008002021F00000057
:10764000535055544E494B204465636B61726473CB
:10765000447265616D202020312E3030000000031F
:107660000080830000000000000000000600000011
:1076700000000000010203040506070809000102DA
:1076800003040506070809000102030405060708AC
:1076900009000102030405060708090001020304AA
:1076A000050607080900010203040506070809008A
:1076B0000102030405060708090001020304050688
:1076C000070809000000000000000000000101019F
:1076D0000101010101010102020202020202020291
:1076E0000203030303030303030303040404040466
:1076F000040404040405050505050505050505063E
:107700000606060606060606060707070707070712
:1077100007070700081018202830384048010911D1
:1077200019212931394149020A121A222A323A42D0
:107730004A030B131B232B333B434B040C141C2415
:107740002C343C444C050D151D252D353D454D066D
:107750000E161E262E363E464E070F171F272F37B2
:107760003F474F000B000000000000000000000039
:107770000000000000000000000000000000000009
:1077800000000000000000000000000000000000F9
:1077900000000000000000000000000000000000E9
:1077A00000000000000000000000000000000000D9
:1077B00000000000000000000000000000000000C9
:1077C00000000000000000000000000000000000B9
:1077D00000000000000000000000000000000000A9
:1077E000000000000300F8007F001C00F8007F008C
:1077F0001C00F8007F001C000000000000000000DA
:107800000000000000000000000000000000000078
:107810000000000000000000000000000000000068
:107820000000000000000000000000000000000058
:107830000000000000000000000000000000000048
:107840000000000000000000000000000000000038
:107850000000000000000000000000000000000028
:10786000000000000F00F80001000000F800010017
:107870000000F80001000000F80001000000F8001E
:1078800001000000F80001000000000000000000FE
:10789000000000000000000000000000F8000100EF
:1078A0000000F80001000000F80001000000F800EE
:1078B00001000000F80001000000F80001000000D5
:1078C00000000000000000000000000000000000B8
:1078D00000000000000000000000000000000000A8
:1078E000000000000F00C00081000300C000810004
:1078F0000300C00081000300F800FF001F00F80033
:10790000FF001F00F800FF001F00C00081000300FF
:10791000C00081000300C00081000300F800FF00E8
:107920001F00F800FF001F00F800FF001F00C0004C
:1079300081000300C00081000300C000810003003B
:107940000000000000000000000000000000000037
:107950000000000000000000000000000000000027
:10796000000000000F00C00001001C00C00001006A
:107970001C00C00001001C0038000E001C00380074
:107980000E001C0038000E001C00FF00FF00FF006E
:10799000FF00FF00FF00FF00FF00FF0038000E00A7
:1079A0001C0038000E001C0038000E001C003800BF
:1079B000F00003003800F00003003800F00003007E
:1079C00000000000000000000000000000000000B7
:1079D00000000000000000000000000000000000A7
:1079E000000000001500380000001C0038000000F6
:1079F0001C00380000001C00C70081000300C70005
:107A000081000300C70081000300380070000000FF
:107A100038007000000038007000000000000E0008
:107A2000000000000E00000000000E000000C0007A
:107A300081000300C00081000300C000810003003A
:107A4000380070001C00380070001C003800700006
:107A50001C000700800003000700800003000700EF
:107A6000800003001200F800FF001F00F800FF0074
:107A70001F00F800FF001F00F800FF001F00F800C3
:107A8000FF001F00F800FF001F00780081001C00AD
:107A9000380081001C00380081001C0038008F0075
:107AA0001F0038008F001F0038008F001F00F800F3
:107AB000FF001F00F800FF001F00F800FF001F007C
:107AC000F800FF001F00F800FF001F00F800FF0093
:107AD0001F00000000000000000000000000000087
:107AE000000000000600780000000000F800000020
:107AF0000000F80001000000F80001000000F8009C
:107B000000000000780000000000000000000000FD
:107B10000000000000000000000000000000000065
:107B20000000000000000000000000000000000055
:107B30000000000000000000000000000000000045
:107B40000000000000000000000000000000000035
:107B50000000000000000000000000000000000025
:107B6000000000000600F800FF000300F800FF001E
:107B70000300F800FF000300070000001C000700DE
:107B800000001C00070000001C00000000000000B6
:107B900000000000000000000000000000000000E5
:107BA00000000000000000000000000000000000D5
:107BB00000000000000000000000000000000000C5
:107BC00000000000000000000000000000000000B5
:107BD00000000000000000000000000000000000A5
:107BE000000000000600070000001C000700000065
:107BF0001C00070000001C00F800FF000300F80054
:107C0000FF000300F800FF00030000000000000078
:107C10000000000000000000000000000000000064
:107C20000000000000000000000000000000000054
:107C30000000000000000000000000000000000044
:107C40000000000000000000000000000000000034
:107C50000000000000000000000000000000000024
:107C600000000000090000000E00000000000E00EF
:107C7000000000000E000000C0007F000000C000F7
:107C80007F000000C0007F00000000000E00000028
:107C900000000E00000000000E00000000000000C8
:107CA00000000000000000000000000000000000D4
:107CB00000000000000000000000000000000000C4
:107CC00000000000000000000000000000000000B4
:107CD00000000000000000000000000000000000A4
:107CE000000000000F0000007000000000007000A5
:107CF00000000000700000000000700000000000A4
:107D000070000000000070000000C000FF001F00B5
:107D1000C000FF001F00C000FF001F000000700037
:107D20000000000070000000000070000000000073
:107D300070000000000070000000000070000000F3
:107D40000000000000000000000000000000000033
:107D50000000000000000000000000000000000023
:107D6000000000000600000080001F0000008000EE
:107D70001F00000080001F0000008000FF000000C6
:107D80008000FF0000008000FF00000000000000F5
:107D900000000000000000000000000000000000E3
:107DA00000000000000000000000000000000000D3
:107DB00000000000000000000000000000000000C3
:107DC00000000000000000000000000000000000B3
:107DD00000000000000000000000000000000000A3
:107DE000000000000C0000007000000000007000A7
:107DF00000000000700000000000700000000000A3
:107E00007000000000007000000000007000000022
:107E10000000700000000000700000000000700012
:107E20000000000070000000000070000000000072
:107E30000000000000000000000000000000000042
:107E40000000000000000000000000000000000032
:107E50000000000000000000000000000000000022
:107E6000000000000600000080001F0000008000ED
:107E70001F00000080001F00000080001F000000A5
:107E800080001F00000080001F00000000000000B4
:107E900000000000000000000000000000000000E2
:107EA00000000000000000000000000000000000D2
:107EB00000000000000000000000000000000000C2
:107EC00000000000000000000000000000000000B2
:107ED00000000000000000000000000000000000A2
:107EE000000000001200000000001C000000000064
:107EF0001C00000000001C000000800003000000C7
:107F000080000300000080000300000070000000FB
:107F100000007000000000007000000000000E0073
:107F2000000000000E00000000000E000000C00075
:107F300001000000C00001000000C00001000000BE
:107F40003800000000003800000000003800000089
:107F50000000000000000000000000000000000021
:107F6000000000000C00C000FF000300C000FF0084
:107F70000300C000FF000300380000001C003800B0
:107F800000001C00380000001C00380000001C002D
:107F9000380000001C00380000001C00C000FF007A
:107FA0000300C000FF000300C000FF00030000004A
:107FB00000000000000000000000000000000000C1
:107FC00000000000000000000000000000000000B1
:107FD00000000000000000000000000000000000A1
:107FE000000000000900C00001001C00C0000100EA
:107FF0001C00C00001001C00F800FF001F00F8007A
:10800000FF001F00F800FF001F00000000001C0020
:10801000000000001C00000000001C000000000028
:108020000000000000000000000000000000000050
:108030000000000000000000000000000000000040
:108040000000000000000000000000000000000030
:108050000000000000000000000000000000000020
:10806000000000000C00C00081001F00C000810063
:108070001F00C00081001F00380070001C00380085
:1080800070001C00380070001C0038000E001C003E
:1080900038000E001C0038000E001C00C00001005B
:1080A0001C00C00001001C00C00001001C000000FA
:1080B00000000000000000000000000000000000C0
:1080C00000000000000000000000000000000000B0
:1080D00000000000000000000000000000000000A0
:1080E000000000000C00380000001C0038000000F8
:1080F0001C00380000001C0038000E001C00380076
:108100000E001C0038000E001C0038000E001C0081
:1081100038000E001C0038000E001C00C000F100EA
:108120000300C000F1000300C000F10003000000E4
:10813000000000000000000000000000000000003F
:10814000000000000000000000000000000000002F
:10815000000000000000000000000000000000001F
:10816000000000000C00F8007F000000F8007F0015
:108170000000F8007F000000000070000000000018
:10818000700000000000700000000000700000009F
:10819000000070000000000070000000F800FF0008
:1081A0001F00F800FF001F00F800FF001F00000084
:1081B00000000000000000000000000000000000BF
:1081C00000000000000000000000000000000000AF
:1081D000000000000000000000000000000000009F
:1081E000000000000C00F8000F001C00F8000F0059
:1081F0001C00F8000F001C0038000E001C003800A6
:108200000E001C0038000E001C0038000E001C0080
:1082100038000E001C0038000E001C003800F00072
:1082200003003800F00003003800F00003000000F5
:10823000000000000000000000000000000000003E
:10824000000000000000000000000000000000002E
:10825000000000000000000000000000000000001E
:10826000000000000C00C000FF000300C000FF0081
:108270000300C000FF00030038000E001C0038009F
:108280000E001C0038000E001C0038000E001C0000
:1082900038000E001C0038000E001C003800F000F2
:1082A00003003800F00003003800F0000300000075
:1082B00000000000000000000000000000000000BE
:1082C00000000000000000000000000000000000AE
:1082D000000000000000000000000000000000009E
:1082E000000000000C003800000000003800000012
:1082F00000003800000000003800000000003800D6
:1083000000000000380000000000380000000000FD
:10831000380000000000380000000000F800FF00F6
:108320001F00F800FF001F00F800FF001F00000002
:10833000000000000000000000000000000000003D
:10834000000000000000000000000000000000002D
:10835000000000000000000000000000000000001D
:10836000000000000C00C000F1000300C000F1009C
:108370000300C000F100030038000E001C003800AC
:108380000E001C0038000E001C0038000E001C00FF
:1083900038000E001C0038000E001C00C000F10068
:1083A0000300C000F1000300C000F1000300000062
:1083B00000000000000000000000000000000000BD
:1083C00000000000000000000000000000000000AD
:1083D000000000000000000000000000000000009D
:1083E000000000000C00F8000F000000F8000F0073
:1083F0000000F8000F00000038000E0000003800F8
:108400000E00000038000E00000038000E000000D2
:1084100038000E00000038000E000000F800FF00D9
:108420001F00F800FF001F00F800FF001F00000001
:10843000000000000000000000000000000000003C
:10844000000000000000000000000000000000002C
:10845000000000000000000000000000000000001C
:10846000000000000600C0008F001F00C0008F0049
:108470001F00C0008F001F00C0008F001F00C00041
:108480008F001F00C0008F001F00000000000000D0
:1084900000000000000000000000000000000000DC
:1084A00000000000000000000000000000000000CC
:1084B00000000000000000000000000000000000BC
:1084C00000000000000000000000000000000000AC
:1084D000000000000000000000000000000000009C
:1084E000000000001200F800FF001F00F800FF006D
:1084F0001F00F800FF001F00F800FF001F00F80039
:10850000FF001F00F800FF001F00780081001C0022
:10851000380081001C00380081001C0038008F00EA
:108520001F0038008F001F0038008F001F00F80068
:10853000FF001F00F800FF001F00F800FF001F00F1
:10854000F800FF001F00F800FF001F00F800FF0008
:108550001F000000000000000000000000000000FC
:108560000000000009000000700000000000700022
:10857000000000007000000000008E0003000000FA
:108580008E00030000008E000300C00001001C00EC
:10859000C00001001C00C00001001C000000000021
:1085A00000000000000000000000000000000000CB
:1085B00000000000000000000000000000000000BB
:1085C00000000000000000000000000000000000AB
:1085D000000000000000000000000000000000009B
:1085E00000000000120000008E00030000008E005A
:1085F000030000008E00030000008E000300000056
:108600008E00030000008E00030000008E000300B7
:1086100000008E00030000008E00030000008E00AA
:10862000030000008E00030000008E000300000025
:108630008E00030000008E00030000008E00030087
:1086400000008E00030000008E00030000008E007A
:108650000300000000000000000000000000000017
:10866000000000000900C00001001C00C000010063
:108670001C00C00001001C0000008E000300000070
:108680008E00030000008E00030000007000000058
:1086900000007000000000007000000000000000FA
:1086A00000000000000000000000000000000000CA
:1086B00000000000000000000000000000000000BA
:1086C00000000000000000000000000000000000AA
:1086D000000000000000000000000000000000009A
:1086E000000000000F00C00001000000C0000100F9
:1086F0000000C00001000000380000000000380049
:1087000000000000380000000000380070001C006D
:10871000380070001C00380070001C003800700029
:108720000000380070000000380070000000C00039
:108730000F000000C0000F000000C0000F0000008C
:108740000000000000000000000000000000000029
:108750000000000000000000000000000000000019
:10876000000000001200F800FF001F00F800FF00EA
:108770001F00F800FF001F00F800FF001F00F800B6
:10878000FF001F00F800FF001F00780081001C00A0
:10879000380081001C00380081001C0038008F0068
:1087A0001F0038008F001F0038008F001F00F800E6
:1087B000FF001F00F800FF001F00F800FF001F006F
:1087C000F800FF001F00F800FF001F00F800FF0086
:1087D0001F0000000000000000000000000000007A
:1087E000000000000F00C000FF001F00C000FF00DD
:1087F0001F00C000FF001F0038000E0000003800FE
:108800000E00000038000E00000038000E000000CE
:1088100038000E00000038000E00000038000E0086
:10882000000038000E00000038000E000000C000FC
:10883000FF001F00C000FF001F00C000FF001F005E
:108840000000000000000000000000000000000028
:108850000000000000000000000000000000000018
:10886000000000000F00F800FF001F00F800FF00EC
:108870001F00F800FF001F0038000E001C00380029
:108880000E001C0038000E001C0038000E001C00FA
:1088900038000E001C0038000E001C0038000E00CE
:1088A0001C0038000E001C0038000E001C00C00028
:1088B000F1000300C000F1000300C000F10003005C
:1088C00000000000000000000000000000000000A8
:1088D0000000000000000000000000000000000098
:1088E000000000000F00C000FF000300C000FF00F8
:1088F0000300C000FF000300380000001C00380027
:1089000000001C00380000001C00380000001C00A3
:10891000380000001C00380000001C003800000077
:108920001C00380000001C00380000001C00C000C3
:1089300081000300C00081000300C000810003002B
:108940000000000000000000000000000000000027
:108950000000000000000000000000000000000017
:10896000000000000F00F800FF001F00F800FF00EB
:108970001F00F800FF001F00380000001C00380036
:1089800000001C00380000001C00380000001C0023
:10899000380000001C00380000001C0038000000F7
:1089A0001C00380000001C00380000001C00C00043
:1089B000FF000300C000FF000300C000FF00030031
:1089C00000000000000000000000000000000000A7
:1089D0000000000000000000000000000000000097
:1089E000000000000C00F800FF001F00F800FF006E
:1089F0001F00F800FF001F0038000E001C003800A8
:108A00000E001C0038000E001C0038000E001C0078
:108A100038000E001C0038000E001C00380000005A
:108A20001C00380000001C00380000001C00000082
:108A30000000000000000000000000000000000036
:108A40000000000000000000000000000000000026
:108A50000000000000000000000000000000000016
:108A6000000000000C00F800FF001F00F800FF00ED
:108A70001F00F800FF001F0038000E000000380043
:108A80000E00000038000E00000038000E0000004C
:108A900038000E00000038000E0000003800000012
:108AA0000000380000000000380000000000000056
:108AB00000000000000000000000000000000000B6
:108AC00000000000000000000000000000000000A6
:108AD0000000000000000000000000000000000096
:108AE000000000000F00C000FF000300C000FF00F6
:108AF0000300C000FF000300380000001C00380025
:108B000000001C00380000001C00380000001C00A1
:108B1000380000001C00380000001C003800700005
:108B20001C00380070001C00380070001C00C000E1
:108B3000F1000300C000F1000300C000F1000300D9
:108B40000000000000000000000000000000000025
:108B50000000000000000000000000000000000015
:108B6000000000000C00F800FF001F00F800FF00EC
:108B70001F00F800FF001F0000000E0000000000B2
:108B80000E00000000000E00000000000E000000BB
:108B900000000E00000000000E000000F800FF00C2
:108BA0001F00F800FF001F00F800FF001F0000007A
:108BB00000000000000000000000000000000000B5
:108BC00000000000000000000000000000000000A5
:108BD0000000000000000000000000000000000095
:108BE000000000000300F800FF001F00F800FF0075
:108BF0001F00F800FF001F00000000000000000040
:108C00000000000000000000000000000000000064
:108C10000000000000000000000000000000000054
:108C20000000000000000000000000000000000044
:108C30000000000000000000000000000000000034
:108C40000000000000000000000000000000000024
:108C50000000000000000000000000000000000014
:108C6000000000000F0000008000030000008000F2
:108C70000300000080000300000000001C00000052
:108C800000001C00000000001C00000000001C0090
:108C9000000000001C00000000001C00000000009C
:108CA0001C00000000001C00000000001C00F80078
:108CB000FF000300F800FF000300F800FF000300BE
:108CC00000000000000000000000000000000000A4
:108CD0000000000000000000000000000000000094
:108CE000000000000C00F800FF001F00F800FF006B
:108CF0001F00F800FF001F0000000E000000000031
:108D00000E00000000000E000000C0007100000016
:108D1000C00071000000C000710000003800800039
:108D20001F00380080001F00380080001F00000076
:108D30000000000000000000000000000000000033
:108D40000000000000000000000000000000000023
:108D50000000000000000000000000000000000013
:108D6000000000000C00F800FF001F00F800FF00EA
:108D70001F00F800FF001F00000000001C000000A2
:108D800000001C00000000001C00000000001C008F
:108D9000000000001C00000000001C00000000009B
:108DA0001C00000000001C00000000001C0000006F
:108DB00000000000000000000000000000000000B3
:108DC00000000000000000000000000000000000A3
:108DD0000000000000000000000000000000000093
:108DE000000000000F00F800FF001F00F800FF0067
:108DF0001F00F800FF001F00C00001000000C000BD
:108E000001000000C0000100000000000E00000092
:108E100000000E00000000000E000000C000010075
:108E20000000C00001000000C00001000000F800C8
:108E3000FF001F00F800FF001F00F800FF001F00E8
:108E40000000000000000000000000000000000022
:108E50000000000000000000000000000000000012
:108E6000000000000F00F800FF001F00F800FF00E6
:108E70001F00F800FF001F00C00001000000C0003C
:108E800001000000C0000100000000000E00000012
:108E900000000E00000000000E0000000000F000C6
:108EA00003000000F00003000000F0000300F800E1
:108EB000FF001F00F800FF001F00F800FF001F0068
:108EC00000000000000000000000000000000000A2
:108ED0000000000000000000000000000000000092
:108EE000000000000F00C000FF000300C000FF00F2
:108EF0000300C000FF000300380000001C00380021
:108F000000001C00380000001C00380000001C009D
:108F1000380000001C00380000001C003800000071
:108F20001C00380000001C00380000001C00C000BD
:108F3000FF000300C000FF000300C000FF000300AB
:108F40000000000000000000000000000000000021
:108F50000000000000000000000000000000000011
:108F6000000000000F00F800FF001F00F800FF00E5
:108F70001F00F800FF001F0038000E00000038003E
:108F80000E00000038000E00000038000E00000047
:108F900038000E00000038000E00000038000E00FF
:108FA000000038000E00000038000E000000C00075
:108FB00001000000C00001000000C000010000002E
:108FC00000000000000000000000000000000000A1
:108FD0000000000000000000000000000000000091
:108FE000000000000F00C000FF000300C000FF00F1
:108FF0000300C000FF000300380000001C00380020
:1090000000001C00380000001C00380070001C002C
:10901000380070001C00380070001C003800800010
:109020000300380080000300380080000300C00007
:109030007F001C00C0007F001C00C0007F001C00DF
:109040000000000000000000000000000000000020
:109050000000000000000000000000000000000010
:10906000000000000F00F800FF001F00F800FF00E4
:109070001F00F800FF001F0038000E00000038003D
:109080000E00000038000E00000038000E00000046
:1090900038000E00000038000E00000038000E00FE
:1090A000000038000E00000038000E000000C00074
:1090B000F1001F00C000F1001F00C000F1001F0000
:1090C00000000000000000000000000000000000A0
:1090D0000000000000000000000000000000000090
:1090E000000000000F00C00001001C00C0000100D3
:1090F0001C00C00001001C0038000E001C003800DD
:109100000E001C0038000E001C0038000E001C0071
:1091100038000E001C0038000E001C0038000E0045
:109120001C0038000E001C0038000E001C00380027
:10913000F00003003800F00003003800F0000300E6
:10914000000000000000000000000000000000001F
:10915000000000000000000000000000000000000F
:10916000000000000F003800000000003800000080
:109170000000380000000000380000000000380047
:1091800000000000380000000000F800FF001F0091
:10919000F800FF001F00F800FF001F00380000006B
:1091A0000000380000000000380000000000380017
:1091B000000000003800000000003800000000003F
:1091C000000000000000000000000000000000009F
:1091D000000000000000000000000000000000008F
:1091E000000000000F00F800FF000300F800FF007F
:1091F0000300F800FF000300000000001C00000056
:1092000000001C00000000001C00000000001C000A
:10921000000000001C00000000001C000000000016
:109220001C00000000001C00000000001C00F800F2
:10923000FF000300F800FF000300F800FF00030038
:10924000000000000000000000000000000000001E
:10925000000000000000000000000000000000000E
:10926000000000000F00F8000F000000F8000F00E1
:109270000000F8000F0000000000F00003000000F4
:10928000F00003000000F0000300000000001C00DC
:10929000000000001C00000000001C000000F000A6
:1092A00003000000F00003000000F0000300F800DD
:1092B0000F000000F8000F000000F8000F00000091
:1092C000000000000000000000000000000000009E
:1092D000000000000000000000000000000000008E
:1092E000000000000F00F800FF000300F800FF007E
:1092F0000300F800FF000300000000001C00000055
:1093000000001C00000000001C000000FE00030024
:109310000000FE0003000000FE000300000000004B
:109320001C00000000001C00000000001C00F800F1
:10933000FF000300F800FF000300F800FF00030037
:10934000000000000000000000000000000000001D
:10935000000000000000000000000000000000000D
:10936000000000000C00F800F1001F00F800F10000
:109370001F00F800F1001F0000000E0000000000B8
:109380000E00000000000E00000000000E000000B3
:1093900000000E00000000000E000000F800F100C8
:1093A0001F00F800F1001F00F800F1001F0000008E
:1093B00000000000000000000000000000000000AD
:1093C000000000000000000000000000000000009D
:1093D000000000000000000000000000000000008D
:1093E000000000000F00F80001000000F80001007C
:1093F0000000F8000100000000000E000000000066
:109400000E00000000000E0000000000F0001F0031
:109410000000F0001F000000F0001F0000000E0020
:10942000000000000E00000000000E000000F80028
:1094300001000000F80001000000F8000100000039
:10944000000000000000000000000000000000001C
:10945000000000000000000000000000000000000C
:10946000000000000C00380080001F003800800061
:109470001F00380080001F00380070001C003800FA
:1094800070001C00380070001C0038000E001C002A
:1094900038000E001C0038000E001C00F80001000F
:1094A0001C00F80001001C00F80001001C00000076
:1094B00000000000000000000000000000000000AC
:1094C000000000000000000000000000000000009C
:1094D000000000000000000000000000000000008C
:1094E000000000000600F800FF001F00F800FF0069
:1094F0001F00F800FF001F00380000001C003800AB
:1095000000001C00380000001C00000000000000EB
:10951000000000000000000000000000000000004B
:10952000000000000000000000000000000000003B
:10953000000000000000000000000000000000002B
:10954000000000000000000000000000000000001B
:10955000000000000000000000000000000000000B
:109560000000000012003800000000003800000079
:109570000000380000000000C00001000000C00032
:1095800001000000C0000100000000000E0000000B
:1095900000000E00000000000E000000000070003F
:1095A00000000000700000000000700000000000DB
:1095B0008000030000008000030000008000030022
:1095C000000000001C00000000001C000000000063
:1095D0001C0000000000000000000000000000006F
:1095E000000000000600380000001C0038000000E9
:1095F0001C00380000001C00F800FF001F00F800ED
:10960000FF001F00F800FF001F0000000000000026
:10961000000000000000000000000000000000004A
:10962000000000000000000000000000000000003A
:10963000000000000000000000000000000000002A
:10964000000000000000000000000000000000001A
:10965000000000000000000000000000000000000A
:10966000000000000900C00001000000C00001006F
:109670000000C000010000003800000000003800B9
:1096800000000000380000000000C00001000000E1
:10969000C00001000000C000010000000000000048
:1096A00000000000000000000000000000000000BA
:1096B00000000000000000000000000000000000AA
:1096C000000000000000000000000000000000009A
:1096D000000000000000000000000000000000008A
:1096E000000000001200000000001C00000000004C
:1096F0001C00000000001C00000000001C00000016
:1097000000001C00000000001C00000000001C0005
:10971000000000001C00000000001C000000000011
:109720001C00000000001C00000000001C000000E5
:1097300000001C00000000001C00000000001C00D5
:10974000000000001C00000000001C0000000000E1
:109750001C000000000000000000000000000000ED
:10976000000000001200F800FF001F00F800FF00DA
:109770001F00F800FF001F00F800FF001F00F800A6
:10978000FF001F00F800FF001F00780081001C0090
:10979000380081001C00380081001C0038008F0058
:1097A0001F0038008F001F0038008F001F00F800D6
:1097B000FF001F00F800FF001F00F800FF001F005F
:1097C000F800FF001F00F800FF001F00F800FF0076
:1097D0001F0000000000000000000000000000006A
:1097E000000000000F00C000FF001F00C000FF00CD
:1097F0001F00C000FF001F0038000E0000003800EE
:109800000E00000038000E00000038000E000000BE
:1098100038000E00000038000E00000038000E0076
:10982000000038000E00000038000E000000C000EC
:10983000FF001F00C000FF001F00C000FF001F004E
:109840000000000000000000000000000000000018
:109850000000000000000000000000000000000008
:10986000000000000F00F800FF001F00F800FF00DC
:109870001F00F800FF001F0038000E001C00380019
:109880000E001C0038000E001C0038000E001C00EA
:1098900038000E001C0038000E001C0038000E00BE
:1098A0001C0038000E001C0038000E001C00C00018
:1098B000F1000300C000F1000300C000F10003004C
:1098C0000000000000000000000000000000000098
:1098D0000000000000000000000000000000000088
:1098E000000000000F00C000FF000300C000FF00E8
:1098F0000300C000FF000300380000001C00380017
:1099000000001C00380000001C00380000001C0093
:10991000380000001C00380000001C003800000067
:109920001C00380000001C00380000001C00C000B3
:1099300081000300C00081000300C000810003001B
:109940000000000000000000000000000000000017
:109950000000000000000000000000000000000007
:10996000000000000F00F800FF001F00F800FF00DB
:109970001F00F800FF001F00380000001C00380026
:1099800000001C00380000001C00380000001C0013
:10999000380000001C00380000001C0038000000E7
:1099A0001C00380000001C00380000001C00C00033
:1099B000FF000300C000FF000300C000FF00030021
:1099C0000000000000000000000000000000000097
:1099D0000000000000000000000000000000000087
:1099E000000000000C00F800FF001F00F800FF005E
:1099F0001F00F800FF001F0038000E001C00380098
:109A00000E001C0038000E001C0038000E001C0068
:109A100038000E001C0038000E001C00380000004A
:109A20001C00380000001C00380000001C00000072
:109A30000000000000000000000000000000000026
:109A40000000000000000000000000000000000016
:109A50000000000000000000000000000000000006
:109A6000000000000C00F800FF001F00F800FF00DD
:109A70001F00F800FF001F0038000E000000380033
:109A80000E00000038000E00000038000E0000003C
:109A900038000E00000038000E0000003800000002
:109AA0000000380000000000380000000000000046
:109AB00000000000000000000000000000000000A6
:109AC0000000000000000000000000000000000096
:109AD0000000000000000000000000000000000086
:109AE000000000000F00C000FF000300C000FF00E6
:109AF0000300C000FF000300380000001C00380015
:109B000000001C00380000001C00380000001C0091
:109B1000380000001C00380000001C0038007000F5
:109B20001C00380070001C00380070001C00C000D1
:109B3000F1000300C000F1000300C000F1000300C9
:109B40000000000000000000000000000000000015
:109B50000000000000000000000000000000000005
:109B6000000000000C00F800FF001F00F800FF00DC
:109B70001F00F800FF001F0000000E0000000000A2
:109B80000E00000000000E00000000000E000000AB
:109B900000000E00000000000E000000F800FF00B2
:109BA0001F00F800FF001F00F800FF001F0000006A
:109BB00000000000000000000000000000000000A5
:109BC0000000000000000000000000000000000095
:109BD0000000000000000000000000000000000085
:109BE000000000000300F800FF001F00F800FF0065
:109BF0001F00F800FF001F00000000000000000030
:109C00000000000000000000000000000000000054
:109C10000000000000000000000000000000000044
:109C20000000000000000000000000000000000034
:109C30000000000000000000000000000000000024
:109C40000000000000000000000000000000000014
:109C50000000000000000000000000000000000004
:109C6000000000000F0000008000030000008000E2
:109C70000300000080000300000000001C00000042
:109C800000001C00000000001C00000000001C0080
:109C9000000000001C00000000001C00000000008C
:109CA0001C00000000001C00000000001C00F80068
:109CB000FF000300F800FF000300F800FF000300AE
:109CC0000000000000000000000000000000000094
:109CD0000000000000000000000000000000000084
:109CE000000000000C00F800FF001F00F800FF005B
:109CF0001F00F800FF001F0000000E000000000021
:109D00000E00000000000E000000C0007100000006
:109D1000C00071000000C000710000003800800029
:109D20001F00380080001F00380080001F00000066
:109D30000000000000000000000000000000000023
:109D40000000000000000000000000000000000013
:109D50000000000000000000000000000000000003
:109D6000000000000C00F800FF001F00F800FF00DA
:109D70001F00F800FF001F00000000001C00000092
:109D800000001C00000000001C00000000001C007F
:109D9000000000001C00000000001C00000000008B
:109DA0001C00000000001C00000000001C0000005F
:109DB00000000000000000000000000000000000A3
:109DC0000000000000000000000000000000000093
:109DD0000000000000000000000000000000000083
:109DE000000000000F00F800FF001F00F800FF0057
:109DF0001F00F800FF001F00C00001000000C000AD
:109E000001000000C0000100000000000E00000082
:109E100000000E00000000000E000000C000010065
:109E20000000C00001000000C00001000000F800B8
:109E3000FF001F00F800FF001F00F800FF001F00D8
:109E40000000000000000000000000000000000012
:109E50000000000000000000000000000000000002
:109E6000000000000F00F800FF001F00F800FF00D6
:109E70001F00F800FF001F00C00001000000C0002C
:109E800001000000C0000100000000000E00000002
:109E900000000E00000000000E0000000000F000B6
:109EA00003000000F00003000000F0000300F800D1
:109EB000FF001F00F800FF001F00F800FF001F0058
:109EC0000000000000000000000000000000000092
:109ED0000000000000000000000000000000000082
:109EE000000000000F00C000FF000300C000FF00E2
:109EF0000300C000FF000300380000001C00380011
:109F000000001C00380000001C00380000001C008D
:109F1000380000001C00380000001C003800000061
:109F20001C00380000001C00380000001C00C000AD
:109F3000FF000300C000FF000300C000FF0003009B
:109F40000000000000000000000000000000000011
:109F50000000000000000000000000000000000001
:109F6000000000000F00F800FF001F00F800FF00D5
:109F70001F00F800FF001F0038000E00000038002E
:109F80000E00000038000E00000038000E00000037
:109F900038000E00000038000E00000038000E00EF
:109FA000000038000E00000038000E000000C00065
:109FB00001000000C00001000000C000010000001E
:109FC0000000000000000000000000000000000091
:109FD0000000000000000000000000000000000081
:109FE000000000000F00C000FF000300C000FF00E1
:109FF0000300C000FF000300380000001C00380010
:10A0000000001C00380000001C00380070001C001C
:10A01000380070001C00380070001C003800800000
:10A020000300380080000300380080000300C000F7
:10A030007F001C00C0007F001C00C0007F001C00CF
:10A040000000000000000000000000000000000010
:10A050000000000000000000000000000000000000
:10A06000000000000F00F800FF001F00F800FF00D4
:10A070001F00F800FF001F0038000E00000038002D
:10A080000E00000038000E00000038000E00000036
:10A0900038000E00000038000E00000038000E00EE
:10A0A000000038000E00000038000E000000C00064
:10A0B000F1001F00C000F1001F00C000F1001F00F0
:10A0C0000000000000000000000000000000000090
:10A0D0000000000000000000000000000000000080
:10A0E000000000000F00C00001001C00C0000100C3
:10A0F0001C00C00001001C0038000E001C003800CD
:10A100000E001C0038000E001C0038000E001C0061
:10A1100038000E001C0038000E001C0038000E0035
:10A120001C0038000E001C0038000E001C00380017
:10A13000F00003003800F00003003800F0000300D6
:10A14000000000000000000000000000000000000F
:10A1500000000000000000000000000000000000FF
:10A16000000000000F003800000000003800000070
:10A170000000380000000000380000000000380037
:10A1800000000000380000000000F800FF001F0081
:10A19000F800FF001F00F800FF001F00380000005B
:10A1A0000000380000000000380000000000380007
:10A1B000000000003800000000003800000000002F
:10A1C000000000000000000000000000000000008F
:10A1D000000000000000000000000000000000007F
:10A1E000000000000F00F800FF000300F800FF006F
:10A1F0000300F800FF000300000000001C00000046
:10A2000000001C00000000001C00000000001C00FA
:10A21000000000001C00000000001C000000000006
:10A220001C00000000001C00000000001C00F800E2
:10A23000FF000300F800FF000300F800FF00030028
:10A24000000000000000000000000000000000000E
:10A2500000000000000000000000000000000000FE
:10A26000000000000F00F8000F000000F8000F00D1
:10A270000000F8000F0000000000F00003000000E4
:10A28000F00003000000F0000300000000001C00CC
:10A29000000000001C00000000001C000000F00096
:10A2A00003000000F00003000000F0000300F800CD
:10A2B0000F000000F8000F000000F8000F00000081
:10A2C000000000000000000000000000000000008E
:10A2D000000000000000000000000000000000007E
:10A2E000000000000F00F800FF000300F800FF006E
:10A2F0000300F800FF000300000000001C00000045
:10A3000000001C00000000001C000000FE00030014
:10A310000000FE0003000000FE000300000000003B
:10A320001C00000000001C00000000001C00F800E1
:10A33000FF000300F800FF000300F800FF00030027
:10A34000000000000000000000000000000000000D
:10A3500000000000000000000000000000000000FD
:10A36000000000000C00F800F1001F00F800F100F0
:10A370001F00F800F1001F0000000E0000000000A8
:10A380000E00000000000E00000000000E000000A3
:10A3900000000E00000000000E000000F800F100B8
:10A3A0001F00F800F1001F00F800F1001F0000007E
:10A3B000000000000000000000000000000000009D
:10A3C000000000000000000000000000000000008D
:10A3D000000000000000000000000000000000007D
:10A3E000000000000F00F80001000000F80001006C
:10A3F0000000F8000100000000000E000000000056
:10A400000E00000000000E0000000000F0001F0021
:10A410000000F0001F000000F0001F0000000E0010
:10A42000000000000E00000000000E000000F80018
:10A4300001000000F80001000000F8000100000029
:10A44000000000000000000000000000000000000C
:10A4500000000000000000000000000000000000FC
:10A46000000000000C00380080001F003800800051
:10A470001F00380080001F00380070001C003800EA
:10A4800070001C00380070001C0038000E001C001A
:10A4900038000E001C0038000E001C00F8000100FF
:10A4A0001C00F80001001C00F80001001C00000066
:10A4B000000000000000000000000000000000009C
:10A4C000000000000000000000000000000000008C
:10A4D000000000000000000000000000000000007C
:10A4E000000000000F0000000E00000000000E0041
:10A4F000000000000E000000F800F1000300F8006A
:10A50000F1000300F800F1000300070000001C0048
:10A51000070000001C00070000001C0007000000EE
:10A520001C00070000001C00070000001C000700C2
:10A5300000001C00070000001C00070000001C00B9
:10A54000000000000000000000000000000000000B
:10A5500000000000000000000000000000000000FB
:10A56000000000000300F800FF001F00F800FF00DB
:10A570001F00F800FF001F000000000000000000A6
:10A5800000000000000000000000000000000000CB
:10A5900000000000000000000000000000000000BB
:10A5A00000000000000000000000000000000000AB
:10A5B000000000000000000000000000000000009B
:10A5C000000000000000000000000000000000008B
:10A5D000000000000000000000000000000000007B
:10A5E000000000000F00070000001C000700000032
:10A5F0001C00070000001C00070000001C000700F2
:10A6000000001C00070000001C00070000001C00E8
:10A61000070000001C00070000001C00F800F1000B
:10A620000300F800F1000300F800F100030000004F
:10A630000E00000000000E00000000000E000000F0
:10A64000000000000000000000000000000000000A
:10A6500000000000000000000000000000000000FA
:10A66000000000001200F800FF001F00F800FF00CB
:10A670001F00F800FF001F00F800FF001F00F80097
:10A68000FF001F00F800FF001F00780081001C0081
:10A69000380081001C00380081001C0038008F0049
:10A6A0001F0038008F001F0038008F001F00F800C7
:10A6B000FF001F00F800FF001F00F800FF001F0050
:10A6C000F800FF001F00F800FF001F00F800FF0067
:10A6D0001F0000000000000000000000000000005B
:10A6E000000000000500C000FF000F004000000057
:10A6F0000800400000000800400000000800C00002
:10A70000FF000F000000000000000000000000003B
:10A710000000000000000000000000000000000039
:10A720000000000000000000000000000000000029
:10A730000000000000000000000000000000000019
:10A740000000000000000000000000000000000009
:10A7500000000000000000000000000000000000F9
:10A7600000000000040000000000000000000000E5
:10A770000000000001005E0000000000000000007A
:10A7800000000000050006000600000006000600AC
:10A7900000000000050024007E0024007E0024004C
:10A7A00000000000050044004A00FF004A0032009B
:10A7B00000000000070042002500120008002400ED
:10A7C0005200210006007E007E0042006A007E00EA
:10A7D0007E000000020006000600000000000000ED
:10A7E0000000000002003E004100000000000000E8
:10A7F00000000000020041003E00000000000000D8
:10A8000000000000030008001C0008000000000019
:10A81000000000000500100010007C001000100077
:10A820000000000002006000E000000000000000E6
:10A8300000000000040010001000100010000000D4
:10A840000000000002006000600000000000000046
:10A850000000000006004000200010000800040076
:10A860000200000004003C00420042003C000000E6
:10A8700000000000030044007E00400000000000D3
:10A88000000000000400640052004A004400000080
:10A8900000000000040042004A004A0034000000AA
:10A8A0000000000004001E00100010007E000000E8
:10A8B0000000000004004E004A004A003200000080
:10A8C0000000000004003C004A004A003200000082
:10A8D0000000000004000200020002007E000000F0
:10A8E00000000000040034004A004A003400000068
:10A8F0000000000004000E000A000A007E000000B4
:10A900000000000002006C006C000000000000006D
:10A910000000000006007E007E0042006A007E000B
:10A920007E0000000300100028004400000000002A
:10A930000000000006002800280028002800280049
:10A940002800000003004400280010000000000060
:10A9500000000000050004000200520012000C007C
:10A960000000000006007E007E0042006A007E00BB
:10A970007E00000005007C000A000A000A007C003E
:10A980000000000005007E004A004A004A00340032
:10A990000000000005003C0042004200420024008C
:10A9A0000000000005007E004200420042003C0022
:10A9B0000000000004007E004A004A00420000003F
:10A9C0000000000004007E000A000A0002000000EF
:10A9D0000000000005003C0042004200520034002C
:10A9E0000000000004007E00080008007E00000057
:10A9F0000000000001007E000000000000000000D8
:10AA000000000000050020004000400040003E0023
:10AA10000000000004007E00080014006200000036
:10AA20000000000004007E004000400040000000E4
:10AA30000000000005007E000400080004007E0005
:10AA40000000000005007E000400080030007E00C9
:10AA50000000000005003C004200420042003C00B3
:10AA60000000000005007E000A000A000A00040041
:10AA70000000000005003C004200520022005C0083
:10AA80000000000005007E000A000A000A007400B1
:10AA900000000000050044004A004A004A0032005D
:10AAA000000000000500020002007E00020002001B
:10AAB0000000000005003E004000400040003E0055
:10AAC0000000000005000E003000400030000E00C5
:10AAD0000000000005003E004000380040003E003D
:10AAE0000000000004007600080008007600000066
:10AAF00000000000050006000800700008000600C5
:10AB0000000000000400620052004A0046000000FD
:10AB10000000000002007E00420000000000000073
:10AB200000000000060002000400080010002000E1
:10AB300040000000020042007E0000000000000013
:10AB400000000000030004000200040000000000F8
:10AB500000000000060040004000400040004000AF
:10AB60004000000006007E007E0042006A007E0079
:10AB70007E00000005007C000A000A000A007C003C
:10AB80000000000005007E004A004A004A00340030
:10AB90000000000005003C0042004200420024008A
:10ABA0000000000005007E004200420042003C0020
:10ABB0000000000004007E004A004A00420000003D
:10ABC0000000000004007E000A000A0002000000ED
:10ABD0000000000005003C0042004200520034002A
:10ABE0000000000004007E00080008007E00000055
:10ABF0000000000001007E000000000000000000D6
:10AC000000000000050020004000400040003E0021
:10AC10000000000004007E00080014006200000034
:10AC20000000000004007E004000400040000000E2
:10AC30000000000005007E000400080004007E0003
:10AC40000000000005007E000400080030007E00C7
:10AC50000000000005003C004200420042003C00B1
:10AC60000000000005007E000A000A000A0004003F
:10AC70000000000005003C004200520022005C0081
:10AC80000000000005007E000A000A000A007400AF
:10AC900000000000050044004A004A004A0032005B
:10ACA000000000000500020002007E000200020019
:10ACB0000000000005003E004000400040003E0053
:10ACC0000000000005000E003000400030000E00C3
:10ACD0000000000005003E004000380040003E003B
:10ACE0000000000004007600080008007600000064
:10ACF00000000000050006000800700008000600C3
:10AD0000000000000400620052004A0046000000FB
:10AD1000000000000500080036004100410041002D
:10AD20000000000001007E000000000000000000A4
:10AD3000000000000500410041004100360008000D
:10AD40000000000006007E007E0042006A007E00D7
:10AD50007E00000002003E003E00000000000000F7
:10AD600000000000000000000000000000000000E3
:10AD70000000000000000000001000100010001093
:10AD80000010001000000010000000000028002843
:10AD9000002800000000000000000000000000008B
:10ADA00000240024007C00240048007C0048004867
:10ADB0000000000000380054005000380014005417
:10ADC00000540038001000000020005400580030EB
:10ADD00000280054001400080000000000100028A3
:10ADE0000028001000340048004800340000000033
:10ADF0000010001000100000000000000000000023
:10AE000000000000000800100020002000200020AA
:10AE1000002000200010000800200010000800089A
:10AE2000000800080008000800100020001000388A
:10AE300000100028000000000000000000000000DA
:10AE40000000000000100010007C00100010000046
:10AE500000000000000000000000000000000000F2
:10AE600000000010001000100000000000000000B2
:10AE7000000000380000000000000000000000009A
:10AE800000000000000000000000001000000000B2
:10AE90000008000800100010001000100020002022
:10AEA0000000000000380044004400540044004406
:10AEB0000044003800000000001000300050001076
:10AEC00000100010001000100000000000380044C6
:10AED00000440004000800100020007C0000000076
:10AEE0000038004400040018000400040044003846
:10AEF0000000000000080018002800280048007C1E
:10AF00000008000800000000007C004000400078BD
:10AF10000004000400440038000000000038004431
:10AF20000040007800440044004400380000000065
:10AF3000007C000400080010001000200020002009
:10AF40000000000000380044004400380044004481
:10AF50000044003800000000003800440044004471
:10AF6000003C000400440038000000000000000025
:10AF700000100000000000000000001000000000B1
:10AF800000000000000000100000000000000010A1
:10AF90000010001000000000000C003000400030E5
:10AFA000000C000000000000000000000000007C19
:10AFB0000000007C00000000000000000000000015
:10AFC000006000180004001800600000000000008D
:10AFD00000380044000400080010001000000010B9
:10AFE0000000000000380044004C0054005C0040A9
:10AFF0000040003800000000001000280028002851
:10B000000028007C00440044000000000078004458
:10B010000044007800440044004400780000000030
:10B020000038004400400040004000400044003828
:10B030000000000000700048004400440044004448
:10B040000048007000000000007C00400040007CD0
:10B05000004000400040007C00000000007C0040F8
:10B060000040007800400040004000400000000028
:10B070000038004400400040005C004400440038B8
:10B0800000000000004400440044007C00440044F0
:10B0900000440044000000000038001000100010C0
:10B0A0000010001000100038000000000004000430
:10B0B0000004000400040004004400380000000004
:10B0C0000044004800500060005000480048004420
:10B0D00000000000004000400040004000400040F0
:10B0E0000040007C000000000044006C006C005434
:10B0F0000044004400440044000000000044006498
:10B10000006400540054004C004C00440000000057
:10B110000038004400440044004400440044003827
:10B120000000000000780044004400440078004023
:10B13000004000400000000000380044004400448B
:10B14000004400440054003800040000007800442B
:10B15000004400440078004800480044000000001B
:10B16000003800440040003000080004004400386B
:10B1700000000000007C0010001000100010001003
:10B18000001000100000000000440044004400448F
:10B190000044004400440038000000000044004423
:10B1A00000440028002800280010001000000000C3
:10B1B00000440044005400540054006C002800284F
:10B1C00000000000004400280028001000100028A3
:10B1D000002800440000000000440044002800282B
:10B1E000001000100010001000000000007C00049F
:10B1F00000080010001000200040007C000000004B
:10B2000000180010001000100010001000100010B6
:10B210000010001800200020001000100010001086
:10B2200000080008000000000030001000100010AE
:10B230000010001000100010001000300010002856
:10B240000028004400000000000000000000000092
:10B2500000000000000000000000000000000000EE
:10B26000000000FE002000100000000000000000B0
:10B270000000000000000000000000000038004452
:10B28000003C0044004C003400000000004000403E
:10B2900000580064004400440064005800000000AE
:10B2A0000000000000380044004000400044003826
:10B2B00000000000000400040034004C004400447E
:10B2C000004C003400000000000000000038004482
:10B2D000007C00400044003800000000000C00101A
:10B2E000007C001000100010001000100000000092
:10B2F000000000000034004C00440044004C0034C6
:10B3000000040078004000400058006400440044FD
:10B310000044004400000000001000000070001015
:10B3200000100010001000100000000000100000CD
:10B33000007000100010001000100010001000E05D
:10B3400000400040004800500060005000480044A9
:10B35000000000000070001000100010001000102D
:10B3600000100010000000000000000000780054F1
:10B37000005400540054005400000000000000007D
:10B3800000580064004400440044004400000000F1
:10B39000000000000038004400440044004400382D
:10B3A0000000000000000000005800640044004459
:10B3B0000064005800400040000000000034004CD1
:10B3C00000440044004C003400040004000000006D
:10B3D00000580064004000400040004000000000B1
:10B3E000000000000038004400300008004400382D
:10B3F0000000000000200020007800200020002035
:10B40000002000180000000000000000004400447C
:10B4100000440044004C0034000000000000000024
:10B42000004400440028002800280010000000000C
:10B4300000000000005400540054006C0028002854
:10B440000000000000000000004400280010001070
:10B4500000280044000000000000000000440044F8
:10B4600000280028001000100010006000000000FC
:10B47000007C0008001000200040007C000000005C
:10B480000018001000100010002000200010001014
:10B490000010001800100010001000100010001024
:10B4A00000100010001000100030001000100010FC
:10B4B000000800080010001000100030000000001C
:10B4C00000000074004C00000000000000000000BC
:10B4D000000000000000000000000000000000006C
:10B4E000000000000000000000000000000000005C
:10B4F000000000000000000C000C000C000C000C10
:10B50000000C000C000C000C000C000C0000000CE7
:10B51000000C0000000000000000001B001B001BCE
:10B52000001B001B000000000000000000000000E5
:10B530000000000000000000000000000000801972
:10B54000801980198019C07FC07F80190033C07FA7
:10B55000C07F0033003300330033000000000000E0
:10B560000000001E003F807580650074003C001ED6
:10B5700000078005806580658075003F001E00041F
:10B58000000400000000007000D840D8C0D880D966
:10B5900000730006000C801BC036C066C046C006A3
:10B5A00080030000000000000000001E003F003388
:10B5B00000330033001E000CC03CC0668063806115
:10B5C0008063C03E801C0000000000000000000CF2
:10B5D000000C000C000C000C00000000000000003B
:10B5E000000000000000000000000000000000005B
:10B5F000800000010003000600060004000C000C9F
:10B60000000C000C000C000C0004000600060003F7
:10B6100000018000002000100018000C000C000445
:10B620000006000600060006000600060004000CE6
:10B63000000C0018001000200000000C002D003F3E
:10B64000001E0033000000000000000000000000A9
:10B6500000000000000000000000000000000000EA
:10B660000000000C000C000C000CC0FFC0FF000C20
:10B67000000C000C000C00000000000000000000A6
:10B6800000000000000000000000000000000000BA
:10B6900000000000000000000000000C000C00048E
:10B6A000000400080000000000000000000000008E
:10B6B000000000000000001E001E0000000000004E
:10B6C000000000000000000000000000000000007A
:10B6D000000000000000000000000000000000006A
:10B6E0000000000C000C000000000000000000033F
:10B6F000000300030006000600060006000C000C14
:10B70000000C000C001800180018000000000000D9
:10B710000000001E003F0033806180618061806D09
:10B72000806D8061806180610033003F001E0000F9
:10B730000000000000000006000E001E003600267B
:10B7400000060006000600060006000600060006C9
:10B7500000060000000000000000001E003F807393
:10B7600080618061800100030006000C0018003039
:10B770000060807F807F0000000000000000001C4F
:10B78000003E006300630003000E000E0003800112
:10B79000800180618073003F001E000000000000F7
:10B7A00000000006000E000E001E001E00160036EF
:10B7B00000360066807F807F0006000600060000DD
:10B7C000000000000000007F007F0060006000605B
:10B7D000006E007F80638001800180618073003F84
:10B7E000001E0000000000000000001E003F80332B
:10B7F00080610060006E007F807380618061806185
:10B800008033003F001E0000000000000000807F29
:10B81000807F80010003000300060006000C000C7E
:10B82000000C0008001800180018000000000000BC
:10B830000000001E003F8063806180610021001EC7
:10B84000003F8061806180618061003F001E0000D8
:10B85000000000000000001E003F00738061806156
:10B8600080618073803F801D800180610073003F94
:10B87000001E0000000000000000000000000000AA
:10B880000000000C000C00000000000000000000A0
:10B890000000000C000C0000000000000000000090
:10B8A0000000000000000000000C000C0000000080
:10B8B000000000000000000C000C00040004000860
:10B8C000000000000000000080008003000E00382F
:10B8D00000600038000E80038000000000000000BF
:10B8E0000000000000000000000000000000807F59
:10B8F000807F00000000807F807F0000000000004B
:10B900000000000000000000000000000000000037
:10B9100000400070001C000780010007001C007040
:10B920000040000000000000000000000000001FB8
:10B93000803FC071C060C000C00180030007000EDE
:10B94000000C000C0000000C000C000000000000C7
:10B950000000001E003F803180718063806F806D29
:10B96000806D806F806700600032003E001C000028
:10B97000000000000000000E000E001B001B001B5A
:10B98000001B80318031803F803F8031C060C060CB
:10B99000C0600000000000000000007C007E00632A
:10B9A000006300630063007E007E0063806180614D
:10B9B0008063007F007E0000000000000000001E89
:10B9C000003F8031806100600060006000600060C6
:10B9D000006080618031003F001E00000000000018
:10B9E0000000007C007F0063806380618061806173
:10B9F00080618061806100630063007E007C0000E4
:10BA0000000000000000807F807F00600060006018
:10BA10000060007F007F0060006000600060807F49
:10BA2000807F0000000000000000807F807F0060B9
:10BA3000006000600060007F007F006000600060C8
:10BA40000060006000600000000000000000001EB8
:10BA5000003F80318061006000600060806380632F
:10BA6000806180618031803F001E00000000000086
:10BA70000000806180618061806180618061807F81
:10BA8000807F806180618061806180618061000071
:10BA9000000000000000003F003F000C000C000C04
:10BAA000000C000C000C000C000C000C000C003F03
:10BAB000003F0000000000000000800180018001C4
:10BAC00080018001800180018001800180618061AE
:10BAD0008073003F001E0000000000000000C060F6
:10BAE0008061006300660066006C0078007C006680
:10BAF0000066006380618061C0600000000000009B
:10BB00000000006000600060006000600060006095
:10BB100000600060006000600060807F807F000047
:10BB2000000000000000C071C071C07BC07AC06A14
:10BB3000C06AC06EC064C060C060C060C060C060E9
:10BB4000C0600000000000000000807180718079FA
:10BB500080798079806D806D806D80658067806779
:10BB60008067806380630000000000000000001E0A
:10BB7000003F00338061806180618061806180610D
:10BB8000806180610033003F001E00000000000063
:10BB90000000007E007F806380618061806180633F
:10BBA000007F007E006000600060006000600000B8
:10BBB000000000000000001E003F00338061806133
:10BBC0008061806180618061806580670033803F33
:10BBD000401E0000000000000000007E007F806327
:10BBE000806180618063007F007E00660063006387
:10BBF00080618061C0600000000000000000000E55
:10BC0000001F8031803100300038001E00078003A3
:10BC1000806180618031003F001E00000000000054
:10BC20000000C0FFC0FF000C000C000C000C000C5A
:10BC3000000C000C000C000C000C000C000C0000B0
:10BC4000000000000000806180618061806180618F
:10BC50008061806180618061806180618073003F6C
:10BC6000001E0000000000000000C060C060C06056
:10BC7000803180318031001B001B001B001B000E37
:10BC8000000E000E00040000000000000000C0C014
:10BC9000C0C0C0C0C0C0C0C0C0CC804C804C805EA2
:10BCA000805280528073806180610000000000003B
:10BCB0000000C0C0806080610033003B001E000CAB
:10BCC000000C001E001F003B80718061C0C000009E
:10BCD000000000000000C0C08061806100330033BC
:10BCE000001E001E000C000C000C000C000C000CD0
:10BCF000000C0000000000000000803F803F800139
:10BD0000000300030006000C000C001800180030AF
:10BD10000060807F807F000000000000000F000FA7
:10BD2000000C000C000C000C000C000C000C000CB3
:10BD3000000C000C000C000C000C000C000F000F9D
:10BD40000000001800180018000C000C000C000C7B
:10BD500000060006000600060003000300030000C2
:10BD600000000000001E001E00060006000600067F
:10BD70000006000600060006000600060006000693
:10BD800000060006001E001E0000000C000C001E35
:10BD90000012003300338061806100000000000069
:10BDA0000000000000000000000000000000000093
:10BDB0000000000000000000000000000000000083
:10BDC000000000000000000000000000E0FF000094
:10BDD000000000380018000C000000000000000007
:10BDE0000000000000000000000000000000000053
:10BDF0000000000000000000000000000000001F24
:10BE0000803F80618001801F803F80618063807FF0
:10BE1000C03800000000000000000060006000600A
:10BE20000060006E007F807380618061806180614E
:10BE30008073007F006E0000000000000000000022
:10BE4000000000000000001E003F80738061006061
:10BE5000006080618073003F001E00000000000051
:10BE600000008001800180018001801D803F80737F
:10BE700080618061806180618073803F801D0000EF
:10BE80000000000000000000000000000000001E94
:10BE9000003F00738061807F807F00608071003F81
:10BEA000001E0000000000000000C007C00F000CD2
:10BEB000000C807F807F000C000C000C000C000C3C
:10BEC000000C000C000C000000000000000000004E
:10BED00000000000801D803F807380618061806170
:10BEE00080618073803F801D80018063007F003E01
:10BEF00000000060006000600060006F807F807163
:10BF0000806180618061806180618061806100000A
:10BF10000000000000000006000600000000003ED7
:10BF2000003E0006000600060006000600060006A9
:10BF300000060000000000000006000600000000EF
:10BF4000003E003E00060006000600060006000651
:10BF50000006000600060046007E003C000000606F
:10BF6000006000600060806100630066006C007C1F
:10BF70000076006300638061C06000000000000084
:10BF80000000003E003E0006000600060006000617
:10BF90000006000600060006000600060006000077
:10BFA000000000000000000000000000000080DD34
:10BFB000C0FFC0CEC0CCC0CCC0CCC0CCC0CCC0CCEC
:10BFC000C0CC0000000000000000000000000000E5
:10BFD0000000006F807F807180618061806180617E
:10BFE00080618061806100000000000000000000AE
:10BFF000000000000000001E003F8073806180612F
:10C00000806180618073003F001E0000000000001E
:10C010000000000000000000006E007F807380615F
:10C020008061806180618073007F006E00600060CD
:10C03000006000600000000000000000801D803FE4
:10C04000807380618061806180618073803F801D2A
:10C0500080018001800180010000000000000000DC
:10C0600000000067803F00390030003000300030B1
:10C070000030003000300000000000000000000030
:10C08000000000000000001E803F80610060007F13
:10C09000803F80018061007F001E000000000000E2
:10C0A00000000000000800180018007F007F001842
:10C0B00000180018001800180018801F800F0000DA
:10C0C000000000000000000000000000000080618F
:10C0D0008061806180618061806180618063807F38
:10C0E000803D000000000000000000000000000093
:10C0F0000000C060803180318031001B001B001BBC
:10C10000000E000E0006000000000000000000000D
:10C1100000000000000080DD80DD80DD005500555E
:10C120000055007700770022002200000000000088
:10C1300000000000000000000000806100330033B8
:10C14000001E000C000C001E003300338061000054
:10C15000000000000000000000000000806180611D
:10C16000803100330033001B001B001B000E000E4B
:10C17000000E001C007C00700000000000000000A9
:10C180000000C07FC07F800100030006000C001883
:10C190000030C07FC07F00000000000080038007E7
:10C1A00000060006000600060006000E001C001C2B
:10C1B000000E000600060006000600068007800349
:10C1C000000600060006000600060006000600063F
:10C1D000000600060006000600060006000600062F
:10C1E000000600060038003C000C000C000C000C9F
:10C1F000000C000E00070007000E000C000C000CE5
:10C20000000C000C003C00380000000000000000A2
:10C210000000000000008038807F00470000000020
:10C22000000000000000000000000000000000000E
:10C2300000000000000000000000000000000000FE
:10C2400000000000000000000000000000000000EE
:10C2500000000000000000000000000000000000DE
:10C26000E003E003E003E003E003E003E003E003B6
:10C27000C003C003C001C001C001C001C001000073
:10C2800000000000E003E003E00300000000000005
:10C29000000000003C1E3C1E3C1E3C1E3C1E3C1E82
:10C2A0003C1E000000000000000000000000000034
:10C2B000000000000000000000000000000000007E
:10C2C0000000000000000000CE01CE03DE039E034C
:10C2D0009C039C07FF3FFF7F3807380F780F780FCC
:10C2E000780EFFFFFFFFF01EF01CE01CE03CE03D7D
:10C2F000E03900000000000000000000FC03FE0F19
:10C30000EE1FE01EE01EE01EE01EE01FE00FE00753
:10C31000F003FC01FE01FE01FE01FE01FE01FE0133
:10C32000FE3DFC3FF00FE001E001000000000000D6
:10C33000033E07F78FE78EE79EE3BCE3B8E7F8E735
:10C34000F0F7E03FC001FF03FF07F307F30FF31E11
:10C35000F33CF338F3787FF03FE00000000000008A
:10C3600000000000E007F80F780F781F781F781F93
:10C37000780FF00FE00F801FC37FC3FBE7F3F7F1E7
:10C38000F7F0FFF07FF03EF87F7CFF3FEF1F0000EB
:10C390000000000000000000E003E003E003E00311
:10C3A000E003C003C0010000000000000000000026
:10C3B000000000000000000000000000000000007D
:10C3C0000000000000000000000000003F007C00B2
:10C3D000F001E001C003C00780078007800F000F55
:10C3E000000F000F000F000F000F800F8007800765
:10C3F000C007C003E001F0017C003F000F00000017
:10C40000007E001FC007C003E001F001F000F00053
:10C41000F800780078007800780078007800F8005C
:10C42000F000F000F001E001C003C007001F007E33
:10C4300000780000E003C003C001CE39FF3F7F3F1A
:10C4400020037003F807780F3C1F38060000000037
:10C4500000000000000000000000000000000000DC
:10C4600000000000000000000000000000000000CC
:10C4700000000000C001C001C001C001C001C00136
:10C48000C001FFFFFFFFC001C001C001C001C0012A
:10C49000C0010000000000000000000000000000DB
:10C4A000000000000000000000000000000000008C
:10C4B0000000000000000000000000000000E00399
:10C4C000E003E003E003E001E001E001C0018003DC
:10C4D000000000000000000000000000000000005C
:10C4E000000000000000FE3FFE3F000000000000D2
:10C4F000000000000000000000000000000000003C
:10C50000000000000000000000000000000000002B
:10C51000000000000000000000000000000000001B
:10C52000000000000000E003E003E003E00300007F
:10C5300000000000000000000F000F001E001E00A1
:10C540003C003C0078007800F000F000E001E001E1
:10C55000C003C00380078007000F000F001E001EED
:10C56000003C003C0078007800F00000F007F80F75
:10C570007C1F3E3E1E3C1F7C1F7C0F780F780F787F
:10C580000F780F780F780F781F7C1F7C1E3C3E3E83
:10C590007C1FF80FF0070000000000000000000002
:10C5A000F000F007F03FF03FF001F001F001F00182
:10C5B000F001F001F001F001F001F001F001F001F3
:10C5C000F001F001F001FF3FFF3F0000000000001C
:10C5D00000000000E00FF83F7C3C3C003E003E00C5
:10C5E0003E003C003C007C00F800F001E003C00786
:10C5F0008007000F001E003E003CFE3FFE3F000093
:10C600000000000000000000F00FF81F7C1C3E003E
:10C610003E003E003C003C00F800F00FF80F7C00AC
:10C620003E001E001E001E001E003E007C1CF81F67
:10C63000E01F000000000000000000007800F8008B
:10C64000F800F801F803F807F807780F781E781E4D
:10C65000783C78787878FFFFFFFF780078007800E2
:10C660007800780078000000000000000000000062
:10C67000FC1FFC1FFC1F001E001E001E001E001ED3
:10C68000E01FF81FFC007C003E003E001E003E0044
:10C690003E003C007C1CF81FE01F00000000000072
:10C6A00000000000FC01FE078E0F001F001E003E70
:10C6B000003C003CF83DFC3F3E7F1F7E0F3C0F3CA2
:10C6C0000F3C0F3C0F3E1F1E3E1FFC0FF0030000EF
:10C6D0000000000000000000FF3FFF3FFF3F0F0091
:10C6E0001E001E003C0038007800F000F000E00161
:10C6F000E001C003C0038007800F800F000F001F00
:10C70000001F00000000000000000000F807FC0F00
:10C710003E1F1E1E1E3E1E3E1E1E3C1FF80FF00733
:10C72000F80FFC1E3E3E1F3C1F7C0F7C0F7C1F3C05
:10C730003E3FFC1FF007000000000000000000006A
:10C74000F007F80F7C1E3E3C1E3C1F7C1F7C1F7CAC
:10C750001F7C1F3C3F3EFF1FEF071F001E001E00F7
:10C760003E003C00F838F03FE01F000000000000F1
:10C7700000000000000000000000000000000000B9
:10C78000E003E003E003E00300000000000000001D
:10C79000000000000000E003E003E003E00300000D
:10C7A0000000000000000000000000000000000089
:10C7B00000000000E003E003E003E00300000000ED
:10C7C00000000000000000000000E003E003E003C0
:10C7D000E003E001E001E001C0038003000000008D
:10C7E000000000000000000003000F003F00FC00FC
:10C7F000F003C00F003F00FE003FC00FF003FC003D
:10C800003F000F00030000000000000000000000D7
:10C810000000000000000000000000000000000018
:10C8200000000000FFFFFFFF000000000000FFFF0E
:10C83000FFFF0000000000000000000000000000FA
:10C8400000000000000000000000000000000000E8
:10C8500000E000F8007E801FE007F8017E001F0066
:10C860007E00F801E007801F007E00F800E0000075
:10C870000000000000000000F01FFC3F3E381F38A1
:10C880001F381E001E003C007800F000E001C003CD
:10C89000C003C007C007000000000000C007C007B9
:10C8A000C00700000000000000000000F803FE0FB9
:10C8B0001E1F0F3E7F3CFF78EF79C773C7F38FF3DE
:10C8C0008FF38FF39FF39FF3FF73FF7BF779003CA8
:10C8D0001C1FFC0FF8030000000000000000000017
:10C8E000000000000000E003E003F007F007F0079D
:10C8F000780F780F7C0E3C1E3C1E3E3CFE3FFF3FF7
:10C900001F780F780FF007F007F00000000000001C
:10C9100000000000000000000000F83FFC3F3E3C2B
:10C920001E3C1E3C1E3C3E3C7C3CF03FF83F7E3CA7
:10C930001F3C1F3C0F3C0F3C1F3CFE3FF83F0000DC
:10C940000000000000000000000000000000FF01E7
:10C95000FF07871F003E003C007C007800780078CD
:10C9600000780078007C007C003E003F831FFF07BA
:10C97000FF010000000000000000000000000000B7
:10C980000000F07FFC7F7E781F781F780F780F788B
:10C990000F780F780F780F780F780F781F781E7840
:10C9A0007E78F87FE07F00000000000000000000BB
:10C9B000000000000000FF3FFF3F003E003E003E41
:10C9C000003E003E003EFE3FFE3F003E003E003E79
:10C9D000003E003E003EFF3FFF3F00000000000021
:10C9E00000000000000000000000FF1FFF1F001EED
:10C9F000001E001E001E001E001EFF1FFF1F001E47
:10CA0000001E001E001E001E001E001E001E000054
:10CA10000000000000000000000000000000FE0315
:10CA2000FF0F871F003E007C007C007800F800F8B4
:10CA30007FF87FF80F780F7C0F7C0F3E8F1FFF0F62
:10CA4000FE030000000000000000000000000000E5
:10CA500000001F7C1F7C1F7C1F7C1F7C1F7C1F7C99
:10CA60001F7CFF7FFF7F1F7C1F7C1F7C1F7C1F7C28
:10CA70001F7C1F7C1F7C00000000000000000000E5
:10CA8000000000000000FF3FFF3FE003E003E00381
:10CA9000E003E003E003E003E003E003E003E0037E
:10CAA000E003E003E003FF3FFF3F00000000000061
:10CAB00000000000000000000000FC1FFC1F7C00C4
:10CAC0007C007C007C007C007C007C007C007C0086
:10CAD0007C007C0078007800F838F03FC03F000010
:10CAE00000000000000000000000000000001F3CEB
:10CAF0001E3C3C3C783CF03CE03DE03FC03F803F8A
:10CB0000C03FE03FF03DF03C783C7C3C3E3C1F3C6D
:10CB10000F3C0000000000000000000000000000CA
:10CB20000000003E003E003E003E003E003E003E53
:10CB3000003E003E003E003E003E003E003E003E05
:10CB4000003EFF3FFF3F000000000000000000002B
:10CB50000000000000001FF81FFC1FFC3FFE3FFE0E
:10CB60003FFE7FFF77FF77FFF7F7E7F7E7F3E7F39E
:10CB7000C7F307F007F007F007F00000000000001F
:10CB8000000000000000000000000F7C0F7C0F7E02
:10CB90000F7F0F7F8F7F8F7FCF7FEF7BEF79FF79C5
:10CBA000FF78FF787F783F783F781F781F78000004
:10CBB0000000000000000000000000000000F0077E
:10CBC000FC1F3E3E1F7C0F780F780FF80FF80FF810
:10CBD0000FF80FF80FF80F780F781F7C3E3EFC1F00
:10CBE000F00700000000000000000000000000004E
:10CBF0000000FC3FFF3F1F3E0F3E0F3E0F3E0F3E2B
:10CC00001F3E3F3EFC3FF03F003E003E003E003EE8
:10CC1000003E003E003E000000000000000000005A
:10CC2000000000000000F007FC1F3E3E1F7C0F7854
:10CC30000F780FF80FF80FF80FF80FF80FF80F78BC
:10CC40000F781F7C3E3EFC1FF8077C003F000F0062
:10CC500003000000000000000000F03FFC3F7E3CAD
:10CC60003E3C1E3C1E3C3E3C3C3CFC3CF03FE03F1E
:10CC7000F03DF83C7C3C3E3C1E3C1F3C0F3C000021
:10CC80000000000000000000000000000000FC07A1
:10CC9000FE1F0E3E003C003C003C003EC01FF80F53
:10CCA000FE037F001F000F000F001F203E3CFC3FD3
:10CCB000F01F000000000000000000000000000065
:10CCC0000000FFFFFFFFE003E003E003E003E003F9
:10CCD000E003E003E003E003E003E003E003E0033C
:10CCE000E003E003E003000000000000000000009B
:10CCF0000000000000000F7C0F7C0F7C0F7C0F7C7D
:10CD00000F7C0F7C0F7C0F7C0F7C0F7C0F7C0F7CCB
:10CD10001E3C1E3C3E3EFC1FF007000000000000D1
:10CD20000000000000000000000007F007F007F816
:10CD30000F780F7C1E3C1E3C1E3E3C1E3C1F781F85
:10CD4000780FF80FF007F007F007E003E0030000AA
:10CD5000000000000000000000000000000003E0F0
:10CD600003F003F007F0E7F3E7F3E7F3E773F77B8C
:10CD7000F77FFF7F7F7F7F7F7E7F7E3F3E3E3E3E11
:10CD80003E3E000000000000000000000000000027
:10CD9000000007F80F7C1E3E3E3E3C1FF80FF007D8
:10CDA000E007E003E003F007F80F7C0F7C1E3E3C39
:10CDB0001F780F780FF00000000000000000000056
:10CDC00000000000000007F807780F7C1E3C1E3EA4
:10CDD0003C1F780FF80FF007E003E003E003E003E7
:10CDE000E003E003E003E003E003000000000000D4
:10CDF00000000000000000000000FF7FFF7F0F0028
:10CE00001F003E007C00F800F000E001E003C007D6
:10CE1000800F000F001E003E007CFF7FFF7F0000A0
:10CE20000000000000000000FF0780078007800767
:10CE300080078007800780078007800780078007BA
:10CE400080078007800780078007800780078007AA
:10CE5000800780078007FF07FF0700000078007841
:10CE6000003C003C001E001E000F000F80078007E2
:10CE7000C003C003E001E001F000F000780078009A
:10CE80003C003C001E001E000F000F0007000000C9
:10CE9000F07FF000F000F000F000F000F000F00093
:10CEA000F000F000F000F000F000F000F000F00002
:10CEB000F000F000F000F000F000F000F000F07F73
:10CEC000F07F0000C000C001C001E003E003F007F4
:10CED000F0077807780F380F3C1E3C1E1E3C1E3CA6
:10CEE0000F380F78077800000000000000000000F5
:10CEF0000000000000000000000000000000000032
:10CF00000000000000000000000000000000000021
:10CF10000000000000000000000000000000000011
:10CF20000000FFFFFFFF000000000000F000000015
:10CF300000000000000000000000000000000000F1
:10CF400000000000000000000000000000000000E1
:10CF500000000000000000000000000000000000D1
:10CF6000000000000000000000000000F80FFC3F7F
:10CF70007C3C3E003E003E00FE07FE1F3E3E3E7CE7
:10CF80003E783E7C7E7CFF3FCF1F0000000000000B
:10CF900000000000003C003C003C003C003C003C29
:10CFA000F83DFE3F3E3F1F3E0F3C0F3C0F3C0F3C09
:10CFB0000F3C0F3C1F3C1E3C3E3FFC3FF03B000043
:10CFC0000000000000000000000000000000000061
:10CFD00000000000FE03FF0F871F003E003E003CE4
:10CFE000007C007C007C003C003E003E871FFF0F61
:10CFF000FE03000000000000000000001F001F00F2
:10D000001F001F001F001F00FF07FF1F3F3E1F3CA8
:10D010001F7C1F7C1F7C1F781F781F7C1F7C3F3C60
:10D020007F3EFF1FDF0F0000000000000000000037
:10D03000000000000000000000000000F803FC0FEA
:10D040003E1F1E3E1F3C1F7CFF7FFF7F007C007C3D
:10D05000003C003E071FFF0FFE0300000000000021
:10D0600000000000FF01E103C003C007C007C007C4
:10D07000FF7FFF7FC007C007C007C007C007C0070A
:10D08000C007C007C007C007C007C007C00700002F
:10D090000000000000000000000000000000000090
:10D0A00000000000EF07FF1F7F3E1F3C1F7C1F7C1E
:10D0B0001F781F781F781F7C1F7C3F3C7F3EFF1F1F
:10D0C000DF0F1E001E001E007C38F83F003C003CB5
:10D0D000003C003C003C003CFC3DFE3F9E3F1F3FAF
:10D0E0001F3E1F3C1F3C1F3C1F3C1F3C1F3C1F3C66
:10D0F0001F3C1F3C1F3C000000000000000000001F
:10D10000F001F0010000000000000000E07FE07F7F
:10D11000E001E001E001E001E001E001E001E00107
:10D12000E001E001E001E001E0010000000000009A
:10D1300000000000F800F8000000000000000000FF
:10D14000F83FF83FF800F800F800F800F800F800A1
:10D15000F800F800F800F800F800F800F800F8000F
:10D16000F800F000F071E07F003C003C003C003C27
:10D17000003C003C1F3C3E3C7C3CF83CF03DE03D2C
:10D18000C03FC03FE03FF03DF83C7C3C3E3C1F3C94
:10D190001F3C00000000000000000000F07FF001D4
:10D1A000F001F001F001F001F001F001F001F001F7
:10D1B000F001F001F001F001F001F001F001F001E7
:10D1C000F001F001F001000000000000000000008C
:10D1D0000000000000000000000000009EF7FFFFBC
:10D1E000FFFFFFFFE7FBE7F9C7F1C7F1C7F1C7F1A1
:10D1F000C7F1C7F1C7F1C7F1C7F100000000000097
:10D20000000000000000000000000000000000001E
:10D21000FC3DFE3F9E3F1F3F1F3E1F3C1F3C1F3CEF
:10D220001F3C1F3C1F3C1F3C1F3C1F3C1F3C000081
:10D2300000000000000000000000000000000000EE
:10D2400000000000F007FC1F3E3E1F3C1F7C0F78D3
:10D250000F780F780F780F781F7C1F3C3E3EFC1F25
:10D26000F0070000000000000000000000000000C7
:10D270000000000000000000F83DFE3F3E3F1F3E62
:10D280000F3C0F3C0F3C0F3C0F3C0F3C1F3C1E3E25
:10D290003E3FFC3FF83F003C003C003C003C003C73
:10D2A000000000000000000000000000EE07FE1F6C
:10D2B0007E3E1E3C1E7C1E781E781E781E781E78D0
:10D2C0001E7C3E7C7E3EFE1FDE0F1E001E001E00EA
:10D2D0001E001E0000000000000000000000000012
:10D2E0007F1FFF1FE71FC71F871F001F001F001F93
:10D2F000001F001F001F001F001F001F001F000055
:10D30000000000000000000000000000000000001D
:10D3100000000000FC07FE1F0E1E003E003E003F06
:10D32000E01FFC07FE003E001E001E003E3CFC3FCE
:10D33000F01F0000000000000000000000000000DE
:10D340000000800780078007FF7FFF7F800780073E
:10D350008007800780078007800780078007800795
:10D36000C007FF03FF0100000000000000000000F4
:10D370000000000000000000000000001E3C1E3CF9
:10D380001E3C1E3C1E3C1E3C1E3C1E3C1E3C1E3CCD
:10D390003E3C7E3CFE3EFE1FDE0F00000000000013
:10D3A000000000000000000000000000000000007D
:10D3B00007F00F780F781E3C1E3C1E3E3C1E3C1EA4
:10D3C000780F780FF00FF007F007E003E00300009C
:10D3D000000000000000000000000000000000004D
:10D3E0000000000003F0E3F1E3F3E7F3F7F3F7F3F2
:10D3F000F77F777F7F7F7F7F7F7F3E3E3E3E3E3E53
:10D400003E3E0000000000000000000000000000A0
:10D4100000000000000000000F7C1E3E3C3E3C1F50
:10D42000F80FF007F007E003F007F807F80F7C1E8D
:10D430003E3E1F3C1F78000000000000000000007E
:10D4400000000000000000000000000007F80F7856
:10D450000F7C1E3C1E3C3C1E3C1E3C1F780FF80FF0
:10D46000F007F007E003E003C003C003C003800738
:10D47000800F007F0000000000000000000000009E
:10D48000FF3FFF3F1F003E007C00F800F001E0037B
:10D49000C007800F001F001E003CFF7FFF7F0000C1
:10D4A0000000000000000000FE01E003C003C00314
:10D4B000C003C003E001E001E001C001C003803F00
:10D4C000803FC003C001E001E001E001C003C003F0
:10D4D000C003C003E003FE017E000000C001C001E4
:10D4E000C001C001C001C001C001C001C001C00134
:10D4F000C001C001C001C001C001C001C001C00124
:10D50000C001C001C001C001C001C001C0010000D4
:10D51000C03FE003E001E001E001E001C001C00321
:10D52000C003C001E001FE00FE00E001C001C00335
:10D53000C003C001E001E001E001E001E003C03F01
:10D54000003F00000000000000000000000000009C
:10D5500000000000000000000000073FC77FE773E5
:10D56000FFF17EF00000000000000000000000005D
:10D570000000000000000000809A45418E418F802D
:10D580004545454949498E8F9092924F994F55553F
:10D5900059999A9B9C9D9E9F41494F55A5A5A6A729
:10D5A000A8A9AAABACADAEAFB0B1B2B3B4B5B6B783
:10D5B000B8B9BABBBCBDBEBFC0C1C2C3C4C5C6C773
:10D5C000C8C9CACBCCCDCECFD0D1D2D3D4D5D6D763
:10D5D000D8D9DADBDCDDDEDFE0E1E2E3E4E5E6E753
:10D5E000E8E9EAEBECEDEEEFF0F1F2F3F4F5F6F743
:10D5F000F8F9FAFBFCFDFEFF18D600080000002039
:10D6000040200000C401000878DD00084020002010
:10D610009849000028020008D20001C3030410103A
:10D6200006414C0008950412A50412D10C100629DD
:10D630004D00080914125D0C100512010002234070
:10D640000E40830420570002010203010A06121053
:10D650000C010004030904DF330008CB0412EB04BF
:10D6600012F10412F710100613340008DB18200919
:10D67000387600085C0000206412595012530412DE
:10D680003D58125704125510123F141251642120B4
:10D6900010129F400008CF3F0008794900087147E9
:10D6A00000080D0413E94B241108100BFD4300087A
:10D6B0000F4400083B4144110452A454E1D81275B0
:10D6C0002412450443A5445421DC1221389233101E
:10D6D0002128126514140B09022000010104C03234
:10D6E000090D2010020806500507058102400000C0
:10D6F00007050107011E01150A2204040006BA06E7
:10D7000007080900019280011005C0E0F0F801004F
:10D71000055FF0F0E08077216C70087C3E1F0F07FA
:10D72000070301000C3D070F1F1F3F3F3F1F1F0F47
:10D73000035F5007C0F0FCFEFEFF01A006FEFEFCEA
:10D74000F8E0E400092EFCFE9F8F8783818001357D
:10D750001B040420E0C0801E9005071F7FFF01000E
:10D7600005127F3F0F03011207F20009213F7FFBE3
:10D77000F3E3C3830301351B2532062301DB52018A
:10D78000010920CD218780077CF8F0E0C0C0ED3989
:10D790000B410109658BC30101ED7101029F00017D
:10D7A00033FF8101012C072007C1C1C1FFC1E10185
:10D7B00043FFF10713E1E1140230814D300400FF13
:10D7C00040010120071FC0FF7803380E784CFEFF90
:10D7D0007F7F7F4F4F4FFF4F5FA948055F5F477FB8
:10D7E000B22C047F5FDF33031805FCF8F8FF0F014C
:10D7F0002354124080322001011C07200AE0F8FE69
:10D80000FF3FFF3337300E2006E0A0A0E0A01C2031
:10D8100010E0E0E3E1FFE0E8E0E0E0A0FF272723FD
:10D820001C100727233B6F21372C11880222F05B45
:10D83000300400FF1001011B0780053F1F13110E6C
:10D8400012902FC004D1F0FF01116F300EF11F1F95
:10D85000FF301010501011FFF0F3150220FC5B3068
:10D860000400FF0801012907BC09090808E8090F9D
:10D87000FF2F280419F473787823463F9202201F63
:10D880005B300400FF0401013207100B84C4C5059E
:10D89000FF87070525450E1C0E1E3474440CFF043B
:10D8A0001C34F4F4F4FF41050004227F1F075B30B1
:10D8B0000400FF020101270700282642FFE2F2FED2
:10D8C000FFF7F2FF820A8F83F2FAFFFA061EF2FADE
:10D8D000FEFF76628A028282FFFE7A7E3F1F0FFF82
:10D8E0000303540D338003300E83838787FF878DB6
:10D8F000898F8F8FFF8F0113FF87150E328380036F
:10D900001D4907137C0402120002134438060D4619
:10D910009F074C10383838101018143454545010D5
:10D92000103810B40790047C447402FE7CCE07E1EA
:10D930000C8DB10621106DF706ADFE070110328186
:10D9400026A12AA14E0D1007074FFEFE730623865F
:10D95000860C3219011FFEFE1E057EFF2805152BC1
:10D9600043FFFF1AC3E6E60CA13221464FFFFFBD7D
:10D97000062134615A414E800706061818E0E05629
:10D980008D410632060121365F07078A07110843D9
:10D99000070718C10E011026810CE10801105A6317
:10D9A0000101300D1B19062408E0505050E000F032
:10D9B0001E31051D0F0B11126290121EF03E041154
:10D9C0001F2004505010055350A01E412D32F0145A
:10D9D0000A3B20402D49092F0300490341051DED55
:10D9E0000A11015201123119710D212A411E2DE037
:10D9F0000A31190D277009017D010242FF011C1037
:10DA0000C0FDFBE7C0FFC0DADADEFFC4FBFBC438B1
:10DA10000A8EC0450A011C3B0DFF00040DFF0004E7
:10DA20000D12160A3C07F0282828F0003F0B5D4431
:10DA30000B12101262C8121EF8BB07111F20042817
:10DA40002808055328D01E52001942F01F2300E079
:10DA50002B0C04301020C0870B3DC9033D070C413F
:10DA6000054D130C5106C2010D712A712652000694
:10DA7000214741090DFF00040DFF00040DFF0004C4
:10DA80000D2E00080D28F5031F0808F7035DF503A8
:10DA90001D03047005102010F82F0D3E580F0D22A5
:10DAA000F5035DE1036D03045DFA030D2340100DE2
:10DAB000FF00040D8700047D050401110671050DAA
:10DAC00021DD134280044D000461089106011BB45E
:10DAD0003E1F620A2106400D1D001F121210001188
:10DAE0001212120C0B111E0D23B70A1C070C100C7E
:10DAF00003000F5F0F120F312108A2094B0D58C907
:10DB00001112FE0123EE0606310C40056EB6D6EE6C
:10DB10000C400902020A2A2AD202020C30057A427B
:10DB200042FA0C014E80300BF71717D7565656178E
:10DB300017F70C72960C40091414555555D414144B
:10DB40000C3005945454950C0D4E0F16300B3F209D
:10DB5000202929292620203F0C92270C1D691162BB
:10DB60002F186226180D8A00043006C0FAFAFAFD52
:10DB7000064EC5C60B0C0628F8E7DFE7F8E10310F0
:10DB800008DDDADADAE6FFC14052C13B3146813FB7
:10DB9000500ADFDFDFFFE1DEDEDEE12532C00C0D03
:10DBA0008F00040D17AE0FADD6070D1CEE076D2AC2
:10DBB000080D1436080D2045030D10FC0F2DC60767
:10DBC000ADD607ADD207EDEE078D2A088DEA0F4DD1
:10DBD0002A080D238D060D17BA07ADDE070122189E
:10DBE000ADEA0B8D44080D2CD1034DC30F4DEF0F43
:10DBF0002DE70F4D11105D051021112D07101EC0CE
:10DC00000B106D2A101F101015100D48D1034DC3B5
:10DC10000F8D0110ADE70F5D12101E01D81B6E01B4
:10DC20002A106D34105203030DE900100D393B0822
:10DC3000131F01021DAA061C091F110E001F0E0E44
:10DC40000E15155C0C0C141615150504040E04F0C5
:10DC5000221052F10852F20852F30852F40852F519
:10DC60000852F6085EF75A045E0F62045E1F6A04EB
:10DC70005E2F72045E3F7A045E4F82045E5F8A0408
:10DC8000526F70527F4853FFF00852F10852F20869
:10DC900052F30852F40852F50852F60852F740526F
:10DCA0000F48521F50522F58523F60524F68525FD8
:10DCB00070526F78527F482181310852F10852F238
:10DCC0000852F30852F40852F50852F60852F74089
:10DCD000520F48521F50522F58523F60524F6852B5
:10DCE0005F70526F78527F481181410852F108529B
:10DCF000F20852F30852F40852F50852F60852F7A7
:10DD000040520F48521F50522F58523F60524F6896
:10DD1000525F70526F78527F4853FFF00852F108FB
:10DD200052F20852F30852F40852F50852F608521B
:10DD3000F740520F48521F50522F58523F60524FD7
:10DD400068525F70526F782E7F8D1C1C090A00008C
:10DD500064AD0008076A1F5364A7084C12770008D7
:10DD60000B120000D0B40008101A00002CC2881F4B
:08DD70000F10715F5C1F000041
:040000050800018965
:00000001FF
