  0
SECTION
  2
HEADER
  9
$MEASUREMENT
  70
  0
  9
$INSUNITS
  70
  1
  0
ENDSEC
  0
SECTION
  2
TABLES
  0
TABLE
  2
LTYPE
 70
     1
  0
LTYPE
  2
CONTINUOUS
 70
    64
  3
Ausgezogene Linie
 72
    65
 73
     0
 40
0.0
  0
ENDTAB
  0
TABLE
  2
LAYER
 70
     3
  0
LAYER
  2
Kontur
 70
    64
 62
     7
  6
CONTINUOUS
  0
LAYER
  2
Gravur
 70
    64
 62
     7
  6
CONTINUOUS
  0
LAYER
  2
Bezugspunkte
 70
    64
 62
     1
  6
CONTINUOUS
  0
ENDTAB
  0
TABLE
  2
STYLE
 70
     1
  0
STYLE
  2
TXT
 70
    64
 40
0.0
 41
1.0
 50
0.0
 71
     0
 42
3.500000
  3
TXT
  0
ENDTAB
  0
ENDSEC
  0
SECTION
  2
BLOCKS
  0
ENDSEC
  0
SECTION
  2
ENTITIES
  0
LINE
  8
Kontur
 62
   7
 39
0.004
  6
CONTINUOUS
 10
4.24000
 20
8.75000
 30
 0
 11
4.24000
 21
0.00000
  0
LINE
  8
Kontur
 62
   7
 39
0.004
  6
CONTINUOUS
 10
4.24000
 20
0.00000
 30
 0
 11
0.00000
 21
0.00000
  0
LINE
  8
Kontur
 62
   7
 39
0.004
  6
CONTINUOUS
 10
0.00000
 20
0.00000
 30
 0
 11
0.00000
 21
8.75000
  0
LINE
  8
Kontur
 62
   7
 39
0.004
  6
CONTINUOUS
 10
0.00000
 20
8.75000
 30
 0
 11
4.24000
 21
8.75000
  0
CIRCLE
  8
Kontur
 62
   7
 39
0.004
  6
CONTINUOUS
 10
1.06000
 20
8.59000
 30
 0
 40
0.10000
  0
CIRCLE
  8
Kontur
 62
   7
 39
0.004
  6
CONTINUOUS
 10
1.06000
 20
0.16000
 30
 0
 40
0.10000
  0
CIRCLE
  8
Kontur
 62
   7
 39
0.004
  6
CONTINUOUS
 10
3.18000
 20
8.59000
 30
 0
 40
0.10000
  0
CIRCLE
  8
Kontur
 62
   7
 39
0.004
  6
CONTINUOUS
 10
3.18000
 20
0.16000
 30
 0
 40
0.10000
  0
LINE
  8
Gravur
 62
   255
 39
0.016
  6
CONTINUOUS
 10
1.06332
 20
8.31083
 30
 0
 11
1.06332
 21
8.35032
  0
LINE
  8
Gravur
 62
   255
 39
0.016
  6
CONTINUOUS
 10
1.06332
 20
8.35032
 30
 0
 11
1.06332
 21
8.36026
  0
LINE
  8
Gravur
 62
   255
 39
0.016
  6
CONTINUOUS
 10
1.06332
 20
8.36026
 30
 0
 11
1.06322
 21
8.36177
  0
LINE
  8
Gravur
 62
   255
 39
0.016
  6
CONTINUOUS
 10
1.06322
 20
8.36177
 30
 0
 11
1.06321
 21
8.36197
  0
LINE
  8
Gravur
 62
   255
 39
0.016
  6
CONTINUOUS
 10
1.06321
 20
8.36197
 30
 0
 11
1.06321
 21
8.36197
  0
LINE
  8
Gravur
 62
   255
 39
0.016
  6
CONTINUOUS
 10
1.06321
 20
8.36197
 30
 0
 11
1.06340
 21
8.36367
  0
LINE
  8
Gravur
 62
   255
 39
0.016
  6
CONTINUOUS
 10
1.06340
 20
8.36367
 30
 0
 11
1.06354
 21
8.36389
  0
LINE
  8
Gravur
 62
   255
 39
0.016
  6
CONTINUOUS
 10
1.06354
 20
8.36389
 30
 0
 11
1.06527
 21
8.36466
  0
LINE
  8
Gravur
 62
   255
 39
0.016
  6
CONTINUOUS
 10
1.06527
 20
8.36466
 30
 0
 11
1.06546
 21
8.36470
  0
LINE
  8
Gravur
 62
   255
 39
0.016
  6
CONTINUOUS
 10
1.06546
 20
8.36470
 30
 0
 11
1.06546
 21
8.36470
  0
LINE
  8
Gravur
 62
   255
 39
0.016
  6
CONTINUOUS
 10
1.06546
 20
8.36470
 30
 0
 11
1.06705
 21
8.36496
  0
LINE
  8
Gravur
 62
   255
 39
0.016
  6
CONTINUOUS
 10
1.06705
 20
8.36496
 30
 0
 11
1.06729
 21
8.36500
  0
LINE
  8
Gravur
 62
   255
 39
0.016
  6
CONTINUOUS
 10
1.06729
 20
8.36500
 30
 0
 11
1.07232
 21
8.36568
  0
LINE
  8
Gravur
 62
   255
 39
0.016
  6
CONTINUOUS
 10
1.07232
 20
8.36568
 30
 0
 11
1.07277
 21
8.36572
  0
LINE
  8
Gravur
 62
   255
 39
0.016
  6
CONTINUOUS
 10
1.07277
 20
8.36572
 30
 0
 11
1.07277
 21
8.36572
  0
LINE
  8
Gravur
 62
   255
 39
0.016
  6
CONTINUOUS
 10
1.07277
 20
8.36572
 30
 0
 11
1.07715
 21
8.36595
  0
LINE
  8
Gravur
 62
   255
 39
0.016
  6
CONTINUOUS
 10
1.07715
 20
8.36595
 30
 0
 11
1.07803
 21
8.36596
  0
LINE
  8
Gravur
 62
   255
 39
0.016
  6
CONTINUOUS
 10
1.07803
 20
8.36596
 30
 0
 11
1.08331
 21
8.36572
  0
LINE
  8
Gravur
 62
   255
 39
0.016
  6
CONTINUOUS
 10
1.08331
 20
8.36572
 30
 0
 11
1.08390
 21
8.36565
  0
LINE
  8
Gravur
 62
   255
 39
0.016
  6
CONTINUOUS
 10
1.08390
 20
8.36565
 30
 0
 11
1.08390
 21
8.36565
  0
LINE
  8
Gravur
 62
   255
 39
0.016
  6
CONTINUOUS
 10
1.08390
 20
8.36565
 30
 0
 11
1.08975
 21
8.36449
  0
LINE
  8
Gravur
 62
   255
 39
0.016
  6
CONTINUOUS
 10
1.08975
 20
8.36449
 30
 0
 11
1.09088
 21
8.36412
  0
LINE
  8
Gravur
 62
   255
 39
0.016
  6
CONTINUOUS
 10
1.09088
 20
8.36412
 30
 0
 11
1.09385
 21
8.36284
  0
LINE
  8
Gravur
 62
   255
 39
0.016
  6
CONTINUOUS
 10
1.09385
 20
8.36284
 30
 0
 11
1.09417
 21
8.36267
  0
LINE
  8
Gravur
 62
   255
 39
0.016
  6
CONTINUOUS
 10
1.09417
 20
8.36267
 30
 0
 11
1.09417
 21
8.36267
  0
LINE
  8
Gravur
 62
   255
 39
0.016
  6
CONTINUOUS
 10
1.09417
 20
8.36267
 30
 0
 11
1.09687
 21
8.36095
  0
LINE
  8
Gravur
 62
   255
 39
0.016
  6
CONTINUOUS
 10
1.09687
 20
8.36095
 30
 0
 11
1.09737
 21
8.36057
  0
LINE
  8
Gravur
 62
   255
 39
0.016
  6
CONTINUOUS
 10
1.09737
 20
8.36057
 30
 0
 11
1.10029
 21
8.35762
  0
LINE
  8
Gravur
 62
   255
 39
0.016
  6
CONTINUOUS
 10
1.10029
 20
8.35762
 30
 0
 11
1.10110
 21
8.35652
  0
LINE
  8
Gravur
 62
   255
 39
0.016
  6
CONTINUOUS
 10
1.10110
 20
8.35652
 30
 0
 11
1.10110
 21
8.35652
  0
LINE
  8
Gravur
 62
   255
 39
0.016
  6
CONTINUOUS
 10
1.10110
 20
8.35652
 30
 0
 11
1.10391
 21
8.35072
  0
LINE
  8
Gravur
 62
   255
 39
0.016
  6
CONTINUOUS
 10
1.10391
 20
8.35072
 30
 0
 11
1.10534
 21
8.34427
  0
LINE
  8
Gravur
 62
   255
 39
0.016
  6
CONTINUOUS
 10
1.10534
 20
8.34427
 30
 0
 11
1.10534
 21
8.34427
  0
LINE
  8
Gravur
 62
   255
 39
0.016
  6
CONTINUOUS
 10
1.10534
 20
8.34427
 30
 0
 11
1.10572
 21
8.33892
  0
LINE
  8
Gravur
 62
   255
 39
0.016
  6
CONTINUOUS
 10
1.10572
 20
8.33892
 30
 0
 11
1.10557
 21
8.33376
  0
LINE
  8
Gravur
 62
   255
 39
0.016
  6
CONTINUOUS
 10
1.10557
 20
8.33376
 30
 0
 11
1.10503
 21
8.32904
  0
LINE
  8
Gravur
 62
   255
 39
0.016
  6
CONTINUOUS
 10
1.10503
 20
8.32904
 30
 0
 11
1.10493
 21
8.32851
  0
LINE
  8
Gravur
 62
   255
 39
0.016
  6
CONTINUOUS
 10
1.10493
 20
8.32851
 30
 0
 11
1.10493
 21
8.32851
  0
LINE
  8
Gravur
 62
   255
 39
0.016
  6
CONTINUOUS
 10
1.10493
 20
8.32851
 30
 0
 11
1.10360
 21
8.32357
  0
LINE
  8
Gravur
 62
   255
 39
0.016
  6
CONTINUOUS
 10
1.10360
 20
8.32357
 30
 0
 11
1.10322
 21
8.32262
  0
LINE
  8
Gravur
 62
   255
 39
0.016
  6
CONTINUOUS
 10
1.10322
 20
8.32262
 30
 0
 11
1.10113
 21
8.31890
  0
LINE
  8
Gravur
 62
   255
 39
0.016
  6
CONTINUOUS
 10
1.10113
 20
8.31890
 30
 0
 11
1.10029
 21
8.31783
  0
LINE
  8
Gravur
 62
   255
 39
0.016
  6
CONTINUOUS
 10
1.10029
 20
8.31783
 30
 0
 11
1.09743
 21
8.31508
  0
LINE
  8
Gravur
 62
   255
 39
0.016
  6
CONTINUOUS
 10
1.09743
 20
8.31508
 30
 0
 11
1.09637
 21
8.31431
  0
LINE
  8
Gravur
 62
   255
 39
0.016
  6
CONTINUOUS
 10
1.09637
 20
8.31431
 30
 0
 11
1.09637
 21
8.31431
  0
LINE
  8
Gravur
 62
   255
 39
0.016
  6
CONTINUOUS
 10
1.09637
 20
8.31431
 30
 0
 11
1.09419
 21
8.31301
  0
LINE
  8
Gravur
 62
   255
 39
0.016
  6
CONTINUOUS
 10
1.09419
 20
8.31301
 30
 0
 11
1.09186
 21
8.31196
  0
LINE
  8
Gravur
 62
   255
 39
0.016
  6
CONTINUOUS
 10
1.09186
 20
8.31196
 30
 0
 11
1.08425
 21
8.31005
  0
LINE
  8
Gravur
 62
   255
 39
0.016
  6
CONTINUOUS
 10
1.08425
 20
8.31005
 30
 0
 11
1.08159
 21
8.30978
  0
LINE
  8
Gravur
 62
   255
 39
0.016
  6
CONTINUOUS
 10
1.08159
 20
8.30978
 30
 0
 11
1.08159
 21
8.30978
  0
LINE
  8
Gravur
 62
   255
 39
0.016
  6
CONTINUOUS
 10
1.08159
 20
8.30978
 30
 0
 11
1.08007
 21
8.30969
  0
LINE
  8
Gravur
 62
   255
 39
0.016
  6
CONTINUOUS
 10
1.08007
 20
8.30969
 30
 0
 11
1.07856
 21
8.30964
  0
LINE
  8
Gravur
 62
   255
 39
0.016
  6
CONTINUOUS
 10
1.07856
 20
8.30964
 30
 0
 11
1.07318
 21
8.30980
  0
LINE
  8
Gravur
 62
   255
 39
0.016
  6
CONTINUOUS
 10
1.07318
 20
8.30980
 30
 0
 11
1.07269
 21
8.30984
  0
LINE
  8
Gravur
 62
   255
 39
0.016
  6
CONTINUOUS
 10
1.07269
 20
8.30984
 30
 0
 11
1.07269
 21
8.30984
  0
LINE
  8
Gravur
 62
   255
 39
0.016
  6
CONTINUOUS
 10
1.07269
 20
8.30984
 30
 0
 11
1.06852
 21
8.31027
  0
LINE
  8
Gravur
 62
   255
 39
0.016
  6
CONTINUOUS
 10
1.06852
 20
8.31027
 30
 0
 11
1.06769
 21
8.31038
  0
LINE
  8
Gravur
 62
   255
 39
0.016
  6
CONTINUOUS
 10
1.06769
 20
8.31038
 30
 0
 11
1.06596
 21
8.31067
  0
LINE
  8
Gravur
 62
   255
 39
0.016
  6
CONTINUOUS
 10
1.06596
 20
8.31067
 30
 0
 11
1.06573
 21
8.31071
  0
LINE
  8
Gravur
 62
   255
 39
0.016
  6
CONTINUOUS
 10
1.06573
 20
8.31071
 30
 0
 11
1.06573
 21
8.31071
  0
LINE
  8
Gravur
 62
   255
 39
0.016
  6
CONTINUOUS
 10
1.06573
 20
8.31071
 30
 0
 11
1.06378
 21
8.31068
  0
LINE
  8
Gravur
 62
   255
 39
0.016
  6
CONTINUOUS
 10
1.06378
 20
8.31068
 30
 0
 11
1.06354
 21
8.31055
  0
LINE
  8
Gravur
 62
   255
 39
0.016
  6
CONTINUOUS
 10
1.06354
 20
8.31055
 30
 0
 11
1.06324
 21
8.30936
  0
LINE
  8
Gravur
 62
   255
 39
0.016
  6
CONTINUOUS
 10
1.06324
 20
8.30936
 30
 0
 11
1.06325
 21
8.30923
  0
LINE
  8
Gravur
 62
   255
 39
0.016
  6
CONTINUOUS
 10
1.06325
 20
8.30923
 30
 0
 11
1.06325
 21
8.30923
  0
LINE
  8
Gravur
 62
   255
 39
0.016
  6
CONTINUOUS
 10
1.06325
 20
8.30923
 30
 0
 11
1.06331
 21
8.30819
  0
LINE
  8
Gravur
 62
   255
 39
0.016
  6
CONTINUOUS
 10
1.06331
 20
8.30819
 30
 0
 11
1.06332
 21
8.30805
  0
LINE
  8
Gravur
 62
   255
 39
0.016
  6
CONTINUOUS
 10
1.06332
 20
8.30805
 30
 0
 11
1.06332
 21
8.30063
  0
LINE
  8
Gravur
 62
   255
 39
0.016
  6
CONTINUOUS
 10
1.06332
 20
8.30063
 30
 0
 11
1.06332
 21
8.27068
  0
LINE
  8
Gravur
 62
   255
 39
0.016
  6
CONTINUOUS
 10
1.13073
 20
8.36463
 30
 0
 11
1.16532
 21
8.36463
  0
LINE
  8
Gravur
 62
   255
 39
0.016
  6
CONTINUOUS
 10
1.14809
 20
8.36450
 30
 0
 11
1.14809
 21
8.29440
  0
LINE
  8
Gravur
 62
   255
 39
0.016
  6
CONTINUOUS
 10
1.14809
 20
8.29440
 30
 0
 11
1.14809
 21
8.27677
  0
LINE
  8
Gravur
 62
   255
 39
0.016
  6
CONTINUOUS
 10
1.14809
 20
8.27677
 30
 0
 11
1.14809
 21
8.27240
  0
LINE
  8
Gravur
 62
   255
 39
0.016
  6
CONTINUOUS
 10
1.14809
 20
8.27240
 30
 0
 11
1.14786
 21
8.27077
  0
LINE
  8
Gravur
 62
   255
 39
0.016
  6
CONTINUOUS
 10
1.14786
 20
8.27077
 30
 0
 11
1.14345
 21
8.27055
  0
LINE
  8
Gravur
 62
   255
 39
0.016
  6
CONTINUOUS
 10
1.14345
 20
8.27055
 30
 0
 11
1.13073
 21
8.27055
  0
LINE
  8
Gravur
 62
   255
 39
0.016
  6
CONTINUOUS
 10
1.14822
 20
8.27055
 30
 0
 11
1.16532
 21
8.27055
  0
LINE
  8
Gravur
 62
   255
 39
0.016
  6
CONTINUOUS
 10
1.19099
 20
8.36463
 30
 0
 11
1.23750
 21
8.36463
  0
LINE
  8
Gravur
 62
   255
 39
0.016
  6
CONTINUOUS
 10
1.21431
 20
8.36450
 30
 0
 11
1.21431
 21
8.27068
  0
LINE
  8
Gravur
 62
   255
 39
0.016
  6
CONTINUOUS
 10
1.30001
 20
8.27320
 30
 0
 11
1.29306
 21
8.27030
  0
LINE
  8
Gravur
 62
   255
 39
0.016
  6
CONTINUOUS
 10
1.29306
 20
8.27030
 30
 0
 11
1.29200
 21
8.27003
  0
LINE
  8
Gravur
 62
   255
 39
0.016
  6
CONTINUOUS
 10
1.29200
 20
8.27003
 30
 0
 11
1.29092
 21
8.26979
  0
LINE
  8
Gravur
 62
   255
 39
0.016
  6
CONTINUOUS
 10
1.29092
 20
8.26979
 30
 0
 11
1.28984
 21
8.26959
  0
LINE
  8
Gravur
 62
   255
 39
0.016
  6
CONTINUOUS
 10
1.28984
 20
8.26959
 30
 0
 11
1.28984
 21
8.26959
  0
LINE
  8
Gravur
 62
   255
 39
0.016
  6
CONTINUOUS
 10
1.28984
 20
8.26959
 30
 0
 11
1.28325
 21
8.26928
  0
LINE
  8
Gravur
 62
   255
 39
0.016
  6
CONTINUOUS
 10
1.28325
 20
8.26928
 30
 0
 11
1.28109
 21
8.26955
  0
LINE
  8
Gravur
 62
   255
 39
0.016
  6
CONTINUOUS
 10
1.28109
 20
8.26955
 30
 0
 11
1.27897
 21
8.27001
  0
LINE
  8
Gravur
 62
   255
 39
0.016
  6
CONTINUOUS
 10
1.27897
 20
8.27001
 30
 0
 11
1.27692
 21
8.27069
  0
LINE
  8
Gravur
 62
   255
 39
0.016
  6
CONTINUOUS
 10
1.27692
 20
8.27069
 30
 0
 11
1.27692
 21
8.27069
  0
LINE
  8
Gravur
 62
   255
 39
0.016
  6
CONTINUOUS
 10
1.27692
 20
8.27069
 30
 0
 11
1.27600
 21
8.27107
  0
LINE
  8
Gravur
 62
   255
 39
0.016
  6
CONTINUOUS
 10
1.27600
 20
8.27107
 30
 0
 11
1.27510
 21
8.27151
  0
LINE
  8
Gravur
 62
   255
 39
0.016
  6
CONTINUOUS
 10
1.27510
 20
8.27151
 30
 0
 11
1.26980
 21
8.27542
  0
LINE
  8
Gravur
 62
   255
 39
0.016
  6
CONTINUOUS
 10
1.26980
 20
8.27542
 30
 0
 11
1.26928
 21
8.27595
  0
LINE
  8
Gravur
 62
   255
 39
0.016
  6
CONTINUOUS
 10
1.26928
 20
8.27595
 30
 0
 11
1.26878
 21
8.27649
  0
LINE
  8
Gravur
 62
   255
 39
0.016
  6
CONTINUOUS
 10
1.26878
 20
8.27649
 30
 0
 11
1.26829
 21
8.27705
  0
LINE
  8
Gravur
 62
   255
 39
0.016
  6
CONTINUOUS
 10
1.26829
 20
8.27705
 30
 0
 11
1.26829
 21
8.27705
  0
LINE
  8
Gravur
 62
   255
 39
0.016
  6
CONTINUOUS
 10
1.26829
 20
8.27705
 30
 0
 11
1.26505
 21
8.28185
  0
LINE
  8
Gravur
 62
   255
 39
0.016
  6
CONTINUOUS
 10
1.26505
 20
8.28185
 30
 0
 11
1.26453
 21
8.28287
  0
LINE
  8
Gravur
 62
   255
 39
0.016
  6
CONTINUOUS
 10
1.26453
 20
8.28287
 30
 0
 11
1.26260
 21
8.28760
  0
LINE
  8
Gravur
 62
   255
 39
0.016
  6
CONTINUOUS
 10
1.26260
 20
8.28760
 30
 0
 11
1.26228
 21
8.28857
  0
LINE
  8
Gravur
 62
   255
 39
0.016
  6
CONTINUOUS
 10
1.26228
 20
8.28857
 30
 0
 11
1.26228
 21
8.28857
  0
LINE
  8
Gravur
 62
   255
 39
0.016
  6
CONTINUOUS
 10
1.26228
 20
8.28857
 30
 0
 11
1.26032
 21
8.29671
  0
LINE
  8
Gravur
 62
   255
 39
0.016
  6
CONTINUOUS
 10
1.26032
 20
8.29671
 30
 0
 11
1.25989
 21
8.29947
  0
LINE
  8
Gravur
 62
   255
 39
0.016
  6
CONTINUOUS
 10
1.25989
 20
8.29947
 30
 0
 11
1.25989
 21
8.29947
  0
LINE
  8
Gravur
 62
   255
 39
0.016
  6
CONTINUOUS
 10
1.25989
 20
8.29947
 30
 0
 11
1.25931
 21
8.30443
  0
LINE
  8
Gravur
 62
   255
 39
0.016
  6
CONTINUOUS
 10
1.25931
 20
8.30443
 30
 0
 11
1.25892
 21
8.30937
  0
LINE
  8
Gravur
 62
   255
 39
0.016
  6
CONTINUOUS
 10
1.25892
 20
8.30937
 30
 0
 11
1.25867
 21
8.32483
  0
LINE
  8
Gravur
 62
   255
 39
0.016
  6
CONTINUOUS
 10
1.25867
 20
8.32483
 30
 0
 11
1.25876
 21
8.32656
  0
LINE
  8
Gravur
 62
   255
 39
0.016
  6
CONTINUOUS
 10
1.25876
 20
8.32656
 30
 0
 11
1.25876
 21
8.32656
  0
LINE
  8
Gravur
 62
   255
 39
0.016
  6
CONTINUOUS
 10
1.25876
 20
8.32656
 30
 0
 11
1.25995
 21
8.33720
  0
LINE
  8
Gravur
 62
   255
 39
0.016
  6
CONTINUOUS
 10
1.25995
 20
8.33720
 30
 0
 11
1.26061
 21
8.34069
  0
LINE
  8
Gravur
 62
   255
 39
0.016
  6
CONTINUOUS
 10
1.26061
 20
8.34069
 30
 0
 11
1.26142
 21
8.34414
  0
LINE
  8
Gravur
 62
   255
 39
0.016
  6
CONTINUOUS
 10
1.26142
 20
8.34414
 30
 0
 11
1.26238
 21
8.34754
  0
LINE
  8
Gravur
 62
   255
 39
0.016
  6
CONTINUOUS
 10
1.26238
 20
8.34754
 30
 0
 11
1.26378
 21
8.35126
  0
LINE
  8
Gravur
 62
   255
 39
0.016
  6
CONTINUOUS
 10
1.26378
 20
8.35126
 30
 0
 11
1.26396
 21
8.35167
  0
LINE
  8
Gravur
 62
   255
 39
0.016
  6
CONTINUOUS
 10
1.26396
 20
8.35167
 30
 0
 11
1.26396
 21
8.35167
  0
LINE
  8
Gravur
 62
   255
 39
0.016
  6
CONTINUOUS
 10
1.26396
 20
8.35167
 30
 0
 11
1.26579
 21
8.35510
  0
LINE
  8
Gravur
 62
   255
 39
0.016
  6
CONTINUOUS
 10
1.26579
 20
8.35510
 30
 0
 11
1.26620
 21
8.35575
  0
LINE
  8
Gravur
 62
   255
 39
0.016
  6
CONTINUOUS
 10
1.26620
 20
8.35575
 30
 0
 11
1.27045
 21
8.36064
  0
LINE
  8
Gravur
 62
   255
 39
0.016
  6
CONTINUOUS
 10
1.27045
 20
8.36064
 30
 0
 11
1.27143
 21
8.36143
  0
LINE
  8
Gravur
 62
   255
 39
0.016
  6
CONTINUOUS
 10
1.27143
 20
8.36143
 30
 0
 11
1.27458
 21
8.36343
  0
LINE
  8
Gravur
 62
   255
 39
0.016
  6
CONTINUOUS
 10
1.27458
 20
8.36343
 30
 0
 11
1.27570
 21
8.36397
  0
LINE
  8
Gravur
 62
   255
 39
0.016
  6
CONTINUOUS
 10
1.27570
 20
8.36397
 30
 0
 11
1.27570
 21
8.36397
  0
LINE
  8
Gravur
 62
   255
 39
0.016
  6
CONTINUOUS
 10
1.27570
 20
8.36397
 30
 0
 11
1.27784
 21
8.36481
  0
LINE
  8
Gravur
 62
   255
 39
0.016
  6
CONTINUOUS
 10
1.27784
 20
8.36481
 30
 0
 11
1.28008
 21
8.36543
  0
LINE
  8
Gravur
 62
   255
 39
0.016
  6
CONTINUOUS
 10
1.28008
 20
8.36543
 30
 0
 11
1.28237
 21
8.36582
  0
LINE
  8
Gravur
 62
   255
 39
0.016
  6
CONTINUOUS
 10
1.28237
 20
8.36582
 30
 0
 11
1.28473
 21
8.36599
  0
LINE
  8
Gravur
 62
   255
 39
0.016
  6
CONTINUOUS
 10
1.28473
 20
8.36599
 30
 0
 11
1.28712
 21
8.36592
  0
LINE
  8
Gravur
 62
   255
 39
0.016
  6
CONTINUOUS
 10
1.28712
 20
8.36592
 30
 0
 11
1.28954
 21
8.36563
  0
LINE
  8
Gravur
 62
   255
 39
0.016
  6
CONTINUOUS
 10
1.28954
 20
8.36563
 30
 0
 11
1.29391
 21
8.36445
  0
LINE
  8
Gravur
 62
   255
 39
0.016
  6
CONTINUOUS
 10
1.29391
 20
8.36445
 30
 0
 11
1.29437
 21
8.36427
  0
LINE
  8
Gravur
 62
   255
 39
0.016
  6
CONTINUOUS
 10
1.29437
 20
8.36427
 30
 0
 11
1.29437
 21
8.36427
  0
LINE
  8
Gravur
 62
   255
 39
0.016
  6
CONTINUOUS
 10
1.29437
 20
8.36427
 30
 0
 11
1.29840
 21
8.36260
  0
LINE
  8
Gravur
 62
   255
 39
0.016
  6
CONTINUOUS
 10
1.29840
 20
8.36260
 30
 0
 11
1.29921
 21
8.36225
  0
LINE
  8
Gravur
 62
   255
 39
0.016
  6
CONTINUOUS
 10
1.32555
 20
8.36463
 30
 0
 11
1.32555
 21
8.27068
  0
LINE
  8
Gravur
 62
   255
 39
0.016
  6
CONTINUOUS
 10
1.36795
 20
8.36463
 30
 0
 11
1.36795
 21
8.27068
  0
LINE
  8
Gravur
 62
   255
 39
0.016
  6
CONTINUOUS
 10
1.32568
 20
8.32223
 30
 0
 11
1.36782
 21
8.32223
  0
LINE
  8
Gravur
 62
   255
 39
0.016
  6
CONTINUOUS
 10
0.44573
 20
2.28615
 30
 0
 11
0.43794
 21
2.28604
  0
LINE
  8
Gravur
 62
   255
 39
0.016
  6
CONTINUOUS
 10
0.43794
 20
2.28604
 30
 0
 11
0.41965
 21
2.28604
  0
LINE
  8
Gravur
 62
   255
 39
0.016
  6
CONTINUOUS
 10
0.41965
 20
2.28604
 30
 0
 11
0.41382
 21
2.28604
  0
LINE
  8
Gravur
 62
   255
 39
0.016
  6
CONTINUOUS
 10
0.41382
 20
2.28604
 30
 0
 11
0.41149
 21
2.28603
  0
LINE
  8
Gravur
 62
   255
 39
0.016
  6
CONTINUOUS
 10
0.41149
 20
2.28603
 30
 0
 11
0.41235
 21
2.28962
  0
LINE
  8
Gravur
 62
   255
 39
0.016
  6
CONTINUOUS
 10
0.41235
 20
2.28962
 30
 0
 11
0.41417
 21
2.29651
  0
LINE
  8
Gravur
 62
   255
 39
0.016
  6
CONTINUOUS
 10
0.41417
 20
2.29651
 30
 0
 11
0.41711
 21
2.30750
  0
LINE
  8
Gravur
 62
   255
 39
0.016
  6
CONTINUOUS
 10
0.41711
 20
2.30750
 30
 0
 11
0.41744
 21
2.30872
  0
LINE
  8
Gravur
 62
   255
 39
0.016
  6
CONTINUOUS
 10
0.41744
 20
2.30872
 30
 0
 11
0.41744
 21
2.30872
  0
LINE
  8
Gravur
 62
   255
 39
0.016
  6
CONTINUOUS
 10
0.41744
 20
2.30872
 30
 0
 11
0.42065
 21
2.32073
  0
LINE
  8
Gravur
 62
   255
 39
0.016
  6
CONTINUOUS
 10
0.42065
 20
2.32073
 30
 0
 11
0.42126
 21
2.32314
  0
LINE
  8
Gravur
 62
   255
 39
0.016
  6
CONTINUOUS
 10
0.42126
 20
2.32314
 30
 0
 11
0.42609
 21
2.34130
  0
LINE
  8
Gravur
 62
   255
 39
0.016
  6
CONTINUOUS
 10
0.42609
 20
2.34130
 30
 0
 11
0.42722
 21
2.34554
  0
LINE
  8
Gravur
 62
   255
 39
0.016
  6
CONTINUOUS
 10
0.42722
 20
2.34554
 30
 0
 11
0.42730
 21
2.34585
  0
LINE
  8
Gravur
 62
   255
 39
0.016
  6
CONTINUOUS
 10
0.42730
 20
2.34585
 30
 0
 11
0.42732
 21
2.34592
  0
LINE
  8
Gravur
 62
   255
 39
0.016
  6
CONTINUOUS
 10
0.42732
 20
2.34592
 30
 0
 11
0.42732
 21
2.34592
  0
LINE
  8
Gravur
 62
   255
 39
0.016
  6
CONTINUOUS
 10
0.42732
 20
2.34592
 30
 0
 11
0.42753
 21
2.34653
  0
LINE
  8
Gravur
 62
   255
 39
0.016
  6
CONTINUOUS
 10
0.42753
 20
2.34653
 30
 0
 11
0.42765
 21
2.34670
  0
LINE
  8
Gravur
 62
   255
 39
0.016
  6
CONTINUOUS
 10
0.42765
 20
2.34670
 30
 0
 11
0.42765
 21
2.34670
  0
LINE
  8
Gravur
 62
   255
 39
0.016
  6
CONTINUOUS
 10
0.42765
 20
2.34670
 30
 0
 11
0.42786
 21
2.34687
  0
LINE
  8
Gravur
 62
   255
 39
0.016
  6
CONTINUOUS
 10
0.42786
 20
2.34687
 30
 0
 11
0.42814
 21
2.34697
  0
LINE
  8
Gravur
 62
   255
 39
0.016
  6
CONTINUOUS
 10
0.42814
 20
2.34697
 30
 0
 11
0.42946
 21
2.34682
  0
LINE
  8
Gravur
 62
   255
 39
0.016
  6
CONTINUOUS
 10
0.42946
 20
2.34682
 30
 0
 11
0.42966
 21
2.34670
  0
LINE
  8
Gravur
 62
   255
 39
0.016
  6
CONTINUOUS
 10
0.42966
 20
2.34670
 30
 0
 11
0.42966
 21
2.34670
  0
LINE
  8
Gravur
 62
   255
 39
0.016
  6
CONTINUOUS
 10
0.42966
 20
2.34670
 30
 0
 11
0.43066
 21
2.34490
  0
LINE
  8
Gravur
 62
   255
 39
0.016
  6
CONTINUOUS
 10
0.43066
 20
2.34490
 30
 0
 11
0.43085
 21
2.34413
  0
LINE
  8
Gravur
 62
   255
 39
0.016
  6
CONTINUOUS
 10
0.43085
 20
2.34413
 30
 0
 11
0.43085
 21
2.34413
  0
LINE
  8
Gravur
 62
   255
 39
0.016
  6
CONTINUOUS
 10
0.43085
 20
2.34413
 30
 0
 11
0.43104
 21
2.34313
  0
LINE
  8
Gravur
 62
   255
 39
0.016
  6
CONTINUOUS
 10
0.43104
 20
2.34313
 30
 0
 11
0.43124
 21
2.34222
  0
LINE
  8
Gravur
 62
   255
 39
0.016
  6
CONTINUOUS
 10
0.43124
 20
2.34222
 30
 0
 11
0.43574
 21
2.32526
  0
LINE
  8
Gravur
 62
   255
 39
0.016
  6
CONTINUOUS
 10
0.43574
 20
2.32526
 30
 0
 11
0.44415
 21
2.29346
  0
LINE
  8
Gravur
 62
   255
 39
0.016
  6
CONTINUOUS
 10
0.44415
 20
2.29346
 30
 0
 11
0.44472
 21
2.29093
  0
LINE
  8
Gravur
 62
   255
 39
0.016
  6
CONTINUOUS
 10
0.44472
 20
2.29093
 30
 0
 11
0.44478
 21
2.29065
  0
LINE
  8
Gravur
 62
   255
 39
0.016
  6
CONTINUOUS
 10
0.44478
 20
2.29065
 30
 0
 11
0.44478
 21
2.29065
  0
LINE
  8
Gravur
 62
   255
 39
0.016
  6
CONTINUOUS
 10
0.44478
 20
2.29065
 30
 0
 11
0.44550
 21
2.28725
  0
LINE
  8
Gravur
 62
   255
 39
0.016
  6
CONTINUOUS
 10
0.44550
 20
2.28725
 30
 0
 11
0.44568
 21
2.28659
  0
LINE
  8
Gravur
 62
   255
 39
0.016
  6
CONTINUOUS
 10
0.44568
 20
2.28659
 30
 0
 11
0.44842
 21
2.27729
  0
LINE
  8
Gravur
 62
   255
 39
0.016
  6
CONTINUOUS
 10
0.44842
 20
2.27729
 30
 0
 11
0.45276
 21
2.26086
  0
LINE
  8
Gravur
 62
   255
 39
0.016
  6
CONTINUOUS
 10
0.45276
 20
2.26086
 30
 0
 11
0.45358
 21
2.25756
  0
LINE
  8
Gravur
 62
   255
 39
0.016
  6
CONTINUOUS
 10
0.45358
 20
2.25756
 30
 0
 11
0.45367
 21
2.25720
  0
LINE
  8
Gravur
 62
   255
 39
0.016
  6
CONTINUOUS
 10
0.45367
 20
2.25720
 30
 0
 11
0.45367
 21
2.25720
  0
LINE
  8
Gravur
 62
   255
 39
0.016
  6
CONTINUOUS
 10
0.45367
 20
2.25720
 30
 0
 11
0.45466
 21
2.25361
  0
LINE
  8
Gravur
 62
   255
 39
0.016
  6
CONTINUOUS
 10
0.45466
 20
2.25361
 30
 0
 11
0.45490
 21
2.25291
  0
LINE
  8
Gravur
 62
   255
 39
0.016
  6
CONTINUOUS
 10
0.41147
 20
2.28605
 30
 0
 11
0.41049
 21
2.28259
  0
LINE
  8
Gravur
 62
   255
 39
0.016
  6
CONTINUOUS
 10
0.41049
 20
2.28259
 30
 0
 11
0.40880
 21
2.27623
  0
LINE
  8
Gravur
 62
   255
 39
0.016
  6
CONTINUOUS
 10
0.40880
 20
2.27623
 30
 0
 11
0.40479
 21
2.26099
  0
LINE
  8
Gravur
 62
   255
 39
0.016
  6
CONTINUOUS
 10
0.40479
 20
2.26099
 30
 0
 11
0.40269
 21
2.25291
  0
LINE
  8
Gravur
 62
   255
 39
0.016
  6
CONTINUOUS
 10
0.47382
 20
2.34699
 30
 0
 11
0.47382
 21
2.28312
  0
LINE
  8
Gravur
 62
   255
 39
0.016
  6
CONTINUOUS
 10
0.47382
 20
2.28312
 30
 0
 11
0.47381
 21
2.27361
  0
LINE
  8
Gravur
 62
   255
 39
0.016
  6
CONTINUOUS
 10
0.47381
 20
2.27361
 30
 0
 11
0.47387
 21
2.27219
  0
LINE
  8
Gravur
 62
   255
 39
0.016
  6
CONTINUOUS
 10
0.47387
 20
2.27219
 30
 0
 11
0.47387
 21
2.27219
  0
LINE
  8
Gravur
 62
   255
 39
0.016
  6
CONTINUOUS
 10
0.47387
 20
2.27219
 30
 0
 11
0.47417
 21
2.26888
  0
LINE
  8
Gravur
 62
   255
 39
0.016
  6
CONTINUOUS
 10
0.47417
 20
2.26888
 30
 0
 11
0.47474
 21
2.26565
  0
LINE
  8
Gravur
 62
   255
 39
0.016
  6
CONTINUOUS
 10
0.47474
 20
2.26565
 30
 0
 11
0.47565
 21
2.26257
  0
LINE
  8
Gravur
 62
   255
 39
0.016
  6
CONTINUOUS
 10
0.47565
 20
2.26257
 30
 0
 11
0.47700
 21
2.25972
  0
LINE
  8
Gravur
 62
   255
 39
0.016
  6
CONTINUOUS
 10
0.47700
 20
2.25972
 30
 0
 11
0.47700
 21
2.25972
  0
LINE
  8
Gravur
 62
   255
 39
0.016
  6
CONTINUOUS
 10
0.47700
 20
2.25972
 30
 0
 11
0.47820
 21
2.25796
  0
LINE
  8
Gravur
 62
   255
 39
0.016
  6
CONTINUOUS
 10
0.47820
 20
2.25796
 30
 0
 11
0.47965
 21
2.25636
  0
LINE
  8
Gravur
 62
   255
 39
0.016
  6
CONTINUOUS
 10
0.47965
 20
2.25636
 30
 0
 11
0.48175
 21
2.25472
  0
LINE
  8
Gravur
 62
   255
 39
0.016
  6
CONTINUOUS
 10
0.48175
 20
2.25472
 30
 0
 11
0.48220
 21
2.25445
  0
LINE
  8
Gravur
 62
   255
 39
0.016
  6
CONTINUOUS
 10
0.48220
 20
2.25445
 30
 0
 11
0.48220
 21
2.25445
  0
LINE
  8
Gravur
 62
   255
 39
0.016
  6
CONTINUOUS
 10
0.48220
 20
2.25445
 30
 0
 11
0.48646
 21
2.25267
  0
LINE
  8
Gravur
 62
   255
 39
0.016
  6
CONTINUOUS
 10
0.48646
 20
2.25267
 30
 0
 11
0.48796
 21
2.25230
  0
LINE
  8
Gravur
 62
   255
 39
0.016
  6
CONTINUOUS
 10
0.48796
 20
2.25230
 30
 0
 11
0.48796
 21
2.25230
  0
LINE
  8
Gravur
 62
   255
 39
0.016
  6
CONTINUOUS
 10
0.48796
 20
2.25230
 30
 0
 11
0.49037
 21
2.25191
  0
LINE
  8
Gravur
 62
   255
 39
0.016
  6
CONTINUOUS
 10
0.49037
 20
2.25191
 30
 0
 11
0.49277
 21
2.25171
  0
LINE
  8
Gravur
 62
   255
 39
0.016
  6
CONTINUOUS
 10
0.49277
 20
2.25171
 30
 0
 11
0.49577
 21
2.25166
  0
LINE
  8
Gravur
 62
   255
 39
0.016
  6
CONTINUOUS
 10
0.49577
 20
2.25166
 30
 0
 11
0.49678
 21
2.25169
  0
LINE
  8
Gravur
 62
   255
 39
0.016
  6
CONTINUOUS
 10
0.49678
 20
2.25169
 30
 0
 11
0.49678
 21
2.25169
  0
LINE
  8
Gravur
 62
   255
 39
0.016
  6
CONTINUOUS
 10
0.49678
 20
2.25169
 30
 0
 11
0.50211
 21
2.25237
  0
LINE
  8
Gravur
 62
   255
 39
0.016
  6
CONTINUOUS
 10
0.50211
 20
2.25237
 30
 0
 11
0.50704
 21
2.25418
  0
LINE
  8
Gravur
 62
   255
 39
0.016
  6
CONTINUOUS
 10
0.50704
 20
2.25418
 30
 0
 11
0.50704
 21
2.25418
  0
LINE
  8
Gravur
 62
   255
 39
0.016
  6
CONTINUOUS
 10
0.50704
 20
2.25418
 30
 0
 11
0.51008
 21
2.25631
  0
LINE
  8
Gravur
 62
   255
 39
0.016
  6
CONTINUOUS
 10
0.51008
 20
2.25631
 30
 0
 11
0.51260
 21
2.25927
  0
LINE
  8
Gravur
 62
   255
 39
0.016
  6
CONTINUOUS
 10
0.51260
 20
2.25927
 30
 0
 11
0.51319
 21
2.26029
  0
LINE
  8
Gravur
 62
   255
 39
0.016
  6
CONTINUOUS
 10
0.51319
 20
2.26029
 30
 0
 11
0.51329
 21
2.26050
  0
LINE
  8
Gravur
 62
   255
 39
0.016
  6
CONTINUOUS
 10
0.51329
 20
2.26050
 30
 0
 11
0.51329
 21
2.26050
  0
LINE
  8
Gravur
 62
   255
 39
0.016
  6
CONTINUOUS
 10
0.51329
 20
2.26050
 30
 0
 11
0.51394
 21
2.26200
  0
LINE
  8
Gravur
 62
   255
 39
0.016
  6
CONTINUOUS
 10
0.51394
 20
2.26200
 30
 0
 11
0.51413
 21
2.26252
  0
LINE
  8
Gravur
 62
   255
 39
0.016
  6
CONTINUOUS
 10
0.51413
 20
2.26252
 30
 0
 11
0.51413
 21
2.26252
  0
LINE
  8
Gravur
 62
   255
 39
0.016
  6
CONTINUOUS
 10
0.51413
 20
2.26252
 30
 0
 11
0.51434
 21
2.26314
  0
LINE
  8
Gravur
 62
   255
 39
0.016
  6
CONTINUOUS
 10
0.51434
 20
2.26314
 30
 0
 11
0.51453
 21
2.26378
  0
LINE
  8
Gravur
 62
   255
 39
0.016
  6
CONTINUOUS
 10
0.51453
 20
2.26378
 30
 0
 11
0.51625
 21
2.27368
  0
LINE
  8
Gravur
 62
   255
 39
0.016
  6
CONTINUOUS
 10
0.51625
 20
2.27368
 30
 0
 11
0.51634
 21
2.27513
  0
LINE
  8
Gravur
 62
   255
 39
0.016
  6
CONTINUOUS
 10
0.51634
 20
2.27513
 30
 0
 11
0.51646
 21
2.27953
  0
LINE
  8
Gravur
 62
   255
 39
0.016
  6
CONTINUOUS
 10
0.51646
 20
2.27953
 30
 0
 11
0.51646
 21
2.28100
  0
LINE
  8
Gravur
 62
   255
 39
0.016
  6
CONTINUOUS
 10
0.51646
 20
2.28100
 30
 0
 11
0.51646
 21
2.28100
  0
LINE
  8
Gravur
 62
   255
 39
0.016
  6
CONTINUOUS
 10
0.51646
 20
2.28100
 30
 0
 11
0.51624
 21
2.29187
  0
LINE
  8
Gravur
 62
   255
 39
0.016
  6
CONTINUOUS
 10
0.51624
 20
2.29187
 30
 0
 11
0.51622
 21
2.29399
  0
LINE
  8
Gravur
 62
   255
 39
0.016
  6
CONTINUOUS
 10
0.51622
 20
2.29399
 30
 0
 11
0.51622
 21
2.34699
  0
LINE
  8
Gravur
 62
   255
 39
0.016
  6
CONTINUOUS
 10
0.55157
 20
2.34826
 30
 0
 11
0.55610
 21
2.34844
  0
LINE
  8
Gravur
 62
   255
 39
0.016
  6
CONTINUOUS
 10
0.55610
 20
2.34844
 30
 0
 11
0.55652
 21
2.34843
  0
LINE
  8
Gravur
 62
   255
 39
0.016
  6
CONTINUOUS
 10
0.55652
 20
2.34843
 30
 0
 11
0.55652
 21
2.34843
  0
LINE
  8
Gravur
 62
   255
 39
0.016
  6
CONTINUOUS
 10
0.55652
 20
2.34843
 30
 0
 11
0.56060
 21
2.34805
  0
LINE
  8
Gravur
 62
   255
 39
0.016
  6
CONTINUOUS
 10
0.56060
 20
2.34805
 30
 0
 11
0.56137
 21
2.34793
  0
LINE
  8
Gravur
 62
   255
 39
0.016
  6
CONTINUOUS
 10
0.56137
 20
2.34793
 30
 0
 11
0.56510
 21
2.34710
  0
LINE
  8
Gravur
 62
   255
 39
0.016
  6
CONTINUOUS
 10
0.56510
 20
2.34710
 30
 0
 11
0.56551
 21
2.34698
  0
LINE
  8
Gravur
 62
   255
 39
0.016
  6
CONTINUOUS
 10
0.56551
 20
2.34698
 30
 0
 11
0.56551
 21
2.34698
  0
LINE
  8
Gravur
 62
   255
 39
0.016
  6
CONTINUOUS
 10
0.56551
 20
2.34698
 30
 0
 11
0.56916
 21
2.34563
  0
LINE
  8
Gravur
 62
   255
 39
0.016
  6
CONTINUOUS
 10
0.56916
 20
2.34563
 30
 0
 11
0.56985
 21
2.34530
  0
LINE
  8
Gravur
 62
   255
 39
0.016
  6
CONTINUOUS
 10
0.56985
 20
2.34530
 30
 0
 11
0.57465
 21
2.34201
  0
LINE
  8
Gravur
 62
   255
 39
0.016
  6
CONTINUOUS
 10
0.57465
 20
2.34201
 30
 0
 11
0.57524
 21
2.34145
  0
LINE
  8
Gravur
 62
   255
 39
0.016
  6
CONTINUOUS
 10
0.57524
 20
2.34145
 30
 0
 11
0.57581
 21
2.34087
  0
LINE
  8
Gravur
 62
   255
 39
0.016
  6
CONTINUOUS
 10
0.57581
 20
2.34087
 30
 0
 11
0.57635
 21
2.34026
  0
LINE
  8
Gravur
 62
   255
 39
0.016
  6
CONTINUOUS
 10
0.57635
 20
2.34026
 30
 0
 11
0.57635
 21
2.34026
  0
LINE
  8
Gravur
 62
   255
 39
0.016
  6
CONTINUOUS
 10
0.57635
 20
2.34026
 30
 0
 11
0.57974
 21
2.33528
  0
LINE
  8
Gravur
 62
   255
 39
0.016
  6
CONTINUOUS
 10
0.57974
 20
2.33528
 30
 0
 11
0.58064
 21
2.33345
  0
LINE
  8
Gravur
 62
   255
 39
0.016
  6
CONTINUOUS
 10
0.58064
 20
2.33345
 30
 0
 11
0.58144
 21
2.33157
  0
LINE
  8
Gravur
 62
   255
 39
0.016
  6
CONTINUOUS
 10
0.58144
 20
2.33157
 30
 0
 11
0.58213
 21
2.32963
  0
LINE
  8
Gravur
 62
   255
 39
0.016
  6
CONTINUOUS
 10
0.58213
 20
2.32963
 30
 0
 11
0.58439
 21
2.32027
  0
LINE
  8
Gravur
 62
   255
 39
0.016
  6
CONTINUOUS
 10
0.58439
 20
2.32027
 30
 0
 11
0.58460
 21
2.31892
  0
LINE
  8
Gravur
 62
   255
 39
0.016
  6
CONTINUOUS
 10
0.58460
 20
2.31892
 30
 0
 11
0.58460
 21
2.31892
  0
LINE
  8
Gravur
 62
   255
 39
0.016
  6
CONTINUOUS
 10
0.58460
 20
2.31892
 30
 0
 11
0.58547
 21
2.30880
  0
LINE
  8
Gravur
 62
   255
 39
0.016
  6
CONTINUOUS
 10
0.58547
 20
2.30880
 30
 0
 11
0.58557
 21
2.30541
  0
LINE
  8
Gravur
 62
   255
 39
0.016
  6
CONTINUOUS
 10
0.58557
 20
2.30541
 30
 0
 11
0.58557
 21
2.30541
  0
LINE
  8
Gravur
 62
   255
 39
0.016
  6
CONTINUOUS
 10
0.58557
 20
2.30541
 30
 0
 11
0.58561
 21
2.30155
  0
LINE
  8
Gravur
 62
   255
 39
0.016
  6
CONTINUOUS
 10
0.58561
 20
2.30155
 30
 0
 11
0.58562
 21
2.29770
  0
LINE
  8
Gravur
 62
   255
 39
0.016
  6
CONTINUOUS
 10
0.58562
 20
2.29770
 30
 0
 11
0.58546
 21
2.29227
  0
LINE
  8
Gravur
 62
   255
 39
0.016
  6
CONTINUOUS
 10
0.58546
 20
2.29227
 30
 0
 11
0.58542
 21
2.29167
  0
LINE
  8
Gravur
 62
   255
 39
0.016
  6
CONTINUOUS
 10
0.58542
 20
2.29167
 30
 0
 11
0.58542
 21
2.29167
  0
LINE
  8
Gravur
 62
   255
 39
0.016
  6
CONTINUOUS
 10
0.58542
 20
2.29167
 30
 0
 11
0.58496
 21
2.28632
  0
LINE
  8
Gravur
 62
   255
 39
0.016
  6
CONTINUOUS
 10
0.58496
 20
2.28632
 30
 0
 11
0.58485
 21
2.28524
  0
LINE
  8
Gravur
 62
   255
 39
0.016
  6
CONTINUOUS
 10
0.58485
 20
2.28524
 30
 0
 11
0.58376
 21
2.27781
  0
LINE
  8
Gravur
 62
   255
 39
0.016
  6
CONTINUOUS
 10
0.58376
 20
2.27781
 30
 0
 11
0.58359
 21
2.27699
  0
LINE
  8
Gravur
 62
   255
 39
0.016
  6
CONTINUOUS
 10
0.58359
 20
2.27699
 30
 0
 11
0.58359
 21
2.27699
  0
LINE
  8
Gravur
 62
   255
 39
0.016
  6
CONTINUOUS
 10
0.58359
 20
2.27699
 30
 0
 11
0.58110
 21
2.26856
  0
LINE
  8
Gravur
 62
   255
 39
0.016
  6
CONTINUOUS
 10
0.58110
 20
2.26856
 30
 0
 11
0.58041
 21
2.26696
  0
LINE
  8
Gravur
 62
   255
 39
0.016
  6
CONTINUOUS
 10
0.58041
 20
2.26696
 30
 0
 11
0.57667
 21
2.26093
  0
LINE
  8
Gravur
 62
   255
 39
0.016
  6
CONTINUOUS
 10
0.57667
 20
2.26093
 30
 0
 11
0.57578
 21
2.25990
  0
LINE
  8
Gravur
 62
   255
 39
0.016
  6
CONTINUOUS
 10
0.57578
 20
2.25990
 30
 0
 11
0.57283
 21
2.25718
  0
LINE
  8
Gravur
 62
   255
 39
0.016
  6
CONTINUOUS
 10
0.57283
 20
2.25718
 30
 0
 11
0.57176
 21
2.25640
  0
LINE
  8
Gravur
 62
   255
 39
0.016
  6
CONTINUOUS
 10
0.57176
 20
2.25640
 30
 0
 11
0.57176
 21
2.25640
  0
LINE
  8
Gravur
 62
   255
 39
0.016
  6
CONTINUOUS
 10
0.57176
 20
2.25640
 30
 0
 11
0.56980
 21
2.25517
  0
LINE
  8
Gravur
 62
   255
 39
0.016
  6
CONTINUOUS
 10
0.56980
 20
2.25517
 30
 0
 11
0.56772
 21
2.25412
  0
LINE
  8
Gravur
 62
   255
 39
0.016
  6
CONTINUOUS
 10
0.56772
 20
2.25412
 30
 0
 11
0.56553
 21
2.25326
  0
LINE
  8
Gravur
 62
   255
 39
0.016
  6
CONTINUOUS
 10
0.56553
 20
2.25326
 30
 0
 11
0.56323
 21
2.25257
  0
LINE
  8
Gravur
 62
   255
 39
0.016
  6
CONTINUOUS
 10
0.56323
 20
2.25257
 30
 0
 11
0.56082
 21
2.25207
  0
LINE
  8
Gravur
 62
   255
 39
0.016
  6
CONTINUOUS
 10
0.56082
 20
2.25207
 30
 0
 11
0.55832
 21
2.25174
  0
LINE
  8
Gravur
 62
   255
 39
0.016
  6
CONTINUOUS
 10
0.55832
 20
2.25174
 30
 0
 11
0.55194
 21
2.25161
  0
LINE
  8
Gravur
 62
   255
 39
0.016
  6
CONTINUOUS
 10
0.55194
 20
2.25161
 30
 0
 11
0.55135
 21
2.25164
  0
LINE
  8
Gravur
 62
   255
 39
0.016
  6
CONTINUOUS
 10
0.55135
 20
2.25164
 30
 0
 11
0.55135
 21
2.25164
  0
LINE
  8
Gravur
 62
   255
 39
0.016
  6
CONTINUOUS
 10
0.55135
 20
2.25164
 30
 0
 11
0.54610
 21
2.25213
  0
LINE
  8
Gravur
 62
   255
 39
0.016
  6
CONTINUOUS
 10
0.54610
 20
2.25213
 30
 0
 11
0.54507
 21
2.25226
  0
LINE
  8
Gravur
 62
   255
 39
0.016
  6
CONTINUOUS
 10
0.54507
 20
2.25226
 30
 0
 11
0.54326
 21
2.25243
  0
LINE
  8
Gravur
 62
   255
 39
0.016
  6
CONTINUOUS
 10
0.54326
 20
2.25243
 30
 0
 11
0.54302
 21
2.25246
  0
LINE
  8
Gravur
 62
   255
 39
0.016
  6
CONTINUOUS
 10
0.54302
 20
2.25246
 30
 0
 11
0.54302
 21
2.25246
  0
LINE
  8
Gravur
 62
   255
 39
0.016
  6
CONTINUOUS
 10
0.54302
 20
2.25246
 30
 0
 11
0.54105
 21
2.25303
  0
LINE
  8
Gravur
 62
   255
 39
0.016
  6
CONTINUOUS
 10
0.54105
 20
2.25303
 30
 0
 11
0.54085
 21
2.25323
  0
LINE
  8
Gravur
 62
   255
 39
0.016
  6
CONTINUOUS
 10
0.54085
 20
2.25323
 30
 0
 11
0.54066
 21
2.25411
  0
LINE
  8
Gravur
 62
   255
 39
0.016
  6
CONTINUOUS
 10
0.54066
 20
2.25411
 30
 0
 11
0.54066
 21
2.25420
  0
LINE
  8
Gravur
 62
   255
 39
0.016
  6
CONTINUOUS
 10
0.54066
 20
2.25420
 30
 0
 11
0.54066
 21
2.25420
  0
LINE
  8
Gravur
 62
   255
 39
0.016
  6
CONTINUOUS
 10
0.54066
 20
2.25420
 30
 0
 11
0.54070
 21
2.25491
  0
LINE
  8
Gravur
 62
   255
 39
0.016
  6
CONTINUOUS
 10
0.54070
 20
2.25491
 30
 0
 11
0.54070
 21
2.25503
  0
LINE
  8
Gravur
 62
   255
 39
0.016
  6
CONTINUOUS
 10
0.54070
 20
2.25503
 30
 0
 11
0.54070
 21
2.25927
  0
LINE
  8
Gravur
 62
   255
 39
0.016
  6
CONTINUOUS
 10
0.54070
 20
2.25927
 30
 0
 11
0.54070
 21
2.27530
  0
LINE
  8
Gravur
 62
   255
 39
0.016
  6
CONTINUOUS
 10
0.54070
 20
2.27530
 30
 0
 11
0.54070
 21
2.32632
  0
LINE
  8
Gravur
 62
   255
 39
0.016
  6
CONTINUOUS
 10
0.54070
 20
2.32632
 30
 0
 11
0.54070
 21
2.34077
  0
LINE
  8
Gravur
 62
   255
 39
0.016
  6
CONTINUOUS
 10
0.54070
 20
2.34077
 30
 0
 11
0.54070
 21
2.34487
  0
LINE
  8
Gravur
 62
   255
 39
0.016
  6
CONTINUOUS
 10
0.54070
 20
2.34487
 30
 0
 11
0.54066
 21
2.34563
  0
LINE
  8
Gravur
 62
   255
 39
0.016
  6
CONTINUOUS
 10
0.54066
 20
2.34563
 30
 0
 11
0.54066
 21
2.34572
  0
LINE
  8
Gravur
 62
   255
 39
0.016
  6
CONTINUOUS
 10
0.54066
 20
2.34572
 30
 0
 11
0.54066
 21
2.34572
  0
LINE
  8
Gravur
 62
   255
 39
0.016
  6
CONTINUOUS
 10
0.54066
 20
2.34572
 30
 0
 11
0.54074
 21
2.34656
  0
LINE
  8
Gravur
 62
   255
 39
0.016
  6
CONTINUOUS
 10
0.54074
 20
2.34656
 30
 0
 11
0.54079
 21
2.34670
  0
LINE
  8
Gravur
 62
   255
 39
0.016
  6
CONTINUOUS
 10
0.54079
 20
2.34670
 30
 0
 11
0.54081
 21
2.34672
  0
LINE
  8
Gravur
 62
   255
 39
0.016
  6
CONTINUOUS
 10
0.54081
 20
2.34672
 30
 0
 11
0.54082
 21
2.34675
  0
LINE
  8
Gravur
 62
   255
 39
0.016
  6
CONTINUOUS
 10
0.54082
 20
2.34675
 30
 0
 11
0.54082
 21
2.34675
  0
LINE
  8
Gravur
 62
   255
 39
0.016
  6
CONTINUOUS
 10
0.54082
 20
2.34675
 30
 0
 11
0.54137
 21
2.34715
  0
LINE
  8
Gravur
 62
   255
 39
0.016
  6
CONTINUOUS
 10
0.54137
 20
2.34715
 30
 0
 11
0.54220
 21
2.34734
  0
LINE
  8
Gravur
 62
   255
 39
0.016
  6
CONTINUOUS
 10
0.54220
 20
2.34734
 30
 0
 11
0.54220
 21
2.34734
  0
LINE
  8
Gravur
 62
   255
 39
0.016
  6
CONTINUOUS
 10
0.54220
 20
2.34734
 30
 0
 11
0.54291
 21
2.34741
  0
LINE
  8
Gravur
 62
   255
 39
0.016
  6
CONTINUOUS
 10
0.54291
 20
2.34741
 30
 0
 11
0.54348
 21
2.34747
  0
LINE
  8
Gravur
 62
   255
 39
0.016
  6
CONTINUOUS
 10
0.54348
 20
2.34747
 30
 0
 11
0.55030
 21
2.34813
  0
LINE
  8
Gravur
 62
   255
 39
0.016
  6
CONTINUOUS
 10
0.55030
 20
2.34813
 30
 0
 11
0.55070
 21
2.34817
  0
LINE
  8
Gravur
 62
   255
 39
0.016
  6
CONTINUOUS
 10
0.55070
 20
2.34817
 30
 0
 11
0.55070
 21
2.34817
  0
LINE
  8
Gravur
 62
   255
 39
0.016
  6
CONTINUOUS
 10
0.55070
 20
2.34817
 30
 0
 11
0.55113
 21
2.34821
  0
LINE
  8
Gravur
 62
   255
 39
0.016
  6
CONTINUOUS
 10
0.55113
 20
2.34821
 30
 0
 11
0.55157
 21
2.34826
  0
LINE
  8
Gravur
 62
   255
 39
0.016
  6
CONTINUOUS
 10
0.61010
 20
2.34699
 30
 0
 11
0.64469
 21
2.34699
  0
LINE
  8
Gravur
 62
   255
 39
0.016
  6
CONTINUOUS
 10
0.62746
 20
2.34686
 30
 0
 11
0.62746
 21
2.27676
  0
LINE
  8
Gravur
 62
   255
 39
0.016
  6
CONTINUOUS
 10
0.62746
 20
2.27676
 30
 0
 11
0.62746
 21
2.25914
  0
LINE
  8
Gravur
 62
   255
 39
0.016
  6
CONTINUOUS
 10
0.62746
 20
2.25914
 30
 0
 11
0.62746
 21
2.25476
  0
LINE
  8
Gravur
 62
   255
 39
0.016
  6
CONTINUOUS
 10
0.62746
 20
2.25476
 30
 0
 11
0.62723
 21
2.25314
  0
LINE
  8
Gravur
 62
   255
 39
0.016
  6
CONTINUOUS
 10
0.62723
 20
2.25314
 30
 0
 11
0.62282
 21
2.25291
  0
LINE
  8
Gravur
 62
   255
 39
0.016
  6
CONTINUOUS
 10
0.62282
 20
2.25291
 30
 0
 11
0.61010
 21
2.25291
  0
LINE
  8
Gravur
 62
   255
 39
0.016
  6
CONTINUOUS
 10
0.62759
 20
2.25291
 30
 0
 11
0.64469
 21
2.25291
  0
LINE
  8
Gravur
 62
   255
 39
0.016
  6
CONTINUOUS
 10
0.69235
 20
2.34826
 30
 0
 11
0.69480
 21
2.34834
  0
LINE
  8
Gravur
 62
   255
 39
0.016
  6
CONTINUOUS
 10
0.69480
 20
2.34834
 30
 0
 11
0.69503
 21
2.34833
  0
LINE
  8
Gravur
 62
   255
 39
0.016
  6
CONTINUOUS
 10
0.69503
 20
2.34833
 30
 0
 11
0.69503
 21
2.34833
  0
LINE
  8
Gravur
 62
   255
 39
0.016
  6
CONTINUOUS
 10
0.69503
 20
2.34833
 30
 0
 11
0.69724
 21
2.34808
  0
LINE
  8
Gravur
 62
   255
 39
0.016
  6
CONTINUOUS
 10
0.69724
 20
2.34808
 30
 0
 11
0.69766
 21
2.34800
  0
LINE
  8
Gravur
 62
   255
 39
0.016
  6
CONTINUOUS
 10
0.69766
 20
2.34800
 30
 0
 11
0.70007
 21
2.34743
  0
LINE
  8
Gravur
 62
   255
 39
0.016
  6
CONTINUOUS
 10
0.70007
 20
2.34743
 30
 0
 11
0.70028
 21
2.34736
  0
LINE
  8
Gravur
 62
   255
 39
0.016
  6
CONTINUOUS
 10
0.70028
 20
2.34736
 30
 0
 11
0.70028
 21
2.34736
  0
LINE
  8
Gravur
 62
   255
 39
0.016
  6
CONTINUOUS
 10
0.70028
 20
2.34736
 30
 0
 11
0.70229
 21
2.34660
  0
LINE
  8
Gravur
 62
   255
 39
0.016
  6
CONTINUOUS
 10
0.70229
 20
2.34660
 30
 0
 11
0.70269
 21
2.34641
  0
LINE
  8
Gravur
 62
   255
 39
0.016
  6
CONTINUOUS
 10
0.70269
 20
2.34641
 30
 0
 11
0.70663
 21
2.34370
  0
LINE
  8
Gravur
 62
   255
 39
0.016
  6
CONTINUOUS
 10
0.70663
 20
2.34370
 30
 0
 11
0.70730
 21
2.34306
  0
LINE
  8
Gravur
 62
   255
 39
0.016
  6
CONTINUOUS
 10
0.70730
 20
2.34306
 30
 0
 11
0.70794
 21
2.34238
  0
LINE
  8
Gravur
 62
   255
 39
0.016
  6
CONTINUOUS
 10
0.70794
 20
2.34238
 30
 0
 11
0.70854
 21
2.34168
  0
LINE
  8
Gravur
 62
   255
 39
0.016
  6
CONTINUOUS
 10
0.70854
 20
2.34168
 30
 0
 11
0.70854
 21
2.34168
  0
LINE
  8
Gravur
 62
   255
 39
0.016
  6
CONTINUOUS
 10
0.70854
 20
2.34168
 30
 0
 11
0.70998
 21
2.33970
  0
LINE
  8
Gravur
 62
   255
 39
0.016
  6
CONTINUOUS
 10
0.70998
 20
2.33970
 30
 0
 11
0.71121
 21
2.33758
  0
LINE
  8
Gravur
 62
   255
 39
0.016
  6
CONTINUOUS
 10
0.71121
 20
2.33758
 30
 0
 11
0.71228
 21
2.33534
  0
LINE
  8
Gravur
 62
   255
 39
0.016
  6
CONTINUOUS
 10
0.71228
 20
2.33534
 30
 0
 11
0.71320
 21
2.33302
  0
LINE
  8
Gravur
 62
   255
 39
0.016
  6
CONTINUOUS
 10
0.71320
 20
2.33302
 30
 0
 11
0.71320
 21
2.33302
  0
LINE
  8
Gravur
 62
   255
 39
0.016
  6
CONTINUOUS
 10
0.71320
 20
2.33302
 30
 0
 11
0.71393
 21
2.33087
  0
LINE
  8
Gravur
 62
   255
 39
0.016
  6
CONTINUOUS
 10
0.71393
 20
2.33087
 30
 0
 11
0.71458
 21
2.32871
  0
LINE
  8
Gravur
 62
   255
 39
0.016
  6
CONTINUOUS
 10
0.71458
 20
2.32871
 30
 0
 11
0.71528
 21
2.32599
  0
LINE
  8
Gravur
 62
   255
 39
0.016
  6
CONTINUOUS
 10
0.71528
 20
2.32599
 30
 0
 11
0.71548
 21
2.32508
  0
LINE
  8
Gravur
 62
   255
 39
0.016
  6
CONTINUOUS
 10
0.71548
 20
2.32508
 30
 0
 11
0.71548
 21
2.32508
  0
LINE
  8
Gravur
 62
   255
 39
0.016
  6
CONTINUOUS
 10
0.71548
 20
2.32508
 30
 0
 11
0.71642
 21
2.31941
  0
LINE
  8
Gravur
 62
   255
 39
0.016
  6
CONTINUOUS
 10
0.71642
 20
2.31941
 30
 0
 11
0.71696
 21
2.31368
  0
LINE
  8
Gravur
 62
   255
 39
0.016
  6
CONTINUOUS
 10
0.71696
 20
2.31368
 30
 0
 11
0.71696
 21
2.31368
  0
LINE
  8
Gravur
 62
   255
 39
0.016
  6
CONTINUOUS
 10
0.71696
 20
2.31368
 30
 0
 11
0.71723
 21
2.30826
  0
LINE
  8
Gravur
 62
   255
 39
0.016
  6
CONTINUOUS
 10
0.71723
 20
2.30826
 30
 0
 11
0.71740
 21
2.30287
  0
LINE
  8
Gravur
 62
   255
 39
0.016
  6
CONTINUOUS
 10
0.71740
 20
2.30287
 30
 0
 11
0.71731
 21
2.28936
  0
LINE
  8
Gravur
 62
   255
 39
0.016
  6
CONTINUOUS
 10
0.71731
 20
2.28936
 30
 0
 11
0.71722
 21
2.28784
  0
LINE
  8
Gravur
 62
   255
 39
0.016
  6
CONTINUOUS
 10
0.71722
 20
2.28784
 30
 0
 11
0.71722
 21
2.28784
  0
LINE
  8
Gravur
 62
   255
 39
0.016
  6
CONTINUOUS
 10
0.71722
 20
2.28784
 30
 0
 11
0.71630
 21
2.27933
  0
LINE
  8
Gravur
 62
   255
 39
0.016
  6
CONTINUOUS
 10
0.71630
 20
2.27933
 30
 0
 11
0.71581
 21
2.27654
  0
LINE
  8
Gravur
 62
   255
 39
0.016
  6
CONTINUOUS
 10
0.71581
 20
2.27654
 30
 0
 11
0.71521
 21
2.27378
  0
LINE
  8
Gravur
 62
   255
 39
0.016
  6
CONTINUOUS
 10
0.71521
 20
2.27378
 30
 0
 11
0.71450
 21
2.27106
  0
LINE
  8
Gravur
 62
   255
 39
0.016
  6
CONTINUOUS
 10
0.71450
 20
2.27106
 30
 0
 11
0.71328
 21
2.26722
  0
LINE
  8
Gravur
 62
   255
 39
0.016
  6
CONTINUOUS
 10
0.71328
 20
2.26722
 30
 0
 11
0.71300
 21
2.26646
  0
LINE
  8
Gravur
 62
   255
 39
0.016
  6
CONTINUOUS
 10
0.71300
 20
2.26646
 30
 0
 11
0.71300
 21
2.26646
  0
LINE
  8
Gravur
 62
   255
 39
0.016
  6
CONTINUOUS
 10
0.71300
 20
2.26646
 30
 0
 11
0.71200
 21
2.26404
  0
LINE
  8
Gravur
 62
   255
 39
0.016
  6
CONTINUOUS
 10
0.71200
 20
2.26404
 30
 0
 11
0.71083
 21
2.26172
  0
LINE
  8
Gravur
 62
   255
 39
0.016
  6
CONTINUOUS
 10
0.71083
 20
2.26172
 30
 0
 11
0.70947
 21
2.25953
  0
LINE
  8
Gravur
 62
   255
 39
0.016
  6
CONTINUOUS
 10
0.70947
 20
2.25953
 30
 0
 11
0.70788
 21
2.25752
  0
LINE
  8
Gravur
 62
   255
 39
0.016
  6
CONTINUOUS
 10
0.70788
 20
2.25752
 30
 0
 11
0.70788
 21
2.25752
  0
LINE
  8
Gravur
 62
   255
 39
0.016
  6
CONTINUOUS
 10
0.70788
 20
2.25752
 30
 0
 11
0.70507
 21
2.25496
  0
LINE
  8
Gravur
 62
   255
 39
0.016
  6
CONTINUOUS
 10
0.70507
 20
2.25496
 30
 0
 11
0.70163
 21
2.25303
  0
LINE
  8
Gravur
 62
   255
 39
0.016
  6
CONTINUOUS
 10
0.70163
 20
2.25303
 30
 0
 11
0.69875
 21
2.25218
  0
LINE
  8
Gravur
 62
   255
 39
0.016
  6
CONTINUOUS
 10
0.69875
 20
2.25218
 30
 0
 11
0.69848
 21
2.25212
  0
LINE
  8
Gravur
 62
   255
 39
0.016
  6
CONTINUOUS
 10
0.69848
 20
2.25212
 30
 0
 11
0.69848
 21
2.25212
  0
LINE
  8
Gravur
 62
   255
 39
0.016
  6
CONTINUOUS
 10
0.69848
 20
2.25212
 30
 0
 11
0.69624
 21
2.25179
  0
LINE
  8
Gravur
 62
   255
 39
0.016
  6
CONTINUOUS
 10
0.69624
 20
2.25179
 30
 0
 11
0.69580
 21
2.25174
  0
LINE
  8
Gravur
 62
   255
 39
0.016
  6
CONTINUOUS
 10
0.69580
 20
2.25174
 30
 0
 11
0.69346
 21
2.25164
  0
LINE
  8
Gravur
 62
   255
 39
0.016
  6
CONTINUOUS
 10
0.69346
 20
2.25164
 30
 0
 11
0.69320
 21
2.25164
  0
LINE
  8
Gravur
 62
   255
 39
0.016
  6
CONTINUOUS
 10
0.69320
 20
2.25164
 30
 0
 11
0.69320
 21
2.25164
  0
LINE
  8
Gravur
 62
   255
 39
0.016
  6
CONTINUOUS
 10
0.69320
 20
2.25164
 30
 0
 11
0.69096
 21
2.25180
  0
LINE
  8
Gravur
 62
   255
 39
0.016
  6
CONTINUOUS
 10
0.69096
 20
2.25180
 30
 0
 11
0.69050
 21
2.25186
  0
LINE
  8
Gravur
 62
   255
 39
0.016
  6
CONTINUOUS
 10
0.69050
 20
2.25186
 30
 0
 11
0.68455
 21
2.25366
  0
LINE
  8
Gravur
 62
   255
 39
0.016
  6
CONTINUOUS
 10
0.68455
 20
2.25366
 30
 0
 11
0.68351
 21
2.25424
  0
LINE
  8
Gravur
 62
   255
 39
0.016
  6
CONTINUOUS
 10
0.68351
 20
2.25424
 30
 0
 11
0.68252
 21
2.25489
  0
LINE
  8
Gravur
 62
   255
 39
0.016
  6
CONTINUOUS
 10
0.68252
 20
2.25489
 30
 0
 11
0.68157
 21
2.25560
  0
LINE
  8
Gravur
 62
   255
 39
0.016
  6
CONTINUOUS
 10
0.68157
 20
2.25560
 30
 0
 11
0.68157
 21
2.25560
  0
LINE
  8
Gravur
 62
   255
 39
0.016
  6
CONTINUOUS
 10
0.68157
 20
2.25560
 30
 0
 11
0.67983
 21
2.25719
  0
LINE
  8
Gravur
 62
   255
 39
0.016
  6
CONTINUOUS
 10
0.67983
 20
2.25719
 30
 0
 11
0.67826
 21
2.25898
  0
LINE
  8
Gravur
 62
   255
 39
0.016
  6
CONTINUOUS
 10
0.67826
 20
2.25898
 30
 0
 11
0.67688
 21
2.26094
  0
LINE
  8
Gravur
 62
   255
 39
0.016
  6
CONTINUOUS
 10
0.67688
 20
2.26094
 30
 0
 11
0.67567
 21
2.26304
  0
LINE
  8
Gravur
 62
   255
 39
0.016
  6
CONTINUOUS
 10
0.67567
 20
2.26304
 30
 0
 11
0.67463
 21
2.26526
  0
LINE
  8
Gravur
 62
   255
 39
0.016
  6
CONTINUOUS
 10
0.67463
 20
2.26526
 30
 0
 11
0.67376
 21
2.26757
  0
LINE
  8
Gravur
 62
   255
 39
0.016
  6
CONTINUOUS
 10
0.67376
 20
2.26757
 30
 0
 11
0.67376
 21
2.26757
  0
LINE
  8
Gravur
 62
   255
 39
0.016
  6
CONTINUOUS
 10
0.67376
 20
2.26757
 30
 0
 11
0.67314
 21
2.26957
  0
LINE
  8
Gravur
 62
   255
 39
0.016
  6
CONTINUOUS
 10
0.67314
 20
2.26957
 30
 0
 11
0.67264
 21
2.27159
  0
LINE
  8
Gravur
 62
   255
 39
0.016
  6
CONTINUOUS
 10
0.67264
 20
2.27159
 30
 0
 11
0.67049
 21
2.28503
  0
LINE
  8
Gravur
 62
   255
 39
0.016
  6
CONTINUOUS
 10
0.67049
 20
2.28503
 30
 0
 11
0.67034
 21
2.28653
  0
LINE
  8
Gravur
 62
   255
 39
0.016
  6
CONTINUOUS
 10
0.67034
 20
2.28653
 30
 0
 11
0.67034
 21
2.28653
  0
LINE
  8
Gravur
 62
   255
 39
0.016
  6
CONTINUOUS
 10
0.67034
 20
2.28653
 30
 0
 11
0.66983
 21
2.30301
  0
LINE
  8
Gravur
 62
   255
 39
0.016
  6
CONTINUOUS
 10
0.66983
 20
2.30301
 30
 0
 11
0.66995
 21
2.30631
  0
LINE
  8
Gravur
 62
   255
 39
0.016
  6
CONTINUOUS
 10
0.66995
 20
2.30631
 30
 0
 11
0.67058
 21
2.31595
  0
LINE
  8
Gravur
 62
   255
 39
0.016
  6
CONTINUOUS
 10
0.67058
 20
2.31595
 30
 0
 11
0.67067
 21
2.31683
  0
LINE
  8
Gravur
 62
   255
 39
0.016
  6
CONTINUOUS
 10
0.67067
 20
2.31683
 30
 0
 11
0.67067
 21
2.31683
  0
LINE
  8
Gravur
 62
   255
 39
0.016
  6
CONTINUOUS
 10
0.67067
 20
2.31683
 30
 0
 11
0.67185
 21
2.32485
  0
LINE
  8
Gravur
 62
   255
 39
0.016
  6
CONTINUOUS
 10
0.67185
 20
2.32485
 30
 0
 11
0.67220
 21
2.32645
  0
LINE
  8
Gravur
 62
   255
 39
0.016
  6
CONTINUOUS
 10
0.67220
 20
2.32645
 30
 0
 11
0.67379
 21
2.33227
  0
LINE
  8
Gravur
 62
   255
 39
0.016
  6
CONTINUOUS
 10
0.67379
 20
2.33227
 30
 0
 11
0.67419
 21
2.33342
  0
LINE
  8
Gravur
 62
   255
 39
0.016
  6
CONTINUOUS
 10
0.67419
 20
2.33342
 30
 0
 11
0.67419
 21
2.33342
  0
LINE
  8
Gravur
 62
   255
 39
0.016
  6
CONTINUOUS
 10
0.67419
 20
2.33342
 30
 0
 11
0.67516
 21
2.33584
  0
LINE
  8
Gravur
 62
   255
 39
0.016
  6
CONTINUOUS
 10
0.67516
 20
2.33584
 30
 0
 11
0.67630
 21
2.33816
  0
LINE
  8
Gravur
 62
   255
 39
0.016
  6
CONTINUOUS
 10
0.67630
 20
2.33816
 30
 0
 11
0.67765
 21
2.34034
  0
LINE
  8
Gravur
 62
   255
 39
0.016
  6
CONTINUOUS
 10
0.67765
 20
2.34034
 30
 0
 11
0.67922
 21
2.34234
  0
LINE
  8
Gravur
 62
   255
 39
0.016
  6
CONTINUOUS
 10
0.67922
 20
2.34234
 30
 0
 11
0.67922
 21
2.34234
  0
LINE
  8
Gravur
 62
   255
 39
0.016
  6
CONTINUOUS
 10
0.67922
 20
2.34234
 30
 0
 11
0.68170
 21
2.34465
  0
LINE
  8
Gravur
 62
   255
 39
0.016
  6
CONTINUOUS
 10
0.68170
 20
2.34465
 30
 0
 11
0.68467
 21
2.34648
  0
LINE
  8
Gravur
 62
   255
 39
0.016
  6
CONTINUOUS
 10
0.68467
 20
2.34648
 30
 0
 11
0.68796
 21
2.34760
  0
LINE
  8
Gravur
 62
   255
 39
0.016
  6
CONTINUOUS
 10
0.68796
 20
2.34760
 30
 0
 11
0.68833
 21
2.34768
  0
LINE
  8
Gravur
 62
   255
 39
0.016
  6
CONTINUOUS
 10
0.68833
 20
2.34768
 30
 0
 11
0.68833
 21
2.34768
  0
LINE
  8
Gravur
 62
   255
 39
0.016
  6
CONTINUOUS
 10
0.68833
 20
2.34768
 30
 0
 11
0.69166
 21
2.34818
  0
LINE
  8
Gravur
 62
   255
 39
0.016
  6
CONTINUOUS
 10
0.69166
 20
2.34818
 30
 0
 11
0.69235
 21
2.34826
  0
LINE
  8
Gravur
 62
   255
 39
0.016
  6
CONTINUOUS
 10
0.80876
 20
2.34699
 30
 0
 11
0.84335
 21
2.34699
  0
LINE
  8
Gravur
 62
   255
 39
0.016
  6
CONTINUOUS
 10
0.82612
 20
2.34686
 30
 0
 11
0.82612
 21
2.27676
  0
LINE
  8
Gravur
 62
   255
 39
0.016
  6
CONTINUOUS
 10
0.82612
 20
2.27676
 30
 0
 11
0.82612
 21
2.25914
  0
LINE
  8
Gravur
 62
   255
 39
0.016
  6
CONTINUOUS
 10
0.82612
 20
2.25914
 30
 0
 11
0.82612
 21
2.25476
  0
LINE
  8
Gravur
 62
   255
 39
0.016
  6
CONTINUOUS
 10
0.82612
 20
2.25476
 30
 0
 11
0.82589
 21
2.25314
  0
LINE
  8
Gravur
 62
   255
 39
0.016
  6
CONTINUOUS
 10
0.82589
 20
2.25314
 30
 0
 11
0.82148
 21
2.25291
  0
LINE
  8
Gravur
 62
   255
 39
0.016
  6
CONTINUOUS
 10
0.82148
 20
2.25291
 30
 0
 11
0.80876
 21
2.25291
  0
LINE
  8
Gravur
 62
   255
 39
0.016
  6
CONTINUOUS
 10
0.82625
 20
2.25291
 30
 0
 11
0.84335
 21
2.25291
  0
LINE
  8
Gravur
 62
   255
 39
0.016
  6
CONTINUOUS
 10
0.91288
 20
2.34699
 30
 0
 11
0.91288
 21
2.27557
  0
LINE
  8
Gravur
 62
   255
 39
0.016
  6
CONTINUOUS
 10
0.91288
 20
2.27557
 30
 0
 11
0.91288
 21
2.25847
  0
LINE
  8
Gravur
 62
   255
 39
0.016
  6
CONTINUOUS
 10
0.91288
 20
2.25847
 30
 0
 11
0.91295
 21
2.25654
  0
LINE
  8
Gravur
 62
   255
 39
0.016
  6
CONTINUOUS
 10
0.91295
 20
2.25654
 30
 0
 11
0.91295
 21
2.25621
  0
LINE
  8
Gravur
 62
   255
 39
0.016
  6
CONTINUOUS
 10
0.91295
 20
2.25621
 30
 0
 11
0.91295
 21
2.25621
  0
LINE
  8
Gravur
 62
   255
 39
0.016
  6
CONTINUOUS
 10
0.91295
 20
2.25621
 30
 0
 11
0.91257
 21
2.25413
  0
LINE
  8
Gravur
 62
   255
 39
0.016
  6
CONTINUOUS
 10
0.91257
 20
2.25413
 30
 0
 11
0.91221
 21
2.25376
  0
LINE
  8
Gravur
 62
   255
 39
0.016
  6
CONTINUOUS
 10
0.91221
 20
2.25376
 30
 0
 11
0.91221
 21
2.25376
  0
LINE
  8
Gravur
 62
   255
 39
0.016
  6
CONTINUOUS
 10
0.91221
 20
2.25376
 30
 0
 11
0.91171
 21
2.25366
  0
LINE
  8
Gravur
 62
   255
 39
0.016
  6
CONTINUOUS
 10
0.91171
 20
2.25366
 30
 0
 11
0.91103
 21
2.25388
  0
LINE
  8
Gravur
 62
   255
 39
0.016
  6
CONTINUOUS
 10
0.91103
 20
2.25388
 30
 0
 11
0.90942
 21
2.25620
  0
LINE
  8
Gravur
 62
   255
 39
0.016
  6
CONTINUOUS
 10
0.90942
 20
2.25620
 30
 0
 11
0.90932
 21
2.25647
  0
LINE
  8
Gravur
 62
   255
 39
0.016
  6
CONTINUOUS
 10
0.90932
 20
2.25647
 30
 0
 11
0.90932
 21
2.25647
  0
LINE
  8
Gravur
 62
   255
 39
0.016
  6
CONTINUOUS
 10
0.90932
 20
2.25647
 30
 0
 11
0.90863
 21
2.25854
  0
LINE
  8
Gravur
 62
   255
 39
0.016
  6
CONTINUOUS
 10
0.90863
 20
2.25854
 30
 0
 11
0.90851
 21
2.25887
  0
LINE
  8
Gravur
 62
   255
 39
0.016
  6
CONTINUOUS
 10
0.90851
 20
2.25887
 30
 0
 11
0.90315
 21
2.27252
  0
LINE
  8
Gravur
 62
   255
 39
0.016
  6
CONTINUOUS
 10
0.90315
 20
2.27252
 30
 0
 11
0.89352
 21
2.29730
  0
LINE
  8
Gravur
 62
   255
 39
0.016
  6
CONTINUOUS
 10
0.89352
 20
2.29730
 30
 0
 11
0.89263
 21
2.29955
  0
LINE
  8
Gravur
 62
   255
 39
0.016
  6
CONTINUOUS
 10
0.89263
 20
2.29955
 30
 0
 11
0.89263
 21
2.29955
  0
LINE
  8
Gravur
 62
   255
 39
0.016
  6
CONTINUOUS
 10
0.89263
 20
2.29955
 30
 0
 11
0.88413
 21
2.32087
  0
LINE
  8
Gravur
 62
   255
 39
0.016
  6
CONTINUOUS
 10
0.88413
 20
2.32087
 30
 0
 11
0.88243
 21
2.32513
  0
LINE
  8
Gravur
 62
   255
 39
0.016
  6
CONTINUOUS
 10
0.88243
 20
2.32513
 30
 0
 11
0.87591
 21
2.34169
  0
LINE
  8
Gravur
 62
   255
 39
0.016
  6
CONTINUOUS
 10
0.87591
 20
2.34169
 30
 0
 11
0.87517
 21
2.34382
  0
LINE
  8
Gravur
 62
   255
 39
0.016
  6
CONTINUOUS
 10
0.87517
 20
2.34382
 30
 0
 11
0.87507
 21
2.34410
  0
LINE
  8
Gravur
 62
   255
 39
0.016
  6
CONTINUOUS
 10
0.87507
 20
2.34410
 30
 0
 11
0.87507
 21
2.34410
  0
LINE
  8
Gravur
 62
   255
 39
0.016
  6
CONTINUOUS
 10
0.87507
 20
2.34410
 30
 0
 11
0.87371
 21
2.34612
  0
LINE
  8
Gravur
 62
   255
 39
0.016
  6
CONTINUOUS
 10
0.87371
 20
2.34612
 30
 0
 11
0.87334
 21
2.34632
  0
LINE
  8
Gravur
 62
   255
 39
0.016
  6
CONTINUOUS
 10
0.87334
 20
2.34632
 30
 0
 11
0.87334
 21
2.34632
  0
LINE
  8
Gravur
 62
   255
 39
0.016
  6
CONTINUOUS
 10
0.87334
 20
2.34632
 30
 0
 11
0.87298
 21
2.34640
  0
LINE
  8
Gravur
 62
   255
 39
0.016
  6
CONTINUOUS
 10
0.87298
 20
2.34640
 30
 0
 11
0.87260
 21
2.34639
  0
LINE
  8
Gravur
 62
   255
 39
0.016
  6
CONTINUOUS
 10
0.87260
 20
2.34639
 30
 0
 11
0.87215
 21
2.34617
  0
LINE
  8
Gravur
 62
   255
 39
0.016
  6
CONTINUOUS
 10
0.87215
 20
2.34617
 30
 0
 11
0.87210
 21
2.34612
  0
LINE
  8
Gravur
 62
   255
 39
0.016
  6
CONTINUOUS
 10
0.87210
 20
2.34612
 30
 0
 11
0.87210
 21
2.34612
  0
LINE
  8
Gravur
 62
   255
 39
0.016
  6
CONTINUOUS
 10
0.87210
 20
2.34612
 30
 0
 11
0.87186
 21
2.34562
  0
LINE
  8
Gravur
 62
   255
 39
0.016
  6
CONTINUOUS
 10
0.87186
 20
2.34562
 30
 0
 11
0.87183
 21
2.34543
  0
LINE
  8
Gravur
 62
   255
 39
0.016
  6
CONTINUOUS
 10
0.87183
 20
2.34543
 30
 0
 11
0.87183
 21
2.34543
  0
LINE
  8
Gravur
 62
   255
 39
0.016
  6
CONTINUOUS
 10
0.87183
 20
2.34543
 30
 0
 11
0.87181
 21
2.34529
  0
LINE
  8
Gravur
 62
   255
 39
0.016
  6
CONTINUOUS
 10
0.87181
 20
2.34529
 30
 0
 11
0.87180
 21
2.34514
  0
LINE
  8
Gravur
 62
   255
 39
0.016
  6
CONTINUOUS
 10
0.87180
 20
2.34514
 30
 0
 11
0.87180
 21
2.34116
  0
LINE
  8
Gravur
 62
   255
 39
0.016
  6
CONTINUOUS
 10
0.87180
 20
2.34116
 30
 0
 11
0.87180
 21
2.32447
  0
LINE
  8
Gravur
 62
   255
 39
0.016
  6
CONTINUOUS
 10
0.87180
 20
2.32447
 30
 0
 11
0.87180
 21
2.25304
  0
LINE
  8
Gravur
 62
   255
 39
0.016
  6
CONTINUOUS
 10
0.37867
 20
1.25564
 30
 0
 11
0.37172
 21
1.25274
  0
LINE
  8
Gravur
 62
   255
 39
0.016
  6
CONTINUOUS
 10
0.37172
 20
1.25274
 30
 0
 11
0.37066
 21
1.25247
  0
LINE
  8
Gravur
 62
   255
 39
0.016
  6
CONTINUOUS
 10
0.37066
 20
1.25247
 30
 0
 11
0.36958
 21
1.25223
  0
LINE
  8
Gravur
 62
   255
 39
0.016
  6
CONTINUOUS
 10
0.36958
 20
1.25223
 30
 0
 11
0.36850
 21
1.25203
  0
LINE
  8
Gravur
 62
   255
 39
0.016
  6
CONTINUOUS
 10
0.36850
 20
1.25203
 30
 0
 11
0.36850
 21
1.25203
  0
LINE
  8
Gravur
 62
   255
 39
0.016
  6
CONTINUOUS
 10
0.36850
 20
1.25203
 30
 0
 11
0.36191
 21
1.25172
  0
LINE
  8
Gravur
 62
   255
 39
0.016
  6
CONTINUOUS
 10
0.36191
 20
1.25172
 30
 0
 11
0.35975
 21
1.25199
  0
LINE
  8
Gravur
 62
   255
 39
0.016
  6
CONTINUOUS
 10
0.35975
 20
1.25199
 30
 0
 11
0.35763
 21
1.25245
  0
LINE
  8
Gravur
 62
   255
 39
0.016
  6
CONTINUOUS
 10
0.35763
 20
1.25245
 30
 0
 11
0.35558
 21
1.25313
  0
LINE
  8
Gravur
 62
   255
 39
0.016
  6
CONTINUOUS
 10
0.35558
 20
1.25313
 30
 0
 11
0.35558
 21
1.25313
  0
LINE
  8
Gravur
 62
   255
 39
0.016
  6
CONTINUOUS
 10
0.35558
 20
1.25313
 30
 0
 11
0.35466
 21
1.25352
  0
LINE
  8
Gravur
 62
   255
 39
0.016
  6
CONTINUOUS
 10
0.35466
 20
1.25352
 30
 0
 11
0.35376
 21
1.25395
  0
LINE
  8
Gravur
 62
   255
 39
0.016
  6
CONTINUOUS
 10
0.35376
 20
1.25395
 30
 0
 11
0.34846
 21
1.25786
  0
LINE
  8
Gravur
 62
   255
 39
0.016
  6
CONTINUOUS
 10
0.34846
 20
1.25786
 30
 0
 11
0.34794
 21
1.25839
  0
LINE
  8
Gravur
 62
   255
 39
0.016
  6
CONTINUOUS
 10
0.34794
 20
1.25839
 30
 0
 11
0.34744
 21
1.25893
  0
LINE
  8
Gravur
 62
   255
 39
0.016
  6
CONTINUOUS
 10
0.34744
 20
1.25893
 30
 0
 11
0.34695
 21
1.25949
  0
LINE
  8
Gravur
 62
   255
 39
0.016
  6
CONTINUOUS
 10
0.34695
 20
1.25949
 30
 0
 11
0.34695
 21
1.25949
  0
LINE
  8
Gravur
 62
   255
 39
0.016
  6
CONTINUOUS
 10
0.34695
 20
1.25949
 30
 0
 11
0.34371
 21
1.26429
  0
LINE
  8
Gravur
 62
   255
 39
0.016
  6
CONTINUOUS
 10
0.34371
 20
1.26429
 30
 0
 11
0.34319
 21
1.26531
  0
LINE
  8
Gravur
 62
   255
 39
0.016
  6
CONTINUOUS
 10
0.34319
 20
1.26531
 30
 0
 11
0.34126
 21
1.27004
  0
LINE
  8
Gravur
 62
   255
 39
0.016
  6
CONTINUOUS
 10
0.34126
 20
1.27004
 30
 0
 11
0.34094
 21
1.27101
  0
LINE
  8
Gravur
 62
   255
 39
0.016
  6
CONTINUOUS
 10
0.34094
 20
1.27101
 30
 0
 11
0.34094
 21
1.27101
  0
LINE
  8
Gravur
 62
   255
 39
0.016
  6
CONTINUOUS
 10
0.34094
 20
1.27101
 30
 0
 11
0.33898
 21
1.27915
  0
LINE
  8
Gravur
 62
   255
 39
0.016
  6
CONTINUOUS
 10
0.33898
 20
1.27915
 30
 0
 11
0.33855
 21
1.28192
  0
LINE
  8
Gravur
 62
   255
 39
0.016
  6
CONTINUOUS
 10
0.33855
 20
1.28192
 30
 0
 11
0.33855
 21
1.28192
  0
LINE
  8
Gravur
 62
   255
 39
0.016
  6
CONTINUOUS
 10
0.33855
 20
1.28192
 30
 0
 11
0.33798
 21
1.28687
  0
LINE
  8
Gravur
 62
   255
 39
0.016
  6
CONTINUOUS
 10
0.33798
 20
1.28687
 30
 0
 11
0.33758
 21
1.29181
  0
LINE
  8
Gravur
 62
   255
 39
0.016
  6
CONTINUOUS
 10
0.33758
 20
1.29181
 30
 0
 11
0.33733
 21
1.30727
  0
LINE
  8
Gravur
 62
   255
 39
0.016
  6
CONTINUOUS
 10
0.33733
 20
1.30727
 30
 0
 11
0.33742
 21
1.30900
  0
LINE
  8
Gravur
 62
   255
 39
0.016
  6
CONTINUOUS
 10
0.33742
 20
1.30900
 30
 0
 11
0.33742
 21
1.30900
  0
LINE
  8
Gravur
 62
   255
 39
0.016
  6
CONTINUOUS
 10
0.33742
 20
1.30900
 30
 0
 11
0.33861
 21
1.31964
  0
LINE
  8
Gravur
 62
   255
 39
0.016
  6
CONTINUOUS
 10
0.33861
 20
1.31964
 30
 0
 11
0.33927
 21
1.32313
  0
LINE
  8
Gravur
 62
   255
 39
0.016
  6
CONTINUOUS
 10
0.33927
 20
1.32313
 30
 0
 11
0.34008
 21
1.32658
  0
LINE
  8
Gravur
 62
   255
 39
0.016
  6
CONTINUOUS
 10
0.34008
 20
1.32658
 30
 0
 11
0.34104
 21
1.32998
  0
LINE
  8
Gravur
 62
   255
 39
0.016
  6
CONTINUOUS
 10
0.34104
 20
1.32998
 30
 0
 11
0.34244
 21
1.33370
  0
LINE
  8
Gravur
 62
   255
 39
0.016
  6
CONTINUOUS
 10
0.34244
 20
1.33370
 30
 0
 11
0.34262
 21
1.33411
  0
LINE
  8
Gravur
 62
   255
 39
0.016
  6
CONTINUOUS
 10
0.34262
 20
1.33411
 30
 0
 11
0.34262
 21
1.33411
  0
LINE
  8
Gravur
 62
   255
 39
0.016
  6
CONTINUOUS
 10
0.34262
 20
1.33411
 30
 0
 11
0.34445
 21
1.33754
  0
LINE
  8
Gravur
 62
   255
 39
0.016
  6
CONTINUOUS
 10
0.34445
 20
1.33754
 30
 0
 11
0.34486
 21
1.33819
  0
LINE
  8
Gravur
 62
   255
 39
0.016
  6
CONTINUOUS
 10
0.34486
 20
1.33819
 30
 0
 11
0.34911
 21
1.34308
  0
LINE
  8
Gravur
 62
   255
 39
0.016
  6
CONTINUOUS
 10
0.34911
 20
1.34308
 30
 0
 11
0.35009
 21
1.34387
  0
LINE
  8
Gravur
 62
   255
 39
0.016
  6
CONTINUOUS
 10
0.35009
 20
1.34387
 30
 0
 11
0.35324
 21
1.34587
  0
LINE
  8
Gravur
 62
   255
 39
0.016
  6
CONTINUOUS
 10
0.35324
 20
1.34587
 30
 0
 11
0.35436
 21
1.34642
  0
LINE
  8
Gravur
 62
   255
 39
0.016
  6
CONTINUOUS
 10
0.35436
 20
1.34642
 30
 0
 11
0.35436
 21
1.34642
  0
LINE
  8
Gravur
 62
   255
 39
0.016
  6
CONTINUOUS
 10
0.35436
 20
1.34642
 30
 0
 11
0.35651
 21
1.34725
  0
LINE
  8
Gravur
 62
   255
 39
0.016
  6
CONTINUOUS
 10
0.35651
 20
1.34725
 30
 0
 11
0.35874
 21
1.34787
  0
LINE
  8
Gravur
 62
   255
 39
0.016
  6
CONTINUOUS
 10
0.35874
 20
1.34787
 30
 0
 11
0.36104
 21
1.34826
  0
LINE
  8
Gravur
 62
   255
 39
0.016
  6
CONTINUOUS
 10
0.36104
 20
1.34826
 30
 0
 11
0.36339
 21
1.34843
  0
LINE
  8
Gravur
 62
   255
 39
0.016
  6
CONTINUOUS
 10
0.36339
 20
1.34843
 30
 0
 11
0.36578
 21
1.34837
  0
LINE
  8
Gravur
 62
   255
 39
0.016
  6
CONTINUOUS
 10
0.36578
 20
1.34837
 30
 0
 11
0.36820
 21
1.34807
  0
LINE
  8
Gravur
 62
   255
 39
0.016
  6
CONTINUOUS
 10
0.36820
 20
1.34807
 30
 0
 11
0.37257
 21
1.34689
  0
LINE
  8
Gravur
 62
   255
 39
0.016
  6
CONTINUOUS
 10
0.37257
 20
1.34689
 30
 0
 11
0.37303
 21
1.34671
  0
LINE
  8
Gravur
 62
   255
 39
0.016
  6
CONTINUOUS
 10
0.37303
 20
1.34671
 30
 0
 11
0.37303
 21
1.34671
  0
LINE
  8
Gravur
 62
   255
 39
0.016
  6
CONTINUOUS
 10
0.37303
 20
1.34671
 30
 0
 11
0.37706
 21
1.34504
  0
LINE
  8
Gravur
 62
   255
 39
0.016
  6
CONTINUOUS
 10
0.37706
 20
1.34504
 30
 0
 11
0.37788
 21
1.34469
  0
LINE
  8
Gravur
 62
   255
 39
0.016
  6
CONTINUOUS
 10
0.40063
 20
1.34721
 30
 0
 11
0.40149
 21
1.34326
  0
LINE
  8
Gravur
 62
   255
 39
0.016
  6
CONTINUOUS
 10
0.40149
 20
1.34326
 30
 0
 11
0.40158
 21
1.34290
  0
LINE
  8
Gravur
 62
   255
 39
0.016
  6
CONTINUOUS
 10
0.40158
 20
1.34290
 30
 0
 11
0.40158
 21
1.34290
  0
LINE
  8
Gravur
 62
   255
 39
0.016
  6
CONTINUOUS
 10
0.40158
 20
1.34290
 30
 0
 11
0.40242
 21
1.33986
  0
LINE
  8
Gravur
 62
   255
 39
0.016
  6
CONTINUOUS
 10
0.40242
 20
1.33986
 30
 0
 11
0.40257
 21
1.33925
  0
LINE
  8
Gravur
 62
   255
 39
0.016
  6
CONTINUOUS
 10
0.40257
 20
1.33925
 30
 0
 11
0.40655
 21
1.32349
  0
LINE
  8
Gravur
 62
   255
 39
0.016
  6
CONTINUOUS
 10
0.40655
 20
1.32349
 30
 0
 11
0.41880
 21
1.27459
  0
LINE
  8
Gravur
 62
   255
 39
0.016
  6
CONTINUOUS
 10
0.41880
 20
1.27459
 30
 0
 11
0.42304
 21
1.25763
  0
LINE
  8
Gravur
 62
   255
 39
0.016
  6
CONTINUOUS
 10
0.42304
 20
1.25763
 30
 0
 11
0.42338
 21
1.25586
  0
LINE
  8
Gravur
 62
   255
 39
0.016
  6
CONTINUOUS
 10
0.42338
 20
1.25586
 30
 0
 11
0.42344
 21
1.25558
  0
LINE
  8
Gravur
 62
   255
 39
0.016
  6
CONTINUOUS
 10
0.42344
 20
1.25558
 30
 0
 11
0.42344
 21
1.25558
  0
LINE
  8
Gravur
 62
   255
 39
0.016
  6
CONTINUOUS
 10
0.42344
 20
1.25558
 30
 0
 11
0.42420
 21
1.25358
  0
LINE
  8
Gravur
 62
   255
 39
0.016
  6
CONTINUOUS
 10
0.42420
 20
1.25358
 30
 0
 11
0.42465
 21
1.25316
  0
LINE
  8
Gravur
 62
   255
 39
0.016
  6
CONTINUOUS
 10
0.42465
 20
1.25316
 30
 0
 11
0.42465
 21
1.25316
  0
LINE
  8
Gravur
 62
   255
 39
0.016
  6
CONTINUOUS
 10
0.42465
 20
1.25316
 30
 0
 11
0.42527
 21
1.25295
  0
LINE
  8
Gravur
 62
   255
 39
0.016
  6
CONTINUOUS
 10
0.42527
 20
1.25295
 30
 0
 11
0.42606
 21
1.25304
  0
LINE
  8
Gravur
 62
   255
 39
0.016
  6
CONTINUOUS
 10
0.42606
 20
1.25304
 30
 0
 11
0.42643
 21
1.25325
  0
LINE
  8
Gravur
 62
   255
 39
0.016
  6
CONTINUOUS
 10
0.42643
 20
1.25325
 30
 0
 11
0.42648
 21
1.25331
  0
LINE
  8
Gravur
 62
   255
 39
0.016
  6
CONTINUOUS
 10
0.42648
 20
1.25331
 30
 0
 11
0.42648
 21
1.25331
  0
LINE
  8
Gravur
 62
   255
 39
0.016
  6
CONTINUOUS
 10
0.42648
 20
1.25331
 30
 0
 11
0.42675
 21
1.25381
  0
LINE
  8
Gravur
 62
   255
 39
0.016
  6
CONTINUOUS
 10
0.42675
 20
1.25381
 30
 0
 11
0.42681
 21
1.25400
  0
LINE
  8
Gravur
 62
   255
 39
0.016
  6
CONTINUOUS
 10
0.42681
 20
1.25400
 30
 0
 11
0.42681
 21
1.25400
  0
LINE
  8
Gravur
 62
   255
 39
0.016
  6
CONTINUOUS
 10
0.42681
 20
1.25400
 30
 0
 11
0.42687
 21
1.25422
  0
LINE
  8
Gravur
 62
   255
 39
0.016
  6
CONTINUOUS
 10
0.42687
 20
1.25422
 30
 0
 11
0.42692
 21
1.25445
  0
LINE
  8
Gravur
 62
   255
 39
0.016
  6
CONTINUOUS
 10
0.42692
 20
1.25445
 30
 0
 11
0.42795
 21
1.25855
  0
LINE
  8
Gravur
 62
   255
 39
0.016
  6
CONTINUOUS
 10
0.42795
 20
1.25855
 30
 0
 11
0.43229
 21
1.27578
  0
LINE
  8
Gravur
 62
   255
 39
0.016
  6
CONTINUOUS
 10
0.43229
 20
1.27578
 30
 0
 11
0.44391
 21
1.32216
  0
LINE
  8
Gravur
 62
   255
 39
0.016
  6
CONTINUOUS
 10
0.44391
 20
1.32216
 30
 0
 11
0.44647
 21
1.33267
  0
LINE
  8
Gravur
 62
   255
 39
0.016
  6
CONTINUOUS
 10
0.44647
 20
1.33267
 30
 0
 11
0.44676
 21
1.33384
  0
LINE
  8
Gravur
 62
   255
 39
0.016
  6
CONTINUOUS
 10
0.44676
 20
1.33384
 30
 0
 11
0.44676
 21
1.33384
  0
LINE
  8
Gravur
 62
   255
 39
0.016
  6
CONTINUOUS
 10
0.44676
 20
1.33384
 30
 0
 11
0.44958
 21
1.34499
  0
LINE
  8
Gravur
 62
   255
 39
0.016
  6
CONTINUOUS
 10
0.44958
 20
1.34499
 30
 0
 11
0.45019
 21
1.34721
  0
LINE
  8
Gravur
 62
   255
 39
0.016
  6
CONTINUOUS
 10
0.53758
 20
1.33369
 30
 0
 11
0.55613
 21
1.34397
  0
LINE
  8
Gravur
 62
   255
 39
0.016
  6
CONTINUOUS
 10
0.55613
 20
1.34397
 30
 0
 11
0.56117
 21
1.34651
  0
LINE
  8
Gravur
 62
   255
 39
0.016
  6
CONTINUOUS
 10
0.56117
 20
1.34651
 30
 0
 11
0.56283
 21
1.34673
  0
LINE
  8
Gravur
 62
   255
 39
0.016
  6
CONTINUOUS
 10
0.56283
 20
1.34673
 30
 0
 11
0.56315
 21
1.34535
  0
LINE
  8
Gravur
 62
   255
 39
0.016
  6
CONTINUOUS
 10
0.56315
 20
1.34535
 30
 0
 11
0.56315
 21
1.34137
  0
LINE
  8
Gravur
 62
   255
 39
0.016
  6
CONTINUOUS
 10
0.56315
 20
1.34137
 30
 0
 11
0.56315
 21
1.32441
  0
LINE
  8
Gravur
 62
   255
 39
0.016
  6
CONTINUOUS
 10
0.56315
 20
1.32441
 30
 0
 11
0.56315
 21
1.25312
  0
LINE
  8
Gravur
 62
   255
 39
0.016
  6
CONTINUOUS
 10
0.67293
 20
1.34707
 30
 0
 11
0.70752
 21
1.34707
  0
LINE
  8
Gravur
 62
   255
 39
0.016
  6
CONTINUOUS
 10
0.69029
 20
1.34694
 30
 0
 11
0.69029
 21
1.27684
  0
LINE
  8
Gravur
 62
   255
 39
0.016
  6
CONTINUOUS
 10
0.69029
 20
1.27684
 30
 0
 11
0.69029
 21
1.25922
  0
LINE
  8
Gravur
 62
   255
 39
0.016
  6
CONTINUOUS
 10
0.69029
 20
1.25922
 30
 0
 11
0.69029
 21
1.25484
  0
LINE
  8
Gravur
 62
   255
 39
0.016
  6
CONTINUOUS
 10
0.69029
 20
1.25484
 30
 0
 11
0.69007
 21
1.25322
  0
LINE
  8
Gravur
 62
   255
 39
0.016
  6
CONTINUOUS
 10
0.69007
 20
1.25322
 30
 0
 11
0.68566
 21
1.25299
  0
LINE
  8
Gravur
 62
   255
 39
0.016
  6
CONTINUOUS
 10
0.68566
 20
1.25299
 30
 0
 11
0.67293
 21
1.25299
  0
LINE
  8
Gravur
 62
   255
 39
0.016
  6
CONTINUOUS
 10
0.69043
 20
1.25299
 30
 0
 11
0.70752
 21
1.25299
  0
LINE
  8
Gravur
 62
   255
 39
0.016
  6
CONTINUOUS
 10
0.77705
 20
1.34707
 30
 0
 11
0.77705
 21
1.27565
  0
LINE
  8
Gravur
 62
   255
 39
0.016
  6
CONTINUOUS
 10
0.77705
 20
1.27565
 30
 0
 11
0.77705
 21
1.25855
  0
LINE
  8
Gravur
 62
   255
 39
0.016
  6
CONTINUOUS
 10
0.77705
 20
1.25855
 30
 0
 11
0.77712
 21
1.25662
  0
LINE
  8
Gravur
 62
   255
 39
0.016
  6
CONTINUOUS
 10
0.77712
 20
1.25662
 30
 0
 11
0.77712
 21
1.25628
  0
LINE
  8
Gravur
 62
   255
 39
0.016
  6
CONTINUOUS
 10
0.77712
 20
1.25628
 30
 0
 11
0.77712
 21
1.25628
  0
LINE
  8
Gravur
 62
   255
 39
0.016
  6
CONTINUOUS
 10
0.77712
 20
1.25628
 30
 0
 11
0.77674
 21
1.25421
  0
LINE
  8
Gravur
 62
   255
 39
0.016
  6
CONTINUOUS
 10
0.77674
 20
1.25421
 30
 0
 11
0.77639
 21
1.25383
  0
LINE
  8
Gravur
 62
   255
 39
0.016
  6
CONTINUOUS
 10
0.77639
 20
1.25383
 30
 0
 11
0.77639
 21
1.25383
  0
LINE
  8
Gravur
 62
   255
 39
0.016
  6
CONTINUOUS
 10
0.77639
 20
1.25383
 30
 0
 11
0.77588
 21
1.25373
  0
LINE
  8
Gravur
 62
   255
 39
0.016
  6
CONTINUOUS
 10
0.77588
 20
1.25373
 30
 0
 11
0.77520
 21
1.25396
  0
LINE
  8
Gravur
 62
   255
 39
0.016
  6
CONTINUOUS
 10
0.77520
 20
1.25396
 30
 0
 11
0.77359
 21
1.25628
  0
LINE
  8
Gravur
 62
   255
 39
0.016
  6
CONTINUOUS
 10
0.77359
 20
1.25628
 30
 0
 11
0.77349
 21
1.25655
  0
LINE
  8
Gravur
 62
   255
 39
0.016
  6
CONTINUOUS
 10
0.77349
 20
1.25655
 30
 0
 11
0.77349
 21
1.25655
  0
LINE
  8
Gravur
 62
   255
 39
0.016
  6
CONTINUOUS
 10
0.77349
 20
1.25655
 30
 0
 11
0.77281
 21
1.25861
  0
LINE
  8
Gravur
 62
   255
 39
0.016
  6
CONTINUOUS
 10
0.77281
 20
1.25861
 30
 0
 11
0.77268
 21
1.25895
  0
LINE
  8
Gravur
 62
   255
 39
0.016
  6
CONTINUOUS
 10
0.77268
 20
1.25895
 30
 0
 11
0.76732
 21
1.27260
  0
LINE
  8
Gravur
 62
   255
 39
0.016
  6
CONTINUOUS
 10
0.76732
 20
1.27260
 30
 0
 11
0.75769
 21
1.29738
  0
LINE
  8
Gravur
 62
   255
 39
0.016
  6
CONTINUOUS
 10
0.75769
 20
1.29738
 30
 0
 11
0.75680
 21
1.29963
  0
LINE
  8
Gravur
 62
   255
 39
0.016
  6
CONTINUOUS
 10
0.75680
 20
1.29963
 30
 0
 11
0.75680
 21
1.29963
  0
LINE
  8
Gravur
 62
   255
 39
0.016
  6
CONTINUOUS
 10
0.75680
 20
1.29963
 30
 0
 11
0.74831
 21
1.32095
  0
LINE
  8
Gravur
 62
   255
 39
0.016
  6
CONTINUOUS
 10
0.74831
 20
1.32095
 30
 0
 11
0.74660
 21
1.32521
  0
LINE
  8
Gravur
 62
   255
 39
0.016
  6
CONTINUOUS
 10
0.74660
 20
1.32521
 30
 0
 11
0.74008
 21
1.34177
  0
LINE
  8
Gravur
 62
   255
 39
0.016
  6
CONTINUOUS
 10
0.74008
 20
1.34177
 30
 0
 11
0.73935
 21
1.34390
  0
LINE
  8
Gravur
 62
   255
 39
0.016
  6
CONTINUOUS
 10
0.73935
 20
1.34390
 30
 0
 11
0.73924
 21
1.34418
  0
LINE
  8
Gravur
 62
   255
 39
0.016
  6
CONTINUOUS
 10
0.73924
 20
1.34418
 30
 0
 11
0.73924
 21
1.34418
  0
LINE
  8
Gravur
 62
   255
 39
0.016
  6
CONTINUOUS
 10
0.73924
 20
1.34418
 30
 0
 11
0.73788
 21
1.34620
  0
LINE
  8
Gravur
 62
   255
 39
0.016
  6
CONTINUOUS
 10
0.73788
 20
1.34620
 30
 0
 11
0.73751
 21
1.34640
  0
LINE
  8
Gravur
 62
   255
 39
0.016
  6
CONTINUOUS
 10
0.73751
 20
1.34640
 30
 0
 11
0.73751
 21
1.34640
  0
LINE
  8
Gravur
 62
   255
 39
0.016
  6
CONTINUOUS
 10
0.73751
 20
1.34640
 30
 0
 11
0.73716
 21
1.34648
  0
LINE
  8
Gravur
 62
   255
 39
0.016
  6
CONTINUOUS
 10
0.73716
 20
1.34648
 30
 0
 11
0.73677
 21
1.34647
  0
LINE
  8
Gravur
 62
   255
 39
0.016
  6
CONTINUOUS
 10
0.73677
 20
1.34647
 30
 0
 11
0.73632
 21
1.34625
  0
LINE
  8
Gravur
 62
   255
 39
0.016
  6
CONTINUOUS
 10
0.73632
 20
1.34625
 30
 0
 11
0.73627
 21
1.34620
  0
LINE
  8
Gravur
 62
   255
 39
0.016
  6
CONTINUOUS
 10
0.73627
 20
1.34620
 30
 0
 11
0.73627
 21
1.34620
  0
LINE
  8
Gravur
 62
   255
 39
0.016
  6
CONTINUOUS
 10
0.73627
 20
1.34620
 30
 0
 11
0.73604
 21
1.34570
  0
LINE
  8
Gravur
 62
   255
 39
0.016
  6
CONTINUOUS
 10
0.73604
 20
1.34570
 30
 0
 11
0.73600
 21
1.34551
  0
LINE
  8
Gravur
 62
   255
 39
0.016
  6
CONTINUOUS
 10
0.73600
 20
1.34551
 30
 0
 11
0.73600
 21
1.34551
  0
LINE
  8
Gravur
 62
   255
 39
0.016
  6
CONTINUOUS
 10
0.73600
 20
1.34551
 30
 0
 11
0.73598
 21
1.34536
  0
LINE
  8
Gravur
 62
   255
 39
0.016
  6
CONTINUOUS
 10
0.73598
 20
1.34536
 30
 0
 11
0.73598
 21
1.34522
  0
LINE
  8
Gravur
 62
   255
 39
0.016
  6
CONTINUOUS
 10
0.73598
 20
1.34522
 30
 0
 11
0.73597
 21
1.34124
  0
LINE
  8
Gravur
 62
   255
 39
0.016
  6
CONTINUOUS
 10
0.73597
 20
1.34124
 30
 0
 11
0.73597
 21
1.32455
  0
LINE
  8
Gravur
 62
   255
 39
0.016
  6
CONTINUOUS
 10
0.73597
 20
1.32455
 30
 0
 11
0.73597
 21
1.25312
  0
LINE
  8
Gravur
 62
   255
 39
0.016
  6
CONTINUOUS
 10
0.80418
 20
1.29327
 30
 0
 11
0.80418
 21
1.33276
  0
LINE
  8
Gravur
 62
   255
 39
0.016
  6
CONTINUOUS
 10
0.80418
 20
1.33276
 30
 0
 11
0.80418
 21
1.34270
  0
LINE
  8
Gravur
 62
   255
 39
0.016
  6
CONTINUOUS
 10
0.80418
 20
1.34270
 30
 0
 11
0.80409
 21
1.34422
  0
LINE
  8
Gravur
 62
   255
 39
0.016
  6
CONTINUOUS
 10
0.80409
 20
1.34422
 30
 0
 11
0.80408
 21
1.34441
  0
LINE
  8
Gravur
 62
   255
 39
0.016
  6
CONTINUOUS
 10
0.80408
 20
1.34441
 30
 0
 11
0.80408
 21
1.34441
  0
LINE
  8
Gravur
 62
   255
 39
0.016
  6
CONTINUOUS
 10
0.80408
 20
1.34441
 30
 0
 11
0.80427
 21
1.34611
  0
LINE
  8
Gravur
 62
   255
 39
0.016
  6
CONTINUOUS
 10
0.80427
 20
1.34611
 30
 0
 11
0.80441
 21
1.34633
  0
LINE
  8
Gravur
 62
   255
 39
0.016
  6
CONTINUOUS
 10
0.80441
 20
1.34633
 30
 0
 11
0.80613
 21
1.34710
  0
LINE
  8
Gravur
 62
   255
 39
0.016
  6
CONTINUOUS
 10
0.80613
 20
1.34710
 30
 0
 11
0.80633
 21
1.34714
  0
LINE
  8
Gravur
 62
   255
 39
0.016
  6
CONTINUOUS
 10
0.80633
 20
1.34714
 30
 0
 11
0.80633
 21
1.34714
  0
LINE
  8
Gravur
 62
   255
 39
0.016
  6
CONTINUOUS
 10
0.80633
 20
1.34714
 30
 0
 11
0.80791
 21
1.34740
  0
LINE
  8
Gravur
 62
   255
 39
0.016
  6
CONTINUOUS
 10
0.80791
 20
1.34740
 30
 0
 11
0.80816
 21
1.34744
  0
LINE
  8
Gravur
 62
   255
 39
0.016
  6
CONTINUOUS
 10
0.80816
 20
1.34744
 30
 0
 11
0.81318
 21
1.34812
  0
LINE
  8
Gravur
 62
   255
 39
0.016
  6
CONTINUOUS
 10
0.81318
 20
1.34812
 30
 0
 11
0.81364
 21
1.34816
  0
LINE
  8
Gravur
 62
   255
 39
0.016
  6
CONTINUOUS
 10
0.81364
 20
1.34816
 30
 0
 11
0.81364
 21
1.34816
  0
LINE
  8
Gravur
 62
   255
 39
0.016
  6
CONTINUOUS
 10
0.81364
 20
1.34816
 30
 0
 11
0.81801
 21
1.34839
  0
LINE
  8
Gravur
 62
   255
 39
0.016
  6
CONTINUOUS
 10
0.81801
 20
1.34839
 30
 0
 11
0.81889
 21
1.34840
  0
LINE
  8
Gravur
 62
   255
 39
0.016
  6
CONTINUOUS
 10
0.81889
 20
1.34840
 30
 0
 11
0.82418
 21
1.34816
  0
LINE
  8
Gravur
 62
   255
 39
0.016
  6
CONTINUOUS
 10
0.82418
 20
1.34816
 30
 0
 11
0.82477
 21
1.34810
  0
LINE
  8
Gravur
 62
   255
 39
0.016
  6
CONTINUOUS
 10
0.82477
 20
1.34810
 30
 0
 11
0.82477
 21
1.34810
  0
LINE
  8
Gravur
 62
   255
 39
0.016
  6
CONTINUOUS
 10
0.82477
 20
1.34810
 30
 0
 11
0.83062
 21
1.34693
  0
LINE
  8
Gravur
 62
   255
 39
0.016
  6
CONTINUOUS
 10
0.83062
 20
1.34693
 30
 0
 11
0.83175
 21
1.34656
  0
LINE
  8
Gravur
 62
   255
 39
0.016
  6
CONTINUOUS
 10
0.83175
 20
1.34656
 30
 0
 11
0.83471
 21
1.34528
  0
LINE
  8
Gravur
 62
   255
 39
0.016
  6
CONTINUOUS
 10
0.83471
 20
1.34528
 30
 0
 11
0.83503
 21
1.34511
  0
LINE
  8
Gravur
 62
   255
 39
0.016
  6
CONTINUOUS
 10
0.83503
 20
1.34511
 30
 0
 11
0.83503
 21
1.34511
  0
LINE
  8
Gravur
 62
   255
 39
0.016
  6
CONTINUOUS
 10
0.83503
 20
1.34511
 30
 0
 11
0.83774
 21
1.34339
  0
LINE
  8
Gravur
 62
   255
 39
0.016
  6
CONTINUOUS
 10
0.83774
 20
1.34339
 30
 0
 11
0.83824
 21
1.34301
  0
LINE
  8
Gravur
 62
   255
 39
0.016
  6
CONTINUOUS
 10
0.83824
 20
1.34301
 30
 0
 11
0.84115
 21
1.34006
  0
LINE
  8
Gravur
 62
   255
 39
0.016
  6
CONTINUOUS
 10
0.84115
 20
1.34006
 30
 0
 11
0.84196
 21
1.33896
  0
LINE
  8
Gravur
 62
   255
 39
0.016
  6
CONTINUOUS
 10
0.84196
 20
1.33896
 30
 0
 11
0.84196
 21
1.33896
  0
LINE
  8
Gravur
 62
   255
 39
0.016
  6
CONTINUOUS
 10
0.84196
 20
1.33896
 30
 0
 11
0.84477
 21
1.33316
  0
LINE
  8
Gravur
 62
   255
 39
0.016
  6
CONTINUOUS
 10
0.84477
 20
1.33316
 30
 0
 11
0.84621
 21
1.32671
  0
LINE
  8
Gravur
 62
   255
 39
0.016
  6
CONTINUOUS
 10
0.84621
 20
1.32671
 30
 0
 11
0.84621
 21
1.32671
  0
LINE
  8
Gravur
 62
   255
 39
0.016
  6
CONTINUOUS
 10
0.84621
 20
1.32671
 30
 0
 11
0.84659
 21
1.32136
  0
LINE
  8
Gravur
 62
   255
 39
0.016
  6
CONTINUOUS
 10
0.84659
 20
1.32136
 30
 0
 11
0.84644
 21
1.31620
  0
LINE
  8
Gravur
 62
   255
 39
0.016
  6
CONTINUOUS
 10
0.84644
 20
1.31620
 30
 0
 11
0.84589
 21
1.31148
  0
LINE
  8
Gravur
 62
   255
 39
0.016
  6
CONTINUOUS
 10
0.84589
 20
1.31148
 30
 0
 11
0.84580
 21
1.31096
  0
LINE
  8
Gravur
 62
   255
 39
0.016
  6
CONTINUOUS
 10
0.84580
 20
1.31096
 30
 0
 11
0.84580
 21
1.31096
  0
LINE
  8
Gravur
 62
   255
 39
0.016
  6
CONTINUOUS
 10
0.84580
 20
1.31096
 30
 0
 11
0.84446
 21
1.30601
  0
LINE
  8
Gravur
 62
   255
 39
0.016
  6
CONTINUOUS
 10
0.84446
 20
1.30601
 30
 0
 11
0.84408
 21
1.30507
  0
LINE
  8
Gravur
 62
   255
 39
0.016
  6
CONTINUOUS
 10
0.84408
 20
1.30507
 30
 0
 11
0.84199
 21
1.30134
  0
LINE
  8
Gravur
 62
   255
 39
0.016
  6
CONTINUOUS
 10
0.84199
 20
1.30134
 30
 0
 11
0.84116
 21
1.30027
  0
LINE
  8
Gravur
 62
   255
 39
0.016
  6
CONTINUOUS
 10
0.84116
 20
1.30027
 30
 0
 11
0.83830
 21
1.29752
  0
LINE
  8
Gravur
 62
   255
 39
0.016
  6
CONTINUOUS
 10
0.83830
 20
1.29752
 30
 0
 11
0.83724
 21
1.29675
  0
LINE
  8
Gravur
 62
   255
 39
0.016
  6
CONTINUOUS
 10
0.83724
 20
1.29675
 30
 0
 11
0.83724
 21
1.29675
  0
LINE
  8
Gravur
 62
   255
 39
0.016
  6
CONTINUOUS
 10
0.83724
 20
1.29675
 30
 0
 11
0.83506
 21
1.29545
  0
LINE
  8
Gravur
 62
   255
 39
0.016
  6
CONTINUOUS
 10
0.83506
 20
1.29545
 30
 0
 11
0.83272
 21
1.29440
  0
LINE
  8
Gravur
 62
   255
 39
0.016
  6
CONTINUOUS
 10
0.83272
 20
1.29440
 30
 0
 11
0.82511
 21
1.29249
  0
LINE
  8
Gravur
 62
   255
 39
0.016
  6
CONTINUOUS
 10
0.82511
 20
1.29249
 30
 0
 11
0.82246
 21
1.29222
  0
LINE
  8
Gravur
 62
   255
 39
0.016
  6
CONTINUOUS
 10
0.82246
 20
1.29222
 30
 0
 11
0.82246
 21
1.29222
  0
LINE
  8
Gravur
 62
   255
 39
0.016
  6
CONTINUOUS
 10
0.82246
 20
1.29222
 30
 0
 11
0.82094
 21
1.29213
  0
LINE
  8
Gravur
 62
   255
 39
0.016
  6
CONTINUOUS
 10
0.82094
 20
1.29213
 30
 0
 11
0.81942
 21
1.29208
  0
LINE
  8
Gravur
 62
   255
 39
0.016
  6
CONTINUOUS
 10
0.81942
 20
1.29208
 30
 0
 11
0.81405
 21
1.29224
  0
LINE
  8
Gravur
 62
   255
 39
0.016
  6
CONTINUOUS
 10
0.81405
 20
1.29224
 30
 0
 11
0.81356
 21
1.29228
  0
LINE
  8
Gravur
 62
   255
 39
0.016
  6
CONTINUOUS
 10
0.81356
 20
1.29228
 30
 0
 11
0.81356
 21
1.29228
  0
LINE
  8
Gravur
 62
   255
 39
0.016
  6
CONTINUOUS
 10
0.81356
 20
1.29228
 30
 0
 11
0.80938
 21
1.29271
  0
LINE
  8
Gravur
 62
   255
 39
0.016
  6
CONTINUOUS
 10
0.80938
 20
1.29271
 30
 0
 11
0.80856
 21
1.29282
  0
LINE
  8
Gravur
 62
   255
 39
0.016
  6
CONTINUOUS
 10
0.80856
 20
1.29282
 30
 0
 11
0.80683
 21
1.29312
  0
LINE
  8
Gravur
 62
   255
 39
0.016
  6
CONTINUOUS
 10
0.80683
 20
1.29312
 30
 0
 11
0.80660
 21
1.29315
  0
LINE
  8
Gravur
 62
   255
 39
0.016
  6
CONTINUOUS
 10
0.80660
 20
1.29315
 30
 0
 11
0.80660
 21
1.29315
  0
LINE
  8
Gravur
 62
   255
 39
0.016
  6
CONTINUOUS
 10
0.80660
 20
1.29315
 30
 0
 11
0.80465
 21
1.29312
  0
LINE
  8
Gravur
 62
   255
 39
0.016
  6
CONTINUOUS
 10
0.80465
 20
1.29312
 30
 0
 11
0.80441
 21
1.29299
  0
LINE
  8
Gravur
 62
   255
 39
0.016
  6
CONTINUOUS
 10
0.80441
 20
1.29299
 30
 0
 11
0.80411
 21
1.29180
  0
LINE
  8
Gravur
 62
   255
 39
0.016
  6
CONTINUOUS
 10
0.80411
 20
1.29180
 30
 0
 11
0.80411
 21
1.29167
  0
LINE
  8
Gravur
 62
   255
 39
0.016
  6
CONTINUOUS
 10
0.80411
 20
1.29167
 30
 0
 11
0.80411
 21
1.29167
  0
LINE
  8
Gravur
 62
   255
 39
0.016
  6
CONTINUOUS
 10
0.80411
 20
1.29167
 30
 0
 11
0.80418
 21
1.29064
  0
LINE
  8
Gravur
 62
   255
 39
0.016
  6
CONTINUOUS
 10
0.80418
 20
1.29064
 30
 0
 11
0.80418
 21
1.29049
  0
LINE
  8
Gravur
 62
   255
 39
0.016
  6
CONTINUOUS
 10
0.80418
 20
1.29049
 30
 0
 11
0.80418
 21
1.28307
  0
LINE
  8
Gravur
 62
   255
 39
0.016
  6
CONTINUOUS
 10
0.80418
 20
1.28307
 30
 0
 11
0.80418
 21
1.25312
  0
LINE
  8
Gravur
 62
   255
 39
0.016
  6
CONTINUOUS
 10
0.86775
 20
1.34707
 30
 0
 11
0.86775
 21
1.28320
  0
LINE
  8
Gravur
 62
   255
 39
0.016
  6
CONTINUOUS
 10
0.86775
 20
1.28320
 30
 0
 11
0.86775
 21
1.27368
  0
LINE
  8
Gravur
 62
   255
 39
0.016
  6
CONTINUOUS
 10
0.86775
 20
1.27368
 30
 0
 11
0.86781
 21
1.27227
  0
LINE
  8
Gravur
 62
   255
 39
0.016
  6
CONTINUOUS
 10
0.86781
 20
1.27227
 30
 0
 11
0.86781
 21
1.27227
  0
LINE
  8
Gravur
 62
   255
 39
0.016
  6
CONTINUOUS
 10
0.86781
 20
1.27227
 30
 0
 11
0.86811
 21
1.26895
  0
LINE
  8
Gravur
 62
   255
 39
0.016
  6
CONTINUOUS
 10
0.86811
 20
1.26895
 30
 0
 11
0.86867
 21
1.26573
  0
LINE
  8
Gravur
 62
   255
 39
0.016
  6
CONTINUOUS
 10
0.86867
 20
1.26573
 30
 0
 11
0.86959
 21
1.26265
  0
LINE
  8
Gravur
 62
   255
 39
0.016
  6
CONTINUOUS
 10
0.86959
 20
1.26265
 30
 0
 11
0.87094
 21
1.25980
  0
LINE
  8
Gravur
 62
   255
 39
0.016
  6
CONTINUOUS
 10
0.87094
 20
1.25980
 30
 0
 11
0.87094
 21
1.25980
  0
LINE
  8
Gravur
 62
   255
 39
0.016
  6
CONTINUOUS
 10
0.87094
 20
1.25980
 30
 0
 11
0.87213
 21
1.25804
  0
LINE
  8
Gravur
 62
   255
 39
0.016
  6
CONTINUOUS
 10
0.87213
 20
1.25804
 30
 0
 11
0.87358
 21
1.25644
  0
LINE
  8
Gravur
 62
   255
 39
0.016
  6
CONTINUOUS
 10
0.87358
 20
1.25644
 30
 0
 11
0.87568
 21
1.25480
  0
LINE
  8
Gravur
 62
   255
 39
0.016
  6
CONTINUOUS
 10
0.87568
 20
1.25480
 30
 0
 11
0.87614
 21
1.25453
  0
LINE
  8
Gravur
 62
   255
 39
0.016
  6
CONTINUOUS
 10
0.87614
 20
1.25453
 30
 0
 11
0.87614
 21
1.25453
  0
LINE
  8
Gravur
 62
   255
 39
0.016
  6
CONTINUOUS
 10
0.87614
 20
1.25453
 30
 0
 11
0.88039
 21
1.25275
  0
LINE
  8
Gravur
 62
   255
 39
0.016
  6
CONTINUOUS
 10
0.88039
 20
1.25275
 30
 0
 11
0.88190
 21
1.25238
  0
LINE
  8
Gravur
 62
   255
 39
0.016
  6
CONTINUOUS
 10
0.88190
 20
1.25238
 30
 0
 11
0.88190
 21
1.25238
  0
LINE
  8
Gravur
 62
   255
 39
0.016
  6
CONTINUOUS
 10
0.88190
 20
1.25238
 30
 0
 11
0.88431
 21
1.25199
  0
LINE
  8
Gravur
 62
   255
 39
0.016
  6
CONTINUOUS
 10
0.88431
 20
1.25199
 30
 0
 11
0.88670
 21
1.25179
  0
LINE
  8
Gravur
 62
   255
 39
0.016
  6
CONTINUOUS
 10
0.88670
 20
1.25179
 30
 0
 11
0.88971
 21
1.25174
  0
LINE
  8
Gravur
 62
   255
 39
0.016
  6
CONTINUOUS
 10
0.88971
 20
1.25174
 30
 0
 11
0.89071
 21
1.25177
  0
LINE
  8
Gravur
 62
   255
 39
0.016
  6
CONTINUOUS
 10
0.89071
 20
1.25177
 30
 0
 11
0.89071
 21
1.25177
  0
LINE
  8
Gravur
 62
   255
 39
0.016
  6
CONTINUOUS
 10
0.89071
 20
1.25177
 30
 0
 11
0.89605
 21
1.25245
  0
LINE
  8
Gravur
 62
   255
 39
0.016
  6
CONTINUOUS
 10
0.89605
 20
1.25245
 30
 0
 11
0.90098
 21
1.25426
  0
LINE
  8
Gravur
 62
   255
 39
0.016
  6
CONTINUOUS
 10
0.90098
 20
1.25426
 30
 0
 11
0.90098
 21
1.25426
  0
LINE
  8
Gravur
 62
   255
 39
0.016
  6
CONTINUOUS
 10
0.90098
 20
1.25426
 30
 0
 11
0.90402
 21
1.25639
  0
LINE
  8
Gravur
 62
   255
 39
0.016
  6
CONTINUOUS
 10
0.90402
 20
1.25639
 30
 0
 11
0.90653
 21
1.25935
  0
LINE
  8
Gravur
 62
   255
 39
0.016
  6
CONTINUOUS
 10
0.90653
 20
1.25935
 30
 0
 11
0.90712
 21
1.26037
  0
LINE
  8
Gravur
 62
   255
 39
0.016
  6
CONTINUOUS
 10
0.90712
 20
1.26037
 30
 0
 11
0.90723
 21
1.26058
  0
LINE
  8
Gravur
 62
   255
 39
0.016
  6
CONTINUOUS
 10
0.90723
 20
1.26058
 30
 0
 11
0.90723
 21
1.26058
  0
LINE
  8
Gravur
 62
   255
 39
0.016
  6
CONTINUOUS
 10
0.90723
 20
1.26058
 30
 0
 11
0.90788
 21
1.26208
  0
LINE
  8
Gravur
 62
   255
 39
0.016
  6
CONTINUOUS
 10
0.90788
 20
1.26208
 30
 0
 11
0.90806
 21
1.26260
  0
LINE
  8
Gravur
 62
   255
 39
0.016
  6
CONTINUOUS
 10
0.90806
 20
1.26260
 30
 0
 11
0.90806
 21
1.26260
  0
LINE
  8
Gravur
 62
   255
 39
0.016
  6
CONTINUOUS
 10
0.90806
 20
1.26260
 30
 0
 11
0.90827
 21
1.26322
  0
LINE
  8
Gravur
 62
   255
 39
0.016
  6
CONTINUOUS
 10
0.90827
 20
1.26322
 30
 0
 11
0.90847
 21
1.26385
  0
LINE
  8
Gravur
 62
   255
 39
0.016
  6
CONTINUOUS
 10
0.90847
 20
1.26385
 30
 0
 11
0.91019
 21
1.27376
  0
LINE
  8
Gravur
 62
   255
 39
0.016
  6
CONTINUOUS
 10
0.91019
 20
1.27376
 30
 0
 11
0.91028
 21
1.27521
  0
LINE
  8
Gravur
 62
   255
 39
0.016
  6
CONTINUOUS
 10
0.91028
 20
1.27521
 30
 0
 11
0.91040
 21
1.27961
  0
LINE
  8
Gravur
 62
   255
 39
0.016
  6
CONTINUOUS
 10
0.91040
 20
1.27961
 30
 0
 11
0.91040
 21
1.28108
  0
LINE
  8
Gravur
 62
   255
 39
0.016
  6
CONTINUOUS
 10
0.91040
 20
1.28108
 30
 0
 11
0.91040
 21
1.28108
  0
LINE
  8
Gravur
 62
   255
 39
0.016
  6
CONTINUOUS
 10
0.91040
 20
1.28108
 30
 0
 11
0.91017
 21
1.29195
  0
LINE
  8
Gravur
 62
   255
 39
0.016
  6
CONTINUOUS
 10
0.91017
 20
1.29195
 30
 0
 11
0.91016
 21
1.29407
  0
LINE
  8
Gravur
 62
   255
 39
0.016
  6
CONTINUOUS
 10
0.91016
 20
1.29407
 30
 0
 11
0.91016
 21
1.34707
  0
LINE
  8
Gravur
 62
   255
 39
0.016
  6
CONTINUOUS
 10
0.93185
 20
1.34707
 30
 0
 11
0.97837
 21
1.34707
  0
LINE
  8
Gravur
 62
   255
 39
0.016
  6
CONTINUOUS
 10
0.95518
 20
1.34694
 30
 0
 11
0.95518
 21
1.25312
  0
LINE
  8
Gravur
 62
   255
 39
0.016
  6
CONTINUOUS
 10
1.48630
 20
1.34721
 30
 0
 11
1.48716
 21
1.34326
  0
LINE
  8
Gravur
 62
   255
 39
0.016
  6
CONTINUOUS
 10
1.48716
 20
1.34326
 30
 0
 11
1.48725
 21
1.34290
  0
LINE
  8
Gravur
 62
   255
 39
0.016
  6
CONTINUOUS
 10
1.48725
 20
1.34290
 30
 0
 11
1.48725
 21
1.34290
  0
LINE
  8
Gravur
 62
   255
 39
0.016
  6
CONTINUOUS
 10
1.48725
 20
1.34290
 30
 0
 11
1.48808
 21
1.33986
  0
LINE
  8
Gravur
 62
   255
 39
0.016
  6
CONTINUOUS
 10
1.48808
 20
1.33986
 30
 0
 11
1.48824
 21
1.33925
  0
LINE
  8
Gravur
 62
   255
 39
0.016
  6
CONTINUOUS
 10
1.48824
 20
1.33925
 30
 0
 11
1.49221
 21
1.32349
  0
LINE
  8
Gravur
 62
   255
 39
0.016
  6
CONTINUOUS
 10
1.49221
 20
1.32349
 30
 0
 11
1.50447
 21
1.27459
  0
LINE
  8
Gravur
 62
   255
 39
0.016
  6
CONTINUOUS
 10
1.50447
 20
1.27459
 30
 0
 11
1.50871
 21
1.25763
  0
LINE
  8
Gravur
 62
   255
 39
0.016
  6
CONTINUOUS
 10
1.50871
 20
1.25763
 30
 0
 11
1.50905
 21
1.25586
  0
LINE
  8
Gravur
 62
   255
 39
0.016
  6
CONTINUOUS
 10
1.50905
 20
1.25586
 30
 0
 11
1.50911
 21
1.25558
  0
LINE
  8
Gravur
 62
   255
 39
0.016
  6
CONTINUOUS
 10
1.50911
 20
1.25558
 30
 0
 11
1.50911
 21
1.25558
  0
LINE
  8
Gravur
 62
   255
 39
0.016
  6
CONTINUOUS
 10
1.50911
 20
1.25558
 30
 0
 11
1.50987
 21
1.25358
  0
LINE
  8
Gravur
 62
   255
 39
0.016
  6
CONTINUOUS
 10
1.50987
 20
1.25358
 30
 0
 11
1.51032
 21
1.25316
  0
LINE
  8
Gravur
 62
   255
 39
0.016
  6
CONTINUOUS
 10
1.51032
 20
1.25316
 30
 0
 11
1.51032
 21
1.25316
  0
LINE
  8
Gravur
 62
   255
 39
0.016
  6
CONTINUOUS
 10
1.51032
 20
1.25316
 30
 0
 11
1.51094
 21
1.25295
  0
LINE
  8
Gravur
 62
   255
 39
0.016
  6
CONTINUOUS
 10
1.51094
 20
1.25295
 30
 0
 11
1.51173
 21
1.25304
  0
LINE
  8
Gravur
 62
   255
 39
0.016
  6
CONTINUOUS
 10
1.51173
 20
1.25304
 30
 0
 11
1.51210
 21
1.25325
  0
LINE
  8
Gravur
 62
   255
 39
0.016
  6
CONTINUOUS
 10
1.51210
 20
1.25325
 30
 0
 11
1.51215
 21
1.25331
  0
LINE
  8
Gravur
 62
   255
 39
0.016
  6
CONTINUOUS
 10
1.51215
 20
1.25331
 30
 0
 11
1.51215
 21
1.25331
  0
LINE
  8
Gravur
 62
   255
 39
0.016
  6
CONTINUOUS
 10
1.51215
 20
1.25331
 30
 0
 11
1.51242
 21
1.25381
  0
LINE
  8
Gravur
 62
   255
 39
0.016
  6
CONTINUOUS
 10
1.51242
 20
1.25381
 30
 0
 11
1.51248
 21
1.25400
  0
LINE
  8
Gravur
 62
   255
 39
0.016
  6
CONTINUOUS
 10
1.51248
 20
1.25400
 30
 0
 11
1.51248
 21
1.25400
  0
LINE
  8
Gravur
 62
   255
 39
0.016
  6
CONTINUOUS
 10
1.51248
 20
1.25400
 30
 0
 11
1.51254
 21
1.25422
  0
LINE
  8
Gravur
 62
   255
 39
0.016
  6
CONTINUOUS
 10
1.51254
 20
1.25422
 30
 0
 11
1.51259
 21
1.25445
  0
LINE
  8
Gravur
 62
   255
 39
0.016
  6
CONTINUOUS
 10
1.51259
 20
1.25445
 30
 0
 11
1.51362
 21
1.25855
  0
LINE
  8
Gravur
 62
   255
 39
0.016
  6
CONTINUOUS
 10
1.51362
 20
1.25855
 30
 0
 11
1.51796
 21
1.27578
  0
LINE
  8
Gravur
 62
   255
 39
0.016
  6
CONTINUOUS
 10
1.51796
 20
1.27578
 30
 0
 11
1.52958
 21
1.32216
  0
LINE
  8
Gravur
 62
   255
 39
0.016
  6
CONTINUOUS
 10
1.52958
 20
1.32216
 30
 0
 11
1.53214
 21
1.33267
  0
LINE
  8
Gravur
 62
   255
 39
0.016
  6
CONTINUOUS
 10
1.53214
 20
1.33267
 30
 0
 11
1.53242
 21
1.33384
  0
LINE
  8
Gravur
 62
   255
 39
0.016
  6
CONTINUOUS
 10
1.53242
 20
1.33384
 30
 0
 11
1.53242
 21
1.33384
  0
LINE
  8
Gravur
 62
   255
 39
0.016
  6
CONTINUOUS
 10
1.53242
 20
1.33384
 30
 0
 11
1.53525
 21
1.34499
  0
LINE
  8
Gravur
 62
   255
 39
0.016
  6
CONTINUOUS
 10
1.53525
 20
1.34499
 30
 0
 11
1.53586
 21
1.34721
  0
LINE
  8
Gravur
 62
   255
 39
0.016
  6
CONTINUOUS
 10
1.60049
 20
1.34734
 30
 0
 11
1.59007
 21
1.32494
  0
LINE
  8
Gravur
 62
   255
 39
0.016
  6
CONTINUOUS
 10
1.59007
 20
1.32494
 30
 0
 11
1.56520
 21
1.27141
  0
LINE
  8
Gravur
 62
   255
 39
0.016
  6
CONTINUOUS
 10
1.56520
 20
1.27141
 30
 0
 11
1.55411
 21
1.24755
  0
LINE
  8
Gravur
 62
   255
 39
0.016
  6
CONTINUOUS
 10
1.64220
 20
1.34834
 30
 0
 11
1.64465
 21
1.34842
  0
LINE
  8
Gravur
 62
   255
 39
0.016
  6
CONTINUOUS
 10
1.64465
 20
1.34842
 30
 0
 11
1.64488
 21
1.34841
  0
LINE
  8
Gravur
 62
   255
 39
0.016
  6
CONTINUOUS
 10
1.64488
 20
1.34841
 30
 0
 11
1.64488
 21
1.34841
  0
LINE
  8
Gravur
 62
   255
 39
0.016
  6
CONTINUOUS
 10
1.64488
 20
1.34841
 30
 0
 11
1.64708
 21
1.34816
  0
LINE
  8
Gravur
 62
   255
 39
0.016
  6
CONTINUOUS
 10
1.64708
 20
1.34816
 30
 0
 11
1.64750
 21
1.34808
  0
LINE
  8
Gravur
 62
   255
 39
0.016
  6
CONTINUOUS
 10
1.64750
 20
1.34808
 30
 0
 11
1.64991
 21
1.34751
  0
LINE
  8
Gravur
 62
   255
 39
0.016
  6
CONTINUOUS
 10
1.64991
 20
1.34751
 30
 0
 11
1.65012
 21
1.34744
  0
LINE
  8
Gravur
 62
   255
 39
0.016
  6
CONTINUOUS
 10
1.65012
 20
1.34744
 30
 0
 11
1.65012
 21
1.34744
  0
LINE
  8
Gravur
 62
   255
 39
0.016
  6
CONTINUOUS
 10
1.65012
 20
1.34744
 30
 0
 11
1.65214
 21
1.34668
  0
LINE
  8
Gravur
 62
   255
 39
0.016
  6
CONTINUOUS
 10
1.65214
 20
1.34668
 30
 0
 11
1.65253
 21
1.34649
  0
LINE
  8
Gravur
 62
   255
 39
0.016
  6
CONTINUOUS
 10
1.65253
 20
1.34649
 30
 0
 11
1.65647
 21
1.34378
  0
LINE
  8
Gravur
 62
   255
 39
0.016
  6
CONTINUOUS
 10
1.65647
 20
1.34378
 30
 0
 11
1.65714
 21
1.34314
  0
LINE
  8
Gravur
 62
   255
 39
0.016
  6
CONTINUOUS
 10
1.65714
 20
1.34314
 30
 0
 11
1.65778
 21
1.34246
  0
LINE
  8
Gravur
 62
   255
 39
0.016
  6
CONTINUOUS
 10
1.65778
 20
1.34246
 30
 0
 11
1.65838
 21
1.34175
  0
LINE
  8
Gravur
 62
   255
 39
0.016
  6
CONTINUOUS
 10
1.65838
 20
1.34175
 30
 0
 11
1.65838
 21
1.34175
  0
LINE
  8
Gravur
 62
   255
 39
0.016
  6
CONTINUOUS
 10
1.65838
 20
1.34175
 30
 0
 11
1.65982
 21
1.33978
  0
LINE
  8
Gravur
 62
   255
 39
0.016
  6
CONTINUOUS
 10
1.65982
 20
1.33978
 30
 0
 11
1.66106
 21
1.33765
  0
LINE
  8
Gravur
 62
   255
 39
0.016
  6
CONTINUOUS
 10
1.66106
 20
1.33765
 30
 0
 11
1.66212
 21
1.33542
  0
LINE
  8
Gravur
 62
   255
 39
0.016
  6
CONTINUOUS
 10
1.66212
 20
1.33542
 30
 0
 11
1.66304
 21
1.33310
  0
LINE
  8
Gravur
 62
   255
 39
0.016
  6
CONTINUOUS
 10
1.66304
 20
1.33310
 30
 0
 11
1.66304
 21
1.33310
  0
LINE
  8
Gravur
 62
   255
 39
0.016
  6
CONTINUOUS
 10
1.66304
 20
1.33310
 30
 0
 11
1.66377
 21
1.33095
  0
LINE
  8
Gravur
 62
   255
 39
0.016
  6
CONTINUOUS
 10
1.66377
 20
1.33095
 30
 0
 11
1.66442
 21
1.32879
  0
LINE
  8
Gravur
 62
   255
 39
0.016
  6
CONTINUOUS
 10
1.66442
 20
1.32879
 30
 0
 11
1.66512
 21
1.32607
  0
LINE
  8
Gravur
 62
   255
 39
0.016
  6
CONTINUOUS
 10
1.66512
 20
1.32607
 30
 0
 11
1.66532
 21
1.32516
  0
LINE
  8
Gravur
 62
   255
 39
0.016
  6
CONTINUOUS
 10
1.66532
 20
1.32516
 30
 0
 11
1.66532
 21
1.32516
  0
LINE
  8
Gravur
 62
   255
 39
0.016
  6
CONTINUOUS
 10
1.66532
 20
1.32516
 30
 0
 11
1.66626
 21
1.31949
  0
LINE
  8
Gravur
 62
   255
 39
0.016
  6
CONTINUOUS
 10
1.66626
 20
1.31949
 30
 0
 11
1.66680
 21
1.31376
  0
LINE
  8
Gravur
 62
   255
 39
0.016
  6
CONTINUOUS
 10
1.66680
 20
1.31376
 30
 0
 11
1.66680
 21
1.31376
  0
LINE
  8
Gravur
 62
   255
 39
0.016
  6
CONTINUOUS
 10
1.66680
 20
1.31376
 30
 0
 11
1.66708
 21
1.30834
  0
LINE
  8
Gravur
 62
   255
 39
0.016
  6
CONTINUOUS
 10
1.66708
 20
1.30834
 30
 0
 11
1.66725
 21
1.30295
  0
LINE
  8
Gravur
 62
   255
 39
0.016
  6
CONTINUOUS
 10
1.66725
 20
1.30295
 30
 0
 11
1.66716
 21
1.28944
  0
LINE
  8
Gravur
 62
   255
 39
0.016
  6
CONTINUOUS
 10
1.66716
 20
1.28944
 30
 0
 11
1.66707
 21
1.28792
  0
LINE
  8
Gravur
 62
   255
 39
0.016
  6
CONTINUOUS
 10
1.66707
 20
1.28792
 30
 0
 11
1.66707
 21
1.28792
  0
LINE
  8
Gravur
 62
   255
 39
0.016
  6
CONTINUOUS
 10
1.66707
 20
1.28792
 30
 0
 11
1.66614
 21
1.27941
  0
LINE
  8
Gravur
 62
   255
 39
0.016
  6
CONTINUOUS
 10
1.66614
 20
1.27941
 30
 0
 11
1.66565
 21
1.27662
  0
LINE
  8
Gravur
 62
   255
 39
0.016
  6
CONTINUOUS
 10
1.66565
 20
1.27662
 30
 0
 11
1.66505
 21
1.27386
  0
LINE
  8
Gravur
 62
   255
 39
0.016
  6
CONTINUOUS
 10
1.66505
 20
1.27386
 30
 0
 11
1.66435
 21
1.27114
  0
LINE
  8
Gravur
 62
   255
 39
0.016
  6
CONTINUOUS
 10
1.66435
 20
1.27114
 30
 0
 11
1.66312
 21
1.26730
  0
LINE
  8
Gravur
 62
   255
 39
0.016
  6
CONTINUOUS
 10
1.66312
 20
1.26730
 30
 0
 11
1.66284
 21
1.26654
  0
LINE
  8
Gravur
 62
   255
 39
0.016
  6
CONTINUOUS
 10
1.66284
 20
1.26654
 30
 0
 11
1.66284
 21
1.26654
  0
LINE
  8
Gravur
 62
   255
 39
0.016
  6
CONTINUOUS
 10
1.66284
 20
1.26654
 30
 0
 11
1.66184
 21
1.26412
  0
LINE
  8
Gravur
 62
   255
 39
0.016
  6
CONTINUOUS
 10
1.66184
 20
1.26412
 30
 0
 11
1.66067
 21
1.26180
  0
LINE
  8
Gravur
 62
   255
 39
0.016
  6
CONTINUOUS
 10
1.66067
 20
1.26180
 30
 0
 11
1.65931
 21
1.25961
  0
LINE
  8
Gravur
 62
   255
 39
0.016
  6
CONTINUOUS
 10
1.65931
 20
1.25961
 30
 0
 11
1.65773
 21
1.25760
  0
LINE
  8
Gravur
 62
   255
 39
0.016
  6
CONTINUOUS
 10
1.65773
 20
1.25760
 30
 0
 11
1.65773
 21
1.25760
  0
LINE
  8
Gravur
 62
   255
 39
0.016
  6
CONTINUOUS
 10
1.65773
 20
1.25760
 30
 0
 11
1.65491
 21
1.25504
  0
LINE
  8
Gravur
 62
   255
 39
0.016
  6
CONTINUOUS
 10
1.65491
 20
1.25504
 30
 0
 11
1.65147
 21
1.25311
  0
LINE
  8
Gravur
 62
   255
 39
0.016
  6
CONTINUOUS
 10
1.65147
 20
1.25311
 30
 0
 11
1.64860
 21
1.25225
  0
LINE
  8
Gravur
 62
   255
 39
0.016
  6
CONTINUOUS
 10
1.64860
 20
1.25225
 30
 0
 11
1.64833
 21
1.25220
  0
LINE
  8
Gravur
 62
   255
 39
0.016
  6
CONTINUOUS
 10
1.64833
 20
1.25220
 30
 0
 11
1.64833
 21
1.25220
  0
LINE
  8
Gravur
 62
   255
 39
0.016
  6
CONTINUOUS
 10
1.64833
 20
1.25220
 30
 0
 11
1.64609
 21
1.25187
  0
LINE
  8
Gravur
 62
   255
 39
0.016
  6
CONTINUOUS
 10
1.64609
 20
1.25187
 30
 0
 11
1.64564
 21
1.25182
  0
LINE
  8
Gravur
 62
   255
 39
0.016
  6
CONTINUOUS
 10
1.64564
 20
1.25182
 30
 0
 11
1.64330
 21
1.25172
  0
LINE
  8
Gravur
 62
   255
 39
0.016
  6
CONTINUOUS
 10
1.64330
 20
1.25172
 30
 0
 11
1.64304
 21
1.25172
  0
LINE
  8
Gravur
 62
   255
 39
0.016
  6
CONTINUOUS
 10
1.64304
 20
1.25172
 30
 0
 11
1.64304
 21
1.25172
  0
LINE
  8
Gravur
 62
   255
 39
0.016
  6
CONTINUOUS
 10
1.64304
 20
1.25172
 30
 0
 11
1.64080
 21
1.25188
  0
LINE
  8
Gravur
 62
   255
 39
0.016
  6
CONTINUOUS
 10
1.64080
 20
1.25188
 30
 0
 11
1.64034
 21
1.25193
  0
LINE
  8
Gravur
 62
   255
 39
0.016
  6
CONTINUOUS
 10
1.64034
 20
1.25193
 30
 0
 11
1.63440
 21
1.25373
  0
LINE
  8
Gravur
 62
   255
 39
0.016
  6
CONTINUOUS
 10
1.63440
 20
1.25373
 30
 0
 11
1.63335
 21
1.25432
  0
LINE
  8
Gravur
 62
   255
 39
0.016
  6
CONTINUOUS
 10
1.63335
 20
1.25432
 30
 0
 11
1.63236
 21
1.25497
  0
LINE
  8
Gravur
 62
   255
 39
0.016
  6
CONTINUOUS
 10
1.63236
 20
1.25497
 30
 0
 11
1.63141
 21
1.25568
  0
LINE
  8
Gravur
 62
   255
 39
0.016
  6
CONTINUOUS
 10
1.63141
 20
1.25568
 30
 0
 11
1.63141
 21
1.25568
  0
LINE
  8
Gravur
 62
   255
 39
0.016
  6
CONTINUOUS
 10
1.63141
 20
1.25568
 30
 0
 11
1.62967
 21
1.25727
  0
LINE
  8
Gravur
 62
   255
 39
0.016
  6
CONTINUOUS
 10
1.62967
 20
1.25727
 30
 0
 11
1.62811
 21
1.25906
  0
LINE
  8
Gravur
 62
   255
 39
0.016
  6
CONTINUOUS
 10
1.62811
 20
1.25906
 30
 0
 11
1.62672
 21
1.26102
  0
LINE
  8
Gravur
 62
   255
 39
0.016
  6
CONTINUOUS
 10
1.62672
 20
1.26102
 30
 0
 11
1.62551
 21
1.26312
  0
LINE
  8
Gravur
 62
   255
 39
0.016
  6
CONTINUOUS
 10
1.62551
 20
1.26312
 30
 0
 11
1.62447
 21
1.26534
  0
LINE
  8
Gravur
 62
   255
 39
0.016
  6
CONTINUOUS
 10
1.62447
 20
1.26534
 30
 0
 11
1.62360
 21
1.26764
  0
LINE
  8
Gravur
 62
   255
 39
0.016
  6
CONTINUOUS
 10
1.62360
 20
1.26764
 30
 0
 11
1.62360
 21
1.26764
  0
LINE
  8
Gravur
 62
   255
 39
0.016
  6
CONTINUOUS
 10
1.62360
 20
1.26764
 30
 0
 11
1.62298
 21
1.26965
  0
LINE
  8
Gravur
 62
   255
 39
0.016
  6
CONTINUOUS
 10
1.62298
 20
1.26965
 30
 0
 11
1.62248
 21
1.27167
  0
LINE
  8
Gravur
 62
   255
 39
0.016
  6
CONTINUOUS
 10
1.62248
 20
1.27167
 30
 0
 11
1.62033
 21
1.28511
  0
LINE
  8
Gravur
 62
   255
 39
0.016
  6
CONTINUOUS
 10
1.62033
 20
1.28511
 30
 0
 11
1.62018
 21
1.28661
  0
LINE
  8
Gravur
 62
   255
 39
0.016
  6
CONTINUOUS
 10
1.62018
 20
1.28661
 30
 0
 11
1.62018
 21
1.28661
  0
LINE
  8
Gravur
 62
   255
 39
0.016
  6
CONTINUOUS
 10
1.62018
 20
1.28661
 30
 0
 11
1.61967
 21
1.30309
  0
LINE
  8
Gravur
 62
   255
 39
0.016
  6
CONTINUOUS
 10
1.61967
 20
1.30309
 30
 0
 11
1.61979
 21
1.30639
  0
LINE
  8
Gravur
 62
   255
 39
0.016
  6
CONTINUOUS
 10
1.61979
 20
1.30639
 30
 0
 11
1.62043
 21
1.31603
  0
LINE
  8
Gravur
 62
   255
 39
0.016
  6
CONTINUOUS
 10
1.62043
 20
1.31603
 30
 0
 11
1.62051
 21
1.31690
  0
LINE
  8
Gravur
 62
   255
 39
0.016
  6
CONTINUOUS
 10
1.62051
 20
1.31690
 30
 0
 11
1.62051
 21
1.31690
  0
LINE
  8
Gravur
 62
   255
 39
0.016
  6
CONTINUOUS
 10
1.62051
 20
1.31690
 30
 0
 11
1.62170
 21
1.32493
  0
LINE
  8
Gravur
 62
   255
 39
0.016
  6
CONTINUOUS
 10
1.62170
 20
1.32493
 30
 0
 11
1.62204
 21
1.32653
  0
LINE
  8
Gravur
 62
   255
 39
0.016
  6
CONTINUOUS
 10
1.62204
 20
1.32653
 30
 0
 11
1.62363
 21
1.33234
  0
LINE
  8
Gravur
 62
   255
 39
0.016
  6
CONTINUOUS
 10
1.62363
 20
1.33234
 30
 0
 11
1.62403
 21
1.33350
  0
LINE
  8
Gravur
 62
   255
 39
0.016
  6
CONTINUOUS
 10
1.62403
 20
1.33350
 30
 0
 11
1.62403
 21
1.33350
  0
LINE
  8
Gravur
 62
   255
 39
0.016
  6
CONTINUOUS
 10
1.62403
 20
1.33350
 30
 0
 11
1.62500
 21
1.33592
  0
LINE
  8
Gravur
 62
   255
 39
0.016
  6
CONTINUOUS
 10
1.62500
 20
1.33592
 30
 0
 11
1.62615
 21
1.33824
  0
LINE
  8
Gravur
 62
   255
 39
0.016
  6
CONTINUOUS
 10
1.62615
 20
1.33824
 30
 0
 11
1.62749
 21
1.34042
  0
LINE
  8
Gravur
 62
   255
 39
0.016
  6
CONTINUOUS
 10
1.62749
 20
1.34042
 30
 0
 11
1.62906
 21
1.34242
  0
LINE
  8
Gravur
 62
   255
 39
0.016
  6
CONTINUOUS
 10
1.62906
 20
1.34242
 30
 0
 11
1.62906
 21
1.34242
  0
LINE
  8
Gravur
 62
   255
 39
0.016
  6
CONTINUOUS
 10
1.62906
 20
1.34242
 30
 0
 11
1.63154
 21
1.34473
  0
LINE
  8
Gravur
 62
   255
 39
0.016
  6
CONTINUOUS
 10
1.63154
 20
1.34473
 30
 0
 11
1.63451
 21
1.34655
  0
LINE
  8
Gravur
 62
   255
 39
0.016
  6
CONTINUOUS
 10
1.63451
 20
1.34655
 30
 0
 11
1.63781
 21
1.34768
  0
LINE
  8
Gravur
 62
   255
 39
0.016
  6
CONTINUOUS
 10
1.63781
 20
1.34768
 30
 0
 11
1.63818
 21
1.34775
  0
LINE
  8
Gravur
 62
   255
 39
0.016
  6
CONTINUOUS
 10
1.63818
 20
1.34775
 30
 0
 11
1.63818
 21
1.34775
  0
LINE
  8
Gravur
 62
   255
 39
0.016
  6
CONTINUOUS
 10
1.63818
 20
1.34775
 30
 0
 11
1.64150
 21
1.34826
  0
LINE
  8
Gravur
 62
   255
 39
0.016
  6
CONTINUOUS
 10
1.64150
 20
1.34826
 30
 0
 11
1.64220
 21
1.34834
  0
LINE
  8
Gravur
 62
   255
 39
0.016
  6
CONTINUOUS
 10
1.72922
 20
1.25564
 30
 0
 11
1.72228
 21
1.25274
  0
LINE
  8
Gravur
 62
   255
 39
0.016
  6
CONTINUOUS
 10
1.72228
 20
1.25274
 30
 0
 11
1.72121
 21
1.25247
  0
LINE
  8
Gravur
 62
   255
 39
0.016
  6
CONTINUOUS
 10
1.72121
 20
1.25247
 30
 0
 11
1.72013
 21
1.25223
  0
LINE
  8
Gravur
 62
   255
 39
0.016
  6
CONTINUOUS
 10
1.72013
 20
1.25223
 30
 0
 11
1.71905
 21
1.25203
  0
LINE
  8
Gravur
 62
   255
 39
0.016
  6
CONTINUOUS
 10
1.71905
 20
1.25203
 30
 0
 11
1.71905
 21
1.25203
  0
LINE
  8
Gravur
 62
   255
 39
0.016
  6
CONTINUOUS
 10
1.71905
 20
1.25203
 30
 0
 11
1.71246
 21
1.25172
  0
LINE
  8
Gravur
 62
   255
 39
0.016
  6
CONTINUOUS
 10
1.71246
 20
1.25172
 30
 0
 11
1.71030
 21
1.25199
  0
LINE
  8
Gravur
 62
   255
 39
0.016
  6
CONTINUOUS
 10
1.71030
 20
1.25199
 30
 0
 11
1.70818
 21
1.25245
  0
LINE
  8
Gravur
 62
   255
 39
0.016
  6
CONTINUOUS
 10
1.70818
 20
1.25245
 30
 0
 11
1.70614
 21
1.25313
  0
LINE
  8
Gravur
 62
   255
 39
0.016
  6
CONTINUOUS
 10
1.70614
 20
1.25313
 30
 0
 11
1.70614
 21
1.25313
  0
LINE
  8
Gravur
 62
   255
 39
0.016
  6
CONTINUOUS
 10
1.70614
 20
1.25313
 30
 0
 11
1.70521
 21
1.25352
  0
LINE
  8
Gravur
 62
   255
 39
0.016
  6
CONTINUOUS
 10
1.70521
 20
1.25352
 30
 0
 11
1.70431
 21
1.25395
  0
LINE
  8
Gravur
 62
   255
 39
0.016
  6
CONTINUOUS
 10
1.70431
 20
1.25395
 30
 0
 11
1.69901
 21
1.25786
  0
LINE
  8
Gravur
 62
   255
 39
0.016
  6
CONTINUOUS
 10
1.69901
 20
1.25786
 30
 0
 11
1.69849
 21
1.25839
  0
LINE
  8
Gravur
 62
   255
 39
0.016
  6
CONTINUOUS
 10
1.69849
 20
1.25839
 30
 0
 11
1.69799
 21
1.25893
  0
LINE
  8
Gravur
 62
   255
 39
0.016
  6
CONTINUOUS
 10
1.69799
 20
1.25893
 30
 0
 11
1.69751
 21
1.25949
  0
LINE
  8
Gravur
 62
   255
 39
0.016
  6
CONTINUOUS
 10
1.69751
 20
1.25949
 30
 0
 11
1.69751
 21
1.25949
  0
LINE
  8
Gravur
 62
   255
 39
0.016
  6
CONTINUOUS
 10
1.69751
 20
1.25949
 30
 0
 11
1.69426
 21
1.26429
  0
LINE
  8
Gravur
 62
   255
 39
0.016
  6
CONTINUOUS
 10
1.69426
 20
1.26429
 30
 0
 11
1.69374
 21
1.26531
  0
LINE
  8
Gravur
 62
   255
 39
0.016
  6
CONTINUOUS
 10
1.69374
 20
1.26531
 30
 0
 11
1.69181
 21
1.27004
  0
LINE
  8
Gravur
 62
   255
 39
0.016
  6
CONTINUOUS
 10
1.69181
 20
1.27004
 30
 0
 11
1.69149
 21
1.27101
  0
LINE
  8
Gravur
 62
   255
 39
0.016
  6
CONTINUOUS
 10
1.69149
 20
1.27101
 30
 0
 11
1.69149
 21
1.27101
  0
LINE
  8
Gravur
 62
   255
 39
0.016
  6
CONTINUOUS
 10
1.69149
 20
1.27101
 30
 0
 11
1.68953
 21
1.27915
  0
LINE
  8
Gravur
 62
   255
 39
0.016
  6
CONTINUOUS
 10
1.68953
 20
1.27915
 30
 0
 11
1.68910
 21
1.28192
  0
LINE
  8
Gravur
 62
   255
 39
0.016
  6
CONTINUOUS
 10
1.68910
 20
1.28192
 30
 0
 11
1.68910
 21
1.28192
  0
LINE
  8
Gravur
 62
   255
 39
0.016
  6
CONTINUOUS
 10
1.68910
 20
1.28192
 30
 0
 11
1.68853
 21
1.28687
  0
LINE
  8
Gravur
 62
   255
 39
0.016
  6
CONTINUOUS
 10
1.68853
 20
1.28687
 30
 0
 11
1.68813
 21
1.29181
  0
LINE
  8
Gravur
 62
   255
 39
0.016
  6
CONTINUOUS
 10
1.68813
 20
1.29181
 30
 0
 11
1.68788
 21
1.30727
  0
LINE
  8
Gravur
 62
   255
 39
0.016
  6
CONTINUOUS
 10
1.68788
 20
1.30727
 30
 0
 11
1.68797
 21
1.30900
  0
LINE
  8
Gravur
 62
   255
 39
0.016
  6
CONTINUOUS
 10
1.68797
 20
1.30900
 30
 0
 11
1.68797
 21
1.30900
  0
LINE
  8
Gravur
 62
   255
 39
0.016
  6
CONTINUOUS
 10
1.68797
 20
1.30900
 30
 0
 11
1.68916
 21
1.31964
  0
LINE
  8
Gravur
 62
   255
 39
0.016
  6
CONTINUOUS
 10
1.68916
 20
1.31964
 30
 0
 11
1.68982
 21
1.32313
  0
LINE
  8
Gravur
 62
   255
 39
0.016
  6
CONTINUOUS
 10
1.68982
 20
1.32313
 30
 0
 11
1.69063
 21
1.32658
  0
LINE
  8
Gravur
 62
   255
 39
0.016
  6
CONTINUOUS
 10
1.69063
 20
1.32658
 30
 0
 11
1.69159
 21
1.32998
  0
LINE
  8
Gravur
 62
   255
 39
0.016
  6
CONTINUOUS
 10
1.69159
 20
1.32998
 30
 0
 11
1.69299
 21
1.33370
  0
LINE
  8
Gravur
 62
   255
 39
0.016
  6
CONTINUOUS
 10
1.69299
 20
1.33370
 30
 0
 11
1.69318
 21
1.33411
  0
LINE
  8
Gravur
 62
   255
 39
0.016
  6
CONTINUOUS
 10
1.69318
 20
1.33411
 30
 0
 11
1.69318
 21
1.33411
  0
LINE
  8
Gravur
 62
   255
 39
0.016
  6
CONTINUOUS
 10
1.69318
 20
1.33411
 30
 0
 11
1.69500
 21
1.33754
  0
LINE
  8
Gravur
 62
   255
 39
0.016
  6
CONTINUOUS
 10
1.69500
 20
1.33754
 30
 0
 11
1.69542
 21
1.33819
  0
LINE
  8
Gravur
 62
   255
 39
0.016
  6
CONTINUOUS
 10
1.69542
 20
1.33819
 30
 0
 11
1.69966
 21
1.34308
  0
LINE
  8
Gravur
 62
   255
 39
0.016
  6
CONTINUOUS
 10
1.69966
 20
1.34308
 30
 0
 11
1.70064
 21
1.34387
  0
LINE
  8
Gravur
 62
   255
 39
0.016
  6
CONTINUOUS
 10
1.70064
 20
1.34387
 30
 0
 11
1.70379
 21
1.34587
  0
LINE
  8
Gravur
 62
   255
 39
0.016
  6
CONTINUOUS
 10
1.70379
 20
1.34587
 30
 0
 11
1.70491
 21
1.34642
  0
LINE
  8
Gravur
 62
   255
 39
0.016
  6
CONTINUOUS
 10
1.70491
 20
1.34642
 30
 0
 11
1.70491
 21
1.34642
  0
LINE
  8
Gravur
 62
   255
 39
0.016
  6
CONTINUOUS
 10
1.70491
 20
1.34642
 30
 0
 11
1.70706
 21
1.34725
  0
LINE
  8
Gravur
 62
   255
 39
0.016
  6
CONTINUOUS
 10
1.70706
 20
1.34725
 30
 0
 11
1.70929
 21
1.34787
  0
LINE
  8
Gravur
 62
   255
 39
0.016
  6
CONTINUOUS
 10
1.70929
 20
1.34787
 30
 0
 11
1.71159
 21
1.34826
  0
LINE
  8
Gravur
 62
   255
 39
0.016
  6
CONTINUOUS
 10
1.71159
 20
1.34826
 30
 0
 11
1.71394
 21
1.34843
  0
LINE
  8
Gravur
 62
   255
 39
0.016
  6
CONTINUOUS
 10
1.71394
 20
1.34843
 30
 0
 11
1.71633
 21
1.34837
  0
LINE
  8
Gravur
 62
   255
 39
0.016
  6
CONTINUOUS
 10
1.71633
 20
1.34837
 30
 0
 11
1.71875
 21
1.34807
  0
LINE
  8
Gravur
 62
   255
 39
0.016
  6
CONTINUOUS
 10
1.71875
 20
1.34807
 30
 0
 11
1.72312
 21
1.34689
  0
LINE
  8
Gravur
 62
   255
 39
0.016
  6
CONTINUOUS
 10
1.72312
 20
1.34689
 30
 0
 11
1.72358
 21
1.34671
  0
LINE
  8
Gravur
 62
   255
 39
0.016
  6
CONTINUOUS
 10
1.72358
 20
1.34671
 30
 0
 11
1.72358
 21
1.34671
  0
LINE
  8
Gravur
 62
   255
 39
0.016
  6
CONTINUOUS
 10
1.72358
 20
1.34671
 30
 0
 11
1.72761
 21
1.34504
  0
LINE
  8
Gravur
 62
   255
 39
0.016
  6
CONTINUOUS
 10
1.72761
 20
1.34504
 30
 0
 11
1.72843
 21
1.34469
  0
LINE
  8
Gravur
 62
   255
 39
0.016
  6
CONTINUOUS
 10
1.75264
 20
1.34707
 30
 0
 11
1.79915
 21
1.34707
  0
LINE
  8
Gravur
 62
   255
 39
0.016
  6
CONTINUOUS
 10
1.77596
 20
1.34694
 30
 0
 11
1.77596
 21
1.25312
  0
LINE
  8
Gravur
 62
   255
 39
0.016
  6
CONTINUOUS
 10
2.49523
 20
1.34830
 30
 0
 11
2.49768
 21
1.34838
  0
LINE
  8
Gravur
 62
   255
 39
0.016
  6
CONTINUOUS
 10
2.49768
 20
1.34838
 30
 0
 11
2.49791
 21
1.34837
  0
LINE
  8
Gravur
 62
   255
 39
0.016
  6
CONTINUOUS
 10
2.49791
 20
1.34837
 30
 0
 11
2.49791
 21
1.34837
  0
LINE
  8
Gravur
 62
   255
 39
0.016
  6
CONTINUOUS
 10
2.49791
 20
1.34837
 30
 0
 11
2.50011
 21
1.34812
  0
LINE
  8
Gravur
 62
   255
 39
0.016
  6
CONTINUOUS
 10
2.50011
 20
1.34812
 30
 0
 11
2.50053
 21
1.34804
  0
LINE
  8
Gravur
 62
   255
 39
0.016
  6
CONTINUOUS
 10
2.50053
 20
1.34804
 30
 0
 11
2.50294
 21
1.34747
  0
LINE
  8
Gravur
 62
   255
 39
0.016
  6
CONTINUOUS
 10
2.50294
 20
1.34747
 30
 0
 11
2.50315
 21
1.34740
  0
LINE
  8
Gravur
 62
   255
 39
0.016
  6
CONTINUOUS
 10
2.50315
 20
1.34740
 30
 0
 11
2.50315
 21
1.34740
  0
LINE
  8
Gravur
 62
   255
 39
0.016
  6
CONTINUOUS
 10
2.50315
 20
1.34740
 30
 0
 11
2.50517
 21
1.34664
  0
LINE
  8
Gravur
 62
   255
 39
0.016
  6
CONTINUOUS
 10
2.50517
 20
1.34664
 30
 0
 11
2.50556
 21
1.34645
  0
LINE
  8
Gravur
 62
   255
 39
0.016
  6
CONTINUOUS
 10
2.50556
 20
1.34645
 30
 0
 11
2.50950
 21
1.34374
  0
LINE
  8
Gravur
 62
   255
 39
0.016
  6
CONTINUOUS
 10
2.50950
 20
1.34374
 30
 0
 11
2.51017
 21
1.34310
  0
LINE
  8
Gravur
 62
   255
 39
0.016
  6
CONTINUOUS
 10
2.51017
 20
1.34310
 30
 0
 11
2.51081
 21
1.34242
  0
LINE
  8
Gravur
 62
   255
 39
0.016
  6
CONTINUOUS
 10
2.51081
 20
1.34242
 30
 0
 11
2.51141
 21
1.34172
  0
LINE
  8
Gravur
 62
   255
 39
0.016
  6
CONTINUOUS
 10
2.51141
 20
1.34172
 30
 0
 11
2.51141
 21
1.34172
  0
LINE
  8
Gravur
 62
   255
 39
0.016
  6
CONTINUOUS
 10
2.51141
 20
1.34172
 30
 0
 11
2.51285
 21
1.33974
  0
LINE
  8
Gravur
 62
   255
 39
0.016
  6
CONTINUOUS
 10
2.51285
 20
1.33974
 30
 0
 11
2.51409
 21
1.33762
  0
LINE
  8
Gravur
 62
   255
 39
0.016
  6
CONTINUOUS
 10
2.51409
 20
1.33762
 30
 0
 11
2.51515
 21
1.33538
  0
LINE
  8
Gravur
 62
   255
 39
0.016
  6
CONTINUOUS
 10
2.51515
 20
1.33538
 30
 0
 11
2.51607
 21
1.33306
  0
LINE
  8
Gravur
 62
   255
 39
0.016
  6
CONTINUOUS
 10
2.51607
 20
1.33306
 30
 0
 11
2.51607
 21
1.33306
  0
LINE
  8
Gravur
 62
   255
 39
0.016
  6
CONTINUOUS
 10
2.51607
 20
1.33306
 30
 0
 11
2.51680
 21
1.33091
  0
LINE
  8
Gravur
 62
   255
 39
0.016
  6
CONTINUOUS
 10
2.51680
 20
1.33091
 30
 0
 11
2.51745
 21
1.32875
  0
LINE
  8
Gravur
 62
   255
 39
0.016
  6
CONTINUOUS
 10
2.51745
 20
1.32875
 30
 0
 11
2.51815
 21
1.32603
  0
LINE
  8
Gravur
 62
   255
 39
0.016
  6
CONTINUOUS
 10
2.51815
 20
1.32603
 30
 0
 11
2.51835
 21
1.32512
  0
LINE
  8
Gravur
 62
   255
 39
0.016
  6
CONTINUOUS
 10
2.51835
 20
1.32512
 30
 0
 11
2.51835
 21
1.32512
  0
LINE
  8
Gravur
 62
   255
 39
0.016
  6
CONTINUOUS
 10
2.51835
 20
1.32512
 30
 0
 11
2.51929
 21
1.31945
  0
LINE
  8
Gravur
 62
   255
 39
0.016
  6
CONTINUOUS
 10
2.51929
 20
1.31945
 30
 0
 11
2.51983
 21
1.31372
  0
LINE
  8
Gravur
 62
   255
 39
0.016
  6
CONTINUOUS
 10
2.51983
 20
1.31372
 30
 0
 11
2.51983
 21
1.31372
  0
LINE
  8
Gravur
 62
   255
 39
0.016
  6
CONTINUOUS
 10
2.51983
 20
1.31372
 30
 0
 11
2.52011
 21
1.30830
  0
LINE
  8
Gravur
 62
   255
 39
0.016
  6
CONTINUOUS
 10
2.52011
 20
1.30830
 30
 0
 11
2.52028
 21
1.30291
  0
LINE
  8
Gravur
 62
   255
 39
0.016
  6
CONTINUOUS
 10
2.52028
 20
1.30291
 30
 0
 11
2.52019
 21
1.28940
  0
LINE
  8
Gravur
 62
   255
 39
0.016
  6
CONTINUOUS
 10
2.52019
 20
1.28940
 30
 0
 11
2.52010
 21
1.28788
  0
LINE
  8
Gravur
 62
   255
 39
0.016
  6
CONTINUOUS
 10
2.52010
 20
1.28788
 30
 0
 11
2.52010
 21
1.28788
  0
LINE
  8
Gravur
 62
   255
 39
0.016
  6
CONTINUOUS
 10
2.52010
 20
1.28788
 30
 0
 11
2.51917
 21
1.27937
  0
LINE
  8
Gravur
 62
   255
 39
0.016
  6
CONTINUOUS
 10
2.51917
 20
1.27937
 30
 0
 11
2.51868
 21
1.27658
  0
LINE
  8
Gravur
 62
   255
 39
0.016
  6
CONTINUOUS
 10
2.51868
 20
1.27658
 30
 0
 11
2.51808
 21
1.27382
  0
LINE
  8
Gravur
 62
   255
 39
0.016
  6
CONTINUOUS
 10
2.51808
 20
1.27382
 30
 0
 11
2.51738
 21
1.27110
  0
LINE
  8
Gravur
 62
   255
 39
0.016
  6
CONTINUOUS
 10
2.51738
 20
1.27110
 30
 0
 11
2.51616
 21
1.26726
  0
LINE
  8
Gravur
 62
   255
 39
0.016
  6
CONTINUOUS
 10
2.51616
 20
1.26726
 30
 0
 11
2.51588
 21
1.26650
  0
LINE
  8
Gravur
 62
   255
 39
0.016
  6
CONTINUOUS
 10
2.51588
 20
1.26650
 30
 0
 11
2.51588
 21
1.26650
  0
LINE
  8
Gravur
 62
   255
 39
0.016
  6
CONTINUOUS
 10
2.51588
 20
1.26650
 30
 0
 11
2.51488
 21
1.26408
  0
LINE
  8
Gravur
 62
   255
 39
0.016
  6
CONTINUOUS
 10
2.51488
 20
1.26408
 30
 0
 11
2.51371
 21
1.26176
  0
LINE
  8
Gravur
 62
   255
 39
0.016
  6
CONTINUOUS
 10
2.51371
 20
1.26176
 30
 0
 11
2.51234
 21
1.25957
  0
LINE
  8
Gravur
 62
   255
 39
0.016
  6
CONTINUOUS
 10
2.51234
 20
1.25957
 30
 0
 11
2.51076
 21
1.25756
  0
LINE
  8
Gravur
 62
   255
 39
0.016
  6
CONTINUOUS
 10
2.51076
 20
1.25756
 30
 0
 11
2.51076
 21
1.25756
  0
LINE
  8
Gravur
 62
   255
 39
0.016
  6
CONTINUOUS
 10
2.51076
 20
1.25756
 30
 0
 11
2.50794
 21
1.25500
  0
LINE
  8
Gravur
 62
   255
 39
0.016
  6
CONTINUOUS
 10
2.50794
 20
1.25500
 30
 0
 11
2.50450
 21
1.25307
  0
LINE
  8
Gravur
 62
   255
 39
0.016
  6
CONTINUOUS
 10
2.50450
 20
1.25307
 30
 0
 11
2.50163
 21
1.25221
  0
LINE
  8
Gravur
 62
   255
 39
0.016
  6
CONTINUOUS
 10
2.50163
 20
1.25221
 30
 0
 11
2.50136
 21
1.25216
  0
LINE
  8
Gravur
 62
   255
 39
0.016
  6
CONTINUOUS
 10
2.50136
 20
1.25216
 30
 0
 11
2.50136
 21
1.25216
  0
LINE
  8
Gravur
 62
   255
 39
0.016
  6
CONTINUOUS
 10
2.50136
 20
1.25216
 30
 0
 11
2.49912
 21
1.25183
  0
LINE
  8
Gravur
 62
   255
 39
0.016
  6
CONTINUOUS
 10
2.49912
 20
1.25183
 30
 0
 11
2.49867
 21
1.25178
  0
LINE
  8
Gravur
 62
   255
 39
0.016
  6
CONTINUOUS
 10
2.49867
 20
1.25178
 30
 0
 11
2.49633
 21
1.25168
  0
LINE
  8
Gravur
 62
   255
 39
0.016
  6
CONTINUOUS
 10
2.49633
 20
1.25168
 30
 0
 11
2.49607
 21
1.25168
  0
LINE
  8
Gravur
 62
   255
 39
0.016
  6
CONTINUOUS
 10
2.49607
 20
1.25168
 30
 0
 11
2.49607
 21
1.25168
  0
LINE
  8
Gravur
 62
   255
 39
0.016
  6
CONTINUOUS
 10
2.49607
 20
1.25168
 30
 0
 11
2.49383
 21
1.25184
  0
LINE
  8
Gravur
 62
   255
 39
0.016
  6
CONTINUOUS
 10
2.49383
 20
1.25184
 30
 0
 11
2.49337
 21
1.25190
  0
LINE
  8
Gravur
 62
   255
 39
0.016
  6
CONTINUOUS
 10
2.49337
 20
1.25190
 30
 0
 11
2.48743
 21
1.25369
  0
LINE
  8
Gravur
 62
   255
 39
0.016
  6
CONTINUOUS
 10
2.48743
 20
1.25369
 30
 0
 11
2.48639
 21
1.25428
  0
LINE
  8
Gravur
 62
   255
 39
0.016
  6
CONTINUOUS
 10
2.48639
 20
1.25428
 30
 0
 11
2.48539
 21
1.25493
  0
LINE
  8
Gravur
 62
   255
 39
0.016
  6
CONTINUOUS
 10
2.48539
 20
1.25493
 30
 0
 11
2.48445
 21
1.25564
  0
LINE
  8
Gravur
 62
   255
 39
0.016
  6
CONTINUOUS
 10
2.48445
 20
1.25564
 30
 0
 11
2.48445
 21
1.25564
  0
LINE
  8
Gravur
 62
   255
 39
0.016
  6
CONTINUOUS
 10
2.48445
 20
1.25564
 30
 0
 11
2.48270
 21
1.25723
  0
LINE
  8
Gravur
 62
   255
 39
0.016
  6
CONTINUOUS
 10
2.48270
 20
1.25723
 30
 0
 11
2.48114
 21
1.25902
  0
LINE
  8
Gravur
 62
   255
 39
0.016
  6
CONTINUOUS
 10
2.48114
 20
1.25902
 30
 0
 11
2.47975
 21
1.26098
  0
LINE
  8
Gravur
 62
   255
 39
0.016
  6
CONTINUOUS
 10
2.47975
 20
1.26098
 30
 0
 11
2.47854
 21
1.26308
  0
LINE
  8
Gravur
 62
   255
 39
0.016
  6
CONTINUOUS
 10
2.47854
 20
1.26308
 30
 0
 11
2.47750
 21
1.26530
  0
LINE
  8
Gravur
 62
   255
 39
0.016
  6
CONTINUOUS
 10
2.47750
 20
1.26530
 30
 0
 11
2.47663
 21
1.26761
  0
LINE
  8
Gravur
 62
   255
 39
0.016
  6
CONTINUOUS
 10
2.47663
 20
1.26761
 30
 0
 11
2.47663
 21
1.26761
  0
LINE
  8
Gravur
 62
   255
 39
0.016
  6
CONTINUOUS
 10
2.47663
 20
1.26761
 30
 0
 11
2.47601
 21
1.26961
  0
LINE
  8
Gravur
 62
   255
 39
0.016
  6
CONTINUOUS
 10
2.47601
 20
1.26961
 30
 0
 11
2.47551
 21
1.27163
  0
LINE
  8
Gravur
 62
   255
 39
0.016
  6
CONTINUOUS
 10
2.47551
 20
1.27163
 30
 0
 11
2.47336
 21
1.28507
  0
LINE
  8
Gravur
 62
   255
 39
0.016
  6
CONTINUOUS
 10
2.47336
 20
1.28507
 30
 0
 11
2.47322
 21
1.28657
  0
LINE
  8
Gravur
 62
   255
 39
0.016
  6
CONTINUOUS
 10
2.47322
 20
1.28657
 30
 0
 11
2.47322
 21
1.28657
  0
LINE
  8
Gravur
 62
   255
 39
0.016
  6
CONTINUOUS
 10
2.47322
 20
1.28657
 30
 0
 11
2.47270
 21
1.30305
  0
LINE
  8
Gravur
 62
   255
 39
0.016
  6
CONTINUOUS
 10
2.47270
 20
1.30305
 30
 0
 11
2.47283
 21
1.30635
  0
LINE
  8
Gravur
 62
   255
 39
0.016
  6
CONTINUOUS
 10
2.47283
 20
1.30635
 30
 0
 11
2.47346
 21
1.31599
  0
LINE
  8
Gravur
 62
   255
 39
0.016
  6
CONTINUOUS
 10
2.47346
 20
1.31599
 30
 0
 11
2.47354
 21
1.31687
  0
LINE
  8
Gravur
 62
   255
 39
0.016
  6
CONTINUOUS
 10
2.47354
 20
1.31687
 30
 0
 11
2.47354
 21
1.31687
  0
LINE
  8
Gravur
 62
   255
 39
0.016
  6
CONTINUOUS
 10
2.47354
 20
1.31687
 30
 0
 11
2.47473
 21
1.32489
  0
LINE
  8
Gravur
 62
   255
 39
0.016
  6
CONTINUOUS
 10
2.47473
 20
1.32489
 30
 0
 11
2.47507
 21
1.32649
  0
LINE
  8
Gravur
 62
   255
 39
0.016
  6
CONTINUOUS
 10
2.47507
 20
1.32649
 30
 0
 11
2.47666
 21
1.33230
  0
LINE
  8
Gravur
 62
   255
 39
0.016
  6
CONTINUOUS
 10
2.47666
 20
1.33230
 30
 0
 11
2.47706
 21
1.33346
  0
LINE
  8
Gravur
 62
   255
 39
0.016
  6
CONTINUOUS
 10
2.47706
 20
1.33346
 30
 0
 11
2.47706
 21
1.33346
  0
LINE
  8
Gravur
 62
   255
 39
0.016
  6
CONTINUOUS
 10
2.47706
 20
1.33346
 30
 0
 11
2.47803
 21
1.33588
  0
LINE
  8
Gravur
 62
   255
 39
0.016
  6
CONTINUOUS
 10
2.47803
 20
1.33588
 30
 0
 11
2.47918
 21
1.33820
  0
LINE
  8
Gravur
 62
   255
 39
0.016
  6
CONTINUOUS
 10
2.47918
 20
1.33820
 30
 0
 11
2.48052
 21
1.34038
  0
LINE
  8
Gravur
 62
   255
 39
0.016
  6
CONTINUOUS
 10
2.48052
 20
1.34038
 30
 0
 11
2.48210
 21
1.34238
  0
LINE
  8
Gravur
 62
   255
 39
0.016
  6
CONTINUOUS
 10
2.48210
 20
1.34238
 30
 0
 11
2.48210
 21
1.34238
  0
LINE
  8
Gravur
 62
   255
 39
0.016
  6
CONTINUOUS
 10
2.48210
 20
1.34238
 30
 0
 11
2.48457
 21
1.34469
  0
LINE
  8
Gravur
 62
   255
 39
0.016
  6
CONTINUOUS
 10
2.48457
 20
1.34469
 30
 0
 11
2.48754
 21
1.34652
  0
LINE
  8
Gravur
 62
   255
 39
0.016
  6
CONTINUOUS
 10
2.48754
 20
1.34652
 30
 0
 11
2.49084
 21
1.34764
  0
LINE
  8
Gravur
 62
   255
 39
0.016
  6
CONTINUOUS
 10
2.49084
 20
1.34764
 30
 0
 11
2.49121
 21
1.34772
  0
LINE
  8
Gravur
 62
   255
 39
0.016
  6
CONTINUOUS
 10
2.49121
 20
1.34772
 30
 0
 11
2.49121
 21
1.34772
  0
LINE
  8
Gravur
 62
   255
 39
0.016
  6
CONTINUOUS
 10
2.49121
 20
1.34772
 30
 0
 11
2.49454
 21
1.34822
  0
LINE
  8
Gravur
 62
   255
 39
0.016
  6
CONTINUOUS
 10
2.49454
 20
1.34822
 30
 0
 11
2.49523
 21
1.34830
  0
LINE
  8
Gravur
 62
   255
 39
0.016
  6
CONTINUOUS
 10
2.54157
 20
1.34703
 30
 0
 11
2.54157
 21
1.28316
  0
LINE
  8
Gravur
 62
   255
 39
0.016
  6
CONTINUOUS
 10
2.54157
 20
1.28316
 30
 0
 11
2.54157
 21
1.27364
  0
LINE
  8
Gravur
 62
   255
 39
0.016
  6
CONTINUOUS
 10
2.54157
 20
1.27364
 30
 0
 11
2.54163
 21
1.27223
  0
LINE
  8
Gravur
 62
   255
 39
0.016
  6
CONTINUOUS
 10
2.54163
 20
1.27223
 30
 0
 11
2.54163
 21
1.27223
  0
LINE
  8
Gravur
 62
   255
 39
0.016
  6
CONTINUOUS
 10
2.54163
 20
1.27223
 30
 0
 11
2.54193
 21
1.26891
  0
LINE
  8
Gravur
 62
   255
 39
0.016
  6
CONTINUOUS
 10
2.54193
 20
1.26891
 30
 0
 11
2.54249
 21
1.26569
  0
LINE
  8
Gravur
 62
   255
 39
0.016
  6
CONTINUOUS
 10
2.54249
 20
1.26569
 30
 0
 11
2.54341
 21
1.26261
  0
LINE
  8
Gravur
 62
   255
 39
0.016
  6
CONTINUOUS
 10
2.54341
 20
1.26261
 30
 0
 11
2.54476
 21
1.25976
  0
LINE
  8
Gravur
 62
   255
 39
0.016
  6
CONTINUOUS
 10
2.54476
 20
1.25976
 30
 0
 11
2.54476
 21
1.25976
  0
LINE
  8
Gravur
 62
   255
 39
0.016
  6
CONTINUOUS
 10
2.54476
 20
1.25976
 30
 0
 11
2.54595
 21
1.25800
  0
LINE
  8
Gravur
 62
   255
 39
0.016
  6
CONTINUOUS
 10
2.54595
 20
1.25800
 30
 0
 11
2.54740
 21
1.25640
  0
LINE
  8
Gravur
 62
   255
 39
0.016
  6
CONTINUOUS
 10
2.54740
 20
1.25640
 30
 0
 11
2.54950
 21
1.25476
  0
LINE
  8
Gravur
 62
   255
 39
0.016
  6
CONTINUOUS
 10
2.54950
 20
1.25476
 30
 0
 11
2.54996
 21
1.25449
  0
LINE
  8
Gravur
 62
   255
 39
0.016
  6
CONTINUOUS
 10
2.54996
 20
1.25449
 30
 0
 11
2.54996
 21
1.25449
  0
LINE
  8
Gravur
 62
   255
 39
0.016
  6
CONTINUOUS
 10
2.54996
 20
1.25449
 30
 0
 11
2.55421
 21
1.25271
  0
LINE
  8
Gravur
 62
   255
 39
0.016
  6
CONTINUOUS
 10
2.55421
 20
1.25271
 30
 0
 11
2.55572
 21
1.25234
  0
LINE
  8
Gravur
 62
   255
 39
0.016
  6
CONTINUOUS
 10
2.55572
 20
1.25234
 30
 0
 11
2.55572
 21
1.25234
  0
LINE
  8
Gravur
 62
   255
 39
0.016
  6
CONTINUOUS
 10
2.55572
 20
1.25234
 30
 0
 11
2.55813
 21
1.25195
  0
LINE
  8
Gravur
 62
   255
 39
0.016
  6
CONTINUOUS
 10
2.55813
 20
1.25195
 30
 0
 11
2.56052
 21
1.25175
  0
LINE
  8
Gravur
 62
   255
 39
0.016
  6
CONTINUOUS
 10
2.56052
 20
1.25175
 30
 0
 11
2.56352
 21
1.25170
  0
LINE
  8
Gravur
 62
   255
 39
0.016
  6
CONTINUOUS
 10
2.56352
 20
1.25170
 30
 0
 11
2.56453
 21
1.25173
  0
LINE
  8
Gravur
 62
   255
 39
0.016
  6
CONTINUOUS
 10
2.56453
 20
1.25173
 30
 0
 11
2.56453
 21
1.25173
  0
LINE
  8
Gravur
 62
   255
 39
0.016
  6
CONTINUOUS
 10
2.56453
 20
1.25173
 30
 0
 11
2.56987
 21
1.25241
  0
LINE
  8
Gravur
 62
   255
 39
0.016
  6
CONTINUOUS
 10
2.56987
 20
1.25241
 30
 0
 11
2.57480
 21
1.25422
  0
LINE
  8
Gravur
 62
   255
 39
0.016
  6
CONTINUOUS
 10
2.57480
 20
1.25422
 30
 0
 11
2.57480
 21
1.25422
  0
LINE
  8
Gravur
 62
   255
 39
0.016
  6
CONTINUOUS
 10
2.57480
 20
1.25422
 30
 0
 11
2.57783
 21
1.25635
  0
LINE
  8
Gravur
 62
   255
 39
0.016
  6
CONTINUOUS
 10
2.57783
 20
1.25635
 30
 0
 11
2.58035
 21
1.25931
  0
LINE
  8
Gravur
 62
   255
 39
0.016
  6
CONTINUOUS
 10
2.58035
 20
1.25931
 30
 0
 11
2.58094
 21
1.26033
  0
LINE
  8
Gravur
 62
   255
 39
0.016
  6
CONTINUOUS
 10
2.58094
 20
1.26033
 30
 0
 11
2.58105
 21
1.26054
  0
LINE
  8
Gravur
 62
   255
 39
0.016
  6
CONTINUOUS
 10
2.58105
 20
1.26054
 30
 0
 11
2.58105
 21
1.26054
  0
LINE
  8
Gravur
 62
   255
 39
0.016
  6
CONTINUOUS
 10
2.58105
 20
1.26054
 30
 0
 11
2.58170
 21
1.26204
  0
LINE
  8
Gravur
 62
   255
 39
0.016
  6
CONTINUOUS
 10
2.58170
 20
1.26204
 30
 0
 11
2.58188
 21
1.26256
  0
LINE
  8
Gravur
 62
   255
 39
0.016
  6
CONTINUOUS
 10
2.58188
 20
1.26256
 30
 0
 11
2.58188
 21
1.26256
  0
LINE
  8
Gravur
 62
   255
 39
0.016
  6
CONTINUOUS
 10
2.58188
 20
1.26256
 30
 0
 11
2.58209
 21
1.26318
  0
LINE
  8
Gravur
 62
   255
 39
0.016
  6
CONTINUOUS
 10
2.58209
 20
1.26318
 30
 0
 11
2.58229
 21
1.26381
  0
LINE
  8
Gravur
 62
   255
 39
0.016
  6
CONTINUOUS
 10
2.58229
 20
1.26381
 30
 0
 11
2.58401
 21
1.27372
  0
LINE
  8
Gravur
 62
   255
 39
0.016
  6
CONTINUOUS
 10
2.58401
 20
1.27372
 30
 0
 11
2.58410
 21
1.27517
  0
LINE
  8
Gravur
 62
   255
 39
0.016
  6
CONTINUOUS
 10
2.58410
 20
1.27517
 30
 0
 11
2.58422
 21
1.27957
  0
LINE
  8
Gravur
 62
   255
 39
0.016
  6
CONTINUOUS
 10
2.58422
 20
1.27957
 30
 0
 11
2.58422
 21
1.28104
  0
LINE
  8
Gravur
 62
   255
 39
0.016
  6
CONTINUOUS
 10
2.58422
 20
1.28104
 30
 0
 11
2.58422
 21
1.28104
  0
LINE
  8
Gravur
 62
   255
 39
0.016
  6
CONTINUOUS
 10
2.58422
 20
1.28104
 30
 0
 11
2.58399
 21
1.29191
  0
LINE
  8
Gravur
 62
   255
 39
0.016
  6
CONTINUOUS
 10
2.58399
 20
1.29191
 30
 0
 11
2.58398
 21
1.29403
  0
LINE
  8
Gravur
 62
   255
 39
0.016
  6
CONTINUOUS
 10
2.58398
 20
1.29403
 30
 0
 11
2.58398
 21
1.34703
  0
LINE
  8
Gravur
 62
   255
 39
0.016
  6
CONTINUOUS
 10
2.60567
 20
1.34703
 30
 0
 11
2.65218
 21
1.34703
  0
LINE
  8
Gravur
 62
   255
 39
0.016
  6
CONTINUOUS
 10
2.62899
 20
1.34690
 30
 0
 11
2.62899
 21
1.25308
  0
LINE
  8
Gravur
 62
   255
 39
0.016
  6
CONTINUOUS
 10
2.74143
 20
1.34703
 30
 0
 11
2.77071
 21
1.34703
  0
LINE
  8
Gravur
 62
   255
 39
0.016
  6
CONTINUOUS
 10
2.77071
 20
1.34703
 30
 0
 11
2.77760
 21
1.34703
  0
LINE
  8
Gravur
 62
   255
 39
0.016
  6
CONTINUOUS
 10
2.77760
 20
1.34703
 30
 0
 11
2.77848
 21
1.34707
  0
LINE
  8
Gravur
 62
   255
 39
0.016
  6
CONTINUOUS
 10
2.77848
 20
1.34707
 30
 0
 11
2.77859
 21
1.34707
  0
LINE
  8
Gravur
 62
   255
 39
0.016
  6
CONTINUOUS
 10
2.77859
 20
1.34707
 30
 0
 11
2.77859
 21
1.34707
  0
LINE
  8
Gravur
 62
   255
 39
0.016
  6
CONTINUOUS
 10
2.77859
 20
1.34707
 30
 0
 11
2.77954
 21
1.34687
  0
LINE
  8
Gravur
 62
   255
 39
0.016
  6
CONTINUOUS
 10
2.77954
 20
1.34687
 30
 0
 11
2.77967
 21
1.34676
  0
LINE
  8
Gravur
 62
   255
 39
0.016
  6
CONTINUOUS
 10
2.77967
 20
1.34676
 30
 0
 11
2.77967
 21
1.34676
  0
LINE
  8
Gravur
 62
   255
 39
0.016
  6
CONTINUOUS
 10
2.77967
 20
1.34676
 30
 0
 11
2.77974
 21
1.34664
  0
LINE
  8
Gravur
 62
   255
 39
0.016
  6
CONTINUOUS
 10
2.77974
 20
1.34664
 30
 0
 11
2.77979
 21
1.34649
  0
LINE
  8
Gravur
 62
   255
 39
0.016
  6
CONTINUOUS
 10
2.77979
 20
1.34649
 30
 0
 11
2.77980
 21
1.34642
  0
LINE
  8
Gravur
 62
   255
 39
0.016
  6
CONTINUOUS
 10
2.77980
 20
1.34642
 30
 0
 11
2.77981
 21
1.34634
  0
LINE
  8
Gravur
 62
   255
 39
0.016
  6
CONTINUOUS
 10
2.77981
 20
1.34634
 30
 0
 11
2.77981
 21
1.34634
  0
LINE
  8
Gravur
 62
   255
 39
0.016
  6
CONTINUOUS
 10
2.77981
 20
1.34634
 30
 0
 11
2.77968
 21
1.34546
  0
LINE
  8
Gravur
 62
   255
 39
0.016
  6
CONTINUOUS
 10
2.77968
 20
1.34546
 30
 0
 11
2.77927
 21
1.34460
  0
LINE
  8
Gravur
 62
   255
 39
0.016
  6
CONTINUOUS
 10
2.77927
 20
1.34460
 30
 0
 11
2.77927
 21
1.34460
  0
LINE
  8
Gravur
 62
   255
 39
0.016
  6
CONTINUOUS
 10
2.77927
 20
1.34460
 30
 0
 11
2.77881
 21
1.34392
  0
LINE
  8
Gravur
 62
   255
 39
0.016
  6
CONTINUOUS
 10
2.77881
 20
1.34392
 30
 0
 11
2.77835
 21
1.34332
  0
LINE
  8
Gravur
 62
   255
 39
0.016
  6
CONTINUOUS
 10
2.77835
 20
1.34332
 30
 0
 11
2.77335
 21
1.33683
  0
LINE
  8
Gravur
 62
   255
 39
0.016
  6
CONTINUOUS
 10
2.77335
 20
1.33683
 30
 0
 11
2.75733
 21
1.31603
  0
LINE
  8
Gravur
 62
   255
 39
0.016
  6
CONTINUOUS
 10
2.75733
 20
1.31603
 30
 0
 11
2.75324
 21
1.31072
  0
LINE
  8
Gravur
 62
   255
 39
0.016
  6
CONTINUOUS
 10
2.75324
 20
1.31072
 30
 0
 11
2.75256
 21
1.30982
  0
LINE
  8
Gravur
 62
   255
 39
0.016
  6
CONTINUOUS
 10
2.75256
 20
1.30982
 30
 0
 11
2.75247
 21
1.30969
  0
LINE
  8
Gravur
 62
   255
 39
0.016
  6
CONTINUOUS
 10
2.75247
 20
1.30969
 30
 0
 11
2.75247
 21
1.30969
  0
LINE
  8
Gravur
 62
   255
 39
0.016
  6
CONTINUOUS
 10
2.75247
 20
1.30969
 30
 0
 11
2.75191
 21
1.30872
  0
LINE
  8
Gravur
 62
   255
 39
0.016
  6
CONTINUOUS
 10
2.75191
 20
1.30872
 30
 0
 11
2.75177
 21
1.30837
  0
LINE
  8
Gravur
 62
   255
 39
0.016
  6
CONTINUOUS
 10
2.75177
 20
1.30837
 30
 0
 11
2.75177
 21
1.30837
  0
LINE
  8
Gravur
 62
   255
 39
0.016
  6
CONTINUOUS
 10
2.75177
 20
1.30837
 30
 0
 11
2.75165
 21
1.30790
  0
LINE
  8
Gravur
 62
   255
 39
0.016
  6
CONTINUOUS
 10
2.75165
 20
1.30790
 30
 0
 11
2.75160
 21
1.30741
  0
LINE
  8
Gravur
 62
   255
 39
0.016
  6
CONTINUOUS
 10
2.75160
 20
1.30741
 30
 0
 11
2.75174
 21
1.30694
  0
LINE
  8
Gravur
 62
   255
 39
0.016
  6
CONTINUOUS
 10
2.75174
 20
1.30694
 30
 0
 11
2.75179
 21
1.30688
  0
LINE
  8
Gravur
 62
   255
 39
0.016
  6
CONTINUOUS
 10
2.75179
 20
1.30688
 30
 0
 11
2.75179
 21
1.30688
  0
LINE
  8
Gravur
 62
   255
 39
0.016
  6
CONTINUOUS
 10
2.75179
 20
1.30688
 30
 0
 11
2.75238
 21
1.30664
  0
LINE
  8
Gravur
 62
   255
 39
0.016
  6
CONTINUOUS
 10
2.75238
 20
1.30664
 30
 0
 11
2.75262
 21
1.30662
  0
LINE
  8
Gravur
 62
   255
 39
0.016
  6
CONTINUOUS
 10
2.75262
 20
1.30662
 30
 0
 11
2.75262
 21
1.30662
  0
LINE
  8
Gravur
 62
   255
 39
0.016
  6
CONTINUOUS
 10
2.75262
 20
1.30662
 30
 0
 11
2.75293
 21
1.30661
  0
LINE
  8
Gravur
 62
   255
 39
0.016
  6
CONTINUOUS
 10
2.75293
 20
1.30661
 30
 0
 11
2.75322
 21
1.30662
  0
LINE
  8
Gravur
 62
   255
 39
0.016
  6
CONTINUOUS
 10
2.75322
 20
1.30662
 30
 0
 11
2.75526
 21
1.30664
  0
LINE
  8
Gravur
 62
   255
 39
0.016
  6
CONTINUOUS
 10
2.75526
 20
1.30664
 30
 0
 11
2.75548
 21
1.30664
  0
LINE
  8
Gravur
 62
   255
 39
0.016
  6
CONTINUOUS
 10
2.75548
 20
1.30664
 30
 0
 11
2.75548
 21
1.30664
  0
LINE
  8
Gravur
 62
   255
 39
0.016
  6
CONTINUOUS
 10
2.75548
 20
1.30664
 30
 0
 11
2.75802
 21
1.30657
  0
LINE
  8
Gravur
 62
   255
 39
0.016
  6
CONTINUOUS
 10
2.75802
 20
1.30657
 30
 0
 11
2.75852
 21
1.30652
  0
LINE
  8
Gravur
 62
   255
 39
0.016
  6
CONTINUOUS
 10
2.75852
 20
1.30652
 30
 0
 11
2.76727
 21
1.30480
  0
LINE
  8
Gravur
 62
   255
 39
0.016
  6
CONTINUOUS
 10
2.76727
 20
1.30480
 30
 0
 11
2.76817
 21
1.30447
  0
LINE
  8
Gravur
 62
   255
 39
0.016
  6
CONTINUOUS
 10
2.76817
 20
1.30447
 30
 0
 11
2.76905
 21
1.30411
  0
LINE
  8
Gravur
 62
   255
 39
0.016
  6
CONTINUOUS
 10
2.76905
 20
1.30411
 30
 0
 11
2.76992
 21
1.30372
  0
LINE
  8
Gravur
 62
   255
 39
0.016
  6
CONTINUOUS
 10
2.76992
 20
1.30372
 30
 0
 11
2.76992
 21
1.30372
  0
LINE
  8
Gravur
 62
   255
 39
0.016
  6
CONTINUOUS
 10
2.76992
 20
1.30372
 30
 0
 11
2.77362
 21
1.30134
  0
LINE
  8
Gravur
 62
   255
 39
0.016
  6
CONTINUOUS
 10
2.77362
 20
1.30134
 30
 0
 11
2.77474
 21
1.30032
  0
LINE
  8
Gravur
 62
   255
 39
0.016
  6
CONTINUOUS
 10
2.77474
 20
1.30032
 30
 0
 11
2.77580
 21
1.29916
  0
LINE
  8
Gravur
 62
   255
 39
0.016
  6
CONTINUOUS
 10
2.77580
 20
1.29916
 30
 0
 11
2.77680
 21
1.29787
  0
LINE
  8
Gravur
 62
   255
 39
0.016
  6
CONTINUOUS
 10
2.77680
 20
1.29787
 30
 0
 11
2.77812
 21
1.29573
  0
LINE
  8
Gravur
 62
   255
 39
0.016
  6
CONTINUOUS
 10
2.77812
 20
1.29573
 30
 0
 11
2.77849
 21
1.29499
  0
LINE
  8
Gravur
 62
   255
 39
0.016
  6
CONTINUOUS
 10
2.77849
 20
1.29499
 30
 0
 11
2.77849
 21
1.29499
  0
LINE
  8
Gravur
 62
   255
 39
0.016
  6
CONTINUOUS
 10
2.77849
 20
1.29499
 30
 0
 11
2.78014
 21
1.29046
  0
LINE
  8
Gravur
 62
   255
 39
0.016
  6
CONTINUOUS
 10
2.78014
 20
1.29046
 30
 0
 11
2.78100
 21
1.28567
  0
LINE
  8
Gravur
 62
   255
 39
0.016
  6
CONTINUOUS
 10
2.78100
 20
1.28567
 30
 0
 11
2.78100
 21
1.28567
  0
LINE
  8
Gravur
 62
   255
 39
0.016
  6
CONTINUOUS
 10
2.78100
 20
1.28567
 30
 0
 11
2.78125
 21
1.28167
  0
LINE
  8
Gravur
 62
   255
 39
0.016
  6
CONTINUOUS
 10
2.78125
 20
1.28167
 30
 0
 11
2.78119
 21
1.27773
  0
LINE
  8
Gravur
 62
   255
 39
0.016
  6
CONTINUOUS
 10
2.78119
 20
1.27773
 30
 0
 11
2.78076
 21
1.27216
  0
LINE
  8
Gravur
 62
   255
 39
0.016
  6
CONTINUOUS
 10
2.78076
 20
1.27216
 30
 0
 11
2.78070
 21
1.27166
  0
LINE
  8
Gravur
 62
   255
 39
0.016
  6
CONTINUOUS
 10
2.78070
 20
1.27166
 30
 0
 11
2.78070
 21
1.27166
  0
LINE
  8
Gravur
 62
   255
 39
0.016
  6
CONTINUOUS
 10
2.78070
 20
1.27166
 30
 0
 11
2.77998
 21
1.26777
  0
LINE
  8
Gravur
 62
   255
 39
0.016
  6
CONTINUOUS
 10
2.77998
 20
1.26777
 30
 0
 11
2.77978
 21
1.26699
  0
LINE
  8
Gravur
 62
   255
 39
0.016
  6
CONTINUOUS
 10
2.77978
 20
1.26699
 30
 0
 11
2.77930
 21
1.26539
  0
LINE
  8
Gravur
 62
   255
 39
0.016
  6
CONTINUOUS
 10
2.77930
 20
1.26539
 30
 0
 11
2.77912
 21
1.26486
  0
LINE
  8
Gravur
 62
   255
 39
0.016
  6
CONTINUOUS
 10
2.77912
 20
1.26486
 30
 0
 11
2.77912
 21
1.26486
  0
LINE
  8
Gravur
 62
   255
 39
0.016
  6
CONTINUOUS
 10
2.77912
 20
1.26486
 30
 0
 11
2.77816
 21
1.26244
  0
LINE
  8
Gravur
 62
   255
 39
0.016
  6
CONTINUOUS
 10
2.77816
 20
1.26244
 30
 0
 11
2.77693
 21
1.26015
  0
LINE
  8
Gravur
 62
   255
 39
0.016
  6
CONTINUOUS
 10
2.77693
 20
1.26015
 30
 0
 11
2.77693
 21
1.26015
  0
LINE
  8
Gravur
 62
   255
 39
0.016
  6
CONTINUOUS
 10
2.77693
 20
1.26015
 30
 0
 11
2.77573
 21
1.25847
  0
LINE
  8
Gravur
 62
   255
 39
0.016
  6
CONTINUOUS
 10
2.77573
 20
1.25847
 30
 0
 11
2.77429
 21
1.25695
  0
LINE
  8
Gravur
 62
   255
 39
0.016
  6
CONTINUOUS
 10
2.77429
 20
1.25695
 30
 0
 11
2.77086
 21
1.25447
  0
LINE
  8
Gravur
 62
   255
 39
0.016
  6
CONTINUOUS
 10
2.77086
 20
1.25447
 30
 0
 11
2.76962
 21
1.25382
  0
LINE
  8
Gravur
 62
   255
 39
0.016
  6
CONTINUOUS
 10
2.76962
 20
1.25382
 30
 0
 11
2.76962
 21
1.25382
  0
LINE
  8
Gravur
 62
   255
 39
0.016
  6
CONTINUOUS
 10
2.76962
 20
1.25382
 30
 0
 11
2.76258
 21
1.25180
  0
LINE
  8
Gravur
 62
   255
 39
0.016
  6
CONTINUOUS
 10
2.76258
 20
1.25180
 30
 0
 11
2.75510
 21
1.25181
  0
LINE
  8
Gravur
 62
   255
 39
0.016
  6
CONTINUOUS
 10
2.75510
 20
1.25181
 30
 0
 11
2.75510
 21
1.25181
  0
LINE
  8
Gravur
 62
   255
 39
0.016
  6
CONTINUOUS
 10
2.75510
 20
1.25181
 30
 0
 11
2.74845
 21
1.25331
  0
LINE
  8
Gravur
 62
   255
 39
0.016
  6
CONTINUOUS
 10
2.74845
 20
1.25331
 30
 0
 11
2.74249
 21
1.25600
  0
LINE
  8
Gravur
 62
   255
 39
0.016
  6
CONTINUOUS
 10
3.32510
 20
1.25308
 30
 0
 11
3.32510
 21
1.31815
  0
LINE
  8
Gravur
 62
   255
 39
0.016
  6
CONTINUOUS
 10
3.32510
 20
1.31815
 30
 0
 11
3.32510
 21
1.33789
  0
LINE
  8
Gravur
 62
   255
 39
0.016
  6
CONTINUOUS
 10
3.32510
 20
1.33789
 30
 0
 11
3.32510
 21
1.34385
  0
LINE
  8
Gravur
 62
   255
 39
0.016
  6
CONTINUOUS
 10
3.32510
 20
1.34385
 30
 0
 11
3.32504
 21
1.34501
  0
LINE
  8
Gravur
 62
   255
 39
0.016
  6
CONTINUOUS
 10
3.32504
 20
1.34501
 30
 0
 11
3.32503
 21
1.34514
  0
LINE
  8
Gravur
 62
   255
 39
0.016
  6
CONTINUOUS
 10
3.32503
 20
1.34514
 30
 0
 11
3.32503
 21
1.34514
  0
LINE
  8
Gravur
 62
   255
 39
0.016
  6
CONTINUOUS
 10
3.32503
 20
1.34514
 30
 0
 11
3.32509
 21
1.34639
  0
LINE
  8
Gravur
 62
   255
 39
0.016
  6
CONTINUOUS
 10
3.32509
 20
1.34639
 30
 0
 11
3.32515
 21
1.34662
  0
LINE
  8
Gravur
 62
   255
 39
0.016
  6
CONTINUOUS
 10
3.32515
 20
1.34662
 30
 0
 11
3.32518
 21
1.34669
  0
LINE
  8
Gravur
 62
   255
 39
0.016
  6
CONTINUOUS
 10
3.32518
 20
1.34669
 30
 0
 11
3.32521
 21
1.34675
  0
LINE
  8
Gravur
 62
   255
 39
0.016
  6
CONTINUOUS
 10
3.32521
 20
1.34675
 30
 0
 11
3.32521
 21
1.34675
  0
LINE
  8
Gravur
 62
   255
 39
0.016
  6
CONTINUOUS
 10
3.32521
 20
1.34675
 30
 0
 11
3.32574
 21
1.34715
  0
LINE
  8
Gravur
 62
   255
 39
0.016
  6
CONTINUOUS
 10
3.32574
 20
1.34715
 30
 0
 11
3.32652
 21
1.34735
  0
LINE
  8
Gravur
 62
   255
 39
0.016
  6
CONTINUOUS
 10
3.32652
 20
1.34735
 30
 0
 11
3.32652
 21
1.34735
  0
LINE
  8
Gravur
 62
   255
 39
0.016
  6
CONTINUOUS
 10
3.32652
 20
1.34735
 30
 0
 11
3.32720
 21
1.34743
  0
LINE
  8
Gravur
 62
   255
 39
0.016
  6
CONTINUOUS
 10
3.32720
 20
1.34743
 30
 0
 11
3.32775
 21
1.34748
  0
LINE
  8
Gravur
 62
   255
 39
0.016
  6
CONTINUOUS
 10
3.32775
 20
1.34748
 30
 0
 11
3.33195
 21
1.34796
  0
LINE
  8
Gravur
 62
   255
 39
0.016
  6
CONTINUOUS
 10
3.33195
 20
1.34796
 30
 0
 11
3.33233
 21
1.34799
  0
LINE
  8
Gravur
 62
   255
 39
0.016
  6
CONTINUOUS
 10
3.33233
 20
1.34799
 30
 0
 11
3.33233
 21
1.34799
  0
LINE
  8
Gravur
 62
   255
 39
0.016
  6
CONTINUOUS
 10
3.33233
 20
1.34799
 30
 0
 11
3.33371
 21
1.34810
  0
LINE
  8
Gravur
 62
   255
 39
0.016
  6
CONTINUOUS
 10
3.33371
 20
1.34810
 30
 0
 11
3.33417
 21
1.34813
  0
LINE
  8
Gravur
 62
   255
 39
0.016
  6
CONTINUOUS
 10
3.33417
 20
1.34813
 30
 0
 11
3.33417
 21
1.34813
  0
LINE
  8
Gravur
 62
   255
 39
0.016
  6
CONTINUOUS
 10
3.33417
 20
1.34813
 30
 0
 11
3.33500
 21
1.34818
  0
LINE
  8
Gravur
 62
   255
 39
0.016
  6
CONTINUOUS
 10
3.33500
 20
1.34818
 30
 0
 11
3.33583
 21
1.34824
  0
LINE
  8
Gravur
 62
   255
 39
0.016
  6
CONTINUOUS
 10
3.33583
 20
1.34824
 30
 0
 11
3.34529
 21
1.34819
  0
LINE
  8
Gravur
 62
   255
 39
0.016
  6
CONTINUOUS
 10
3.34529
 20
1.34819
 30
 0
 11
3.34668
 21
1.34804
  0
LINE
  8
Gravur
 62
   255
 39
0.016
  6
CONTINUOUS
 10
3.34668
 20
1.34804
 30
 0
 11
3.34668
 21
1.34804
  0
LINE
  8
Gravur
 62
   255
 39
0.016
  6
CONTINUOUS
 10
3.34668
 20
1.34804
 30
 0
 11
3.35033
 21
1.34741
  0
LINE
  8
Gravur
 62
   255
 39
0.016
  6
CONTINUOUS
 10
3.35033
 20
1.34741
 30
 0
 11
3.35386
 21
1.34642
  0
LINE
  8
Gravur
 62
   255
 39
0.016
  6
CONTINUOUS
 10
3.35386
 20
1.34642
 30
 0
 11
3.35716
 21
1.34500
  0
LINE
  8
Gravur
 62
   255
 39
0.016
  6
CONTINUOUS
 10
3.35716
 20
1.34500
 30
 0
 11
3.36013
 21
1.34310
  0
LINE
  8
Gravur
 62
   255
 39
0.016
  6
CONTINUOUS
 10
3.36013
 20
1.34310
 30
 0
 11
3.36013
 21
1.34310
  0
LINE
  8
Gravur
 62
   255
 39
0.016
  6
CONTINUOUS
 10
3.36013
 20
1.34310
 30
 0
 11
3.36305
 21
1.34023
  0
LINE
  8
Gravur
 62
   255
 39
0.016
  6
CONTINUOUS
 10
3.36305
 20
1.34023
 30
 0
 11
3.36526
 21
1.33656
  0
LINE
  8
Gravur
 62
   255
 39
0.016
  6
CONTINUOUS
 10
3.36526
 20
1.33656
 30
 0
 11
3.36627
 21
1.33376
  0
LINE
  8
Gravur
 62
   255
 39
0.016
  6
CONTINUOUS
 10
3.36627
 20
1.33376
 30
 0
 11
3.36635
 21
1.33344
  0
LINE
  8
Gravur
 62
   255
 39
0.016
  6
CONTINUOUS
 10
3.36635
 20
1.33344
 30
 0
 11
3.36635
 21
1.33344
  0
LINE
  8
Gravur
 62
   255
 39
0.016
  6
CONTINUOUS
 10
3.36635
 20
1.33344
 30
 0
 11
3.36670
 21
1.33194
  0
LINE
  8
Gravur
 62
   255
 39
0.016
  6
CONTINUOUS
 10
3.36670
 20
1.33194
 30
 0
 11
3.36680
 21
1.33144
  0
LINE
  8
Gravur
 62
   255
 39
0.016
  6
CONTINUOUS
 10
3.36680
 20
1.33144
 30
 0
 11
3.36680
 21
1.33144
  0
LINE
  8
Gravur
 62
   255
 39
0.016
  6
CONTINUOUS
 10
3.36680
 20
1.33144
 30
 0
 11
3.36699
 21
1.33029
  0
LINE
  8
Gravur
 62
   255
 39
0.016
  6
CONTINUOUS
 10
3.36699
 20
1.33029
 30
 0
 11
3.36714
 21
1.32914
  0
LINE
  8
Gravur
 62
   255
 39
0.016
  6
CONTINUOUS
 10
3.36714
 20
1.32914
 30
 0
 11
3.36740
 21
1.32229
  0
LINE
  8
Gravur
 62
   255
 39
0.016
  6
CONTINUOUS
 10
3.36740
 20
1.32229
 30
 0
 11
3.36734
 21
1.32130
  0
LINE
  8
Gravur
 62
   255
 39
0.016
  6
CONTINUOUS
 10
3.36734
 20
1.32130
 30
 0
 11
3.36734
 21
1.32130
  0
LINE
  8
Gravur
 62
   255
 39
0.016
  6
CONTINUOUS
 10
3.36734
 20
1.32130
 30
 0
 11
3.36704
 21
1.31873
  0
LINE
  8
Gravur
 62
   255
 39
0.016
  6
CONTINUOUS
 10
3.36704
 20
1.31873
 30
 0
 11
3.36652
 21
1.31621
  0
LINE
  8
Gravur
 62
   255
 39
0.016
  6
CONTINUOUS
 10
3.36652
 20
1.31621
 30
 0
 11
3.36577
 21
1.31376
  0
LINE
  8
Gravur
 62
   255
 39
0.016
  6
CONTINUOUS
 10
3.36577
 20
1.31376
 30
 0
 11
3.36476
 21
1.31143
  0
LINE
  8
Gravur
 62
   255
 39
0.016
  6
CONTINUOUS
 10
3.36476
 20
1.31143
 30
 0
 11
3.36476
 21
1.31143
  0
LINE
  8
Gravur
 62
   255
 39
0.016
  6
CONTINUOUS
 10
3.36476
 20
1.31143
 30
 0
 11
3.36327
 21
1.30897
  0
LINE
  8
Gravur
 62
   255
 39
0.016
  6
CONTINUOUS
 10
3.36327
 20
1.30897
 30
 0
 11
3.36140
 21
1.30675
  0
LINE
  8
Gravur
 62
   255
 39
0.016
  6
CONTINUOUS
 10
3.36140
 20
1.30675
 30
 0
 11
3.35766
 21
1.30383
  0
LINE
  8
Gravur
 62
   255
 39
0.016
  6
CONTINUOUS
 10
3.35766
 20
1.30383
 30
 0
 11
3.35721
 21
1.30357
  0
LINE
  8
Gravur
 62
   255
 39
0.016
  6
CONTINUOUS
 10
3.35721
 20
1.30357
 30
 0
 11
3.35721
 21
1.30357
  0
LINE
  8
Gravur
 62
   255
 39
0.016
  6
CONTINUOUS
 10
3.35721
 20
1.30357
 30
 0
 11
3.35258
 21
1.30154
  0
LINE
  8
Gravur
 62
   255
 39
0.016
  6
CONTINUOUS
 10
3.35258
 20
1.30154
 30
 0
 11
3.35160
 21
1.30123
  0
LINE
  8
Gravur
 62
   255
 39
0.016
  6
CONTINUOUS
 10
3.35160
 20
1.30123
 30
 0
 11
3.34611
 21
1.29946
  0
LINE
  8
Gravur
 62
   255
 39
0.016
  6
CONTINUOUS
 10
3.34611
 20
1.29946
 30
 0
 11
3.34688
 21
1.29915
  0
LINE
  8
Gravur
 62
   255
 39
0.016
  6
CONTINUOUS
 10
3.34688
 20
1.29915
 30
 0
 11
3.34718
 21
1.29902
  0
LINE
  8
Gravur
 62
   255
 39
0.016
  6
CONTINUOUS
 10
3.34718
 20
1.29902
 30
 0
 11
3.34910
 21
1.29821
  0
LINE
  8
Gravur
 62
   255
 39
0.016
  6
CONTINUOUS
 10
3.34910
 20
1.29821
 30
 0
 11
3.34952
 21
1.29803
  0
LINE
  8
Gravur
 62
   255
 39
0.016
  6
CONTINUOUS
 10
3.34952
 20
1.29803
 30
 0
 11
3.34952
 21
1.29803
  0
LINE
  8
Gravur
 62
   255
 39
0.016
  6
CONTINUOUS
 10
3.34952
 20
1.29803
 30
 0
 11
3.35235
 21
1.29673
  0
LINE
  8
Gravur
 62
   255
 39
0.016
  6
CONTINUOUS
 10
3.35235
 20
1.29673
 30
 0
 11
3.35266
 21
1.29655
  0
LINE
  8
Gravur
 62
   255
 39
0.016
  6
CONTINUOUS
 10
3.35266
 20
1.29655
 30
 0
 11
3.35428
 21
1.29534
  0
LINE
  8
Gravur
 62
   255
 39
0.016
  6
CONTINUOUS
 10
3.35428
 20
1.29534
 30
 0
 11
3.35458
 21
1.29507
  0
LINE
  8
Gravur
 62
   255
 39
0.016
  6
CONTINUOUS
 10
3.35458
 20
1.29507
 30
 0
 11
3.35458
 21
1.29507
  0
LINE
  8
Gravur
 62
   255
 39
0.016
  6
CONTINUOUS
 10
3.35458
 20
1.29507
 30
 0
 11
3.35679
 21
1.29258
  0
LINE
  8
Gravur
 62
   255
 39
0.016
  6
CONTINUOUS
 10
3.35679
 20
1.29258
 30
 0
 11
3.35742
 21
1.29166
  0
LINE
  8
Gravur
 62
   255
 39
0.016
  6
CONTINUOUS
 10
3.35742
 20
1.29166
 30
 0
 11
3.35742
 21
1.29166
  0
LINE
  8
Gravur
 62
   255
 39
0.016
  6
CONTINUOUS
 10
3.35742
 20
1.29166
 30
 0
 11
3.35817
 21
1.29041
  0
LINE
  8
Gravur
 62
   255
 39
0.016
  6
CONTINUOUS
 10
3.35817
 20
1.29041
 30
 0
 11
3.35885
 21
1.28912
  0
LINE
  8
Gravur
 62
   255
 39
0.016
  6
CONTINUOUS
 10
3.35885
 20
1.28912
 30
 0
 11
3.36187
 21
1.28059
  0
LINE
  8
Gravur
 62
   255
 39
0.016
  6
CONTINUOUS
 10
3.36187
 20
1.28059
 30
 0
 11
3.36208
 21
1.27978
  0
LINE
  8
Gravur
 62
   255
 39
0.016
  6
CONTINUOUS
 10
3.36208
 20
1.27978
 30
 0
 11
3.36208
 21
1.27978
  0
LINE
  8
Gravur
 62
   255
 39
0.016
  6
CONTINUOUS
 10
3.36208
 20
1.27978
 30
 0
 11
3.36362
 21
1.27352
  0
LINE
  8
Gravur
 62
   255
 39
0.016
  6
CONTINUOUS
 10
3.36362
 20
1.27352
 30
 0
 11
3.36394
 21
1.27230
  0
LINE
  8
Gravur
 62
   255
 39
0.016
  6
CONTINUOUS
 10
3.36394
 20
1.27230
 30
 0
 11
3.36726
 21
1.25984
  0
LINE
  8
Gravur
 62
   255
 39
0.016
  6
CONTINUOUS
 10
3.36726
 20
1.25984
 30
 0
 11
3.36810
 21
1.25693
  0
LINE
  8
Gravur
 62
   255
 39
0.016
  6
CONTINUOUS
 10
3.36810
 20
1.25693
 30
 0
 11
3.36819
 21
1.25661
  0
LINE
  8
Gravur
 62
   255
 39
0.016
  6
CONTINUOUS
 10
3.36819
 20
1.25661
 30
 0
 11
3.36819
 21
1.25661
  0
LINE
  8
Gravur
 62
   255
 39
0.016
  6
CONTINUOUS
 10
3.36819
 20
1.25661
 30
 0
 11
3.36898
 21
1.25345
  0
LINE
  8
Gravur
 62
   255
 39
0.016
  6
CONTINUOUS
 10
3.36898
 20
1.25345
 30
 0
 11
3.36909
 21
1.25282
  0
LINE
  8
Gravur
 62
   255
 39
0.016
  6
CONTINUOUS
 10
3.32523
 20
1.29933
 30
 0
 11
3.34628
 21
1.29946
  0
LINE
  8
Gravur
 62
   255
 39
0.016
  6
CONTINUOUS
 10
3.39317
 20
1.34703
 30
 0
 11
3.42776
 21
1.34703
  0
LINE
  8
Gravur
 62
   255
 39
0.016
  6
CONTINUOUS
 10
3.41053
 20
1.34690
 30
 0
 11
3.41053
 21
1.27680
  0
LINE
  8
Gravur
 62
   255
 39
0.016
  6
CONTINUOUS
 10
3.41053
 20
1.27680
 30
 0
 11
3.41053
 21
1.25918
  0
LINE
  8
Gravur
 62
   255
 39
0.016
  6
CONTINUOUS
 10
3.41053
 20
1.25918
 30
 0
 11
3.41053
 21
1.25480
  0
LINE
  8
Gravur
 62
   255
 39
0.016
  6
CONTINUOUS
 10
3.41053
 20
1.25480
 30
 0
 11
3.41030
 21
1.25318
  0
LINE
  8
Gravur
 62
   255
 39
0.016
  6
CONTINUOUS
 10
3.41030
 20
1.25318
 30
 0
 11
3.40589
 21
1.25295
  0
LINE
  8
Gravur
 62
   255
 39
0.016
  6
CONTINUOUS
 10
3.40589
 20
1.25295
 30
 0
 11
3.39317
 21
1.25295
  0
LINE
  8
Gravur
 62
   255
 39
0.016
  6
CONTINUOUS
 10
3.41066
 20
1.25295
 30
 0
 11
3.42776
 21
1.25295
  0
LINE
  8
Gravur
 62
   255
 39
0.016
  6
CONTINUOUS
 10
3.47463
 20
1.30463
 30
 0
 11
3.49305
 21
1.30463
  0
LINE
  8
Gravur
 62
   255
 39
0.016
  6
CONTINUOUS
 10
3.49305
 20
1.30463
 30
 0
 11
3.49756
 21
1.30463
  0
LINE
  8
Gravur
 62
   255
 39
0.016
  6
CONTINUOUS
 10
3.49756
 20
1.30463
 30
 0
 11
3.49819
 21
1.30466
  0
LINE
  8
Gravur
 62
   255
 39
0.016
  6
CONTINUOUS
 10
3.49819
 20
1.30466
 30
 0
 11
3.49827
 21
1.30466
  0
LINE
  8
Gravur
 62
   255
 39
0.016
  6
CONTINUOUS
 10
3.49827
 20
1.30466
 30
 0
 11
3.49827
 21
1.30466
  0
LINE
  8
Gravur
 62
   255
 39
0.016
  6
CONTINUOUS
 10
3.49827
 20
1.30466
 30
 0
 11
3.49899
 21
1.30452
  0
LINE
  8
Gravur
 62
   255
 39
0.016
  6
CONTINUOUS
 10
3.49899
 20
1.30452
 30
 0
 11
3.49909
 21
1.30444
  0
LINE
  8
Gravur
 62
   255
 39
0.016
  6
CONTINUOUS
 10
3.49909
 20
1.30444
 30
 0
 11
3.49909
 21
1.30444
  0
LINE
  8
Gravur
 62
   255
 39
0.016
  6
CONTINUOUS
 10
3.49909
 20
1.30444
 30
 0
 11
3.49911
 21
1.30442
  0
LINE
  8
Gravur
 62
   255
 39
0.016
  6
CONTINUOUS
 10
3.49911
 20
1.30442
 30
 0
 11
3.49913
 21
1.30440
  0
LINE
  8
Gravur
 62
   255
 39
0.016
  6
CONTINUOUS
 10
3.49913
 20
1.30440
 30
 0
 11
3.49931
 21
1.30367
  0
LINE
  8
Gravur
 62
   255
 39
0.016
  6
CONTINUOUS
 10
3.49931
 20
1.30367
 30
 0
 11
3.49931
 21
1.30359
  0
LINE
  8
Gravur
 62
   255
 39
0.016
  6
CONTINUOUS
 10
3.49931
 20
1.30359
 30
 0
 11
3.49931
 21
1.30359
  0
LINE
  8
Gravur
 62
   255
 39
0.016
  6
CONTINUOUS
 10
3.49931
 20
1.30359
 30
 0
 11
3.49928
 21
1.30300
  0
LINE
  8
Gravur
 62
   255
 39
0.016
  6
CONTINUOUS
 10
3.49928
 20
1.30300
 30
 0
 11
3.49928
 21
1.30291
  0
LINE
  8
Gravur
 62
   255
 39
0.016
  6
CONTINUOUS
 10
3.49928
 20
1.30291
 30
 0
 11
3.49928
 21
1.29906
  0
LINE
  8
Gravur
 62
   255
 39
0.016
  6
CONTINUOUS
 10
3.49928
 20
1.29906
 30
 0
 11
3.49928
 21
1.28396
  0
LINE
  8
Gravur
 62
   255
 39
0.016
  6
CONTINUOUS
 10
3.49928
 20
1.28396
 30
 0
 11
3.49928
 21
1.26434
  0
LINE
  8
Gravur
 62
   255
 39
0.016
  6
CONTINUOUS
 10
3.49928
 20
1.26434
 30
 0
 11
3.49928
 21
1.25904
  0
LINE
  8
Gravur
 62
   255
 39
0.016
  6
CONTINUOUS
 10
3.49928
 20
1.25904
 30
 0
 11
3.49931
 21
1.25804
  0
LINE
  8
Gravur
 62
   255
 39
0.016
  6
CONTINUOUS
 10
3.49931
 20
1.25804
 30
 0
 11
3.49932
 21
1.25793
  0
LINE
  8
Gravur
 62
   255
 39
0.016
  6
CONTINUOUS
 10
3.49932
 20
1.25793
 30
 0
 11
3.49932
 21
1.25793
  0
LINE
  8
Gravur
 62
   255
 39
0.016
  6
CONTINUOUS
 10
3.49932
 20
1.25793
 30
 0
 11
3.49917
 21
1.25674
  0
LINE
  8
Gravur
 62
   255
 39
0.016
  6
CONTINUOUS
 10
3.49917
 20
1.25674
 30
 0
 11
3.49907
 21
1.25654
  0
LINE
  8
Gravur
 62
   255
 39
0.016
  6
CONTINUOUS
 10
3.49907
 20
1.25654
 30
 0
 11
3.49894
 21
1.25632
  0
LINE
  8
Gravur
 62
   255
 39
0.016
  6
CONTINUOUS
 10
3.49894
 20
1.25632
 30
 0
 11
3.49888
 21
1.25626
  0
LINE
  8
Gravur
 62
   255
 39
0.016
  6
CONTINUOUS
 10
3.49888
 20
1.25626
 30
 0
 11
3.49888
 21
1.25626
  0
LINE
  8
Gravur
 62
   255
 39
0.016
  6
CONTINUOUS
 10
3.49888
 20
1.25626
 30
 0
 11
3.49847
 21
1.25591
  0
LINE
  8
Gravur
 62
   255
 39
0.016
  6
CONTINUOUS
 10
3.49847
 20
1.25591
 30
 0
 11
3.49798
 21
1.25563
  0
LINE
  8
Gravur
 62
   255
 39
0.016
  6
CONTINUOUS
 10
3.49798
 20
1.25563
 30
 0
 11
3.49798
 21
1.25563
  0
LINE
  8
Gravur
 62
   255
 39
0.016
  6
CONTINUOUS
 10
3.49798
 20
1.25563
 30
 0
 11
3.49756
 21
1.25545
  0
LINE
  8
Gravur
 62
   255
 39
0.016
  6
CONTINUOUS
 10
3.49756
 20
1.25545
 30
 0
 11
3.49716
 21
1.25528
  0
LINE
  8
Gravur
 62
   255
 39
0.016
  6
CONTINUOUS
 10
3.49716
 20
1.25528
 30
 0
 11
3.49453
 21
1.25417
  0
LINE
  8
Gravur
 62
   255
 39
0.016
  6
CONTINUOUS
 10
3.49453
 20
1.25417
 30
 0
 11
3.49429
 21
1.25407
  0
LINE
  8
Gravur
 62
   255
 39
0.016
  6
CONTINUOUS
 10
3.49429
 20
1.25407
 30
 0
 11
3.49429
 21
1.25407
  0
LINE
  8
Gravur
 62
   255
 39
0.016
  6
CONTINUOUS
 10
3.49429
 20
1.25407
 30
 0
 11
3.49260
 21
1.25349
  0
LINE
  8
Gravur
 62
   255
 39
0.016
  6
CONTINUOUS
 10
3.49260
 20
1.25349
 30
 0
 11
3.49225
 21
1.25338
  0
LINE
  8
Gravur
 62
   255
 39
0.016
  6
CONTINUOUS
 10
3.49225
 20
1.25338
 30
 0
 11
3.48808
 21
1.25238
  0
LINE
  8
Gravur
 62
   255
 39
0.016
  6
CONTINUOUS
 10
3.48808
 20
1.25238
 30
 0
 11
3.48724
 21
1.25223
  0
LINE
  8
Gravur
 62
   255
 39
0.016
  6
CONTINUOUS
 10
3.48724
 20
1.25223
 30
 0
 11
3.48724
 21
1.25223
  0
LINE
  8
Gravur
 62
   255
 39
0.016
  6
CONTINUOUS
 10
3.48724
 20
1.25223
 30
 0
 11
3.47954
 21
1.25170
  0
LINE
  8
Gravur
 62
   255
 39
0.016
  6
CONTINUOUS
 10
3.47954
 20
1.25170
 30
 0
 11
3.47699
 21
1.25192
  0
LINE
  8
Gravur
 62
   255
 39
0.016
  6
CONTINUOUS
 10
3.47699
 20
1.25192
 30
 0
 11
3.47699
 21
1.25192
  0
LINE
  8
Gravur
 62
   255
 39
0.016
  6
CONTINUOUS
 10
3.47699
 20
1.25192
 30
 0
 11
3.47344
 21
1.25264
  0
LINE
  8
Gravur
 62
   255
 39
0.016
  6
CONTINUOUS
 10
3.47344
 20
1.25264
 30
 0
 11
3.46999
 21
1.25386
  0
LINE
  8
Gravur
 62
   255
 39
0.016
  6
CONTINUOUS
 10
3.46999
 20
1.25386
 30
 0
 11
3.46416
 21
1.25777
  0
LINE
  8
Gravur
 62
   255
 39
0.016
  6
CONTINUOUS
 10
3.46416
 20
1.25777
 30
 0
 11
3.46319
 21
1.25876
  0
LINE
  8
Gravur
 62
   255
 39
0.016
  6
CONTINUOUS
 10
3.46319
 20
1.25876
 30
 0
 11
3.46319
 21
1.25876
  0
LINE
  8
Gravur
 62
   255
 39
0.016
  6
CONTINUOUS
 10
3.46319
 20
1.25876
 30
 0
 11
3.46079
 21
1.26181
  0
LINE
  8
Gravur
 62
   255
 39
0.016
  6
CONTINUOUS
 10
3.46079
 20
1.26181
 30
 0
 11
3.45883
 21
1.26523
  0
LINE
  8
Gravur
 62
   255
 39
0.016
  6
CONTINUOUS
 10
3.45883
 20
1.26523
 30
 0
 11
3.45725
 21
1.26891
  0
LINE
  8
Gravur
 62
   255
 39
0.016
  6
CONTINUOUS
 10
3.45725
 20
1.26891
 30
 0
 11
3.45600
 21
1.27275
  0
LINE
  8
Gravur
 62
   255
 39
0.016
  6
CONTINUOUS
 10
3.45600
 20
1.27275
 30
 0
 11
3.45600
 21
1.27275
  0
LINE
  8
Gravur
 62
   255
 39
0.016
  6
CONTINUOUS
 10
3.45600
 20
1.27275
 30
 0
 11
3.45458
 21
1.27897
  0
LINE
  8
Gravur
 62
   255
 39
0.016
  6
CONTINUOUS
 10
3.45458
 20
1.27897
 30
 0
 11
3.45365
 21
1.28502
  0
LINE
  8
Gravur
 62
   255
 39
0.016
  6
CONTINUOUS
 10
3.45365
 20
1.28502
 30
 0
 11
3.45284
 21
1.29613
  0
LINE
  8
Gravur
 62
   255
 39
0.016
  6
CONTINUOUS
 10
3.45284
 20
1.29613
 30
 0
 11
3.45282
 21
1.29715
  0
LINE
  8
Gravur
 62
   255
 39
0.016
  6
CONTINUOUS
 10
3.45282
 20
1.29715
 30
 0
 11
3.45282
 21
1.29715
  0
LINE
  8
Gravur
 62
   255
 39
0.016
  6
CONTINUOUS
 10
3.45282
 20
1.29715
 30
 0
 11
3.45303
 21
1.30682
  0
LINE
  8
Gravur
 62
   255
 39
0.016
  6
CONTINUOUS
 10
3.45303
 20
1.30682
 30
 0
 11
3.45315
 21
1.30874
  0
LINE
  8
Gravur
 62
   255
 39
0.016
  6
CONTINUOUS
 10
3.45315
 20
1.30874
 30
 0
 11
3.45341
 21
1.31235
  0
LINE
  8
Gravur
 62
   255
 39
0.016
  6
CONTINUOUS
 10
3.45341
 20
1.31235
 30
 0
 11
3.45347
 21
1.31307
  0
LINE
  8
Gravur
 62
   255
 39
0.016
  6
CONTINUOUS
 10
3.45347
 20
1.31307
 30
 0
 11
3.45347
 21
1.31307
  0
LINE
  8
Gravur
 62
   255
 39
0.016
  6
CONTINUOUS
 10
3.45347
 20
1.31307
 30
 0
 11
3.45409
 21
1.31909
  0
LINE
  8
Gravur
 62
   255
 39
0.016
  6
CONTINUOUS
 10
3.45409
 20
1.31909
 30
 0
 11
3.45438
 21
1.32108
  0
LINE
  8
Gravur
 62
   255
 39
0.016
  6
CONTINUOUS
 10
3.45438
 20
1.32108
 30
 0
 11
3.45438
 21
1.32108
  0
LINE
  8
Gravur
 62
   255
 39
0.016
  6
CONTINUOUS
 10
3.45438
 20
1.32108
 30
 0
 11
3.45509
 21
1.32487
  0
LINE
  8
Gravur
 62
   255
 39
0.016
  6
CONTINUOUS
 10
3.45509
 20
1.32487
 30
 0
 11
3.45607
 21
1.32861
  0
LINE
  8
Gravur
 62
   255
 39
0.016
  6
CONTINUOUS
 10
3.45607
 20
1.32861
 30
 0
 11
3.45630
 21
1.32934
  0
LINE
  8
Gravur
 62
   255
 39
0.016
  6
CONTINUOUS
 10
3.45630
 20
1.32934
 30
 0
 11
3.45654
 21
1.33006
  0
LINE
  8
Gravur
 62
   255
 39
0.016
  6
CONTINUOUS
 10
3.45654
 20
1.33006
 30
 0
 11
3.45654
 21
1.33006
  0
LINE
  8
Gravur
 62
   255
 39
0.016
  6
CONTINUOUS
 10
3.45654
 20
1.33006
 30
 0
 11
3.45889
 21
1.33560
  0
LINE
  8
Gravur
 62
   255
 39
0.016
  6
CONTINUOUS
 10
3.45889
 20
1.33560
 30
 0
 11
3.46218
 21
1.34054
  0
LINE
  8
Gravur
 62
   255
 39
0.016
  6
CONTINUOUS
 10
3.46218
 20
1.34054
 30
 0
 11
3.46218
 21
1.34054
  0
LINE
  8
Gravur
 62
   255
 39
0.016
  6
CONTINUOUS
 10
3.46218
 20
1.34054
 30
 0
 11
3.46518
 21
1.34347
  0
LINE
  8
Gravur
 62
   255
 39
0.016
  6
CONTINUOUS
 10
3.46518
 20
1.34347
 30
 0
 11
3.46880
 21
1.34579
  0
LINE
  8
Gravur
 62
   255
 39
0.016
  6
CONTINUOUS
 10
3.46880
 20
1.34579
 30
 0
 11
3.47450
 21
1.34768
  0
LINE
  8
Gravur
 62
   255
 39
0.016
  6
CONTINUOUS
 10
3.47450
 20
1.34768
 30
 0
 11
3.47515
 21
1.34780
  0
LINE
  8
Gravur
 62
   255
 39
0.016
  6
CONTINUOUS
 10
3.47515
 20
1.34780
 30
 0
 11
3.47515
 21
1.34780
  0
LINE
  8
Gravur
 62
   255
 39
0.016
  6
CONTINUOUS
 10
3.47515
 20
1.34780
 30
 0
 11
3.48287
 21
1.34826
  0
LINE
  8
Gravur
 62
   255
 39
0.016
  6
CONTINUOUS
 10
3.48287
 20
1.34826
 30
 0
 11
3.48444
 21
1.34822
  0
LINE
  8
Gravur
 62
   255
 39
0.016
  6
CONTINUOUS
 10
3.48444
 20
1.34822
 30
 0
 11
3.48473
 21
1.34821
  0
LINE
  8
Gravur
 62
   255
 39
0.016
  6
CONTINUOUS
 10
3.48473
 20
1.34821
 30
 0
 11
3.48503
 21
1.34819
  0
LINE
  8
Gravur
 62
   255
 39
0.016
  6
CONTINUOUS
 10
3.48503
 20
1.34819
 30
 0
 11
3.48503
 21
1.34819
  0
LINE
  8
Gravur
 62
   255
 39
0.016
  6
CONTINUOUS
 10
3.48503
 20
1.34819
 30
 0
 11
3.48837
 21
1.34769
  0
LINE
  8
Gravur
 62
   255
 39
0.016
  6
CONTINUOUS
 10
3.48837
 20
1.34769
 30
 0
 11
3.49164
 21
1.34674
  0
LINE
  8
Gravur
 62
   255
 39
0.016
  6
CONTINUOUS
 10
3.49164
 20
1.34674
 30
 0
 11
3.49164
 21
1.34674
  0
LINE
  8
Gravur
 62
   255
 39
0.016
  6
CONTINUOUS
 10
3.49164
 20
1.34674
 30
 0
 11
3.49430
 21
1.34573
  0
LINE
  8
Gravur
 62
   255
 39
0.016
  6
CONTINUOUS
 10
3.49430
 20
1.34573
 30
 0
 11
3.49689
 21
1.34465
  0
LINE
  8
Gravur
 62
   255
 39
0.016
  6
CONTINUOUS
 10
3.52177
 20
1.34703
 30
 0
 11
3.52177
 21
1.25308
  0
LINE
  8
Gravur
 62
   255
 39
0.016
  6
CONTINUOUS
 10
3.56417
 20
1.34703
 30
 0
 11
3.56417
 21
1.25308
  0
LINE
  8
Gravur
 62
   255
 39
0.016
  6
CONTINUOUS
 10
3.52190
 20
1.30463
 30
 0
 11
3.56404
 21
1.30463
  0
LINE
  8
Gravur
 62
   255
 39
0.016
  6
CONTINUOUS
 10
3.58587
 20
1.34703
 30
 0
 11
3.63238
 21
1.34703
  0
LINE
  8
Gravur
 62
   255
 39
0.016
  6
CONTINUOUS
 10
3.60919
 20
1.34690
 30
 0
 11
3.60919
 21
1.25308
  0
LINE
  8
Gravur
 62
   255
 39
0.016
  6
CONTINUOUS
 10
3.74031
 20
1.34830
 30
 0
 11
3.74276
 21
1.34838
  0
LINE
  8
Gravur
 62
   255
 39
0.016
  6
CONTINUOUS
 10
3.74276
 20
1.34838
 30
 0
 11
3.74299
 21
1.34837
  0
LINE
  8
Gravur
 62
   255
 39
0.016
  6
CONTINUOUS
 10
3.74299
 20
1.34837
 30
 0
 11
3.74299
 21
1.34837
  0
LINE
  8
Gravur
 62
   255
 39
0.016
  6
CONTINUOUS
 10
3.74299
 20
1.34837
 30
 0
 11
3.74519
 21
1.34812
  0
LINE
  8
Gravur
 62
   255
 39
0.016
  6
CONTINUOUS
 10
3.74519
 20
1.34812
 30
 0
 11
3.74561
 21
1.34804
  0
LINE
  8
Gravur
 62
   255
 39
0.016
  6
CONTINUOUS
 10
3.74561
 20
1.34804
 30
 0
 11
3.74802
 21
1.34747
  0
LINE
  8
Gravur
 62
   255
 39
0.016
  6
CONTINUOUS
 10
3.74802
 20
1.34747
 30
 0
 11
3.74823
 21
1.34740
  0
LINE
  8
Gravur
 62
   255
 39
0.016
  6
CONTINUOUS
 10
3.74823
 20
1.34740
 30
 0
 11
3.74823
 21
1.34740
  0
LINE
  8
Gravur
 62
   255
 39
0.016
  6
CONTINUOUS
 10
3.74823
 20
1.34740
 30
 0
 11
3.75025
 21
1.34664
  0
LINE
  8
Gravur
 62
   255
 39
0.016
  6
CONTINUOUS
 10
3.75025
 20
1.34664
 30
 0
 11
3.75064
 21
1.34645
  0
LINE
  8
Gravur
 62
   255
 39
0.016
  6
CONTINUOUS
 10
3.75064
 20
1.34645
 30
 0
 11
3.75458
 21
1.34374
  0
LINE
  8
Gravur
 62
   255
 39
0.016
  6
CONTINUOUS
 10
3.75458
 20
1.34374
 30
 0
 11
3.75525
 21
1.34310
  0
LINE
  8
Gravur
 62
   255
 39
0.016
  6
CONTINUOUS
 10
3.75525
 20
1.34310
 30
 0
 11
3.75589
 21
1.34242
  0
LINE
  8
Gravur
 62
   255
 39
0.016
  6
CONTINUOUS
 10
3.75589
 20
1.34242
 30
 0
 11
3.75649
 21
1.34172
  0
LINE
  8
Gravur
 62
   255
 39
0.016
  6
CONTINUOUS
 10
3.75649
 20
1.34172
 30
 0
 11
3.75649
 21
1.34172
  0
LINE
  8
Gravur
 62
   255
 39
0.016
  6
CONTINUOUS
 10
3.75649
 20
1.34172
 30
 0
 11
3.75793
 21
1.33974
  0
LINE
  8
Gravur
 62
   255
 39
0.016
  6
CONTINUOUS
 10
3.75793
 20
1.33974
 30
 0
 11
3.75917
 21
1.33762
  0
LINE
  8
Gravur
 62
   255
 39
0.016
  6
CONTINUOUS
 10
3.75917
 20
1.33762
 30
 0
 11
3.76023
 21
1.33538
  0
LINE
  8
Gravur
 62
   255
 39
0.016
  6
CONTINUOUS
 10
3.76023
 20
1.33538
 30
 0
 11
3.76115
 21
1.33306
  0
LINE
  8
Gravur
 62
   255
 39
0.016
  6
CONTINUOUS
 10
3.76115
 20
1.33306
 30
 0
 11
3.76115
 21
1.33306
  0
LINE
  8
Gravur
 62
   255
 39
0.016
  6
CONTINUOUS
 10
3.76115
 20
1.33306
 30
 0
 11
3.76188
 21
1.33091
  0
LINE
  8
Gravur
 62
   255
 39
0.016
  6
CONTINUOUS
 10
3.76188
 20
1.33091
 30
 0
 11
3.76253
 21
1.32875
  0
LINE
  8
Gravur
 62
   255
 39
0.016
  6
CONTINUOUS
 10
3.76253
 20
1.32875
 30
 0
 11
3.76323
 21
1.32603
  0
LINE
  8
Gravur
 62
   255
 39
0.016
  6
CONTINUOUS
 10
3.76323
 20
1.32603
 30
 0
 11
3.76343
 21
1.32512
  0
LINE
  8
Gravur
 62
   255
 39
0.016
  6
CONTINUOUS
 10
3.76343
 20
1.32512
 30
 0
 11
3.76343
 21
1.32512
  0
LINE
  8
Gravur
 62
   255
 39
0.016
  6
CONTINUOUS
 10
3.76343
 20
1.32512
 30
 0
 11
3.76437
 21
1.31945
  0
LINE
  8
Gravur
 62
   255
 39
0.016
  6
CONTINUOUS
 10
3.76437
 20
1.31945
 30
 0
 11
3.76491
 21
1.31372
  0
LINE
  8
Gravur
 62
   255
 39
0.016
  6
CONTINUOUS
 10
3.76491
 20
1.31372
 30
 0
 11
3.76491
 21
1.31372
  0
LINE
  8
Gravur
 62
   255
 39
0.016
  6
CONTINUOUS
 10
3.76491
 20
1.31372
 30
 0
 11
3.76519
 21
1.30830
  0
LINE
  8
Gravur
 62
   255
 39
0.016
  6
CONTINUOUS
 10
3.76519
 20
1.30830
 30
 0
 11
3.76536
 21
1.30291
  0
LINE
  8
Gravur
 62
   255
 39
0.016
  6
CONTINUOUS
 10
3.76536
 20
1.30291
 30
 0
 11
3.76527
 21
1.28940
  0
LINE
  8
Gravur
 62
   255
 39
0.016
  6
CONTINUOUS
 10
3.76527
 20
1.28940
 30
 0
 11
3.76518
 21
1.28788
  0
LINE
  8
Gravur
 62
   255
 39
0.016
  6
CONTINUOUS
 10
3.76518
 20
1.28788
 30
 0
 11
3.76518
 21
1.28788
  0
LINE
  8
Gravur
 62
   255
 39
0.016
  6
CONTINUOUS
 10
3.76518
 20
1.28788
 30
 0
 11
3.76425
 21
1.27937
  0
LINE
  8
Gravur
 62
   255
 39
0.016
  6
CONTINUOUS
 10
3.76425
 20
1.27937
 30
 0
 11
3.76376
 21
1.27658
  0
LINE
  8
Gravur
 62
   255
 39
0.016
  6
CONTINUOUS
 10
3.76376
 20
1.27658
 30
 0
 11
3.76316
 21
1.27382
  0
LINE
  8
Gravur
 62
   255
 39
0.016
  6
CONTINUOUS
 10
3.76316
 20
1.27382
 30
 0
 11
3.76246
 21
1.27110
  0
LINE
  8
Gravur
 62
   255
 39
0.016
  6
CONTINUOUS
 10
3.76246
 20
1.27110
 30
 0
 11
3.76123
 21
1.26726
  0
LINE
  8
Gravur
 62
   255
 39
0.016
  6
CONTINUOUS
 10
3.76123
 20
1.26726
 30
 0
 11
3.76095
 21
1.26650
  0
LINE
  8
Gravur
 62
   255
 39
0.016
  6
CONTINUOUS
 10
3.76095
 20
1.26650
 30
 0
 11
3.76095
 21
1.26650
  0
LINE
  8
Gravur
 62
   255
 39
0.016
  6
CONTINUOUS
 10
3.76095
 20
1.26650
 30
 0
 11
3.75995
 21
1.26408
  0
LINE
  8
Gravur
 62
   255
 39
0.016
  6
CONTINUOUS
 10
3.75995
 20
1.26408
 30
 0
 11
3.75878
 21
1.26176
  0
LINE
  8
Gravur
 62
   255
 39
0.016
  6
CONTINUOUS
 10
3.75878
 20
1.26176
 30
 0
 11
3.75742
 21
1.25957
  0
LINE
  8
Gravur
 62
   255
 39
0.016
  6
CONTINUOUS
 10
3.75742
 20
1.25957
 30
 0
 11
3.75584
 21
1.25756
  0
LINE
  8
Gravur
 62
   255
 39
0.016
  6
CONTINUOUS
 10
3.75584
 20
1.25756
 30
 0
 11
3.75584
 21
1.25756
  0
LINE
  8
Gravur
 62
   255
 39
0.016
  6
CONTINUOUS
 10
3.75584
 20
1.25756
 30
 0
 11
3.75302
 21
1.25500
  0
LINE
  8
Gravur
 62
   255
 39
0.016
  6
CONTINUOUS
 10
3.75302
 20
1.25500
 30
 0
 11
3.74958
 21
1.25307
  0
LINE
  8
Gravur
 62
   255
 39
0.016
  6
CONTINUOUS
 10
3.74958
 20
1.25307
 30
 0
 11
3.74671
 21
1.25221
  0
LINE
  8
Gravur
 62
   255
 39
0.016
  6
CONTINUOUS
 10
3.74671
 20
1.25221
 30
 0
 11
3.74644
 21
1.25216
  0
LINE
  8
Gravur
 62
   255
 39
0.016
  6
CONTINUOUS
 10
3.74644
 20
1.25216
 30
 0
 11
3.74644
 21
1.25216
  0
LINE
  8
Gravur
 62
   255
 39
0.016
  6
CONTINUOUS
 10
3.74644
 20
1.25216
 30
 0
 11
3.74420
 21
1.25183
  0
LINE
  8
Gravur
 62
   255
 39
0.016
  6
CONTINUOUS
 10
3.74420
 20
1.25183
 30
 0
 11
3.74375
 21
1.25178
  0
LINE
  8
Gravur
 62
   255
 39
0.016
  6
CONTINUOUS
 10
3.74375
 20
1.25178
 30
 0
 11
3.74141
 21
1.25168
  0
LINE
  8
Gravur
 62
   255
 39
0.016
  6
CONTINUOUS
 10
3.74141
 20
1.25168
 30
 0
 11
3.74115
 21
1.25168
  0
LINE
  8
Gravur
 62
   255
 39
0.016
  6
CONTINUOUS
 10
3.74115
 20
1.25168
 30
 0
 11
3.74115
 21
1.25168
  0
LINE
  8
Gravur
 62
   255
 39
0.016
  6
CONTINUOUS
 10
3.74115
 20
1.25168
 30
 0
 11
3.73891
 21
1.25184
  0
LINE
  8
Gravur
 62
   255
 39
0.016
  6
CONTINUOUS
 10
3.73891
 20
1.25184
 30
 0
 11
3.73845
 21
1.25190
  0
LINE
  8
Gravur
 62
   255
 39
0.016
  6
CONTINUOUS
 10
3.73845
 20
1.25190
 30
 0
 11
3.73251
 21
1.25369
  0
LINE
  8
Gravur
 62
   255
 39
0.016
  6
CONTINUOUS
 10
3.73251
 20
1.25369
 30
 0
 11
3.73146
 21
1.25428
  0
LINE
  8
Gravur
 62
   255
 39
0.016
  6
CONTINUOUS
 10
3.73146
 20
1.25428
 30
 0
 11
3.73047
 21
1.25493
  0
LINE
  8
Gravur
 62
   255
 39
0.016
  6
CONTINUOUS
 10
3.73047
 20
1.25493
 30
 0
 11
3.72952
 21
1.25564
  0
LINE
  8
Gravur
 62
   255
 39
0.016
  6
CONTINUOUS
 10
3.72952
 20
1.25564
 30
 0
 11
3.72952
 21
1.25564
  0
LINE
  8
Gravur
 62
   255
 39
0.016
  6
CONTINUOUS
 10
3.72952
 20
1.25564
 30
 0
 11
3.72778
 21
1.25723
  0
LINE
  8
Gravur
 62
   255
 39
0.016
  6
CONTINUOUS
 10
3.72778
 20
1.25723
 30
 0
 11
3.72622
 21
1.25902
  0
LINE
  8
Gravur
 62
   255
 39
0.016
  6
CONTINUOUS
 10
3.72622
 20
1.25902
 30
 0
 11
3.72483
 21
1.26098
  0
LINE
  8
Gravur
 62
   255
 39
0.016
  6
CONTINUOUS
 10
3.72483
 20
1.26098
 30
 0
 11
3.72362
 21
1.26308
  0
LINE
  8
Gravur
 62
   255
 39
0.016
  6
CONTINUOUS
 10
3.72362
 20
1.26308
 30
 0
 11
3.72258
 21
1.26530
  0
LINE
  8
Gravur
 62
   255
 39
0.016
  6
CONTINUOUS
 10
3.72258
 20
1.26530
 30
 0
 11
3.72171
 21
1.26761
  0
LINE
  8
Gravur
 62
   255
 39
0.016
  6
CONTINUOUS
 10
3.72171
 20
1.26761
 30
 0
 11
3.72171
 21
1.26761
  0
LINE
  8
Gravur
 62
   255
 39
0.016
  6
CONTINUOUS
 10
3.72171
 20
1.26761
 30
 0
 11
3.72109
 21
1.26961
  0
LINE
  8
Gravur
 62
   255
 39
0.016
  6
CONTINUOUS
 10
3.72109
 20
1.26961
 30
 0
 11
3.72059
 21
1.27163
  0
LINE
  8
Gravur
 62
   255
 39
0.016
  6
CONTINUOUS
 10
3.72059
 20
1.27163
 30
 0
 11
3.71844
 21
1.28507
  0
LINE
  8
Gravur
 62
   255
 39
0.016
  6
CONTINUOUS
 10
3.71844
 20
1.28507
 30
 0
 11
3.71829
 21
1.28657
  0
LINE
  8
Gravur
 62
   255
 39
0.016
  6
CONTINUOUS
 10
3.71829
 20
1.28657
 30
 0
 11
3.71829
 21
1.28657
  0
LINE
  8
Gravur
 62
   255
 39
0.016
  6
CONTINUOUS
 10
3.71829
 20
1.28657
 30
 0
 11
3.71778
 21
1.30305
  0
LINE
  8
Gravur
 62
   255
 39
0.016
  6
CONTINUOUS
 10
3.71778
 20
1.30305
 30
 0
 11
3.71790
 21
1.30635
  0
LINE
  8
Gravur
 62
   255
 39
0.016
  6
CONTINUOUS
 10
3.71790
 20
1.30635
 30
 0
 11
3.71854
 21
1.31599
  0
LINE
  8
Gravur
 62
   255
 39
0.016
  6
CONTINUOUS
 10
3.71854
 20
1.31599
 30
 0
 11
3.71862
 21
1.31687
  0
LINE
  8
Gravur
 62
   255
 39
0.016
  6
CONTINUOUS
 10
3.71862
 20
1.31687
 30
 0
 11
3.71862
 21
1.31687
  0
LINE
  8
Gravur
 62
   255
 39
0.016
  6
CONTINUOUS
 10
3.71862
 20
1.31687
 30
 0
 11
3.71981
 21
1.32489
  0
LINE
  8
Gravur
 62
   255
 39
0.016
  6
CONTINUOUS
 10
3.71981
 20
1.32489
 30
 0
 11
3.72015
 21
1.32649
  0
LINE
  8
Gravur
 62
   255
 39
0.016
  6
CONTINUOUS
 10
3.72015
 20
1.32649
 30
 0
 11
3.72174
 21
1.33230
  0
LINE
  8
Gravur
 62
   255
 39
0.016
  6
CONTINUOUS
 10
3.72174
 20
1.33230
 30
 0
 11
3.72214
 21
1.33346
  0
LINE
  8
Gravur
 62
   255
 39
0.016
  6
CONTINUOUS
 10
3.72214
 20
1.33346
 30
 0
 11
3.72214
 21
1.33346
  0
LINE
  8
Gravur
 62
   255
 39
0.016
  6
CONTINUOUS
 10
3.72214
 20
1.33346
 30
 0
 11
3.72311
 21
1.33588
  0
LINE
  8
Gravur
 62
   255
 39
0.016
  6
CONTINUOUS
 10
3.72311
 20
1.33588
 30
 0
 11
3.72426
 21
1.33820
  0
LINE
  8
Gravur
 62
   255
 39
0.016
  6
CONTINUOUS
 10
3.72426
 20
1.33820
 30
 0
 11
3.72560
 21
1.34038
  0
LINE
  8
Gravur
 62
   255
 39
0.016
  6
CONTINUOUS
 10
3.72560
 20
1.34038
 30
 0
 11
3.72717
 21
1.34238
  0
LINE
  8
Gravur
 62
   255
 39
0.016
  6
CONTINUOUS
 10
3.72717
 20
1.34238
 30
 0
 11
3.72717
 21
1.34238
  0
LINE
  8
Gravur
 62
   255
 39
0.016
  6
CONTINUOUS
 10
3.72717
 20
1.34238
 30
 0
 11
3.72965
 21
1.34469
  0
LINE
  8
Gravur
 62
   255
 39
0.016
  6
CONTINUOUS
 10
3.72965
 20
1.34469
 30
 0
 11
3.73262
 21
1.34652
  0
LINE
  8
Gravur
 62
   255
 39
0.016
  6
CONTINUOUS
 10
3.73262
 20
1.34652
 30
 0
 11
3.73592
 21
1.34764
  0
LINE
  8
Gravur
 62
   255
 39
0.016
  6
CONTINUOUS
 10
3.73592
 20
1.34764
 30
 0
 11
3.73629
 21
1.34772
  0
LINE
  8
Gravur
 62
   255
 39
0.016
  6
CONTINUOUS
 10
3.73629
 20
1.34772
 30
 0
 11
3.73629
 21
1.34772
  0
LINE
  8
Gravur
 62
   255
 39
0.016
  6
CONTINUOUS
 10
3.73629
 20
1.34772
 30
 0
 11
3.73962
 21
1.34822
  0
LINE
  8
Gravur
 62
   255
 39
0.016
  6
CONTINUOUS
 10
3.73962
 20
1.34822
 30
 0
 11
3.74031
 21
1.34830
  0
LINE
  8
Gravur
 62
   255
 39
0.016
  6
CONTINUOUS
 10
3.78665
 20
1.34703
 30
 0
 11
3.78665
 21
1.28316
  0
LINE
  8
Gravur
 62
   255
 39
0.016
  6
CONTINUOUS
 10
3.78665
 20
1.28316
 30
 0
 11
3.78664
 21
1.27364
  0
LINE
  8
Gravur
 62
   255
 39
0.016
  6
CONTINUOUS
 10
3.78664
 20
1.27364
 30
 0
 11
3.78671
 21
1.27223
  0
LINE
  8
Gravur
 62
   255
 39
0.016
  6
CONTINUOUS
 10
3.78671
 20
1.27223
 30
 0
 11
3.78671
 21
1.27223
  0
LINE
  8
Gravur
 62
   255
 39
0.016
  6
CONTINUOUS
 10
3.78671
 20
1.27223
 30
 0
 11
3.78701
 21
1.26891
  0
LINE
  8
Gravur
 62
   255
 39
0.016
  6
CONTINUOUS
 10
3.78701
 20
1.26891
 30
 0
 11
3.78757
 21
1.26569
  0
LINE
  8
Gravur
 62
   255
 39
0.016
  6
CONTINUOUS
 10
3.78757
 20
1.26569
 30
 0
 11
3.78849
 21
1.26261
  0
LINE
  8
Gravur
 62
   255
 39
0.016
  6
CONTINUOUS
 10
3.78849
 20
1.26261
 30
 0
 11
3.78984
 21
1.25976
  0
LINE
  8
Gravur
 62
   255
 39
0.016
  6
CONTINUOUS
 10
3.78984
 20
1.25976
 30
 0
 11
3.78984
 21
1.25976
  0
LINE
  8
Gravur
 62
   255
 39
0.016
  6
CONTINUOUS
 10
3.78984
 20
1.25976
 30
 0
 11
3.79103
 21
1.25800
  0
LINE
  8
Gravur
 62
   255
 39
0.016
  6
CONTINUOUS
 10
3.79103
 20
1.25800
 30
 0
 11
3.79248
 21
1.25640
  0
LINE
  8
Gravur
 62
   255
 39
0.016
  6
CONTINUOUS
 10
3.79248
 20
1.25640
 30
 0
 11
3.79458
 21
1.25476
  0
LINE
  8
Gravur
 62
   255
 39
0.016
  6
CONTINUOUS
 10
3.79458
 20
1.25476
 30
 0
 11
3.79503
 21
1.25449
  0
LINE
  8
Gravur
 62
   255
 39
0.016
  6
CONTINUOUS
 10
3.79503
 20
1.25449
 30
 0
 11
3.79503
 21
1.25449
  0
LINE
  8
Gravur
 62
   255
 39
0.016
  6
CONTINUOUS
 10
3.79503
 20
1.25449
 30
 0
 11
3.79929
 21
1.25271
  0
LINE
  8
Gravur
 62
   255
 39
0.016
  6
CONTINUOUS
 10
3.79929
 20
1.25271
 30
 0
 11
3.80080
 21
1.25234
  0
LINE
  8
Gravur
 62
   255
 39
0.016
  6
CONTINUOUS
 10
3.80080
 20
1.25234
 30
 0
 11
3.80080
 21
1.25234
  0
LINE
  8
Gravur
 62
   255
 39
0.016
  6
CONTINUOUS
 10
3.80080
 20
1.25234
 30
 0
 11
3.80320
 21
1.25195
  0
LINE
  8
Gravur
 62
   255
 39
0.016
  6
CONTINUOUS
 10
3.80320
 20
1.25195
 30
 0
 11
3.80560
 21
1.25175
  0
LINE
  8
Gravur
 62
   255
 39
0.016
  6
CONTINUOUS
 10
3.80560
 20
1.25175
 30
 0
 11
3.80860
 21
1.25170
  0
LINE
  8
Gravur
 62
   255
 39
0.016
  6
CONTINUOUS
 10
3.80860
 20
1.25170
 30
 0
 11
3.80961
 21
1.25173
  0
LINE
  8
Gravur
 62
   255
 39
0.016
  6
CONTINUOUS
 10
3.80961
 20
1.25173
 30
 0
 11
3.80961
 21
1.25173
  0
LINE
  8
Gravur
 62
   255
 39
0.016
  6
CONTINUOUS
 10
3.80961
 20
1.25173
 30
 0
 11
3.81495
 21
1.25241
  0
LINE
  8
Gravur
 62
   255
 39
0.016
  6
CONTINUOUS
 10
3.81495
 20
1.25241
 30
 0
 11
3.81988
 21
1.25422
  0
LINE
  8
Gravur
 62
   255
 39
0.016
  6
CONTINUOUS
 10
3.81988
 20
1.25422
 30
 0
 11
3.81988
 21
1.25422
  0
LINE
  8
Gravur
 62
   255
 39
0.016
  6
CONTINUOUS
 10
3.81988
 20
1.25422
 30
 0
 11
3.82291
 21
1.25635
  0
LINE
  8
Gravur
 62
   255
 39
0.016
  6
CONTINUOUS
 10
3.82291
 20
1.25635
 30
 0
 11
3.82543
 21
1.25931
  0
LINE
  8
Gravur
 62
   255
 39
0.016
  6
CONTINUOUS
 10
3.82543
 20
1.25931
 30
 0
 11
3.82602
 21
1.26033
  0
LINE
  8
Gravur
 62
   255
 39
0.016
  6
CONTINUOUS
 10
3.82602
 20
1.26033
 30
 0
 11
3.82613
 21
1.26054
  0
LINE
  8
Gravur
 62
   255
 39
0.016
  6
CONTINUOUS
 10
3.82613
 20
1.26054
 30
 0
 11
3.82613
 21
1.26054
  0
LINE
  8
Gravur
 62
   255
 39
0.016
  6
CONTINUOUS
 10
3.82613
 20
1.26054
 30
 0
 11
3.82678
 21
1.26204
  0
LINE
  8
Gravur
 62
   255
 39
0.016
  6
CONTINUOUS
 10
3.82678
 20
1.26204
 30
 0
 11
3.82696
 21
1.26256
  0
LINE
  8
Gravur
 62
   255
 39
0.016
  6
CONTINUOUS
 10
3.82696
 20
1.26256
 30
 0
 11
3.82696
 21
1.26256
  0
LINE
  8
Gravur
 62
   255
 39
0.016
  6
CONTINUOUS
 10
3.82696
 20
1.26256
 30
 0
 11
3.82717
 21
1.26318
  0
LINE
  8
Gravur
 62
   255
 39
0.016
  6
CONTINUOUS
 10
3.82717
 20
1.26318
 30
 0
 11
3.82737
 21
1.26381
  0
LINE
  8
Gravur
 62
   255
 39
0.016
  6
CONTINUOUS
 10
3.82737
 20
1.26381
 30
 0
 11
3.82909
 21
1.27372
  0
LINE
  8
Gravur
 62
   255
 39
0.016
  6
CONTINUOUS
 10
3.82909
 20
1.27372
 30
 0
 11
3.82918
 21
1.27517
  0
LINE
  8
Gravur
 62
   255
 39
0.016
  6
CONTINUOUS
 10
3.82918
 20
1.27517
 30
 0
 11
3.82930
 21
1.27957
  0
LINE
  8
Gravur
 62
   255
 39
0.016
  6
CONTINUOUS
 10
3.82930
 20
1.27957
 30
 0
 11
3.82930
 21
1.28104
  0
LINE
  8
Gravur
 62
   255
 39
0.016
  6
CONTINUOUS
 10
3.82930
 20
1.28104
 30
 0
 11
3.82930
 21
1.28104
  0
LINE
  8
Gravur
 62
   255
 39
0.016
  6
CONTINUOUS
 10
3.82930
 20
1.28104
 30
 0
 11
3.82907
 21
1.29191
  0
LINE
  8
Gravur
 62
   255
 39
0.016
  6
CONTINUOUS
 10
3.82907
 20
1.29191
 30
 0
 11
3.82906
 21
1.29403
  0
LINE
  8
Gravur
 62
   255
 39
0.016
  6
CONTINUOUS
 10
3.82906
 20
1.29403
 30
 0
 11
3.82906
 21
1.34703
  0
LINE
  8
Gravur
 62
   255
 39
0.016
  6
CONTINUOUS
 10
3.85075
 20
1.34703
 30
 0
 11
3.89726
 21
1.34703
  0
LINE
  8
Gravur
 62
   255
 39
0.016
  6
CONTINUOUS
 10
3.87407
 20
1.34690
 30
 0
 11
3.87407
 21
1.25308
  0
LINE
  8
Gravur
 62
   255
 39
0.016
  6
CONTINUOUS
 10
3.35952
 20
2.34699
 30
 0
 11
3.35952
 21
2.27623
  0
LINE
  8
Gravur
 62
   255
 39
0.016
  6
CONTINUOUS
 10
3.35952
 20
2.27623
 30
 0
 11
3.35952
 21
2.25887
  0
LINE
  8
Gravur
 62
   255
 39
0.016
  6
CONTINUOUS
 10
3.35952
 20
2.25887
 30
 0
 11
3.35952
 21
2.25463
  0
LINE
  8
Gravur
 62
   255
 39
0.016
  6
CONTINUOUS
 10
3.35952
 20
2.25463
 30
 0
 11
3.35974
 21
2.25306
  0
LINE
  8
Gravur
 62
   255
 39
0.016
  6
CONTINUOUS
 10
3.35974
 20
2.25306
 30
 0
 11
3.36230
 21
2.25291
  0
LINE
  8
Gravur
 62
   255
 39
0.016
  6
CONTINUOUS
 10
3.36230
 20
2.25291
 30
 0
 11
3.36932
 21
2.25291
  0
LINE
  8
Gravur
 62
   255
 39
0.016
  6
CONTINUOUS
 10
3.36932
 20
2.25291
 30
 0
 11
3.39662
 21
2.25291
  0
LINE
  8
Gravur
 62
   255
 39
0.016
  6
CONTINUOUS
 10
3.46284
 20
2.25291
 30
 0
 11
3.43356
 21
2.25291
  0
LINE
  8
Gravur
 62
   255
 39
0.016
  6
CONTINUOUS
 10
3.43356
 20
2.25291
 30
 0
 11
3.42600
 21
2.25291
  0
LINE
  8
Gravur
 62
   255
 39
0.016
  6
CONTINUOUS
 10
3.42600
 20
2.25291
 30
 0
 11
3.42331
 21
2.25306
  0
LINE
  8
Gravur
 62
   255
 39
0.016
  6
CONTINUOUS
 10
3.42331
 20
2.25306
 30
 0
 11
3.42309
 21
2.25423
  0
LINE
  8
Gravur
 62
   255
 39
0.016
  6
CONTINUOUS
 10
3.42309
 20
2.25423
 30
 0
 11
3.42309
 21
2.25755
  0
LINE
  8
Gravur
 62
   255
 39
0.016
  6
CONTINUOUS
 10
3.42309
 20
2.25755
 30
 0
 11
3.42309
 21
2.27120
  0
LINE
  8
Gravur
 62
   255
 39
0.016
  6
CONTINUOUS
 10
3.42309
 20
2.27120
 30
 0
 11
3.42309
 21
2.32659
  0
LINE
  8
Gravur
 62
   255
 39
0.016
  6
CONTINUOUS
 10
3.42309
 20
2.32659
 30
 0
 11
3.42309
 21
2.34183
  0
LINE
  8
Gravur
 62
   255
 39
0.016
  6
CONTINUOUS
 10
3.42309
 20
2.34183
 30
 0
 11
3.42309
 21
2.34554
  0
LINE
  8
Gravur
 62
   255
 39
0.016
  6
CONTINUOUS
 10
3.42309
 20
2.34554
 30
 0
 11
3.42331
 21
2.34684
  0
LINE
  8
Gravur
 62
   255
 39
0.016
  6
CONTINUOUS
 10
3.42331
 20
2.34684
 30
 0
 11
3.42600
 21
2.34699
  0
LINE
  8
Gravur
 62
   255
 39
0.016
  6
CONTINUOUS
 10
3.42600
 20
2.34699
 30
 0
 11
3.43356
 21
2.34699
  0
LINE
  8
Gravur
 62
   255
 39
0.016
  6
CONTINUOUS
 10
3.43356
 20
2.34699
 30
 0
 11
3.46284
 21
2.34699
  0
LINE
  8
Gravur
 62
   255
 39
0.016
  6
CONTINUOUS
 10
3.42322
 20
2.30459
 30
 0
 11
3.46152
 21
2.30459
  0
LINE
  8
Gravur
 62
   255
 39
0.016
  6
CONTINUOUS
 10
3.49063
 20
2.25304
 30
 0
 11
3.49063
 21
2.32380
  0
LINE
  8
Gravur
 62
   255
 39
0.016
  6
CONTINUOUS
 10
3.49063
 20
2.32380
 30
 0
 11
3.49063
 21
2.34116
  0
LINE
  8
Gravur
 62
   255
 39
0.016
  6
CONTINUOUS
 10
3.49063
 20
2.34116
 30
 0
 11
3.49063
 21
2.34540
  0
LINE
  8
Gravur
 62
   255
 39
0.016
  6
CONTINUOUS
 10
3.49063
 20
2.34540
 30
 0
 11
3.49086
 21
2.34684
  0
LINE
  8
Gravur
 62
   255
 39
0.016
  6
CONTINUOUS
 10
3.49086
 20
2.34684
 30
 0
 11
3.49355
 21
2.34699
  0
LINE
  8
Gravur
 62
   255
 39
0.016
  6
CONTINUOUS
 10
3.49355
 20
2.34699
 30
 0
 11
3.50084
 21
2.34699
  0
LINE
  8
Gravur
 62
   255
 39
0.016
  6
CONTINUOUS
 10
3.50084
 20
2.34699
 30
 0
 11
3.52906
 21
2.34699
  0
LINE
  8
Gravur
 62
   255
 39
0.016
  6
CONTINUOUS
 10
3.49077
 20
2.30459
 30
 0
 11
3.52774
 21
2.30459
  0
LINE
  8
Gravur
 62
   255
 39
0.016
  6
CONTINUOUS
 10
3.55142
 20
2.34699
 30
 0
 11
3.59793
 21
2.34699
  0
LINE
  8
Gravur
 62
   255
 39
0.016
  6
CONTINUOUS
 10
3.57474
 20
2.34686
 30
 0
 11
3.57474
 21
2.25304
  0
LINE
  8
Gravur
 62
   255
 39
0.016
  6
CONTINUOUS
 10
3.70586
 20
2.34826
 30
 0
 11
3.70831
 21
2.34834
  0
LINE
  8
Gravur
 62
   255
 39
0.016
  6
CONTINUOUS
 10
3.70831
 20
2.34834
 30
 0
 11
3.70854
 21
2.34833
  0
LINE
  8
Gravur
 62
   255
 39
0.016
  6
CONTINUOUS
 10
3.70854
 20
2.34833
 30
 0
 11
3.70854
 21
2.34833
  0
LINE
  8
Gravur
 62
   255
 39
0.016
  6
CONTINUOUS
 10
3.70854
 20
2.34833
 30
 0
 11
3.71074
 21
2.34808
  0
LINE
  8
Gravur
 62
   255
 39
0.016
  6
CONTINUOUS
 10
3.71074
 20
2.34808
 30
 0
 11
3.71116
 21
2.34800
  0
LINE
  8
Gravur
 62
   255
 39
0.016
  6
CONTINUOUS
 10
3.71116
 20
2.34800
 30
 0
 11
3.71357
 21
2.34743
  0
LINE
  8
Gravur
 62
   255
 39
0.016
  6
CONTINUOUS
 10
3.71357
 20
2.34743
 30
 0
 11
3.71378
 21
2.34736
  0
LINE
  8
Gravur
 62
   255
 39
0.016
  6
CONTINUOUS
 10
3.71378
 20
2.34736
 30
 0
 11
3.71378
 21
2.34736
  0
LINE
  8
Gravur
 62
   255
 39
0.016
  6
CONTINUOUS
 10
3.71378
 20
2.34736
 30
 0
 11
3.71580
 21
2.34660
  0
LINE
  8
Gravur
 62
   255
 39
0.016
  6
CONTINUOUS
 10
3.71580
 20
2.34660
 30
 0
 11
3.71619
 21
2.34641
  0
LINE
  8
Gravur
 62
   255
 39
0.016
  6
CONTINUOUS
 10
3.71619
 20
2.34641
 30
 0
 11
3.72013
 21
2.34370
  0
LINE
  8
Gravur
 62
   255
 39
0.016
  6
CONTINUOUS
 10
3.72013
 20
2.34370
 30
 0
 11
3.72080
 21
2.34306
  0
LINE
  8
Gravur
 62
   255
 39
0.016
  6
CONTINUOUS
 10
3.72080
 20
2.34306
 30
 0
 11
3.72144
 21
2.34238
  0
LINE
  8
Gravur
 62
   255
 39
0.016
  6
CONTINUOUS
 10
3.72144
 20
2.34238
 30
 0
 11
3.72204
 21
2.34168
  0
LINE
  8
Gravur
 62
   255
 39
0.016
  6
CONTINUOUS
 10
3.72204
 20
2.34168
 30
 0
 11
3.72204
 21
2.34168
  0
LINE
  8
Gravur
 62
   255
 39
0.016
  6
CONTINUOUS
 10
3.72204
 20
2.34168
 30
 0
 11
3.72348
 21
2.33970
  0
LINE
  8
Gravur
 62
   255
 39
0.016
  6
CONTINUOUS
 10
3.72348
 20
2.33970
 30
 0
 11
3.72472
 21
2.33758
  0
LINE
  8
Gravur
 62
   255
 39
0.016
  6
CONTINUOUS
 10
3.72472
 20
2.33758
 30
 0
 11
3.72578
 21
2.33534
  0
LINE
  8
Gravur
 62
   255
 39
0.016
  6
CONTINUOUS
 10
3.72578
 20
2.33534
 30
 0
 11
3.72670
 21
2.33302
  0
LINE
  8
Gravur
 62
   255
 39
0.016
  6
CONTINUOUS
 10
3.72670
 20
2.33302
 30
 0
 11
3.72670
 21
2.33302
  0
LINE
  8
Gravur
 62
   255
 39
0.016
  6
CONTINUOUS
 10
3.72670
 20
2.33302
 30
 0
 11
3.72743
 21
2.33087
  0
LINE
  8
Gravur
 62
   255
 39
0.016
  6
CONTINUOUS
 10
3.72743
 20
2.33087
 30
 0
 11
3.72808
 21
2.32871
  0
LINE
  8
Gravur
 62
   255
 39
0.016
  6
CONTINUOUS
 10
3.72808
 20
2.32871
 30
 0
 11
3.72878
 21
2.32599
  0
LINE
  8
Gravur
 62
   255
 39
0.016
  6
CONTINUOUS
 10
3.72878
 20
2.32599
 30
 0
 11
3.72898
 21
2.32508
  0
LINE
  8
Gravur
 62
   255
 39
0.016
  6
CONTINUOUS
 10
3.72898
 20
2.32508
 30
 0
 11
3.72898
 21
2.32508
  0
LINE
  8
Gravur
 62
   255
 39
0.016
  6
CONTINUOUS
 10
3.72898
 20
2.32508
 30
 0
 11
3.72992
 21
2.31941
  0
LINE
  8
Gravur
 62
   255
 39
0.016
  6
CONTINUOUS
 10
3.72992
 20
2.31941
 30
 0
 11
3.73046
 21
2.31368
  0
LINE
  8
Gravur
 62
   255
 39
0.016
  6
CONTINUOUS
 10
3.73046
 20
2.31368
 30
 0
 11
3.73046
 21
2.31368
  0
LINE
  8
Gravur
 62
   255
 39
0.016
  6
CONTINUOUS
 10
3.73046
 20
2.31368
 30
 0
 11
3.73074
 21
2.30826
  0
LINE
  8
Gravur
 62
   255
 39
0.016
  6
CONTINUOUS
 10
3.73074
 20
2.30826
 30
 0
 11
3.73091
 21
2.30287
  0
LINE
  8
Gravur
 62
   255
 39
0.016
  6
CONTINUOUS
 10
3.73091
 20
2.30287
 30
 0
 11
3.73082
 21
2.28936
  0
LINE
  8
Gravur
 62
   255
 39
0.016
  6
CONTINUOUS
 10
3.73082
 20
2.28936
 30
 0
 11
3.73073
 21
2.28784
  0
LINE
  8
Gravur
 62
   255
 39
0.016
  6
CONTINUOUS
 10
3.73073
 20
2.28784
 30
 0
 11
3.73073
 21
2.28784
  0
LINE
  8
Gravur
 62
   255
 39
0.016
  6
CONTINUOUS
 10
3.73073
 20
2.28784
 30
 0
 11
3.72980
 21
2.27933
  0
LINE
  8
Gravur
 62
   255
 39
0.016
  6
CONTINUOUS
 10
3.72980
 20
2.27933
 30
 0
 11
3.72931
 21
2.27654
  0
LINE
  8
Gravur
 62
   255
 39
0.016
  6
CONTINUOUS
 10
3.72931
 20
2.27654
 30
 0
 11
3.72871
 21
2.27378
  0
LINE
  8
Gravur
 62
   255
 39
0.016
  6
CONTINUOUS
 10
3.72871
 20
2.27378
 30
 0
 11
3.72801
 21
2.27106
  0
LINE
  8
Gravur
 62
   255
 39
0.016
  6
CONTINUOUS
 10
3.72801
 20
2.27106
 30
 0
 11
3.72679
 21
2.26722
  0
LINE
  8
Gravur
 62
   255
 39
0.016
  6
CONTINUOUS
 10
3.72679
 20
2.26722
 30
 0
 11
3.72651
 21
2.26646
  0
LINE
  8
Gravur
 62
   255
 39
0.016
  6
CONTINUOUS
 10
3.72651
 20
2.26646
 30
 0
 11
3.72651
 21
2.26646
  0
LINE
  8
Gravur
 62
   255
 39
0.016
  6
CONTINUOUS
 10
3.72651
 20
2.26646
 30
 0
 11
3.72551
 21
2.26404
  0
LINE
  8
Gravur
 62
   255
 39
0.016
  6
CONTINUOUS
 10
3.72551
 20
2.26404
 30
 0
 11
3.72434
 21
2.26172
  0
LINE
  8
Gravur
 62
   255
 39
0.016
  6
CONTINUOUS
 10
3.72434
 20
2.26172
 30
 0
 11
3.72297
 21
2.25953
  0
LINE
  8
Gravur
 62
   255
 39
0.016
  6
CONTINUOUS
 10
3.72297
 20
2.25953
 30
 0
 11
3.72139
 21
2.25752
  0
LINE
  8
Gravur
 62
   255
 39
0.016
  6
CONTINUOUS
 10
3.72139
 20
2.25752
 30
 0
 11
3.72139
 21
2.25752
  0
LINE
  8
Gravur
 62
   255
 39
0.016
  6
CONTINUOUS
 10
3.72139
 20
2.25752
 30
 0
 11
3.71857
 21
2.25496
  0
LINE
  8
Gravur
 62
   255
 39
0.016
  6
CONTINUOUS
 10
3.71857
 20
2.25496
 30
 0
 11
3.71513
 21
2.25303
  0
LINE
  8
Gravur
 62
   255
 39
0.016
  6
CONTINUOUS
 10
3.71513
 20
2.25303
 30
 0
 11
3.71226
 21
2.25218
  0
LINE
  8
Gravur
 62
   255
 39
0.016
  6
CONTINUOUS
 10
3.71226
 20
2.25218
 30
 0
 11
3.71199
 21
2.25212
  0
LINE
  8
Gravur
 62
   255
 39
0.016
  6
CONTINUOUS
 10
3.71199
 20
2.25212
 30
 0
 11
3.71199
 21
2.25212
  0
LINE
  8
Gravur
 62
   255
 39
0.016
  6
CONTINUOUS
 10
3.71199
 20
2.25212
 30
 0
 11
3.70975
 21
2.25179
  0
LINE
  8
Gravur
 62
   255
 39
0.016
  6
CONTINUOUS
 10
3.70975
 20
2.25179
 30
 0
 11
3.70930
 21
2.25174
  0
LINE
  8
Gravur
 62
   255
 39
0.016
  6
CONTINUOUS
 10
3.70930
 20
2.25174
 30
 0
 11
3.70696
 21
2.25164
  0
LINE
  8
Gravur
 62
   255
 39
0.016
  6
CONTINUOUS
 10
3.70696
 20
2.25164
 30
 0
 11
3.70670
 21
2.25164
  0
LINE
  8
Gravur
 62
   255
 39
0.016
  6
CONTINUOUS
 10
3.70670
 20
2.25164
 30
 0
 11
3.70670
 21
2.25164
  0
LINE
  8
Gravur
 62
   255
 39
0.016
  6
CONTINUOUS
 10
3.70670
 20
2.25164
 30
 0
 11
3.70446
 21
2.25180
  0
LINE
  8
Gravur
 62
   255
 39
0.016
  6
CONTINUOUS
 10
3.70446
 20
2.25180
 30
 0
 11
3.70400
 21
2.25186
  0
LINE
  8
Gravur
 62
   255
 39
0.016
  6
CONTINUOUS
 10
3.70400
 20
2.25186
 30
 0
 11
3.69806
 21
2.25366
  0
LINE
  8
Gravur
 62
   255
 39
0.016
  6
CONTINUOUS
 10
3.69806
 20
2.25366
 30
 0
 11
3.69702
 21
2.25424
  0
LINE
  8
Gravur
 62
   255
 39
0.016
  6
CONTINUOUS
 10
3.69702
 20
2.25424
 30
 0
 11
3.69602
 21
2.25489
  0
LINE
  8
Gravur
 62
   255
 39
0.016
  6
CONTINUOUS
 10
3.69602
 20
2.25489
 30
 0
 11
3.69508
 21
2.25560
  0
LINE
  8
Gravur
 62
   255
 39
0.016
  6
CONTINUOUS
 10
3.69508
 20
2.25560
 30
 0
 11
3.69508
 21
2.25560
  0
LINE
  8
Gravur
 62
   255
 39
0.016
  6
CONTINUOUS
 10
3.69508
 20
2.25560
 30
 0
 11
3.69333
 21
2.25719
  0
LINE
  8
Gravur
 62
   255
 39
0.016
  6
CONTINUOUS
 10
3.69333
 20
2.25719
 30
 0
 11
3.69177
 21
2.25898
  0
LINE
  8
Gravur
 62
   255
 39
0.016
  6
CONTINUOUS
 10
3.69177
 20
2.25898
 30
 0
 11
3.69038
 21
2.26094
  0
LINE
  8
Gravur
 62
   255
 39
0.016
  6
CONTINUOUS
 10
3.69038
 20
2.26094
 30
 0
 11
3.68917
 21
2.26304
  0
LINE
  8
Gravur
 62
   255
 39
0.016
  6
CONTINUOUS
 10
3.68917
 20
2.26304
 30
 0
 11
3.68813
 21
2.26526
  0
LINE
  8
Gravur
 62
   255
 39
0.016
  6
CONTINUOUS
 10
3.68813
 20
2.26526
 30
 0
 11
3.68726
 21
2.26757
  0
LINE
  8
Gravur
 62
   255
 39
0.016
  6
CONTINUOUS
 10
3.68726
 20
2.26757
 30
 0
 11
3.68726
 21
2.26757
  0
LINE
  8
Gravur
 62
   255
 39
0.016
  6
CONTINUOUS
 10
3.68726
 20
2.26757
 30
 0
 11
3.68664
 21
2.26957
  0
LINE
  8
Gravur
 62
   255
 39
0.016
  6
CONTINUOUS
 10
3.68664
 20
2.26957
 30
 0
 11
3.68614
 21
2.27159
  0
LINE
  8
Gravur
 62
   255
 39
0.016
  6
CONTINUOUS
 10
3.68614
 20
2.27159
 30
 0
 11
3.68399
 21
2.28503
  0
LINE
  8
Gravur
 62
   255
 39
0.016
  6
CONTINUOUS
 10
3.68399
 20
2.28503
 30
 0
 11
3.68385
 21
2.28653
  0
LINE
  8
Gravur
 62
   255
 39
0.016
  6
CONTINUOUS
 10
3.68385
 20
2.28653
 30
 0
 11
3.68385
 21
2.28653
  0
LINE
  8
Gravur
 62
   255
 39
0.016
  6
CONTINUOUS
 10
3.68385
 20
2.28653
 30
 0
 11
3.68333
 21
2.30301
  0
LINE
  8
Gravur
 62
   255
 39
0.016
  6
CONTINUOUS
 10
3.68333
 20
2.30301
 30
 0
 11
3.68346
 21
2.30631
  0
LINE
  8
Gravur
 62
   255
 39
0.016
  6
CONTINUOUS
 10
3.68346
 20
2.30631
 30
 0
 11
3.68409
 21
2.31595
  0
LINE
  8
Gravur
 62
   255
 39
0.016
  6
CONTINUOUS
 10
3.68409
 20
2.31595
 30
 0
 11
3.68417
 21
2.31683
  0
LINE
  8
Gravur
 62
   255
 39
0.016
  6
CONTINUOUS
 10
3.68417
 20
2.31683
 30
 0
 11
3.68417
 21
2.31683
  0
LINE
  8
Gravur
 62
   255
 39
0.016
  6
CONTINUOUS
 10
3.68417
 20
2.31683
 30
 0
 11
3.68536
 21
2.32485
  0
LINE
  8
Gravur
 62
   255
 39
0.016
  6
CONTINUOUS
 10
3.68536
 20
2.32485
 30
 0
 11
3.68570
 21
2.32645
  0
LINE
  8
Gravur
 62
   255
 39
0.016
  6
CONTINUOUS
 10
3.68570
 20
2.32645
 30
 0
 11
3.68729
 21
2.33227
  0
LINE
  8
Gravur
 62
   255
 39
0.016
  6
CONTINUOUS
 10
3.68729
 20
2.33227
 30
 0
 11
3.68769
 21
2.33342
  0
LINE
  8
Gravur
 62
   255
 39
0.016
  6
CONTINUOUS
 10
3.68769
 20
2.33342
 30
 0
 11
3.68769
 21
2.33342
  0
LINE
  8
Gravur
 62
   255
 39
0.016
  6
CONTINUOUS
 10
3.68769
 20
2.33342
 30
 0
 11
3.68866
 21
2.33584
  0
LINE
  8
Gravur
 62
   255
 39
0.016
  6
CONTINUOUS
 10
3.68866
 20
2.33584
 30
 0
 11
3.68981
 21
2.33816
  0
LINE
  8
Gravur
 62
   255
 39
0.016
  6
CONTINUOUS
 10
3.68981
 20
2.33816
 30
 0
 11
3.69115
 21
2.34034
  0
LINE
  8
Gravur
 62
   255
 39
0.016
  6
CONTINUOUS
 10
3.69115
 20
2.34034
 30
 0
 11
3.69273
 21
2.34234
  0
LINE
  8
Gravur
 62
   255
 39
0.016
  6
CONTINUOUS
 10
3.69273
 20
2.34234
 30
 0
 11
3.69273
 21
2.34234
  0
LINE
  8
Gravur
 62
   255
 39
0.016
  6
CONTINUOUS
 10
3.69273
 20
2.34234
 30
 0
 11
3.69520
 21
2.34465
  0
LINE
  8
Gravur
 62
   255
 39
0.016
  6
CONTINUOUS
 10
3.69520
 20
2.34465
 30
 0
 11
3.69817
 21
2.34648
  0
LINE
  8
Gravur
 62
   255
 39
0.016
  6
CONTINUOUS
 10
3.69817
 20
2.34648
 30
 0
 11
3.70147
 21
2.34760
  0
LINE
  8
Gravur
 62
   255
 39
0.016
  6
CONTINUOUS
 10
3.70147
 20
2.34760
 30
 0
 11
3.70184
 21
2.34768
  0
LINE
  8
Gravur
 62
   255
 39
0.016
  6
CONTINUOUS
 10
3.70184
 20
2.34768
 30
 0
 11
3.70184
 21
2.34768
  0
LINE
  8
Gravur
 62
   255
 39
0.016
  6
CONTINUOUS
 10
3.70184
 20
2.34768
 30
 0
 11
3.70517
 21
2.34818
  0
LINE
  8
Gravur
 62
   255
 39
0.016
  6
CONTINUOUS
 10
3.70517
 20
2.34818
 30
 0
 11
3.70586
 21
2.34826
  0
LINE
  8
Gravur
 62
   255
 39
0.016
  6
CONTINUOUS
 10
3.75220
 20
2.34699
 30
 0
 11
3.75220
 21
2.28312
  0
LINE
  8
Gravur
 62
   255
 39
0.016
  6
CONTINUOUS
 10
3.75220
 20
2.28312
 30
 0
 11
3.75220
 21
2.27361
  0
LINE
  8
Gravur
 62
   255
 39
0.016
  6
CONTINUOUS
 10
3.75220
 20
2.27361
 30
 0
 11
3.75226
 21
2.27219
  0
LINE
  8
Gravur
 62
   255
 39
0.016
  6
CONTINUOUS
 10
3.75226
 20
2.27219
 30
 0
 11
3.75226
 21
2.27219
  0
LINE
  8
Gravur
 62
   255
 39
0.016
  6
CONTINUOUS
 10
3.75226
 20
2.27219
 30
 0
 11
3.75256
 21
2.26888
  0
LINE
  8
Gravur
 62
   255
 39
0.016
  6
CONTINUOUS
 10
3.75256
 20
2.26888
 30
 0
 11
3.75312
 21
2.26565
  0
LINE
  8
Gravur
 62
   255
 39
0.016
  6
CONTINUOUS
 10
3.75312
 20
2.26565
 30
 0
 11
3.75404
 21
2.26257
  0
LINE
  8
Gravur
 62
   255
 39
0.016
  6
CONTINUOUS
 10
3.75404
 20
2.26257
 30
 0
 11
3.75539
 21
2.25972
  0
LINE
  8
Gravur
 62
   255
 39
0.016
  6
CONTINUOUS
 10
3.75539
 20
2.25972
 30
 0
 11
3.75539
 21
2.25972
  0
LINE
  8
Gravur
 62
   255
 39
0.016
  6
CONTINUOUS
 10
3.75539
 20
2.25972
 30
 0
 11
3.75658
 21
2.25796
  0
LINE
  8
Gravur
 62
   255
 39
0.016
  6
CONTINUOUS
 10
3.75658
 20
2.25796
 30
 0
 11
3.75803
 21
2.25636
  0
LINE
  8
Gravur
 62
   255
 39
0.016
  6
CONTINUOUS
 10
3.75803
 20
2.25636
 30
 0
 11
3.76013
 21
2.25472
  0
LINE
  8
Gravur
 62
   255
 39
0.016
  6
CONTINUOUS
 10
3.76013
 20
2.25472
 30
 0
 11
3.76059
 21
2.25445
  0
LINE
  8
Gravur
 62
   255
 39
0.016
  6
CONTINUOUS
 10
3.76059
 20
2.25445
 30
 0
 11
3.76059
 21
2.25445
  0
LINE
  8
Gravur
 62
   255
 39
0.016
  6
CONTINUOUS
 10
3.76059
 20
2.25445
 30
 0
 11
3.76484
 21
2.25267
  0
LINE
  8
Gravur
 62
   255
 39
0.016
  6
CONTINUOUS
 10
3.76484
 20
2.25267
 30
 0
 11
3.76635
 21
2.25230
  0
LINE
  8
Gravur
 62
   255
 39
0.016
  6
CONTINUOUS
 10
3.76635
 20
2.25230
 30
 0
 11
3.76635
 21
2.25230
  0
LINE
  8
Gravur
 62
   255
 39
0.016
  6
CONTINUOUS
 10
3.76635
 20
2.25230
 30
 0
 11
3.76876
 21
2.25191
  0
LINE
  8
Gravur
 62
   255
 39
0.016
  6
CONTINUOUS
 10
3.76876
 20
2.25191
 30
 0
 11
3.77115
 21
2.25171
  0
LINE
  8
Gravur
 62
   255
 39
0.016
  6
CONTINUOUS
 10
3.77115
 20
2.25171
 30
 0
 11
3.77415
 21
2.25166
  0
LINE
  8
Gravur
 62
   255
 39
0.016
  6
CONTINUOUS
 10
3.77415
 20
2.25166
 30
 0
 11
3.77516
 21
2.25169
  0
LINE
  8
Gravur
 62
   255
 39
0.016
  6
CONTINUOUS
 10
3.77516
 20
2.25169
 30
 0
 11
3.77516
 21
2.25169
  0
LINE
  8
Gravur
 62
   255
 39
0.016
  6
CONTINUOUS
 10
3.77516
 20
2.25169
 30
 0
 11
3.78050
 21
2.25237
  0
LINE
  8
Gravur
 62
   255
 39
0.016
  6
CONTINUOUS
 10
3.78050
 20
2.25237
 30
 0
 11
3.78543
 21
2.25418
  0
LINE
  8
Gravur
 62
   255
 39
0.016
  6
CONTINUOUS
 10
3.78543
 20
2.25418
 30
 0
 11
3.78543
 21
2.25418
  0
LINE
  8
Gravur
 62
   255
 39
0.016
  6
CONTINUOUS
 10
3.78543
 20
2.25418
 30
 0
 11
3.78846
 21
2.25631
  0
LINE
  8
Gravur
 62
   255
 39
0.016
  6
CONTINUOUS
 10
3.78846
 20
2.25631
 30
 0
 11
3.79098
 21
2.25927
  0
LINE
  8
Gravur
 62
   255
 39
0.016
  6
CONTINUOUS
 10
3.79098
 20
2.25927
 30
 0
 11
3.79157
 21
2.26029
  0
LINE
  8
Gravur
 62
   255
 39
0.016
  6
CONTINUOUS
 10
3.79157
 20
2.26029
 30
 0
 11
3.79168
 21
2.26050
  0
LINE
  8
Gravur
 62
   255
 39
0.016
  6
CONTINUOUS
 10
3.79168
 20
2.26050
 30
 0
 11
3.79168
 21
2.26050
  0
LINE
  8
Gravur
 62
   255
 39
0.016
  6
CONTINUOUS
 10
3.79168
 20
2.26050
 30
 0
 11
3.79233
 21
2.26200
  0
LINE
  8
Gravur
 62
   255
 39
0.016
  6
CONTINUOUS
 10
3.79233
 20
2.26200
 30
 0
 11
3.79251
 21
2.26252
  0
LINE
  8
Gravur
 62
   255
 39
0.016
  6
CONTINUOUS
 10
3.79251
 20
2.26252
 30
 0
 11
3.79251
 21
2.26252
  0
LINE
  8
Gravur
 62
   255
 39
0.016
  6
CONTINUOUS
 10
3.79251
 20
2.26252
 30
 0
 11
3.79272
 21
2.26314
  0
LINE
  8
Gravur
 62
   255
 39
0.016
  6
CONTINUOUS
 10
3.79272
 20
2.26314
 30
 0
 11
3.79292
 21
2.26378
  0
LINE
  8
Gravur
 62
   255
 39
0.016
  6
CONTINUOUS
 10
3.79292
 20
2.26378
 30
 0
 11
3.79464
 21
2.27368
  0
LINE
  8
Gravur
 62
   255
 39
0.016
  6
CONTINUOUS
 10
3.79464
 20
2.27368
 30
 0
 11
3.79473
 21
2.27513
  0
LINE
  8
Gravur
 62
   255
 39
0.016
  6
CONTINUOUS
 10
3.79473
 20
2.27513
 30
 0
 11
3.79485
 21
2.27953
  0
LINE
  8
Gravur
 62
   255
 39
0.016
  6
CONTINUOUS
 10
3.79485
 20
2.27953
 30
 0
 11
3.79485
 21
2.28100
  0
LINE
  8
Gravur
 62
   255
 39
0.016
  6
CONTINUOUS
 10
3.79485
 20
2.28100
 30
 0
 11
3.79485
 21
2.28100
  0
LINE
  8
Gravur
 62
   255
 39
0.016
  6
CONTINUOUS
 10
3.79485
 20
2.28100
 30
 0
 11
3.79462
 21
2.29187
  0
LINE
  8
Gravur
 62
   255
 39
0.016
  6
CONTINUOUS
 10
3.79462
 20
2.29187
 30
 0
 11
3.79461
 21
2.29399
  0
LINE
  8
Gravur
 62
   255
 39
0.016
  6
CONTINUOUS
 10
3.79461
 20
2.29399
 30
 0
 11
3.79461
 21
2.34699
  0
LINE
  8
Gravur
 62
   255
 39
0.016
  6
CONTINUOUS
 10
3.81630
 20
2.34699
 30
 0
 11
3.86281
 21
2.34699
  0
LINE
  8
Gravur
 62
   255
 39
0.016
  6
CONTINUOUS
 10
3.83962
 20
2.34686
 30
 0
 11
3.83962
 21
2.25304
  0
LINE
  8
Gravur
 62
   255
 39
0.016
  6
CONTINUOUS
 10
2.80556
 20
4.19190
 30
 0
 11
2.79861
 21
4.18900
  0
LINE
  8
Gravur
 62
   255
 39
0.016
  6
CONTINUOUS
 10
2.79861
 20
4.18900
 30
 0
 11
2.79755
 21
4.18873
  0
LINE
  8
Gravur
 62
   255
 39
0.016
  6
CONTINUOUS
 10
2.79755
 20
4.18873
 30
 0
 11
2.79647
 21
4.18849
  0
LINE
  8
Gravur
 62
   255
 39
0.016
  6
CONTINUOUS
 10
2.79647
 20
4.18849
 30
 0
 11
2.79539
 21
4.18829
  0
LINE
  8
Gravur
 62
   255
 39
0.016
  6
CONTINUOUS
 10
2.79539
 20
4.18829
 30
 0
 11
2.79539
 21
4.18829
  0
LINE
  8
Gravur
 62
   255
 39
0.016
  6
CONTINUOUS
 10
2.79539
 20
4.18829
 30
 0
 11
2.78880
 21
4.18798
  0
LINE
  8
Gravur
 62
   255
 39
0.016
  6
CONTINUOUS
 10
2.78880
 20
4.18798
 30
 0
 11
2.78664
 21
4.18825
  0
LINE
  8
Gravur
 62
   255
 39
0.016
  6
CONTINUOUS
 10
2.78664
 20
4.18825
 30
 0
 11
2.78452
 21
4.18871
  0
LINE
  8
Gravur
 62
   255
 39
0.016
  6
CONTINUOUS
 10
2.78452
 20
4.18871
 30
 0
 11
2.78247
 21
4.18939
  0
LINE
  8
Gravur
 62
   255
 39
0.016
  6
CONTINUOUS
 10
2.78247
 20
4.18939
 30
 0
 11
2.78247
 21
4.18939
  0
LINE
  8
Gravur
 62
   255
 39
0.016
  6
CONTINUOUS
 10
2.78247
 20
4.18939
 30
 0
 11
2.78155
 21
4.18978
  0
LINE
  8
Gravur
 62
   255
 39
0.016
  6
CONTINUOUS
 10
2.78155
 20
4.18978
 30
 0
 11
2.78065
 21
4.19021
  0
LINE
  8
Gravur
 62
   255
 39
0.016
  6
CONTINUOUS
 10
2.78065
 20
4.19021
 30
 0
 11
2.77535
 21
4.19412
  0
LINE
  8
Gravur
 62
   255
 39
0.016
  6
CONTINUOUS
 10
2.77535
 20
4.19412
 30
 0
 11
2.77483
 21
4.19465
  0
LINE
  8
Gravur
 62
   255
 39
0.016
  6
CONTINUOUS
 10
2.77483
 20
4.19465
 30
 0
 11
2.77433
 21
4.19519
  0
LINE
  8
Gravur
 62
   255
 39
0.016
  6
CONTINUOUS
 10
2.77433
 20
4.19519
 30
 0
 11
2.77384
 21
4.19575
  0
LINE
  8
Gravur
 62
   255
 39
0.016
  6
CONTINUOUS
 10
2.77384
 20
4.19575
 30
 0
 11
2.77384
 21
4.19575
  0
LINE
  8
Gravur
 62
   255
 39
0.016
  6
CONTINUOUS
 10
2.77384
 20
4.19575
 30
 0
 11
2.77060
 21
4.20055
  0
LINE
  8
Gravur
 62
   255
 39
0.016
  6
CONTINUOUS
 10
2.77060
 20
4.20055
 30
 0
 11
2.77008
 21
4.20157
  0
LINE
  8
Gravur
 62
   255
 39
0.016
  6
CONTINUOUS
 10
2.77008
 20
4.20157
 30
 0
 11
2.76815
 21
4.20630
  0
LINE
  8
Gravur
 62
   255
 39
0.016
  6
CONTINUOUS
 10
2.76815
 20
4.20630
 30
 0
 11
2.76783
 21
4.20727
  0
LINE
  8
Gravur
 62
   255
 39
0.016
  6
CONTINUOUS
 10
2.76783
 20
4.20727
 30
 0
 11
2.76783
 21
4.20727
  0
LINE
  8
Gravur
 62
   255
 39
0.016
  6
CONTINUOUS
 10
2.76783
 20
4.20727
 30
 0
 11
2.76587
 21
4.21541
  0
LINE
  8
Gravur
 62
   255
 39
0.016
  6
CONTINUOUS
 10
2.76587
 20
4.21541
 30
 0
 11
2.76544
 21
4.21818
  0
LINE
  8
Gravur
 62
   255
 39
0.016
  6
CONTINUOUS
 10
2.76544
 20
4.21818
 30
 0
 11
2.76544
 21
4.21818
  0
LINE
  8
Gravur
 62
   255
 39
0.016
  6
CONTINUOUS
 10
2.76544
 20
4.21818
 30
 0
 11
2.76487
 21
4.22313
  0
LINE
  8
Gravur
 62
   255
 39
0.016
  6
CONTINUOUS
 10
2.76487
 20
4.22313
 30
 0
 11
2.76447
 21
4.22807
  0
LINE
  8
Gravur
 62
   255
 39
0.016
  6
CONTINUOUS
 10
2.76447
 20
4.22807
 30
 0
 11
2.76422
 21
4.24353
  0
LINE
  8
Gravur
 62
   255
 39
0.016
  6
CONTINUOUS
 10
2.76422
 20
4.24353
 30
 0
 11
2.76431
 21
4.24526
  0
LINE
  8
Gravur
 62
   255
 39
0.016
  6
CONTINUOUS
 10
2.76431
 20
4.24526
 30
 0
 11
2.76431
 21
4.24526
  0
LINE
  8
Gravur
 62
   255
 39
0.016
  6
CONTINUOUS
 10
2.76431
 20
4.24526
 30
 0
 11
2.76550
 21
4.25590
  0
LINE
  8
Gravur
 62
   255
 39
0.016
  6
CONTINUOUS
 10
2.76550
 20
4.25590
 30
 0
 11
2.76616
 21
4.25939
  0
LINE
  8
Gravur
 62
   255
 39
0.016
  6
CONTINUOUS
 10
2.76616
 20
4.25939
 30
 0
 11
2.76697
 21
4.26284
  0
LINE
  8
Gravur
 62
   255
 39
0.016
  6
CONTINUOUS
 10
2.76697
 20
4.26284
 30
 0
 11
2.76793
 21
4.26624
  0
LINE
  8
Gravur
 62
   255
 39
0.016
  6
CONTINUOUS
 10
2.76793
 20
4.26624
 30
 0
 11
2.76933
 21
4.26996
  0
LINE
  8
Gravur
 62
   255
 39
0.016
  6
CONTINUOUS
 10
2.76933
 20
4.26996
 30
 0
 11
2.76951
 21
4.27037
  0
LINE
  8
Gravur
 62
   255
 39
0.016
  6
CONTINUOUS
 10
2.76951
 20
4.27037
 30
 0
 11
2.76951
 21
4.27037
  0
LINE
  8
Gravur
 62
   255
 39
0.016
  6
CONTINUOUS
 10
2.76951
 20
4.27037
 30
 0
 11
2.77134
 21
4.27380
  0
LINE
  8
Gravur
 62
   255
 39
0.016
  6
CONTINUOUS
 10
2.77134
 20
4.27380
 30
 0
 11
2.77175
 21
4.27445
  0
LINE
  8
Gravur
 62
   255
 39
0.016
  6
CONTINUOUS
 10
2.77175
 20
4.27445
 30
 0
 11
2.77600
 21
4.27934
  0
LINE
  8
Gravur
 62
   255
 39
0.016
  6
CONTINUOUS
 10
2.77600
 20
4.27934
 30
 0
 11
2.77698
 21
4.28013
  0
LINE
  8
Gravur
 62
   255
 39
0.016
  6
CONTINUOUS
 10
2.77698
 20
4.28013
 30
 0
 11
2.78013
 21
4.28213
  0
LINE
  8
Gravur
 62
   255
 39
0.016
  6
CONTINUOUS
 10
2.78013
 20
4.28213
 30
 0
 11
2.78125
 21
4.28267
  0
LINE
  8
Gravur
 62
   255
 39
0.016
  6
CONTINUOUS
 10
2.78125
 20
4.28267
 30
 0
 11
2.78125
 21
4.28267
  0
LINE
  8
Gravur
 62
   255
 39
0.016
  6
CONTINUOUS
 10
2.78125
 20
4.28267
 30
 0
 11
2.78340
 21
4.28351
  0
LINE
  8
Gravur
 62
   255
 39
0.016
  6
CONTINUOUS
 10
2.78340
 20
4.28351
 30
 0
 11
2.78563
 21
4.28413
  0
LINE
  8
Gravur
 62
   255
 39
0.016
  6
CONTINUOUS
 10
2.78563
 20
4.28413
 30
 0
 11
2.78793
 21
4.28452
  0
LINE
  8
Gravur
 62
   255
 39
0.016
  6
CONTINUOUS
 10
2.78793
 20
4.28452
 30
 0
 11
2.79028
 21
4.28469
  0
LINE
  8
Gravur
 62
   255
 39
0.016
  6
CONTINUOUS
 10
2.79028
 20
4.28469
 30
 0
 11
2.79267
 21
4.28463
  0
LINE
  8
Gravur
 62
   255
 39
0.016
  6
CONTINUOUS
 10
2.79267
 20
4.28463
 30
 0
 11
2.79509
 21
4.28433
  0
LINE
  8
Gravur
 62
   255
 39
0.016
  6
CONTINUOUS
 10
2.79509
 20
4.28433
 30
 0
 11
2.79946
 21
4.28315
  0
LINE
  8
Gravur
 62
   255
 39
0.016
  6
CONTINUOUS
 10
2.79946
 20
4.28315
 30
 0
 11
2.79992
 21
4.28297
  0
LINE
  8
Gravur
 62
   255
 39
0.016
  6
CONTINUOUS
 10
2.79992
 20
4.28297
 30
 0
 11
2.79992
 21
4.28297
  0
LINE
  8
Gravur
 62
   255
 39
0.016
  6
CONTINUOUS
 10
2.79992
 20
4.28297
 30
 0
 11
2.80395
 21
4.28130
  0
LINE
  8
Gravur
 62
   255
 39
0.016
  6
CONTINUOUS
 10
2.80395
 20
4.28130
 30
 0
 11
2.80477
 21
4.28095
  0
LINE
  8
Gravur
 62
   255
 39
0.016
  6
CONTINUOUS
 10
2.82752
 20
4.28347
 30
 0
 11
2.82838
 21
4.27952
  0
LINE
  8
Gravur
 62
   255
 39
0.016
  6
CONTINUOUS
 10
2.82838
 20
4.27952
 30
 0
 11
2.82847
 21
4.27916
  0
LINE
  8
Gravur
 62
   255
 39
0.016
  6
CONTINUOUS
 10
2.82847
 20
4.27916
 30
 0
 11
2.82847
 21
4.27916
  0
LINE
  8
Gravur
 62
   255
 39
0.016
  6
CONTINUOUS
 10
2.82847
 20
4.27916
 30
 0
 11
2.82930
 21
4.27612
  0
LINE
  8
Gravur
 62
   255
 39
0.016
  6
CONTINUOUS
 10
2.82930
 20
4.27612
 30
 0
 11
2.82946
 21
4.27551
  0
LINE
  8
Gravur
 62
   255
 39
0.016
  6
CONTINUOUS
 10
2.82946
 20
4.27551
 30
 0
 11
2.83344
 21
4.25975
  0
LINE
  8
Gravur
 62
   255
 39
0.016
  6
CONTINUOUS
 10
2.83344
 20
4.25975
 30
 0
 11
2.84569
 21
4.21085
  0
LINE
  8
Gravur
 62
   255
 39
0.016
  6
CONTINUOUS
 10
2.84569
 20
4.21085
 30
 0
 11
2.84993
 21
4.19389
  0
LINE
  8
Gravur
 62
   255
 39
0.016
  6
CONTINUOUS
 10
2.84993
 20
4.19389
 30
 0
 11
2.85027
 21
4.19212
  0
LINE
  8
Gravur
 62
   255
 39
0.016
  6
CONTINUOUS
 10
2.85027
 20
4.19212
 30
 0
 11
2.85033
 21
4.19184
  0
LINE
  8
Gravur
 62
   255
 39
0.016
  6
CONTINUOUS
 10
2.85033
 20
4.19184
 30
 0
 11
2.85033
 21
4.19184
  0
LINE
  8
Gravur
 62
   255
 39
0.016
  6
CONTINUOUS
 10
2.85033
 20
4.19184
 30
 0
 11
2.85109
 21
4.18984
  0
LINE
  8
Gravur
 62
   255
 39
0.016
  6
CONTINUOUS
 10
2.85109
 20
4.18984
 30
 0
 11
2.85154
 21
4.18942
  0
LINE
  8
Gravur
 62
   255
 39
0.016
  6
CONTINUOUS
 10
2.85154
 20
4.18942
 30
 0
 11
2.85154
 21
4.18942
  0
LINE
  8
Gravur
 62
   255
 39
0.016
  6
CONTINUOUS
 10
2.85154
 20
4.18942
 30
 0
 11
2.85216
 21
4.18921
  0
LINE
  8
Gravur
 62
   255
 39
0.016
  6
CONTINUOUS
 10
2.85216
 20
4.18921
 30
 0
 11
2.85295
 21
4.18930
  0
LINE
  8
Gravur
 62
   255
 39
0.016
  6
CONTINUOUS
 10
2.85295
 20
4.18930
 30
 0
 11
2.85332
 21
4.18951
  0
LINE
  8
Gravur
 62
   255
 39
0.016
  6
CONTINUOUS
 10
2.85332
 20
4.18951
 30
 0
 11
2.85337
 21
4.18957
  0
LINE
  8
Gravur
 62
   255
 39
0.016
  6
CONTINUOUS
 10
2.85337
 20
4.18957
 30
 0
 11
2.85337
 21
4.18957
  0
LINE
  8
Gravur
 62
   255
 39
0.016
  6
CONTINUOUS
 10
2.85337
 20
4.18957
 30
 0
 11
2.85364
 21
4.19007
  0
LINE
  8
Gravur
 62
   255
 39
0.016
  6
CONTINUOUS
 10
2.85364
 20
4.19007
 30
 0
 11
2.85370
 21
4.19026
  0
LINE
  8
Gravur
 62
   255
 39
0.016
  6
CONTINUOUS
 10
2.85370
 20
4.19026
 30
 0
 11
2.85370
 21
4.19026
  0
LINE
  8
Gravur
 62
   255
 39
0.016
  6
CONTINUOUS
 10
2.85370
 20
4.19026
 30
 0
 11
2.85376
 21
4.19048
  0
LINE
  8
Gravur
 62
   255
 39
0.016
  6
CONTINUOUS
 10
2.85376
 20
4.19048
 30
 0
 11
2.85381
 21
4.19071
  0
LINE
  8
Gravur
 62
   255
 39
0.016
  6
CONTINUOUS
 10
2.85381
 20
4.19071
 30
 0
 11
2.85484
 21
4.19481
  0
LINE
  8
Gravur
 62
   255
 39
0.016
  6
CONTINUOUS
 10
2.85484
 20
4.19481
 30
 0
 11
2.85918
 21
4.21204
  0
LINE
  8
Gravur
 62
   255
 39
0.016
  6
CONTINUOUS
 10
2.85918
 20
4.21204
 30
 0
 11
2.87080
 21
4.25842
  0
LINE
  8
Gravur
 62
   255
 39
0.016
  6
CONTINUOUS
 10
2.87080
 20
4.25842
 30
 0
 11
2.87336
 21
4.26893
  0
LINE
  8
Gravur
 62
   255
 39
0.016
  6
CONTINUOUS
 10
2.87336
 20
4.26893
 30
 0
 11
2.87365
 21
4.27010
  0
LINE
  8
Gravur
 62
   255
 39
0.016
  6
CONTINUOUS
 10
2.87365
 20
4.27010
 30
 0
 11
2.87365
 21
4.27010
  0
LINE
  8
Gravur
 62
   255
 39
0.016
  6
CONTINUOUS
 10
2.87365
 20
4.27010
 30
 0
 11
2.87647
 21
4.28125
  0
LINE
  8
Gravur
 62
   255
 39
0.016
  6
CONTINUOUS
 10
2.87647
 20
4.28125
 30
 0
 11
2.87708
 21
4.28347
  0
LINE
  8
Gravur
 62
   255
 39
0.016
  6
CONTINUOUS
 10
2.96447
 20
4.26995
 30
 0
 11
2.98302
 21
4.28023
  0
LINE
  8
Gravur
 62
   255
 39
0.016
  6
CONTINUOUS
 10
2.98302
 20
4.28023
 30
 0
 11
2.98806
 21
4.28277
  0
LINE
  8
Gravur
 62
   255
 39
0.016
  6
CONTINUOUS
 10
2.98806
 20
4.28277
 30
 0
 11
2.98972
 21
4.28299
  0
LINE
  8
Gravur
 62
   255
 39
0.016
  6
CONTINUOUS
 10
2.98972
 20
4.28299
 30
 0
 11
2.99004
 21
4.28161
  0
LINE
  8
Gravur
 62
   255
 39
0.016
  6
CONTINUOUS
 10
2.99004
 20
4.28161
 30
 0
 11
2.99004
 21
4.27763
  0
LINE
  8
Gravur
 62
   255
 39
0.016
  6
CONTINUOUS
 10
2.99004
 20
4.27763
 30
 0
 11
2.99004
 21
4.26067
  0
LINE
  8
Gravur
 62
   255
 39
0.016
  6
CONTINUOUS
 10
2.99004
 20
4.26067
 30
 0
 11
2.99004
 21
4.18938
  0
LINE
  8
Gravur
 62
   255
 39
0.016
  6
CONTINUOUS
 10
3.10062
 20
4.28333
 30
 0
 11
3.10062
 21
4.21257
  0
LINE
  8
Gravur
 62
   255
 39
0.016
  6
CONTINUOUS
 10
3.10062
 20
4.21257
 30
 0
 11
3.10062
 21
4.19521
  0
LINE
  8
Gravur
 62
   255
 39
0.016
  6
CONTINUOUS
 10
3.10062
 20
4.19521
 30
 0
 11
3.10062
 21
4.19097
  0
LINE
  8
Gravur
 62
   255
 39
0.016
  6
CONTINUOUS
 10
3.10062
 20
4.19097
 30
 0
 11
3.10085
 21
4.18940
  0
LINE
  8
Gravur
 62
   255
 39
0.016
  6
CONTINUOUS
 10
3.10085
 20
4.18940
 30
 0
 11
3.10340
 21
4.18925
  0
LINE
  8
Gravur
 62
   255
 39
0.016
  6
CONTINUOUS
 10
3.10340
 20
4.18925
 30
 0
 11
3.11043
 21
4.18925
  0
LINE
  8
Gravur
 62
   255
 39
0.016
  6
CONTINUOUS
 10
3.11043
 20
4.18925
 30
 0
 11
3.13772
 21
4.18925
  0
LINE
  8
Gravur
 62
   255
 39
0.016
  6
CONTINUOUS
 10
3.20394
 20
4.18925
 30
 0
 11
3.17466
 21
4.18925
  0
LINE
  8
Gravur
 62
   255
 39
0.016
  6
CONTINUOUS
 10
3.17466
 20
4.18925
 30
 0
 11
3.16710
 21
4.18925
  0
LINE
  8
Gravur
 62
   255
 39
0.016
  6
CONTINUOUS
 10
3.16710
 20
4.18925
 30
 0
 11
3.16442
 21
4.18940
  0
LINE
  8
Gravur
 62
   255
 39
0.016
  6
CONTINUOUS
 10
3.16442
 20
4.18940
 30
 0
 11
3.16419
 21
4.19057
  0
LINE
  8
Gravur
 62
   255
 39
0.016
  6
CONTINUOUS
 10
3.16419
 20
4.19057
 30
 0
 11
3.16419
 21
4.19389
  0
LINE
  8
Gravur
 62
   255
 39
0.016
  6
CONTINUOUS
 10
3.16419
 20
4.19389
 30
 0
 11
3.16419
 21
4.20753
  0
LINE
  8
Gravur
 62
   255
 39
0.016
  6
CONTINUOUS
 10
3.16419
 20
4.20753
 30
 0
 11
3.16419
 21
4.26293
  0
LINE
  8
Gravur
 62
   255
 39
0.016
  6
CONTINUOUS
 10
3.16419
 20
4.26293
 30
 0
 11
3.16419
 21
4.27816
  0
LINE
  8
Gravur
 62
   255
 39
0.016
  6
CONTINUOUS
 10
3.16419
 20
4.27816
 30
 0
 11
3.16419
 21
4.28188
  0
LINE
  8
Gravur
 62
   255
 39
0.016
  6
CONTINUOUS
 10
3.16419
 20
4.28188
 30
 0
 11
3.16442
 21
4.28318
  0
LINE
  8
Gravur
 62
   255
 39
0.016
  6
CONTINUOUS
 10
3.16442
 20
4.28318
 30
 0
 11
3.16710
 21
4.28333
  0
LINE
  8
Gravur
 62
   255
 39
0.016
  6
CONTINUOUS
 10
3.16710
 20
4.28333
 30
 0
 11
3.17466
 21
4.28333
  0
LINE
  8
Gravur
 62
   255
 39
0.016
  6
CONTINUOUS
 10
3.17466
 20
4.28333
 30
 0
 11
3.20394
 21
4.28333
  0
LINE
  8
Gravur
 62
   255
 39
0.016
  6
CONTINUOUS
 10
3.16432
 20
4.24093
 30
 0
 11
3.20262
 21
4.24093
  0
LINE
  8
Gravur
 62
   255
 39
0.016
  6
CONTINUOUS
 10
3.22484
 20
4.28347
 30
 0
 11
3.22570
 21
4.27952
  0
LINE
  8
Gravur
 62
   255
 39
0.016
  6
CONTINUOUS
 10
3.22570
 20
4.27952
 30
 0
 11
3.22580
 21
4.27916
  0
LINE
  8
Gravur
 62
   255
 39
0.016
  6
CONTINUOUS
 10
3.22580
 20
4.27916
 30
 0
 11
3.22580
 21
4.27916
  0
LINE
  8
Gravur
 62
   255
 39
0.016
  6
CONTINUOUS
 10
3.22580
 20
4.27916
 30
 0
 11
3.22663
 21
4.27612
  0
LINE
  8
Gravur
 62
   255
 39
0.016
  6
CONTINUOUS
 10
3.22663
 20
4.27612
 30
 0
 11
3.22678
 21
4.27551
  0
LINE
  8
Gravur
 62
   255
 39
0.016
  6
CONTINUOUS
 10
3.22678
 20
4.27551
 30
 0
 11
3.23076
 21
4.25975
  0
LINE
  8
Gravur
 62
   255
 39
0.016
  6
CONTINUOUS
 10
3.23076
 20
4.25975
 30
 0
 11
3.24302
 21
4.21085
  0
LINE
  8
Gravur
 62
   255
 39
0.016
  6
CONTINUOUS
 10
3.24302
 20
4.21085
 30
 0
 11
3.24726
 21
4.19389
  0
LINE
  8
Gravur
 62
   255
 39
0.016
  6
CONTINUOUS
 10
3.24726
 20
4.19389
 30
 0
 11
3.24759
 21
4.19212
  0
LINE
  8
Gravur
 62
   255
 39
0.016
  6
CONTINUOUS
 10
3.24759
 20
4.19212
 30
 0
 11
3.24765
 21
4.19184
  0
LINE
  8
Gravur
 62
   255
 39
0.016
  6
CONTINUOUS
 10
3.24765
 20
4.19184
 30
 0
 11
3.24765
 21
4.19184
  0
LINE
  8
Gravur
 62
   255
 39
0.016
  6
CONTINUOUS
 10
3.24765
 20
4.19184
 30
 0
 11
3.24842
 21
4.18984
  0
LINE
  8
Gravur
 62
   255
 39
0.016
  6
CONTINUOUS
 10
3.24842
 20
4.18984
 30
 0
 11
3.24886
 21
4.18942
  0
LINE
  8
Gravur
 62
   255
 39
0.016
  6
CONTINUOUS
 10
3.24886
 20
4.18942
 30
 0
 11
3.24886
 21
4.18942
  0
LINE
  8
Gravur
 62
   255
 39
0.016
  6
CONTINUOUS
 10
3.24886
 20
4.18942
 30
 0
 11
3.24948
 21
4.18921
  0
LINE
  8
Gravur
 62
   255
 39
0.016
  6
CONTINUOUS
 10
3.24948
 20
4.18921
 30
 0
 11
3.25028
 21
4.18930
  0
LINE
  8
Gravur
 62
   255
 39
0.016
  6
CONTINUOUS
 10
3.25028
 20
4.18930
 30
 0
 11
3.25064
 21
4.18951
  0
LINE
  8
Gravur
 62
   255
 39
0.016
  6
CONTINUOUS
 10
3.25064
 20
4.18951
 30
 0
 11
3.25070
 21
4.18957
  0
LINE
  8
Gravur
 62
   255
 39
0.016
  6
CONTINUOUS
 10
3.25070
 20
4.18957
 30
 0
 11
3.25070
 21
4.18957
  0
LINE
  8
Gravur
 62
   255
 39
0.016
  6
CONTINUOUS
 10
3.25070
 20
4.18957
 30
 0
 11
3.25096
 21
4.19007
  0
LINE
  8
Gravur
 62
   255
 39
0.016
  6
CONTINUOUS
 10
3.25096
 20
4.19007
 30
 0
 11
3.25102
 21
4.19026
  0
LINE
  8
Gravur
 62
   255
 39
0.016
  6
CONTINUOUS
 10
3.25102
 20
4.19026
 30
 0
 11
3.25102
 21
4.19026
  0
LINE
  8
Gravur
 62
   255
 39
0.016
  6
CONTINUOUS
 10
3.25102
 20
4.19026
 30
 0
 11
3.25108
 21
4.19048
  0
LINE
  8
Gravur
 62
   255
 39
0.016
  6
CONTINUOUS
 10
3.25108
 20
4.19048
 30
 0
 11
3.25113
 21
4.19071
  0
LINE
  8
Gravur
 62
   255
 39
0.016
  6
CONTINUOUS
 10
3.25113
 20
4.19071
 30
 0
 11
3.25216
 21
4.19481
  0
LINE
  8
Gravur
 62
   255
 39
0.016
  6
CONTINUOUS
 10
3.25216
 20
4.19481
 30
 0
 11
3.25650
 21
4.21204
  0
LINE
  8
Gravur
 62
   255
 39
0.016
  6
CONTINUOUS
 10
3.25650
 20
4.21204
 30
 0
 11
3.26813
 21
4.25842
  0
LINE
  8
Gravur
 62
   255
 39
0.016
  6
CONTINUOUS
 10
3.26813
 20
4.25842
 30
 0
 11
3.27069
 21
4.26893
  0
LINE
  8
Gravur
 62
   255
 39
0.016
  6
CONTINUOUS
 10
3.27069
 20
4.26893
 30
 0
 11
3.27097
 21
4.27010
  0
LINE
  8
Gravur
 62
   255
 39
0.016
  6
CONTINUOUS
 10
3.27097
 20
4.27010
 30
 0
 11
3.27097
 21
4.27010
  0
LINE
  8
Gravur
 62
   255
 39
0.016
  6
CONTINUOUS
 10
3.27097
 20
4.27010
 30
 0
 11
3.27380
 21
4.28125
  0
LINE
  8
Gravur
 62
   255
 39
0.016
  6
CONTINUOUS
 10
3.27380
 20
4.28125
 30
 0
 11
3.27440
 21
4.28347
  0
LINE
  8
Gravur
 62
   255
 39
0.016
  6
CONTINUOUS
 10
3.33638
 20
4.18925
 30
 0
 11
3.30710
 21
4.18925
  0
LINE
  8
Gravur
 62
   255
 39
0.016
  6
CONTINUOUS
 10
3.30710
 20
4.18925
 30
 0
 11
3.29955
 21
4.18925
  0
LINE
  8
Gravur
 62
   255
 39
0.016
  6
CONTINUOUS
 10
3.29955
 20
4.18925
 30
 0
 11
3.29686
 21
4.18940
  0
LINE
  8
Gravur
 62
   255
 39
0.016
  6
CONTINUOUS
 10
3.29686
 20
4.18940
 30
 0
 11
3.29663
 21
4.19057
  0
LINE
  8
Gravur
 62
   255
 39
0.016
  6
CONTINUOUS
 10
3.29663
 20
4.19057
 30
 0
 11
3.29663
 21
4.19389
  0
LINE
  8
Gravur
 62
   255
 39
0.016
  6
CONTINUOUS
 10
3.29663
 20
4.19389
 30
 0
 11
3.29663
 21
4.20753
  0
LINE
  8
Gravur
 62
   255
 39
0.016
  6
CONTINUOUS
 10
3.29663
 20
4.20753
 30
 0
 11
3.29663
 21
4.26293
  0
LINE
  8
Gravur
 62
   255
 39
0.016
  6
CONTINUOUS
 10
3.29663
 20
4.26293
 30
 0
 11
3.29663
 21
4.27816
  0
LINE
  8
Gravur
 62
   255
 39
0.016
  6
CONTINUOUS
 10
3.29663
 20
4.27816
 30
 0
 11
3.29663
 21
4.28188
  0
LINE
  8
Gravur
 62
   255
 39
0.016
  6
CONTINUOUS
 10
3.29663
 20
4.28188
 30
 0
 11
3.29686
 21
4.28318
  0
LINE
  8
Gravur
 62
   255
 39
0.016
  6
CONTINUOUS
 10
3.29686
 20
4.28318
 30
 0
 11
3.29955
 21
4.28333
  0
LINE
  8
Gravur
 62
   255
 39
0.016
  6
CONTINUOUS
 10
3.29955
 20
4.28333
 30
 0
 11
3.30710
 21
4.28333
  0
LINE
  8
Gravur
 62
   255
 39
0.016
  6
CONTINUOUS
 10
3.30710
 20
4.28333
 30
 0
 11
3.33638
 21
4.28333
  0
LINE
  8
Gravur
 62
   255
 39
0.016
  6
CONTINUOUS
 10
3.29676
 20
4.24093
 30
 0
 11
3.33506
 21
4.24093
  0
LINE
  8
Gravur
 62
   255
 39
0.016
  6
CONTINUOUS
 10
3.36550
 20
4.28333
 30
 0
 11
3.36550
 21
4.21257
  0
LINE
  8
Gravur
 62
   255
 39
0.016
  6
CONTINUOUS
 10
3.36550
 20
4.21257
 30
 0
 11
3.36550
 21
4.19521
  0
LINE
  8
Gravur
 62
   255
 39
0.016
  6
CONTINUOUS
 10
3.36550
 20
4.19521
 30
 0
 11
3.36550
 21
4.19097
  0
LINE
  8
Gravur
 62
   255
 39
0.016
  6
CONTINUOUS
 10
3.36550
 20
4.19097
 30
 0
 11
3.36573
 21
4.18940
  0
LINE
  8
Gravur
 62
   255
 39
0.016
  6
CONTINUOUS
 10
3.36573
 20
4.18940
 30
 0
 11
3.36828
 21
4.18925
  0
LINE
  8
Gravur
 62
   255
 39
0.016
  6
CONTINUOUS
 10
3.36828
 20
4.18925
 30
 0
 11
3.37531
 21
4.18925
  0
LINE
  8
Gravur
 62
   255
 39
0.016
  6
CONTINUOUS
 10
3.37531
 20
4.18925
 30
 0
 11
3.40261
 21
4.18925
  0
LINE
  8
Gravur
 62
   255
 39
0.016
  6
CONTINUOUS
 10
0.85612
 20
4.28314
 30
 0
 11
0.89071
 21
4.28314
  0
LINE
  8
Gravur
 62
   255
 39
0.016
  6
CONTINUOUS
 10
0.87348
 20
4.28300
 30
 0
 11
0.87348
 21
4.21290
  0
LINE
  8
Gravur
 62
   255
 39
0.016
  6
CONTINUOUS
 10
0.87348
 20
4.21290
 30
 0
 11
0.87348
 21
4.19528
  0
LINE
  8
Gravur
 62
   255
 39
0.016
  6
CONTINUOUS
 10
0.87348
 20
4.19528
 30
 0
 11
0.87348
 21
4.19091
  0
LINE
  8
Gravur
 62
   255
 39
0.016
  6
CONTINUOUS
 10
0.87348
 20
4.19091
 30
 0
 11
0.87326
 21
4.18928
  0
LINE
  8
Gravur
 62
   255
 39
0.016
  6
CONTINUOUS
 10
0.87326
 20
4.18928
 30
 0
 11
0.86884
 21
4.18905
  0
LINE
  8
Gravur
 62
   255
 39
0.016
  6
CONTINUOUS
 10
0.86884
 20
4.18905
 30
 0
 11
0.85612
 21
4.18905
  0
LINE
  8
Gravur
 62
   255
 39
0.016
  6
CONTINUOUS
 10
0.87362
 20
4.18905
 30
 0
 11
0.89071
 21
4.18905
  0
LINE
  8
Gravur
 62
   255
 39
0.016
  6
CONTINUOUS
 10
0.96024
 20
4.28314
 30
 0
 11
0.96024
 21
4.21171
  0
LINE
  8
Gravur
 62
   255
 39
0.016
  6
CONTINUOUS
 10
0.96024
 20
4.21171
 30
 0
 11
0.96024
 21
4.19462
  0
LINE
  8
Gravur
 62
   255
 39
0.016
  6
CONTINUOUS
 10
0.96024
 20
4.19462
 30
 0
 11
0.96031
 21
4.19269
  0
LINE
  8
Gravur
 62
   255
 39
0.016
  6
CONTINUOUS
 10
0.96031
 20
4.19269
 30
 0
 11
0.96031
 21
4.19235
  0
LINE
  8
Gravur
 62
   255
 39
0.016
  6
CONTINUOUS
 10
0.96031
 20
4.19235
 30
 0
 11
0.96031
 21
4.19235
  0
LINE
  8
Gravur
 62
   255
 39
0.016
  6
CONTINUOUS
 10
0.96031
 20
4.19235
 30
 0
 11
0.95993
 21
4.19027
  0
LINE
  8
Gravur
 62
   255
 39
0.016
  6
CONTINUOUS
 10
0.95993
 20
4.19027
 30
 0
 11
0.95957
 21
4.18990
  0
LINE
  8
Gravur
 62
   255
 39
0.016
  6
CONTINUOUS
 10
0.95957
 20
4.18990
 30
 0
 11
0.95957
 21
4.18990
  0
LINE
  8
Gravur
 62
   255
 39
0.016
  6
CONTINUOUS
 10
0.95957
 20
4.18990
 30
 0
 11
0.95907
 21
4.18980
  0
LINE
  8
Gravur
 62
   255
 39
0.016
  6
CONTINUOUS
 10
0.95907
 20
4.18980
 30
 0
 11
0.95839
 21
4.19003
  0
LINE
  8
Gravur
 62
   255
 39
0.016
  6
CONTINUOUS
 10
0.95839
 20
4.19003
 30
 0
 11
0.95678
 21
4.19234
  0
LINE
  8
Gravur
 62
   255
 39
0.016
  6
CONTINUOUS
 10
0.95678
 20
4.19234
 30
 0
 11
0.95668
 21
4.19262
  0
LINE
  8
Gravur
 62
   255
 39
0.016
  6
CONTINUOUS
 10
0.95668
 20
4.19262
 30
 0
 11
0.95668
 21
4.19262
  0
LINE
  8
Gravur
 62
   255
 39
0.016
  6
CONTINUOUS
 10
0.95668
 20
4.19262
 30
 0
 11
0.95600
 21
4.19468
  0
LINE
  8
Gravur
 62
   255
 39
0.016
  6
CONTINUOUS
 10
0.95600
 20
4.19468
 30
 0
 11
0.95587
 21
4.19501
  0
LINE
  8
Gravur
 62
   255
 39
0.016
  6
CONTINUOUS
 10
0.95587
 20
4.19501
 30
 0
 11
0.95051
 21
4.20866
  0
LINE
  8
Gravur
 62
   255
 39
0.016
  6
CONTINUOUS
 10
0.95051
 20
4.20866
 30
 0
 11
0.94088
 21
4.23344
  0
LINE
  8
Gravur
 62
   255
 39
0.016
  6
CONTINUOUS
 10
0.94088
 20
4.23344
 30
 0
 11
0.93999
 21
4.23569
  0
LINE
  8
Gravur
 62
   255
 39
0.016
  6
CONTINUOUS
 10
0.93999
 20
4.23569
 30
 0
 11
0.93999
 21
4.23569
  0
LINE
  8
Gravur
 62
   255
 39
0.016
  6
CONTINUOUS
 10
0.93999
 20
4.23569
 30
 0
 11
0.93150
 21
4.25701
  0
LINE
  8
Gravur
 62
   255
 39
0.016
  6
CONTINUOUS
 10
0.93150
 20
4.25701
 30
 0
 11
0.92979
 21
4.26127
  0
LINE
  8
Gravur
 62
   255
 39
0.016
  6
CONTINUOUS
 10
0.92979
 20
4.26127
 30
 0
 11
0.92327
 21
4.27784
  0
LINE
  8
Gravur
 62
   255
 39
0.016
  6
CONTINUOUS
 10
0.92327
 20
4.27784
 30
 0
 11
0.92254
 21
4.27997
  0
LINE
  8
Gravur
 62
   255
 39
0.016
  6
CONTINUOUS
 10
0.92254
 20
4.27997
 30
 0
 11
0.92243
 21
4.28024
  0
LINE
  8
Gravur
 62
   255
 39
0.016
  6
CONTINUOUS
 10
0.92243
 20
4.28024
 30
 0
 11
0.92243
 21
4.28024
  0
LINE
  8
Gravur
 62
   255
 39
0.016
  6
CONTINUOUS
 10
0.92243
 20
4.28024
 30
 0
 11
0.92107
 21
4.28227
  0
LINE
  8
Gravur
 62
   255
 39
0.016
  6
CONTINUOUS
 10
0.92107
 20
4.28227
 30
 0
 11
0.92070
 21
4.28246
  0
LINE
  8
Gravur
 62
   255
 39
0.016
  6
CONTINUOUS
 10
0.92070
 20
4.28246
 30
 0
 11
0.92070
 21
4.28246
  0
LINE
  8
Gravur
 62
   255
 39
0.016
  6
CONTINUOUS
 10
0.92070
 20
4.28246
 30
 0
 11
0.92035
 21
4.28254
  0
LINE
  8
Gravur
 62
   255
 39
0.016
  6
CONTINUOUS
 10
0.92035
 20
4.28254
 30
 0
 11
0.91996
 21
4.28253
  0
LINE
  8
Gravur
 62
   255
 39
0.016
  6
CONTINUOUS
 10
0.91996
 20
4.28253
 30
 0
 11
0.91951
 21
4.28231
  0
LINE
  8
Gravur
 62
   255
 39
0.016
  6
CONTINUOUS
 10
0.91951
 20
4.28231
 30
 0
 11
0.91946
 21
4.28227
  0
LINE
  8
Gravur
 62
   255
 39
0.016
  6
CONTINUOUS
 10
0.91946
 20
4.28227
 30
 0
 11
0.91946
 21
4.28227
  0
LINE
  8
Gravur
 62
   255
 39
0.016
  6
CONTINUOUS
 10
0.91946
 20
4.28227
 30
 0
 11
0.91923
 21
4.28177
  0
LINE
  8
Gravur
 62
   255
 39
0.016
  6
CONTINUOUS
 10
0.91923
 20
4.28177
 30
 0
 11
0.91919
 21
4.28158
  0
LINE
  8
Gravur
 62
   255
 39
0.016
  6
CONTINUOUS
 10
0.91919
 20
4.28158
 30
 0
 11
0.91919
 21
4.28158
  0
LINE
  8
Gravur
 62
   255
 39
0.016
  6
CONTINUOUS
 10
0.91919
 20
4.28158
 30
 0
 11
0.91917
 21
4.28143
  0
LINE
  8
Gravur
 62
   255
 39
0.016
  6
CONTINUOUS
 10
0.91917
 20
4.28143
 30
 0
 11
0.91917
 21
4.28128
  0
LINE
  8
Gravur
 62
   255
 39
0.016
  6
CONTINUOUS
 10
0.91917
 20
4.28128
 30
 0
 11
0.91916
 21
4.27731
  0
LINE
  8
Gravur
 62
   255
 39
0.016
  6
CONTINUOUS
 10
0.91916
 20
4.27731
 30
 0
 11
0.91916
 21
4.26061
  0
LINE
  8
Gravur
 62
   255
 39
0.016
  6
CONTINUOUS
 10
0.91916
 20
4.26061
 30
 0
 11
0.91916
 21
4.18918
  0
LINE
  8
Gravur
 62
   255
 39
0.016
  6
CONTINUOUS
 10
0.98737
 20
4.22933
 30
 0
 11
0.98737
 21
4.26882
  0
LINE
  8
Gravur
 62
   255
 39
0.016
  6
CONTINUOUS
 10
0.98737
 20
4.26882
 30
 0
 11
0.98737
 21
4.27876
  0
LINE
  8
Gravur
 62
   255
 39
0.016
  6
CONTINUOUS
 10
0.98737
 20
4.27876
 30
 0
 11
0.98727
 21
4.28028
  0
LINE
  8
Gravur
 62
   255
 39
0.016
  6
CONTINUOUS
 10
0.98727
 20
4.28028
 30
 0
 11
0.98726
 21
4.28048
  0
LINE
  8
Gravur
 62
   255
 39
0.016
  6
CONTINUOUS
 10
0.98726
 20
4.28048
 30
 0
 11
0.98726
 21
4.28048
  0
LINE
  8
Gravur
 62
   255
 39
0.016
  6
CONTINUOUS
 10
0.98726
 20
4.28048
 30
 0
 11
0.98746
 21
4.28218
  0
LINE
  8
Gravur
 62
   255
 39
0.016
  6
CONTINUOUS
 10
0.98746
 20
4.28218
 30
 0
 11
0.98760
 21
4.28239
  0
LINE
  8
Gravur
 62
   255
 39
0.016
  6
CONTINUOUS
 10
0.98760
 20
4.28239
 30
 0
 11
0.98932
 21
4.28316
  0
LINE
  8
Gravur
 62
   255
 39
0.016
  6
CONTINUOUS
 10
0.98932
 20
4.28316
 30
 0
 11
0.98952
 21
4.28321
  0
LINE
  8
Gravur
 62
   255
 39
0.016
  6
CONTINUOUS
 10
0.98952
 20
4.28321
 30
 0
 11
0.98952
 21
4.28321
  0
LINE
  8
Gravur
 62
   255
 39
0.016
  6
CONTINUOUS
 10
0.98952
 20
4.28321
 30
 0
 11
0.99110
 21
4.28346
  0
LINE
  8
Gravur
 62
   255
 39
0.016
  6
CONTINUOUS
 10
0.99110
 20
4.28346
 30
 0
 11
0.99135
 21
4.28350
  0
LINE
  8
Gravur
 62
   255
 39
0.016
  6
CONTINUOUS
 10
0.99135
 20
4.28350
 30
 0
 11
0.99637
 21
4.28419
  0
LINE
  8
Gravur
 62
   255
 39
0.016
  6
CONTINUOUS
 10
0.99637
 20
4.28419
 30
 0
 11
0.99683
 21
4.28423
  0
LINE
  8
Gravur
 62
   255
 39
0.016
  6
CONTINUOUS
 10
0.99683
 20
4.28423
 30
 0
 11
0.99683
 21
4.28423
  0
LINE
  8
Gravur
 62
   255
 39
0.016
  6
CONTINUOUS
 10
0.99683
 20
4.28423
 30
 0
 11
1.00120
 21
4.28445
  0
LINE
  8
Gravur
 62
   255
 39
0.016
  6
CONTINUOUS
 10
1.00120
 20
4.28445
 30
 0
 11
1.00208
 21
4.28446
  0
LINE
  8
Gravur
 62
   255
 39
0.016
  6
CONTINUOUS
 10
1.00208
 20
4.28446
 30
 0
 11
1.00737
 21
4.28422
  0
LINE
  8
Gravur
 62
   255
 39
0.016
  6
CONTINUOUS
 10
1.00737
 20
4.28422
 30
 0
 11
1.00796
 21
4.28416
  0
LINE
  8
Gravur
 62
   255
 39
0.016
  6
CONTINUOUS
 10
1.00796
 20
4.28416
 30
 0
 11
1.00796
 21
4.28416
  0
LINE
  8
Gravur
 62
   255
 39
0.016
  6
CONTINUOUS
 10
1.00796
 20
4.28416
 30
 0
 11
1.01381
 21
4.28299
  0
LINE
  8
Gravur
 62
   255
 39
0.016
  6
CONTINUOUS
 10
1.01381
 20
4.28299
 30
 0
 11
1.01493
 21
4.28262
  0
LINE
  8
Gravur
 62
   255
 39
0.016
  6
CONTINUOUS
 10
1.01493
 20
4.28262
 30
 0
 11
1.01790
 21
4.28134
  0
LINE
  8
Gravur
 62
   255
 39
0.016
  6
CONTINUOUS
 10
1.01790
 20
4.28134
 30
 0
 11
1.01822
 21
4.28117
  0
LINE
  8
Gravur
 62
   255
 39
0.016
  6
CONTINUOUS
 10
1.01822
 20
4.28117
 30
 0
 11
1.01822
 21
4.28117
  0
LINE
  8
Gravur
 62
   255
 39
0.016
  6
CONTINUOUS
 10
1.01822
 20
4.28117
 30
 0
 11
1.02093
 21
4.27946
  0
LINE
  8
Gravur
 62
   255
 39
0.016
  6
CONTINUOUS
 10
1.02093
 20
4.27946
 30
 0
 11
1.02143
 21
4.27907
  0
LINE
  8
Gravur
 62
   255
 39
0.016
  6
CONTINUOUS
 10
1.02143
 20
4.27907
 30
 0
 11
1.02434
 21
4.27612
  0
LINE
  8
Gravur
 62
   255
 39
0.016
  6
CONTINUOUS
 10
1.02434
 20
4.27612
 30
 0
 11
1.02515
 21
4.27502
  0
LINE
  8
Gravur
 62
   255
 39
0.016
  6
CONTINUOUS
 10
1.02515
 20
4.27502
 30
 0
 11
1.02515
 21
4.27502
  0
LINE
  8
Gravur
 62
   255
 39
0.016
  6
CONTINUOUS
 10
1.02515
 20
4.27502
 30
 0
 11
1.02796
 21
4.26922
  0
LINE
  8
Gravur
 62
   255
 39
0.016
  6
CONTINUOUS
 10
1.02796
 20
4.26922
 30
 0
 11
1.02940
 21
4.26277
  0
LINE
  8
Gravur
 62
   255
 39
0.016
  6
CONTINUOUS
 10
1.02940
 20
4.26277
 30
 0
 11
1.02940
 21
4.26277
  0
LINE
  8
Gravur
 62
   255
 39
0.016
  6
CONTINUOUS
 10
1.02940
 20
4.26277
 30
 0
 11
1.02977
 21
4.25743
  0
LINE
  8
Gravur
 62
   255
 39
0.016
  6
CONTINUOUS
 10
1.02977
 20
4.25743
 30
 0
 11
1.02963
 21
4.25226
  0
LINE
  8
Gravur
 62
   255
 39
0.016
  6
CONTINUOUS
 10
1.02963
 20
4.25226
 30
 0
 11
1.02908
 21
4.24754
  0
LINE
  8
Gravur
 62
   255
 39
0.016
  6
CONTINUOUS
 10
1.02908
 20
4.24754
 30
 0
 11
1.02899
 21
4.24702
  0
LINE
  8
Gravur
 62
   255
 39
0.016
  6
CONTINUOUS
 10
1.02899
 20
4.24702
 30
 0
 11
1.02899
 21
4.24702
  0
LINE
  8
Gravur
 62
   255
 39
0.016
  6
CONTINUOUS
 10
1.02899
 20
4.24702
 30
 0
 11
1.02765
 21
4.24207
  0
LINE
  8
Gravur
 62
   255
 39
0.016
  6
CONTINUOUS
 10
1.02765
 20
4.24207
 30
 0
 11
1.02727
 21
4.24113
  0
LINE
  8
Gravur
 62
   255
 39
0.016
  6
CONTINUOUS
 10
1.02727
 20
4.24113
 30
 0
 11
1.02518
 21
4.23740
  0
LINE
  8
Gravur
 62
   255
 39
0.016
  6
CONTINUOUS
 10
1.02518
 20
4.23740
 30
 0
 11
1.02435
 21
4.23633
  0
LINE
  8
Gravur
 62
   255
 39
0.016
  6
CONTINUOUS
 10
1.02435
 20
4.23633
 30
 0
 11
1.02149
 21
4.23358
  0
LINE
  8
Gravur
 62
   255
 39
0.016
  6
CONTINUOUS
 10
1.02149
 20
4.23358
 30
 0
 11
1.02043
 21
4.23281
  0
LINE
  8
Gravur
 62
   255
 39
0.016
  6
CONTINUOUS
 10
1.02043
 20
4.23281
 30
 0
 11
1.02043
 21
4.23281
  0
LINE
  8
Gravur
 62
   255
 39
0.016
  6
CONTINUOUS
 10
1.02043
 20
4.23281
 30
 0
 11
1.01825
 21
4.23151
  0
LINE
  8
Gravur
 62
   255
 39
0.016
  6
CONTINUOUS
 10
1.01825
 20
4.23151
 30
 0
 11
1.01591
 21
4.23046
  0
LINE
  8
Gravur
 62
   255
 39
0.016
  6
CONTINUOUS
 10
1.01591
 20
4.23046
 30
 0
 11
1.00830
 21
4.22856
  0
LINE
  8
Gravur
 62
   255
 39
0.016
  6
CONTINUOUS
 10
1.00830
 20
4.22856
 30
 0
 11
1.00565
 21
4.22828
  0
LINE
  8
Gravur
 62
   255
 39
0.016
  6
CONTINUOUS
 10
1.00565
 20
4.22828
 30
 0
 11
1.00565
 21
4.22828
  0
LINE
  8
Gravur
 62
   255
 39
0.016
  6
CONTINUOUS
 10
1.00565
 20
4.22828
 30
 0
 11
1.00413
 21
4.22819
  0
LINE
  8
Gravur
 62
   255
 39
0.016
  6
CONTINUOUS
 10
1.00413
 20
4.22819
 30
 0
 11
1.00261
 21
4.22814
  0
LINE
  8
Gravur
 62
   255
 39
0.016
  6
CONTINUOUS
 10
1.00261
 20
4.22814
 30
 0
 11
0.99724
 21
4.22831
  0
LINE
  8
Gravur
 62
   255
 39
0.016
  6
CONTINUOUS
 10
0.99724
 20
4.22831
 30
 0
 11
0.99675
 21
4.22834
  0
LINE
  8
Gravur
 62
   255
 39
0.016
  6
CONTINUOUS
 10
0.99675
 20
4.22834
 30
 0
 11
0.99675
 21
4.22834
  0
LINE
  8
Gravur
 62
   255
 39
0.016
  6
CONTINUOUS
 10
0.99675
 20
4.22834
 30
 0
 11
0.99257
 21
4.22877
  0
LINE
  8
Gravur
 62
   255
 39
0.016
  6
CONTINUOUS
 10
0.99257
 20
4.22877
 30
 0
 11
0.99174
 21
4.22888
  0
LINE
  8
Gravur
 62
   255
 39
0.016
  6
CONTINUOUS
 10
0.99174
 20
4.22888
 30
 0
 11
0.99002
 21
4.22918
  0
LINE
  8
Gravur
 62
   255
 39
0.016
  6
CONTINUOUS
 10
0.99002
 20
4.22918
 30
 0
 11
0.98979
 21
4.22921
  0
LINE
  8
Gravur
 62
   255
 39
0.016
  6
CONTINUOUS
 10
0.98979
 20
4.22921
 30
 0
 11
0.98979
 21
4.22921
  0
LINE
  8
Gravur
 62
   255
 39
0.016
  6
CONTINUOUS
 10
0.98979
 20
4.22921
 30
 0
 11
0.98784
 21
4.22918
  0
LINE
  8
Gravur
 62
   255
 39
0.016
  6
CONTINUOUS
 10
0.98784
 20
4.22918
 30
 0
 11
0.98760
 21
4.22905
  0
LINE
  8
Gravur
 62
   255
 39
0.016
  6
CONTINUOUS
 10
0.98760
 20
4.22905
 30
 0
 11
0.98730
 21
4.22787
  0
LINE
  8
Gravur
 62
   255
 39
0.016
  6
CONTINUOUS
 10
0.98730
 20
4.22787
 30
 0
 11
0.98730
 21
4.22773
  0
LINE
  8
Gravur
 62
   255
 39
0.016
  6
CONTINUOUS
 10
0.98730
 20
4.22773
 30
 0
 11
0.98730
 21
4.22773
  0
LINE
  8
Gravur
 62
   255
 39
0.016
  6
CONTINUOUS
 10
0.98730
 20
4.22773
 30
 0
 11
0.98737
 21
4.22670
  0
LINE
  8
Gravur
 62
   255
 39
0.016
  6
CONTINUOUS
 10
0.98737
 20
4.22670
 30
 0
 11
0.98737
 21
4.22655
  0
LINE
  8
Gravur
 62
   255
 39
0.016
  6
CONTINUOUS
 10
0.98737
 20
4.22655
 30
 0
 11
0.98737
 21
4.21913
  0
LINE
  8
Gravur
 62
   255
 39
0.016
  6
CONTINUOUS
 10
0.98737
 20
4.21913
 30
 0
 11
0.98737
 21
4.18918
  0
LINE
  8
Gravur
 62
   255
 39
0.016
  6
CONTINUOUS
 10
1.05094
 20
4.28314
 30
 0
 11
1.05094
 21
4.21926
  0
LINE
  8
Gravur
 62
   255
 39
0.016
  6
CONTINUOUS
 10
1.05094
 20
4.21926
 30
 0
 11
1.05094
 21
4.20975
  0
LINE
  8
Gravur
 62
   255
 39
0.016
  6
CONTINUOUS
 10
1.05094
 20
4.20975
 30
 0
 11
1.05100
 21
4.20833
  0
LINE
  8
Gravur
 62
   255
 39
0.016
  6
CONTINUOUS
 10
1.05100
 20
4.20833
 30
 0
 11
1.05100
 21
4.20833
  0
LINE
  8
Gravur
 62
   255
 39
0.016
  6
CONTINUOUS
 10
1.05100
 20
4.20833
 30
 0
 11
1.05130
 21
4.20502
  0
LINE
  8
Gravur
 62
   255
 39
0.016
  6
CONTINUOUS
 10
1.05130
 20
4.20502
 30
 0
 11
1.05186
 21
4.20179
  0
LINE
  8
Gravur
 62
   255
 39
0.016
  6
CONTINUOUS
 10
1.05186
 20
4.20179
 30
 0
 11
1.05278
 21
4.19871
  0
LINE
  8
Gravur
 62
   255
 39
0.016
  6
CONTINUOUS
 10
1.05278
 20
4.19871
 30
 0
 11
1.05413
 21
4.19587
  0
LINE
  8
Gravur
 62
   255
 39
0.016
  6
CONTINUOUS
 10
1.05413
 20
4.19587
 30
 0
 11
1.05413
 21
4.19587
  0
LINE
  8
Gravur
 62
   255
 39
0.016
  6
CONTINUOUS
 10
1.05413
 20
4.19587
 30
 0
 11
1.05532
 21
4.19411
  0
LINE
  8
Gravur
 62
   255
 39
0.016
  6
CONTINUOUS
 10
1.05532
 20
4.19411
 30
 0
 11
1.05677
 21
4.19250
  0
LINE
  8
Gravur
 62
   255
 39
0.016
  6
CONTINUOUS
 10
1.05677
 20
4.19250
 30
 0
 11
1.05887
 21
4.19087
  0
LINE
  8
Gravur
 62
   255
 39
0.016
  6
CONTINUOUS
 10
1.05887
 20
4.19087
 30
 0
 11
1.05933
 21
4.19059
  0
LINE
  8
Gravur
 62
   255
 39
0.016
  6
CONTINUOUS
 10
1.05933
 20
4.19059
 30
 0
 11
1.05933
 21
4.19059
  0
LINE
  8
Gravur
 62
   255
 39
0.016
  6
CONTINUOUS
 10
1.05933
 20
4.19059
 30
 0
 11
1.06358
 21
4.18882
  0
LINE
  8
Gravur
 62
   255
 39
0.016
  6
CONTINUOUS
 10
1.06358
 20
4.18882
 30
 0
 11
1.06509
 21
4.18845
  0
LINE
  8
Gravur
 62
   255
 39
0.016
  6
CONTINUOUS
 10
1.06509
 20
4.18845
 30
 0
 11
1.06509
 21
4.18845
  0
LINE
  8
Gravur
 62
   255
 39
0.016
  6
CONTINUOUS
 10
1.06509
 20
4.18845
 30
 0
 11
1.06750
 21
4.18805
  0
LINE
  8
Gravur
 62
   255
 39
0.016
  6
CONTINUOUS
 10
1.06750
 20
4.18805
 30
 0
 11
1.06989
 21
4.18785
  0
LINE
  8
Gravur
 62
   255
 39
0.016
  6
CONTINUOUS
 10
1.06989
 20
4.18785
 30
 0
 11
1.07289
 21
4.18780
  0
LINE
  8
Gravur
 62
   255
 39
0.016
  6
CONTINUOUS
 10
1.07289
 20
4.18780
 30
 0
 11
1.07390
 21
4.18783
  0
LINE
  8
Gravur
 62
   255
 39
0.016
  6
CONTINUOUS
 10
1.07390
 20
4.18783
 30
 0
 11
1.07390
 21
4.18783
  0
LINE
  8
Gravur
 62
   255
 39
0.016
  6
CONTINUOUS
 10
1.07390
 20
4.18783
 30
 0
 11
1.07924
 21
4.18852
  0
LINE
  8
Gravur
 62
   255
 39
0.016
  6
CONTINUOUS
 10
1.07924
 20
4.18852
 30
 0
 11
1.08417
 21
4.19032
  0
LINE
  8
Gravur
 62
   255
 39
0.016
  6
CONTINUOUS
 10
1.08417
 20
4.19032
 30
 0
 11
1.08417
 21
4.19032
  0
LINE
  8
Gravur
 62
   255
 39
0.016
  6
CONTINUOUS
 10
1.08417
 20
4.19032
 30
 0
 11
1.08720
 21
4.19245
  0
LINE
  8
Gravur
 62
   255
 39
0.016
  6
CONTINUOUS
 10
1.08720
 20
4.19245
 30
 0
 11
1.08972
 21
4.19541
  0
LINE
  8
Gravur
 62
   255
 39
0.016
  6
CONTINUOUS
 10
1.08972
 20
4.19541
 30
 0
 11
1.09031
 21
4.19643
  0
LINE
  8
Gravur
 62
   255
 39
0.016
  6
CONTINUOUS
 10
1.09031
 20
4.19643
 30
 0
 11
1.09042
 21
4.19664
  0
LINE
  8
Gravur
 62
   255
 39
0.016
  6
CONTINUOUS
 10
1.09042
 20
4.19664
 30
 0
 11
1.09042
 21
4.19664
  0
LINE
  8
Gravur
 62
   255
 39
0.016
  6
CONTINUOUS
 10
1.09042
 20
4.19664
 30
 0
 11
1.09107
 21
4.19815
  0
LINE
  8
Gravur
 62
   255
 39
0.016
  6
CONTINUOUS
 10
1.09107
 20
4.19815
 30
 0
 11
1.09125
 21
4.19866
  0
LINE
  8
Gravur
 62
   255
 39
0.016
  6
CONTINUOUS
 10
1.09125
 20
4.19866
 30
 0
 11
1.09125
 21
4.19866
  0
LINE
  8
Gravur
 62
   255
 39
0.016
  6
CONTINUOUS
 10
1.09125
 20
4.19866
 30
 0
 11
1.09146
 21
4.19929
  0
LINE
  8
Gravur
 62
   255
 39
0.016
  6
CONTINUOUS
 10
1.09146
 20
4.19929
 30
 0
 11
1.09166
 21
4.19992
  0
LINE
  8
Gravur
 62
   255
 39
0.016
  6
CONTINUOUS
 10
1.09166
 20
4.19992
 30
 0
 11
1.09338
 21
4.20982
  0
LINE
  8
Gravur
 62
   255
 39
0.016
  6
CONTINUOUS
 10
1.09338
 20
4.20982
 30
 0
 11
1.09347
 21
4.21127
  0
LINE
  8
Gravur
 62
   255
 39
0.016
  6
CONTINUOUS
 10
1.09347
 20
4.21127
 30
 0
 11
1.09359
 21
4.21567
  0
LINE
  8
Gravur
 62
   255
 39
0.016
  6
CONTINUOUS
 10
1.09359
 20
4.21567
 30
 0
 11
1.09359
 21
4.21714
  0
LINE
  8
Gravur
 62
   255
 39
0.016
  6
CONTINUOUS
 10
1.09359
 20
4.21714
 30
 0
 11
1.09359
 21
4.21714
  0
LINE
  8
Gravur
 62
   255
 39
0.016
  6
CONTINUOUS
 10
1.09359
 20
4.21714
 30
 0
 11
1.09336
 21
4.22801
  0
LINE
  8
Gravur
 62
   255
 39
0.016
  6
CONTINUOUS
 10
1.09336
 20
4.22801
 30
 0
 11
1.09335
 21
4.23013
  0
LINE
  8
Gravur
 62
   255
 39
0.016
  6
CONTINUOUS
 10
1.09335
 20
4.23013
 30
 0
 11
1.09335
 21
4.28314
  0
LINE
  8
Gravur
 62
   255
 39
0.016
  6
CONTINUOUS
 10
1.11504
 20
4.28314
 30
 0
 11
1.16155
 21
4.28314
  0
LINE
  8
Gravur
 62
   255
 39
0.016
  6
CONTINUOUS
 10
1.13836
 20
4.28300
 30
 0
 11
1.13836
 21
4.18918
  0
LINE
  8
Gravur
 62
   255
 39
0.016
  6
CONTINUOUS
 10
1.25424
 20
4.28314
 30
 0
 11
1.25424
 21
4.21237
  0
LINE
  8
Gravur
 62
   255
 39
0.016
  6
CONTINUOUS
 10
1.25424
 20
4.21237
 30
 0
 11
1.25424
 21
4.19501
  0
LINE
  8
Gravur
 62
   255
 39
0.016
  6
CONTINUOUS
 10
1.25424
 20
4.19501
 30
 0
 11
1.25424
 21
4.19077
  0
LINE
  8
Gravur
 62
   255
 39
0.016
  6
CONTINUOUS
 10
1.25424
 20
4.19077
 30
 0
 11
1.25447
 21
4.18920
  0
LINE
  8
Gravur
 62
   255
 39
0.016
  6
CONTINUOUS
 10
1.25447
 20
4.18920
 30
 0
 11
1.25702
 21
4.18905
  0
LINE
  8
Gravur
 62
   255
 39
0.016
  6
CONTINUOUS
 10
1.25702
 20
4.18905
 30
 0
 11
1.26405
 21
4.18905
  0
LINE
  8
Gravur
 62
   255
 39
0.016
  6
CONTINUOUS
 10
1.26405
 20
4.18905
 30
 0
 11
1.29135
 21
4.18905
  0
LINE
  8
Gravur
 62
   255
 39
0.016
  6
CONTINUOUS
 10
1.35757
 20
4.18905
 30
 0
 11
1.32828
 21
4.18905
  0
LINE
  8
Gravur
 62
   255
 39
0.016
  6
CONTINUOUS
 10
1.32828
 20
4.18905
 30
 0
 11
1.32073
 21
4.18905
  0
LINE
  8
Gravur
 62
   255
 39
0.016
  6
CONTINUOUS
 10
1.32073
 20
4.18905
 30
 0
 11
1.31804
 21
4.18920
  0
LINE
  8
Gravur
 62
   255
 39
0.016
  6
CONTINUOUS
 10
1.31804
 20
4.18920
 30
 0
 11
1.31781
 21
4.19038
  0
LINE
  8
Gravur
 62
   255
 39
0.016
  6
CONTINUOUS
 10
1.31781
 20
4.19038
 30
 0
 11
1.31781
 21
4.19369
  0
LINE
  8
Gravur
 62
   255
 39
0.016
  6
CONTINUOUS
 10
1.31781
 20
4.19369
 30
 0
 11
1.31781
 21
4.20734
  0
LINE
  8
Gravur
 62
   255
 39
0.016
  6
CONTINUOUS
 10
1.31781
 20
4.20734
 30
 0
 11
1.31781
 21
4.26273
  0
LINE
  8
Gravur
 62
   255
 39
0.016
  6
CONTINUOUS
 10
1.31781
 20
4.26273
 30
 0
 11
1.31781
 21
4.27797
  0
LINE
  8
Gravur
 62
   255
 39
0.016
  6
CONTINUOUS
 10
1.31781
 20
4.27797
 30
 0
 11
1.31781
 21
4.28168
  0
LINE
  8
Gravur
 62
   255
 39
0.016
  6
CONTINUOUS
 10
1.31781
 20
4.28168
 30
 0
 11
1.31804
 21
4.28298
  0
LINE
  8
Gravur
 62
   255
 39
0.016
  6
CONTINUOUS
 10
1.31804
 20
4.28298
 30
 0
 11
1.32073
 21
4.28314
  0
LINE
  8
Gravur
 62
   255
 39
0.016
  6
CONTINUOUS
 10
1.32073
 20
4.28314
 30
 0
 11
1.32828
 21
4.28314
  0
LINE
  8
Gravur
 62
   255
 39
0.016
  6
CONTINUOUS
 10
1.32828
 20
4.28314
 30
 0
 11
1.35757
 21
4.28314
  0
LINE
  8
Gravur
 62
   255
 39
0.016
  6
CONTINUOUS
 10
1.31794
 20
4.24073
 30
 0
 11
1.35624
 21
4.24073
  0
LINE
  8
Gravur
 62
   255
 39
0.016
  6
CONTINUOUS
 10
1.37847
 20
4.28327
 30
 0
 11
1.37932
 21
4.27932
  0
LINE
  8
Gravur
 62
   255
 39
0.016
  6
CONTINUOUS
 10
1.37932
 20
4.27932
 30
 0
 11
1.37942
 21
4.27897
  0
LINE
  8
Gravur
 62
   255
 39
0.016
  6
CONTINUOUS
 10
1.37942
 20
4.27897
 30
 0
 11
1.37942
 21
4.27897
  0
LINE
  8
Gravur
 62
   255
 39
0.016
  6
CONTINUOUS
 10
1.37942
 20
4.27897
 30
 0
 11
1.38025
 21
4.27592
  0
LINE
  8
Gravur
 62
   255
 39
0.016
  6
CONTINUOUS
 10
1.38025
 20
4.27592
 30
 0
 11
1.38040
 21
4.27532
  0
LINE
  8
Gravur
 62
   255
 39
0.016
  6
CONTINUOUS
 10
1.38040
 20
4.27532
 30
 0
 11
1.38438
 21
4.25955
  0
LINE
  8
Gravur
 62
   255
 39
0.016
  6
CONTINUOUS
 10
1.38438
 20
4.25955
 30
 0
 11
1.39664
 21
4.21065
  0
LINE
  8
Gravur
 62
   255
 39
0.016
  6
CONTINUOUS
 10
1.39664
 20
4.21065
 30
 0
 11
1.40088
 21
4.19369
  0
LINE
  8
Gravur
 62
   255
 39
0.016
  6
CONTINUOUS
 10
1.40088
 20
4.19369
 30
 0
 11
1.40122
 21
4.19192
  0
LINE
  8
Gravur
 62
   255
 39
0.016
  6
CONTINUOUS
 10
1.40122
 20
4.19192
 30
 0
 11
1.40127
 21
4.19164
  0
LINE
  8
Gravur
 62
   255
 39
0.016
  6
CONTINUOUS
 10
1.40127
 20
4.19164
 30
 0
 11
1.40127
 21
4.19164
  0
LINE
  8
Gravur
 62
   255
 39
0.016
  6
CONTINUOUS
 10
1.40127
 20
4.19164
 30
 0
 11
1.40204
 21
4.18964
  0
LINE
  8
Gravur
 62
   255
 39
0.016
  6
CONTINUOUS
 10
1.40204
 20
4.18964
 30
 0
 11
1.40248
 21
4.18922
  0
LINE
  8
Gravur
 62
   255
 39
0.016
  6
CONTINUOUS
 10
1.40248
 20
4.18922
 30
 0
 11
1.40248
 21
4.18922
  0
LINE
  8
Gravur
 62
   255
 39
0.016
  6
CONTINUOUS
 10
1.40248
 20
4.18922
 30
 0
 11
1.40310
 21
4.18901
  0
LINE
  8
Gravur
 62
   255
 39
0.016
  6
CONTINUOUS
 10
1.40310
 20
4.18901
 30
 0
 11
1.40390
 21
4.18911
  0
LINE
  8
Gravur
 62
   255
 39
0.016
  6
CONTINUOUS
 10
1.40390
 20
4.18911
 30
 0
 11
1.40426
 21
4.18931
  0
LINE
  8
Gravur
 62
   255
 39
0.016
  6
CONTINUOUS
 10
1.40426
 20
4.18931
 30
 0
 11
1.40432
 21
4.18937
  0
LINE
  8
Gravur
 62
   255
 39
0.016
  6
CONTINUOUS
 10
1.40432
 20
4.18937
 30
 0
 11
1.40432
 21
4.18937
  0
LINE
  8
Gravur
 62
   255
 39
0.016
  6
CONTINUOUS
 10
1.40432
 20
4.18937
 30
 0
 11
1.40459
 21
4.18987
  0
LINE
  8
Gravur
 62
   255
 39
0.016
  6
CONTINUOUS
 10
1.40459
 20
4.18987
 30
 0
 11
1.40464
 21
4.19006
  0
LINE
  8
Gravur
 62
   255
 39
0.016
  6
CONTINUOUS
 10
1.40464
 20
4.19006
 30
 0
 11
1.40464
 21
4.19006
  0
LINE
  8
Gravur
 62
   255
 39
0.016
  6
CONTINUOUS
 10
1.40464
 20
4.19006
 30
 0
 11
1.40470
 21
4.19029
  0
LINE
  8
Gravur
 62
   255
 39
0.016
  6
CONTINUOUS
 10
1.40470
 20
4.19029
 30
 0
 11
1.40475
 21
4.19051
  0
LINE
  8
Gravur
 62
   255
 39
0.016
  6
CONTINUOUS
 10
1.40475
 20
4.19051
 30
 0
 11
1.40578
 21
4.19462
  0
LINE
  8
Gravur
 62
   255
 39
0.016
  6
CONTINUOUS
 10
1.40578
 20
4.19462
 30
 0
 11
1.41012
 21
4.21184
  0
LINE
  8
Gravur
 62
   255
 39
0.016
  6
CONTINUOUS
 10
1.41012
 20
4.21184
 30
 0
 11
1.42175
 21
4.25822
  0
LINE
  8
Gravur
 62
   255
 39
0.016
  6
CONTINUOUS
 10
1.42175
 20
4.25822
 30
 0
 11
1.42431
 21
4.26873
  0
LINE
  8
Gravur
 62
   255
 39
0.016
  6
CONTINUOUS
 10
1.42431
 20
4.26873
 30
 0
 11
1.42459
 21
4.26990
  0
LINE
  8
Gravur
 62
   255
 39
0.016
  6
CONTINUOUS
 10
1.42459
 20
4.26990
 30
 0
 11
1.42459
 21
4.26990
  0
LINE
  8
Gravur
 62
   255
 39
0.016
  6
CONTINUOUS
 10
1.42459
 20
4.26990
 30
 0
 11
1.42742
 21
4.28105
  0
LINE
  8
Gravur
 62
   255
 39
0.016
  6
CONTINUOUS
 10
1.42742
 20
4.28105
 30
 0
 11
1.42803
 21
4.28327
  0
LINE
  8
Gravur
 62
   255
 39
0.016
  6
CONTINUOUS
 10
1.49001
 20
4.18905
 30
 0
 11
1.46072
 21
4.18905
  0
LINE
  8
Gravur
 62
   255
 39
0.016
  6
CONTINUOUS
 10
1.46072
 20
4.18905
 30
 0
 11
1.45317
 21
4.18905
  0
LINE
  8
Gravur
 62
   255
 39
0.016
  6
CONTINUOUS
 10
1.45317
 20
4.18905
 30
 0
 11
1.45048
 21
4.18920
  0
LINE
  8
Gravur
 62
   255
 39
0.016
  6
CONTINUOUS
 10
1.45048
 20
4.18920
 30
 0
 11
1.45025
 21
4.19038
  0
LINE
  8
Gravur
 62
   255
 39
0.016
  6
CONTINUOUS
 10
1.45025
 20
4.19038
 30
 0
 11
1.45025
 21
4.19369
  0
LINE
  8
Gravur
 62
   255
 39
0.016
  6
CONTINUOUS
 10
1.45025
 20
4.19369
 30
 0
 11
1.45025
 21
4.20734
  0
LINE
  8
Gravur
 62
   255
 39
0.016
  6
CONTINUOUS
 10
1.45025
 20
4.20734
 30
 0
 11
1.45025
 21
4.26273
  0
LINE
  8
Gravur
 62
   255
 39
0.016
  6
CONTINUOUS
 10
1.45025
 20
4.26273
 30
 0
 11
1.45025
 21
4.27797
  0
LINE
  8
Gravur
 62
   255
 39
0.016
  6
CONTINUOUS
 10
1.45025
 20
4.27797
 30
 0
 11
1.45025
 21
4.28168
  0
LINE
  8
Gravur
 62
   255
 39
0.016
  6
CONTINUOUS
 10
1.45025
 20
4.28168
 30
 0
 11
1.45048
 21
4.28298
  0
LINE
  8
Gravur
 62
   255
 39
0.016
  6
CONTINUOUS
 10
1.45048
 20
4.28298
 30
 0
 11
1.45317
 21
4.28314
  0
LINE
  8
Gravur
 62
   255
 39
0.016
  6
CONTINUOUS
 10
1.45317
 20
4.28314
 30
 0
 11
1.46072
 21
4.28314
  0
LINE
  8
Gravur
 62
   255
 39
0.016
  6
CONTINUOUS
 10
1.46072
 20
4.28314
 30
 0
 11
1.49001
 21
4.28314
  0
LINE
  8
Gravur
 62
   255
 39
0.016
  6
CONTINUOUS
 10
1.45039
 20
4.24073
 30
 0
 11
1.48868
 21
4.24073
  0
LINE
  8
Gravur
 62
   255
 39
0.016
  6
CONTINUOUS
 10
1.51912
 20
4.28314
 30
 0
 11
1.51912
 21
4.21237
  0
LINE
  8
Gravur
 62
   255
 39
0.016
  6
CONTINUOUS
 10
1.51912
 20
4.21237
 30
 0
 11
1.51912
 21
4.19501
  0
LINE
  8
Gravur
 62
   255
 39
0.016
  6
CONTINUOUS
 10
1.51912
 20
4.19501
 30
 0
 11
1.51912
 21
4.19077
  0
LINE
  8
Gravur
 62
   255
 39
0.016
  6
CONTINUOUS
 10
1.51912
 20
4.19077
 30
 0
 11
1.51935
 21
4.18920
  0
LINE
  8
Gravur
 62
   255
 39
0.016
  6
CONTINUOUS
 10
1.51935
 20
4.18920
 30
 0
 11
1.52191
 21
4.18905
  0
LINE
  8
Gravur
 62
   255
 39
0.016
  6
CONTINUOUS
 10
1.52191
 20
4.18905
 30
 0
 11
1.52893
 21
4.18905
  0
LINE
  8
Gravur
 62
   255
 39
0.016
  6
CONTINUOUS
 10
1.52893
 20
4.18905
 30
 0
 11
1.55623
 21
4.18905
  0
LINE
  8
Gravur
 62
   255
 39
0.024
  6
CONTINUOUS
 10
1.41361
 20
2.97816
 30
 0
 11
1.51458
 21
2.80964
  0
LINE
  8
Gravur
 62
   255
 39
0.024
  6
CONTINUOUS
 10
0.96213
 20
2.97829
 30
 0
 11
0.86228
 21
2.81139
  0
LINE
  8
Gravur
 62
   255
 39
0.016
  6
CONTINUOUS
 10
2.76214
 20
6.22696
 30
 0
 11
2.76927
 21
6.22303
  0
LINE
  8
Gravur
 62
   255
 39
0.016
  6
CONTINUOUS
 10
2.76927
 20
6.22303
 30
 0
 11
2.77033
 21
6.22260
  0
LINE
  8
Gravur
 62
   255
 39
0.016
  6
CONTINUOUS
 10
2.77033
 20
6.22260
 30
 0
 11
2.77355
 21
6.22150
  0
LINE
  8
Gravur
 62
   255
 39
0.016
  6
CONTINUOUS
 10
2.77355
 20
6.22150
 30
 0
 11
2.77465
 21
6.22121
  0
LINE
  8
Gravur
 62
   255
 39
0.016
  6
CONTINUOUS
 10
2.77465
 20
6.22121
 30
 0
 11
2.77465
 21
6.22121
  0
LINE
  8
Gravur
 62
   255
 39
0.016
  6
CONTINUOUS
 10
2.77465
 20
6.22121
 30
 0
 11
2.78014
 21
6.22037
  0
LINE
  8
Gravur
 62
   255
 39
0.016
  6
CONTINUOUS
 10
2.78014
 20
6.22037
 30
 0
 11
2.78202
 21
6.22031
  0
LINE
  8
Gravur
 62
   255
 39
0.016
  6
CONTINUOUS
 10
2.78202
 20
6.22031
 30
 0
 11
2.78393
 21
6.22037
  0
LINE
  8
Gravur
 62
   255
 39
0.016
  6
CONTINUOUS
 10
2.78393
 20
6.22037
 30
 0
 11
2.78586
 21
6.22056
  0
LINE
  8
Gravur
 62
   255
 39
0.016
  6
CONTINUOUS
 10
2.78586
 20
6.22056
 30
 0
 11
2.78989
 21
6.22145
  0
LINE
  8
Gravur
 62
   255
 39
0.016
  6
CONTINUOUS
 10
2.78989
 20
6.22145
 30
 0
 11
2.79045
 21
6.22164
  0
LINE
  8
Gravur
 62
   255
 39
0.016
  6
CONTINUOUS
 10
2.79045
 20
6.22164
 30
 0
 11
2.79045
 21
6.22164
  0
LINE
  8
Gravur
 62
   255
 39
0.016
  6
CONTINUOUS
 10
2.79045
 20
6.22164
 30
 0
 11
2.79408
 21
6.22335
  0
LINE
  8
Gravur
 62
   255
 39
0.016
  6
CONTINUOUS
 10
2.79408
 20
6.22335
 30
 0
 11
2.79518
 21
6.22409
  0
LINE
  8
Gravur
 62
   255
 39
0.016
  6
CONTINUOUS
 10
2.79518
 20
6.22409
 30
 0
 11
2.79518
 21
6.22409
  0
LINE
  8
Gravur
 62
   255
 39
0.016
  6
CONTINUOUS
 10
2.79518
 20
6.22409
 30
 0
 11
2.79618
 21
6.22489
  0
LINE
  8
Gravur
 62
   255
 39
0.016
  6
CONTINUOUS
 10
2.79618
 20
6.22489
 30
 0
 11
2.79711
 21
6.22577
  0
LINE
  8
Gravur
 62
   255
 39
0.016
  6
CONTINUOUS
 10
2.79711
 20
6.22577
 30
 0
 11
2.79879
 21
6.22779
  0
LINE
  8
Gravur
 62
   255
 39
0.016
  6
CONTINUOUS
 10
2.79879
 20
6.22779
 30
 0
 11
2.79893
 21
6.22799
  0
LINE
  8
Gravur
 62
   255
 39
0.016
  6
CONTINUOUS
 10
2.79893
 20
6.22799
 30
 0
 11
2.79893
 21
6.22799
  0
LINE
  8
Gravur
 62
   255
 39
0.016
  6
CONTINUOUS
 10
2.79893
 20
6.22799
 30
 0
 11
2.80018
 21
6.23000
  0
LINE
  8
Gravur
 62
   255
 39
0.016
  6
CONTINUOUS
 10
2.80018
 20
6.23000
 30
 0
 11
2.80040
 21
6.23041
  0
LINE
  8
Gravur
 62
   255
 39
0.016
  6
CONTINUOUS
 10
2.80040
 20
6.23041
 30
 0
 11
2.80168
 21
6.23370
  0
LINE
  8
Gravur
 62
   255
 39
0.016
  6
CONTINUOUS
 10
2.80168
 20
6.23370
 30
 0
 11
2.80182
 21
6.23418
  0
LINE
  8
Gravur
 62
   255
 39
0.016
  6
CONTINUOUS
 10
2.80182
 20
6.23418
 30
 0
 11
2.80182
 21
6.23418
  0
LINE
  8
Gravur
 62
   255
 39
0.016
  6
CONTINUOUS
 10
2.80182
 20
6.23418
 30
 0
 11
2.80253
 21
6.23789
  0
LINE
  8
Gravur
 62
   255
 39
0.016
  6
CONTINUOUS
 10
2.80253
 20
6.23789
 30
 0
 11
2.80268
 21
6.23915
  0
LINE
  8
Gravur
 62
   255
 39
0.016
  6
CONTINUOUS
 10
2.80268
 20
6.23915
 30
 0
 11
2.80268
 21
6.23915
  0
LINE
  8
Gravur
 62
   255
 39
0.016
  6
CONTINUOUS
 10
2.80268
 20
6.23915
 30
 0
 11
2.80277
 21
6.23995
  0
LINE
  8
Gravur
 62
   255
 39
0.016
  6
CONTINUOUS
 10
2.80277
 20
6.23995
 30
 0
 11
2.80285
 21
6.24075
  0
LINE
  8
Gravur
 62
   255
 39
0.016
  6
CONTINUOUS
 10
2.80285
 20
6.24075
 30
 0
 11
2.80289
 21
6.24553
  0
LINE
  8
Gravur
 62
   255
 39
0.016
  6
CONTINUOUS
 10
2.80289
 20
6.24553
 30
 0
 11
2.80286
 21
6.24597
  0
LINE
  8
Gravur
 62
   255
 39
0.016
  6
CONTINUOUS
 10
2.80286
 20
6.24597
 30
 0
 11
2.80286
 21
6.24597
  0
LINE
  8
Gravur
 62
   255
 39
0.016
  6
CONTINUOUS
 10
2.80286
 20
6.24597
 30
 0
 11
2.80218
 21
6.25027
  0
LINE
  8
Gravur
 62
   255
 39
0.016
  6
CONTINUOUS
 10
2.80218
 20
6.25027
 30
 0
 11
2.80197
 21
6.25108
  0
LINE
  8
Gravur
 62
   255
 39
0.016
  6
CONTINUOUS
 10
2.80197
 20
6.25108
 30
 0
 11
2.80138
 21
6.25306
  0
LINE
  8
Gravur
 62
   255
 39
0.016
  6
CONTINUOUS
 10
2.80138
 20
6.25306
 30
 0
 11
2.80129
 21
6.25334
  0
LINE
  8
Gravur
 62
   255
 39
0.016
  6
CONTINUOUS
 10
2.80129
 20
6.25334
 30
 0
 11
2.80129
 21
6.25334
  0
LINE
  8
Gravur
 62
   255
 39
0.016
  6
CONTINUOUS
 10
2.80129
 20
6.25334
 30
 0
 11
2.80042
 21
6.25556
  0
LINE
  8
Gravur
 62
   255
 39
0.016
  6
CONTINUOUS
 10
2.80042
 20
6.25556
 30
 0
 11
2.80008
 21
6.25628
  0
LINE
  8
Gravur
 62
   255
 39
0.016
  6
CONTINUOUS
 10
2.80008
 20
6.25628
 30
 0
 11
2.80008
 21
6.25628
  0
LINE
  8
Gravur
 62
   255
 39
0.016
  6
CONTINUOUS
 10
2.80008
 20
6.25628
 30
 0
 11
2.79976
 21
6.25687
  0
LINE
  8
Gravur
 62
   255
 39
0.016
  6
CONTINUOUS
 10
2.79976
 20
6.25687
 30
 0
 11
2.79941
 21
6.25744
  0
LINE
  8
Gravur
 62
   255
 39
0.016
  6
CONTINUOUS
 10
2.79941
 20
6.25744
 30
 0
 11
2.79582
 21
6.26187
  0
LINE
  8
Gravur
 62
   255
 39
0.016
  6
CONTINUOUS
 10
2.79582
 20
6.26187
 30
 0
 11
2.79444
 21
6.26315
  0
LINE
  8
Gravur
 62
   255
 39
0.016
  6
CONTINUOUS
 10
2.79444
 20
6.26315
 30
 0
 11
2.79444
 21
6.26315
  0
LINE
  8
Gravur
 62
   255
 39
0.016
  6
CONTINUOUS
 10
2.79444
 20
6.26315
 30
 0
 11
2.78889
 21
6.26717
  0
LINE
  8
Gravur
 62
   255
 39
0.016
  6
CONTINUOUS
 10
2.78889
 20
6.26717
 30
 0
 11
2.78285
 21
6.27063
  0
LINE
  8
Gravur
 62
   255
 39
0.016
  6
CONTINUOUS
 10
2.78285
 20
6.27063
 30
 0
 11
2.78285
 21
6.27063
  0
LINE
  8
Gravur
 62
   255
 39
0.016
  6
CONTINUOUS
 10
2.78285
 20
6.27063
 30
 0
 11
2.77635
 21
6.27433
  0
LINE
  8
Gravur
 62
   255
 39
0.016
  6
CONTINUOUS
 10
2.77635
 20
6.27433
 30
 0
 11
2.77041
 21
6.27865
  0
LINE
  8
Gravur
 62
   255
 39
0.016
  6
CONTINUOUS
 10
2.77041
 20
6.27865
 30
 0
 11
2.77041
 21
6.27865
  0
LINE
  8
Gravur
 62
   255
 39
0.016
  6
CONTINUOUS
 10
2.77041
 20
6.27865
 30
 0
 11
2.76748
 21
6.28168
  0
LINE
  8
Gravur
 62
   255
 39
0.016
  6
CONTINUOUS
 10
2.76748
 20
6.28168
 30
 0
 11
2.76504
 21
6.28527
  0
LINE
  8
Gravur
 62
   255
 39
0.016
  6
CONTINUOUS
 10
2.76504
 20
6.28527
 30
 0
 11
2.76257
 21
6.29164
  0
LINE
  8
Gravur
 62
   255
 39
0.016
  6
CONTINUOUS
 10
2.76257
 20
6.29164
 30
 0
 11
2.76228
 21
6.29299
  0
LINE
  8
Gravur
 62
   255
 39
0.016
  6
CONTINUOUS
 10
2.76228
 20
6.29299
 30
 0
 11
2.76228
 21
6.29299
  0
LINE
  8
Gravur
 62
   255
 39
0.016
  6
CONTINUOUS
 10
2.76228
 20
6.29299
 30
 0
 11
2.76186
 21
6.29658
  0
LINE
  8
Gravur
 62
   255
 39
0.016
  6
CONTINUOUS
 10
2.76186
 20
6.29658
 30
 0
 11
2.76196
 21
6.30016
  0
LINE
  8
Gravur
 62
   255
 39
0.016
  6
CONTINUOUS
 10
2.76196
 20
6.30016
 30
 0
 11
2.76260
 21
6.30365
  0
LINE
  8
Gravur
 62
   255
 39
0.016
  6
CONTINUOUS
 10
2.76260
 20
6.30365
 30
 0
 11
2.76384
 21
6.30693
  0
LINE
  8
Gravur
 62
   255
 39
0.016
  6
CONTINUOUS
 10
2.76384
 20
6.30693
 30
 0
 11
2.76384
 21
6.30693
  0
LINE
  8
Gravur
 62
   255
 39
0.016
  6
CONTINUOUS
 10
2.76384
 20
6.30693
 30
 0
 11
2.76635
 21
6.31072
  0
LINE
  8
Gravur
 62
   255
 39
0.016
  6
CONTINUOUS
 10
2.76635
 20
6.31072
 30
 0
 11
2.76996
 21
6.31380
  0
LINE
  8
Gravur
 62
   255
 39
0.016
  6
CONTINUOUS
 10
2.76996
 20
6.31380
 30
 0
 11
2.77140
 21
6.31464
  0
LINE
  8
Gravur
 62
   255
 39
0.016
  6
CONTINUOUS
 10
2.77140
 20
6.31464
 30
 0
 11
2.77161
 21
6.31475
  0
LINE
  8
Gravur
 62
   255
 39
0.016
  6
CONTINUOUS
 10
2.77161
 20
6.31475
 30
 0
 11
2.77161
 21
6.31475
  0
LINE
  8
Gravur
 62
   255
 39
0.016
  6
CONTINUOUS
 10
2.77161
 20
6.31475
 30
 0
 11
2.77360
 21
6.31565
  0
LINE
  8
Gravur
 62
   255
 39
0.016
  6
CONTINUOUS
 10
2.77360
 20
6.31565
 30
 0
 11
2.77401
 21
6.31579
  0
LINE
  8
Gravur
 62
   255
 39
0.016
  6
CONTINUOUS
 10
2.77401
 20
6.31579
 30
 0
 11
2.77401
 21
6.31579
  0
LINE
  8
Gravur
 62
   255
 39
0.016
  6
CONTINUOUS
 10
2.77401
 20
6.31579
 30
 0
 11
2.77430
 21
6.31589
  0
LINE
  8
Gravur
 62
   255
 39
0.016
  6
CONTINUOUS
 10
2.77430
 20
6.31589
 30
 0
 11
2.77459
 21
6.31598
  0
LINE
  8
Gravur
 62
   255
 39
0.016
  6
CONTINUOUS
 10
2.77459
 20
6.31598
 30
 0
 11
2.77939
 21
6.31691
  0
LINE
  8
Gravur
 62
   255
 39
0.016
  6
CONTINUOUS
 10
2.77939
 20
6.31691
 30
 0
 11
2.78035
 21
6.31698
  0
LINE
  8
Gravur
 62
   255
 39
0.016
  6
CONTINUOUS
 10
2.78035
 20
6.31698
 30
 0
 11
2.78035
 21
6.31698
  0
LINE
  8
Gravur
 62
   255
 39
0.016
  6
CONTINUOUS
 10
2.78035
 20
6.31698
 30
 0
 11
2.78320
 21
6.31700
  0
LINE
  8
Gravur
 62
   255
 39
0.016
  6
CONTINUOUS
 10
2.78320
 20
6.31700
 30
 0
 11
2.78604
 21
6.31676
  0
LINE
  8
Gravur
 62
   255
 39
0.016
  6
CONTINUOUS
 10
2.78604
 20
6.31676
 30
 0
 11
2.78887
 21
6.31627
  0
LINE
  8
Gravur
 62
   255
 39
0.016
  6
CONTINUOUS
 10
2.78887
 20
6.31627
 30
 0
 11
2.79166
 21
6.31556
  0
LINE
  8
Gravur
 62
   255
 39
0.016
  6
CONTINUOUS
 10
2.79166
 20
6.31556
 30
 0
 11
2.79166
 21
6.31556
  0
LINE
  8
Gravur
 62
   255
 39
0.016
  6
CONTINUOUS
 10
2.79166
 20
6.31556
 30
 0
 11
2.79624
 21
6.31395
  0
LINE
  8
Gravur
 62
   255
 39
0.016
  6
CONTINUOUS
 10
2.79624
 20
6.31395
 30
 0
 11
2.80057
 21
6.31191
  0
LINE
  8
Gravur
 62
   255
 39
0.016
  6
CONTINUOUS
 10
2.82094
 20
6.31575
 30
 0
 11
2.82135
 21
6.31137
  0
LINE
  8
Gravur
 62
   255
 39
0.016
  6
CONTINUOUS
 10
2.82135
 20
6.31137
 30
 0
 11
2.82140
 21
6.31097
  0
LINE
  8
Gravur
 62
   255
 39
0.016
  6
CONTINUOUS
 10
2.82140
 20
6.31097
 30
 0
 11
2.82140
 21
6.31097
  0
LINE
  8
Gravur
 62
   255
 39
0.016
  6
CONTINUOUS
 10
2.82140
 20
6.31097
 30
 0
 11
2.82189
 21
6.30755
  0
LINE
  8
Gravur
 62
   255
 39
0.016
  6
CONTINUOUS
 10
2.82189
 20
6.30755
 30
 0
 11
2.82198
 21
6.30687
  0
LINE
  8
Gravur
 62
   255
 39
0.016
  6
CONTINUOUS
 10
2.82198
 20
6.30687
 30
 0
 11
2.82395
 21
6.29057
  0
LINE
  8
Gravur
 62
   255
 39
0.016
  6
CONTINUOUS
 10
2.82395
 20
6.29057
 30
 0
 11
2.82944
 21
6.24485
  0
LINE
  8
Gravur
 62
   255
 39
0.016
  6
CONTINUOUS
 10
2.82944
 20
6.24485
 30
 0
 11
2.83155
 21
6.22736
  0
LINE
  8
Gravur
 62
   255
 39
0.016
  6
CONTINUOUS
 10
2.83155
 20
6.22736
 30
 0
 11
2.83165
 21
6.22584
  0
LINE
  8
Gravur
 62
   255
 39
0.016
  6
CONTINUOUS
 10
2.83165
 20
6.22584
 30
 0
 11
2.83167
 21
6.22566
  0
LINE
  8
Gravur
 62
   255
 39
0.016
  6
CONTINUOUS
 10
2.83167
 20
6.22566
 30
 0
 11
2.83167
 21
6.22566
  0
LINE
  8
Gravur
 62
   255
 39
0.016
  6
CONTINUOUS
 10
2.83167
 20
6.22566
 30
 0
 11
2.83197
 21
6.22405
  0
LINE
  8
Gravur
 62
   255
 39
0.016
  6
CONTINUOUS
 10
2.83197
 20
6.22405
 30
 0
 11
2.83209
 21
6.22378
  0
LINE
  8
Gravur
 62
   255
 39
0.016
  6
CONTINUOUS
 10
2.83209
 20
6.22378
 30
 0
 11
2.83297
 21
6.22292
  0
LINE
  8
Gravur
 62
   255
 39
0.016
  6
CONTINUOUS
 10
2.83297
 20
6.22292
 30
 0
 11
2.83307
 21
6.22290
  0
LINE
  8
Gravur
 62
   255
 39
0.016
  6
CONTINUOUS
 10
2.83307
 20
6.22290
 30
 0
 11
2.83307
 21
6.22290
  0
LINE
  8
Gravur
 62
   255
 39
0.016
  6
CONTINUOUS
 10
2.83307
 20
6.22290
 30
 0
 11
2.83377
 21
6.22306
  0
LINE
  8
Gravur
 62
   255
 39
0.016
  6
CONTINUOUS
 10
2.83377
 20
6.22306
 30
 0
 11
2.83392
 21
6.22317
  0
LINE
  8
Gravur
 62
   255
 39
0.016
  6
CONTINUOUS
 10
2.83392
 20
6.22317
 30
 0
 11
2.83407
 21
6.22331
  0
LINE
  8
Gravur
 62
   255
 39
0.016
  6
CONTINUOUS
 10
2.83407
 20
6.22331
 30
 0
 11
2.83421
 21
6.22346
  0
LINE
  8
Gravur
 62
   255
 39
0.016
  6
CONTINUOUS
 10
2.83421
 20
6.22346
 30
 0
 11
2.83421
 21
6.22346
  0
LINE
  8
Gravur
 62
   255
 39
0.016
  6
CONTINUOUS
 10
2.83421
 20
6.22346
 30
 0
 11
2.83473
 21
6.22447
  0
LINE
  8
Gravur
 62
   255
 39
0.016
  6
CONTINUOUS
 10
2.83473
 20
6.22447
 30
 0
 11
2.83498
 21
6.22566
  0
LINE
  8
Gravur
 62
   255
 39
0.016
  6
CONTINUOUS
 10
2.83498
 20
6.22566
 30
 0
 11
2.83498
 21
6.22566
  0
LINE
  8
Gravur
 62
   255
 39
0.016
  6
CONTINUOUS
 10
2.83498
 20
6.22566
 30
 0
 11
2.83509
 21
6.22661
  0
LINE
  8
Gravur
 62
   255
 39
0.016
  6
CONTINUOUS
 10
2.83509
 20
6.22661
 30
 0
 11
2.83520
 21
6.22749
  0
LINE
  8
Gravur
 62
   255
 39
0.016
  6
CONTINUOUS
 10
2.83520
 20
6.22749
 30
 0
 11
2.83694
 21
6.23876
  0
LINE
  8
Gravur
 62
   255
 39
0.016
  6
CONTINUOUS
 10
2.83694
 20
6.23876
 30
 0
 11
2.84396
 21
6.28395
  0
LINE
  8
Gravur
 62
   255
 39
0.016
  6
CONTINUOUS
 10
2.84396
 20
6.28395
 30
 0
 11
2.84612
 21
6.29786
  0
LINE
  8
Gravur
 62
   255
 39
0.016
  6
CONTINUOUS
 10
2.84612
 20
6.29786
 30
 0
 11
2.84627
 21
6.29948
  0
LINE
  8
Gravur
 62
   255
 39
0.016
  6
CONTINUOUS
 10
2.84627
 20
6.29948
 30
 0
 11
2.84630
 21
6.29974
  0
LINE
  8
Gravur
 62
   255
 39
0.016
  6
CONTINUOUS
 10
2.84630
 20
6.29974
 30
 0
 11
2.84630
 21
6.29974
  0
LINE
  8
Gravur
 62
   255
 39
0.016
  6
CONTINUOUS
 10
2.84630
 20
6.29974
 30
 0
 11
2.84684
 21
6.30148
  0
LINE
  8
Gravur
 62
   255
 39
0.016
  6
CONTINUOUS
 10
2.84684
 20
6.30148
 30
 0
 11
2.84720
 21
6.30186
  0
LINE
  8
Gravur
 62
   255
 39
0.016
  6
CONTINUOUS
 10
2.84720
 20
6.30186
 30
 0
 11
2.84720
 21
6.30186
  0
LINE
  8
Gravur
 62
   255
 39
0.016
  6
CONTINUOUS
 10
2.84720
 20
6.30186
 30
 0
 11
2.84754
 21
6.30203
  0
LINE
  8
Gravur
 62
   255
 39
0.016
  6
CONTINUOUS
 10
2.84754
 20
6.30203
 30
 0
 11
2.84797
 21
6.30210
  0
LINE
  8
Gravur
 62
   255
 39
0.016
  6
CONTINUOUS
 10
2.84797
 20
6.30210
 30
 0
 11
2.84858
 21
6.30196
  0
LINE
  8
Gravur
 62
   255
 39
0.016
  6
CONTINUOUS
 10
2.84858
 20
6.30196
 30
 0
 11
2.84875
 21
6.30185
  0
LINE
  8
Gravur
 62
   255
 39
0.016
  6
CONTINUOUS
 10
2.84875
 20
6.30185
 30
 0
 11
2.84875
 21
6.30185
  0
LINE
  8
Gravur
 62
   255
 39
0.016
  6
CONTINUOUS
 10
2.84875
 20
6.30185
 30
 0
 11
2.84935
 21
6.30097
  0
LINE
  8
Gravur
 62
   255
 39
0.016
  6
CONTINUOUS
 10
2.84935
 20
6.30097
 30
 0
 11
2.84962
 21
6.29974
  0
LINE
  8
Gravur
 62
   255
 39
0.016
  6
CONTINUOUS
 10
2.84962
 20
6.29974
 30
 0
 11
2.84962
 21
6.29974
  0
LINE
  8
Gravur
 62
   255
 39
0.016
  6
CONTINUOUS
 10
2.84962
 20
6.29974
 30
 0
 11
2.84972
 21
6.29872
  0
LINE
  8
Gravur
 62
   255
 39
0.016
  6
CONTINUOUS
 10
2.84972
 20
6.29872
 30
 0
 11
2.84982
 21
6.29786
  0
LINE
  8
Gravur
 62
   255
 39
0.016
  6
CONTINUOUS
 10
2.84982
 20
6.29786
 30
 0
 11
2.85198
 21
6.28395
  0
LINE
  8
Gravur
 62
   255
 39
0.016
  6
CONTINUOUS
 10
2.85198
 20
6.28395
 30
 0
 11
2.85893
 21
6.23902
  0
LINE
  8
Gravur
 62
   255
 39
0.016
  6
CONTINUOUS
 10
2.85893
 20
6.23902
 30
 0
 11
2.86070
 21
6.22749
  0
LINE
  8
Gravur
 62
   255
 39
0.016
  6
CONTINUOUS
 10
2.86070
 20
6.22749
 30
 0
 11
2.86090
 21
6.22576
  0
LINE
  8
Gravur
 62
   255
 39
0.016
  6
CONTINUOUS
 10
2.86090
 20
6.22576
 30
 0
 11
2.86092
 21
6.22555
  0
LINE
  8
Gravur
 62
   255
 39
0.016
  6
CONTINUOUS
 10
2.86092
 20
6.22555
 30
 0
 11
2.86092
 21
6.22555
  0
LINE
  8
Gravur
 62
   255
 39
0.016
  6
CONTINUOUS
 10
2.86092
 20
6.22555
 30
 0
 11
2.86156
 21
6.22354
  0
LINE
  8
Gravur
 62
   255
 39
0.016
  6
CONTINUOUS
 10
2.86156
 20
6.22354
 30
 0
 11
2.86180
 21
6.22325
  0
LINE
  8
Gravur
 62
   255
 39
0.016
  6
CONTINUOUS
 10
2.86180
 20
6.22325
 30
 0
 11
2.86180
 21
6.22325
  0
LINE
  8
Gravur
 62
   255
 39
0.016
  6
CONTINUOUS
 10
2.86180
 20
6.22325
 30
 0
 11
2.86185
 21
6.22321
  0
LINE
  8
Gravur
 62
   255
 39
0.016
  6
CONTINUOUS
 10
2.86185
 20
6.22321
 30
 0
 11
2.86189
 21
6.22317
  0
LINE
  8
Gravur
 62
   255
 39
0.016
  6
CONTINUOUS
 10
2.86189
 20
6.22317
 30
 0
 11
2.86263
 21
6.22288
  0
LINE
  8
Gravur
 62
   255
 39
0.016
  6
CONTINUOUS
 10
2.86263
 20
6.22288
 30
 0
 11
2.86273
 21
6.22289
  0
LINE
  8
Gravur
 62
   255
 39
0.016
  6
CONTINUOUS
 10
2.86273
 20
6.22289
 30
 0
 11
2.86273
 21
6.22289
  0
LINE
  8
Gravur
 62
   255
 39
0.016
  6
CONTINUOUS
 10
2.86273
 20
6.22289
 30
 0
 11
2.86359
 21
6.22356
  0
LINE
  8
Gravur
 62
   255
 39
0.016
  6
CONTINUOUS
 10
2.86359
 20
6.22356
 30
 0
 11
2.86372
 21
6.22378
  0
LINE
  8
Gravur
 62
   255
 39
0.016
  6
CONTINUOUS
 10
2.86372
 20
6.22378
 30
 0
 11
2.86413
 21
6.22549
  0
LINE
  8
Gravur
 62
   255
 39
0.016
  6
CONTINUOUS
 10
2.86413
 20
6.22549
 30
 0
 11
2.86414
 21
6.22566
  0
LINE
  8
Gravur
 62
   255
 39
0.016
  6
CONTINUOUS
 10
2.86414
 20
6.22566
 30
 0
 11
2.86414
 21
6.22566
  0
LINE
  8
Gravur
 62
   255
 39
0.016
  6
CONTINUOUS
 10
2.86414
 20
6.22566
 30
 0
 11
2.86424
 21
6.22711
  0
LINE
  8
Gravur
 62
   255
 39
0.016
  6
CONTINUOUS
 10
2.86424
 20
6.22711
 30
 0
 11
2.86426
 21
6.22736
  0
LINE
  8
Gravur
 62
   255
 39
0.016
  6
CONTINUOUS
 10
2.86426
 20
6.22736
 30
 0
 11
2.86637
 21
6.24485
  0
LINE
  8
Gravur
 62
   255
 39
0.016
  6
CONTINUOUS
 10
2.86637
 20
6.24485
 30
 0
 11
2.86894
 21
6.26558
  0
LINE
  8
Gravur
 62
   255
 39
0.016
  6
CONTINUOUS
 10
2.86894
 20
6.26558
 30
 0
 11
2.86922
 21
6.26788
  0
LINE
  8
Gravur
 62
   255
 39
0.016
  6
CONTINUOUS
 10
2.86922
 20
6.26788
 30
 0
 11
2.86922
 21
6.26788
  0
LINE
  8
Gravur
 62
   255
 39
0.016
  6
CONTINUOUS
 10
2.86922
 20
6.26788
 30
 0
 11
2.87177
 21
6.28933
  0
LINE
  8
Gravur
 62
   255
 39
0.016
  6
CONTINUOUS
 10
2.87177
 20
6.28933
 30
 0
 11
2.87225
 21
6.29362
  0
LINE
  8
Gravur
 62
   255
 39
0.016
  6
CONTINUOUS
 10
2.87225
 20
6.29362
 30
 0
 11
2.87398
 21
6.30793
  0
LINE
  8
Gravur
 62
   255
 39
0.016
  6
CONTINUOUS
 10
2.87398
 20
6.30793
 30
 0
 11
2.87445
 21
6.31119
  0
LINE
  8
Gravur
 62
   255
 39
0.016
  6
CONTINUOUS
 10
2.87445
 20
6.31119
 30
 0
 11
2.87450
 21
6.31155
  0
LINE
  8
Gravur
 62
   255
 39
0.016
  6
CONTINUOUS
 10
2.87450
 20
6.31155
 30
 0
 11
2.87450
 21
6.31155
  0
LINE
  8
Gravur
 62
   255
 39
0.016
  6
CONTINUOUS
 10
2.87450
 20
6.31155
 30
 0
 11
2.87485
 21
6.31505
  0
LINE
  8
Gravur
 62
   255
 39
0.016
  6
CONTINUOUS
 10
2.87485
 20
6.31505
 30
 0
 11
2.87487
 21
6.31575
  0
LINE
  8
Gravur
 62
   255
 39
0.016
  6
CONTINUOUS
 10
2.93473
 20
6.22153
 30
 0
 11
2.90545
 21
6.22153
  0
LINE
  8
Gravur
 62
   255
 39
0.016
  6
CONTINUOUS
 10
2.90545
 20
6.22153
 30
 0
 11
2.89789
 21
6.22153
  0
LINE
  8
Gravur
 62
   255
 39
0.016
  6
CONTINUOUS
 10
2.89789
 20
6.22153
 30
 0
 11
2.89520
 21
6.22168
  0
LINE
  8
Gravur
 62
   255
 39
0.016
  6
CONTINUOUS
 10
2.89520
 20
6.22168
 30
 0
 11
2.89498
 21
6.22286
  0
LINE
  8
Gravur
 62
   255
 39
0.016
  6
CONTINUOUS
 10
2.89498
 20
6.22286
 30
 0
 11
2.89498
 21
6.22617
  0
LINE
  8
Gravur
 62
   255
 39
0.016
  6
CONTINUOUS
 10
2.89498
 20
6.22617
 30
 0
 11
2.89498
 21
6.23982
  0
LINE
  8
Gravur
 62
   255
 39
0.016
  6
CONTINUOUS
 10
2.89498
 20
6.23982
 30
 0
 11
2.89498
 21
6.29521
  0
LINE
  8
Gravur
 62
   255
 39
0.016
  6
CONTINUOUS
 10
2.89498
 20
6.29521
 30
 0
 11
2.89498
 21
6.31045
  0
LINE
  8
Gravur
 62
   255
 39
0.016
  6
CONTINUOUS
 10
2.89498
 20
6.31045
 30
 0
 11
2.89498
 21
6.31416
  0
LINE
  8
Gravur
 62
   255
 39
0.016
  6
CONTINUOUS
 10
2.89498
 20
6.31416
 30
 0
 11
2.89520
 21
6.31546
  0
LINE
  8
Gravur
 62
   255
 39
0.016
  6
CONTINUOUS
 10
2.89520
 20
6.31546
 30
 0
 11
2.89789
 21
6.31562
  0
LINE
  8
Gravur
 62
   255
 39
0.016
  6
CONTINUOUS
 10
2.89789
 20
6.31562
 30
 0
 11
2.90545
 21
6.31562
  0
LINE
  8
Gravur
 62
   255
 39
0.016
  6
CONTINUOUS
 10
2.90545
 20
6.31562
 30
 0
 11
2.93473
 21
6.31562
  0
LINE
  8
Gravur
 62
   255
 39
0.016
  6
CONTINUOUS
 10
2.89511
 20
6.27321
 30
 0
 11
2.93341
 21
6.27321
  0
LINE
  8
Gravur
 62
   255
 39
0.016
  6
CONTINUOUS
 10
3.00095
 20
6.22153
 30
 0
 11
2.97167
 21
6.22153
  0
LINE
  8
Gravur
 62
   255
 39
0.016
  6
CONTINUOUS
 10
2.97167
 20
6.22153
 30
 0
 11
2.96411
 21
6.22153
  0
LINE
  8
Gravur
 62
   255
 39
0.016
  6
CONTINUOUS
 10
2.96411
 20
6.22153
 30
 0
 11
2.96143
 21
6.22168
  0
LINE
  8
Gravur
 62
   255
 39
0.016
  6
CONTINUOUS
 10
2.96143
 20
6.22168
 30
 0
 11
2.96120
 21
6.22286
  0
LINE
  8
Gravur
 62
   255
 39
0.016
  6
CONTINUOUS
 10
2.96120
 20
6.22286
 30
 0
 11
2.96120
 21
6.22617
  0
LINE
  8
Gravur
 62
   255
 39
0.016
  6
CONTINUOUS
 10
2.96120
 20
6.22617
 30
 0
 11
2.96120
 21
6.23982
  0
LINE
  8
Gravur
 62
   255
 39
0.016
  6
CONTINUOUS
 10
2.96120
 20
6.23982
 30
 0
 11
2.96120
 21
6.29521
  0
LINE
  8
Gravur
 62
   255
 39
0.016
  6
CONTINUOUS
 10
2.96120
 20
6.29521
 30
 0
 11
2.96120
 21
6.31045
  0
LINE
  8
Gravur
 62
   255
 39
0.016
  6
CONTINUOUS
 10
2.96120
 20
6.31045
 30
 0
 11
2.96120
 21
6.31416
  0
LINE
  8
Gravur
 62
   255
 39
0.016
  6
CONTINUOUS
 10
2.96120
 20
6.31416
 30
 0
 11
2.96143
 21
6.31546
  0
LINE
  8
Gravur
 62
   255
 39
0.016
  6
CONTINUOUS
 10
2.96143
 20
6.31546
 30
 0
 11
2.96411
 21
6.31562
  0
LINE
  8
Gravur
 62
   255
 39
0.016
  6
CONTINUOUS
 10
2.96411
 20
6.31562
 30
 0
 11
2.97167
 21
6.31562
  0
LINE
  8
Gravur
 62
   255
 39
0.016
  6
CONTINUOUS
 10
2.97167
 20
6.31562
 30
 0
 11
3.00095
 21
6.31562
  0
LINE
  8
Gravur
 62
   255
 39
0.016
  6
CONTINUOUS
 10
2.96133
 20
6.27321
 30
 0
 11
2.99963
 21
6.27321
  0
LINE
  8
Gravur
 62
   255
 39
0.016
  6
CONTINUOUS
 10
3.02808
 20
6.26182
 30
 0
 11
3.02808
 21
6.30130
  0
LINE
  8
Gravur
 62
   255
 39
0.016
  6
CONTINUOUS
 10
3.02808
 20
6.30130
 30
 0
 11
3.02808
 21
6.31124
  0
LINE
  8
Gravur
 62
   255
 39
0.016
  6
CONTINUOUS
 10
3.02808
 20
6.31124
 30
 0
 11
3.02798
 21
6.31276
  0
LINE
  8
Gravur
 62
   255
 39
0.016
  6
CONTINUOUS
 10
3.02798
 20
6.31276
 30
 0
 11
3.02797
 21
6.31296
  0
LINE
  8
Gravur
 62
   255
 39
0.016
  6
CONTINUOUS
 10
3.02797
 20
6.31296
 30
 0
 11
3.02797
 21
6.31296
  0
LINE
  8
Gravur
 62
   255
 39
0.016
  6
CONTINUOUS
 10
3.02797
 20
6.31296
 30
 0
 11
3.02817
 21
6.31466
  0
LINE
  8
Gravur
 62
   255
 39
0.016
  6
CONTINUOUS
 10
3.02817
 20
6.31466
 30
 0
 11
3.02831
 21
6.31488
  0
LINE
  8
Gravur
 62
   255
 39
0.016
  6
CONTINUOUS
 10
3.02831
 20
6.31488
 30
 0
 11
3.03003
 21
6.31564
  0
LINE
  8
Gravur
 62
   255
 39
0.016
  6
CONTINUOUS
 10
3.03003
 20
6.31564
 30
 0
 11
3.03023
 21
6.31569
  0
LINE
  8
Gravur
 62
   255
 39
0.016
  6
CONTINUOUS
 10
3.03023
 20
6.31569
 30
 0
 11
3.03023
 21
6.31569
  0
LINE
  8
Gravur
 62
   255
 39
0.016
  6
CONTINUOUS
 10
3.03023
 20
6.31569
 30
 0
 11
3.03181
 21
6.31594
  0
LINE
  8
Gravur
 62
   255
 39
0.016
  6
CONTINUOUS
 10
3.03181
 20
6.31594
 30
 0
 11
3.03206
 21
6.31598
  0
LINE
  8
Gravur
 62
   255
 39
0.016
  6
CONTINUOUS
 10
3.03206
 20
6.31598
 30
 0
 11
3.03708
 21
6.31667
  0
LINE
  8
Gravur
 62
   255
 39
0.016
  6
CONTINUOUS
 10
3.03708
 20
6.31667
 30
 0
 11
3.03754
 21
6.31671
  0
LINE
  8
Gravur
 62
   255
 39
0.016
  6
CONTINUOUS
 10
3.03754
 20
6.31671
 30
 0
 11
3.03754
 21
6.31671
  0
LINE
  8
Gravur
 62
   255
 39
0.016
  6
CONTINUOUS
 10
3.03754
 20
6.31671
 30
 0
 11
3.04191
 21
6.31693
  0
LINE
  8
Gravur
 62
   255
 39
0.016
  6
CONTINUOUS
 10
3.04191
 20
6.31693
 30
 0
 11
3.04279
 21
6.31694
  0
LINE
  8
Gravur
 62
   255
 39
0.016
  6
CONTINUOUS
 10
3.04279
 20
6.31694
 30
 0
 11
3.04808
 21
6.31670
  0
LINE
  8
Gravur
 62
   255
 39
0.016
  6
CONTINUOUS
 10
3.04808
 20
6.31670
 30
 0
 11
3.04866
 21
6.31664
  0
LINE
  8
Gravur
 62
   255
 39
0.016
  6
CONTINUOUS
 10
3.04866
 20
6.31664
 30
 0
 11
3.04866
 21
6.31664
  0
LINE
  8
Gravur
 62
   255
 39
0.016
  6
CONTINUOUS
 10
3.04866
 20
6.31664
 30
 0
 11
3.05451
 21
6.31547
  0
LINE
  8
Gravur
 62
   255
 39
0.016
  6
CONTINUOUS
 10
3.05451
 20
6.31547
 30
 0
 11
3.05564
 21
6.31510
  0
LINE
  8
Gravur
 62
   255
 39
0.016
  6
CONTINUOUS
 10
3.05564
 20
6.31510
 30
 0
 11
3.05861
 21
6.31382
  0
LINE
  8
Gravur
 62
   255
 39
0.016
  6
CONTINUOUS
 10
3.05861
 20
6.31382
 30
 0
 11
3.05893
 21
6.31365
  0
LINE
  8
Gravur
 62
   255
 39
0.016
  6
CONTINUOUS
 10
3.05893
 20
6.31365
 30
 0
 11
3.05893
 21
6.31365
  0
LINE
  8
Gravur
 62
   255
 39
0.016
  6
CONTINUOUS
 10
3.05893
 20
6.31365
 30
 0
 11
3.06163
 21
6.31194
  0
LINE
  8
Gravur
 62
   255
 39
0.016
  6
CONTINUOUS
 10
3.06163
 20
6.31194
 30
 0
 11
3.06214
 21
6.31155
  0
LINE
  8
Gravur
 62
   255
 39
0.016
  6
CONTINUOUS
 10
3.06214
 20
6.31155
 30
 0
 11
3.06505
 21
6.30861
  0
LINE
  8
Gravur
 62
   255
 39
0.016
  6
CONTINUOUS
 10
3.06505
 20
6.30861
 30
 0
 11
3.06586
 21
6.30750
  0
LINE
  8
Gravur
 62
   255
 39
0.016
  6
CONTINUOUS
 10
3.06586
 20
6.30750
 30
 0
 11
3.06586
 21
6.30750
  0
LINE
  8
Gravur
 62
   255
 39
0.016
  6
CONTINUOUS
 10
3.06586
 20
6.30750
 30
 0
 11
3.06867
 21
6.30170
  0
LINE
  8
Gravur
 62
   255
 39
0.016
  6
CONTINUOUS
 10
3.06867
 20
6.30170
 30
 0
 11
3.07011
 21
6.29525
  0
LINE
  8
Gravur
 62
   255
 39
0.016
  6
CONTINUOUS
 10
3.07011
 20
6.29525
 30
 0
 11
3.07011
 21
6.29525
  0
LINE
  8
Gravur
 62
   255
 39
0.016
  6
CONTINUOUS
 10
3.07011
 20
6.29525
 30
 0
 11
3.07048
 21
6.28991
  0
LINE
  8
Gravur
 62
   255
 39
0.016
  6
CONTINUOUS
 10
3.07048
 20
6.28991
 30
 0
 11
3.07034
 21
6.28474
  0
LINE
  8
Gravur
 62
   255
 39
0.016
  6
CONTINUOUS
 10
3.07034
 20
6.28474
 30
 0
 11
3.06979
 21
6.28002
  0
LINE
  8
Gravur
 62
   255
 39
0.016
  6
CONTINUOUS
 10
3.06979
 20
6.28002
 30
 0
 11
3.06970
 21
6.27950
  0
LINE
  8
Gravur
 62
   255
 39
0.016
  6
CONTINUOUS
 10
3.06970
 20
6.27950
 30
 0
 11
3.06970
 21
6.27950
  0
LINE
  8
Gravur
 62
   255
 39
0.016
  6
CONTINUOUS
 10
3.06970
 20
6.27950
 30
 0
 11
3.06836
 21
6.27455
  0
LINE
  8
Gravur
 62
   255
 39
0.016
  6
CONTINUOUS
 10
3.06836
 20
6.27455
 30
 0
 11
3.06798
 21
6.27361
  0
LINE
  8
Gravur
 62
   255
 39
0.016
  6
CONTINUOUS
 10
3.06798
 20
6.27361
 30
 0
 11
3.06589
 21
6.26988
  0
LINE
  8
Gravur
 62
   255
 39
0.016
  6
CONTINUOUS
 10
3.06589
 20
6.26988
 30
 0
 11
3.06506
 21
6.26881
  0
LINE
  8
Gravur
 62
   255
 39
0.016
  6
CONTINUOUS
 10
3.06506
 20
6.26881
 30
 0
 11
3.06220
 21
6.26606
  0
LINE
  8
Gravur
 62
   255
 39
0.016
  6
CONTINUOUS
 10
3.06220
 20
6.26606
 30
 0
 11
3.06114
 21
6.26529
  0
LINE
  8
Gravur
 62
   255
 39
0.016
  6
CONTINUOUS
 10
3.06114
 20
6.26529
 30
 0
 11
3.06114
 21
6.26529
  0
LINE
  8
Gravur
 62
   255
 39
0.016
  6
CONTINUOUS
 10
3.06114
 20
6.26529
 30
 0
 11
3.05895
 21
6.26399
  0
LINE
  8
Gravur
 62
   255
 39
0.016
  6
CONTINUOUS
 10
3.05895
 20
6.26399
 30
 0
 11
3.05662
 21
6.26294
  0
LINE
  8
Gravur
 62
   255
 39
0.016
  6
CONTINUOUS
 10
3.05662
 20
6.26294
 30
 0
 11
3.04901
 21
6.26104
  0
LINE
  8
Gravur
 62
   255
 39
0.016
  6
CONTINUOUS
 10
3.04901
 20
6.26104
 30
 0
 11
3.04636
 21
6.26076
  0
LINE
  8
Gravur
 62
   255
 39
0.016
  6
CONTINUOUS
 10
3.04636
 20
6.26076
 30
 0
 11
3.04636
 21
6.26076
  0
LINE
  8
Gravur
 62
   255
 39
0.016
  6
CONTINUOUS
 10
3.04636
 20
6.26076
 30
 0
 11
3.04484
 21
6.26067
  0
LINE
  8
Gravur
 62
   255
 39
0.016
  6
CONTINUOUS
 10
3.04484
 20
6.26067
 30
 0
 11
3.04332
 21
6.26062
  0
LINE
  8
Gravur
 62
   255
 39
0.016
  6
CONTINUOUS
 10
3.04332
 20
6.26062
 30
 0
 11
3.03794
 21
6.26079
  0
LINE
  8
Gravur
 62
   255
 39
0.016
  6
CONTINUOUS
 10
3.03794
 20
6.26079
 30
 0
 11
3.03745
 21
6.26082
  0
LINE
  8
Gravur
 62
   255
 39
0.016
  6
CONTINUOUS
 10
3.03745
 20
6.26082
 30
 0
 11
3.03745
 21
6.26082
  0
LINE
  8
Gravur
 62
   255
 39
0.016
  6
CONTINUOUS
 10
3.03745
 20
6.26082
 30
 0
 11
3.03328
 21
6.26125
  0
LINE
  8
Gravur
 62
   255
 39
0.016
  6
CONTINUOUS
 10
3.03328
 20
6.26125
 30
 0
 11
3.03245
 21
6.26136
  0
LINE
  8
Gravur
 62
   255
 39
0.016
  6
CONTINUOUS
 10
3.03245
 20
6.26136
 30
 0
 11
3.03073
 21
6.26166
  0
LINE
  8
Gravur
 62
   255
 39
0.016
  6
CONTINUOUS
 10
3.03073
 20
6.26166
 30
 0
 11
3.03050
 21
6.26169
  0
LINE
  8
Gravur
 62
   255
 39
0.016
  6
CONTINUOUS
 10
3.03050
 20
6.26169
 30
 0
 11
3.03050
 21
6.26169
  0
LINE
  8
Gravur
 62
   255
 39
0.016
  6
CONTINUOUS
 10
3.03050
 20
6.26169
 30
 0
 11
3.02855
 21
6.26166
  0
LINE
  8
Gravur
 62
   255
 39
0.016
  6
CONTINUOUS
 10
3.02855
 20
6.26166
 30
 0
 11
3.02831
 21
6.26153
  0
LINE
  8
Gravur
 62
   255
 39
0.016
  6
CONTINUOUS
 10
3.02831
 20
6.26153
 30
 0
 11
3.02801
 21
6.26035
  0
LINE
  8
Gravur
 62
   255
 39
0.016
  6
CONTINUOUS
 10
3.02801
 20
6.26035
 30
 0
 11
3.02801
 21
6.26021
  0
LINE
  8
Gravur
 62
   255
 39
0.016
  6
CONTINUOUS
 10
3.02801
 20
6.26021
 30
 0
 11
3.02801
 21
6.26021
  0
LINE
  8
Gravur
 62
   255
 39
0.016
  6
CONTINUOUS
 10
3.02801
 20
6.26021
 30
 0
 11
3.02808
 21
6.25918
  0
LINE
  8
Gravur
 62
   255
 39
0.016
  6
CONTINUOUS
 10
3.02808
 20
6.25918
 30
 0
 11
3.02808
 21
6.25903
  0
LINE
  8
Gravur
 62
   255
 39
0.016
  6
CONTINUOUS
 10
3.02808
 20
6.25903
 30
 0
 11
3.02808
 21
6.25161
  0
LINE
  8
Gravur
 62
   255
 39
0.016
  6
CONTINUOUS
 10
3.02808
 20
6.25161
 30
 0
 11
3.02808
 21
6.22166
  0
LINE
  8
Gravur
 62
   255
 39
0.016
  6
CONTINUOUS
 10
3.16251
 20
6.31562
 30
 0
 11
3.16251
 21
6.24485
  0
LINE
  8
Gravur
 62
   255
 39
0.016
  6
CONTINUOUS
 10
3.16251
 20
6.24485
 30
 0
 11
3.16251
 21
6.22749
  0
LINE
  8
Gravur
 62
   255
 39
0.016
  6
CONTINUOUS
 10
3.16251
 20
6.22749
 30
 0
 11
3.16251
 21
6.22325
  0
LINE
  8
Gravur
 62
   255
 39
0.016
  6
CONTINUOUS
 10
3.16251
 20
6.22325
 30
 0
 11
3.16274
 21
6.22168
  0
LINE
  8
Gravur
 62
   255
 39
0.016
  6
CONTINUOUS
 10
3.16274
 20
6.22168
 30
 0
 11
3.16529
 21
6.22153
  0
LINE
  8
Gravur
 62
   255
 39
0.016
  6
CONTINUOUS
 10
3.16529
 20
6.22153
 30
 0
 11
3.17232
 21
6.22153
  0
LINE
  8
Gravur
 62
   255
 39
0.016
  6
CONTINUOUS
 10
3.17232
 20
6.22153
 30
 0
 11
3.19961
 21
6.22153
  0
LINE
  8
Gravur
 62
   255
 39
0.016
  6
CONTINUOUS
 10
3.26583
 20
6.22153
 30
 0
 11
3.23655
 21
6.22153
  0
LINE
  8
Gravur
 62
   255
 39
0.016
  6
CONTINUOUS
 10
3.23655
 20
6.22153
 30
 0
 11
3.22899
 21
6.22153
  0
LINE
  8
Gravur
 62
   255
 39
0.016
  6
CONTINUOUS
 10
3.22899
 20
6.22153
 30
 0
 11
3.22631
 21
6.22168
  0
LINE
  8
Gravur
 62
   255
 39
0.016
  6
CONTINUOUS
 10
3.22631
 20
6.22168
 30
 0
 11
3.22608
 21
6.22286
  0
LINE
  8
Gravur
 62
   255
 39
0.016
  6
CONTINUOUS
 10
3.22608
 20
6.22286
 30
 0
 11
3.22608
 21
6.22617
  0
LINE
  8
Gravur
 62
   255
 39
0.016
  6
CONTINUOUS
 10
3.22608
 20
6.22617
 30
 0
 11
3.22608
 21
6.23982
  0
LINE
  8
Gravur
 62
   255
 39
0.016
  6
CONTINUOUS
 10
3.22608
 20
6.23982
 30
 0
 11
3.22608
 21
6.29521
  0
LINE
  8
Gravur
 62
   255
 39
0.016
  6
CONTINUOUS
 10
3.22608
 20
6.29521
 30
 0
 11
3.22608
 21
6.31045
  0
LINE
  8
Gravur
 62
   255
 39
0.016
  6
CONTINUOUS
 10
3.22608
 20
6.31045
 30
 0
 11
3.22608
 21
6.31416
  0
LINE
  8
Gravur
 62
   255
 39
0.016
  6
CONTINUOUS
 10
3.22608
 20
6.31416
 30
 0
 11
3.22631
 21
6.31546
  0
LINE
  8
Gravur
 62
   255
 39
0.016
  6
CONTINUOUS
 10
3.22631
 20
6.31546
 30
 0
 11
3.22899
 21
6.31562
  0
LINE
  8
Gravur
 62
   255
 39
0.016
  6
CONTINUOUS
 10
3.22899
 20
6.31562
 30
 0
 11
3.23655
 21
6.31562
  0
LINE
  8
Gravur
 62
   255
 39
0.016
  6
CONTINUOUS
 10
3.23655
 20
6.31562
 30
 0
 11
3.26583
 21
6.31562
  0
LINE
  8
Gravur
 62
   255
 39
0.016
  6
CONTINUOUS
 10
3.22621
 20
6.27321
 30
 0
 11
3.26451
 21
6.27321
  0
LINE
  8
Gravur
 62
   255
 39
0.016
  6
CONTINUOUS
 10
3.28673
 20
6.31575
 30
 0
 11
3.28759
 21
6.31181
  0
LINE
  8
Gravur
 62
   255
 39
0.016
  6
CONTINUOUS
 10
3.28759
 20
6.31181
 30
 0
 11
3.28768
 21
6.31145
  0
LINE
  8
Gravur
 62
   255
 39
0.016
  6
CONTINUOUS
 10
3.28768
 20
6.31145
 30
 0
 11
3.28768
 21
6.31145
  0
LINE
  8
Gravur
 62
   255
 39
0.016
  6
CONTINUOUS
 10
3.28768
 20
6.31145
 30
 0
 11
3.28852
 21
6.30840
  0
LINE
  8
Gravur
 62
   255
 39
0.016
  6
CONTINUOUS
 10
3.28852
 20
6.30840
 30
 0
 11
3.28867
 21
6.30780
  0
LINE
  8
Gravur
 62
   255
 39
0.016
  6
CONTINUOUS
 10
3.28867
 20
6.30780
 30
 0
 11
3.29265
 21
6.29203
  0
LINE
  8
Gravur
 62
   255
 39
0.016
  6
CONTINUOUS
 10
3.29265
 20
6.29203
 30
 0
 11
3.30491
 21
6.24313
  0
LINE
  8
Gravur
 62
   255
 39
0.016
  6
CONTINUOUS
 10
3.30491
 20
6.24313
 30
 0
 11
3.30915
 21
6.22617
  0
LINE
  8
Gravur
 62
   255
 39
0.016
  6
CONTINUOUS
 10
3.30915
 20
6.22617
 30
 0
 11
3.30948
 21
6.22440
  0
LINE
  8
Gravur
 62
   255
 39
0.016
  6
CONTINUOUS
 10
3.30948
 20
6.22440
 30
 0
 11
3.30954
 21
6.22412
  0
LINE
  8
Gravur
 62
   255
 39
0.016
  6
CONTINUOUS
 10
3.30954
 20
6.22412
 30
 0
 11
3.30954
 21
6.22412
  0
LINE
  8
Gravur
 62
   255
 39
0.016
  6
CONTINUOUS
 10
3.30954
 20
6.22412
 30
 0
 11
3.31031
 21
6.22212
  0
LINE
  8
Gravur
 62
   255
 39
0.016
  6
CONTINUOUS
 10
3.31031
 20
6.22212
 30
 0
 11
3.31075
 21
6.22171
  0
LINE
  8
Gravur
 62
   255
 39
0.016
  6
CONTINUOUS
 10
3.31075
 20
6.22171
 30
 0
 11
3.31075
 21
6.22171
  0
LINE
  8
Gravur
 62
   255
 39
0.016
  6
CONTINUOUS
 10
3.31075
 20
6.22171
 30
 0
 11
3.31137
 21
6.22150
  0
LINE
  8
Gravur
 62
   255
 39
0.016
  6
CONTINUOUS
 10
3.31137
 20
6.22150
 30
 0
 11
3.31217
 21
6.22159
  0
LINE
  8
Gravur
 62
   255
 39
0.016
  6
CONTINUOUS
 10
3.31217
 20
6.22159
 30
 0
 11
3.31253
 21
6.22179
  0
LINE
  8
Gravur
 62
   255
 39
0.016
  6
CONTINUOUS
 10
3.31253
 20
6.22179
 30
 0
 11
3.31259
 21
6.22185
  0
LINE
  8
Gravur
 62
   255
 39
0.016
  6
CONTINUOUS
 10
3.31259
 20
6.22185
 30
 0
 11
3.31259
 21
6.22185
  0
LINE
  8
Gravur
 62
   255
 39
0.016
  6
CONTINUOUS
 10
3.31259
 20
6.22185
 30
 0
 11
3.31285
 21
6.22235
  0
LINE
  8
Gravur
 62
   255
 39
0.016
  6
CONTINUOUS
 10
3.31285
 20
6.22235
 30
 0
 11
3.31291
 21
6.22254
  0
LINE
  8
Gravur
 62
   255
 39
0.016
  6
CONTINUOUS
 10
3.31291
 20
6.22254
 30
 0
 11
3.31291
 21
6.22254
  0
LINE
  8
Gravur
 62
   255
 39
0.016
  6
CONTINUOUS
 10
3.31291
 20
6.22254
 30
 0
 11
3.31297
 21
6.22277
  0
LINE
  8
Gravur
 62
   255
 39
0.016
  6
CONTINUOUS
 10
3.31297
 20
6.22277
 30
 0
 11
3.31302
 21
6.22299
  0
LINE
  8
Gravur
 62
   255
 39
0.016
  6
CONTINUOUS
 10
3.31302
 20
6.22299
 30
 0
 11
3.31405
 21
6.22710
  0
LINE
  8
Gravur
 62
   255
 39
0.016
  6
CONTINUOUS
 10
3.31405
 20
6.22710
 30
 0
 11
3.31839
 21
6.24432
  0
LINE
  8
Gravur
 62
   255
 39
0.016
  6
CONTINUOUS
 10
3.31839
 20
6.24432
 30
 0
 11
3.33002
 21
6.29070
  0
LINE
  8
Gravur
 62
   255
 39
0.016
  6
CONTINUOUS
 10
3.33002
 20
6.29070
 30
 0
 11
3.33257
 21
6.30121
  0
LINE
  8
Gravur
 62
   255
 39
0.016
  6
CONTINUOUS
 10
3.33257
 20
6.30121
 30
 0
 11
3.33286
 21
6.30238
  0
LINE
  8
Gravur
 62
   255
 39
0.016
  6
CONTINUOUS
 10
3.33286
 20
6.30238
 30
 0
 11
3.33286
 21
6.30238
  0
LINE
  8
Gravur
 62
   255
 39
0.016
  6
CONTINUOUS
 10
3.33286
 20
6.30238
 30
 0
 11
3.33569
 21
6.31353
  0
LINE
  8
Gravur
 62
   255
 39
0.016
  6
CONTINUOUS
 10
3.33569
 20
6.31353
 30
 0
 11
3.33629
 21
6.31575
  0
LINE
  8
Gravur
 62
   255
 39
0.016
  6
CONTINUOUS
 10
3.39827
 20
6.22153
 30
 0
 11
3.36899
 21
6.22153
  0
LINE
  8
Gravur
 62
   255
 39
0.016
  6
CONTINUOUS
 10
3.36899
 20
6.22153
 30
 0
 11
3.36144
 21
6.22153
  0
LINE
  8
Gravur
 62
   255
 39
0.016
  6
CONTINUOUS
 10
3.36144
 20
6.22153
 30
 0
 11
3.35875
 21
6.22168
  0
LINE
  8
Gravur
 62
   255
 39
0.016
  6
CONTINUOUS
 10
3.35875
 20
6.22168
 30
 0
 11
3.35852
 21
6.22286
  0
LINE
  8
Gravur
 62
   255
 39
0.016
  6
CONTINUOUS
 10
3.35852
 20
6.22286
 30
 0
 11
3.35852
 21
6.22617
  0
LINE
  8
Gravur
 62
   255
 39
0.016
  6
CONTINUOUS
 10
3.35852
 20
6.22617
 30
 0
 11
3.35852
 21
6.23982
  0
LINE
  8
Gravur
 62
   255
 39
0.016
  6
CONTINUOUS
 10
3.35852
 20
6.23982
 30
 0
 11
3.35852
 21
6.29521
  0
LINE
  8
Gravur
 62
   255
 39
0.016
  6
CONTINUOUS
 10
3.35852
 20
6.29521
 30
 0
 11
3.35852
 21
6.31045
  0
LINE
  8
Gravur
 62
   255
 39
0.016
  6
CONTINUOUS
 10
3.35852
 20
6.31045
 30
 0
 11
3.35852
 21
6.31416
  0
LINE
  8
Gravur
 62
   255
 39
0.016
  6
CONTINUOUS
 10
3.35852
 20
6.31416
 30
 0
 11
3.35875
 21
6.31546
  0
LINE
  8
Gravur
 62
   255
 39
0.016
  6
CONTINUOUS
 10
3.35875
 20
6.31546
 30
 0
 11
3.36144
 21
6.31562
  0
LINE
  8
Gravur
 62
   255
 39
0.016
  6
CONTINUOUS
 10
3.36144
 20
6.31562
 30
 0
 11
3.36899
 21
6.31562
  0
LINE
  8
Gravur
 62
   255
 39
0.016
  6
CONTINUOUS
 10
3.36899
 20
6.31562
 30
 0
 11
3.39827
 21
6.31562
  0
LINE
  8
Gravur
 62
   255
 39
0.016
  6
CONTINUOUS
 10
3.35865
 20
6.27321
 30
 0
 11
3.39695
 21
6.27321
  0
LINE
  8
Gravur
 62
   255
 39
0.016
  6
CONTINUOUS
 10
3.42739
 20
6.31562
 30
 0
 11
3.42739
 21
6.24485
  0
LINE
  8
Gravur
 62
   255
 39
0.016
  6
CONTINUOUS
 10
3.42739
 20
6.24485
 30
 0
 11
3.42739
 21
6.22749
  0
LINE
  8
Gravur
 62
   255
 39
0.016
  6
CONTINUOUS
 10
3.42739
 20
6.22749
 30
 0
 11
3.42739
 21
6.22325
  0
LINE
  8
Gravur
 62
   255
 39
0.016
  6
CONTINUOUS
 10
3.42739
 20
6.22325
 30
 0
 11
3.42762
 21
6.22168
  0
LINE
  8
Gravur
 62
   255
 39
0.016
  6
CONTINUOUS
 10
3.42762
 20
6.22168
 30
 0
 11
3.43017
 21
6.22153
  0
LINE
  8
Gravur
 62
   255
 39
0.016
  6
CONTINUOUS
 10
3.43017
 20
6.22153
 30
 0
 11
3.43720
 21
6.22153
  0
LINE
  8
Gravur
 62
   255
 39
0.016
  6
CONTINUOUS
 10
3.43720
 20
6.22153
 30
 0
 11
3.46450
 21
6.22153
  0
LINE
  8
Gravur
 62
   255
 39
0.024
  6
CONTINUOUS
 10
3.31172
 20
5.00540
 30
 0
 11
3.41269
 21
4.83688
  0
CIRCLE
  8
Gravur
 62
   255
 39
0.016
  6
CONTINUOUS
 10
3.09098
 20
5.39846
 30
 0
 40
0.64961
  0
LINE
  8
Gravur
 62
   255
 39
0.024
  6
CONTINUOUS
 10
2.86024
 20
5.00554
 30
 0
 11
2.76039
 21
4.83864
  0
LINE
  8
Gravur
 62
   255
 39
0.016
  6
CONTINUOUS
 10
2.66300
 20
8.28106
 30
 0
 11
2.67014
 21
8.27713
  0
LINE
  8
Gravur
 62
   255
 39
0.016
  6
CONTINUOUS
 10
2.67014
 20
8.27713
 30
 0
 11
2.67119
 21
8.27669
  0
LINE
  8
Gravur
 62
   255
 39
0.016
  6
CONTINUOUS
 10
2.67119
 20
8.27669
 30
 0
 11
2.67442
 21
8.27560
  0
LINE
  8
Gravur
 62
   255
 39
0.016
  6
CONTINUOUS
 10
2.67442
 20
8.27560
 30
 0
 11
2.67552
 21
8.27531
  0
LINE
  8
Gravur
 62
   255
 39
0.016
  6
CONTINUOUS
 10
2.67552
 20
8.27531
 30
 0
 11
2.67552
 21
8.27531
  0
LINE
  8
Gravur
 62
   255
 39
0.016
  6
CONTINUOUS
 10
2.67552
 20
8.27531
 30
 0
 11
2.68101
 21
8.27446
  0
LINE
  8
Gravur
 62
   255
 39
0.016
  6
CONTINUOUS
 10
2.68101
 20
8.27446
 30
 0
 11
2.68289
 21
8.27440
  0
LINE
  8
Gravur
 62
   255
 39
0.016
  6
CONTINUOUS
 10
2.68289
 20
8.27440
 30
 0
 11
2.68479
 21
8.27447
  0
LINE
  8
Gravur
 62
   255
 39
0.016
  6
CONTINUOUS
 10
2.68479
 20
8.27447
 30
 0
 11
2.68672
 21
8.27466
  0
LINE
  8
Gravur
 62
   255
 39
0.016
  6
CONTINUOUS
 10
2.68672
 20
8.27466
 30
 0
 11
2.69076
 21
8.27555
  0
LINE
  8
Gravur
 62
   255
 39
0.016
  6
CONTINUOUS
 10
2.69076
 20
8.27555
 30
 0
 11
2.69132
 21
8.27574
  0
LINE
  8
Gravur
 62
   255
 39
0.016
  6
CONTINUOUS
 10
2.69132
 20
8.27574
 30
 0
 11
2.69132
 21
8.27574
  0
LINE
  8
Gravur
 62
   255
 39
0.016
  6
CONTINUOUS
 10
2.69132
 20
8.27574
 30
 0
 11
2.69494
 21
8.27744
  0
LINE
  8
Gravur
 62
   255
 39
0.016
  6
CONTINUOUS
 10
2.69494
 20
8.27744
 30
 0
 11
2.69605
 21
8.27819
  0
LINE
  8
Gravur
 62
   255
 39
0.016
  6
CONTINUOUS
 10
2.69605
 20
8.27819
 30
 0
 11
2.69605
 21
8.27819
  0
LINE
  8
Gravur
 62
   255
 39
0.016
  6
CONTINUOUS
 10
2.69605
 20
8.27819
 30
 0
 11
2.69705
 21
8.27898
  0
LINE
  8
Gravur
 62
   255
 39
0.016
  6
CONTINUOUS
 10
2.69705
 20
8.27898
 30
 0
 11
2.69797
 21
8.27987
  0
LINE
  8
Gravur
 62
   255
 39
0.016
  6
CONTINUOUS
 10
2.69797
 20
8.27987
 30
 0
 11
2.69965
 21
8.28189
  0
LINE
  8
Gravur
 62
   255
 39
0.016
  6
CONTINUOUS
 10
2.69965
 20
8.28189
 30
 0
 11
2.69979
 21
8.28208
  0
LINE
  8
Gravur
 62
   255
 39
0.016
  6
CONTINUOUS
 10
2.69979
 20
8.28208
 30
 0
 11
2.69979
 21
8.28208
  0
LINE
  8
Gravur
 62
   255
 39
0.016
  6
CONTINUOUS
 10
2.69979
 20
8.28208
 30
 0
 11
2.70105
 21
8.28409
  0
LINE
  8
Gravur
 62
   255
 39
0.016
  6
CONTINUOUS
 10
2.70105
 20
8.28409
 30
 0
 11
2.70127
 21
8.28450
  0
LINE
  8
Gravur
 62
   255
 39
0.016
  6
CONTINUOUS
 10
2.70127
 20
8.28450
 30
 0
 11
2.70255
 21
8.28779
  0
LINE
  8
Gravur
 62
   255
 39
0.016
  6
CONTINUOUS
 10
2.70255
 20
8.28779
 30
 0
 11
2.70268
 21
8.28827
  0
LINE
  8
Gravur
 62
   255
 39
0.016
  6
CONTINUOUS
 10
2.70268
 20
8.28827
 30
 0
 11
2.70268
 21
8.28827
  0
LINE
  8
Gravur
 62
   255
 39
0.016
  6
CONTINUOUS
 10
2.70268
 20
8.28827
 30
 0
 11
2.70339
 21
8.29199
  0
LINE
  8
Gravur
 62
   255
 39
0.016
  6
CONTINUOUS
 10
2.70339
 20
8.29199
 30
 0
 11
2.70355
 21
8.29324
  0
LINE
  8
Gravur
 62
   255
 39
0.016
  6
CONTINUOUS
 10
2.70355
 20
8.29324
 30
 0
 11
2.70355
 21
8.29324
  0
LINE
  8
Gravur
 62
   255
 39
0.016
  6
CONTINUOUS
 10
2.70355
 20
8.29324
 30
 0
 11
2.70363
 21
8.29404
  0
LINE
  8
Gravur
 62
   255
 39
0.016
  6
CONTINUOUS
 10
2.70363
 20
8.29404
 30
 0
 11
2.70371
 21
8.29484
  0
LINE
  8
Gravur
 62
   255
 39
0.016
  6
CONTINUOUS
 10
2.70371
 20
8.29484
 30
 0
 11
2.70376
 21
8.29962
  0
LINE
  8
Gravur
 62
   255
 39
0.016
  6
CONTINUOUS
 10
2.70376
 20
8.29962
 30
 0
 11
2.70373
 21
8.30007
  0
LINE
  8
Gravur
 62
   255
 39
0.016
  6
CONTINUOUS
 10
2.70373
 20
8.30007
 30
 0
 11
2.70373
 21
8.30007
  0
LINE
  8
Gravur
 62
   255
 39
0.016
  6
CONTINUOUS
 10
2.70373
 20
8.30007
 30
 0
 11
2.70304
 21
8.30436
  0
LINE
  8
Gravur
 62
   255
 39
0.016
  6
CONTINUOUS
 10
2.70304
 20
8.30436
 30
 0
 11
2.70283
 21
8.30518
  0
LINE
  8
Gravur
 62
   255
 39
0.016
  6
CONTINUOUS
 10
2.70283
 20
8.30518
 30
 0
 11
2.70225
 21
8.30715
  0
LINE
  8
Gravur
 62
   255
 39
0.016
  6
CONTINUOUS
 10
2.70225
 20
8.30715
 30
 0
 11
2.70215
 21
8.30743
  0
LINE
  8
Gravur
 62
   255
 39
0.016
  6
CONTINUOUS
 10
2.70215
 20
8.30743
 30
 0
 11
2.70215
 21
8.30743
  0
LINE
  8
Gravur
 62
   255
 39
0.016
  6
CONTINUOUS
 10
2.70215
 20
8.30743
 30
 0
 11
2.70129
 21
8.30966
  0
LINE
  8
Gravur
 62
   255
 39
0.016
  6
CONTINUOUS
 10
2.70129
 20
8.30966
 30
 0
 11
2.70094
 21
8.31037
  0
LINE
  8
Gravur
 62
   255
 39
0.016
  6
CONTINUOUS
 10
2.70094
 20
8.31037
 30
 0
 11
2.70094
 21
8.31037
  0
LINE
  8
Gravur
 62
   255
 39
0.016
  6
CONTINUOUS
 10
2.70094
 20
8.31037
 30
 0
 11
2.70063
 21
8.31096
  0
LINE
  8
Gravur
 62
   255
 39
0.016
  6
CONTINUOUS
 10
2.70063
 20
8.31096
 30
 0
 11
2.70028
 21
8.31154
  0
LINE
  8
Gravur
 62
   255
 39
0.016
  6
CONTINUOUS
 10
2.70028
 20
8.31154
 30
 0
 11
2.69668
 21
8.31597
  0
LINE
  8
Gravur
 62
   255
 39
0.016
  6
CONTINUOUS
 10
2.69668
 20
8.31597
 30
 0
 11
2.69531
 21
8.31724
  0
LINE
  8
Gravur
 62
   255
 39
0.016
  6
CONTINUOUS
 10
2.69531
 20
8.31724
 30
 0
 11
2.69531
 21
8.31724
  0
LINE
  8
Gravur
 62
   255
 39
0.016
  6
CONTINUOUS
 10
2.69531
 20
8.31724
 30
 0
 11
2.68975
 21
8.32127
  0
LINE
  8
Gravur
 62
   255
 39
0.016
  6
CONTINUOUS
 10
2.68975
 20
8.32127
 30
 0
 11
2.68371
 21
8.32473
  0
LINE
  8
Gravur
 62
   255
 39
0.016
  6
CONTINUOUS
 10
2.68371
 20
8.32473
 30
 0
 11
2.68371
 21
8.32473
  0
LINE
  8
Gravur
 62
   255
 39
0.016
  6
CONTINUOUS
 10
2.68371
 20
8.32473
 30
 0
 11
2.67721
 21
8.32842
  0
LINE
  8
Gravur
 62
   255
 39
0.016
  6
CONTINUOUS
 10
2.67721
 20
8.32842
 30
 0
 11
2.67128
 21
8.33275
  0
LINE
  8
Gravur
 62
   255
 39
0.016
  6
CONTINUOUS
 10
2.67128
 20
8.33275
 30
 0
 11
2.67128
 21
8.33275
  0
LINE
  8
Gravur
 62
   255
 39
0.016
  6
CONTINUOUS
 10
2.67128
 20
8.33275
 30
 0
 11
2.66834
 21
8.33578
  0
LINE
  8
Gravur
 62
   255
 39
0.016
  6
CONTINUOUS
 10
2.66834
 20
8.33578
 30
 0
 11
2.66590
 21
8.33936
  0
LINE
  8
Gravur
 62
   255
 39
0.016
  6
CONTINUOUS
 10
2.66590
 20
8.33936
 30
 0
 11
2.66344
 21
8.34573
  0
LINE
  8
Gravur
 62
   255
 39
0.016
  6
CONTINUOUS
 10
2.66344
 20
8.34573
 30
 0
 11
2.66315
 21
8.34708
  0
LINE
  8
Gravur
 62
   255
 39
0.016
  6
CONTINUOUS
 10
2.66315
 20
8.34708
 30
 0
 11
2.66315
 21
8.34708
  0
LINE
  8
Gravur
 62
   255
 39
0.016
  6
CONTINUOUS
 10
2.66315
 20
8.34708
 30
 0
 11
2.66272
 21
8.35067
  0
LINE
  8
Gravur
 62
   255
 39
0.016
  6
CONTINUOUS
 10
2.66272
 20
8.35067
 30
 0
 11
2.66282
 21
8.35426
  0
LINE
  8
Gravur
 62
   255
 39
0.016
  6
CONTINUOUS
 10
2.66282
 20
8.35426
 30
 0
 11
2.66347
 21
8.35774
  0
LINE
  8
Gravur
 62
   255
 39
0.016
  6
CONTINUOUS
 10
2.66347
 20
8.35774
 30
 0
 11
2.66470
 21
8.36102
  0
LINE
  8
Gravur
 62
   255
 39
0.016
  6
CONTINUOUS
 10
2.66470
 20
8.36102
 30
 0
 11
2.66470
 21
8.36102
  0
LINE
  8
Gravur
 62
   255
 39
0.016
  6
CONTINUOUS
 10
2.66470
 20
8.36102
 30
 0
 11
2.66721
 21
8.36481
  0
LINE
  8
Gravur
 62
   255
 39
0.016
  6
CONTINUOUS
 10
2.66721
 20
8.36481
 30
 0
 11
2.67082
 21
8.36789
  0
LINE
  8
Gravur
 62
   255
 39
0.016
  6
CONTINUOUS
 10
2.67082
 20
8.36789
 30
 0
 11
2.67226
 21
8.36874
  0
LINE
  8
Gravur
 62
   255
 39
0.016
  6
CONTINUOUS
 10
2.67226
 20
8.36874
 30
 0
 11
2.67247
 21
8.36885
  0
LINE
  8
Gravur
 62
   255
 39
0.016
  6
CONTINUOUS
 10
2.67247
 20
8.36885
 30
 0
 11
2.67247
 21
8.36885
  0
LINE
  8
Gravur
 62
   255
 39
0.016
  6
CONTINUOUS
 10
2.67247
 20
8.36885
 30
 0
 11
2.67446
 21
8.36974
  0
LINE
  8
Gravur
 62
   255
 39
0.016
  6
CONTINUOUS
 10
2.67446
 20
8.36974
 30
 0
 11
2.67487
 21
8.36989
  0
LINE
  8
Gravur
 62
   255
 39
0.016
  6
CONTINUOUS
 10
2.67487
 20
8.36989
 30
 0
 11
2.67487
 21
8.36989
  0
LINE
  8
Gravur
 62
   255
 39
0.016
  6
CONTINUOUS
 10
2.67487
 20
8.36989
 30
 0
 11
2.67517
 21
8.36999
  0
LINE
  8
Gravur
 62
   255
 39
0.016
  6
CONTINUOUS
 10
2.67517
 20
8.36999
 30
 0
 11
2.67546
 21
8.37008
  0
LINE
  8
Gravur
 62
   255
 39
0.016
  6
CONTINUOUS
 10
2.67546
 20
8.37008
 30
 0
 11
2.68025
 21
8.37100
  0
LINE
  8
Gravur
 62
   255
 39
0.016
  6
CONTINUOUS
 10
2.68025
 20
8.37100
 30
 0
 11
2.68122
 21
8.37107
  0
LINE
  8
Gravur
 62
   255
 39
0.016
  6
CONTINUOUS
 10
2.68122
 20
8.37107
 30
 0
 11
2.68122
 21
8.37107
  0
LINE
  8
Gravur
 62
   255
 39
0.016
  6
CONTINUOUS
 10
2.68122
 20
8.37107
 30
 0
 11
2.68407
 21
8.37110
  0
LINE
  8
Gravur
 62
   255
 39
0.016
  6
CONTINUOUS
 10
2.68407
 20
8.37110
 30
 0
 11
2.68691
 21
8.37085
  0
LINE
  8
Gravur
 62
   255
 39
0.016
  6
CONTINUOUS
 10
2.68691
 20
8.37085
 30
 0
 11
2.68974
 21
8.37036
  0
LINE
  8
Gravur
 62
   255
 39
0.016
  6
CONTINUOUS
 10
2.68974
 20
8.37036
 30
 0
 11
2.69252
 21
8.36966
  0
LINE
  8
Gravur
 62
   255
 39
0.016
  6
CONTINUOUS
 10
2.69252
 20
8.36966
 30
 0
 11
2.69252
 21
8.36966
  0
LINE
  8
Gravur
 62
   255
 39
0.016
  6
CONTINUOUS
 10
2.69252
 20
8.36966
 30
 0
 11
2.69710
 21
8.36804
  0
LINE
  8
Gravur
 62
   255
 39
0.016
  6
CONTINUOUS
 10
2.69710
 20
8.36804
 30
 0
 11
2.70143
 21
8.36600
  0
LINE
  8
Gravur
 62
   255
 39
0.016
  6
CONTINUOUS
 10
2.72180
 20
8.36984
 30
 0
 11
2.72221
 21
8.36547
  0
LINE
  8
Gravur
 62
   255
 39
0.016
  6
CONTINUOUS
 10
2.72221
 20
8.36547
 30
 0
 11
2.72227
 21
8.36507
  0
LINE
  8
Gravur
 62
   255
 39
0.016
  6
CONTINUOUS
 10
2.72227
 20
8.36507
 30
 0
 11
2.72227
 21
8.36507
  0
LINE
  8
Gravur
 62
   255
 39
0.016
  6
CONTINUOUS
 10
2.72227
 20
8.36507
 30
 0
 11
2.72276
 21
8.36164
  0
LINE
  8
Gravur
 62
   255
 39
0.016
  6
CONTINUOUS
 10
2.72276
 20
8.36164
 30
 0
 11
2.72284
 21
8.36096
  0
LINE
  8
Gravur
 62
   255
 39
0.016
  6
CONTINUOUS
 10
2.72284
 20
8.36096
 30
 0
 11
2.72481
 21
8.34467
  0
LINE
  8
Gravur
 62
   255
 39
0.016
  6
CONTINUOUS
 10
2.72481
 20
8.34467
 30
 0
 11
2.73031
 21
8.29895
  0
LINE
  8
Gravur
 62
   255
 39
0.016
  6
CONTINUOUS
 10
2.73031
 20
8.29895
 30
 0
 11
2.73242
 21
8.28146
  0
LINE
  8
Gravur
 62
   255
 39
0.016
  6
CONTINUOUS
 10
2.73242
 20
8.28146
 30
 0
 11
2.73252
 21
8.27994
  0
LINE
  8
Gravur
 62
   255
 39
0.016
  6
CONTINUOUS
 10
2.73252
 20
8.27994
 30
 0
 11
2.73253
 21
8.27976
  0
LINE
  8
Gravur
 62
   255
 39
0.016
  6
CONTINUOUS
 10
2.73253
 20
8.27976
 30
 0
 11
2.73253
 21
8.27976
  0
LINE
  8
Gravur
 62
   255
 39
0.016
  6
CONTINUOUS
 10
2.73253
 20
8.27976
 30
 0
 11
2.73284
 21
8.27815
  0
LINE
  8
Gravur
 62
   255
 39
0.016
  6
CONTINUOUS
 10
2.73284
 20
8.27815
 30
 0
 11
2.73295
 21
8.27788
  0
LINE
  8
Gravur
 62
   255
 39
0.016
  6
CONTINUOUS
 10
2.73295
 20
8.27788
 30
 0
 11
2.73384
 21
8.27701
  0
LINE
  8
Gravur
 62
   255
 39
0.016
  6
CONTINUOUS
 10
2.73384
 20
8.27701
 30
 0
 11
2.73394
 21
8.27699
  0
LINE
  8
Gravur
 62
   255
 39
0.016
  6
CONTINUOUS
 10
2.73394
 20
8.27699
 30
 0
 11
2.73394
 21
8.27699
  0
LINE
  8
Gravur
 62
   255
 39
0.016
  6
CONTINUOUS
 10
2.73394
 20
8.27699
 30
 0
 11
2.73464
 21
8.27715
  0
LINE
  8
Gravur
 62
   255
 39
0.016
  6
CONTINUOUS
 10
2.73464
 20
8.27715
 30
 0
 11
2.73479
 21
8.27726
  0
LINE
  8
Gravur
 62
   255
 39
0.016
  6
CONTINUOUS
 10
2.73479
 20
8.27726
 30
 0
 11
2.73494
 21
8.27740
  0
LINE
  8
Gravur
 62
   255
 39
0.016
  6
CONTINUOUS
 10
2.73494
 20
8.27740
 30
 0
 11
2.73508
 21
8.27756
  0
LINE
  8
Gravur
 62
   255
 39
0.016
  6
CONTINUOUS
 10
2.73508
 20
8.27756
 30
 0
 11
2.73508
 21
8.27756
  0
LINE
  8
Gravur
 62
   255
 39
0.016
  6
CONTINUOUS
 10
2.73508
 20
8.27756
 30
 0
 11
2.73560
 21
8.27857
  0
LINE
  8
Gravur
 62
   255
 39
0.016
  6
CONTINUOUS
 10
2.73560
 20
8.27857
 30
 0
 11
2.73585
 21
8.27975
  0
LINE
  8
Gravur
 62
   255
 39
0.016
  6
CONTINUOUS
 10
2.73585
 20
8.27975
 30
 0
 11
2.73585
 21
8.27975
  0
LINE
  8
Gravur
 62
   255
 39
0.016
  6
CONTINUOUS
 10
2.73585
 20
8.27975
 30
 0
 11
2.73596
 21
8.28070
  0
LINE
  8
Gravur
 62
   255
 39
0.016
  6
CONTINUOUS
 10
2.73596
 20
8.28070
 30
 0
 11
2.73606
 21
8.28159
  0
LINE
  8
Gravur
 62
   255
 39
0.016
  6
CONTINUOUS
 10
2.73606
 20
8.28159
 30
 0
 11
2.73781
 21
8.29285
  0
LINE
  8
Gravur
 62
   255
 39
0.016
  6
CONTINUOUS
 10
2.73781
 20
8.29285
 30
 0
 11
2.74483
 21
8.33804
  0
LINE
  8
Gravur
 62
   255
 39
0.016
  6
CONTINUOUS
 10
2.74483
 20
8.33804
 30
 0
 11
2.74698
 21
8.35195
  0
LINE
  8
Gravur
 62
   255
 39
0.016
  6
CONTINUOUS
 10
2.74698
 20
8.35195
 30
 0
 11
2.74714
 21
8.35358
  0
LINE
  8
Gravur
 62
   255
 39
0.016
  6
CONTINUOUS
 10
2.74714
 20
8.35358
 30
 0
 11
2.74717
 21
8.35384
  0
LINE
  8
Gravur
 62
   255
 39
0.016
  6
CONTINUOUS
 10
2.74717
 20
8.35384
 30
 0
 11
2.74717
 21
8.35384
  0
LINE
  8
Gravur
 62
   255
 39
0.016
  6
CONTINUOUS
 10
2.74717
 20
8.35384
 30
 0
 11
2.74771
 21
8.35557
  0
LINE
  8
Gravur
 62
   255
 39
0.016
  6
CONTINUOUS
 10
2.74771
 20
8.35557
 30
 0
 11
2.74806
 21
8.35595
  0
LINE
  8
Gravur
 62
   255
 39
0.016
  6
CONTINUOUS
 10
2.74806
 20
8.35595
 30
 0
 11
2.74806
 21
8.35595
  0
LINE
  8
Gravur
 62
   255
 39
0.016
  6
CONTINUOUS
 10
2.74806
 20
8.35595
 30
 0
 11
2.74841
 21
8.35613
  0
LINE
  8
Gravur
 62
   255
 39
0.016
  6
CONTINUOUS
 10
2.74841
 20
8.35613
 30
 0
 11
2.74884
 21
8.35619
  0
LINE
  8
Gravur
 62
   255
 39
0.016
  6
CONTINUOUS
 10
2.74884
 20
8.35619
 30
 0
 11
2.74945
 21
8.35605
  0
LINE
  8
Gravur
 62
   255
 39
0.016
  6
CONTINUOUS
 10
2.74945
 20
8.35605
 30
 0
 11
2.74962
 21
8.35595
  0
LINE
  8
Gravur
 62
   255
 39
0.016
  6
CONTINUOUS
 10
2.74962
 20
8.35595
 30
 0
 11
2.74962
 21
8.35595
  0
LINE
  8
Gravur
 62
   255
 39
0.016
  6
CONTINUOUS
 10
2.74962
 20
8.35595
 30
 0
 11
2.75021
 21
8.35506
  0
LINE
  8
Gravur
 62
   255
 39
0.016
  6
CONTINUOUS
 10
2.75021
 20
8.35506
 30
 0
 11
2.75049
 21
8.35383
  0
LINE
  8
Gravur
 62
   255
 39
0.016
  6
CONTINUOUS
 10
2.75049
 20
8.35383
 30
 0
 11
2.75049
 21
8.35383
  0
LINE
  8
Gravur
 62
   255
 39
0.016
  6
CONTINUOUS
 10
2.75049
 20
8.35383
 30
 0
 11
2.75059
 21
8.35282
  0
LINE
  8
Gravur
 62
   255
 39
0.016
  6
CONTINUOUS
 10
2.75059
 20
8.35282
 30
 0
 11
2.75068
 21
8.35195
  0
LINE
  8
Gravur
 62
   255
 39
0.016
  6
CONTINUOUS
 10
2.75068
 20
8.35195
 30
 0
 11
2.75285
 21
8.33804
  0
LINE
  8
Gravur
 62
   255
 39
0.016
  6
CONTINUOUS
 10
2.75285
 20
8.33804
 30
 0
 11
2.75980
 21
8.29312
  0
LINE
  8
Gravur
 62
   255
 39
0.016
  6
CONTINUOUS
 10
2.75980
 20
8.29312
 30
 0
 11
2.76157
 21
8.28159
  0
LINE
  8
Gravur
 62
   255
 39
0.016
  6
CONTINUOUS
 10
2.76157
 20
8.28159
 30
 0
 11
2.76176
 21
8.27986
  0
LINE
  8
Gravur
 62
   255
 39
0.016
  6
CONTINUOUS
 10
2.76176
 20
8.27986
 30
 0
 11
2.76179
 21
8.27965
  0
LINE
  8
Gravur
 62
   255
 39
0.016
  6
CONTINUOUS
 10
2.76179
 20
8.27965
 30
 0
 11
2.76179
 21
8.27965
  0
LINE
  8
Gravur
 62
   255
 39
0.016
  6
CONTINUOUS
 10
2.76179
 20
8.27965
 30
 0
 11
2.76242
 21
8.27764
  0
LINE
  8
Gravur
 62
   255
 39
0.016
  6
CONTINUOUS
 10
2.76242
 20
8.27764
 30
 0
 11
2.76267
 21
8.27734
  0
LINE
  8
Gravur
 62
   255
 39
0.016
  6
CONTINUOUS
 10
2.76267
 20
8.27734
 30
 0
 11
2.76267
 21
8.27734
  0
LINE
  8
Gravur
 62
   255
 39
0.016
  6
CONTINUOUS
 10
2.76267
 20
8.27734
 30
 0
 11
2.76271
 21
8.27730
  0
LINE
  8
Gravur
 62
   255
 39
0.016
  6
CONTINUOUS
 10
2.76271
 20
8.27730
 30
 0
 11
2.76276
 21
8.27726
  0
LINE
  8
Gravur
 62
   255
 39
0.016
  6
CONTINUOUS
 10
2.76276
 20
8.27726
 30
 0
 11
2.76349
 21
8.27698
  0
LINE
  8
Gravur
 62
   255
 39
0.016
  6
CONTINUOUS
 10
2.76349
 20
8.27698
 30
 0
 11
2.76359
 21
8.27699
  0
LINE
  8
Gravur
 62
   255
 39
0.016
  6
CONTINUOUS
 10
2.76359
 20
8.27699
 30
 0
 11
2.76359
 21
8.27699
  0
LINE
  8
Gravur
 62
   255
 39
0.016
  6
CONTINUOUS
 10
2.76359
 20
8.27699
 30
 0
 11
2.76446
 21
8.27765
  0
LINE
  8
Gravur
 62
   255
 39
0.016
  6
CONTINUOUS
 10
2.76446
 20
8.27765
 30
 0
 11
2.76459
 21
8.27788
  0
LINE
  8
Gravur
 62
   255
 39
0.016
  6
CONTINUOUS
 10
2.76459
 20
8.27788
 30
 0
 11
2.76499
 21
8.27958
  0
LINE
  8
Gravur
 62
   255
 39
0.016
  6
CONTINUOUS
 10
2.76499
 20
8.27958
 30
 0
 11
2.76501
 21
8.27976
  0
LINE
  8
Gravur
 62
   255
 39
0.016
  6
CONTINUOUS
 10
2.76501
 20
8.27976
 30
 0
 11
2.76501
 21
8.27976
  0
LINE
  8
Gravur
 62
   255
 39
0.016
  6
CONTINUOUS
 10
2.76501
 20
8.27976
 30
 0
 11
2.76510
 21
8.28120
  0
LINE
  8
Gravur
 62
   255
 39
0.016
  6
CONTINUOUS
 10
2.76510
 20
8.28120
 30
 0
 11
2.76512
 21
8.28146
  0
LINE
  8
Gravur
 62
   255
 39
0.016
  6
CONTINUOUS
 10
2.76512
 20
8.28146
 30
 0
 11
2.76723
 21
8.29895
  0
LINE
  8
Gravur
 62
   255
 39
0.016
  6
CONTINUOUS
 10
2.76723
 20
8.29895
 30
 0
 11
2.76980
 21
8.31967
  0
LINE
  8
Gravur
 62
   255
 39
0.016
  6
CONTINUOUS
 10
2.76980
 20
8.31967
 30
 0
 11
2.77009
 21
8.32198
  0
LINE
  8
Gravur
 62
   255
 39
0.016
  6
CONTINUOUS
 10
2.77009
 20
8.32198
 30
 0
 11
2.77009
 21
8.32198
  0
LINE
  8
Gravur
 62
   255
 39
0.016
  6
CONTINUOUS
 10
2.77009
 20
8.32198
 30
 0
 11
2.77264
 21
8.34342
  0
LINE
  8
Gravur
 62
   255
 39
0.016
  6
CONTINUOUS
 10
2.77264
 20
8.34342
 30
 0
 11
2.77311
 21
8.34771
  0
LINE
  8
Gravur
 62
   255
 39
0.016
  6
CONTINUOUS
 10
2.77311
 20
8.34771
 30
 0
 11
2.77485
 21
8.36202
  0
LINE
  8
Gravur
 62
   255
 39
0.016
  6
CONTINUOUS
 10
2.77485
 20
8.36202
 30
 0
 11
2.77531
 21
8.36528
  0
LINE
  8
Gravur
 62
   255
 39
0.016
  6
CONTINUOUS
 10
2.77531
 20
8.36528
 30
 0
 11
2.77536
 21
8.36564
  0
LINE
  8
Gravur
 62
   255
 39
0.016
  6
CONTINUOUS
 10
2.77536
 20
8.36564
 30
 0
 11
2.77536
 21
8.36564
  0
LINE
  8
Gravur
 62
   255
 39
0.016
  6
CONTINUOUS
 10
2.77536
 20
8.36564
 30
 0
 11
2.77572
 21
8.36915
  0
LINE
  8
Gravur
 62
   255
 39
0.016
  6
CONTINUOUS
 10
2.77572
 20
8.36915
 30
 0
 11
2.77574
 21
8.36984
  0
LINE
  8
Gravur
 62
   255
 39
0.016
  6
CONTINUOUS
 10
2.83560
 20
8.27563
 30
 0
 11
2.80631
 21
8.27563
  0
LINE
  8
Gravur
 62
   255
 39
0.016
  6
CONTINUOUS
 10
2.80631
 20
8.27563
 30
 0
 11
2.79876
 21
8.27563
  0
LINE
  8
Gravur
 62
   255
 39
0.016
  6
CONTINUOUS
 10
2.79876
 20
8.27563
 30
 0
 11
2.79607
 21
8.27578
  0
LINE
  8
Gravur
 62
   255
 39
0.016
  6
CONTINUOUS
 10
2.79607
 20
8.27578
 30
 0
 11
2.79584
 21
8.27695
  0
LINE
  8
Gravur
 62
   255
 39
0.016
  6
CONTINUOUS
 10
2.79584
 20
8.27695
 30
 0
 11
2.79584
 21
8.28026
  0
LINE
  8
Gravur
 62
   255
 39
0.016
  6
CONTINUOUS
 10
2.79584
 20
8.28026
 30
 0
 11
2.79584
 21
8.29391
  0
LINE
  8
Gravur
 62
   255
 39
0.016
  6
CONTINUOUS
 10
2.79584
 20
8.29391
 30
 0
 11
2.79584
 21
8.34930
  0
LINE
  8
Gravur
 62
   255
 39
0.016
  6
CONTINUOUS
 10
2.79584
 20
8.34930
 30
 0
 11
2.79584
 21
8.36454
  0
LINE
  8
Gravur
 62
   255
 39
0.016
  6
CONTINUOUS
 10
2.79584
 20
8.36454
 30
 0
 11
2.79584
 21
8.36825
  0
LINE
  8
Gravur
 62
   255
 39
0.016
  6
CONTINUOUS
 10
2.79584
 20
8.36825
 30
 0
 11
2.79607
 21
8.36956
  0
LINE
  8
Gravur
 62
   255
 39
0.016
  6
CONTINUOUS
 10
2.79607
 20
8.36956
 30
 0
 11
2.79876
 21
8.36971
  0
LINE
  8
Gravur
 62
   255
 39
0.016
  6
CONTINUOUS
 10
2.79876
 20
8.36971
 30
 0
 11
2.80631
 21
8.36971
  0
LINE
  8
Gravur
 62
   255
 39
0.016
  6
CONTINUOUS
 10
2.80631
 20
8.36971
 30
 0
 11
2.83560
 21
8.36971
  0
LINE
  8
Gravur
 62
   255
 39
0.016
  6
CONTINUOUS
 10
2.79598
 20
8.32731
 30
 0
 11
2.83427
 21
8.32731
  0
LINE
  8
Gravur
 62
   255
 39
0.016
  6
CONTINUOUS
 10
2.90182
 20
8.27563
 30
 0
 11
2.87253
 21
8.27563
  0
LINE
  8
Gravur
 62
   255
 39
0.016
  6
CONTINUOUS
 10
2.87253
 20
8.27563
 30
 0
 11
2.86498
 21
8.27563
  0
LINE
  8
Gravur
 62
   255
 39
0.016
  6
CONTINUOUS
 10
2.86498
 20
8.27563
 30
 0
 11
2.86229
 21
8.27578
  0
LINE
  8
Gravur
 62
   255
 39
0.016
  6
CONTINUOUS
 10
2.86229
 20
8.27578
 30
 0
 11
2.86206
 21
8.27695
  0
LINE
  8
Gravur
 62
   255
 39
0.016
  6
CONTINUOUS
 10
2.86206
 20
8.27695
 30
 0
 11
2.86206
 21
8.28026
  0
LINE
  8
Gravur
 62
   255
 39
0.016
  6
CONTINUOUS
 10
2.86206
 20
8.28026
 30
 0
 11
2.86206
 21
8.29391
  0
LINE
  8
Gravur
 62
   255
 39
0.016
  6
CONTINUOUS
 10
2.86206
 20
8.29391
 30
 0
 11
2.86206
 21
8.34930
  0
LINE
  8
Gravur
 62
   255
 39
0.016
  6
CONTINUOUS
 10
2.86206
 20
8.34930
 30
 0
 11
2.86206
 21
8.36454
  0
LINE
  8
Gravur
 62
   255
 39
0.016
  6
CONTINUOUS
 10
2.86206
 20
8.36454
 30
 0
 11
2.86206
 21
8.36825
  0
LINE
  8
Gravur
 62
   255
 39
0.016
  6
CONTINUOUS
 10
2.86206
 20
8.36825
 30
 0
 11
2.86229
 21
8.36956
  0
LINE
  8
Gravur
 62
   255
 39
0.016
  6
CONTINUOUS
 10
2.86229
 20
8.36956
 30
 0
 11
2.86498
 21
8.36971
  0
LINE
  8
Gravur
 62
   255
 39
0.016
  6
CONTINUOUS
 10
2.86498
 20
8.36971
 30
 0
 11
2.87253
 21
8.36971
  0
LINE
  8
Gravur
 62
   255
 39
0.016
  6
CONTINUOUS
 10
2.87253
 20
8.36971
 30
 0
 11
2.90182
 21
8.36971
  0
LINE
  8
Gravur
 62
   255
 39
0.016
  6
CONTINUOUS
 10
2.86220
 20
8.32731
 30
 0
 11
2.90049
 21
8.32731
  0
LINE
  8
Gravur
 62
   255
 39
0.016
  6
CONTINUOUS
 10
2.92895
 20
8.31591
 30
 0
 11
2.92895
 21
8.35540
  0
LINE
  8
Gravur
 62
   255
 39
0.016
  6
CONTINUOUS
 10
2.92895
 20
8.35540
 30
 0
 11
2.92895
 21
8.36534
  0
LINE
  8
Gravur
 62
   255
 39
0.016
  6
CONTINUOUS
 10
2.92895
 20
8.36534
 30
 0
 11
2.92885
 21
8.36685
  0
LINE
  8
Gravur
 62
   255
 39
0.016
  6
CONTINUOUS
 10
2.92885
 20
8.36685
 30
 0
 11
2.92884
 21
8.36705
  0
LINE
  8
Gravur
 62
   255
 39
0.016
  6
CONTINUOUS
 10
2.92884
 20
8.36705
 30
 0
 11
2.92884
 21
8.36705
  0
LINE
  8
Gravur
 62
   255
 39
0.016
  6
CONTINUOUS
 10
2.92884
 20
8.36705
 30
 0
 11
2.92903
 21
8.36875
  0
LINE
  8
Gravur
 62
   255
 39
0.016
  6
CONTINUOUS
 10
2.92903
 20
8.36875
 30
 0
 11
2.92917
 21
8.36897
  0
LINE
  8
Gravur
 62
   255
 39
0.016
  6
CONTINUOUS
 10
2.92917
 20
8.36897
 30
 0
 11
2.93090
 21
8.36974
  0
LINE
  8
Gravur
 62
   255
 39
0.016
  6
CONTINUOUS
 10
2.93090
 20
8.36974
 30
 0
 11
2.93109
 21
8.36978
  0
LINE
  8
Gravur
 62
   255
 39
0.016
  6
CONTINUOUS
 10
2.93109
 20
8.36978
 30
 0
 11
2.93109
 21
8.36978
  0
LINE
  8
Gravur
 62
   255
 39
0.016
  6
CONTINUOUS
 10
2.93109
 20
8.36978
 30
 0
 11
2.93268
 21
8.37003
  0
LINE
  8
Gravur
 62
   255
 39
0.016
  6
CONTINUOUS
 10
2.93268
 20
8.37003
 30
 0
 11
2.93292
 21
8.37007
  0
LINE
  8
Gravur
 62
   255
 39
0.016
  6
CONTINUOUS
 10
2.93292
 20
8.37007
 30
 0
 11
2.93795
 21
8.37076
  0
LINE
  8
Gravur
 62
   255
 39
0.016
  6
CONTINUOUS
 10
2.93795
 20
8.37076
 30
 0
 11
2.93840
 21
8.37080
  0
LINE
  8
Gravur
 62
   255
 39
0.016
  6
CONTINUOUS
 10
2.93840
 20
8.37080
 30
 0
 11
2.93840
 21
8.37080
  0
LINE
  8
Gravur
 62
   255
 39
0.016
  6
CONTINUOUS
 10
2.93840
 20
8.37080
 30
 0
 11
2.94278
 21
8.37103
  0
LINE
  8
Gravur
 62
   255
 39
0.016
  6
CONTINUOUS
 10
2.94278
 20
8.37103
 30
 0
 11
2.94366
 21
8.37104
  0
LINE
  8
Gravur
 62
   255
 39
0.016
  6
CONTINUOUS
 10
2.94366
 20
8.37104
 30
 0
 11
2.94894
 21
8.37080
  0
LINE
  8
Gravur
 62
   255
 39
0.016
  6
CONTINUOUS
 10
2.94894
 20
8.37080
 30
 0
 11
2.94953
 21
8.37073
  0
LINE
  8
Gravur
 62
   255
 39
0.016
  6
CONTINUOUS
 10
2.94953
 20
8.37073
 30
 0
 11
2.94953
 21
8.37073
  0
LINE
  8
Gravur
 62
   255
 39
0.016
  6
CONTINUOUS
 10
2.94953
 20
8.37073
 30
 0
 11
2.95538
 21
8.36957
  0
LINE
  8
Gravur
 62
   255
 39
0.016
  6
CONTINUOUS
 10
2.95538
 20
8.36957
 30
 0
 11
2.95651
 21
8.36920
  0
LINE
  8
Gravur
 62
   255
 39
0.016
  6
CONTINUOUS
 10
2.95651
 20
8.36920
 30
 0
 11
2.95948
 21
8.36792
  0
LINE
  8
Gravur
 62
   255
 39
0.016
  6
CONTINUOUS
 10
2.95948
 20
8.36792
 30
 0
 11
2.95980
 21
8.36775
  0
LINE
  8
Gravur
 62
   255
 39
0.016
  6
CONTINUOUS
 10
2.95980
 20
8.36775
 30
 0
 11
2.95980
 21
8.36775
  0
LINE
  8
Gravur
 62
   255
 39
0.016
  6
CONTINUOUS
 10
2.95980
 20
8.36775
 30
 0
 11
2.96250
 21
8.36603
  0
LINE
  8
Gravur
 62
   255
 39
0.016
  6
CONTINUOUS
 10
2.96250
 20
8.36603
 30
 0
 11
2.96300
 21
8.36564
  0
LINE
  8
Gravur
 62
   255
 39
0.016
  6
CONTINUOUS
 10
2.96300
 20
8.36564
 30
 0
 11
2.96592
 21
8.36270
  0
LINE
  8
Gravur
 62
   255
 39
0.016
  6
CONTINUOUS
 10
2.96592
 20
8.36270
 30
 0
 11
2.96673
 21
8.36160
  0
LINE
  8
Gravur
 62
   255
 39
0.016
  6
CONTINUOUS
 10
2.96673
 20
8.36160
 30
 0
 11
2.96673
 21
8.36160
  0
LINE
  8
Gravur
 62
   255
 39
0.016
  6
CONTINUOUS
 10
2.96673
 20
8.36160
 30
 0
 11
2.96954
 21
8.35580
  0
LINE
  8
Gravur
 62
   255
 39
0.016
  6
CONTINUOUS
 10
2.96954
 20
8.35580
 30
 0
 11
2.97097
 21
8.34935
  0
LINE
  8
Gravur
 62
   255
 39
0.016
  6
CONTINUOUS
 10
2.97097
 20
8.34935
 30
 0
 11
2.97097
 21
8.34935
  0
LINE
  8
Gravur
 62
   255
 39
0.016
  6
CONTINUOUS
 10
2.97097
 20
8.34935
 30
 0
 11
2.97135
 21
8.34400
  0
LINE
  8
Gravur
 62
   255
 39
0.016
  6
CONTINUOUS
 10
2.97135
 20
8.34400
 30
 0
 11
2.97120
 21
8.33883
  0
LINE
  8
Gravur
 62
   255
 39
0.016
  6
CONTINUOUS
 10
2.97120
 20
8.33883
 30
 0
 11
2.97066
 21
8.33412
  0
LINE
  8
Gravur
 62
   255
 39
0.016
  6
CONTINUOUS
 10
2.97066
 20
8.33412
 30
 0
 11
2.97056
 21
8.33359
  0
LINE
  8
Gravur
 62
   255
 39
0.016
  6
CONTINUOUS
 10
2.97056
 20
8.33359
 30
 0
 11
2.97056
 21
8.33359
  0
LINE
  8
Gravur
 62
   255
 39
0.016
  6
CONTINUOUS
 10
2.97056
 20
8.33359
 30
 0
 11
2.96923
 21
8.32865
  0
LINE
  8
Gravur
 62
   255
 39
0.016
  6
CONTINUOUS
 10
2.96923
 20
8.32865
 30
 0
 11
2.96885
 21
8.32770
  0
LINE
  8
Gravur
 62
   255
 39
0.016
  6
CONTINUOUS
 10
2.96885
 20
8.32770
 30
 0
 11
2.96676
 21
8.32398
  0
LINE
  8
Gravur
 62
   255
 39
0.016
  6
CONTINUOUS
 10
2.96676
 20
8.32398
 30
 0
 11
2.96592
 21
8.32291
  0
LINE
  8
Gravur
 62
   255
 39
0.016
  6
CONTINUOUS
 10
2.96592
 20
8.32291
 30
 0
 11
2.96306
 21
8.32015
  0
LINE
  8
Gravur
 62
   255
 39
0.016
  6
CONTINUOUS
 10
2.96306
 20
8.32015
 30
 0
 11
2.96200
 21
8.31938
  0
LINE
  8
Gravur
 62
   255
 39
0.016
  6
CONTINUOUS
 10
2.96200
 20
8.31938
 30
 0
 11
2.96200
 21
8.31938
  0
LINE
  8
Gravur
 62
   255
 39
0.016
  6
CONTINUOUS
 10
2.96200
 20
8.31938
 30
 0
 11
2.95982
 21
8.31809
  0
LINE
  8
Gravur
 62
   255
 39
0.016
  6
CONTINUOUS
 10
2.95982
 20
8.31809
 30
 0
 11
2.95749
 21
8.31703
  0
LINE
  8
Gravur
 62
   255
 39
0.016
  6
CONTINUOUS
 10
2.95749
 20
8.31703
 30
 0
 11
2.94988
 21
8.31513
  0
LINE
  8
Gravur
 62
   255
 39
0.016
  6
CONTINUOUS
 10
2.94988
 20
8.31513
 30
 0
 11
2.94722
 21
8.31485
  0
LINE
  8
Gravur
 62
   255
 39
0.016
  6
CONTINUOUS
 10
2.94722
 20
8.31485
 30
 0
 11
2.94722
 21
8.31485
  0
LINE
  8
Gravur
 62
   255
 39
0.016
  6
CONTINUOUS
 10
2.94722
 20
8.31485
 30
 0
 11
2.94570
 21
8.31476
  0
LINE
  8
Gravur
 62
   255
 39
0.016
  6
CONTINUOUS
 10
2.94570
 20
8.31476
 30
 0
 11
2.94419
 21
8.31472
  0
LINE
  8
Gravur
 62
   255
 39
0.016
  6
CONTINUOUS
 10
2.94419
 20
8.31472
 30
 0
 11
2.93881
 21
8.31488
  0
LINE
  8
Gravur
 62
   255
 39
0.016
  6
CONTINUOUS
 10
2.93881
 20
8.31488
 30
 0
 11
2.93832
 21
8.31492
  0
LINE
  8
Gravur
 62
   255
 39
0.016
  6
CONTINUOUS
 10
2.93832
 20
8.31492
 30
 0
 11
2.93832
 21
8.31492
  0
LINE
  8
Gravur
 62
   255
 39
0.016
  6
CONTINUOUS
 10
2.93832
 20
8.31492
 30
 0
 11
2.93415
 21
8.31535
  0
LINE
  8
Gravur
 62
   255
 39
0.016
  6
CONTINUOUS
 10
2.93415
 20
8.31535
 30
 0
 11
2.93332
 21
8.31546
  0
LINE
  8
Gravur
 62
   255
 39
0.016
  6
CONTINUOUS
 10
2.93332
 20
8.31546
 30
 0
 11
2.93159
 21
8.31575
  0
LINE
  8
Gravur
 62
   255
 39
0.016
  6
CONTINUOUS
 10
2.93159
 20
8.31575
 30
 0
 11
2.93136
 21
8.31579
  0
LINE
  8
Gravur
 62
   255
 39
0.016
  6
CONTINUOUS
 10
2.93136
 20
8.31579
 30
 0
 11
2.93136
 21
8.31579
  0
LINE
  8
Gravur
 62
   255
 39
0.016
  6
CONTINUOUS
 10
2.93136
 20
8.31579
 30
 0
 11
2.92941
 21
8.31576
  0
LINE
  8
Gravur
 62
   255
 39
0.016
  6
CONTINUOUS
 10
2.92941
 20
8.31576
 30
 0
 11
2.92917
 21
8.31562
  0
LINE
  8
Gravur
 62
   255
 39
0.016
  6
CONTINUOUS
 10
2.92917
 20
8.31562
 30
 0
 11
2.92887
 21
8.31444
  0
LINE
  8
Gravur
 62
   255
 39
0.016
  6
CONTINUOUS
 10
2.92887
 20
8.31444
 30
 0
 11
2.92888
 21
8.31430
  0
LINE
  8
Gravur
 62
   255
 39
0.016
  6
CONTINUOUS
 10
2.92888
 20
8.31430
 30
 0
 11
2.92888
 21
8.31430
  0
LINE
  8
Gravur
 62
   255
 39
0.016
  6
CONTINUOUS
 10
2.92888
 20
8.31430
 30
 0
 11
2.92894
 21
8.31327
  0
LINE
  8
Gravur
 62
   255
 39
0.016
  6
CONTINUOUS
 10
2.92894
 20
8.31327
 30
 0
 11
2.92895
 21
8.31313
  0
LINE
  8
Gravur
 62
   255
 39
0.016
  6
CONTINUOUS
 10
2.92895
 20
8.31313
 30
 0
 11
2.92895
 21
8.30571
  0
LINE
  8
Gravur
 62
   255
 39
0.016
  6
CONTINUOUS
 10
2.92895
 20
8.30571
 30
 0
 11
2.92895
 21
8.27576
  0
LINE
  8
Gravur
 62
   255
 39
0.016
  6
CONTINUOUS
 10
3.06073
 20
8.27576
 30
 0
 11
3.06073
 21
8.34082
  0
LINE
  8
Gravur
 62
   255
 39
0.016
  6
CONTINUOUS
 10
3.06073
 20
8.34082
 30
 0
 11
3.06073
 21
8.36057
  0
LINE
  8
Gravur
 62
   255
 39
0.016
  6
CONTINUOUS
 10
3.06073
 20
8.36057
 30
 0
 11
3.06073
 21
8.36653
  0
LINE
  8
Gravur
 62
   255
 39
0.016
  6
CONTINUOUS
 10
3.06073
 20
8.36653
 30
 0
 11
3.06067
 21
8.36768
  0
LINE
  8
Gravur
 62
   255
 39
0.016
  6
CONTINUOUS
 10
3.06067
 20
8.36768
 30
 0
 11
3.06066
 21
8.36782
  0
LINE
  8
Gravur
 62
   255
 39
0.016
  6
CONTINUOUS
 10
3.06066
 20
8.36782
 30
 0
 11
3.06066
 21
8.36782
  0
LINE
  8
Gravur
 62
   255
 39
0.016
  6
CONTINUOUS
 10
3.06066
 20
8.36782
 30
 0
 11
3.06072
 21
8.36907
  0
LINE
  8
Gravur
 62
   255
 39
0.016
  6
CONTINUOUS
 10
3.06072
 20
8.36907
 30
 0
 11
3.06078
 21
8.36929
  0
LINE
  8
Gravur
 62
   255
 39
0.016
  6
CONTINUOUS
 10
3.06078
 20
8.36929
 30
 0
 11
3.06081
 21
8.36936
  0
LINE
  8
Gravur
 62
   255
 39
0.016
  6
CONTINUOUS
 10
3.06081
 20
8.36936
 30
 0
 11
3.06084
 21
8.36943
  0
LINE
  8
Gravur
 62
   255
 39
0.016
  6
CONTINUOUS
 10
3.06084
 20
8.36943
 30
 0
 11
3.06084
 21
8.36943
  0
LINE
  8
Gravur
 62
   255
 39
0.016
  6
CONTINUOUS
 10
3.06084
 20
8.36943
 30
 0
 11
3.06137
 21
8.36983
  0
LINE
  8
Gravur
 62
   255
 39
0.016
  6
CONTINUOUS
 10
3.06137
 20
8.36983
 30
 0
 11
3.06215
 21
8.37003
  0
LINE
  8
Gravur
 62
   255
 39
0.016
  6
CONTINUOUS
 10
3.06215
 20
8.37003
 30
 0
 11
3.06215
 21
8.37003
  0
LINE
  8
Gravur
 62
   255
 39
0.016
  6
CONTINUOUS
 10
3.06215
 20
8.37003
 30
 0
 11
3.06283
 21
8.37010
  0
LINE
  8
Gravur
 62
   255
 39
0.016
  6
CONTINUOUS
 10
3.06283
 20
8.37010
 30
 0
 11
3.06338
 21
8.37016
  0
LINE
  8
Gravur
 62
   255
 39
0.016
  6
CONTINUOUS
 10
3.06338
 20
8.37016
 30
 0
 11
3.06758
 21
8.37064
  0
LINE
  8
Gravur
 62
   255
 39
0.016
  6
CONTINUOUS
 10
3.06758
 20
8.37064
 30
 0
 11
3.06796
 21
8.37067
  0
LINE
  8
Gravur
 62
   255
 39
0.016
  6
CONTINUOUS
 10
3.06796
 20
8.37067
 30
 0
 11
3.06796
 21
8.37067
  0
LINE
  8
Gravur
 62
   255
 39
0.016
  6
CONTINUOUS
 10
3.06796
 20
8.37067
 30
 0
 11
3.06934
 21
8.37077
  0
LINE
  8
Gravur
 62
   255
 39
0.016
  6
CONTINUOUS
 10
3.06934
 20
8.37077
 30
 0
 11
3.06980
 21
8.37080
  0
LINE
  8
Gravur
 62
   255
 39
0.016
  6
CONTINUOUS
 10
3.06980
 20
8.37080
 30
 0
 11
3.06980
 21
8.37080
  0
LINE
  8
Gravur
 62
   255
 39
0.016
  6
CONTINUOUS
 10
3.06980
 20
8.37080
 30
 0
 11
3.07063
 21
8.37086
  0
LINE
  8
Gravur
 62
   255
 39
0.016
  6
CONTINUOUS
 10
3.07063
 20
8.37086
 30
 0
 11
3.07146
 21
8.37092
  0
LINE
  8
Gravur
 62
   255
 39
0.016
  6
CONTINUOUS
 10
3.07146
 20
8.37092
 30
 0
 11
3.08092
 21
8.37086
  0
LINE
  8
Gravur
 62
   255
 39
0.016
  6
CONTINUOUS
 10
3.08092
 20
8.37086
 30
 0
 11
3.08231
 21
8.37071
  0
LINE
  8
Gravur
 62
   255
 39
0.016
  6
CONTINUOUS
 10
3.08231
 20
8.37071
 30
 0
 11
3.08231
 21
8.37071
  0
LINE
  8
Gravur
 62
   255
 39
0.016
  6
CONTINUOUS
 10
3.08231
 20
8.37071
 30
 0
 11
3.08596
 21
8.37009
  0
LINE
  8
Gravur
 62
   255
 39
0.016
  6
CONTINUOUS
 10
3.08596
 20
8.37009
 30
 0
 11
3.08949
 21
8.36910
  0
LINE
  8
Gravur
 62
   255
 39
0.016
  6
CONTINUOUS
 10
3.08949
 20
8.36910
 30
 0
 11
3.09279
 21
8.36768
  0
LINE
  8
Gravur
 62
   255
 39
0.016
  6
CONTINUOUS
 10
3.09279
 20
8.36768
 30
 0
 11
3.09576
 21
8.36578
  0
LINE
  8
Gravur
 62
   255
 39
0.016
  6
CONTINUOUS
 10
3.09576
 20
8.36578
 30
 0
 11
3.09576
 21
8.36578
  0
LINE
  8
Gravur
 62
   255
 39
0.016
  6
CONTINUOUS
 10
3.09576
 20
8.36578
 30
 0
 11
3.09868
 21
8.36291
  0
LINE
  8
Gravur
 62
   255
 39
0.016
  6
CONTINUOUS
 10
3.09868
 20
8.36291
 30
 0
 11
3.10089
 21
8.35924
  0
LINE
  8
Gravur
 62
   255
 39
0.016
  6
CONTINUOUS
 10
3.10089
 20
8.35924
 30
 0
 11
3.10189
 21
8.35643
  0
LINE
  8
Gravur
 62
   255
 39
0.016
  6
CONTINUOUS
 10
3.10189
 20
8.35643
 30
 0
 11
3.10198
 21
8.35611
  0
LINE
  8
Gravur
 62
   255
 39
0.016
  6
CONTINUOUS
 10
3.10198
 20
8.35611
 30
 0
 11
3.10198
 21
8.35611
  0
LINE
  8
Gravur
 62
   255
 39
0.016
  6
CONTINUOUS
 10
3.10198
 20
8.35611
 30
 0
 11
3.10233
 21
8.35462
  0
LINE
  8
Gravur
 62
   255
 39
0.016
  6
CONTINUOUS
 10
3.10233
 20
8.35462
 30
 0
 11
3.10243
 21
8.35412
  0
LINE
  8
Gravur
 62
   255
 39
0.016
  6
CONTINUOUS
 10
3.10243
 20
8.35412
 30
 0
 11
3.10243
 21
8.35412
  0
LINE
  8
Gravur
 62
   255
 39
0.016
  6
CONTINUOUS
 10
3.10243
 20
8.35412
 30
 0
 11
3.10262
 21
8.35297
  0
LINE
  8
Gravur
 62
   255
 39
0.016
  6
CONTINUOUS
 10
3.10262
 20
8.35297
 30
 0
 11
3.10277
 21
8.35182
  0
LINE
  8
Gravur
 62
   255
 39
0.016
  6
CONTINUOUS
 10
3.10277
 20
8.35182
 30
 0
 11
3.10303
 21
8.34497
  0
LINE
  8
Gravur
 62
   255
 39
0.016
  6
CONTINUOUS
 10
3.10303
 20
8.34497
 30
 0
 11
3.10297
 21
8.34398
  0
LINE
  8
Gravur
 62
   255
 39
0.016
  6
CONTINUOUS
 10
3.10297
 20
8.34398
 30
 0
 11
3.10297
 21
8.34398
  0
LINE
  8
Gravur
 62
   255
 39
0.016
  6
CONTINUOUS
 10
3.10297
 20
8.34398
 30
 0
 11
3.10267
 21
8.34141
  0
LINE
  8
Gravur
 62
   255
 39
0.016
  6
CONTINUOUS
 10
3.10267
 20
8.34141
 30
 0
 11
3.10215
 21
8.33888
  0
LINE
  8
Gravur
 62
   255
 39
0.016
  6
CONTINUOUS
 10
3.10215
 20
8.33888
 30
 0
 11
3.10140
 21
8.33644
  0
LINE
  8
Gravur
 62
   255
 39
0.016
  6
CONTINUOUS
 10
3.10140
 20
8.33644
 30
 0
 11
3.10039
 21
8.33411
  0
LINE
  8
Gravur
 62
   255
 39
0.016
  6
CONTINUOUS
 10
3.10039
 20
8.33411
 30
 0
 11
3.10039
 21
8.33411
  0
LINE
  8
Gravur
 62
   255
 39
0.016
  6
CONTINUOUS
 10
3.10039
 20
8.33411
 30
 0
 11
3.09890
 21
8.33165
  0
LINE
  8
Gravur
 62
   255
 39
0.016
  6
CONTINUOUS
 10
3.09890
 20
8.33165
 30
 0
 11
3.09703
 21
8.32943
  0
LINE
  8
Gravur
 62
   255
 39
0.016
  6
CONTINUOUS
 10
3.09703
 20
8.32943
 30
 0
 11
3.09329
 21
8.32651
  0
LINE
  8
Gravur
 62
   255
 39
0.016
  6
CONTINUOUS
 10
3.09329
 20
8.32651
 30
 0
 11
3.09284
 21
8.32625
  0
LINE
  8
Gravur
 62
   255
 39
0.016
  6
CONTINUOUS
 10
3.09284
 20
8.32625
 30
 0
 11
3.09284
 21
8.32625
  0
LINE
  8
Gravur
 62
   255
 39
0.016
  6
CONTINUOUS
 10
3.09284
 20
8.32625
 30
 0
 11
3.08821
 21
8.32422
  0
LINE
  8
Gravur
 62
   255
 39
0.016
  6
CONTINUOUS
 10
3.08821
 20
8.32422
 30
 0
 11
3.08723
 21
8.32391
  0
LINE
  8
Gravur
 62
   255
 39
0.016
  6
CONTINUOUS
 10
3.08723
 20
8.32391
 30
 0
 11
3.08174
 21
8.32214
  0
LINE
  8
Gravur
 62
   255
 39
0.016
  6
CONTINUOUS
 10
3.08174
 20
8.32214
 30
 0
 11
3.08251
 21
8.32182
  0
LINE
  8
Gravur
 62
   255
 39
0.016
  6
CONTINUOUS
 10
3.08251
 20
8.32182
 30
 0
 11
3.08281
 21
8.32170
  0
LINE
  8
Gravur
 62
   255
 39
0.016
  6
CONTINUOUS
 10
3.08281
 20
8.32170
 30
 0
 11
3.08473
 21
8.32089
  0
LINE
  8
Gravur
 62
   255
 39
0.016
  6
CONTINUOUS
 10
3.08473
 20
8.32089
 30
 0
 11
3.08515
 21
8.32071
  0
LINE
  8
Gravur
 62
   255
 39
0.016
  6
CONTINUOUS
 10
3.08515
 20
8.32071
 30
 0
 11
3.08515
 21
8.32071
  0
LINE
  8
Gravur
 62
   255
 39
0.016
  6
CONTINUOUS
 10
3.08515
 20
8.32071
 30
 0
 11
3.08798
 21
8.31940
  0
LINE
  8
Gravur
 62
   255
 39
0.016
  6
CONTINUOUS
 10
3.08798
 20
8.31940
 30
 0
 11
3.08829
 21
8.31923
  0
LINE
  8
Gravur
 62
   255
 39
0.016
  6
CONTINUOUS
 10
3.08829
 20
8.31923
 30
 0
 11
3.08991
 21
8.31802
  0
LINE
  8
Gravur
 62
   255
 39
0.016
  6
CONTINUOUS
 10
3.08991
 20
8.31802
 30
 0
 11
3.09021
 21
8.31775
  0
LINE
  8
Gravur
 62
   255
 39
0.016
  6
CONTINUOUS
 10
3.09021
 20
8.31775
 30
 0
 11
3.09021
 21
8.31775
  0
LINE
  8
Gravur
 62
   255
 39
0.016
  6
CONTINUOUS
 10
3.09021
 20
8.31775
 30
 0
 11
3.09241
 21
8.31526
  0
LINE
  8
Gravur
 62
   255
 39
0.016
  6
CONTINUOUS
 10
3.09241
 20
8.31526
 30
 0
 11
3.09305
 21
8.31434
  0
LINE
  8
Gravur
 62
   255
 39
0.016
  6
CONTINUOUS
 10
3.09305
 20
8.31434
 30
 0
 11
3.09305
 21
8.31434
  0
LINE
  8
Gravur
 62
   255
 39
0.016
  6
CONTINUOUS
 10
3.09305
 20
8.31434
 30
 0
 11
3.09380
 21
8.31309
  0
LINE
  8
Gravur
 62
   255
 39
0.016
  6
CONTINUOUS
 10
3.09380
 20
8.31309
 30
 0
 11
3.09448
 21
8.31180
  0
LINE
  8
Gravur
 62
   255
 39
0.016
  6
CONTINUOUS
 10
3.09448
 20
8.31180
 30
 0
 11
3.09750
 21
8.30326
  0
LINE
  8
Gravur
 62
   255
 39
0.016
  6
CONTINUOUS
 10
3.09750
 20
8.30326
 30
 0
 11
3.09771
 21
8.30246
  0
LINE
  8
Gravur
 62
   255
 39
0.016
  6
CONTINUOUS
 10
3.09771
 20
8.30246
 30
 0
 11
3.09771
 21
8.30246
  0
LINE
  8
Gravur
 62
   255
 39
0.016
  6
CONTINUOUS
 10
3.09771
 20
8.30246
 30
 0
 11
3.09925
 21
8.29620
  0
LINE
  8
Gravur
 62
   255
 39
0.016
  6
CONTINUOUS
 10
3.09925
 20
8.29620
 30
 0
 11
3.09957
 21
8.29497
  0
LINE
  8
Gravur
 62
   255
 39
0.016
  6
CONTINUOUS
 10
3.09957
 20
8.29497
 30
 0
 11
3.10289
 21
8.28252
  0
LINE
  8
Gravur
 62
   255
 39
0.016
  6
CONTINUOUS
 10
3.10289
 20
8.28252
 30
 0
 11
3.10373
 21
8.27961
  0
LINE
  8
Gravur
 62
   255
 39
0.016
  6
CONTINUOUS
 10
3.10373
 20
8.27961
 30
 0
 11
3.10382
 21
8.27929
  0
LINE
  8
Gravur
 62
   255
 39
0.016
  6
CONTINUOUS
 10
3.10382
 20
8.27929
 30
 0
 11
3.10382
 21
8.27929
  0
LINE
  8
Gravur
 62
   255
 39
0.016
  6
CONTINUOUS
 10
3.10382
 20
8.27929
 30
 0
 11
3.10461
 21
8.27613
  0
LINE
  8
Gravur
 62
   255
 39
0.016
  6
CONTINUOUS
 10
3.10461
 20
8.27613
 30
 0
 11
3.10472
 21
8.27549
  0
LINE
  8
Gravur
 62
   255
 39
0.016
  6
CONTINUOUS
 10
3.06086
 20
8.32201
 30
 0
 11
3.08191
 21
8.32214
  0
LINE
  8
Gravur
 62
   255
 39
0.016
  6
CONTINUOUS
 10
3.16309
 20
8.30886
 30
 0
 11
3.15530
 21
8.30875
  0
LINE
  8
Gravur
 62
   255
 39
0.016
  6
CONTINUOUS
 10
3.15530
 20
8.30875
 30
 0
 11
3.13702
 21
8.30875
  0
LINE
  8
Gravur
 62
   255
 39
0.016
  6
CONTINUOUS
 10
3.13702
 20
8.30875
 30
 0
 11
3.13119
 21
8.30875
  0
LINE
  8
Gravur
 62
   255
 39
0.016
  6
CONTINUOUS
 10
3.13119
 20
8.30875
 30
 0
 11
3.12885
 21
8.30875
  0
LINE
  8
Gravur
 62
   255
 39
0.016
  6
CONTINUOUS
 10
3.12885
 20
8.30875
 30
 0
 11
3.12971
 21
8.31233
  0
LINE
  8
Gravur
 62
   255
 39
0.016
  6
CONTINUOUS
 10
3.12971
 20
8.31233
 30
 0
 11
3.13153
 21
8.31922
  0
LINE
  8
Gravur
 62
   255
 39
0.016
  6
CONTINUOUS
 10
3.13153
 20
8.31922
 30
 0
 11
3.13447
 21
8.33022
  0
LINE
  8
Gravur
 62
   255
 39
0.016
  6
CONTINUOUS
 10
3.13447
 20
8.33022
 30
 0
 11
3.13481
 21
8.33144
  0
LINE
  8
Gravur
 62
   255
 39
0.016
  6
CONTINUOUS
 10
3.13481
 20
8.33144
 30
 0
 11
3.13481
 21
8.33144
  0
LINE
  8
Gravur
 62
   255
 39
0.016
  6
CONTINUOUS
 10
3.13481
 20
8.33144
 30
 0
 11
3.13801
 21
8.34345
  0
LINE
  8
Gravur
 62
   255
 39
0.016
  6
CONTINUOUS
 10
3.13801
 20
8.34345
 30
 0
 11
3.13862
 21
8.34586
  0
LINE
  8
Gravur
 62
   255
 39
0.016
  6
CONTINUOUS
 10
3.13862
 20
8.34586
 30
 0
 11
3.14345
 21
8.36401
  0
LINE
  8
Gravur
 62
   255
 39
0.016
  6
CONTINUOUS
 10
3.14345
 20
8.36401
 30
 0
 11
3.14458
 21
8.36825
  0
LINE
  8
Gravur
 62
   255
 39
0.016
  6
CONTINUOUS
 10
3.14458
 20
8.36825
 30
 0
 11
3.14466
 21
8.36857
  0
LINE
  8
Gravur
 62
   255
 39
0.016
  6
CONTINUOUS
 10
3.14466
 20
8.36857
 30
 0
 11
3.14468
 21
8.36864
  0
LINE
  8
Gravur
 62
   255
 39
0.016
  6
CONTINUOUS
 10
3.14468
 20
8.36864
 30
 0
 11
3.14468
 21
8.36864
  0
LINE
  8
Gravur
 62
   255
 39
0.016
  6
CONTINUOUS
 10
3.14468
 20
8.36864
 30
 0
 11
3.14490
 21
8.36925
  0
LINE
  8
Gravur
 62
   255
 39
0.016
  6
CONTINUOUS
 10
3.14490
 20
8.36925
 30
 0
 11
3.14501
 21
8.36941
  0
LINE
  8
Gravur
 62
   255
 39
0.016
  6
CONTINUOUS
 10
3.14501
 20
8.36941
 30
 0
 11
3.14501
 21
8.36941
  0
LINE
  8
Gravur
 62
   255
 39
0.016
  6
CONTINUOUS
 10
3.14501
 20
8.36941
 30
 0
 11
3.14522
 21
8.36958
  0
LINE
  8
Gravur
 62
   255
 39
0.016
  6
CONTINUOUS
 10
3.14522
 20
8.36958
 30
 0
 11
3.14550
 21
8.36968
  0
LINE
  8
Gravur
 62
   255
 39
0.016
  6
CONTINUOUS
 10
3.14550
 20
8.36968
 30
 0
 11
3.14682
 21
8.36954
  0
LINE
  8
Gravur
 62
   255
 39
0.016
  6
CONTINUOUS
 10
3.14682
 20
8.36954
 30
 0
 11
3.14702
 21
8.36941
  0
LINE
  8
Gravur
 62
   255
 39
0.016
  6
CONTINUOUS
 10
3.14702
 20
8.36941
 30
 0
 11
3.14702
 21
8.36941
  0
LINE
  8
Gravur
 62
   255
 39
0.016
  6
CONTINUOUS
 10
3.14702
 20
8.36941
 30
 0
 11
3.14803
 21
8.36762
  0
LINE
  8
Gravur
 62
   255
 39
0.016
  6
CONTINUOUS
 10
3.14803
 20
8.36762
 30
 0
 11
3.14821
 21
8.36685
  0
LINE
  8
Gravur
 62
   255
 39
0.016
  6
CONTINUOUS
 10
3.14821
 20
8.36685
 30
 0
 11
3.14821
 21
8.36685
  0
LINE
  8
Gravur
 62
   255
 39
0.016
  6
CONTINUOUS
 10
3.14821
 20
8.36685
 30
 0
 11
3.14840
 21
8.36585
  0
LINE
  8
Gravur
 62
   255
 39
0.016
  6
CONTINUOUS
 10
3.14840
 20
8.36585
 30
 0
 11
3.14860
 21
8.36494
  0
LINE
  8
Gravur
 62
   255
 39
0.016
  6
CONTINUOUS
 10
3.14860
 20
8.36494
 30
 0
 11
3.15310
 21
8.34798
  0
LINE
  8
Gravur
 62
   255
 39
0.016
  6
CONTINUOUS
 10
3.15310
 20
8.34798
 30
 0
 11
3.16151
 21
8.31617
  0
LINE
  8
Gravur
 62
   255
 39
0.016
  6
CONTINUOUS
 10
3.16151
 20
8.31617
 30
 0
 11
3.16209
 21
8.31365
  0
LINE
  8
Gravur
 62
   255
 39
0.016
  6
CONTINUOUS
 10
3.16209
 20
8.31365
 30
 0
 11
3.16214
 21
8.31336
  0
LINE
  8
Gravur
 62
   255
 39
0.016
  6
CONTINUOUS
 10
3.16214
 20
8.31336
 30
 0
 11
3.16214
 21
8.31336
  0
LINE
  8
Gravur
 62
   255
 39
0.016
  6
CONTINUOUS
 10
3.16214
 20
8.31336
 30
 0
 11
3.16286
 21
8.30997
  0
LINE
  8
Gravur
 62
   255
 39
0.016
  6
CONTINUOUS
 10
3.16286
 20
8.30997
 30
 0
 11
3.16304
 21
8.30931
  0
LINE
  8
Gravur
 62
   255
 39
0.016
  6
CONTINUOUS
 10
3.16304
 20
8.30931
 30
 0
 11
3.16579
 21
8.30001
  0
LINE
  8
Gravur
 62
   255
 39
0.016
  6
CONTINUOUS
 10
3.16579
 20
8.30001
 30
 0
 11
3.17012
 21
8.28358
  0
LINE
  8
Gravur
 62
   255
 39
0.016
  6
CONTINUOUS
 10
3.17012
 20
8.28358
 30
 0
 11
3.17094
 21
8.28028
  0
LINE
  8
Gravur
 62
   255
 39
0.016
  6
CONTINUOUS
 10
3.17094
 20
8.28028
 30
 0
 11
3.17103
 21
8.27991
  0
LINE
  8
Gravur
 62
   255
 39
0.016
  6
CONTINUOUS
 10
3.17103
 20
8.27991
 30
 0
 11
3.17103
 21
8.27991
  0
LINE
  8
Gravur
 62
   255
 39
0.016
  6
CONTINUOUS
 10
3.17103
 20
8.27991
 30
 0
 11
3.17202
 21
8.27632
  0
LINE
  8
Gravur
 62
   255
 39
0.016
  6
CONTINUOUS
 10
3.17202
 20
8.27632
 30
 0
 11
3.17227
 21
8.27563
  0
LINE
  8
Gravur
 62
   255
 39
0.016
  6
CONTINUOUS
 10
3.12884
 20
8.30877
 30
 0
 11
3.12786
 21
8.30531
  0
LINE
  8
Gravur
 62
   255
 39
0.016
  6
CONTINUOUS
 10
3.12786
 20
8.30531
 30
 0
 11
3.12617
 21
8.29895
  0
LINE
  8
Gravur
 62
   255
 39
0.016
  6
CONTINUOUS
 10
3.12617
 20
8.29895
 30
 0
 11
3.12215
 21
8.28371
  0
LINE
  8
Gravur
 62
   255
 39
0.016
  6
CONTINUOUS
 10
3.12215
 20
8.28371
 30
 0
 11
3.12005
 21
8.27563
  0
LINE
  8
Gravur
 62
   255
 39
0.016
  6
CONTINUOUS
 10
3.18906
 20
8.36971
 30
 0
 11
3.23557
 21
8.36971
  0
LINE
  8
Gravur
 62
   255
 39
0.016
  6
CONTINUOUS
 10
3.21238
 20
8.36958
 30
 0
 11
3.21238
 21
8.27576
  0
LINE
  8
Gravur
 62
   255
 39
0.016
  6
CONTINUOUS
 10
3.29914
 20
8.27563
 30
 0
 11
3.26986
 21
8.27563
  0
LINE
  8
Gravur
 62
   255
 39
0.016
  6
CONTINUOUS
 10
3.26986
 20
8.27563
 30
 0
 11
3.26230
 21
8.27563
  0
LINE
  8
Gravur
 62
   255
 39
0.016
  6
CONTINUOUS
 10
3.26230
 20
8.27563
 30
 0
 11
3.25961
 21
8.27578
  0
LINE
  8
Gravur
 62
   255
 39
0.016
  6
CONTINUOUS
 10
3.25961
 20
8.27578
 30
 0
 11
3.25939
 21
8.27695
  0
LINE
  8
Gravur
 62
   255
 39
0.016
  6
CONTINUOUS
 10
3.25939
 20
8.27695
 30
 0
 11
3.25939
 21
8.28026
  0
LINE
  8
Gravur
 62
   255
 39
0.016
  6
CONTINUOUS
 10
3.25939
 20
8.28026
 30
 0
 11
3.25939
 21
8.29391
  0
LINE
  8
Gravur
 62
   255
 39
0.016
  6
CONTINUOUS
 10
3.25939
 20
8.29391
 30
 0
 11
3.25939
 21
8.34930
  0
LINE
  8
Gravur
 62
   255
 39
0.016
  6
CONTINUOUS
 10
3.25939
 20
8.34930
 30
 0
 11
3.25939
 21
8.36454
  0
LINE
  8
Gravur
 62
   255
 39
0.016
  6
CONTINUOUS
 10
3.25939
 20
8.36454
 30
 0
 11
3.25939
 21
8.36825
  0
LINE
  8
Gravur
 62
   255
 39
0.016
  6
CONTINUOUS
 10
3.25939
 20
8.36825
 30
 0
 11
3.25961
 21
8.36956
  0
LINE
  8
Gravur
 62
   255
 39
0.016
  6
CONTINUOUS
 10
3.25961
 20
8.36956
 30
 0
 11
3.26230
 21
8.36971
  0
LINE
  8
Gravur
 62
   255
 39
0.016
  6
CONTINUOUS
 10
3.26230
 20
8.36971
 30
 0
 11
3.26986
 21
8.36971
  0
LINE
  8
Gravur
 62
   255
 39
0.016
  6
CONTINUOUS
 10
3.26986
 20
8.36971
 30
 0
 11
3.29914
 21
8.36971
  0
LINE
  8
Gravur
 62
   255
 39
0.016
  6
CONTINUOUS
 10
3.25952
 20
8.32731
 30
 0
 11
3.29782
 21
8.32731
  0
LINE
  8
Gravur
 62
   255
 39
0.016
  6
CONTINUOUS
 10
3.43423
 20
8.36998
 30
 0
 11
3.42381
 21
8.34758
  0
LINE
  8
Gravur
 62
   255
 39
0.016
  6
CONTINUOUS
 10
3.42381
 20
8.34758
 30
 0
 11
3.39894
 21
8.29404
  0
LINE
  8
Gravur
 62
   255
 39
0.016
  6
CONTINUOUS
 10
3.39894
 20
8.29404
 30
 0
 11
3.38785
 21
8.27019
  0
LINE
  8
Gravur
 62
   255
 39
0.016
  6
CONTINUOUS
 10
3.46070
 20
8.36971
 30
 0
 11
3.46070
 21
8.29895
  0
LINE
  8
Gravur
 62
   255
 39
0.016
  6
CONTINUOUS
 10
3.46070
 20
8.29895
 30
 0
 11
3.46070
 21
8.28159
  0
LINE
  8
Gravur
 62
   255
 39
0.016
  6
CONTINUOUS
 10
3.46070
 20
8.28159
 30
 0
 11
3.46070
 21
8.27735
  0
LINE
  8
Gravur
 62
   255
 39
0.016
  6
CONTINUOUS
 10
3.46070
 20
8.27735
 30
 0
 11
3.46093
 21
8.27578
  0
LINE
  8
Gravur
 62
   255
 39
0.016
  6
CONTINUOUS
 10
3.46093
 20
8.27578
 30
 0
 11
3.46348
 21
8.27563
  0
LINE
  8
Gravur
 62
   255
 39
0.016
  6
CONTINUOUS
 10
3.46348
 20
8.27563
 30
 0
 11
3.47050
 21
8.27563
  0
LINE
  8
Gravur
 62
   255
 39
0.016
  6
CONTINUOUS
 10
3.47050
 20
8.27563
 30
 0
 11
3.49780
 21
8.27563
  0
LINE
  8
Gravur
 62
   255
 39
0.016
  6
CONTINUOUS
 10
3.52559
 20
8.27576
 30
 0
 11
3.52559
 21
8.34652
  0
LINE
  8
Gravur
 62
   255
 39
0.016
  6
CONTINUOUS
 10
3.52559
 20
8.34652
 30
 0
 11
3.52559
 21
8.36388
  0
LINE
  8
Gravur
 62
   255
 39
0.016
  6
CONTINUOUS
 10
3.52559
 20
8.36388
 30
 0
 11
3.52559
 21
8.36812
  0
LINE
  8
Gravur
 62
   255
 39
0.016
  6
CONTINUOUS
 10
3.52559
 20
8.36812
 30
 0
 11
3.52582
 21
8.36956
  0
LINE
  8
Gravur
 62
   255
 39
0.016
  6
CONTINUOUS
 10
3.52582
 20
8.36956
 30
 0
 11
3.52851
 21
8.36971
  0
LINE
  8
Gravur
 62
   255
 39
0.016
  6
CONTINUOUS
 10
3.52851
 20
8.36971
 30
 0
 11
3.53580
 21
8.36971
  0
LINE
  8
Gravur
 62
   255
 39
0.016
  6
CONTINUOUS
 10
3.53580
 20
8.36971
 30
 0
 11
3.56402
 21
8.36971
  0
LINE
  8
Gravur
 62
   255
 39
0.016
  6
CONTINUOUS
 10
3.52573
 20
8.32731
 30
 0
 11
3.56270
 21
8.32731
  0
LINE
  8
Gravur
 62
   255
 39
0.024
  6
CONTINUOUS
 10
3.32085
 20
7.08725
 30
 0
 11
3.42182
 21
6.91873
  0
CIRCLE
  8
Gravur
 62
   255
 39
0.016
  6
CONTINUOUS
 10
3.09614
 20
7.47047
 30
 0
 40
0.64961
  0
LINE
  8
Gravur
 62
   255
 39
0.024
  6
CONTINUOUS
 10
2.86937
 20
7.08739
 30
 0
 11
2.76952
 21
6.92049
  0
LINE
  8
Gravur
 62
   255
 39
0.024
  6
CONTINUOUS
 10
1.42270
 20
7.08115
 30
 0
 11
1.52367
 21
6.91263
  0
LINE
  8
Gravur
 62
   255
 39
0.016
  6
CONTINUOUS
 10
0.55197
 20
7.47421
 30
 0
 11
0.55236
 21
7.45167
  0
LINE
  8
Gravur
 62
   255
 39
0.016
  6
CONTINUOUS
 10
0.55236
 20
7.45167
 30
 0
 11
0.55353
 21
7.42915
  0
LINE
  8
Gravur
 62
   255
 39
0.016
  6
CONTINUOUS
 10
0.55353
 20
7.42915
 30
 0
 11
0.55549
 21
7.40668
  0
LINE
  8
Gravur
 62
   255
 39
0.016
  6
CONTINUOUS
 10
0.55549
 20
7.40668
 30
 0
 11
0.55822
 21
7.38430
  0
LINE
  8
Gravur
 62
   255
 39
0.016
  6
CONTINUOUS
 10
0.55822
 20
7.38430
 30
 0
 11
0.56173
 21
7.36203
  0
LINE
  8
Gravur
 62
   255
 39
0.016
  6
CONTINUOUS
 10
0.56173
 20
7.36203
 30
 0
 11
0.56602
 21
7.33989
  0
LINE
  8
Gravur
 62
   255
 39
0.016
  6
CONTINUOUS
 10
0.56602
 20
7.33989
 30
 0
 11
0.57106
 21
7.31791
  0
LINE
  8
Gravur
 62
   255
 39
0.016
  6
CONTINUOUS
 10
0.57106
 20
7.31791
 30
 0
 11
0.57687
 21
7.29612
  0
LINE
  8
Gravur
 62
   255
 39
0.016
  6
CONTINUOUS
 10
0.57687
 20
7.29612
 30
 0
 11
0.58343
 21
7.27455
  0
LINE
  8
Gravur
 62
   255
 39
0.016
  6
CONTINUOUS
 10
0.58343
 20
7.27455
 30
 0
 11
0.59074
 21
7.25321
  0
LINE
  8
Gravur
 62
   255
 39
0.016
  6
CONTINUOUS
 10
0.59074
 20
7.25321
 30
 0
 11
0.59878
 21
7.23214
  0
LINE
  8
Gravur
 62
   255
 39
0.016
  6
CONTINUOUS
 10
0.59878
 20
7.23214
 30
 0
 11
0.60755
 21
7.21137
  0
LINE
  8
Gravur
 62
   255
 39
0.016
  6
CONTINUOUS
 10
0.60755
 20
7.21137
 30
 0
 11
0.61704
 21
7.19091
  0
LINE
  8
Gravur
 62
   255
 39
0.016
  6
CONTINUOUS
 10
0.61704
 20
7.19091
 30
 0
 11
0.62723
 21
7.17079
  0
LINE
  8
Gravur
 62
   255
 39
0.016
  6
CONTINUOUS
 10
0.62723
 20
7.17079
 30
 0
 11
0.63811
 21
7.15104
  0
LINE
  8
Gravur
 62
   255
 39
0.016
  6
CONTINUOUS
 10
0.63811
 20
7.15104
 30
 0
 11
0.64968
 21
7.13168
  0
LINE
  8
Gravur
 62
   255
 39
0.016
  6
CONTINUOUS
 10
0.64968
 20
7.13168
 30
 0
 11
0.66191
 21
7.11272
  0
LINE
  8
Gravur
 62
   255
 39
0.016
  6
CONTINUOUS
 10
0.66191
 20
7.11272
 30
 0
 11
0.67478
 21
7.09421
  0
LINE
  8
Gravur
 62
   255
 39
0.016
  6
CONTINUOUS
 10
0.67478
 20
7.09421
 30
 0
 11
0.68830
 21
7.07615
  0
LINE
  8
Gravur
 62
   255
 39
0.016
  6
CONTINUOUS
 10
0.68830
 20
7.07615
 30
 0
 11
0.70243
 21
7.05858
  0
LINE
  8
Gravur
 62
   255
 39
0.016
  6
CONTINUOUS
 10
0.70243
 20
7.05858
 30
 0
 11
0.71717
 21
7.04150
  0
LINE
  8
Gravur
 62
   255
 39
0.016
  6
CONTINUOUS
 10
0.71717
 20
7.04150
 30
 0
 11
0.73249
 21
7.02494
  0
LINE
  8
Gravur
 62
   255
 39
0.016
  6
CONTINUOUS
 10
0.73249
 20
7.02494
 30
 0
 11
0.74837
 21
7.00893
  0
LINE
  8
Gravur
 62
   255
 39
0.016
  6
CONTINUOUS
 10
0.74837
 20
7.00893
 30
 0
 11
0.76480
 21
6.99348
  0
LINE
  8
Gravur
 62
   255
 39
0.016
  6
CONTINUOUS
 10
0.76480
 20
6.99348
 30
 0
 11
0.78176
 21
6.97860
  0
LINE
  8
Gravur
 62
   255
 39
0.016
  6
CONTINUOUS
 10
0.78176
 20
6.97860
 30
 0
 11
0.79923
 21
6.96433
  0
LINE
  8
Gravur
 62
   255
 39
0.016
  6
CONTINUOUS
 10
0.79923
 20
6.96433
 30
 0
 11
0.81718
 21
6.95067
  0
LINE
  8
Gravur
 62
   255
 39
0.016
  6
CONTINUOUS
 10
0.81718
 20
6.95067
 30
 0
 11
0.83559
 21
6.93763
  0
LINE
  8
Gravur
 62
   255
 39
0.016
  6
CONTINUOUS
 10
0.83559
 20
6.93763
 30
 0
 11
0.85444
 21
6.92525
  0
LINE
  8
Gravur
 62
   255
 39
0.016
  6
CONTINUOUS
 10
0.85444
 20
6.92525
 30
 0
 11
0.87372
 21
6.91353
  0
LINE
  8
Gravur
 62
   255
 39
0.016
  6
CONTINUOUS
 10
0.87372
 20
6.91353
 30
 0
 11
0.89339
 21
6.90248
  0
LINE
  8
Gravur
 62
   255
 39
0.016
  6
CONTINUOUS
 10
0.89339
 20
6.90248
 30
 0
 11
0.91343
 21
6.89212
  0
LINE
  8
Gravur
 62
   255
 39
0.016
  6
CONTINUOUS
 10
0.91343
 20
6.89212
 30
 0
 11
0.93382
 21
6.88246
  0
LINE
  8
Gravur
 62
   255
 39
0.016
  6
CONTINUOUS
 10
0.93382
 20
6.88246
 30
 0
 11
0.95453
 21
6.87352
  0
LINE
  8
Gravur
 62
   255
 39
0.016
  6
CONTINUOUS
 10
0.95453
 20
6.87352
 30
 0
 11
0.97554
 21
6.86530
  0
LINE
  8
Gravur
 62
   255
 39
0.016
  6
CONTINUOUS
 10
0.97554
 20
6.86530
 30
 0
 11
0.99682
 21
6.85781
  0
LINE
  8
Gravur
 62
   255
 39
0.016
  6
CONTINUOUS
 10
0.99682
 20
6.85781
 30
 0
 11
1.01835
 21
6.85106
  0
LINE
  8
Gravur
 62
   255
 39
0.016
  6
CONTINUOUS
 10
1.01835
 20
6.85106
 30
 0
 11
1.04010
 21
6.84507
  0
LINE
  8
Gravur
 62
   255
 39
0.016
  6
CONTINUOUS
 10
1.04010
 20
6.84507
 30
 0
 11
1.06205
 21
6.83984
  0
LINE
  8
Gravur
 62
   255
 39
0.016
  6
CONTINUOUS
 10
1.06205
 20
6.83984
 30
 0
 11
1.08416
 21
6.83536
  0
LINE
  8
Gravur
 62
   255
 39
0.016
  6
CONTINUOUS
 10
1.08416
 20
6.83536
 30
 0
 11
1.10642
 21
6.83166
  0
LINE
  8
Gravur
 62
   255
 39
0.016
  6
CONTINUOUS
 10
1.10642
 20
6.83166
 30
 0
 11
1.12879
 21
6.82874
  0
LINE
  8
Gravur
 62
   255
 39
0.016
  6
CONTINUOUS
 10
1.12879
 20
6.82874
 30
 0
 11
1.15125
 21
6.82659
  0
LINE
  8
Gravur
 62
   255
 39
0.016
  6
CONTINUOUS
 10
1.15125
 20
6.82659
 30
 0
 11
1.17377
 21
6.82522
  0
LINE
  8
Gravur
 62
   255
 39
0.016
  6
CONTINUOUS
 10
1.17377
 20
6.82522
 30
 0
 11
1.19633
 21
6.82463
  0
LINE
  8
Gravur
 62
   255
 39
0.016
  6
CONTINUOUS
 10
1.19633
 20
6.82463
 30
 0
 11
1.21889
 21
6.82483
  0
LINE
  8
Gravur
 62
   255
 39
0.016
  6
CONTINUOUS
 10
1.21889
 20
6.82483
 30
 0
 11
1.24143
 21
6.82580
  0
LINE
  8
Gravur
 62
   255
 39
0.016
  6
CONTINUOUS
 10
1.24143
 20
6.82580
 30
 0
 11
1.26393
 21
6.82756
  0
LINE
  8
Gravur
 62
   255
 39
0.016
  6
CONTINUOUS
 10
1.26393
 20
6.82756
 30
 0
 11
1.28634
 21
6.83010
  0
LINE
  8
Gravur
 62
   255
 39
0.016
  6
CONTINUOUS
 10
1.28634
 20
6.83010
 30
 0
 11
1.30866
 21
6.83342
  0
LINE
  8
Gravur
 62
   255
 39
0.016
  6
CONTINUOUS
 10
1.30866
 20
6.83342
 30
 0
 11
1.33085
 21
6.83750
  0
LINE
  8
Gravur
 62
   255
 39
0.016
  6
CONTINUOUS
 10
1.33085
 20
6.83750
 30
 0
 11
1.35289
 21
6.84236
  0
LINE
  8
Gravur
 62
   255
 39
0.016
  6
CONTINUOUS
 10
1.35289
 20
6.84236
 30
 0
 11
1.37474
 21
6.84797
  0
LINE
  8
Gravur
 62
   255
 39
0.016
  6
CONTINUOUS
 10
1.37474
 20
6.84797
 30
 0
 11
1.39638
 21
6.85434
  0
LINE
  8
Gravur
 62
   255
 39
0.016
  6
CONTINUOUS
 10
1.39638
 20
6.85434
 30
 0
 11
1.41779
 21
6.86146
  0
LINE
  8
Gravur
 62
   255
 39
0.016
  6
CONTINUOUS
 10
1.41779
 20
6.86146
 30
 0
 11
1.43894
 21
6.86932
  0
LINE
  8
Gravur
 62
   255
 39
0.016
  6
CONTINUOUS
 10
1.43894
 20
6.86932
 30
 0
 11
1.45980
 21
6.87790
  0
LINE
  8
Gravur
 62
   255
 39
0.016
  6
CONTINUOUS
 10
1.45980
 20
6.87790
 30
 0
 11
1.48036
 21
6.88720
  0
LINE
  8
Gravur
 62
   255
 39
0.016
  6
CONTINUOUS
 10
1.48036
 20
6.88720
 30
 0
 11
1.50058
 21
6.89721
  0
LINE
  8
Gravur
 62
   255
 39
0.016
  6
CONTINUOUS
 10
1.50058
 20
6.89721
 30
 0
 11
1.52043
 21
6.90792
  0
LINE
  8
Gravur
 62
   255
 39
0.016
  6
CONTINUOUS
 10
1.52043
 20
6.90792
 30
 0
 11
1.53991
 21
6.91930
  0
LINE
  8
Gravur
 62
   255
 39
0.016
  6
CONTINUOUS
 10
1.53991
 20
6.91930
 30
 0
 11
1.55897
 21
6.93136
  0
LINE
  8
Gravur
 62
   255
 39
0.016
  6
CONTINUOUS
 10
1.55897
 20
6.93136
 30
 0
 11
1.57761
 21
6.94407
  0
LINE
  8
Gravur
 62
   255
 39
0.016
  6
CONTINUOUS
 10
1.57761
 20
6.94407
 30
 0
 11
1.59580
 21
6.95742
  0
LINE
  8
Gravur
 62
   255
 39
0.016
  6
CONTINUOUS
 10
1.59580
 20
6.95742
 30
 0
 11
1.61351
 21
6.97139
  0
LINE
  8
Gravur
 62
   255
 39
0.016
  6
CONTINUOUS
 10
1.61351
 20
6.97139
 30
 0
 11
1.63072
 21
6.98597
  0
LINE
  8
Gravur
 62
   255
 39
0.016
  6
CONTINUOUS
 10
1.63072
 20
6.98597
 30
 0
 11
1.64742
 21
7.00113
  0
LINE
  8
Gravur
 62
   255
 39
0.016
  6
CONTINUOUS
 10
1.64742
 20
7.00113
 30
 0
 11
1.66358
 21
7.01687
  0
LINE
  8
Gravur
 62
   255
 39
0.016
  6
CONTINUOUS
 10
1.66358
 20
7.01687
 30
 0
 11
1.67918
 21
7.03316
  0
LINE
  8
Gravur
 62
   255
 39
0.016
  6
CONTINUOUS
 10
1.67918
 20
7.03316
 30
 0
 11
1.69421
 21
7.04997
  0
LINE
  8
Gravur
 62
   255
 39
0.016
  6
CONTINUOUS
 10
1.69421
 20
7.04997
 30
 0
 11
1.70865
 21
7.06730
  0
LINE
  8
Gravur
 62
   255
 39
0.016
  6
CONTINUOUS
 10
1.70865
 20
7.06730
 30
 0
 11
1.72247
 21
7.08512
  0
LINE
  8
Gravur
 62
   255
 39
0.016
  6
CONTINUOUS
 10
1.72247
 20
7.08512
 30
 0
 11
1.73567
 21
7.10341
  0
LINE
  8
Gravur
 62
   255
 39
0.016
  6
CONTINUOUS
 10
1.73567
 20
7.10341
 30
 0
 11
1.74823
 21
7.12215
  0
LINE
  8
Gravur
 62
   255
 39
0.016
  6
CONTINUOUS
 10
1.74823
 20
7.12215
 30
 0
 11
1.76013
 21
7.14131
  0
LINE
  8
Gravur
 62
   255
 39
0.016
  6
CONTINUOUS
 10
1.76013
 20
7.14131
 30
 0
 11
1.77135
 21
7.16087
  0
LINE
  8
Gravur
 62
   255
 39
0.016
  6
CONTINUOUS
 10
1.77135
 20
7.16087
 30
 0
 11
1.78189
 21
7.18081
  0
LINE
  8
Gravur
 62
   255
 39
0.016
  6
CONTINUOUS
 10
1.78189
 20
7.18081
 30
 0
 11
1.79173
 21
7.20110
  0
LINE
  8
Gravur
 62
   255
 39
0.016
  6
CONTINUOUS
 10
1.79173
 20
7.20110
 30
 0
 11
1.80086
 21
7.22172
  0
LINE
  8
Gravur
 62
   255
 39
0.016
  6
CONTINUOUS
 10
1.80086
 20
7.22172
 30
 0
 11
1.80927
 21
7.24264
  0
LINE
  8
Gravur
 62
   255
 39
0.016
  6
CONTINUOUS
 10
1.80927
 20
7.24264
 30
 0
 11
1.81694
 21
7.26385
  0
LINE
  8
Gravur
 62
   255
 39
0.016
  6
CONTINUOUS
 10
1.81694
 20
7.26385
 30
 0
 11
1.82388
 21
7.28530
  0
LINE
  8
Gravur
 62
   255
 39
0.016
  6
CONTINUOUS
 10
1.82388
 20
7.28530
 30
 0
 11
1.83006
 21
7.30699
  0
LINE
  8
Gravur
 62
   255
 39
0.016
  6
CONTINUOUS
 10
1.83006
 20
7.30699
 30
 0
 11
1.83549
 21
7.32888
  0
LINE
  8
Gravur
 62
   255
 39
0.016
  6
CONTINUOUS
 10
1.83549
 20
7.32888
 30
 0
 11
1.84016
 21
7.35094
  0
LINE
  8
Gravur
 62
   255
 39
0.016
  6
CONTINUOUS
 10
1.84016
 20
7.35094
 30
 0
 11
1.84405
 21
7.37315
  0
LINE
  8
Gravur
 62
   255
 39
0.016
  6
CONTINUOUS
 10
1.84405
 20
7.37315
 30
 0
 11
1.84718
 21
7.39548
  0
LINE
  8
Gravur
 62
   255
 39
0.016
  6
CONTINUOUS
 10
1.84718
 20
7.39548
 30
 0
 11
1.84952
 21
7.41791
  0
LINE
  8
Gravur
 62
   255
 39
0.016
  6
CONTINUOUS
 10
1.84952
 20
7.41791
 30
 0
 11
1.85109
 21
7.44040
  0
LINE
  8
Gravur
 62
   255
 39
0.016
  6
CONTINUOUS
 10
1.85109
 20
7.44040
 30
 0
 11
1.85187
 21
7.46294
  0
LINE
  8
Gravur
 62
   255
 39
0.016
  6
CONTINUOUS
 10
1.85187
 20
7.46294
 30
 0
 11
1.85187
 21
7.48549
  0
LINE
  8
Gravur
 62
   255
 39
0.016
  6
CONTINUOUS
 10
1.85187
 20
7.48549
 30
 0
 11
1.85109
 21
7.50802
  0
LINE
  8
Gravur
 62
   255
 39
0.016
  6
CONTINUOUS
 10
1.85109
 20
7.50802
 30
 0
 11
1.84952
 21
7.53052
  0
LINE
  8
Gravur
 62
   255
 39
0.016
  6
CONTINUOUS
 10
1.84952
 20
7.53052
 30
 0
 11
1.84718
 21
7.55294
  0
LINE
  8
Gravur
 62
   255
 39
0.016
  6
CONTINUOUS
 10
1.84718
 20
7.55294
 30
 0
 11
1.84405
 21
7.57528
  0
LINE
  8
Gravur
 62
   255
 39
0.016
  6
CONTINUOUS
 10
1.84405
 20
7.57528
 30
 0
 11
1.84016
 21
7.59749
  0
LINE
  8
Gravur
 62
   255
 39
0.016
  6
CONTINUOUS
 10
1.84016
 20
7.59749
 30
 0
 11
1.83549
 21
7.61955
  0
LINE
  8
Gravur
 62
   255
 39
0.016
  6
CONTINUOUS
 10
1.83549
 20
7.61955
 30
 0
 11
1.83006
 21
7.64144
  0
LINE
  8
Gravur
 62
   255
 39
0.016
  6
CONTINUOUS
 10
1.83006
 20
7.64144
 30
 0
 11
1.82388
 21
7.66312
  0
LINE
  8
Gravur
 62
   255
 39
0.016
  6
CONTINUOUS
 10
1.82388
 20
7.66312
 30
 0
 11
1.81694
 21
7.68458
  0
LINE
  8
Gravur
 62
   255
 39
0.016
  6
CONTINUOUS
 10
1.81694
 20
7.68458
 30
 0
 11
1.80927
 21
7.70578
  0
LINE
  8
Gravur
 62
   255
 39
0.016
  6
CONTINUOUS
 10
1.80927
 20
7.70578
 30
 0
 11
1.80086
 21
7.72671
  0
LINE
  8
Gravur
 62
   255
 39
0.016
  6
CONTINUOUS
 10
1.80086
 20
7.72671
 30
 0
 11
1.79173
 21
7.74733
  0
LINE
  8
Gravur
 62
   255
 39
0.016
  6
CONTINUOUS
 10
1.79173
 20
7.74733
 30
 0
 11
1.78189
 21
7.76762
  0
LINE
  8
Gravur
 62
   255
 39
0.016
  6
CONTINUOUS
 10
1.78189
 20
7.76762
 30
 0
 11
1.77135
 21
7.78756
  0
LINE
  8
Gravur
 62
   255
 39
0.016
  6
CONTINUOUS
 10
1.77135
 20
7.78756
 30
 0
 11
1.76013
 21
7.80712
  0
LINE
  8
Gravur
 62
   255
 39
0.016
  6
CONTINUOUS
 10
1.76013
 20
7.80712
 30
 0
 11
1.74823
 21
7.82628
  0
LINE
  8
Gravur
 62
   255
 39
0.016
  6
CONTINUOUS
 10
1.74823
 20
7.82628
 30
 0
 11
1.73567
 21
7.84501
  0
LINE
  8
Gravur
 62
   255
 39
0.016
  6
CONTINUOUS
 10
1.73567
 20
7.84501
 30
 0
 11
1.72247
 21
7.86330
  0
LINE
  8
Gravur
 62
   255
 39
0.016
  6
CONTINUOUS
 10
1.72247
 20
7.86330
 30
 0
 11
1.70865
 21
7.88112
  0
LINE
  8
Gravur
 62
   255
 39
0.016
  6
CONTINUOUS
 10
1.70865
 20
7.88112
 30
 0
 11
1.69421
 21
7.89845
  0
LINE
  8
Gravur
 62
   255
 39
0.016
  6
CONTINUOUS
 10
1.69421
 20
7.89845
 30
 0
 11
1.67918
 21
7.91527
  0
LINE
  8
Gravur
 62
   255
 39
0.016
  6
CONTINUOUS
 10
1.67918
 20
7.91527
 30
 0
 11
1.66358
 21
7.93156
  0
LINE
  8
Gravur
 62
   255
 39
0.016
  6
CONTINUOUS
 10
1.66358
 20
7.93156
 30
 0
 11
1.64742
 21
7.94729
  0
LINE
  8
Gravur
 62
   255
 39
0.016
  6
CONTINUOUS
 10
1.64742
 20
7.94729
 30
 0
 11
1.63072
 21
7.96246
  0
LINE
  8
Gravur
 62
   255
 39
0.016
  6
CONTINUOUS
 10
1.63072
 20
7.96246
 30
 0
 11
1.61351
 21
7.97703
  0
LINE
  8
Gravur
 62
   255
 39
0.016
  6
CONTINUOUS
 10
1.61351
 20
7.97703
 30
 0
 11
1.59580
 21
7.99101
  0
LINE
  8
Gravur
 62
   255
 39
0.016
  6
CONTINUOUS
 10
1.59580
 20
7.99101
 30
 0
 11
1.57761
 21
8.00436
  0
LINE
  8
Gravur
 62
   255
 39
0.016
  6
CONTINUOUS
 10
1.57761
 20
8.00436
 30
 0
 11
1.55897
 21
8.01707
  0
LINE
  8
Gravur
 62
   255
 39
0.016
  6
CONTINUOUS
 10
1.55897
 20
8.01707
 30
 0
 11
1.53991
 21
8.02912
  0
LINE
  8
Gravur
 62
   255
 39
0.016
  6
CONTINUOUS
 10
1.53991
 20
8.02912
 30
 0
 11
1.52043
 21
8.04051
  0
LINE
  8
Gravur
 62
   255
 39
0.016
  6
CONTINUOUS
 10
1.52043
 20
8.04051
 30
 0
 11
1.50058
 21
8.05121
  0
LINE
  8
Gravur
 62
   255
 39
0.016
  6
CONTINUOUS
 10
1.50058
 20
8.05121
 30
 0
 11
1.48036
 21
8.06122
  0
LINE
  8
Gravur
 62
   255
 39
0.016
  6
CONTINUOUS
 10
1.48036
 20
8.06122
 30
 0
 11
1.45980
 21
8.07053
  0
LINE
  8
Gravur
 62
   255
 39
0.016
  6
CONTINUOUS
 10
1.45980
 20
8.07053
 30
 0
 11
1.43894
 21
8.07911
  0
LINE
  8
Gravur
 62
   255
 39
0.016
  6
CONTINUOUS
 10
1.43894
 20
8.07911
 30
 0
 11
1.41779
 21
8.08697
  0
LINE
  8
Gravur
 62
   255
 39
0.016
  6
CONTINUOUS
 10
1.41779
 20
8.08697
 30
 0
 11
1.39638
 21
8.09408
  0
LINE
  8
Gravur
 62
   255
 39
0.016
  6
CONTINUOUS
 10
1.39638
 20
8.09408
 30
 0
 11
1.37474
 21
8.10045
  0
LINE
  8
Gravur
 62
   255
 39
0.016
  6
CONTINUOUS
 10
1.37474
 20
8.10045
 30
 0
 11
1.35289
 21
8.10607
  0
LINE
  8
Gravur
 62
   255
 39
0.016
  6
CONTINUOUS
 10
1.35289
 20
8.10607
 30
 0
 11
1.33085
 21
8.11092
  0
LINE
  8
Gravur
 62
   255
 39
0.016
  6
CONTINUOUS
 10
1.33085
 20
8.11092
 30
 0
 11
1.30866
 21
8.11501
  0
LINE
  8
Gravur
 62
   255
 39
0.016
  6
CONTINUOUS
 10
1.30866
 20
8.11501
 30
 0
 11
1.28634
 21
8.11832
  0
LINE
  8
Gravur
 62
   255
 39
0.016
  6
CONTINUOUS
 10
1.28634
 20
8.11832
 30
 0
 11
1.26393
 21
8.12086
  0
LINE
  8
Gravur
 62
   255
 39
0.016
  6
CONTINUOUS
 10
1.26393
 20
8.12086
 30
 0
 11
1.24143
 21
8.12262
  0
LINE
  8
Gravur
 62
   255
 39
0.016
  6
CONTINUOUS
 10
1.24143
 20
8.12262
 30
 0
 11
1.21889
 21
8.12360
  0
LINE
  8
Gravur
 62
   255
 39
0.016
  6
CONTINUOUS
 10
1.21889
 20
8.12360
 30
 0
 11
1.19633
 21
8.12379
  0
LINE
  8
Gravur
 62
   255
 39
0.016
  6
CONTINUOUS
 10
1.19633
 20
8.12379
 30
 0
 11
1.17377
 21
8.12321
  0
LINE
  8
Gravur
 62
   255
 39
0.016
  6
CONTINUOUS
 10
1.17377
 20
8.12321
 30
 0
 11
1.15125
 21
8.12184
  0
LINE
  8
Gravur
 62
   255
 39
0.016
  6
CONTINUOUS
 10
1.15125
 20
8.12184
 30
 0
 11
1.12879
 21
8.11969
  0
LINE
  8
Gravur
 62
   255
 39
0.016
  6
CONTINUOUS
 10
1.12879
 20
8.11969
 30
 0
 11
1.10642
 21
8.11676
  0
LINE
  8
Gravur
 62
   255
 39
0.016
  6
CONTINUOUS
 10
1.10642
 20
8.11676
 30
 0
 11
1.08416
 21
8.11306
  0
LINE
  8
Gravur
 62
   255
 39
0.016
  6
CONTINUOUS
 10
1.08416
 20
8.11306
 30
 0
 11
1.06205
 21
8.10859
  0
LINE
  8
Gravur
 62
   255
 39
0.016
  6
CONTINUOUS
 10
1.06205
 20
8.10859
 30
 0
 11
1.04010
 21
8.10335
  0
LINE
  8
Gravur
 62
   255
 39
0.016
  6
CONTINUOUS
 10
1.04010
 20
8.10335
 30
 0
 11
1.01835
 21
8.09736
  0
LINE
  8
Gravur
 62
   255
 39
0.016
  6
CONTINUOUS
 10
1.01835
 20
8.09736
 30
 0
 11
0.99682
 21
8.09062
  0
LINE
  8
Gravur
 62
   255
 39
0.016
  6
CONTINUOUS
 10
0.99682
 20
8.09062
 30
 0
 11
0.97554
 21
8.08313
  0
LINE
  8
Gravur
 62
   255
 39
0.016
  6
CONTINUOUS
 10
0.97554
 20
8.08313
 30
 0
 11
0.95453
 21
8.07491
  0
LINE
  8
Gravur
 62
   255
 39
0.016
  6
CONTINUOUS
 10
0.95453
 20
8.07491
 30
 0
 11
0.93382
 21
8.06596
  0
LINE
  8
Gravur
 62
   255
 39
0.016
  6
CONTINUOUS
 10
0.93382
 20
8.06596
 30
 0
 11
0.91343
 21
8.05631
  0
LINE
  8
Gravur
 62
   255
 39
0.016
  6
CONTINUOUS
 10
0.91343
 20
8.05631
 30
 0
 11
0.89339
 21
8.04595
  0
LINE
  8
Gravur
 62
   255
 39
0.016
  6
CONTINUOUS
 10
0.89339
 20
8.04595
 30
 0
 11
0.87372
 21
8.03490
  0
LINE
  8
Gravur
 62
   255
 39
0.016
  6
CONTINUOUS
 10
0.87372
 20
8.03490
 30
 0
 11
0.85444
 21
8.02318
  0
LINE
  8
Gravur
 62
   255
 39
0.016
  6
CONTINUOUS
 10
0.85444
 20
8.02318
 30
 0
 11
0.83559
 21
8.01079
  0
LINE
  8
Gravur
 62
   255
 39
0.016
  6
CONTINUOUS
 10
0.83559
 20
8.01079
 30
 0
 11
0.81718
 21
7.99776
  0
LINE
  8
Gravur
 62
   255
 39
0.016
  6
CONTINUOUS
 10
0.81718
 20
7.99776
 30
 0
 11
0.79923
 21
7.98410
  0
LINE
  8
Gravur
 62
   255
 39
0.016
  6
CONTINUOUS
 10
0.79923
 20
7.98410
 30
 0
 11
0.78176
 21
7.96982
  0
LINE
  8
Gravur
 62
   255
 39
0.016
  6
CONTINUOUS
 10
0.78176
 20
7.96982
 30
 0
 11
0.76480
 21
7.95495
  0
LINE
  8
Gravur
 62
   255
 39
0.016
  6
CONTINUOUS
 10
0.76480
 20
7.95495
 30
 0
 11
0.74837
 21
7.93949
  0
LINE
  8
Gravur
 62
   255
 39
0.016
  6
CONTINUOUS
 10
0.74837
 20
7.93949
 30
 0
 11
0.73249
 21
7.92348
  0
LINE
  8
Gravur
 62
   255
 39
0.016
  6
CONTINUOUS
 10
0.73249
 20
7.92348
 30
 0
 11
0.71717
 21
7.90693
  0
LINE
  8
Gravur
 62
   255
 39
0.016
  6
CONTINUOUS
 10
0.71717
 20
7.90693
 30
 0
 11
0.70243
 21
7.88985
  0
LINE
  8
Gravur
 62
   255
 39
0.016
  6
CONTINUOUS
 10
0.70243
 20
7.88985
 30
 0
 11
0.68830
 21
7.87227
  0
LINE
  8
Gravur
 62
   255
 39
0.016
  6
CONTINUOUS
 10
0.68830
 20
7.87227
 30
 0
 11
0.67478
 21
7.85421
  0
LINE
  8
Gravur
 62
   255
 39
0.016
  6
CONTINUOUS
 10
0.67478
 20
7.85421
 30
 0
 11
0.66191
 21
7.83570
  0
LINE
  8
Gravur
 62
   255
 39
0.016
  6
CONTINUOUS
 10
0.66191
 20
7.83570
 30
 0
 11
0.64968
 21
7.81675
  0
LINE
  8
Gravur
 62
   255
 39
0.016
  6
CONTINUOUS
 10
0.64968
 20
7.81675
 30
 0
 11
0.63811
 21
7.79739
  0
LINE
  8
Gravur
 62
   255
 39
0.016
  6
CONTINUOUS
 10
0.63811
 20
7.79739
 30
 0
 11
0.62723
 21
7.77763
  0
LINE
  8
Gravur
 62
   255
 39
0.016
  6
CONTINUOUS
 10
0.62723
 20
7.77763
 30
 0
 11
0.61704
 21
7.75752
  0
LINE
  8
Gravur
 62
   255
 39
0.016
  6
CONTINUOUS
 10
0.61704
 20
7.75752
 30
 0
 11
0.60755
 21
7.73706
  0
LINE
  8
Gravur
 62
   255
 39
0.016
  6
CONTINUOUS
 10
0.60755
 20
7.73706
 30
 0
 11
0.59878
 21
7.71628
  0
LINE
  8
Gravur
 62
   255
 39
0.016
  6
CONTINUOUS
 10
0.59878
 20
7.71628
 30
 0
 11
0.59074
 21
7.69521
  0
LINE
  8
Gravur
 62
   255
 39
0.016
  6
CONTINUOUS
 10
0.59074
 20
7.69521
 30
 0
 11
0.58343
 21
7.67388
  0
LINE
  8
Gravur
 62
   255
 39
0.016
  6
CONTINUOUS
 10
0.58343
 20
7.67388
 30
 0
 11
0.57687
 21
7.65230
  0
LINE
  8
Gravur
 62
   255
 39
0.016
  6
CONTINUOUS
 10
0.57687
 20
7.65230
 30
 0
 11
0.57106
 21
7.63052
  0
LINE
  8
Gravur
 62
   255
 39
0.016
  6
CONTINUOUS
 10
0.57106
 20
7.63052
 30
 0
 11
0.56602
 21
7.60854
  0
LINE
  8
Gravur
 62
   255
 39
0.016
  6
CONTINUOUS
 10
0.56602
 20
7.60854
 30
 0
 11
0.56173
 21
7.58640
  0
LINE
  8
Gravur
 62
   255
 39
0.016
  6
CONTINUOUS
 10
0.56173
 20
7.58640
 30
 0
 11
0.55822
 21
7.56412
  0
LINE
  8
Gravur
 62
   255
 39
0.016
  6
CONTINUOUS
 10
0.55822
 20
7.56412
 30
 0
 11
0.55549
 21
7.54174
  0
LINE
  8
Gravur
 62
   255
 39
0.016
  6
CONTINUOUS
 10
0.55549
 20
7.54174
 30
 0
 11
0.55353
 21
7.51928
  0
LINE
  8
Gravur
 62
   255
 39
0.016
  6
CONTINUOUS
 10
0.55353
 20
7.51928
 30
 0
 11
0.55236
 21
7.49676
  0
LINE
  8
Gravur
 62
   255
 39
0.016
  6
CONTINUOUS
 10
0.55236
 20
7.49676
 30
 0
 11
0.55197
 21
7.47421
  0
LINE
  8
Gravur
 62
   255
 39
0.024
  6
CONTINUOUS
 10
0.97122
 20
7.08129
 30
 0
 11
0.87137
 21
6.91438
  0
CIRCLE
  8
Gravur
 62
   255
 39
0.016
  6
CONTINUOUS
 10
1.19287
 20
3.37122
 30
 0
 40
0.64961
  0
ARC
  8
Gravur
 62
   255
 39
0.016
  6
CONTINUOUS
 10
1.73441
 20
0.24669
 30
 0
 40
0.02126
 50
180.00000
 51
360.00000
  0
LINE
  8
Gravur
 62
   255
 39
0.016
  6
CONTINUOUS
 10
1.75567
 20
0.24669
 30
 0
 11
1.75567
 21
0.31992
  0
LINE
  8
Gravur
 62
   255
 39
0.016
  6
CONTINUOUS
 10
1.78244
 20
0.28685
 30
 0
 11
1.78244
 21
0.24433
  0
ARC
  8
Gravur
 62
   255
 39
0.016
  6
CONTINUOUS
 10
1.80134
 20
0.24433
 30
 0
 40
0.01890
 50
180.00000
 51
360.00000
  0
LINE
  8
Gravur
 62
   255
 39
0.016
  6
CONTINUOUS
 10
1.82024
 20
0.24433
 30
 0
 11
1.82024
 21
0.22543
  0
LINE
  8
Gravur
 62
   255
 39
0.016
  6
CONTINUOUS
 10
1.82024
 20
0.22543
 30
 0
 11
1.82024
 21
0.28685
  0
LINE
  8
Gravur
 62
   255
 39
0.016
  6
CONTINUOUS
 10
1.81551
 20
0.31283
 30
 0
 11
1.81551
 21
0.31992
  0
LINE
  8
Gravur
 62
   255
 39
0.016
  6
CONTINUOUS
 10
1.78717
 20
0.31992
 30
 0
 11
1.78717
 21
0.31283
  0
LINE
  8
Gravur
 62
   255
 39
0.016
  6
CONTINUOUS
 10
1.84701
 20
0.22543
 30
 0
 11
1.84701
 21
0.28685
  0
LINE
  8
Gravur
 62
   255
 39
0.016
  6
CONTINUOUS
 10
1.84701
 20
0.28685
 30
 0
 11
1.84701
 21
0.27740
  0
ARC
  8
Gravur
 62
   255
 39
0.016
  6
CONTINUOUS
 10
1.85995
 20
0.27411
 30
 0
 40
0.01335
 50
36.89454
 51
165.72533
  0
ARC
  8
Gravur
 62
   255
 39
0.016
  6
CONTINUOUS
 10
1.91464
 20
0.21317
 30
 0
 40
0.02065
 50
213.38879
 51
354.68370
  0
LINE
  8
Gravur
 62
   255
 39
0.016
  6
CONTINUOUS
 10
1.93520
 20
0.21126
 30
 0
 11
1.93520
 21
0.28685
  0
LINE
  8
Gravur
 62
   255
 39
0.016
  6
CONTINUOUS
 10
1.93520
 20
0.28685
 30
 0
 11
1.93520
 21
0.27031
  0
ARC
  8
Gravur
 62
   255
 39
0.016
  6
CONTINUOUS
 10
1.91630
 20
0.26844
 30
 0
 40
0.01899
 50
5.67758
 51
174.32242
  0
LINE
  8
Gravur
 62
   255
 39
0.016
  6
CONTINUOUS
 10
1.89740
 20
0.27031
 30
 0
 11
1.89740
 21
0.24669
  0
ARC
  8
Gravur
 62
   255
 39
0.016
  6
CONTINUOUS
 10
1.91826
 20
0.24620
 30
 0
 40
0.02086
 50
178.65434
 51
264.61274
  0
ARC
  8
Gravur
 62
   255
 39
0.016
  6
CONTINUOUS
 10
1.91688
 20
0.24384
 30
 0
 40
0.01842
 50
268.20673
 51
354.16512
  0
LINE
  8
Gravur
 62
   255
 39
0.016
  6
CONTINUOUS
 10
1.96197
 20
0.25850
 30
 0
 11
1.99976
 21
0.25850
  0
LINE
  8
Gravur
 62
   255
 39
0.016
  6
CONTINUOUS
 10
1.99976
 20
0.25850
 30
 0
 11
1.99976
 21
0.27031
  0
ARC
  8
Gravur
 62
   255
 39
0.016
  6
CONTINUOUS
 10
1.98087
 20
0.26844
 30
 0
 40
0.01899
 50
5.67758
 51
174.32242
  0
LINE
  8
Gravur
 62
   255
 39
0.016
  6
CONTINUOUS
 10
1.96197
 20
0.27031
 30
 0
 11
1.96197
 21
0.24197
  0
ARC
  8
Gravur
 62
   255
 39
0.016
  6
CONTINUOUS
 10
1.98087
 20
0.24452
 30
 0
 40
0.01907
 50
187.69206
 51
352.30794
  0
LINE
  8
Gravur
 62
   255
 39
0.016
  6
CONTINUOUS
 10
2.02654
 20
0.22543
 30
 0
 11
2.02654
 21
0.28685
  0
LINE
  8
Gravur
 62
   255
 39
0.016
  6
CONTINUOUS
 10
2.02654
 20
0.28685
 30
 0
 11
2.02654
 21
0.26795
  0
ARC
  8
Gravur
 62
   255
 39
0.016
  6
CONTINUOUS
 10
2.04543
 20
0.26795
 30
 0
 40
0.01890
 50
0.00000
 51
180.00000
  0
LINE
  8
Gravur
 62
   255
 39
0.016
  6
CONTINUOUS
 10
2.06433
 20
0.26795
 30
 0
 11
2.06433
 21
0.22543
  0
LINE
  8
Gravur
 62
   255
 39
0.016
  6
CONTINUOUS
 10
2.16669
 20
0.31992
 30
 0
 11
2.16669
 21
0.22543
  0
LINE
  8
Gravur
 62
   255
 39
0.016
  6
CONTINUOUS
 10
2.16669
 20
0.27268
 30
 0
 11
2.20921
 21
0.27268
  0
LINE
  8
Gravur
 62
   255
 39
0.016
  6
CONTINUOUS
 10
2.20921
 20
0.22543
 30
 0
 11
2.20921
 21
0.31992
  0
LINE
  8
Gravur
 62
   255
 39
0.016
  6
CONTINUOUS
 10
2.23598
 20
0.22543
 30
 0
 11
2.26433
 21
0.31992
  0
LINE
  8
Gravur
 62
   255
 39
0.016
  6
CONTINUOUS
 10
2.26433
 20
0.31992
 30
 0
 11
2.29268
 21
0.22543
  0
LINE
  8
Gravur
 62
   255
 39
0.016
  6
CONTINUOUS
 10
2.24543
 20
0.25378
 30
 0
 11
2.28323
 21
0.25378
  0
LINE
  8
Gravur
 62
   255
 39
0.016
  6
CONTINUOUS
 10
2.31945
 20
0.31992
 30
 0
 11
2.31945
 21
0.22543
  0
LINE
  8
Gravur
 62
   255
 39
0.016
  6
CONTINUOUS
 10
2.34622
 20
0.31992
 30
 0
 11
2.34622
 21
0.22543
  0
LINE
  8
Gravur
 62
   255
 39
0.016
  6
CONTINUOUS
 10
2.34622
 20
0.22543
 30
 0
 11
2.36748
 21
0.22543
  0
ARC
  8
Gravur
 62
   255
 39
0.016
  6
CONTINUOUS
 10
2.36748
 20
0.24945
 30
 0
 40
0.02402
 50
270.00000
 51
450.00000
  0
LINE
  8
Gravur
 62
   255
 39
0.016
  6
CONTINUOUS
 10
2.36748
 20
0.27346
 30
 0
 11
2.34622
 21
0.27346
  0
LINE
  8
Gravur
 62
   255
 39
0.016
  6
CONTINUOUS
 10
2.34622
 20
0.27346
 30
 0
 11
2.36748
 21
0.27346
  0
ARC
  8
Gravur
 62
   255
 39
0.016
  6
CONTINUOUS
 10
2.36669
 20
0.29669
 30
 0
 40
0.02324
 50
271.94149
 51
451.94148
  0
LINE
  8
Gravur
 62
   255
 39
0.016
  6
CONTINUOUS
 10
2.36591
 20
0.31992
 30
 0
 11
2.34622
 21
0.31992
  0
LINE
  8
Gravur
 62
   255
 39
0.016
  6
CONTINUOUS
 10
2.41787
 20
0.31992
 30
 0
 11
2.41787
 21
0.22543
  0
LINE
  8
Gravur
 62
   255
 39
0.016
  6
CONTINUOUS
 10
2.41787
 20
0.22543
 30
 0
 11
2.44858
 21
0.22543
  0
LINE
  8
Gravur
 62
   255
 39
0.016
  6
CONTINUOUS
 10
2.51787
 20
0.31992
 30
 0
 11
2.47535
 21
0.31992
  0
LINE
  8
Gravur
 62
   255
 39
0.016
  6
CONTINUOUS
 10
2.47535
 20
0.31992
 30
 0
 11
2.47535
 21
0.22543
  0
LINE
  8
Gravur
 62
   255
 39
0.016
  6
CONTINUOUS
 10
2.47535
 20
0.22543
 30
 0
 11
2.51787
 21
0.22543
  0
LINE
  8
Gravur
 62
   255
 39
0.016
  6
CONTINUOUS
 10
2.47535
 20
0.27268
 30
 0
 11
2.51079
 21
0.27268
  0
LINE
  8
Gravur
 62
   255
 39
0.016
  6
CONTINUOUS
 10
1.78402
 20
0.07787
 30
 0
 11
1.78402
 21
0.17236
  0
LINE
  8
Gravur
 62
   255
 39
0.016
  6
CONTINUOUS
 10
1.78402
 20
0.17236
 30
 0
 11
1.80291
 21
0.17236
  0
ARC
  8
Gravur
 62
   255
 39
0.016
  6
CONTINUOUS
 10
1.80304
 20
0.14886
 30
 0
 40
0.02350
 50
-0.30378
 51
90.30378
  0
LINE
  8
Gravur
 62
   255
 39
0.016
  6
CONTINUOUS
 10
1.82654
 20
0.14874
 30
 0
 11
1.82654
 21
0.10150
  0
ARC
  8
Gravur
 62
   255
 39
0.016
  6
CONTINUOUS
 10
1.80304
 20
0.10137
 30
 0
 40
0.02350
 50
-90.30378
 51
0.30378
  0
LINE
  8
Gravur
 62
   255
 39
0.016
  6
CONTINUOUS
 10
1.80291
 20
0.07787
 30
 0
 11
1.78402
 21
0.07787
  0
ARC
  8
Gravur
 62
   255
 39
0.016
  6
CONTINUOUS
 10
1.87693
 20
0.10150
 30
 0
 40
0.02362
 50
180.00000
 51
360.00000
  0
ARC
  8
Gravur
 62
   255
 39
0.016
  6
CONTINUOUS
 10
1.87705
 20
0.10162
 30
 0
 40
0.02350
 50
359.69622
 51
450.30378
  0
ARC
  8
Gravur
 62
   255
 39
0.016
  6
CONTINUOUS
 10
1.87693
 20
0.14874
 30
 0
 40
0.02362
 50
90.00000
 51
270.00000
  0
ARC
  8
Gravur
 62
   255
 39
0.016
  6
CONTINUOUS
 10
1.87705
 20
0.14886
 30
 0
 40
0.02350
 50
-0.30378
 51
90.30378
  0
LINE
  8
Gravur
 62
   255
 39
0.016
  6
CONTINUOUS
 10
1.92654
 20
0.17236
 30
 0
 11
1.92654
 21
0.07787
  0
LINE
  8
Gravur
 62
   255
 39
0.016
  6
CONTINUOUS
 10
1.92654
 20
0.07787
 30
 0
 11
1.95724
 21
0.07787
  0
LINE
  8
Gravur
 62
   255
 39
0.016
  6
CONTINUOUS
 10
1.98402
 20
0.12512
 30
 0
 11
2.05016
 21
0.12512
  0
LINE
  8
Gravur
 62
   255
 39
0.016
  6
CONTINUOUS
 10
2.07693
 20
0.07787
 30
 0
 11
2.07693
 21
0.13929
  0
LINE
  8
Gravur
 62
   255
 39
0.016
  6
CONTINUOUS
 10
2.07693
 20
0.13929
 30
 0
 11
2.07693
 21
0.12039
  0
ARC
  8
Gravur
 62
   255
 39
0.016
  6
CONTINUOUS
 10
2.09583
 20
0.12039
 30
 0
 40
0.01890
 50
0.00000
 51
180.00000
  0
LINE
  8
Gravur
 62
   255
 39
0.016
  6
CONTINUOUS
 10
2.11472
 20
0.12039
 30
 0
 11
2.11472
 21
0.07787
  0
LINE
  8
Gravur
 62
   255
 39
0.016
  6
CONTINUOUS
 10
2.11472
 20
0.07787
 30
 0
 11
2.11472
 21
0.12039
  0
ARC
  8
Gravur
 62
   255
 39
0.016
  6
CONTINUOUS
 10
2.13362
 20
0.12039
 30
 0
 40
0.01890
 50
0.00000
 51
180.00000
  0
LINE
  8
Gravur
 62
   255
 39
0.016
  6
CONTINUOUS
 10
2.15252
 20
0.12039
 30
 0
 11
2.15252
 21
0.07787
  0
ARC
  8
Gravur
 62
   255
 39
0.016
  6
CONTINUOUS
 10
2.19819
 20
0.12321
 30
 0
 40
0.02003
 50
19.35254
 51
160.64746
  0
ARC
  8
Gravur
 62
   255
 39
0.016
  6
CONTINUOUS
 10
2.21071
 20
0.12898
 30
 0
 40
0.00644
 50
-75.09851
 51
7.71838
  0
LINE
  8
Gravur
 62
   255
 39
0.016
  6
CONTINUOUS
 10
2.21236
 20
0.12276
 30
 0
 11
2.19110
 21
0.11567
  0
ARC
  8
Gravur
 62
   255
 39
0.016
  6
CONTINUOUS
 10
2.19944
 20
0.09768
 30
 0
 40
0.01983
 50
114.87029
 51
273.20220
  0
ARC
  8
Gravur
 62
   255
 39
0.016
  6
CONTINUOUS
 10
2.19995
 20
0.09501
 30
 0
 40
0.01715
 50
272.02080
 51
357.97920
  0
LINE
  8
Gravur
 62
   255
 39
0.016
  6
CONTINUOUS
 10
2.21709
 20
0.09441
 30
 0
 11
2.21709
 21
0.12984
  0
LINE
  8
Gravur
 62
   255
 39
0.016
  6
CONTINUOUS
 10
2.21709
 20
0.12984
 30
 0
 11
2.21709
 21
0.09441
  0
ARC
  8
Gravur
 62
   255
 39
0.016
  6
CONTINUOUS
 10
2.24200
 20
0.09768
 30
 0
 40
0.02512
 50
187.47226
 51
232.01750
  0
LINE
  8
Gravur
 62
   255
 39
0.016
  6
CONTINUOUS
 10
2.25331
 20
0.07787
 30
 0
 11
2.25331
 21
0.13929
  0
LINE
  8
Gravur
 62
   255
 39
0.016
  6
CONTINUOUS
 10
2.25331
 20
0.13929
 30
 0
 11
2.25331
 21
0.12039
  0
ARC
  8
Gravur
 62
   255
 39
0.016
  6
CONTINUOUS
 10
2.27220
 20
0.12039
 30
 0
 40
0.01890
 50
0.00000
 51
180.00000
  0
LINE
  8
Gravur
 62
   255
 39
0.016
  6
CONTINUOUS
 10
2.29110
 20
0.12039
 30
 0
 11
2.29110
 21
0.07787
  0
LINE
  8
Gravur
 62
   255
 39
0.016
  6
CONTINUOUS
 10
2.31787
 20
0.07787
 30
 0
 11
2.31787
 21
0.08260
  0
LINE
  8
Gravur
 62
   255
 39
0.016
  6
CONTINUOUS
 10
2.38244
 20
0.17472
 30
 0
 11
2.38244
 21
0.08024
  0
LINE
  8
Gravur
 62
   255
 39
0.016
  6
CONTINUOUS
 10
2.38244
 20
0.08024
 30
 0
 11
2.38244
 21
0.12512
  0
ARC
  8
Gravur
 62
   255
 39
0.016
  6
CONTINUOUS
 10
2.36354
 20
0.12324
 30
 0
 40
0.01899
 50
5.67758
 51
174.32242
  0
LINE
  8
Gravur
 62
   255
 39
0.016
  6
CONTINUOUS
 10
2.34465
 20
0.12512
 30
 0
 11
2.34465
 21
0.09913
  0
ARC
  8
Gravur
 62
   255
 39
0.016
  6
CONTINUOUS
 10
2.36354
 20
0.09913
 30
 0
 40
0.01890
 50
180.00000
 51
360.00000
  0
LINE
  8
Gravur
 62
   255
 39
0.016
  6
CONTINUOUS
 10
2.40921
 20
0.11094
 30
 0
 11
2.44701
 21
0.11094
  0
LINE
  8
Gravur
 62
   255
 39
0.016
  6
CONTINUOUS
 10
2.44701
 20
0.11094
 30
 0
 11
2.44701
 21
0.12276
  0
ARC
  8
Gravur
 62
   255
 39
0.016
  6
CONTINUOUS
 10
2.42811
 20
0.12088
 30
 0
 40
0.01899
 50
5.67758
 51
174.32242
  0
LINE
  8
Gravur
 62
   255
 39
0.016
  6
CONTINUOUS
 10
2.40921
 20
0.12276
 30
 0
 11
2.40921
 21
0.09441
  0
ARC
  8
Gravur
 62
   255
 39
0.016
  6
CONTINUOUS
 10
2.42811
 20
0.09696
 30
 0
 40
0.01907
 50
187.69206
 51
352.30794
  0
LINE
  8
Gravur
 62
   255
 39
0.016
  6
CONTINUOUS
 10
1.55423
 20
8.60617
 30
 0
 11
1.60752
 21
8.60617
  0
LINE
  8
Gravur
 62
   255
 39
0.016
  6
CONTINUOUS
 10
1.58095
 20
8.60602
 30
 0
 11
1.58095
 21
8.49852
  0
LINE
  8
Gravur
 62
   255
 39
0.016
  6
CONTINUOUS
 10
1.63439
 20
8.57094
 30
 0
 11
1.64798
 21
8.57479
  0
LINE
  8
Gravur
 62
   255
 39
0.016
  6
CONTINUOUS
 10
1.64798
 20
8.57479
 30
 0
 11
1.64924
 21
8.57502
  0
LINE
  8
Gravur
 62
   255
 39
0.016
  6
CONTINUOUS
 10
1.64924
 20
8.57502
 30
 0
 11
1.64924
 21
8.57502
  0
LINE
  8
Gravur
 62
   255
 39
0.016
  6
CONTINUOUS
 10
1.64924
 20
8.57502
 30
 0
 11
1.65859
 21
8.57576
  0
LINE
  8
Gravur
 62
   255
 39
0.016
  6
CONTINUOUS
 10
1.65859
 20
8.57576
 30
 0
 11
1.66050
 21
8.57567
  0
LINE
  8
Gravur
 62
   255
 39
0.016
  6
CONTINUOUS
 10
1.66050
 20
8.57567
 30
 0
 11
1.66163
 21
8.57558
  0
LINE
  8
Gravur
 62
   255
 39
0.016
  6
CONTINUOUS
 10
1.66163
 20
8.57558
 30
 0
 11
1.66200
 21
8.57554
  0
LINE
  8
Gravur
 62
   255
 39
0.016
  6
CONTINUOUS
 10
1.66200
 20
8.57554
 30
 0
 11
1.66200
 21
8.57554
  0
LINE
  8
Gravur
 62
   255
 39
0.016
  6
CONTINUOUS
 10
1.66200
 20
8.57554
 30
 0
 11
1.66740
 21
8.57453
  0
LINE
  8
Gravur
 62
   255
 39
0.016
  6
CONTINUOUS
 10
1.66740
 20
8.57453
 30
 0
 11
1.66911
 21
8.57392
  0
LINE
  8
Gravur
 62
   255
 39
0.016
  6
CONTINUOUS
 10
1.66911
 20
8.57392
 30
 0
 11
1.66911
 21
8.57392
  0
LINE
  8
Gravur
 62
   255
 39
0.016
  6
CONTINUOUS
 10
1.66911
 20
8.57392
 30
 0
 11
1.67144
 21
8.57272
  0
LINE
  8
Gravur
 62
   255
 39
0.016
  6
CONTINUOUS
 10
1.67144
 20
8.57272
 30
 0
 11
1.67356
 21
8.57108
  0
LINE
  8
Gravur
 62
   255
 39
0.016
  6
CONTINUOUS
 10
1.67356
 20
8.57108
 30
 0
 11
1.67529
 21
8.56908
  0
LINE
  8
Gravur
 62
   255
 39
0.016
  6
CONTINUOUS
 10
1.67529
 20
8.56908
 30
 0
 11
1.67577
 21
8.56835
  0
LINE
  8
Gravur
 62
   255
 39
0.016
  6
CONTINUOUS
 10
1.67577
 20
8.56835
 30
 0
 11
1.67577
 21
8.56835
  0
LINE
  8
Gravur
 62
   255
 39
0.016
  6
CONTINUOUS
 10
1.67577
 20
8.56835
 30
 0
 11
1.67789
 21
8.56314
  0
LINE
  8
Gravur
 62
   255
 39
0.016
  6
CONTINUOUS
 10
1.67789
 20
8.56314
 30
 0
 11
1.67875
 21
8.55735
  0
LINE
  8
Gravur
 62
   255
 39
0.016
  6
CONTINUOUS
 10
1.67875
 20
8.55735
 30
 0
 11
1.67875
 21
8.55735
  0
LINE
  8
Gravur
 62
   255
 39
0.016
  6
CONTINUOUS
 10
1.67875
 20
8.55735
 30
 0
 11
1.67890
 21
8.55239
  0
LINE
  8
Gravur
 62
   255
 39
0.016
  6
CONTINUOUS
 10
1.67890
 20
8.55239
 30
 0
 11
1.67887
 21
8.54771
  0
LINE
  8
Gravur
 62
   255
 39
0.016
  6
CONTINUOUS
 10
1.67887
 20
8.54771
 30
 0
 11
1.67888
 21
8.54151
  0
LINE
  8
Gravur
 62
   255
 39
0.016
  6
CONTINUOUS
 10
1.67888
 20
8.54151
 30
 0
 11
1.67888
 21
8.54062
  0
LINE
  8
Gravur
 62
   255
 39
0.016
  6
CONTINUOUS
 10
1.67888
 20
8.54062
 30
 0
 11
1.67888
 21
8.54062
  0
LINE
  8
Gravur
 62
   255
 39
0.016
  6
CONTINUOUS
 10
1.67888
 20
8.54062
 30
 0
 11
1.67879
 21
8.52856
  0
LINE
  8
Gravur
 62
   255
 39
0.016
  6
CONTINUOUS
 10
1.67879
 20
8.52856
 30
 0
 11
1.67873
 21
8.52615
  0
LINE
  8
Gravur
 62
   255
 39
0.016
  6
CONTINUOUS
 10
1.67873
 20
8.52615
 30
 0
 11
1.67796
 21
8.51833
  0
LINE
  8
Gravur
 62
   255
 39
0.016
  6
CONTINUOUS
 10
1.67796
 20
8.51833
 30
 0
 11
1.67782
 21
8.51787
  0
LINE
  8
Gravur
 62
   255
 39
0.016
  6
CONTINUOUS
 10
1.67782
 20
8.51787
 30
 0
 11
1.67767
 21
8.51742
  0
LINE
  8
Gravur
 62
   255
 39
0.016
  6
CONTINUOUS
 10
1.67767
 20
8.51742
 30
 0
 11
1.67750
 21
8.51698
  0
LINE
  8
Gravur
 62
   255
 39
0.016
  6
CONTINUOUS
 10
1.67750
 20
8.51698
 30
 0
 11
1.67750
 21
8.51698
  0
LINE
  8
Gravur
 62
   255
 39
0.016
  6
CONTINUOUS
 10
1.67750
 20
8.51698
 30
 0
 11
1.67617
 21
8.51442
  0
LINE
  8
Gravur
 62
   255
 39
0.016
  6
CONTINUOUS
 10
1.67617
 20
8.51442
 30
 0
 11
1.67583
 21
8.51384
  0
LINE
  8
Gravur
 62
   255
 39
0.016
  6
CONTINUOUS
 10
1.67583
 20
8.51384
 30
 0
 11
1.67542
 21
8.51310
  0
LINE
  8
Gravur
 62
   255
 39
0.016
  6
CONTINUOUS
 10
1.67542
 20
8.51310
 30
 0
 11
1.67500
 21
8.51236
  0
LINE
  8
Gravur
 62
   255
 39
0.016
  6
CONTINUOUS
 10
1.67500
 20
8.51236
 30
 0
 11
1.67500
 21
8.51236
  0
LINE
  8
Gravur
 62
   255
 39
0.016
  6
CONTINUOUS
 10
1.67500
 20
8.51236
 30
 0
 11
1.67213
 21
8.50773
  0
LINE
  8
Gravur
 62
   255
 39
0.016
  6
CONTINUOUS
 10
1.67213
 20
8.50773
 30
 0
 11
1.66871
 21
8.50358
  0
LINE
  8
Gravur
 62
   255
 39
0.016
  6
CONTINUOUS
 10
1.66871
 20
8.50358
 30
 0
 11
1.66871
 21
8.50358
  0
LINE
  8
Gravur
 62
   255
 39
0.016
  6
CONTINUOUS
 10
1.66871
 20
8.50358
 30
 0
 11
1.66559
 21
8.50098
  0
LINE
  8
Gravur
 62
   255
 39
0.016
  6
CONTINUOUS
 10
1.66559
 20
8.50098
 30
 0
 11
1.66187
 21
8.49900
  0
LINE
  8
Gravur
 62
   255
 39
0.016
  6
CONTINUOUS
 10
1.66187
 20
8.49900
 30
 0
 11
1.65720
 21
8.49756
  0
LINE
  8
Gravur
 62
   255
 39
0.016
  6
CONTINUOUS
 10
1.65720
 20
8.49756
 30
 0
 11
1.65624
 21
8.49736
  0
LINE
  8
Gravur
 62
   255
 39
0.016
  6
CONTINUOUS
 10
1.65624
 20
8.49736
 30
 0
 11
1.65624
 21
8.49736
  0
LINE
  8
Gravur
 62
   255
 39
0.016
  6
CONTINUOUS
 10
1.65624
 20
8.49736
 30
 0
 11
1.65381
 21
8.49701
  0
LINE
  8
Gravur
 62
   255
 39
0.016
  6
CONTINUOUS
 10
1.65381
 20
8.49701
 30
 0
 11
1.65136
 21
8.49689
  0
LINE
  8
Gravur
 62
   255
 39
0.016
  6
CONTINUOUS
 10
1.65136
 20
8.49689
 30
 0
 11
1.64893
 21
8.49701
  0
LINE
  8
Gravur
 62
   255
 39
0.016
  6
CONTINUOUS
 10
1.64893
 20
8.49701
 30
 0
 11
1.64653
 21
8.49739
  0
LINE
  8
Gravur
 62
   255
 39
0.016
  6
CONTINUOUS
 10
1.64653
 20
8.49739
 30
 0
 11
1.64653
 21
8.49739
  0
LINE
  8
Gravur
 62
   255
 39
0.016
  6
CONTINUOUS
 10
1.64653
 20
8.49739
 30
 0
 11
1.64325
 21
8.49842
  0
LINE
  8
Gravur
 62
   255
 39
0.016
  6
CONTINUOUS
 10
1.64325
 20
8.49842
 30
 0
 11
1.64016
 21
8.50005
  0
LINE
  8
Gravur
 62
   255
 39
0.016
  6
CONTINUOUS
 10
1.64016
 20
8.50005
 30
 0
 11
1.63690
 21
8.50286
  0
LINE
  8
Gravur
 62
   255
 39
0.016
  6
CONTINUOUS
 10
1.63690
 20
8.50286
 30
 0
 11
1.63600
 21
8.50395
  0
LINE
  8
Gravur
 62
   255
 39
0.016
  6
CONTINUOUS
 10
1.63600
 20
8.50395
 30
 0
 11
1.63600
 21
8.50395
  0
LINE
  8
Gravur
 62
   255
 39
0.016
  6
CONTINUOUS
 10
1.63600
 20
8.50395
 30
 0
 11
1.63264
 21
8.51084
  0
LINE
  8
Gravur
 62
   255
 39
0.016
  6
CONTINUOUS
 10
1.63264
 20
8.51084
 30
 0
 11
1.63171
 21
8.51867
  0
LINE
  8
Gravur
 62
   255
 39
0.016
  6
CONTINUOUS
 10
1.63171
 20
8.51867
 30
 0
 11
1.63171
 21
8.51867
  0
LINE
  8
Gravur
 62
   255
 39
0.016
  6
CONTINUOUS
 10
1.63171
 20
8.51867
 30
 0
 11
1.63298
 21
8.52616
  0
LINE
  8
Gravur
 62
   255
 39
0.016
  6
CONTINUOUS
 10
1.63298
 20
8.52616
 30
 0
 11
1.63623
 21
8.53268
  0
LINE
  8
Gravur
 62
   255
 39
0.016
  6
CONTINUOUS
 10
1.63623
 20
8.53268
 30
 0
 11
1.63770
 21
8.53448
  0
LINE
  8
Gravur
 62
   255
 39
0.016
  6
CONTINUOUS
 10
1.63770
 20
8.53448
 30
 0
 11
1.63931
 21
8.53609
  0
LINE
  8
Gravur
 62
   255
 39
0.016
  6
CONTINUOUS
 10
1.63931
 20
8.53609
 30
 0
 11
1.64103
 21
8.53750
  0
LINE
  8
Gravur
 62
   255
 39
0.016
  6
CONTINUOUS
 10
1.64103
 20
8.53750
 30
 0
 11
1.64287
 21
8.53874
  0
LINE
  8
Gravur
 62
   255
 39
0.016
  6
CONTINUOUS
 10
1.64287
 20
8.53874
 30
 0
 11
1.64287
 21
8.53874
  0
LINE
  8
Gravur
 62
   255
 39
0.016
  6
CONTINUOUS
 10
1.64287
 20
8.53874
 30
 0
 11
1.65202
 21
8.54236
  0
LINE
  8
Gravur
 62
   255
 39
0.016
  6
CONTINUOUS
 10
1.65202
 20
8.54236
 30
 0
 11
1.66219
 21
8.54377
  0
LINE
  8
Gravur
 62
   255
 39
0.016
  6
CONTINUOUS
 10
1.66219
 20
8.54377
 30
 0
 11
1.66219
 21
8.54377
  0
LINE
  8
Gravur
 62
   255
 39
0.016
  6
CONTINUOUS
 10
1.66219
 20
8.54377
 30
 0
 11
1.67070
 21
8.54397
  0
LINE
  8
Gravur
 62
   255
 39
0.016
  6
CONTINUOUS
 10
1.67070
 20
8.54397
 30
 0
 11
1.67872
 21
8.54392
  0
LINE
  8
Gravur
 62
   255
 39
0.016
  6
CONTINUOUS
 10
1.67869
 20
8.52415
 30
 0
 11
1.67857
 21
8.49852
  0
LINE
  8
Gravur
 62
   255
 39
0.016
  6
CONTINUOUS
 10
1.70999
 20
8.57428
 30
 0
 11
1.70999
 21
8.54103
  0
LINE
  8
Gravur
 62
   255
 39
0.016
  6
CONTINUOUS
 10
1.70999
 20
8.54103
 30
 0
 11
1.70991
 21
8.53353
  0
LINE
  8
Gravur
 62
   255
 39
0.016
  6
CONTINUOUS
 10
1.70991
 20
8.53353
 30
 0
 11
1.70990
 21
8.53270
  0
LINE
  8
Gravur
 62
   255
 39
0.016
  6
CONTINUOUS
 10
1.70990
 20
8.53270
 30
 0
 11
1.70990
 21
8.53270
  0
LINE
  8
Gravur
 62
   255
 39
0.016
  6
CONTINUOUS
 10
1.70990
 20
8.53270
 30
 0
 11
1.71002
 21
8.52407
  0
LINE
  8
Gravur
 62
   255
 39
0.016
  6
CONTINUOUS
 10
1.71002
 20
8.52407
 30
 0
 11
1.71012
 21
8.52235
  0
LINE
  8
Gravur
 62
   255
 39
0.016
  6
CONTINUOUS
 10
1.71012
 20
8.52235
 30
 0
 11
1.71068
 21
8.51523
  0
LINE
  8
Gravur
 62
   255
 39
0.016
  6
CONTINUOUS
 10
1.71068
 20
8.51523
 30
 0
 11
1.71081
 21
8.51420
  0
LINE
  8
Gravur
 62
   255
 39
0.016
  6
CONTINUOUS
 10
1.71081
 20
8.51420
 30
 0
 11
1.71081
 21
8.51420
  0
LINE
  8
Gravur
 62
   255
 39
0.016
  6
CONTINUOUS
 10
1.71081
 20
8.51420
 30
 0
 11
1.71119
 21
8.51175
  0
LINE
  8
Gravur
 62
   255
 39
0.016
  6
CONTINUOUS
 10
1.71119
 20
8.51175
 30
 0
 11
1.71174
 21
8.50935
  0
LINE
  8
Gravur
 62
   255
 39
0.016
  6
CONTINUOUS
 10
1.71174
 20
8.50935
 30
 0
 11
1.71248
 21
8.50703
  0
LINE
  8
Gravur
 62
   255
 39
0.016
  6
CONTINUOUS
 10
1.71248
 20
8.50703
 30
 0
 11
1.71346
 21
8.50483
  0
LINE
  8
Gravur
 62
   255
 39
0.016
  6
CONTINUOUS
 10
1.71346
 20
8.50483
 30
 0
 11
1.71346
 21
8.50483
  0
LINE
  8
Gravur
 62
   255
 39
0.016
  6
CONTINUOUS
 10
1.71346
 20
8.50483
 30
 0
 11
1.71469
 21
8.50281
  0
LINE
  8
Gravur
 62
   255
 39
0.016
  6
CONTINUOUS
 10
1.71469
 20
8.50281
 30
 0
 11
1.71623
 21
8.50095
  0
LINE
  8
Gravur
 62
   255
 39
0.016
  6
CONTINUOUS
 10
1.71623
 20
8.50095
 30
 0
 11
1.71784
 21
8.49963
  0
LINE
  8
Gravur
 62
   255
 39
0.016
  6
CONTINUOUS
 10
1.71784
 20
8.49963
 30
 0
 11
1.71819
 21
8.49940
  0
LINE
  8
Gravur
 62
   255
 39
0.016
  6
CONTINUOUS
 10
1.71819
 20
8.49940
 30
 0
 11
1.71819
 21
8.49940
  0
LINE
  8
Gravur
 62
   255
 39
0.016
  6
CONTINUOUS
 10
1.71819
 20
8.49940
 30
 0
 11
1.72126
 21
8.49805
  0
LINE
  8
Gravur
 62
   255
 39
0.016
  6
CONTINUOUS
 10
1.72126
 20
8.49805
 30
 0
 11
1.72235
 21
8.49775
  0
LINE
  8
Gravur
 62
   255
 39
0.016
  6
CONTINUOUS
 10
1.72235
 20
8.49775
 30
 0
 11
1.72235
 21
8.49775
  0
LINE
  8
Gravur
 62
   255
 39
0.016
  6
CONTINUOUS
 10
1.72235
 20
8.49775
 30
 0
 11
1.72414
 21
8.49738
  0
LINE
  8
Gravur
 62
   255
 39
0.016
  6
CONTINUOUS
 10
1.72414
 20
8.49738
 30
 0
 11
1.72593
 21
8.49712
  0
LINE
  8
Gravur
 62
   255
 39
0.016
  6
CONTINUOUS
 10
1.72593
 20
8.49712
 30
 0
 11
1.73295
 21
8.49730
  0
LINE
  8
Gravur
 62
   255
 39
0.016
  6
CONTINUOUS
 10
1.73295
 20
8.49730
 30
 0
 11
1.73424
 21
8.49759
  0
LINE
  8
Gravur
 62
   255
 39
0.016
  6
CONTINUOUS
 10
1.73424
 20
8.49759
 30
 0
 11
1.73549
 21
8.49796
  0
LINE
  8
Gravur
 62
   255
 39
0.016
  6
CONTINUOUS
 10
1.73549
 20
8.49796
 30
 0
 11
1.73670
 21
8.49841
  0
LINE
  8
Gravur
 62
   255
 39
0.016
  6
CONTINUOUS
 10
1.73670
 20
8.49841
 30
 0
 11
1.73670
 21
8.49841
  0
LINE
  8
Gravur
 62
   255
 39
0.016
  6
CONTINUOUS
 10
1.73670
 20
8.49841
 30
 0
 11
1.73906
 21
8.49954
  0
LINE
  8
Gravur
 62
   255
 39
0.016
  6
CONTINUOUS
 10
1.73906
 20
8.49954
 30
 0
 11
1.74131
 21
8.50096
  0
LINE
  8
Gravur
 62
   255
 39
0.016
  6
CONTINUOUS
 10
1.74131
 20
8.50096
 30
 0
 11
1.74347
 21
8.50266
  0
LINE
  8
Gravur
 62
   255
 39
0.016
  6
CONTINUOUS
 10
1.74347
 20
8.50266
 30
 0
 11
1.74556
 21
8.50463
  0
LINE
  8
Gravur
 62
   255
 39
0.016
  6
CONTINUOUS
 10
1.74556
 20
8.50463
 30
 0
 11
1.74759
 21
8.50685
  0
LINE
  8
Gravur
 62
   255
 39
0.016
  6
CONTINUOUS
 10
1.74759
 20
8.50685
 30
 0
 11
1.74957
 21
8.50930
  0
LINE
  8
Gravur
 62
   255
 39
0.016
  6
CONTINUOUS
 10
1.74957
 20
8.50930
 30
 0
 11
1.75290
 21
8.51604
  0
LINE
  8
Gravur
 62
   255
 39
0.016
  6
CONTINUOUS
 10
1.75290
 20
8.51604
 30
 0
 11
1.75304
 21
8.51657
  0
LINE
  8
Gravur
 62
   255
 39
0.016
  6
CONTINUOUS
 10
1.75304
 20
8.51657
 30
 0
 11
1.75316
 21
8.51709
  0
LINE
  8
Gravur
 62
   255
 39
0.016
  6
CONTINUOUS
 10
1.75316
 20
8.51709
 30
 0
 11
1.75327
 21
8.51761
  0
LINE
  8
Gravur
 62
   255
 39
0.016
  6
CONTINUOUS
 10
1.75327
 20
8.51761
 30
 0
 11
1.75327
 21
8.51761
  0
LINE
  8
Gravur
 62
   255
 39
0.016
  6
CONTINUOUS
 10
1.75327
 20
8.51761
 30
 0
 11
1.75368
 21
8.52184
  0
LINE
  8
Gravur
 62
   255
 39
0.016
  6
CONTINUOUS
 10
1.75368
 20
8.52184
 30
 0
 11
1.75373
 21
8.52281
  0
LINE
  8
Gravur
 62
   255
 39
0.016
  6
CONTINUOUS
 10
1.75373
 20
8.52281
 30
 0
 11
1.75386
 21
8.52608
  0
LINE
  8
Gravur
 62
   255
 39
0.016
  6
CONTINUOUS
 10
1.75386
 20
8.52608
 30
 0
 11
1.75388
 21
8.52674
  0
LINE
  8
Gravur
 62
   255
 39
0.016
  6
CONTINUOUS
 10
1.75388
 20
8.52674
 30
 0
 11
1.75388
 21
8.52674
  0
LINE
  8
Gravur
 62
   255
 39
0.016
  6
CONTINUOUS
 10
1.75388
 20
8.52674
 30
 0
 11
1.75402
 21
8.53688
  0
LINE
  8
Gravur
 62
   255
 39
0.016
  6
CONTINUOUS
 10
1.75402
 20
8.53688
 30
 0
 11
1.75402
 21
8.53891
  0
LINE
  8
Gravur
 62
   255
 39
0.016
  6
CONTINUOUS
 10
1.75402
 20
8.53891
 30
 0
 11
1.75402
 21
8.57428
  0
LINE
  8
Gravur
 62
   255
 39
0.016
  6
CONTINUOUS
 10
1.75361
 20
8.52061
 30
 0
 11
1.75366
 21
8.49852
  0
LINE
  8
Gravur
 62
   255
 39
0.016
  6
CONTINUOUS
 10
1.86332
 20
8.54452
 30
 0
 11
1.86332
 21
8.58977
  0
LINE
  8
Gravur
 62
   255
 39
0.016
  6
CONTINUOUS
 10
1.86332
 20
8.58977
 30
 0
 11
1.86332
 21
8.60116
  0
LINE
  8
Gravur
 62
   255
 39
0.016
  6
CONTINUOUS
 10
1.86332
 20
8.60116
 30
 0
 11
1.86320
 21
8.60290
  0
LINE
  8
Gravur
 62
   255
 39
0.016
  6
CONTINUOUS
 10
1.86320
 20
8.60290
 30
 0
 11
1.86319
 21
8.60312
  0
LINE
  8
Gravur
 62
   255
 39
0.016
  6
CONTINUOUS
 10
1.86319
 20
8.60312
 30
 0
 11
1.86319
 21
8.60312
  0
LINE
  8
Gravur
 62
   255
 39
0.016
  6
CONTINUOUS
 10
1.86319
 20
8.60312
 30
 0
 11
1.86342
 21
8.60507
  0
LINE
  8
Gravur
 62
   255
 39
0.016
  6
CONTINUOUS
 10
1.86342
 20
8.60507
 30
 0
 11
1.86358
 21
8.60532
  0
LINE
  8
Gravur
 62
   255
 39
0.016
  6
CONTINUOUS
 10
1.86358
 20
8.60532
 30
 0
 11
1.86555
 21
8.60620
  0
LINE
  8
Gravur
 62
   255
 39
0.016
  6
CONTINUOUS
 10
1.86555
 20
8.60620
 30
 0
 11
1.86578
 21
8.60625
  0
LINE
  8
Gravur
 62
   255
 39
0.016
  6
CONTINUOUS
 10
1.86578
 20
8.60625
 30
 0
 11
1.86578
 21
8.60625
  0
LINE
  8
Gravur
 62
   255
 39
0.016
  6
CONTINUOUS
 10
1.86578
 20
8.60625
 30
 0
 11
1.86759
 21
8.60654
  0
LINE
  8
Gravur
 62
   255
 39
0.016
  6
CONTINUOUS
 10
1.86759
 20
8.60654
 30
 0
 11
1.86787
 21
8.60659
  0
LINE
  8
Gravur
 62
   255
 39
0.016
  6
CONTINUOUS
 10
1.86787
 20
8.60659
 30
 0
 11
1.87363
 21
8.60737
  0
LINE
  8
Gravur
 62
   255
 39
0.016
  6
CONTINUOUS
 10
1.87363
 20
8.60737
 30
 0
 11
1.87415
 21
8.60742
  0
LINE
  8
Gravur
 62
   255
 39
0.016
  6
CONTINUOUS
 10
1.87415
 20
8.60742
 30
 0
 11
1.87415
 21
8.60742
  0
LINE
  8
Gravur
 62
   255
 39
0.016
  6
CONTINUOUS
 10
1.87415
 20
8.60742
 30
 0
 11
1.87916
 21
8.60768
  0
LINE
  8
Gravur
 62
   255
 39
0.016
  6
CONTINUOUS
 10
1.87916
 20
8.60768
 30
 0
 11
1.88017
 21
8.60769
  0
LINE
  8
Gravur
 62
   255
 39
0.016
  6
CONTINUOUS
 10
1.88017
 20
8.60769
 30
 0
 11
1.88623
 21
8.60741
  0
LINE
  8
Gravur
 62
   255
 39
0.016
  6
CONTINUOUS
 10
1.88623
 20
8.60741
 30
 0
 11
1.88690
 21
8.60734
  0
LINE
  8
Gravur
 62
   255
 39
0.016
  6
CONTINUOUS
 10
1.88690
 20
8.60734
 30
 0
 11
1.88690
 21
8.60734
  0
LINE
  8
Gravur
 62
   255
 39
0.016
  6
CONTINUOUS
 10
1.88690
 20
8.60734
 30
 0
 11
1.89361
 21
8.60600
  0
LINE
  8
Gravur
 62
   255
 39
0.016
  6
CONTINUOUS
 10
1.89361
 20
8.60600
 30
 0
 11
1.89490
 21
8.60558
  0
LINE
  8
Gravur
 62
   255
 39
0.016
  6
CONTINUOUS
 10
1.89490
 20
8.60558
 30
 0
 11
1.89830
 21
8.60411
  0
LINE
  8
Gravur
 62
   255
 39
0.016
  6
CONTINUOUS
 10
1.89830
 20
8.60411
 30
 0
 11
1.89866
 21
8.60392
  0
LINE
  8
Gravur
 62
   255
 39
0.016
  6
CONTINUOUS
 10
1.89866
 20
8.60392
 30
 0
 11
1.89866
 21
8.60392
  0
LINE
  8
Gravur
 62
   255
 39
0.016
  6
CONTINUOUS
 10
1.89866
 20
8.60392
 30
 0
 11
1.90176
 21
8.60196
  0
LINE
  8
Gravur
 62
   255
 39
0.016
  6
CONTINUOUS
 10
1.90176
 20
8.60196
 30
 0
 11
1.90234
 21
8.60151
  0
LINE
  8
Gravur
 62
   255
 39
0.016
  6
CONTINUOUS
 10
1.90234
 20
8.60151
 30
 0
 11
1.90568
 21
8.59814
  0
LINE
  8
Gravur
 62
   255
 39
0.016
  6
CONTINUOUS
 10
1.90568
 20
8.59814
 30
 0
 11
1.90660
 21
8.59687
  0
LINE
  8
Gravur
 62
   255
 39
0.016
  6
CONTINUOUS
 10
1.90660
 20
8.59687
 30
 0
 11
1.90660
 21
8.59687
  0
LINE
  8
Gravur
 62
   255
 39
0.016
  6
CONTINUOUS
 10
1.90660
 20
8.59687
 30
 0
 11
1.90983
 21
8.59023
  0
LINE
  8
Gravur
 62
   255
 39
0.016
  6
CONTINUOUS
 10
1.90983
 20
8.59023
 30
 0
 11
1.91147
 21
8.58284
  0
LINE
  8
Gravur
 62
   255
 39
0.016
  6
CONTINUOUS
 10
1.91147
 20
8.58284
 30
 0
 11
1.91147
 21
8.58284
  0
LINE
  8
Gravur
 62
   255
 39
0.016
  6
CONTINUOUS
 10
1.91147
 20
8.58284
 30
 0
 11
1.91190
 21
8.57671
  0
LINE
  8
Gravur
 62
   255
 39
0.016
  6
CONTINUOUS
 10
1.91190
 20
8.57671
 30
 0
 11
1.91174
 21
8.57079
  0
LINE
  8
Gravur
 62
   255
 39
0.016
  6
CONTINUOUS
 10
1.91174
 20
8.57079
 30
 0
 11
1.91111
 21
8.56539
  0
LINE
  8
Gravur
 62
   255
 39
0.016
  6
CONTINUOUS
 10
1.91111
 20
8.56539
 30
 0
 11
1.91100
 21
8.56479
  0
LINE
  8
Gravur
 62
   255
 39
0.016
  6
CONTINUOUS
 10
1.91100
 20
8.56479
 30
 0
 11
1.91100
 21
8.56479
  0
LINE
  8
Gravur
 62
   255
 39
0.016
  6
CONTINUOUS
 10
1.91100
 20
8.56479
 30
 0
 11
1.90947
 21
8.55912
  0
LINE
  8
Gravur
 62
   255
 39
0.016
  6
CONTINUOUS
 10
1.90947
 20
8.55912
 30
 0
 11
1.90904
 21
8.55804
  0
LINE
  8
Gravur
 62
   255
 39
0.016
  6
CONTINUOUS
 10
1.90904
 20
8.55804
 30
 0
 11
1.90664
 21
8.55377
  0
LINE
  8
Gravur
 62
   255
 39
0.016
  6
CONTINUOUS
 10
1.90664
 20
8.55377
 30
 0
 11
1.90569
 21
8.55254
  0
LINE
  8
Gravur
 62
   255
 39
0.016
  6
CONTINUOUS
 10
1.90569
 20
8.55254
 30
 0
 11
1.90241
 21
8.54939
  0
LINE
  8
Gravur
 62
   255
 39
0.016
  6
CONTINUOUS
 10
1.90241
 20
8.54939
 30
 0
 11
1.90119
 21
8.54850
  0
LINE
  8
Gravur
 62
   255
 39
0.016
  6
CONTINUOUS
 10
1.90119
 20
8.54850
 30
 0
 11
1.90119
 21
8.54850
  0
LINE
  8
Gravur
 62
   255
 39
0.016
  6
CONTINUOUS
 10
1.90119
 20
8.54850
 30
 0
 11
1.89869
 21
8.54702
  0
LINE
  8
Gravur
 62
   255
 39
0.016
  6
CONTINUOUS
 10
1.89869
 20
8.54702
 30
 0
 11
1.89602
 21
8.54581
  0
LINE
  8
Gravur
 62
   255
 39
0.016
  6
CONTINUOUS
 10
1.89602
 20
8.54581
 30
 0
 11
1.89321
 21
8.54486
  0
LINE
  8
Gravur
 62
   255
 39
0.016
  6
CONTINUOUS
 10
1.89321
 20
8.54486
 30
 0
 11
1.89029
 21
8.54414
  0
LINE
  8
Gravur
 62
   255
 39
0.016
  6
CONTINUOUS
 10
1.89029
 20
8.54414
 30
 0
 11
1.88730
 21
8.54363
  0
LINE
  8
Gravur
 62
   255
 39
0.016
  6
CONTINUOUS
 10
1.88730
 20
8.54363
 30
 0
 11
1.88426
 21
8.54331
  0
LINE
  8
Gravur
 62
   255
 39
0.016
  6
CONTINUOUS
 10
1.88426
 20
8.54331
 30
 0
 11
1.88426
 21
8.54331
  0
LINE
  8
Gravur
 62
   255
 39
0.016
  6
CONTINUOUS
 10
1.88426
 20
8.54331
 30
 0
 11
1.88252
 21
8.54321
  0
LINE
  8
Gravur
 62
   255
 39
0.016
  6
CONTINUOUS
 10
1.88252
 20
8.54321
 30
 0
 11
1.88078
 21
8.54316
  0
LINE
  8
Gravur
 62
   255
 39
0.016
  6
CONTINUOUS
 10
1.88078
 20
8.54316
 30
 0
 11
1.87462
 21
8.54335
  0
LINE
  8
Gravur
 62
   255
 39
0.016
  6
CONTINUOUS
 10
1.87462
 20
8.54335
 30
 0
 11
1.87406
 21
8.54339
  0
LINE
  8
Gravur
 62
   255
 39
0.016
  6
CONTINUOUS
 10
1.87406
 20
8.54339
 30
 0
 11
1.87406
 21
8.54339
  0
LINE
  8
Gravur
 62
   255
 39
0.016
  6
CONTINUOUS
 10
1.87406
 20
8.54339
 30
 0
 11
1.86928
 21
8.54388
  0
LINE
  8
Gravur
 62
   255
 39
0.016
  6
CONTINUOUS
 10
1.86928
 20
8.54388
 30
 0
 11
1.86833
 21
8.54400
  0
LINE
  8
Gravur
 62
   255
 39
0.016
  6
CONTINUOUS
 10
1.86833
 20
8.54400
 30
 0
 11
1.86635
 21
8.54434
  0
LINE
  8
Gravur
 62
   255
 39
0.016
  6
CONTINUOUS
 10
1.86635
 20
8.54434
 30
 0
 11
1.86608
 21
8.54438
  0
LINE
  8
Gravur
 62
   255
 39
0.016
  6
CONTINUOUS
 10
1.86608
 20
8.54438
 30
 0
 11
1.86608
 21
8.54438
  0
LINE
  8
Gravur
 62
   255
 39
0.016
  6
CONTINUOUS
 10
1.86608
 20
8.54438
 30
 0
 11
1.86385
 21
8.54435
  0
LINE
  8
Gravur
 62
   255
 39
0.016
  6
CONTINUOUS
 10
1.86385
 20
8.54435
 30
 0
 11
1.86358
 21
8.54420
  0
LINE
  8
Gravur
 62
   255
 39
0.016
  6
CONTINUOUS
 10
1.86358
 20
8.54420
 30
 0
 11
1.86323
 21
8.54284
  0
LINE
  8
Gravur
 62
   255
 39
0.016
  6
CONTINUOUS
 10
1.86323
 20
8.54284
 30
 0
 11
1.86324
 21
8.54268
  0
LINE
  8
Gravur
 62
   255
 39
0.016
  6
CONTINUOUS
 10
1.86324
 20
8.54268
 30
 0
 11
1.86324
 21
8.54268
  0
LINE
  8
Gravur
 62
   255
 39
0.016
  6
CONTINUOUS
 10
1.86324
 20
8.54268
 30
 0
 11
1.86331
 21
8.54150
  0
LINE
  8
Gravur
 62
   255
 39
0.016
  6
CONTINUOUS
 10
1.86331
 20
8.54150
 30
 0
 11
1.86332
 21
8.54133
  0
LINE
  8
Gravur
 62
   255
 39
0.016
  6
CONTINUOUS
 10
1.86332
 20
8.54133
 30
 0
 11
1.86332
 21
8.53283
  0
LINE
  8
Gravur
 62
   255
 39
0.016
  6
CONTINUOUS
 10
1.86332
 20
8.53283
 30
 0
 11
1.86332
 21
8.49852
  0
LINE
  8
Gravur
 62
   255
 39
0.016
  6
CONTINUOUS
 10
1.96579
 20
8.61073
 30
 0
 11
1.96579
 21
8.59721
  0
LINE
  8
Gravur
 62
   255
 39
0.016
  6
CONTINUOUS
 10
1.94590
 20
8.57428
 30
 0
 11
1.96063
 21
8.57428
  0
LINE
  8
Gravur
 62
   255
 39
0.016
  6
CONTINUOUS
 10
1.96063
 20
8.57428
 30
 0
 11
1.96428
 21
8.57428
  0
LINE
  8
Gravur
 62
   255
 39
0.016
  6
CONTINUOUS
 10
1.96428
 20
8.57428
 30
 0
 11
1.96562
 21
8.57402
  0
LINE
  8
Gravur
 62
   255
 39
0.016
  6
CONTINUOUS
 10
1.96562
 20
8.57402
 30
 0
 11
1.96579
 21
8.57003
  0
LINE
  8
Gravur
 62
   255
 39
0.016
  6
CONTINUOUS
 10
1.96579
 20
8.57003
 30
 0
 11
1.96579
 21
8.55880
  0
LINE
  8
Gravur
 62
   255
 39
0.016
  6
CONTINUOUS
 10
1.96579
 20
8.55880
 30
 0
 11
1.96579
 21
8.51537
  0
LINE
  8
Gravur
 62
   255
 39
0.016
  6
CONTINUOUS
 10
1.96579
 20
8.51537
 30
 0
 11
1.96579
 21
8.50292
  0
LINE
  8
Gravur
 62
   255
 39
0.016
  6
CONTINUOUS
 10
1.96579
 20
8.50292
 30
 0
 11
1.96553
 21
8.49862
  0
LINE
  8
Gravur
 62
   255
 39
0.016
  6
CONTINUOUS
 10
1.96553
 20
8.49862
 30
 0
 11
1.96397
 21
8.49836
  0
LINE
  8
Gravur
 62
   255
 39
0.016
  6
CONTINUOUS
 10
1.96397
 20
8.49836
 30
 0
 11
1.95972
 21
8.49836
  0
LINE
  8
Gravur
 62
   255
 39
0.016
  6
CONTINUOUS
 10
1.95972
 20
8.49836
 30
 0
 11
1.94287
 21
8.49836
  0
LINE
  8
Gravur
 62
   255
 39
0.016
  6
CONTINUOUS
 10
1.96595
 20
8.49836
 30
 0
 11
1.98401
 21
8.49836
  0
LINE
  8
Gravur
 62
   255
 39
0.016
  6
CONTINUOUS
 10
2.03639
 20
8.57574
 30
 0
 11
2.04153
 21
8.57567
  0
LINE
  8
Gravur
 62
   255
 39
0.016
  6
CONTINUOUS
 10
2.04153
 20
8.57567
 30
 0
 11
2.04253
 21
8.57549
  0
LINE
  8
Gravur
 62
   255
 39
0.016
  6
CONTINUOUS
 10
2.04253
 20
8.57549
 30
 0
 11
2.04546
 21
8.57466
  0
LINE
  8
Gravur
 62
   255
 39
0.016
  6
CONTINUOUS
 10
2.04546
 20
8.57466
 30
 0
 11
2.04640
 21
8.57429
  0
LINE
  8
Gravur
 62
   255
 39
0.016
  6
CONTINUOUS
 10
2.04640
 20
8.57429
 30
 0
 11
2.04640
 21
8.57429
  0
LINE
  8
Gravur
 62
   255
 39
0.016
  6
CONTINUOUS
 10
2.04640
 20
8.57429
 30
 0
 11
2.05155
 21
8.57118
  0
LINE
  8
Gravur
 62
   255
 39
0.016
  6
CONTINUOUS
 10
2.05155
 20
8.57118
 30
 0
 11
2.05306
 21
8.56982
  0
LINE
  8
Gravur
 62
   255
 39
0.016
  6
CONTINUOUS
 10
2.05306
 20
8.56982
 30
 0
 11
2.05443
 21
8.56832
  0
LINE
  8
Gravur
 62
   255
 39
0.016
  6
CONTINUOUS
 10
2.05443
 20
8.56832
 30
 0
 11
2.05566
 21
8.56669
  0
LINE
  8
Gravur
 62
   255
 39
0.016
  6
CONTINUOUS
 10
2.05566
 20
8.56669
 30
 0
 11
2.05650
 21
8.56536
  0
LINE
  8
Gravur
 62
   255
 39
0.016
  6
CONTINUOUS
 10
2.05650
 20
8.56536
 30
 0
 11
2.05676
 21
8.56490
  0
LINE
  8
Gravur
 62
   255
 39
0.016
  6
CONTINUOUS
 10
2.05676
 20
8.56490
 30
 0
 11
2.05676
 21
8.56490
  0
LINE
  8
Gravur
 62
   255
 39
0.016
  6
CONTINUOUS
 10
2.05676
 20
8.56490
 30
 0
 11
2.05782
 21
8.56270
  0
LINE
  8
Gravur
 62
   255
 39
0.016
  6
CONTINUOUS
 10
2.05782
 20
8.56270
 30
 0
 11
2.05872
 21
8.56041
  0
LINE
  8
Gravur
 62
   255
 39
0.016
  6
CONTINUOUS
 10
2.05872
 20
8.56041
 30
 0
 11
2.05872
 21
8.56041
  0
LINE
  8
Gravur
 62
   255
 39
0.016
  6
CONTINUOUS
 10
2.05872
 20
8.56041
 30
 0
 11
2.05934
 21
8.55855
  0
LINE
  8
Gravur
 62
   255
 39
0.016
  6
CONTINUOUS
 10
2.05934
 20
8.55855
 30
 0
 11
2.05990
 21
8.55667
  0
LINE
  8
Gravur
 62
   255
 39
0.016
  6
CONTINUOUS
 10
2.05990
 20
8.55667
 30
 0
 11
2.06130
 21
8.54984
  0
LINE
  8
Gravur
 62
   255
 39
0.016
  6
CONTINUOUS
 10
2.06130
 20
8.54984
 30
 0
 11
2.06138
 21
8.54921
  0
LINE
  8
Gravur
 62
   255
 39
0.016
  6
CONTINUOUS
 10
2.06138
 20
8.54921
 30
 0
 11
2.06138
 21
8.54921
  0
LINE
  8
Gravur
 62
   255
 39
0.016
  6
CONTINUOUS
 10
2.06138
 20
8.54921
 30
 0
 11
2.06184
 21
8.54467
  0
LINE
  8
Gravur
 62
   255
 39
0.016
  6
CONTINUOUS
 10
2.06184
 20
8.54467
 30
 0
 11
2.06191
 21
8.54376
  0
LINE
  8
Gravur
 62
   255
 39
0.016
  6
CONTINUOUS
 10
2.06191
 20
8.54376
 30
 0
 11
2.06214
 21
8.53158
  0
LINE
  8
Gravur
 62
   255
 39
0.016
  6
CONTINUOUS
 10
2.06214
 20
8.53158
 30
 0
 11
2.06208
 21
8.53021
  0
LINE
  8
Gravur
 62
   255
 39
0.016
  6
CONTINUOUS
 10
2.06208
 20
8.53021
 30
 0
 11
2.06208
 21
8.53021
  0
LINE
  8
Gravur
 62
   255
 39
0.016
  6
CONTINUOUS
 10
2.06208
 20
8.53021
 30
 0
 11
2.06111
 21
8.52174
  0
LINE
  8
Gravur
 62
   255
 39
0.016
  6
CONTINUOUS
 10
2.06111
 20
8.52174
 30
 0
 11
2.06056
 21
8.51897
  0
LINE
  8
Gravur
 62
   255
 39
0.016
  6
CONTINUOUS
 10
2.06056
 20
8.51897
 30
 0
 11
2.05988
 21
8.51624
  0
LINE
  8
Gravur
 62
   255
 39
0.016
  6
CONTINUOUS
 10
2.05988
 20
8.51624
 30
 0
 11
2.05906
 21
8.51355
  0
LINE
  8
Gravur
 62
   255
 39
0.016
  6
CONTINUOUS
 10
2.05906
 20
8.51355
 30
 0
 11
2.05743
 21
8.50956
  0
LINE
  8
Gravur
 62
   255
 39
0.016
  6
CONTINUOUS
 10
2.05743
 20
8.50956
 30
 0
 11
2.05704
 21
8.50879
  0
LINE
  8
Gravur
 62
   255
 39
0.016
  6
CONTINUOUS
 10
2.05704
 20
8.50879
 30
 0
 11
2.05704
 21
8.50879
  0
LINE
  8
Gravur
 62
   255
 39
0.016
  6
CONTINUOUS
 10
2.05704
 20
8.50879
 30
 0
 11
2.05364
 21
8.50379
  0
LINE
  8
Gravur
 62
   255
 39
0.016
  6
CONTINUOUS
 10
2.05364
 20
8.50379
 30
 0
 11
2.05225
 21
8.50234
  0
LINE
  8
Gravur
 62
   255
 39
0.016
  6
CONTINUOUS
 10
2.05225
 20
8.50234
 30
 0
 11
2.05225
 21
8.50234
  0
LINE
  8
Gravur
 62
   255
 39
0.016
  6
CONTINUOUS
 10
2.05225
 20
8.50234
 30
 0
 11
2.04993
 21
8.50045
  0
LINE
  8
Gravur
 62
   255
 39
0.016
  6
CONTINUOUS
 10
2.04993
 20
8.50045
 30
 0
 11
2.04732
 21
8.49894
  0
LINE
  8
Gravur
 62
   255
 39
0.016
  6
CONTINUOUS
 10
2.04732
 20
8.49894
 30
 0
 11
2.04393
 21
8.49773
  0
LINE
  8
Gravur
 62
   255
 39
0.016
  6
CONTINUOUS
 10
2.04393
 20
8.49773
 30
 0
 11
2.04355
 21
8.49763
  0
LINE
  8
Gravur
 62
   255
 39
0.016
  6
CONTINUOUS
 10
2.04355
 20
8.49763
 30
 0
 11
2.04355
 21
8.49763
  0
LINE
  8
Gravur
 62
   255
 39
0.016
  6
CONTINUOUS
 10
2.04355
 20
8.49763
 30
 0
 11
2.03987
 21
8.49698
  0
LINE
  8
Gravur
 62
   255
 39
0.016
  6
CONTINUOUS
 10
2.03987
 20
8.49698
 30
 0
 11
2.03912
 21
8.49689
  0
LINE
  8
Gravur
 62
   255
 39
0.016
  6
CONTINUOUS
 10
2.03912
 20
8.49689
 30
 0
 11
2.03279
 21
8.49726
  0
LINE
  8
Gravur
 62
   255
 39
0.016
  6
CONTINUOUS
 10
2.03279
 20
8.49726
 30
 0
 11
2.03142
 21
8.49760
  0
LINE
  8
Gravur
 62
   255
 39
0.016
  6
CONTINUOUS
 10
2.03142
 20
8.49760
 30
 0
 11
2.02442
 21
8.50070
  0
LINE
  8
Gravur
 62
   255
 39
0.016
  6
CONTINUOUS
 10
2.02442
 20
8.50070
 30
 0
 11
2.02305
 21
8.50162
  0
LINE
  8
Gravur
 62
   255
 39
0.016
  6
CONTINUOUS
 10
2.02305
 20
8.50162
 30
 0
 11
2.01914
 21
8.50504
  0
LINE
  8
Gravur
 62
   255
 39
0.016
  6
CONTINUOUS
 10
2.01914
 20
8.50504
 30
 0
 11
2.01793
 21
8.50640
  0
LINE
  8
Gravur
 62
   255
 39
0.016
  6
CONTINUOUS
 10
2.01793
 20
8.50640
 30
 0
 11
2.01467
 21
8.51120
  0
LINE
  8
Gravur
 62
   255
 39
0.016
  6
CONTINUOUS
 10
2.01467
 20
8.51120
 30
 0
 11
2.01374
 21
8.51305
  0
LINE
  8
Gravur
 62
   255
 39
0.016
  6
CONTINUOUS
 10
2.01390
 20
8.55678
 30
 0
 11
2.01679
 21
8.56350
  0
LINE
  8
Gravur
 62
   255
 39
0.016
  6
CONTINUOUS
 10
2.01679
 20
8.56350
 30
 0
 11
2.01750
 21
8.56462
  0
LINE
  8
Gravur
 62
   255
 39
0.016
  6
CONTINUOUS
 10
2.01750
 20
8.56462
 30
 0
 11
2.02154
 21
8.56930
  0
LINE
  8
Gravur
 62
   255
 39
0.016
  6
CONTINUOUS
 10
2.02154
 20
8.56930
 30
 0
 11
2.02242
 21
8.57005
  0
LINE
  8
Gravur
 62
   255
 39
0.016
  6
CONTINUOUS
 10
2.02242
 20
8.57005
 30
 0
 11
2.02892
 21
8.57402
  0
LINE
  8
Gravur
 62
   255
 39
0.016
  6
CONTINUOUS
 10
2.02892
 20
8.57402
 30
 0
 11
2.02986
 21
8.57442
  0
LINE
  8
Gravur
 62
   255
 39
0.016
  6
CONTINUOUS
 10
2.02986
 20
8.57442
 30
 0
 11
2.03271
 21
8.57522
  0
LINE
  8
Gravur
 62
   255
 39
0.016
  6
CONTINUOUS
 10
2.03271
 20
8.57522
 30
 0
 11
2.03303
 21
8.57528
  0
LINE
  8
Gravur
 62
   255
 39
0.016
  6
CONTINUOUS
 10
2.03303
 20
8.57528
 30
 0
 11
2.03303
 21
8.57528
  0
LINE
  8
Gravur
 62
   255
 39
0.016
  6
CONTINUOUS
 10
2.03303
 20
8.57528
 30
 0
 11
2.03582
 21
8.57567
  0
LINE
  8
Gravur
 62
   255
 39
0.016
  6
CONTINUOUS
 10
2.03582
 20
8.57567
 30
 0
 11
2.03639
 21
8.57574
  0
LINE
  8
Gravur
 62
   255
 39
0.016
  6
CONTINUOUS
 10
2.01361
 20
8.57428
 30
 0
 11
2.01349
 21
8.46602
  0
LINE
  8
Gravur
 62
   255
 39
0.016
  6
CONTINUOUS
 10
2.08800
 20
8.53799
 30
 0
 11
2.08855
 21
8.54968
  0
LINE
  8
Gravur
 62
   255
 39
0.016
  6
CONTINUOUS
 10
2.08855
 20
8.54968
 30
 0
 11
2.08872
 21
8.55100
  0
LINE
  8
Gravur
 62
   255
 39
0.016
  6
CONTINUOUS
 10
2.08872
 20
8.55100
 30
 0
 11
2.08872
 21
8.55100
  0
LINE
  8
Gravur
 62
   255
 39
0.016
  6
CONTINUOUS
 10
2.08872
 20
8.55100
 30
 0
 11
2.09057
 21
8.55940
  0
LINE
  8
Gravur
 62
   255
 39
0.016
  6
CONTINUOUS
 10
2.09057
 20
8.55940
 30
 0
 11
2.09156
 21
8.56204
  0
LINE
  8
Gravur
 62
   255
 39
0.016
  6
CONTINUOUS
 10
2.09156
 20
8.56204
 30
 0
 11
2.09276
 21
8.56455
  0
LINE
  8
Gravur
 62
   255
 39
0.016
  6
CONTINUOUS
 10
2.09276
 20
8.56455
 30
 0
 11
2.09421
 21
8.56690
  0
LINE
  8
Gravur
 62
   255
 39
0.016
  6
CONTINUOUS
 10
2.09421
 20
8.56690
 30
 0
 11
2.09421
 21
8.56690
  0
LINE
  8
Gravur
 62
   255
 39
0.016
  6
CONTINUOUS
 10
2.09421
 20
8.56690
 30
 0
 11
2.09435
 21
8.56710
  0
LINE
  8
Gravur
 62
   255
 39
0.016
  6
CONTINUOUS
 10
2.09435
 20
8.56710
 30
 0
 11
2.09449
 21
8.56730
  0
LINE
  8
Gravur
 62
   255
 39
0.016
  6
CONTINUOUS
 10
2.09449
 20
8.56730
 30
 0
 11
2.09657
 21
8.56970
  0
LINE
  8
Gravur
 62
   255
 39
0.016
  6
CONTINUOUS
 10
2.09657
 20
8.56970
 30
 0
 11
2.09734
 21
8.57042
  0
LINE
  8
Gravur
 62
   255
 39
0.016
  6
CONTINUOUS
 10
2.09734
 20
8.57042
 30
 0
 11
2.09734
 21
8.57042
  0
LINE
  8
Gravur
 62
   255
 39
0.016
  6
CONTINUOUS
 10
2.09734
 20
8.57042
 30
 0
 11
2.10359
 21
8.57420
  0
LINE
  8
Gravur
 62
   255
 39
0.016
  6
CONTINUOUS
 10
2.10359
 20
8.57420
 30
 0
 11
2.11082
 21
8.57587
  0
LINE
  8
Gravur
 62
   255
 39
0.016
  6
CONTINUOUS
 10
2.11082
 20
8.57587
 30
 0
 11
2.11082
 21
8.57587
  0
LINE
  8
Gravur
 62
   255
 39
0.016
  6
CONTINUOUS
 10
2.11082
 20
8.57587
 30
 0
 11
2.11834
 21
8.57536
  0
LINE
  8
Gravur
 62
   255
 39
0.016
  6
CONTINUOUS
 10
2.11834
 20
8.57536
 30
 0
 11
2.12519
 21
8.57256
  0
LINE
  8
Gravur
 62
   255
 39
0.016
  6
CONTINUOUS
 10
2.12519
 20
8.57256
 30
 0
 11
2.12519
 21
8.57256
  0
LINE
  8
Gravur
 62
   255
 39
0.016
  6
CONTINUOUS
 10
2.12519
 20
8.57256
 30
 0
 11
2.12782
 21
8.57055
  0
LINE
  8
Gravur
 62
   255
 39
0.016
  6
CONTINUOUS
 10
2.12782
 20
8.57055
 30
 0
 11
2.13007
 21
8.56806
  0
LINE
  8
Gravur
 62
   255
 39
0.016
  6
CONTINUOUS
 10
2.13007
 20
8.56806
 30
 0
 11
2.13048
 21
8.56749
  0
LINE
  8
Gravur
 62
   255
 39
0.016
  6
CONTINUOUS
 10
2.13048
 20
8.56749
 30
 0
 11
2.13088
 21
8.56690
  0
LINE
  8
Gravur
 62
   255
 39
0.016
  6
CONTINUOUS
 10
2.13088
 20
8.56690
 30
 0
 11
2.13088
 21
8.56690
  0
LINE
  8
Gravur
 62
   255
 39
0.016
  6
CONTINUOUS
 10
2.13088
 20
8.56690
 30
 0
 11
2.13407
 21
8.56002
  0
LINE
  8
Gravur
 62
   255
 39
0.016
  6
CONTINUOUS
 10
2.13407
 20
8.56002
 30
 0
 11
2.13573
 21
8.55240
  0
LINE
  8
Gravur
 62
   255
 39
0.016
  6
CONTINUOUS
 10
2.13573
 20
8.55240
 30
 0
 11
2.13573
 21
8.55240
  0
LINE
  8
Gravur
 62
   255
 39
0.016
  6
CONTINUOUS
 10
2.13573
 20
8.55240
 30
 0
 11
2.13633
 21
8.54631
  0
LINE
  8
Gravur
 62
   255
 39
0.016
  6
CONTINUOUS
 10
2.13633
 20
8.54631
 30
 0
 11
2.13658
 21
8.54042
  0
LINE
  8
Gravur
 62
   255
 39
0.016
  6
CONTINUOUS
 10
2.13658
 20
8.54042
 30
 0
 11
2.13664
 21
8.53947
  0
LINE
  8
Gravur
 62
   255
 39
0.016
  6
CONTINUOUS
 10
2.13664
 20
8.53947
 30
 0
 11
2.13664
 21
8.53935
  0
LINE
  8
Gravur
 62
   255
 39
0.016
  6
CONTINUOUS
 10
2.13664
 20
8.53935
 30
 0
 11
2.13664
 21
8.53935
  0
LINE
  8
Gravur
 62
   255
 39
0.016
  6
CONTINUOUS
 10
2.13664
 20
8.53935
 30
 0
 11
2.13644
 21
8.53825
  0
LINE
  8
Gravur
 62
   255
 39
0.016
  6
CONTINUOUS
 10
2.13644
 20
8.53825
 30
 0
 11
2.13632
 21
8.53810
  0
LINE
  8
Gravur
 62
   255
 39
0.016
  6
CONTINUOUS
 10
2.13632
 20
8.53810
 30
 0
 11
2.13499
 21
8.53777
  0
LINE
  8
Gravur
 62
   255
 39
0.016
  6
CONTINUOUS
 10
2.13499
 20
8.53777
 30
 0
 11
2.13484
 21
8.53777
  0
LINE
  8
Gravur
 62
   255
 39
0.016
  6
CONTINUOUS
 10
2.13484
 20
8.53777
 30
 0
 11
2.13484
 21
8.53777
  0
LINE
  8
Gravur
 62
   255
 39
0.016
  6
CONTINUOUS
 10
2.13484
 20
8.53777
 30
 0
 11
2.13372
 21
8.53784
  0
LINE
  8
Gravur
 62
   255
 39
0.016
  6
CONTINUOUS
 10
2.13372
 20
8.53784
 30
 0
 11
2.13355
 21
8.53784
  0
LINE
  8
Gravur
 62
   255
 39
0.016
  6
CONTINUOUS
 10
2.13355
 20
8.53784
 30
 0
 11
2.12580
 21
8.53784
  0
LINE
  8
Gravur
 62
   255
 39
0.016
  6
CONTINUOUS
 10
2.12580
 20
8.53784
 30
 0
 11
2.09756
 21
8.53784
  0
LINE
  8
Gravur
 62
   255
 39
0.016
  6
CONTINUOUS
 10
2.09756
 20
8.53784
 30
 0
 11
2.09058
 21
8.53784
  0
LINE
  8
Gravur
 62
   255
 39
0.016
  6
CONTINUOUS
 10
2.09058
 20
8.53784
 30
 0
 11
2.08958
 21
8.53790
  0
LINE
  8
Gravur
 62
   255
 39
0.016
  6
CONTINUOUS
 10
2.08958
 20
8.53790
 30
 0
 11
2.08945
 21
8.53790
  0
LINE
  8
Gravur
 62
   255
 39
0.016
  6
CONTINUOUS
 10
2.08945
 20
8.53790
 30
 0
 11
2.08945
 21
8.53790
  0
LINE
  8
Gravur
 62
   255
 39
0.016
  6
CONTINUOUS
 10
2.08945
 20
8.53790
 30
 0
 11
2.08831
 21
8.53771
  0
LINE
  8
Gravur
 62
   255
 39
0.016
  6
CONTINUOUS
 10
2.08831
 20
8.53771
 30
 0
 11
2.08817
 21
8.53758
  0
LINE
  8
Gravur
 62
   255
 39
0.016
  6
CONTINUOUS
 10
2.08817
 20
8.53758
 30
 0
 11
2.08785
 21
8.53563
  0
LINE
  8
Gravur
 62
   255
 39
0.016
  6
CONTINUOUS
 10
2.08785
 20
8.53563
 30
 0
 11
2.08786
 21
8.53541
  0
LINE
  8
Gravur
 62
   255
 39
0.016
  6
CONTINUOUS
 10
2.08786
 20
8.53541
 30
 0
 11
2.08786
 21
8.53541
  0
LINE
  8
Gravur
 62
   255
 39
0.016
  6
CONTINUOUS
 10
2.08786
 20
8.53541
 30
 0
 11
2.08799
 21
8.53369
  0
LINE
  8
Gravur
 62
   255
 39
0.016
  6
CONTINUOUS
 10
2.08799
 20
8.53369
 30
 0
 11
2.08800
 21
8.53344
  0
LINE
  8
Gravur
 62
   255
 39
0.016
  6
CONTINUOUS
 10
2.08800
 20
8.53344
 30
 0
 11
2.08822
 21
8.52886
  0
LINE
  8
Gravur
 62
   255
 39
0.016
  6
CONTINUOUS
 10
2.08822
 20
8.52886
 30
 0
 11
2.08827
 21
8.52835
  0
LINE
  8
Gravur
 62
   255
 39
0.016
  6
CONTINUOUS
 10
2.08827
 20
8.52835
 30
 0
 11
2.08827
 21
8.52835
  0
LINE
  8
Gravur
 62
   255
 39
0.016
  6
CONTINUOUS
 10
2.08827
 20
8.52835
 30
 0
 11
2.08905
 21
8.52234
  0
LINE
  8
Gravur
 62
   255
 39
0.016
  6
CONTINUOUS
 10
2.08905
 20
8.52234
 30
 0
 11
2.08925
 21
8.52114
  0
LINE
  8
Gravur
 62
   255
 39
0.016
  6
CONTINUOUS
 10
2.08925
 20
8.52114
 30
 0
 11
2.09085
 21
8.51453
  0
LINE
  8
Gravur
 62
   255
 39
0.016
  6
CONTINUOUS
 10
2.09085
 20
8.51453
 30
 0
 11
2.09117
 21
8.51360
  0
LINE
  8
Gravur
 62
   255
 39
0.016
  6
CONTINUOUS
 10
2.09117
 20
8.51360
 30
 0
 11
2.09117
 21
8.51360
  0
LINE
  8
Gravur
 62
   255
 39
0.016
  6
CONTINUOUS
 10
2.09117
 20
8.51360
 30
 0
 11
2.09209
 21
8.51130
  0
LINE
  8
Gravur
 62
   255
 39
0.016
  6
CONTINUOUS
 10
2.09209
 20
8.51130
 30
 0
 11
2.09317
 21
8.50909
  0
LINE
  8
Gravur
 62
   255
 39
0.016
  6
CONTINUOUS
 10
2.09317
 20
8.50909
 30
 0
 11
2.09444
 21
8.50698
  0
LINE
  8
Gravur
 62
   255
 39
0.016
  6
CONTINUOUS
 10
2.09444
 20
8.50698
 30
 0
 11
2.09590
 21
8.50502
  0
LINE
  8
Gravur
 62
   255
 39
0.016
  6
CONTINUOUS
 10
2.09590
 20
8.50502
 30
 0
 11
2.09590
 21
8.50502
  0
LINE
  8
Gravur
 62
   255
 39
0.016
  6
CONTINUOUS
 10
2.09590
 20
8.50502
 30
 0
 11
2.09671
 21
8.50410
  0
LINE
  8
Gravur
 62
   255
 39
0.016
  6
CONTINUOUS
 10
2.09671
 20
8.50410
 30
 0
 11
2.09756
 21
8.50323
  0
LINE
  8
Gravur
 62
   255
 39
0.016
  6
CONTINUOUS
 10
2.09756
 20
8.50323
 30
 0
 11
2.09889
 21
8.50206
  0
LINE
  8
Gravur
 62
   255
 39
0.016
  6
CONTINUOUS
 10
2.09889
 20
8.50206
 30
 0
 11
2.10032
 21
8.50102
  0
LINE
  8
Gravur
 62
   255
 39
0.016
  6
CONTINUOUS
 10
2.10032
 20
8.50102
 30
 0
 11
2.10032
 21
8.50102
  0
LINE
  8
Gravur
 62
   255
 39
0.016
  6
CONTINUOUS
 10
2.10032
 20
8.50102
 30
 0
 11
2.10444
 21
8.49884
  0
LINE
  8
Gravur
 62
   255
 39
0.016
  6
CONTINUOUS
 10
2.10444
 20
8.49884
 30
 0
 11
2.10899
 21
8.49745
  0
LINE
  8
Gravur
 62
   255
 39
0.016
  6
CONTINUOUS
 10
2.10899
 20
8.49745
 30
 0
 11
2.11379
 21
8.49680
  0
LINE
  8
Gravur
 62
   255
 39
0.016
  6
CONTINUOUS
 10
2.11379
 20
8.49680
 30
 0
 11
2.11871
 21
8.49682
  0
LINE
  8
Gravur
 62
   255
 39
0.016
  6
CONTINUOUS
 10
2.11871
 20
8.49682
 30
 0
 11
2.11871
 21
8.49682
  0
LINE
  8
Gravur
 62
   255
 39
0.016
  6
CONTINUOUS
 10
2.11871
 20
8.49682
 30
 0
 11
2.12669
 21
8.49817
  0
LINE
  8
Gravur
 62
   255
 39
0.016
  6
CONTINUOUS
 10
2.12669
 20
8.49817
 30
 0
 11
2.13385
 21
8.50095
  0
LINE
  8
Gravur
 62
   255
 39
0.016
  6
CONTINUOUS
 10
2.24284
 20
8.54452
 30
 0
 11
2.24284
 21
8.58977
  0
LINE
  8
Gravur
 62
   255
 39
0.016
  6
CONTINUOUS
 10
2.24284
 20
8.58977
 30
 0
 11
2.24284
 21
8.60116
  0
LINE
  8
Gravur
 62
   255
 39
0.016
  6
CONTINUOUS
 10
2.24284
 20
8.60116
 30
 0
 11
2.24273
 21
8.60290
  0
LINE
  8
Gravur
 62
   255
 39
0.016
  6
CONTINUOUS
 10
2.24273
 20
8.60290
 30
 0
 11
2.24272
 21
8.60312
  0
LINE
  8
Gravur
 62
   255
 39
0.016
  6
CONTINUOUS
 10
2.24272
 20
8.60312
 30
 0
 11
2.24272
 21
8.60312
  0
LINE
  8
Gravur
 62
   255
 39
0.016
  6
CONTINUOUS
 10
2.24272
 20
8.60312
 30
 0
 11
2.24294
 21
8.60507
  0
LINE
  8
Gravur
 62
   255
 39
0.016
  6
CONTINUOUS
 10
2.24294
 20
8.60507
 30
 0
 11
2.24310
 21
8.60532
  0
LINE
  8
Gravur
 62
   255
 39
0.016
  6
CONTINUOUS
 10
2.24310
 20
8.60532
 30
 0
 11
2.24508
 21
8.60620
  0
LINE
  8
Gravur
 62
   255
 39
0.016
  6
CONTINUOUS
 10
2.24508
 20
8.60620
 30
 0
 11
2.24530
 21
8.60625
  0
LINE
  8
Gravur
 62
   255
 39
0.016
  6
CONTINUOUS
 10
2.24530
 20
8.60625
 30
 0
 11
2.24530
 21
8.60625
  0
LINE
  8
Gravur
 62
   255
 39
0.016
  6
CONTINUOUS
 10
2.24530
 20
8.60625
 30
 0
 11
2.24712
 21
8.60654
  0
LINE
  8
Gravur
 62
   255
 39
0.016
  6
CONTINUOUS
 10
2.24712
 20
8.60654
 30
 0
 11
2.24740
 21
8.60659
  0
LINE
  8
Gravur
 62
   255
 39
0.016
  6
CONTINUOUS
 10
2.24740
 20
8.60659
 30
 0
 11
2.25316
 21
8.60737
  0
LINE
  8
Gravur
 62
   255
 39
0.016
  6
CONTINUOUS
 10
2.25316
 20
8.60737
 30
 0
 11
2.25368
 21
8.60742
  0
LINE
  8
Gravur
 62
   255
 39
0.016
  6
CONTINUOUS
 10
2.25368
 20
8.60742
 30
 0
 11
2.25368
 21
8.60742
  0
LINE
  8
Gravur
 62
   255
 39
0.016
  6
CONTINUOUS
 10
2.25368
 20
8.60742
 30
 0
 11
2.25869
 21
8.60768
  0
LINE
  8
Gravur
 62
   255
 39
0.016
  6
CONTINUOUS
 10
2.25869
 20
8.60768
 30
 0
 11
2.25970
 21
8.60769
  0
LINE
  8
Gravur
 62
   255
 39
0.016
  6
CONTINUOUS
 10
2.25970
 20
8.60769
 30
 0
 11
2.26576
 21
8.60741
  0
LINE
  8
Gravur
 62
   255
 39
0.016
  6
CONTINUOUS
 10
2.26576
 20
8.60741
 30
 0
 11
2.26643
 21
8.60734
  0
LINE
  8
Gravur
 62
   255
 39
0.016
  6
CONTINUOUS
 10
2.26643
 20
8.60734
 30
 0
 11
2.26643
 21
8.60734
  0
LINE
  8
Gravur
 62
   255
 39
0.016
  6
CONTINUOUS
 10
2.26643
 20
8.60734
 30
 0
 11
2.27313
 21
8.60600
  0
LINE
  8
Gravur
 62
   255
 39
0.016
  6
CONTINUOUS
 10
2.27313
 20
8.60600
 30
 0
 11
2.27443
 21
8.60558
  0
LINE
  8
Gravur
 62
   255
 39
0.016
  6
CONTINUOUS
 10
2.27443
 20
8.60558
 30
 0
 11
2.27783
 21
8.60411
  0
LINE
  8
Gravur
 62
   255
 39
0.016
  6
CONTINUOUS
 10
2.27783
 20
8.60411
 30
 0
 11
2.27819
 21
8.60392
  0
LINE
  8
Gravur
 62
   255
 39
0.016
  6
CONTINUOUS
 10
2.27819
 20
8.60392
 30
 0
 11
2.27819
 21
8.60392
  0
LINE
  8
Gravur
 62
   255
 39
0.016
  6
CONTINUOUS
 10
2.27819
 20
8.60392
 30
 0
 11
2.28129
 21
8.60196
  0
LINE
  8
Gravur
 62
   255
 39
0.016
  6
CONTINUOUS
 10
2.28129
 20
8.60196
 30
 0
 11
2.28187
 21
8.60151
  0
LINE
  8
Gravur
 62
   255
 39
0.016
  6
CONTINUOUS
 10
2.28187
 20
8.60151
 30
 0
 11
2.28521
 21
8.59814
  0
LINE
  8
Gravur
 62
   255
 39
0.016
  6
CONTINUOUS
 10
2.28521
 20
8.59814
 30
 0
 11
2.28613
 21
8.59687
  0
LINE
  8
Gravur
 62
   255
 39
0.016
  6
CONTINUOUS
 10
2.28613
 20
8.59687
 30
 0
 11
2.28613
 21
8.59687
  0
LINE
  8
Gravur
 62
   255
 39
0.016
  6
CONTINUOUS
 10
2.28613
 20
8.59687
 30
 0
 11
2.28936
 21
8.59023
  0
LINE
  8
Gravur
 62
   255
 39
0.016
  6
CONTINUOUS
 10
2.28936
 20
8.59023
 30
 0
 11
2.29100
 21
8.58284
  0
LINE
  8
Gravur
 62
   255
 39
0.016
  6
CONTINUOUS
 10
2.29100
 20
8.58284
 30
 0
 11
2.29100
 21
8.58284
  0
LINE
  8
Gravur
 62
   255
 39
0.016
  6
CONTINUOUS
 10
2.29100
 20
8.58284
 30
 0
 11
2.29143
 21
8.57671
  0
LINE
  8
Gravur
 62
   255
 39
0.016
  6
CONTINUOUS
 10
2.29143
 20
8.57671
 30
 0
 11
2.29126
 21
8.57079
  0
LINE
  8
Gravur
 62
   255
 39
0.016
  6
CONTINUOUS
 10
2.29126
 20
8.57079
 30
 0
 11
2.29064
 21
8.56539
  0
LINE
  8
Gravur
 62
   255
 39
0.016
  6
CONTINUOUS
 10
2.29064
 20
8.56539
 30
 0
 11
2.29053
 21
8.56479
  0
LINE
  8
Gravur
 62
   255
 39
0.016
  6
CONTINUOUS
 10
2.29053
 20
8.56479
 30
 0
 11
2.29053
 21
8.56479
  0
LINE
  8
Gravur
 62
   255
 39
0.016
  6
CONTINUOUS
 10
2.29053
 20
8.56479
 30
 0
 11
2.28900
 21
8.55912
  0
LINE
  8
Gravur
 62
   255
 39
0.016
  6
CONTINUOUS
 10
2.28900
 20
8.55912
 30
 0
 11
2.28856
 21
8.55804
  0
LINE
  8
Gravur
 62
   255
 39
0.016
  6
CONTINUOUS
 10
2.28856
 20
8.55804
 30
 0
 11
2.28617
 21
8.55377
  0
LINE
  8
Gravur
 62
   255
 39
0.016
  6
CONTINUOUS
 10
2.28617
 20
8.55377
 30
 0
 11
2.28521
 21
8.55254
  0
LINE
  8
Gravur
 62
   255
 39
0.016
  6
CONTINUOUS
 10
2.28521
 20
8.55254
 30
 0
 11
2.28194
 21
8.54939
  0
LINE
  8
Gravur
 62
   255
 39
0.016
  6
CONTINUOUS
 10
2.28194
 20
8.54939
 30
 0
 11
2.28072
 21
8.54850
  0
LINE
  8
Gravur
 62
   255
 39
0.016
  6
CONTINUOUS
 10
2.28072
 20
8.54850
 30
 0
 11
2.28072
 21
8.54850
  0
LINE
  8
Gravur
 62
   255
 39
0.016
  6
CONTINUOUS
 10
2.28072
 20
8.54850
 30
 0
 11
2.27822
 21
8.54702
  0
LINE
  8
Gravur
 62
   255
 39
0.016
  6
CONTINUOUS
 10
2.27822
 20
8.54702
 30
 0
 11
2.27555
 21
8.54581
  0
LINE
  8
Gravur
 62
   255
 39
0.016
  6
CONTINUOUS
 10
2.27555
 20
8.54581
 30
 0
 11
2.27274
 21
8.54486
  0
LINE
  8
Gravur
 62
   255
 39
0.016
  6
CONTINUOUS
 10
2.27274
 20
8.54486
 30
 0
 11
2.26982
 21
8.54414
  0
LINE
  8
Gravur
 62
   255
 39
0.016
  6
CONTINUOUS
 10
2.26982
 20
8.54414
 30
 0
 11
2.26682
 21
8.54363
  0
LINE
  8
Gravur
 62
   255
 39
0.016
  6
CONTINUOUS
 10
2.26682
 20
8.54363
 30
 0
 11
2.26379
 21
8.54331
  0
LINE
  8
Gravur
 62
   255
 39
0.016
  6
CONTINUOUS
 10
2.26379
 20
8.54331
 30
 0
 11
2.26379
 21
8.54331
  0
LINE
  8
Gravur
 62
   255
 39
0.016
  6
CONTINUOUS
 10
2.26379
 20
8.54331
 30
 0
 11
2.26205
 21
8.54321
  0
LINE
  8
Gravur
 62
   255
 39
0.016
  6
CONTINUOUS
 10
2.26205
 20
8.54321
 30
 0
 11
2.26031
 21
8.54316
  0
LINE
  8
Gravur
 62
   255
 39
0.016
  6
CONTINUOUS
 10
2.26031
 20
8.54316
 30
 0
 11
2.25415
 21
8.54335
  0
LINE
  8
Gravur
 62
   255
 39
0.016
  6
CONTINUOUS
 10
2.25415
 20
8.54335
 30
 0
 11
2.25359
 21
8.54339
  0
LINE
  8
Gravur
 62
   255
 39
0.016
  6
CONTINUOUS
 10
2.25359
 20
8.54339
 30
 0
 11
2.25359
 21
8.54339
  0
LINE
  8
Gravur
 62
   255
 39
0.016
  6
CONTINUOUS
 10
2.25359
 20
8.54339
 30
 0
 11
2.24880
 21
8.54388
  0
LINE
  8
Gravur
 62
   255
 39
0.016
  6
CONTINUOUS
 10
2.24880
 20
8.54388
 30
 0
 11
2.24785
 21
8.54400
  0
LINE
  8
Gravur
 62
   255
 39
0.016
  6
CONTINUOUS
 10
2.24785
 20
8.54400
 30
 0
 11
2.24588
 21
8.54434
  0
LINE
  8
Gravur
 62
   255
 39
0.016
  6
CONTINUOUS
 10
2.24588
 20
8.54434
 30
 0
 11
2.24561
 21
8.54438
  0
LINE
  8
Gravur
 62
   255
 39
0.016
  6
CONTINUOUS
 10
2.24561
 20
8.54438
 30
 0
 11
2.24561
 21
8.54438
  0
LINE
  8
Gravur
 62
   255
 39
0.016
  6
CONTINUOUS
 10
2.24561
 20
8.54438
 30
 0
 11
2.24338
 21
8.54435
  0
LINE
  8
Gravur
 62
   255
 39
0.016
  6
CONTINUOUS
 10
2.24338
 20
8.54435
 30
 0
 11
2.24310
 21
8.54420
  0
LINE
  8
Gravur
 62
   255
 39
0.016
  6
CONTINUOUS
 10
2.24310
 20
8.54420
 30
 0
 11
2.24276
 21
8.54284
  0
LINE
  8
Gravur
 62
   255
 39
0.016
  6
CONTINUOUS
 10
2.24276
 20
8.54284
 30
 0
 11
2.24276
 21
8.54268
  0
LINE
  8
Gravur
 62
   255
 39
0.016
  6
CONTINUOUS
 10
2.24276
 20
8.54268
 30
 0
 11
2.24276
 21
8.54268
  0
LINE
  8
Gravur
 62
   255
 39
0.016
  6
CONTINUOUS
 10
2.24276
 20
8.54268
 30
 0
 11
2.24284
 21
8.54150
  0
LINE
  8
Gravur
 62
   255
 39
0.016
  6
CONTINUOUS
 10
2.24284
 20
8.54150
 30
 0
 11
2.24284
 21
8.54133
  0
LINE
  8
Gravur
 62
   255
 39
0.016
  6
CONTINUOUS
 10
2.24284
 20
8.54133
 30
 0
 11
2.24284
 21
8.53283
  0
LINE
  8
Gravur
 62
   255
 39
0.016
  6
CONTINUOUS
 10
2.24284
 20
8.53283
 30
 0
 11
2.24284
 21
8.49852
  0
LINE
  8
Gravur
 62
   255
 39
0.016
  6
CONTINUOUS
 10
2.31870
 20
8.55630
 30
 0
 11
2.32280
 21
8.56351
  0
LINE
  8
Gravur
 62
   255
 39
0.016
  6
CONTINUOUS
 10
2.32280
 20
8.56351
 30
 0
 11
2.32308
 21
8.56390
  0
LINE
  8
Gravur
 62
   255
 39
0.016
  6
CONTINUOUS
 10
2.32308
 20
8.56390
 30
 0
 11
2.32388
 21
8.56493
  0
LINE
  8
Gravur
 62
   255
 39
0.016
  6
CONTINUOUS
 10
2.32388
 20
8.56493
 30
 0
 11
2.32416
 21
8.56525
  0
LINE
  8
Gravur
 62
   255
 39
0.016
  6
CONTINUOUS
 10
2.32416
 20
8.56525
 30
 0
 11
2.32416
 21
8.56525
  0
LINE
  8
Gravur
 62
   255
 39
0.016
  6
CONTINUOUS
 10
2.32416
 20
8.56525
 30
 0
 11
2.32529
 21
8.56643
  0
LINE
  8
Gravur
 62
   255
 39
0.016
  6
CONTINUOUS
 10
2.32529
 20
8.56643
 30
 0
 11
2.32572
 21
8.56684
  0
LINE
  8
Gravur
 62
   255
 39
0.016
  6
CONTINUOUS
 10
2.32572
 20
8.56684
 30
 0
 11
2.33141
 21
8.57133
  0
LINE
  8
Gravur
 62
   255
 39
0.016
  6
CONTINUOUS
 10
2.33141
 20
8.57133
 30
 0
 11
2.33260
 21
8.57205
  0
LINE
  8
Gravur
 62
   255
 39
0.016
  6
CONTINUOUS
 10
2.33260
 20
8.57205
 30
 0
 11
2.33875
 21
8.57468
  0
LINE
  8
Gravur
 62
   255
 39
0.016
  6
CONTINUOUS
 10
2.33875
 20
8.57468
 30
 0
 11
2.34003
 21
8.57501
  0
LINE
  8
Gravur
 62
   255
 39
0.016
  6
CONTINUOUS
 10
2.34003
 20
8.57501
 30
 0
 11
2.34003
 21
8.57501
  0
LINE
  8
Gravur
 62
   255
 39
0.016
  6
CONTINUOUS
 10
2.34003
 20
8.57501
 30
 0
 11
2.34535
 21
8.57563
  0
LINE
  8
Gravur
 62
   255
 39
0.016
  6
CONTINUOUS
 10
2.34535
 20
8.57563
 30
 0
 11
2.34719
 21
8.57558
  0
LINE
  8
Gravur
 62
   255
 39
0.016
  6
CONTINUOUS
 10
2.34719
 20
8.57558
 30
 0
 11
2.34905
 21
8.57539
  0
LINE
  8
Gravur
 62
   255
 39
0.016
  6
CONTINUOUS
 10
2.34905
 20
8.57539
 30
 0
 11
2.35094
 21
8.57507
  0
LINE
  8
Gravur
 62
   255
 39
0.016
  6
CONTINUOUS
 10
2.35094
 20
8.57507
 30
 0
 11
2.35542
 21
8.57326
  0
LINE
  8
Gravur
 62
   255
 39
0.016
  6
CONTINUOUS
 10
2.35542
 20
8.57326
 30
 0
 11
2.35617
 21
8.57273
  0
LINE
  8
Gravur
 62
   255
 39
0.016
  6
CONTINUOUS
 10
2.35617
 20
8.57273
 30
 0
 11
2.35688
 21
8.57215
  0
LINE
  8
Gravur
 62
   255
 39
0.016
  6
CONTINUOUS
 10
2.35688
 20
8.57215
 30
 0
 11
2.35755
 21
8.57153
  0
LINE
  8
Gravur
 62
   255
 39
0.016
  6
CONTINUOUS
 10
2.35755
 20
8.57153
 30
 0
 11
2.35755
 21
8.57153
  0
LINE
  8
Gravur
 62
   255
 39
0.016
  6
CONTINUOUS
 10
2.35755
 20
8.57153
 30
 0
 11
2.35927
 21
8.56947
  0
LINE
  8
Gravur
 62
   255
 39
0.016
  6
CONTINUOUS
 10
2.35927
 20
8.56947
 30
 0
 11
2.36065
 21
8.56713
  0
LINE
  8
Gravur
 62
   255
 39
0.016
  6
CONTINUOUS
 10
2.36065
 20
8.56713
 30
 0
 11
2.36174
 21
8.56457
  0
LINE
  8
Gravur
 62
   255
 39
0.016
  6
CONTINUOUS
 10
2.36174
 20
8.56457
 30
 0
 11
2.36256
 21
8.56187
  0
LINE
  8
Gravur
 62
   255
 39
0.016
  6
CONTINUOUS
 10
2.36256
 20
8.56187
 30
 0
 11
2.36256
 21
8.56187
  0
LINE
  8
Gravur
 62
   255
 39
0.016
  6
CONTINUOUS
 10
2.36256
 20
8.56187
 30
 0
 11
2.36317
 21
8.55896
  0
LINE
  8
Gravur
 62
   255
 39
0.016
  6
CONTINUOUS
 10
2.36317
 20
8.55896
 30
 0
 11
2.36356
 21
8.55606
  0
LINE
  8
Gravur
 62
   255
 39
0.016
  6
CONTINUOUS
 10
2.36356
 20
8.55606
 30
 0
 11
2.36416
 21
8.54665
  0
LINE
  8
Gravur
 62
   255
 39
0.016
  6
CONTINUOUS
 10
2.36416
 20
8.54665
 30
 0
 11
2.36419
 21
8.54561
  0
LINE
  8
Gravur
 62
   255
 39
0.016
  6
CONTINUOUS
 10
2.36419
 20
8.54561
 30
 0
 11
2.36419
 21
8.54561
  0
LINE
  8
Gravur
 62
   255
 39
0.016
  6
CONTINUOUS
 10
2.36419
 20
8.54561
 30
 0
 11
2.36430
 21
8.53269
  0
LINE
  8
Gravur
 62
   255
 39
0.016
  6
CONTINUOUS
 10
2.36430
 20
8.53269
 30
 0
 11
2.36430
 21
8.53010
  0
LINE
  8
Gravur
 62
   255
 39
0.016
  6
CONTINUOUS
 10
2.36430
 20
8.53010
 30
 0
 11
2.36430
 21
8.49852
  0
LINE
  8
Gravur
 62
   255
 39
0.016
  6
CONTINUOUS
 10
2.31887
 20
8.60908
 30
 0
 11
2.31875
 21
8.49852
  0
LINE
  8
Gravur
 62
   255
 39
0.016
  6
CONTINUOUS
 10
2.39344
 20
8.57094
 30
 0
 11
2.40704
 21
8.57479
  0
LINE
  8
Gravur
 62
   255
 39
0.016
  6
CONTINUOUS
 10
2.40704
 20
8.57479
 30
 0
 11
2.40829
 21
8.57502
  0
LINE
  8
Gravur
 62
   255
 39
0.016
  6
CONTINUOUS
 10
2.40829
 20
8.57502
 30
 0
 11
2.40829
 21
8.57502
  0
LINE
  8
Gravur
 62
   255
 39
0.016
  6
CONTINUOUS
 10
2.40829
 20
8.57502
 30
 0
 11
2.41764
 21
8.57576
  0
LINE
  8
Gravur
 62
   255
 39
0.016
  6
CONTINUOUS
 10
2.41764
 20
8.57576
 30
 0
 11
2.41956
 21
8.57567
  0
LINE
  8
Gravur
 62
   255
 39
0.016
  6
CONTINUOUS
 10
2.41956
 20
8.57567
 30
 0
 11
2.42068
 21
8.57558
  0
LINE
  8
Gravur
 62
   255
 39
0.016
  6
CONTINUOUS
 10
2.42068
 20
8.57558
 30
 0
 11
2.42106
 21
8.57554
  0
LINE
  8
Gravur
 62
   255
 39
0.016
  6
CONTINUOUS
 10
2.42106
 20
8.57554
 30
 0
 11
2.42106
 21
8.57554
  0
LINE
  8
Gravur
 62
   255
 39
0.016
  6
CONTINUOUS
 10
2.42106
 20
8.57554
 30
 0
 11
2.42646
 21
8.57453
  0
LINE
  8
Gravur
 62
   255
 39
0.016
  6
CONTINUOUS
 10
2.42646
 20
8.57453
 30
 0
 11
2.42816
 21
8.57392
  0
LINE
  8
Gravur
 62
   255
 39
0.016
  6
CONTINUOUS
 10
2.42816
 20
8.57392
 30
 0
 11
2.42816
 21
8.57392
  0
LINE
  8
Gravur
 62
   255
 39
0.016
  6
CONTINUOUS
 10
2.42816
 20
8.57392
 30
 0
 11
2.43049
 21
8.57272
  0
LINE
  8
Gravur
 62
   255
 39
0.016
  6
CONTINUOUS
 10
2.43049
 20
8.57272
 30
 0
 11
2.43261
 21
8.57108
  0
LINE
  8
Gravur
 62
   255
 39
0.016
  6
CONTINUOUS
 10
2.43261
 20
8.57108
 30
 0
 11
2.43435
 21
8.56908
  0
LINE
  8
Gravur
 62
   255
 39
0.016
  6
CONTINUOUS
 10
2.43435
 20
8.56908
 30
 0
 11
2.43483
 21
8.56835
  0
LINE
  8
Gravur
 62
   255
 39
0.016
  6
CONTINUOUS
 10
2.43483
 20
8.56835
 30
 0
 11
2.43483
 21
8.56835
  0
LINE
  8
Gravur
 62
   255
 39
0.016
  6
CONTINUOUS
 10
2.43483
 20
8.56835
 30
 0
 11
2.43695
 21
8.56314
  0
LINE
  8
Gravur
 62
   255
 39
0.016
  6
CONTINUOUS
 10
2.43695
 20
8.56314
 30
 0
 11
2.43780
 21
8.55735
  0
LINE
  8
Gravur
 62
   255
 39
0.016
  6
CONTINUOUS
 10
2.43780
 20
8.55735
 30
 0
 11
2.43780
 21
8.55735
  0
LINE
  8
Gravur
 62
   255
 39
0.016
  6
CONTINUOUS
 10
2.43780
 20
8.55735
 30
 0
 11
2.43795
 21
8.55239
  0
LINE
  8
Gravur
 62
   255
 39
0.016
  6
CONTINUOUS
 10
2.43795
 20
8.55239
 30
 0
 11
2.43793
 21
8.54771
  0
LINE
  8
Gravur
 62
   255
 39
0.016
  6
CONTINUOUS
 10
2.43793
 20
8.54771
 30
 0
 11
2.43794
 21
8.54151
  0
LINE
  8
Gravur
 62
   255
 39
0.016
  6
CONTINUOUS
 10
2.43794
 20
8.54151
 30
 0
 11
2.43794
 21
8.54062
  0
LINE
  8
Gravur
 62
   255
 39
0.016
  6
CONTINUOUS
 10
2.43794
 20
8.54062
 30
 0
 11
2.43794
 21
8.54062
  0
LINE
  8
Gravur
 62
   255
 39
0.016
  6
CONTINUOUS
 10
2.43794
 20
8.54062
 30
 0
 11
2.43784
 21
8.52856
  0
LINE
  8
Gravur
 62
   255
 39
0.016
  6
CONTINUOUS
 10
2.43784
 20
8.52856
 30
 0
 11
2.43778
 21
8.52615
  0
LINE
  8
Gravur
 62
   255
 39
0.016
  6
CONTINUOUS
 10
2.43778
 20
8.52615
 30
 0
 11
2.43701
 21
8.51833
  0
LINE
  8
Gravur
 62
   255
 39
0.016
  6
CONTINUOUS
 10
2.43701
 20
8.51833
 30
 0
 11
2.43688
 21
8.51787
  0
LINE
  8
Gravur
 62
   255
 39
0.016
  6
CONTINUOUS
 10
2.43688
 20
8.51787
 30
 0
 11
2.43672
 21
8.51742
  0
LINE
  8
Gravur
 62
   255
 39
0.016
  6
CONTINUOUS
 10
2.43672
 20
8.51742
 30
 0
 11
2.43655
 21
8.51698
  0
LINE
  8
Gravur
 62
   255
 39
0.016
  6
CONTINUOUS
 10
2.43655
 20
8.51698
 30
 0
 11
2.43655
 21
8.51698
  0
LINE
  8
Gravur
 62
   255
 39
0.016
  6
CONTINUOUS
 10
2.43655
 20
8.51698
 30
 0
 11
2.43523
 21
8.51442
  0
LINE
  8
Gravur
 62
   255
 39
0.016
  6
CONTINUOUS
 10
2.43523
 20
8.51442
 30
 0
 11
2.43488
 21
8.51384
  0
LINE
  8
Gravur
 62
   255
 39
0.016
  6
CONTINUOUS
 10
2.43488
 20
8.51384
 30
 0
 11
2.43447
 21
8.51310
  0
LINE
  8
Gravur
 62
   255
 39
0.016
  6
CONTINUOUS
 10
2.43447
 20
8.51310
 30
 0
 11
2.43406
 21
8.51236
  0
LINE
  8
Gravur
 62
   255
 39
0.016
  6
CONTINUOUS
 10
2.43406
 20
8.51236
 30
 0
 11
2.43406
 21
8.51236
  0
LINE
  8
Gravur
 62
   255
 39
0.016
  6
CONTINUOUS
 10
2.43406
 20
8.51236
 30
 0
 11
2.43118
 21
8.50773
  0
LINE
  8
Gravur
 62
   255
 39
0.016
  6
CONTINUOUS
 10
2.43118
 20
8.50773
 30
 0
 11
2.42776
 21
8.50358
  0
LINE
  8
Gravur
 62
   255
 39
0.016
  6
CONTINUOUS
 10
2.42776
 20
8.50358
 30
 0
 11
2.42776
 21
8.50358
  0
LINE
  8
Gravur
 62
   255
 39
0.016
  6
CONTINUOUS
 10
2.42776
 20
8.50358
 30
 0
 11
2.42464
 21
8.50098
  0
LINE
  8
Gravur
 62
   255
 39
0.016
  6
CONTINUOUS
 10
2.42464
 20
8.50098
 30
 0
 11
2.42092
 21
8.49900
  0
LINE
  8
Gravur
 62
   255
 39
0.016
  6
CONTINUOUS
 10
2.42092
 20
8.49900
 30
 0
 11
2.41626
 21
8.49756
  0
LINE
  8
Gravur
 62
   255
 39
0.016
  6
CONTINUOUS
 10
2.41626
 20
8.49756
 30
 0
 11
2.41529
 21
8.49736
  0
LINE
  8
Gravur
 62
   255
 39
0.016
  6
CONTINUOUS
 10
2.41529
 20
8.49736
 30
 0
 11
2.41529
 21
8.49736
  0
LINE
  8
Gravur
 62
   255
 39
0.016
  6
CONTINUOUS
 10
2.41529
 20
8.49736
 30
 0
 11
2.41286
 21
8.49701
  0
LINE
  8
Gravur
 62
   255
 39
0.016
  6
CONTINUOUS
 10
2.41286
 20
8.49701
 30
 0
 11
2.41042
 21
8.49689
  0
LINE
  8
Gravur
 62
   255
 39
0.016
  6
CONTINUOUS
 10
2.41042
 20
8.49689
 30
 0
 11
2.40798
 21
8.49701
  0
LINE
  8
Gravur
 62
   255
 39
0.016
  6
CONTINUOUS
 10
2.40798
 20
8.49701
 30
 0
 11
2.40559
 21
8.49739
  0
LINE
  8
Gravur
 62
   255
 39
0.016
  6
CONTINUOUS
 10
2.40559
 20
8.49739
 30
 0
 11
2.40559
 21
8.49739
  0
LINE
  8
Gravur
 62
   255
 39
0.016
  6
CONTINUOUS
 10
2.40559
 20
8.49739
 30
 0
 11
2.40230
 21
8.49842
  0
LINE
  8
Gravur
 62
   255
 39
0.016
  6
CONTINUOUS
 10
2.40230
 20
8.49842
 30
 0
 11
2.39921
 21
8.50005
  0
LINE
  8
Gravur
 62
   255
 39
0.016
  6
CONTINUOUS
 10
2.39921
 20
8.50005
 30
 0
 11
2.39596
 21
8.50286
  0
LINE
  8
Gravur
 62
   255
 39
0.016
  6
CONTINUOUS
 10
2.39596
 20
8.50286
 30
 0
 11
2.39505
 21
8.50395
  0
LINE
  8
Gravur
 62
   255
 39
0.016
  6
CONTINUOUS
 10
2.39505
 20
8.50395
 30
 0
 11
2.39505
 21
8.50395
  0
LINE
  8
Gravur
 62
   255
 39
0.016
  6
CONTINUOUS
 10
2.39505
 20
8.50395
 30
 0
 11
2.39169
 21
8.51084
  0
LINE
  8
Gravur
 62
   255
 39
0.016
  6
CONTINUOUS
 10
2.39169
 20
8.51084
 30
 0
 11
2.39077
 21
8.51867
  0
LINE
  8
Gravur
 62
   255
 39
0.016
  6
CONTINUOUS
 10
2.39077
 20
8.51867
 30
 0
 11
2.39077
 21
8.51867
  0
LINE
  8
Gravur
 62
   255
 39
0.016
  6
CONTINUOUS
 10
2.39077
 20
8.51867
 30
 0
 11
2.39203
 21
8.52616
  0
LINE
  8
Gravur
 62
   255
 39
0.016
  6
CONTINUOUS
 10
2.39203
 20
8.52616
 30
 0
 11
2.39529
 21
8.53268
  0
LINE
  8
Gravur
 62
   255
 39
0.016
  6
CONTINUOUS
 10
2.39529
 20
8.53268
 30
 0
 11
2.39676
 21
8.53448
  0
LINE
  8
Gravur
 62
   255
 39
0.016
  6
CONTINUOUS
 10
2.39676
 20
8.53448
 30
 0
 11
2.39836
 21
8.53609
  0
LINE
  8
Gravur
 62
   255
 39
0.016
  6
CONTINUOUS
 10
2.39836
 20
8.53609
 30
 0
 11
2.40009
 21
8.53750
  0
LINE
  8
Gravur
 62
   255
 39
0.016
  6
CONTINUOUS
 10
2.40009
 20
8.53750
 30
 0
 11
2.40193
 21
8.53874
  0
LINE
  8
Gravur
 62
   255
 39
0.016
  6
CONTINUOUS
 10
2.40193
 20
8.53874
 30
 0
 11
2.40193
 21
8.53874
  0
LINE
  8
Gravur
 62
   255
 39
0.016
  6
CONTINUOUS
 10
2.40193
 20
8.53874
 30
 0
 11
2.41108
 21
8.54236
  0
LINE
  8
Gravur
 62
   255
 39
0.016
  6
CONTINUOUS
 10
2.41108
 20
8.54236
 30
 0
 11
2.42124
 21
8.54377
  0
LINE
  8
Gravur
 62
   255
 39
0.016
  6
CONTINUOUS
 10
2.42124
 20
8.54377
 30
 0
 11
2.42124
 21
8.54377
  0
LINE
  8
Gravur
 62
   255
 39
0.016
  6
CONTINUOUS
 10
2.42124
 20
8.54377
 30
 0
 11
2.42975
 21
8.54397
  0
LINE
  8
Gravur
 62
   255
 39
0.016
  6
CONTINUOUS
 10
2.42975
 20
8.54397
 30
 0
 11
2.43778
 21
8.54392
  0
LINE
  8
Gravur
 62
   255
 39
0.016
  6
CONTINUOUS
 10
2.43775
 20
8.52415
 30
 0
 11
2.43763
 21
8.49852
  0
LINE
  8
Gravur
 62
   255
 39
0.016
  6
CONTINUOUS
 10
2.47086
 20
8.50231
 30
 0
 11
2.47753
 21
8.49927
  0
LINE
  8
Gravur
 62
   255
 39
0.016
  6
CONTINUOUS
 10
2.47753
 20
8.49927
 30
 0
 11
2.47897
 21
8.49878
  0
LINE
  8
Gravur
 62
   255
 39
0.016
  6
CONTINUOUS
 10
2.47897
 20
8.49878
 30
 0
 11
2.48340
 21
8.49763
  0
LINE
  8
Gravur
 62
   255
 39
0.016
  6
CONTINUOUS
 10
2.48340
 20
8.49763
 30
 0
 11
2.48491
 21
8.49734
  0
LINE
  8
Gravur
 62
   255
 39
0.016
  6
CONTINUOUS
 10
2.48491
 20
8.49734
 30
 0
 11
2.48491
 21
8.49734
  0
LINE
  8
Gravur
 62
   255
 39
0.016
  6
CONTINUOUS
 10
2.48491
 20
8.49734
 30
 0
 11
2.48772
 21
8.49695
  0
LINE
  8
Gravur
 62
   255
 39
0.016
  6
CONTINUOUS
 10
2.48772
 20
8.49695
 30
 0
 11
2.49054
 21
8.49675
  0
LINE
  8
Gravur
 62
   255
 39
0.016
  6
CONTINUOUS
 10
2.49054
 20
8.49675
 30
 0
 11
2.49334
 21
8.49676
  0
LINE
  8
Gravur
 62
   255
 39
0.016
  6
CONTINUOUS
 10
2.49334
 20
8.49676
 30
 0
 11
2.49610
 21
8.49697
  0
LINE
  8
Gravur
 62
   255
 39
0.016
  6
CONTINUOUS
 10
2.49610
 20
8.49697
 30
 0
 11
2.49879
 21
8.49740
  0
LINE
  8
Gravur
 62
   255
 39
0.016
  6
CONTINUOUS
 10
2.49879
 20
8.49740
 30
 0
 11
2.50138
 21
8.49807
  0
LINE
  8
Gravur
 62
   255
 39
0.016
  6
CONTINUOUS
 10
2.50138
 20
8.49807
 30
 0
 11
2.50684
 21
8.50062
  0
LINE
  8
Gravur
 62
   255
 39
0.016
  6
CONTINUOUS
 10
2.50684
 20
8.50062
 30
 0
 11
2.50781
 21
8.50131
  0
LINE
  8
Gravur
 62
   255
 39
0.016
  6
CONTINUOUS
 10
2.50781
 20
8.50131
 30
 0
 11
2.51188
 21
8.50549
  0
LINE
  8
Gravur
 62
   255
 39
0.016
  6
CONTINUOUS
 10
2.51188
 20
8.50549
 30
 0
 11
2.51250
 21
8.50646
  0
LINE
  8
Gravur
 62
   255
 39
0.016
  6
CONTINUOUS
 10
2.51250
 20
8.50646
 30
 0
 11
2.51250
 21
8.50646
  0
LINE
  8
Gravur
 62
   255
 39
0.016
  6
CONTINUOUS
 10
2.51250
 20
8.50646
 30
 0
 11
2.51431
 21
8.51106
  0
LINE
  8
Gravur
 62
   255
 39
0.016
  6
CONTINUOUS
 10
2.51431
 20
8.51106
 30
 0
 11
2.51458
 21
8.51273
  0
LINE
  8
Gravur
 62
   255
 39
0.016
  6
CONTINUOUS
 10
2.51458
 20
8.51273
 30
 0
 11
2.51465
 21
8.51448
  0
LINE
  8
Gravur
 62
   255
 39
0.016
  6
CONTINUOUS
 10
2.51465
 20
8.51448
 30
 0
 11
2.51453
 21
8.51628
  0
LINE
  8
Gravur
 62
   255
 39
0.016
  6
CONTINUOUS
 10
2.51453
 20
8.51628
 30
 0
 11
2.51397
 21
8.51997
  0
LINE
  8
Gravur
 62
   255
 39
0.016
  6
CONTINUOUS
 10
2.51397
 20
8.51997
 30
 0
 11
2.51390
 21
8.52030
  0
LINE
  8
Gravur
 62
   255
 39
0.016
  6
CONTINUOUS
 10
2.51390
 20
8.52030
 30
 0
 11
2.51390
 21
8.52030
  0
LINE
  8
Gravur
 62
   255
 39
0.016
  6
CONTINUOUS
 10
2.51390
 20
8.52030
 30
 0
 11
2.51310
 21
8.52303
  0
LINE
  8
Gravur
 62
   255
 39
0.016
  6
CONTINUOUS
 10
2.51310
 20
8.52303
 30
 0
 11
2.51289
 21
8.52357
  0
LINE
  8
Gravur
 62
   255
 39
0.016
  6
CONTINUOUS
 10
2.51289
 20
8.52357
 30
 0
 11
2.51178
 21
8.52576
  0
LINE
  8
Gravur
 62
   255
 39
0.016
  6
CONTINUOUS
 10
2.51178
 20
8.52576
 30
 0
 11
2.51046
 21
8.52769
  0
LINE
  8
Gravur
 62
   255
 39
0.016
  6
CONTINUOUS
 10
2.51046
 20
8.52769
 30
 0
 11
2.50896
 21
8.52939
  0
LINE
  8
Gravur
 62
   255
 39
0.016
  6
CONTINUOUS
 10
2.50896
 20
8.52939
 30
 0
 11
2.50729
 21
8.53087
  0
LINE
  8
Gravur
 62
   255
 39
0.016
  6
CONTINUOUS
 10
2.50729
 20
8.53087
 30
 0
 11
2.50729
 21
8.53087
  0
LINE
  8
Gravur
 62
   255
 39
0.016
  6
CONTINUOUS
 10
2.50729
 20
8.53087
 30
 0
 11
2.50021
 21
8.53485
  0
LINE
  8
Gravur
 62
   255
 39
0.016
  6
CONTINUOUS
 10
2.50021
 20
8.53485
 30
 0
 11
2.49218
 21
8.53767
  0
LINE
  8
Gravur
 62
   255
 39
0.016
  6
CONTINUOUS
 10
2.49218
 20
8.53767
 30
 0
 11
2.49218
 21
8.53767
  0
LINE
  8
Gravur
 62
   255
 39
0.016
  6
CONTINUOUS
 10
2.49218
 20
8.53767
 30
 0
 11
2.48459
 21
8.54036
  0
LINE
  8
Gravur
 62
   255
 39
0.016
  6
CONTINUOUS
 10
2.48459
 20
8.54036
 30
 0
 11
2.47783
 21
8.54414
  0
LINE
  8
Gravur
 62
   255
 39
0.016
  6
CONTINUOUS
 10
2.47783
 20
8.54414
 30
 0
 11
2.47783
 21
8.54414
  0
LINE
  8
Gravur
 62
   255
 39
0.016
  6
CONTINUOUS
 10
2.47783
 20
8.54414
 30
 0
 11
2.47600
 21
8.54573
  0
LINE
  8
Gravur
 62
   255
 39
0.016
  6
CONTINUOUS
 10
2.47600
 20
8.54573
 30
 0
 11
2.47436
 21
8.54756
  0
LINE
  8
Gravur
 62
   255
 39
0.016
  6
CONTINUOUS
 10
2.47436
 20
8.54756
 30
 0
 11
2.47193
 21
8.55181
  0
LINE
  8
Gravur
 62
   255
 39
0.016
  6
CONTINUOUS
 10
2.47193
 20
8.55181
 30
 0
 11
2.47158
 21
8.55274
  0
LINE
  8
Gravur
 62
   255
 39
0.016
  6
CONTINUOUS
 10
2.47158
 20
8.55274
 30
 0
 11
2.47081
 21
8.55567
  0
LINE
  8
Gravur
 62
   255
 39
0.016
  6
CONTINUOUS
 10
2.47081
 20
8.55567
 30
 0
 11
2.47065
 21
8.55667
  0
LINE
  8
Gravur
 62
   255
 39
0.016
  6
CONTINUOUS
 10
2.47065
 20
8.55667
 30
 0
 11
2.47065
 21
8.55667
  0
LINE
  8
Gravur
 62
   255
 39
0.016
  6
CONTINUOUS
 10
2.47065
 20
8.55667
 30
 0
 11
2.47066
 21
8.56187
  0
LINE
  8
Gravur
 62
   255
 39
0.016
  6
CONTINUOUS
 10
2.47066
 20
8.56187
 30
 0
 11
2.47099
 21
8.56355
  0
LINE
  8
Gravur
 62
   255
 39
0.016
  6
CONTINUOUS
 10
2.47099
 20
8.56355
 30
 0
 11
2.47149
 21
8.56519
  0
LINE
  8
Gravur
 62
   255
 39
0.016
  6
CONTINUOUS
 10
2.47149
 20
8.56519
 30
 0
 11
2.47216
 21
8.56675
  0
LINE
  8
Gravur
 62
   255
 39
0.016
  6
CONTINUOUS
 10
2.47216
 20
8.56675
 30
 0
 11
2.47216
 21
8.56675
  0
LINE
  8
Gravur
 62
   255
 39
0.016
  6
CONTINUOUS
 10
2.47216
 20
8.56675
 30
 0
 11
2.47265
 21
8.56765
  0
LINE
  8
Gravur
 62
   255
 39
0.016
  6
CONTINUOUS
 10
2.47265
 20
8.56765
 30
 0
 11
2.47321
 21
8.56851
  0
LINE
  8
Gravur
 62
   255
 39
0.016
  6
CONTINUOUS
 10
2.47321
 20
8.56851
 30
 0
 11
2.47371
 21
8.56917
  0
LINE
  8
Gravur
 62
   255
 39
0.016
  6
CONTINUOUS
 10
2.47371
 20
8.56917
 30
 0
 11
2.47388
 21
8.56938
  0
LINE
  8
Gravur
 62
   255
 39
0.016
  6
CONTINUOUS
 10
2.47388
 20
8.56938
 30
 0
 11
2.47388
 21
8.56938
  0
LINE
  8
Gravur
 62
   255
 39
0.016
  6
CONTINUOUS
 10
2.47388
 20
8.56938
 30
 0
 11
2.47570
 21
8.57119
  0
LINE
  8
Gravur
 62
   255
 39
0.016
  6
CONTINUOUS
 10
2.47570
 20
8.57119
 30
 0
 11
2.47782
 21
8.57267
  0
LINE
  8
Gravur
 62
   255
 39
0.016
  6
CONTINUOUS
 10
2.47782
 20
8.57267
 30
 0
 11
2.47782
 21
8.57267
  0
LINE
  8
Gravur
 62
   255
 39
0.016
  6
CONTINUOUS
 10
2.47782
 20
8.57267
 30
 0
 11
2.47970
 21
8.57365
  0
LINE
  8
Gravur
 62
   255
 39
0.016
  6
CONTINUOUS
 10
2.47970
 20
8.57365
 30
 0
 11
2.48164
 21
8.57442
  0
LINE
  8
Gravur
 62
   255
 39
0.016
  6
CONTINUOUS
 10
2.48164
 20
8.57442
 30
 0
 11
2.48414
 21
8.57514
  0
LINE
  8
Gravur
 62
   255
 39
0.016
  6
CONTINUOUS
 10
2.48414
 20
8.57514
 30
 0
 11
2.48498
 21
8.57532
  0
LINE
  8
Gravur
 62
   255
 39
0.016
  6
CONTINUOUS
 10
2.48498
 20
8.57532
 30
 0
 11
2.48498
 21
8.57532
  0
LINE
  8
Gravur
 62
   255
 39
0.016
  6
CONTINUOUS
 10
2.48498
 20
8.57532
 30
 0
 11
2.49238
 21
8.57595
  0
LINE
  8
Gravur
 62
   255
 39
0.016
  6
CONTINUOUS
 10
2.49238
 20
8.57595
 30
 0
 11
2.49986
 21
8.57510
  0
LINE
  8
Gravur
 62
   255
 39
0.016
  6
CONTINUOUS
 10
2.49986
 20
8.57510
 30
 0
 11
2.49986
 21
8.57510
  0
LINE
  8
Gravur
 62
   255
 39
0.016
  6
CONTINUOUS
 10
2.49986
 20
8.57510
 30
 0
 11
2.50603
 21
8.57353
  0
LINE
  8
Gravur
 62
   255
 39
0.016
  6
CONTINUOUS
 10
2.50603
 20
8.57353
 30
 0
 11
2.51186
 21
8.57140
  0
LINE
  8
Gravur
 62
   255
 39
0.016
  6
CONTINUOUS
 10
2.54343
 20
8.53799
 30
 0
 11
2.54398
 21
8.54968
  0
LINE
  8
Gravur
 62
   255
 39
0.016
  6
CONTINUOUS
 10
2.54398
 20
8.54968
 30
 0
 11
2.54415
 21
8.55100
  0
LINE
  8
Gravur
 62
   255
 39
0.016
  6
CONTINUOUS
 10
2.54415
 20
8.55100
 30
 0
 11
2.54415
 21
8.55100
  0
LINE
  8
Gravur
 62
   255
 39
0.016
  6
CONTINUOUS
 10
2.54415
 20
8.55100
 30
 0
 11
2.54601
 21
8.55940
  0
LINE
  8
Gravur
 62
   255
 39
0.016
  6
CONTINUOUS
 10
2.54601
 20
8.55940
 30
 0
 11
2.54699
 21
8.56204
  0
LINE
  8
Gravur
 62
   255
 39
0.016
  6
CONTINUOUS
 10
2.54699
 20
8.56204
 30
 0
 11
2.54820
 21
8.56455
  0
LINE
  8
Gravur
 62
   255
 39
0.016
  6
CONTINUOUS
 10
2.54820
 20
8.56455
 30
 0
 11
2.54964
 21
8.56690
  0
LINE
  8
Gravur
 62
   255
 39
0.016
  6
CONTINUOUS
 10
2.54964
 20
8.56690
 30
 0
 11
2.54964
 21
8.56690
  0
LINE
  8
Gravur
 62
   255
 39
0.016
  6
CONTINUOUS
 10
2.54964
 20
8.56690
 30
 0
 11
2.54978
 21
8.56710
  0
LINE
  8
Gravur
 62
   255
 39
0.016
  6
CONTINUOUS
 10
2.54978
 20
8.56710
 30
 0
 11
2.54992
 21
8.56730
  0
LINE
  8
Gravur
 62
   255
 39
0.016
  6
CONTINUOUS
 10
2.54992
 20
8.56730
 30
 0
 11
2.55200
 21
8.56970
  0
LINE
  8
Gravur
 62
   255
 39
0.016
  6
CONTINUOUS
 10
2.55200
 20
8.56970
 30
 0
 11
2.55277
 21
8.57042
  0
LINE
  8
Gravur
 62
   255
 39
0.016
  6
CONTINUOUS
 10
2.55277
 20
8.57042
 30
 0
 11
2.55277
 21
8.57042
  0
LINE
  8
Gravur
 62
   255
 39
0.016
  6
CONTINUOUS
 10
2.55277
 20
8.57042
 30
 0
 11
2.55903
 21
8.57420
  0
LINE
  8
Gravur
 62
   255
 39
0.016
  6
CONTINUOUS
 10
2.55903
 20
8.57420
 30
 0
 11
2.56626
 21
8.57587
  0
LINE
  8
Gravur
 62
   255
 39
0.016
  6
CONTINUOUS
 10
2.56626
 20
8.57587
 30
 0
 11
2.56626
 21
8.57587
  0
LINE
  8
Gravur
 62
   255
 39
0.016
  6
CONTINUOUS
 10
2.56626
 20
8.57587
 30
 0
 11
2.57377
 21
8.57536
  0
LINE
  8
Gravur
 62
   255
 39
0.016
  6
CONTINUOUS
 10
2.57377
 20
8.57536
 30
 0
 11
2.58062
 21
8.57256
  0
LINE
  8
Gravur
 62
   255
 39
0.016
  6
CONTINUOUS
 10
2.58062
 20
8.57256
 30
 0
 11
2.58062
 21
8.57256
  0
LINE
  8
Gravur
 62
   255
 39
0.016
  6
CONTINUOUS
 10
2.58062
 20
8.57256
 30
 0
 11
2.58325
 21
8.57055
  0
LINE
  8
Gravur
 62
   255
 39
0.016
  6
CONTINUOUS
 10
2.58325
 20
8.57055
 30
 0
 11
2.58550
 21
8.56806
  0
LINE
  8
Gravur
 62
   255
 39
0.016
  6
CONTINUOUS
 10
2.58550
 20
8.56806
 30
 0
 11
2.58592
 21
8.56749
  0
LINE
  8
Gravur
 62
   255
 39
0.016
  6
CONTINUOUS
 10
2.58592
 20
8.56749
 30
 0
 11
2.58631
 21
8.56690
  0
LINE
  8
Gravur
 62
   255
 39
0.016
  6
CONTINUOUS
 10
2.58631
 20
8.56690
 30
 0
 11
2.58631
 21
8.56690
  0
LINE
  8
Gravur
 62
   255
 39
0.016
  6
CONTINUOUS
 10
2.58631
 20
8.56690
 30
 0
 11
2.58950
 21
8.56002
  0
LINE
  8
Gravur
 62
   255
 39
0.016
  6
CONTINUOUS
 10
2.58950
 20
8.56002
 30
 0
 11
2.59117
 21
8.55240
  0
LINE
  8
Gravur
 62
   255
 39
0.016
  6
CONTINUOUS
 10
2.59117
 20
8.55240
 30
 0
 11
2.59117
 21
8.55240
  0
LINE
  8
Gravur
 62
   255
 39
0.016
  6
CONTINUOUS
 10
2.59117
 20
8.55240
 30
 0
 11
2.59176
 21
8.54631
  0
LINE
  8
Gravur
 62
   255
 39
0.016
  6
CONTINUOUS
 10
2.59176
 20
8.54631
 30
 0
 11
2.59201
 21
8.54042
  0
LINE
  8
Gravur
 62
   255
 39
0.016
  6
CONTINUOUS
 10
2.59201
 20
8.54042
 30
 0
 11
2.59207
 21
8.53947
  0
LINE
  8
Gravur
 62
   255
 39
0.016
  6
CONTINUOUS
 10
2.59207
 20
8.53947
 30
 0
 11
2.59207
 21
8.53935
  0
LINE
  8
Gravur
 62
   255
 39
0.016
  6
CONTINUOUS
 10
2.59207
 20
8.53935
 30
 0
 11
2.59207
 21
8.53935
  0
LINE
  8
Gravur
 62
   255
 39
0.016
  6
CONTINUOUS
 10
2.59207
 20
8.53935
 30
 0
 11
2.59187
 21
8.53825
  0
LINE
  8
Gravur
 62
   255
 39
0.016
  6
CONTINUOUS
 10
2.59187
 20
8.53825
 30
 0
 11
2.59176
 21
8.53810
  0
LINE
  8
Gravur
 62
   255
 39
0.016
  6
CONTINUOUS
 10
2.59176
 20
8.53810
 30
 0
 11
2.59042
 21
8.53777
  0
LINE
  8
Gravur
 62
   255
 39
0.016
  6
CONTINUOUS
 10
2.59042
 20
8.53777
 30
 0
 11
2.59027
 21
8.53777
  0
LINE
  8
Gravur
 62
   255
 39
0.016
  6
CONTINUOUS
 10
2.59027
 20
8.53777
 30
 0
 11
2.59027
 21
8.53777
  0
LINE
  8
Gravur
 62
   255
 39
0.016
  6
CONTINUOUS
 10
2.59027
 20
8.53777
 30
 0
 11
2.58915
 21
8.53784
  0
LINE
  8
Gravur
 62
   255
 39
0.016
  6
CONTINUOUS
 10
2.58915
 20
8.53784
 30
 0
 11
2.58898
 21
8.53784
  0
LINE
  8
Gravur
 62
   255
 39
0.016
  6
CONTINUOUS
 10
2.58898
 20
8.53784
 30
 0
 11
2.58124
 21
8.53784
  0
LINE
  8
Gravur
 62
   255
 39
0.016
  6
CONTINUOUS
 10
2.58124
 20
8.53784
 30
 0
 11
2.55300
 21
8.53784
  0
LINE
  8
Gravur
 62
   255
 39
0.016
  6
CONTINUOUS
 10
2.55300
 20
8.53784
 30
 0
 11
2.54601
 21
8.53784
  0
LINE
  8
Gravur
 62
   255
 39
0.016
  6
CONTINUOUS
 10
2.54601
 20
8.53784
 30
 0
 11
2.54502
 21
8.53790
  0
LINE
  8
Gravur
 62
   255
 39
0.016
  6
CONTINUOUS
 10
2.54502
 20
8.53790
 30
 0
 11
2.54489
 21
8.53790
  0
LINE
  8
Gravur
 62
   255
 39
0.016
  6
CONTINUOUS
 10
2.54489
 20
8.53790
 30
 0
 11
2.54489
 21
8.53790
  0
LINE
  8
Gravur
 62
   255
 39
0.016
  6
CONTINUOUS
 10
2.54489
 20
8.53790
 30
 0
 11
2.54374
 21
8.53771
  0
LINE
  8
Gravur
 62
   255
 39
0.016
  6
CONTINUOUS
 10
2.54374
 20
8.53771
 30
 0
 11
2.54360
 21
8.53758
  0
LINE
  8
Gravur
 62
   255
 39
0.016
  6
CONTINUOUS
 10
2.54360
 20
8.53758
 30
 0
 11
2.54328
 21
8.53563
  0
LINE
  8
Gravur
 62
   255
 39
0.016
  6
CONTINUOUS
 10
2.54328
 20
8.53563
 30
 0
 11
2.54329
 21
8.53541
  0
LINE
  8
Gravur
 62
   255
 39
0.016
  6
CONTINUOUS
 10
2.54329
 20
8.53541
 30
 0
 11
2.54329
 21
8.53541
  0
LINE
  8
Gravur
 62
   255
 39
0.016
  6
CONTINUOUS
 10
2.54329
 20
8.53541
 30
 0
 11
2.54342
 21
8.53369
  0
LINE
  8
Gravur
 62
   255
 39
0.016
  6
CONTINUOUS
 10
2.54342
 20
8.53369
 30
 0
 11
2.54343
 21
8.53344
  0
LINE
  8
Gravur
 62
   255
 39
0.016
  6
CONTINUOUS
 10
2.54343
 20
8.53344
 30
 0
 11
2.54366
 21
8.52886
  0
LINE
  8
Gravur
 62
   255
 39
0.016
  6
CONTINUOUS
 10
2.54366
 20
8.52886
 30
 0
 11
2.54370
 21
8.52835
  0
LINE
  8
Gravur
 62
   255
 39
0.016
  6
CONTINUOUS
 10
2.54370
 20
8.52835
 30
 0
 11
2.54370
 21
8.52835
  0
LINE
  8
Gravur
 62
   255
 39
0.016
  6
CONTINUOUS
 10
2.54370
 20
8.52835
 30
 0
 11
2.54449
 21
8.52234
  0
LINE
  8
Gravur
 62
   255
 39
0.016
  6
CONTINUOUS
 10
2.54449
 20
8.52234
 30
 0
 11
2.54468
 21
8.52114
  0
LINE
  8
Gravur
 62
   255
 39
0.016
  6
CONTINUOUS
 10
2.54468
 20
8.52114
 30
 0
 11
2.54628
 21
8.51453
  0
LINE
  8
Gravur
 62
   255
 39
0.016
  6
CONTINUOUS
 10
2.54628
 20
8.51453
 30
 0
 11
2.54660
 21
8.51360
  0
LINE
  8
Gravur
 62
   255
 39
0.016
  6
CONTINUOUS
 10
2.54660
 20
8.51360
 30
 0
 11
2.54660
 21
8.51360
  0
LINE
  8
Gravur
 62
   255
 39
0.016
  6
CONTINUOUS
 10
2.54660
 20
8.51360
 30
 0
 11
2.54752
 21
8.51130
  0
LINE
  8
Gravur
 62
   255
 39
0.016
  6
CONTINUOUS
 10
2.54752
 20
8.51130
 30
 0
 11
2.54861
 21
8.50909
  0
LINE
  8
Gravur
 62
   255
 39
0.016
  6
CONTINUOUS
 10
2.54861
 20
8.50909
 30
 0
 11
2.54987
 21
8.50698
  0
LINE
  8
Gravur
 62
   255
 39
0.016
  6
CONTINUOUS
 10
2.54987
 20
8.50698
 30
 0
 11
2.55134
 21
8.50502
  0
LINE
  8
Gravur
 62
   255
 39
0.016
  6
CONTINUOUS
 10
2.55134
 20
8.50502
 30
 0
 11
2.55134
 21
8.50502
  0
LINE
  8
Gravur
 62
   255
 39
0.016
  6
CONTINUOUS
 10
2.55134
 20
8.50502
 30
 0
 11
2.55214
 21
8.50410
  0
LINE
  8
Gravur
 62
   255
 39
0.016
  6
CONTINUOUS
 10
2.55214
 20
8.50410
 30
 0
 11
2.55300
 21
8.50323
  0
LINE
  8
Gravur
 62
   255
 39
0.016
  6
CONTINUOUS
 10
2.55300
 20
8.50323
 30
 0
 11
2.55433
 21
8.50206
  0
LINE
  8
Gravur
 62
   255
 39
0.016
  6
CONTINUOUS
 10
2.55433
 20
8.50206
 30
 0
 11
2.55575
 21
8.50102
  0
LINE
  8
Gravur
 62
   255
 39
0.016
  6
CONTINUOUS
 10
2.55575
 20
8.50102
 30
 0
 11
2.55575
 21
8.50102
  0
LINE
  8
Gravur
 62
   255
 39
0.016
  6
CONTINUOUS
 10
2.55575
 20
8.50102
 30
 0
 11
2.55988
 21
8.49884
  0
LINE
  8
Gravur
 62
   255
 39
0.016
  6
CONTINUOUS
 10
2.55988
 20
8.49884
 30
 0
 11
2.56442
 21
8.49745
  0
LINE
  8
Gravur
 62
   255
 39
0.016
  6
CONTINUOUS
 10
2.56442
 20
8.49745
 30
 0
 11
2.56923
 21
8.49680
  0
LINE
  8
Gravur
 62
   255
 39
0.016
  6
CONTINUOUS
 10
2.56923
 20
8.49680
 30
 0
 11
2.57414
 21
8.49682
  0
LINE
  8
Gravur
 62
   255
 39
0.016
  6
CONTINUOUS
 10
2.57414
 20
8.49682
 30
 0
 11
2.57414
 21
8.49682
  0
LINE
  8
Gravur
 62
   255
 39
0.016
  6
CONTINUOUS
 10
2.57414
 20
8.49682
 30
 0
 11
2.58212
 21
8.49817
  0
LINE
  8
Gravur
 62
   255
 39
0.016
  6
CONTINUOUS
 10
2.58212
 20
8.49817
 30
 0
 11
2.58928
 21
8.50095
  0
LINE
  8
Gravur
 62
   255
 39
0.016
  6
CONTINUOUS
 10
2.62693
 20
8.49852
 30
 0
 11
2.62693
 21
8.53420
  0
LINE
  8
Gravur
 62
   255
 39
0.016
  6
CONTINUOUS
 10
2.62693
 20
8.53420
 30
 0
 11
2.62707
 21
8.54559
  0
LINE
  8
Gravur
 62
   255
 39
0.016
  6
CONTINUOUS
 10
2.62707
 20
8.54559
 30
 0
 11
2.62760
 21
8.54865
  0
LINE
  8
Gravur
 62
   255
 39
0.016
  6
CONTINUOUS
 10
2.62760
 20
8.54865
 30
 0
 11
2.62771
 21
8.54905
  0
LINE
  8
Gravur
 62
   255
 39
0.016
  6
CONTINUOUS
 10
2.62771
 20
8.54905
 30
 0
 11
2.62771
 21
8.54905
  0
LINE
  8
Gravur
 62
   255
 39
0.016
  6
CONTINUOUS
 10
2.62771
 20
8.54905
 30
 0
 11
2.62962
 21
8.55417
  0
LINE
  8
Gravur
 62
   255
 39
0.016
  6
CONTINUOUS
 10
2.62962
 20
8.55417
 30
 0
 11
2.63022
 21
8.55546
  0
LINE
  8
Gravur
 62
   255
 39
0.016
  6
CONTINUOUS
 10
2.63022
 20
8.55546
 30
 0
 11
2.63051
 21
8.55610
  0
LINE
  8
Gravur
 62
   255
 39
0.016
  6
CONTINUOUS
 10
2.63051
 20
8.55610
 30
 0
 11
2.63082
 21
8.55673
  0
LINE
  8
Gravur
 62
   255
 39
0.016
  6
CONTINUOUS
 10
2.63082
 20
8.55673
 30
 0
 11
2.63082
 21
8.55673
  0
LINE
  8
Gravur
 62
   255
 39
0.016
  6
CONTINUOUS
 10
2.63082
 20
8.55673
 30
 0
 11
2.63610
 21
8.56484
  0
LINE
  8
Gravur
 62
   255
 39
0.016
  6
CONTINUOUS
 10
2.63610
 20
8.56484
 30
 0
 11
2.64322
 21
8.57120
  0
LINE
  8
Gravur
 62
   255
 39
0.016
  6
CONTINUOUS
 10
2.64322
 20
8.57120
 30
 0
 11
2.64322
 21
8.57120
  0
LINE
  8
Gravur
 62
   255
 39
0.016
  6
CONTINUOUS
 10
2.64322
 20
8.57120
 30
 0
 11
2.64879
 21
8.57405
  0
LINE
  8
Gravur
 62
   255
 39
0.016
  6
CONTINUOUS
 10
2.64879
 20
8.57405
 30
 0
 11
2.65502
 21
8.57560
  0
LINE
  8
Gravur
 62
   255
 39
0.016
  6
CONTINUOUS
 10
2.65502
 20
8.57560
 30
 0
 11
2.66052
 21
8.57571
  0
LINE
  8
Gravur
 62
   255
 39
0.016
  6
CONTINUOUS
 10
2.66052
 20
8.57571
 30
 0
 11
2.66112
 21
8.57566
  0
LINE
  8
Gravur
 62
   255
 39
0.016
  6
CONTINUOUS
 10
2.66112
 20
8.57566
 30
 0
 11
2.66112
 21
8.57566
  0
LINE
  8
Gravur
 62
   255
 39
0.016
  6
CONTINUOUS
 10
2.66112
 20
8.57566
 30
 0
 11
2.66691
 21
8.57491
  0
LINE
  8
Gravur
 62
   255
 39
0.016
  6
CONTINUOUS
 10
2.66691
 20
8.57491
 30
 0
 11
2.66808
 21
8.57474
  0
LINE
  8
Gravur
 62
   255
 39
0.016
  6
CONTINUOUS
 10
2.62693
 20
8.57428
 30
 0
 11
2.62705
 21
8.54413
  0
LINE
  8
Gravur
 62
   255
 39
0.024
  6
CONTINUOUS
 10
3.33841
 20
2.97410
 30
 0
 11
3.43938
 21
2.80558
  0
LINE
  8
Gravur
 62
   255
 39
0.024
  6
CONTINUOUS
 10
2.88693
 20
2.97424
 30
 0
 11
2.78708
 21
2.80734
  0
CIRCLE
  8
Gravur
 62
   255
 39
0.016
  6
CONTINUOUS
 10
3.11768
 20
3.37118
 30
 0
 40
0.64961
  0
LINE
  8
Gravur
 62
   255
 39
0.016
  6
CONTINUOUS
 10
0.79797
 20
6.76332
 30
 0
 11
0.79664
 21
6.76944
  0
LINE
  8
Gravur
 62
   255
 39
0.016
  6
CONTINUOUS
 10
0.79664
 20
6.76944
 30
 0
 11
0.79657
 21
6.76981
  0
LINE
  8
Gravur
 62
   255
 39
0.016
  6
CONTINUOUS
 10
0.79657
 20
6.76981
 30
 0
 11
0.79632
 21
6.77137
  0
LINE
  8
Gravur
 62
   255
 39
0.016
  6
CONTINUOUS
 10
0.79632
 20
6.77137
 30
 0
 11
0.79628
 21
6.77162
  0
LINE
  8
Gravur
 62
   255
 39
0.016
  6
CONTINUOUS
 10
0.79628
 20
6.77162
 30
 0
 11
0.79555
 21
6.77874
  0
LINE
  8
Gravur
 62
   255
 39
0.016
  6
CONTINUOUS
 10
0.79555
 20
6.77874
 30
 0
 11
0.79551
 21
6.77938
  0
LINE
  8
Gravur
 62
   255
 39
0.016
  6
CONTINUOUS
 10
0.79551
 20
6.77938
 30
 0
 11
0.79551
 21
6.77938
  0
LINE
  8
Gravur
 62
   255
 39
0.016
  6
CONTINUOUS
 10
0.79551
 20
6.77938
 30
 0
 11
0.79510
 21
6.78494
  0
LINE
  8
Gravur
 62
   255
 39
0.016
  6
CONTINUOUS
 10
0.79510
 20
6.78494
 30
 0
 11
0.79500
 21
6.78605
  0
LINE
  8
Gravur
 62
   255
 39
0.016
  6
CONTINUOUS
 10
0.79500
 20
6.78605
 30
 0
 11
0.79464
 21
6.79622
  0
LINE
  8
Gravur
 62
   255
 39
0.016
  6
CONTINUOUS
 10
0.79464
 20
6.79622
 30
 0
 11
0.79465
 21
6.79714
  0
LINE
  8
Gravur
 62
   255
 39
0.016
  6
CONTINUOUS
 10
0.79465
 20
6.79714
 30
 0
 11
0.79465
 21
6.79714
  0
LINE
  8
Gravur
 62
   255
 39
0.016
  6
CONTINUOUS
 10
0.79465
 20
6.79714
 30
 0
 11
0.79494
 21
6.80549
  0
LINE
  8
Gravur
 62
   255
 39
0.016
  6
CONTINUOUS
 10
0.79494
 20
6.80549
 30
 0
 11
0.79502
 21
6.80714
  0
LINE
  8
Gravur
 62
   255
 39
0.016
  6
CONTINUOUS
 10
0.79502
 20
6.80714
 30
 0
 11
0.79587
 21
6.81865
  0
LINE
  8
Gravur
 62
   255
 39
0.016
  6
CONTINUOUS
 10
0.79587
 20
6.81865
 30
 0
 11
0.79603
 21
6.81994
  0
LINE
  8
Gravur
 62
   255
 39
0.016
  6
CONTINUOUS
 10
0.79603
 20
6.81994
 30
 0
 11
0.79603
 21
6.81994
  0
LINE
  8
Gravur
 62
   255
 39
0.016
  6
CONTINUOUS
 10
0.79603
 20
6.81994
 30
 0
 11
0.79745
 21
6.82781
  0
LINE
  8
Gravur
 62
   255
 39
0.016
  6
CONTINUOUS
 10
0.79745
 20
6.82781
 30
 0
 11
0.79813
 21
6.83037
  0
LINE
  8
Gravur
 62
   255
 39
0.016
  6
CONTINUOUS
 10
0.79813
 20
6.83037
 30
 0
 11
0.79893
 21
6.83289
  0
LINE
  8
Gravur
 62
   255
 39
0.016
  6
CONTINUOUS
 10
0.79893
 20
6.83289
 30
 0
 11
0.79987
 21
6.83536
  0
LINE
  8
Gravur
 62
   255
 39
0.016
  6
CONTINUOUS
 10
0.79987
 20
6.83536
 30
 0
 11
0.79987
 21
6.83536
  0
LINE
  8
Gravur
 62
   255
 39
0.016
  6
CONTINUOUS
 10
0.79987
 20
6.83536
 30
 0
 11
0.80039
 21
6.83654
  0
LINE
  8
Gravur
 62
   255
 39
0.016
  6
CONTINUOUS
 10
0.80039
 20
6.83654
 30
 0
 11
0.80094
 21
6.83771
  0
LINE
  8
Gravur
 62
   255
 39
0.016
  6
CONTINUOUS
 10
0.80094
 20
6.83771
 30
 0
 11
0.80338
 21
6.84158
  0
LINE
  8
Gravur
 62
   255
 39
0.016
  6
CONTINUOUS
 10
0.80338
 20
6.84158
 30
 0
 11
0.80371
 21
6.84198
  0
LINE
  8
Gravur
 62
   255
 39
0.016
  6
CONTINUOUS
 10
0.80371
 20
6.84198
 30
 0
 11
0.80371
 21
6.84198
  0
LINE
  8
Gravur
 62
   255
 39
0.016
  6
CONTINUOUS
 10
0.80371
 20
6.84198
 30
 0
 11
0.80714
 21
6.84520
  0
LINE
  8
Gravur
 62
   255
 39
0.016
  6
CONTINUOUS
 10
0.80714
 20
6.84520
 30
 0
 11
0.80791
 21
6.84570
  0
LINE
  8
Gravur
 62
   255
 39
0.016
  6
CONTINUOUS
 10
0.80791
 20
6.84570
 30
 0
 11
0.80860
 21
6.84610
  0
LINE
  8
Gravur
 62
   255
 39
0.016
  6
CONTINUOUS
 10
0.80860
 20
6.84610
 30
 0
 11
0.80930
 21
6.84646
  0
LINE
  8
Gravur
 62
   255
 39
0.016
  6
CONTINUOUS
 10
0.80930
 20
6.84646
 30
 0
 11
0.80930
 21
6.84646
  0
LINE
  8
Gravur
 62
   255
 39
0.016
  6
CONTINUOUS
 10
0.80930
 20
6.84646
 30
 0
 11
0.81402
 21
6.84789
  0
LINE
  8
Gravur
 62
   255
 39
0.016
  6
CONTINUOUS
 10
0.81402
 20
6.84789
 30
 0
 11
0.81900
 21
6.84800
  0
LINE
  8
Gravur
 62
   255
 39
0.016
  6
CONTINUOUS
 10
0.81900
 20
6.84800
 30
 0
 11
0.81900
 21
6.84800
  0
LINE
  8
Gravur
 62
   255
 39
0.016
  6
CONTINUOUS
 10
0.81900
 20
6.84800
 30
 0
 11
0.82417
 21
6.84675
  0
LINE
  8
Gravur
 62
   255
 39
0.016
  6
CONTINUOUS
 10
0.82417
 20
6.84675
 30
 0
 11
0.82871
 21
6.84417
  0
LINE
  8
Gravur
 62
   255
 39
0.016
  6
CONTINUOUS
 10
0.82871
 20
6.84417
 30
 0
 11
0.83278
 21
6.83959
  0
LINE
  8
Gravur
 62
   255
 39
0.016
  6
CONTINUOUS
 10
0.83278
 20
6.83959
 30
 0
 11
0.83309
 21
6.83911
  0
LINE
  8
Gravur
 62
   255
 39
0.016
  6
CONTINUOUS
 10
0.83309
 20
6.83911
 30
 0
 11
0.83309
 21
6.83911
  0
LINE
  8
Gravur
 62
   255
 39
0.016
  6
CONTINUOUS
 10
0.83309
 20
6.83911
 30
 0
 11
0.83550
 21
6.83436
  0
LINE
  8
Gravur
 62
   255
 39
0.016
  6
CONTINUOUS
 10
0.83550
 20
6.83436
 30
 0
 11
0.83585
 21
6.83343
  0
LINE
  8
Gravur
 62
   255
 39
0.016
  6
CONTINUOUS
 10
0.83585
 20
6.83343
 30
 0
 11
0.83620
 21
6.83208
  0
LINE
  8
Gravur
 62
   255
 39
0.016
  6
CONTINUOUS
 10
0.83620
 20
6.83208
 30
 0
 11
0.83514
 21
6.82876
  0
LINE
  8
Gravur
 62
   255
 39
0.016
  6
CONTINUOUS
 10
0.83514
 20
6.82876
 30
 0
 11
0.83501
 21
6.82850
  0
LINE
  8
Gravur
 62
   255
 39
0.016
  6
CONTINUOUS
 10
0.83501
 20
6.82850
 30
 0
 11
0.83501
 21
6.82850
  0
LINE
  8
Gravur
 62
   255
 39
0.016
  6
CONTINUOUS
 10
0.83501
 20
6.82850
 30
 0
 11
0.83390
 21
6.82652
  0
LINE
  8
Gravur
 62
   255
 39
0.016
  6
CONTINUOUS
 10
0.83390
 20
6.82652
 30
 0
 11
0.83366
 21
6.82610
  0
LINE
  8
Gravur
 62
   255
 39
0.016
  6
CONTINUOUS
 10
0.83366
 20
6.82610
 30
 0
 11
0.82727
 21
6.81507
  0
LINE
  8
Gravur
 62
   255
 39
0.016
  6
CONTINUOUS
 10
0.82727
 20
6.81507
 30
 0
 11
0.80499
 21
6.77657
  0
LINE
  8
Gravur
 62
   255
 39
0.016
  6
CONTINUOUS
 10
0.80499
 20
6.77657
 30
 0
 11
0.80001
 21
6.76794
  0
LINE
  8
Gravur
 62
   255
 39
0.016
  6
CONTINUOUS
 10
0.80001
 20
6.76794
 30
 0
 11
0.79799
 21
6.76339
  0
LINE
  8
Gravur
 62
   255
 39
0.016
  6
CONTINUOUS
 10
0.79799
 20
6.76339
 30
 0
 11
0.79848
 21
6.76132
  0
LINE
  8
Gravur
 62
   255
 39
0.016
  6
CONTINUOUS
 10
0.79848
 20
6.76132
 30
 0
 11
0.79852
 21
6.76118
  0
LINE
  8
Gravur
 62
   255
 39
0.016
  6
CONTINUOUS
 10
0.79852
 20
6.76118
 30
 0
 11
0.79852
 21
6.76118
  0
LINE
  8
Gravur
 62
   255
 39
0.016
  6
CONTINUOUS
 10
0.79852
 20
6.76118
 30
 0
 11
0.79902
 21
6.75982
  0
LINE
  8
Gravur
 62
   255
 39
0.016
  6
CONTINUOUS
 10
0.79902
 20
6.75982
 30
 0
 11
0.79916
 21
6.75945
  0
LINE
  8
Gravur
 62
   255
 39
0.016
  6
CONTINUOUS
 10
0.79916
 20
6.75945
 30
 0
 11
0.80053
 21
6.75614
  0
LINE
  8
Gravur
 62
   255
 39
0.016
  6
CONTINUOUS
 10
0.80053
 20
6.75614
 30
 0
 11
0.80084
 21
6.75549
  0
LINE
  8
Gravur
 62
   255
 39
0.016
  6
CONTINUOUS
 10
0.80084
 20
6.75549
 30
 0
 11
0.80084
 21
6.75549
  0
LINE
  8
Gravur
 62
   255
 39
0.016
  6
CONTINUOUS
 10
0.80084
 20
6.75549
 30
 0
 11
0.80370
 21
6.75088
  0
LINE
  8
Gravur
 62
   255
 39
0.016
  6
CONTINUOUS
 10
0.80370
 20
6.75088
 30
 0
 11
0.80489
 21
6.74955
  0
LINE
  8
Gravur
 62
   255
 39
0.016
  6
CONTINUOUS
 10
0.80489
 20
6.74955
 30
 0
 11
0.80489
 21
6.74955
  0
LINE
  8
Gravur
 62
   255
 39
0.016
  6
CONTINUOUS
 10
0.80489
 20
6.74955
 30
 0
 11
0.80693
 21
6.74783
  0
LINE
  8
Gravur
 62
   255
 39
0.016
  6
CONTINUOUS
 10
0.80693
 20
6.74783
 30
 0
 11
0.80932
 21
6.74649
  0
LINE
  8
Gravur
 62
   255
 39
0.016
  6
CONTINUOUS
 10
0.80932
 20
6.74649
 30
 0
 11
0.81595
 21
6.74485
  0
LINE
  8
Gravur
 62
   255
 39
0.016
  6
CONTINUOUS
 10
0.81595
 20
6.74485
 30
 0
 11
0.81692
 21
6.74480
  0
LINE
  8
Gravur
 62
   255
 39
0.016
  6
CONTINUOUS
 10
0.81692
 20
6.74480
 30
 0
 11
0.82172
 21
6.74526
  0
LINE
  8
Gravur
 62
   255
 39
0.016
  6
CONTINUOUS
 10
0.82172
 20
6.74526
 30
 0
 11
0.82266
 21
6.74550
  0
LINE
  8
Gravur
 62
   255
 39
0.016
  6
CONTINUOUS
 10
0.82266
 20
6.74550
 30
 0
 11
0.82266
 21
6.74550
  0
LINE
  8
Gravur
 62
   255
 39
0.016
  6
CONTINUOUS
 10
0.82266
 20
6.74550
 30
 0
 11
0.82623
 21
6.74696
  0
LINE
  8
Gravur
 62
   255
 39
0.016
  6
CONTINUOUS
 10
0.82623
 20
6.74696
 30
 0
 11
0.82734
 21
6.74764
  0
LINE
  8
Gravur
 62
   255
 39
0.016
  6
CONTINUOUS
 10
0.82734
 20
6.74764
 30
 0
 11
0.82840
 21
6.74841
  0
LINE
  8
Gravur
 62
   255
 39
0.016
  6
CONTINUOUS
 10
0.82840
 20
6.74841
 30
 0
 11
0.82942
 21
6.74928
  0
LINE
  8
Gravur
 62
   255
 39
0.016
  6
CONTINUOUS
 10
0.82942
 20
6.74928
 30
 0
 11
0.83262
 21
6.75321
  0
LINE
  8
Gravur
 62
   255
 39
0.016
  6
CONTINUOUS
 10
0.83262
 20
6.75321
 30
 0
 11
0.83286
 21
6.75361
  0
LINE
  8
Gravur
 62
   255
 39
0.016
  6
CONTINUOUS
 10
0.83286
 20
6.75361
 30
 0
 11
0.83286
 21
6.75361
  0
LINE
  8
Gravur
 62
   255
 39
0.016
  6
CONTINUOUS
 10
0.83286
 20
6.75361
 30
 0
 11
0.83458
 21
6.75693
  0
LINE
  8
Gravur
 62
   255
 39
0.016
  6
CONTINUOUS
 10
0.83458
 20
6.75693
 30
 0
 11
0.83487
 21
6.75761
  0
LINE
  8
Gravur
 62
   255
 39
0.016
  6
CONTINUOUS
 10
0.83487
 20
6.75761
 30
 0
 11
0.83558
 21
6.75948
  0
LINE
  8
Gravur
 62
   255
 39
0.016
  6
CONTINUOUS
 10
0.83558
 20
6.75948
 30
 0
 11
0.83580
 21
6.76011
  0
LINE
  8
Gravur
 62
   255
 39
0.016
  6
CONTINUOUS
 10
0.83580
 20
6.76011
 30
 0
 11
0.83580
 21
6.76011
  0
LINE
  8
Gravur
 62
   255
 39
0.016
  6
CONTINUOUS
 10
0.83580
 20
6.76011
 30
 0
 11
0.83692
 21
6.76404
  0
LINE
  8
Gravur
 62
   255
 39
0.016
  6
CONTINUOUS
 10
0.83692
 20
6.76404
 30
 0
 11
0.83777
 21
6.76805
  0
LINE
  8
Gravur
 62
   255
 39
0.016
  6
CONTINUOUS
 10
0.83777
 20
6.76805
 30
 0
 11
0.83777
 21
6.76805
  0
LINE
  8
Gravur
 62
   255
 39
0.016
  6
CONTINUOUS
 10
0.83777
 20
6.76805
 30
 0
 11
0.83833
 21
6.77146
  0
LINE
  8
Gravur
 62
   255
 39
0.016
  6
CONTINUOUS
 10
0.83833
 20
6.77146
 30
 0
 11
0.83880
 21
6.77488
  0
LINE
  8
Gravur
 62
   255
 39
0.016
  6
CONTINUOUS
 10
0.83880
 20
6.77488
 30
 0
 11
0.84001
 21
6.78921
  0
LINE
  8
Gravur
 62
   255
 39
0.016
  6
CONTINUOUS
 10
0.84001
 20
6.78921
 30
 0
 11
0.84007
 21
6.79082
  0
LINE
  8
Gravur
 62
   255
 39
0.016
  6
CONTINUOUS
 10
0.84007
 20
6.79082
 30
 0
 11
0.84007
 21
6.79082
  0
LINE
  8
Gravur
 62
   255
 39
0.016
  6
CONTINUOUS
 10
0.84007
 20
6.79082
 30
 0
 11
0.83992
 21
6.80421
  0
LINE
  8
Gravur
 62
   255
 39
0.016
  6
CONTINUOUS
 10
0.83992
 20
6.80421
 30
 0
 11
0.83976
 21
6.80686
  0
LINE
  8
Gravur
 62
   255
 39
0.016
  6
CONTINUOUS
 10
0.83976
 20
6.80686
 30
 0
 11
0.83856
 21
6.82046
  0
LINE
  8
Gravur
 62
   255
 39
0.016
  6
CONTINUOUS
 10
0.83856
 20
6.82046
 30
 0
 11
0.83845
 21
6.82126
  0
LINE
  8
Gravur
 62
   255
 39
0.016
  6
CONTINUOUS
 10
0.83845
 20
6.82126
 30
 0
 11
0.83833
 21
6.82205
  0
LINE
  8
Gravur
 62
   255
 39
0.016
  6
CONTINUOUS
 10
0.83833
 20
6.82205
 30
 0
 11
0.83820
 21
6.82285
  0
LINE
  8
Gravur
 62
   255
 39
0.016
  6
CONTINUOUS
 10
0.83820
 20
6.82285
 30
 0
 11
0.83621
 21
6.83213
  0
LINE
  8
Gravur
 62
   255
 39
0.016
  6
CONTINUOUS
 10
1.54432
 20
6.82879
 30
 0
 11
1.56413
 21
6.83976
  0
LINE
  8
Gravur
 62
   255
 39
0.016
  6
CONTINUOUS
 10
1.56413
 20
6.83976
 30
 0
 11
1.56951
 21
6.84248
  0
LINE
  8
Gravur
 62
   255
 39
0.016
  6
CONTINUOUS
 10
1.56951
 20
6.84248
 30
 0
 11
1.57129
 21
6.84271
  0
LINE
  8
Gravur
 62
   255
 39
0.016
  6
CONTINUOUS
 10
1.57129
 20
6.84271
 30
 0
 11
1.57163
 21
6.84124
  0
LINE
  8
Gravur
 62
   255
 39
0.016
  6
CONTINUOUS
 10
1.57163
 20
6.84124
 30
 0
 11
1.57163
 21
6.83699
  0
LINE
  8
Gravur
 62
   255
 39
0.016
  6
CONTINUOUS
 10
1.57163
 20
6.83699
 30
 0
 11
1.57163
 21
6.81888
  0
LINE
  8
Gravur
 62
   255
 39
0.016
  6
CONTINUOUS
 10
1.57163
 20
6.81888
 30
 0
 11
1.57163
 21
6.74275
  0
LINE
  8
Gravur
 62
   255
 39
0.016
  6
CONTINUOUS
 10
1.61730
 20
6.75978
 30
 0
 11
1.61597
 21
6.76589
  0
LINE
  8
Gravur
 62
   255
 39
0.016
  6
CONTINUOUS
 10
1.61597
 20
6.76589
 30
 0
 11
1.61590
 21
6.76626
  0
LINE
  8
Gravur
 62
   255
 39
0.016
  6
CONTINUOUS
 10
1.61590
 20
6.76626
 30
 0
 11
1.61565
 21
6.76782
  0
LINE
  8
Gravur
 62
   255
 39
0.016
  6
CONTINUOUS
 10
1.61565
 20
6.76782
 30
 0
 11
1.61561
 21
6.76808
  0
LINE
  8
Gravur
 62
   255
 39
0.016
  6
CONTINUOUS
 10
1.61561
 20
6.76808
 30
 0
 11
1.61488
 21
6.77519
  0
LINE
  8
Gravur
 62
   255
 39
0.016
  6
CONTINUOUS
 10
1.61488
 20
6.77519
 30
 0
 11
1.61484
 21
6.77584
  0
LINE
  8
Gravur
 62
   255
 39
0.016
  6
CONTINUOUS
 10
1.61484
 20
6.77584
 30
 0
 11
1.61484
 21
6.77584
  0
LINE
  8
Gravur
 62
   255
 39
0.016
  6
CONTINUOUS
 10
1.61484
 20
6.77584
 30
 0
 11
1.61443
 21
6.78140
  0
LINE
  8
Gravur
 62
   255
 39
0.016
  6
CONTINUOUS
 10
1.61443
 20
6.78140
 30
 0
 11
1.61433
 21
6.78251
  0
LINE
  8
Gravur
 62
   255
 39
0.016
  6
CONTINUOUS
 10
1.61433
 20
6.78251
 30
 0
 11
1.61397
 21
6.79267
  0
LINE
  8
Gravur
 62
   255
 39
0.016
  6
CONTINUOUS
 10
1.61397
 20
6.79267
 30
 0
 11
1.61398
 21
6.79360
  0
LINE
  8
Gravur
 62
   255
 39
0.016
  6
CONTINUOUS
 10
1.61398
 20
6.79360
 30
 0
 11
1.61398
 21
6.79360
  0
LINE
  8
Gravur
 62
   255
 39
0.016
  6
CONTINUOUS
 10
1.61398
 20
6.79360
 30
 0
 11
1.61427
 21
6.80194
  0
LINE
  8
Gravur
 62
   255
 39
0.016
  6
CONTINUOUS
 10
1.61427
 20
6.80194
 30
 0
 11
1.61435
 21
6.80360
  0
LINE
  8
Gravur
 62
   255
 39
0.016
  6
CONTINUOUS
 10
1.61435
 20
6.80360
 30
 0
 11
1.61520
 21
6.81511
  0
LINE
  8
Gravur
 62
   255
 39
0.016
  6
CONTINUOUS
 10
1.61520
 20
6.81511
 30
 0
 11
1.61536
 21
6.81639
  0
LINE
  8
Gravur
 62
   255
 39
0.016
  6
CONTINUOUS
 10
1.61536
 20
6.81639
 30
 0
 11
1.61536
 21
6.81639
  0
LINE
  8
Gravur
 62
   255
 39
0.016
  6
CONTINUOUS
 10
1.61536
 20
6.81639
 30
 0
 11
1.61678
 21
6.82427
  0
LINE
  8
Gravur
 62
   255
 39
0.016
  6
CONTINUOUS
 10
1.61678
 20
6.82427
 30
 0
 11
1.61746
 21
6.82683
  0
LINE
  8
Gravur
 62
   255
 39
0.016
  6
CONTINUOUS
 10
1.61746
 20
6.82683
 30
 0
 11
1.61826
 21
6.82935
  0
LINE
  8
Gravur
 62
   255
 39
0.016
  6
CONTINUOUS
 10
1.61826
 20
6.82935
 30
 0
 11
1.61920
 21
6.83181
  0
LINE
  8
Gravur
 62
   255
 39
0.016
  6
CONTINUOUS
 10
1.61920
 20
6.83181
 30
 0
 11
1.61920
 21
6.83181
  0
LINE
  8
Gravur
 62
   255
 39
0.016
  6
CONTINUOUS
 10
1.61920
 20
6.83181
 30
 0
 11
1.61972
 21
6.83300
  0
LINE
  8
Gravur
 62
   255
 39
0.016
  6
CONTINUOUS
 10
1.61972
 20
6.83300
 30
 0
 11
1.62027
 21
6.83416
  0
LINE
  8
Gravur
 62
   255
 39
0.016
  6
CONTINUOUS
 10
1.62027
 20
6.83416
 30
 0
 11
1.62271
 21
6.83804
  0
LINE
  8
Gravur
 62
   255
 39
0.016
  6
CONTINUOUS
 10
1.62271
 20
6.83804
 30
 0
 11
1.62304
 21
6.83844
  0
LINE
  8
Gravur
 62
   255
 39
0.016
  6
CONTINUOUS
 10
1.62304
 20
6.83844
 30
 0
 11
1.62304
 21
6.83844
  0
LINE
  8
Gravur
 62
   255
 39
0.016
  6
CONTINUOUS
 10
1.62304
 20
6.83844
 30
 0
 11
1.62647
 21
6.84166
  0
LINE
  8
Gravur
 62
   255
 39
0.016
  6
CONTINUOUS
 10
1.62647
 20
6.84166
 30
 0
 11
1.62724
 21
6.84216
  0
LINE
  8
Gravur
 62
   255
 39
0.016
  6
CONTINUOUS
 10
1.62724
 20
6.84216
 30
 0
 11
1.62793
 21
6.84256
  0
LINE
  8
Gravur
 62
   255
 39
0.016
  6
CONTINUOUS
 10
1.62793
 20
6.84256
 30
 0
 11
1.62864
 21
6.84292
  0
LINE
  8
Gravur
 62
   255
 39
0.016
  6
CONTINUOUS
 10
1.62864
 20
6.84292
 30
 0
 11
1.62864
 21
6.84292
  0
LINE
  8
Gravur
 62
   255
 39
0.016
  6
CONTINUOUS
 10
1.62864
 20
6.84292
 30
 0
 11
1.63335
 21
6.84435
  0
LINE
  8
Gravur
 62
   255
 39
0.016
  6
CONTINUOUS
 10
1.63335
 20
6.84435
 30
 0
 11
1.63833
 21
6.84446
  0
LINE
  8
Gravur
 62
   255
 39
0.016
  6
CONTINUOUS
 10
1.63833
 20
6.84446
 30
 0
 11
1.63833
 21
6.84446
  0
LINE
  8
Gravur
 62
   255
 39
0.016
  6
CONTINUOUS
 10
1.63833
 20
6.84446
 30
 0
 11
1.64350
 21
6.84321
  0
LINE
  8
Gravur
 62
   255
 39
0.016
  6
CONTINUOUS
 10
1.64350
 20
6.84321
 30
 0
 11
1.64804
 21
6.84063
  0
LINE
  8
Gravur
 62
   255
 39
0.016
  6
CONTINUOUS
 10
1.64804
 20
6.84063
 30
 0
 11
1.65211
 21
6.83605
  0
LINE
  8
Gravur
 62
   255
 39
0.016
  6
CONTINUOUS
 10
1.65211
 20
6.83605
 30
 0
 11
1.65242
 21
6.83556
  0
LINE
  8
Gravur
 62
   255
 39
0.016
  6
CONTINUOUS
 10
1.65242
 20
6.83556
 30
 0
 11
1.65242
 21
6.83556
  0
LINE
  8
Gravur
 62
   255
 39
0.016
  6
CONTINUOUS
 10
1.65242
 20
6.83556
 30
 0
 11
1.65483
 21
6.83082
  0
LINE
  8
Gravur
 62
   255
 39
0.016
  6
CONTINUOUS
 10
1.65483
 20
6.83082
 30
 0
 11
1.65518
 21
6.82988
  0
LINE
  8
Gravur
 62
   255
 39
0.016
  6
CONTINUOUS
 10
1.65518
 20
6.82988
 30
 0
 11
1.65553
 21
6.82854
  0
LINE
  8
Gravur
 62
   255
 39
0.016
  6
CONTINUOUS
 10
1.65553
 20
6.82854
 30
 0
 11
1.65447
 21
6.82522
  0
LINE
  8
Gravur
 62
   255
 39
0.016
  6
CONTINUOUS
 10
1.65447
 20
6.82522
 30
 0
 11
1.65434
 21
6.82496
  0
LINE
  8
Gravur
 62
   255
 39
0.016
  6
CONTINUOUS
 10
1.65434
 20
6.82496
 30
 0
 11
1.65434
 21
6.82496
  0
LINE
  8
Gravur
 62
   255
 39
0.016
  6
CONTINUOUS
 10
1.65434
 20
6.82496
 30
 0
 11
1.65323
 21
6.82298
  0
LINE
  8
Gravur
 62
   255
 39
0.016
  6
CONTINUOUS
 10
1.65323
 20
6.82298
 30
 0
 11
1.65299
 21
6.82256
  0
LINE
  8
Gravur
 62
   255
 39
0.016
  6
CONTINUOUS
 10
1.65299
 20
6.82256
 30
 0
 11
1.64660
 21
6.81152
  0
LINE
  8
Gravur
 62
   255
 39
0.016
  6
CONTINUOUS
 10
1.64660
 20
6.81152
 30
 0
 11
1.62433
 21
6.77303
  0
LINE
  8
Gravur
 62
   255
 39
0.016
  6
CONTINUOUS
 10
1.62433
 20
6.77303
 30
 0
 11
1.61934
 21
6.76440
  0
LINE
  8
Gravur
 62
   255
 39
0.016
  6
CONTINUOUS
 10
1.61934
 20
6.76440
 30
 0
 11
1.61732
 21
6.75984
  0
LINE
  8
Gravur
 62
   255
 39
0.016
  6
CONTINUOUS
 10
1.61732
 20
6.75984
 30
 0
 11
1.61781
 21
6.75777
  0
LINE
  8
Gravur
 62
   255
 39
0.016
  6
CONTINUOUS
 10
1.61781
 20
6.75777
 30
 0
 11
1.61785
 21
6.75764
  0
LINE
  8
Gravur
 62
   255
 39
0.016
  6
CONTINUOUS
 10
1.61785
 20
6.75764
 30
 0
 11
1.61785
 21
6.75764
  0
LINE
  8
Gravur
 62
   255
 39
0.016
  6
CONTINUOUS
 10
1.61785
 20
6.75764
 30
 0
 11
1.61835
 21
6.75628
  0
LINE
  8
Gravur
 62
   255
 39
0.016
  6
CONTINUOUS
 10
1.61835
 20
6.75628
 30
 0
 11
1.61849
 21
6.75591
  0
LINE
  8
Gravur
 62
   255
 39
0.016
  6
CONTINUOUS
 10
1.61849
 20
6.75591
 30
 0
 11
1.61986
 21
6.75260
  0
LINE
  8
Gravur
 62
   255
 39
0.016
  6
CONTINUOUS
 10
1.61986
 20
6.75260
 30
 0
 11
1.62017
 21
6.75195
  0
LINE
  8
Gravur
 62
   255
 39
0.016
  6
CONTINUOUS
 10
1.62017
 20
6.75195
 30
 0
 11
1.62017
 21
6.75195
  0
LINE
  8
Gravur
 62
   255
 39
0.016
  6
CONTINUOUS
 10
1.62017
 20
6.75195
 30
 0
 11
1.62303
 21
6.74734
  0
LINE
  8
Gravur
 62
   255
 39
0.016
  6
CONTINUOUS
 10
1.62303
 20
6.74734
 30
 0
 11
1.62422
 21
6.74600
  0
LINE
  8
Gravur
 62
   255
 39
0.016
  6
CONTINUOUS
 10
1.62422
 20
6.74600
 30
 0
 11
1.62422
 21
6.74600
  0
LINE
  8
Gravur
 62
   255
 39
0.016
  6
CONTINUOUS
 10
1.62422
 20
6.74600
 30
 0
 11
1.62626
 21
6.74428
  0
LINE
  8
Gravur
 62
   255
 39
0.016
  6
CONTINUOUS
 10
1.62626
 20
6.74428
 30
 0
 11
1.62865
 21
6.74295
  0
LINE
  8
Gravur
 62
   255
 39
0.016
  6
CONTINUOUS
 10
1.62865
 20
6.74295
 30
 0
 11
1.63528
 21
6.74131
  0
LINE
  8
Gravur
 62
   255
 39
0.016
  6
CONTINUOUS
 10
1.63528
 20
6.74131
 30
 0
 11
1.63625
 21
6.74126
  0
LINE
  8
Gravur
 62
   255
 39
0.016
  6
CONTINUOUS
 10
1.63625
 20
6.74126
 30
 0
 11
1.64105
 21
6.74171
  0
LINE
  8
Gravur
 62
   255
 39
0.016
  6
CONTINUOUS
 10
1.64105
 20
6.74171
 30
 0
 11
1.64199
 21
6.74195
  0
LINE
  8
Gravur
 62
   255
 39
0.016
  6
CONTINUOUS
 10
1.64199
 20
6.74195
 30
 0
 11
1.64199
 21
6.74195
  0
LINE
  8
Gravur
 62
   255
 39
0.016
  6
CONTINUOUS
 10
1.64199
 20
6.74195
 30
 0
 11
1.64556
 21
6.74342
  0
LINE
  8
Gravur
 62
   255
 39
0.016
  6
CONTINUOUS
 10
1.64556
 20
6.74342
 30
 0
 11
1.64667
 21
6.74409
  0
LINE
  8
Gravur
 62
   255
 39
0.016
  6
CONTINUOUS
 10
1.64667
 20
6.74409
 30
 0
 11
1.64773
 21
6.74487
  0
LINE
  8
Gravur
 62
   255
 39
0.016
  6
CONTINUOUS
 10
1.64773
 20
6.74487
 30
 0
 11
1.64875
 21
6.74573
  0
LINE
  8
Gravur
 62
   255
 39
0.016
  6
CONTINUOUS
 10
1.64875
 20
6.74573
 30
 0
 11
1.65195
 21
6.74967
  0
LINE
  8
Gravur
 62
   255
 39
0.016
  6
CONTINUOUS
 10
1.65195
 20
6.74967
 30
 0
 11
1.65219
 21
6.75006
  0
LINE
  8
Gravur
 62
   255
 39
0.016
  6
CONTINUOUS
 10
1.65219
 20
6.75006
 30
 0
 11
1.65219
 21
6.75006
  0
LINE
  8
Gravur
 62
   255
 39
0.016
  6
CONTINUOUS
 10
1.65219
 20
6.75006
 30
 0
 11
1.65391
 21
6.75339
  0
LINE
  8
Gravur
 62
   255
 39
0.016
  6
CONTINUOUS
 10
1.65391
 20
6.75339
 30
 0
 11
1.65420
 21
6.75407
  0
LINE
  8
Gravur
 62
   255
 39
0.016
  6
CONTINUOUS
 10
1.65420
 20
6.75407
 30
 0
 11
1.65491
 21
6.75594
  0
LINE
  8
Gravur
 62
   255
 39
0.016
  6
CONTINUOUS
 10
1.65491
 20
6.75594
 30
 0
 11
1.65513
 21
6.75657
  0
LINE
  8
Gravur
 62
   255
 39
0.016
  6
CONTINUOUS
 10
1.65513
 20
6.75657
 30
 0
 11
1.65513
 21
6.75657
  0
LINE
  8
Gravur
 62
   255
 39
0.016
  6
CONTINUOUS
 10
1.65513
 20
6.75657
 30
 0
 11
1.65625
 21
6.76050
  0
LINE
  8
Gravur
 62
   255
 39
0.016
  6
CONTINUOUS
 10
1.65625
 20
6.76050
 30
 0
 11
1.65710
 21
6.76451
  0
LINE
  8
Gravur
 62
   255
 39
0.016
  6
CONTINUOUS
 10
1.65710
 20
6.76451
 30
 0
 11
1.65710
 21
6.76451
  0
LINE
  8
Gravur
 62
   255
 39
0.016
  6
CONTINUOUS
 10
1.65710
 20
6.76451
 30
 0
 11
1.65766
 21
6.76792
  0
LINE
  8
Gravur
 62
   255
 39
0.016
  6
CONTINUOUS
 10
1.65766
 20
6.76792
 30
 0
 11
1.65813
 21
6.77133
  0
LINE
  8
Gravur
 62
   255
 39
0.016
  6
CONTINUOUS
 10
1.65813
 20
6.77133
 30
 0
 11
1.65934
 21
6.78567
  0
LINE
  8
Gravur
 62
   255
 39
0.016
  6
CONTINUOUS
 10
1.65934
 20
6.78567
 30
 0
 11
1.65940
 21
6.78728
  0
LINE
  8
Gravur
 62
   255
 39
0.016
  6
CONTINUOUS
 10
1.65940
 20
6.78728
 30
 0
 11
1.65940
 21
6.78728
  0
LINE
  8
Gravur
 62
   255
 39
0.016
  6
CONTINUOUS
 10
1.65940
 20
6.78728
 30
 0
 11
1.65925
 21
6.80067
  0
LINE
  8
Gravur
 62
   255
 39
0.016
  6
CONTINUOUS
 10
1.65925
 20
6.80067
 30
 0
 11
1.65909
 21
6.80331
  0
LINE
  8
Gravur
 62
   255
 39
0.016
  6
CONTINUOUS
 10
1.65909
 20
6.80331
 30
 0
 11
1.65789
 21
6.81692
  0
LINE
  8
Gravur
 62
   255
 39
0.016
  6
CONTINUOUS
 10
1.65789
 20
6.81692
 30
 0
 11
1.65778
 21
6.81771
  0
LINE
  8
Gravur
 62
   255
 39
0.016
  6
CONTINUOUS
 10
1.65778
 20
6.81771
 30
 0
 11
1.65766
 21
6.81851
  0
LINE
  8
Gravur
 62
   255
 39
0.016
  6
CONTINUOUS
 10
1.65766
 20
6.81851
 30
 0
 11
1.65753
 21
6.81931
  0
LINE
  8
Gravur
 62
   255
 39
0.016
  6
CONTINUOUS
 10
1.65753
 20
6.81931
 30
 0
 11
1.65554
 21
6.82859
  0
LINE
  8
Gravur
 62
   255
 39
0.016
  6
CONTINUOUS
 10
1.46036
 20
2.29319
 30
 0
 11
1.46036
 21
2.33268
  0
LINE
  8
Gravur
 62
   255
 39
0.016
  6
CONTINUOUS
 10
1.46036
 20
2.33268
 30
 0
 11
1.46036
 21
2.34262
  0
LINE
  8
Gravur
 62
   255
 39
0.016
  6
CONTINUOUS
 10
1.46036
 20
2.34262
 30
 0
 11
1.46027
 21
2.34414
  0
LINE
  8
Gravur
 62
   255
 39
0.016
  6
CONTINUOUS
 10
1.46027
 20
2.34414
 30
 0
 11
1.46026
 21
2.34433
  0
LINE
  8
Gravur
 62
   255
 39
0.016
  6
CONTINUOUS
 10
1.46026
 20
2.34433
 30
 0
 11
1.46026
 21
2.34433
  0
LINE
  8
Gravur
 62
   255
 39
0.016
  6
CONTINUOUS
 10
1.46026
 20
2.34433
 30
 0
 11
1.46045
 21
2.34603
  0
LINE
  8
Gravur
 62
   255
 39
0.016
  6
CONTINUOUS
 10
1.46045
 20
2.34603
 30
 0
 11
1.46059
 21
2.34625
  0
LINE
  8
Gravur
 62
   255
 39
0.016
  6
CONTINUOUS
 10
1.46059
 20
2.34625
 30
 0
 11
1.46232
 21
2.34702
  0
LINE
  8
Gravur
 62
   255
 39
0.016
  6
CONTINUOUS
 10
1.46232
 20
2.34702
 30
 0
 11
1.46251
 21
2.34706
  0
LINE
  8
Gravur
 62
   255
 39
0.016
  6
CONTINUOUS
 10
1.46251
 20
2.34706
 30
 0
 11
1.46251
 21
2.34706
  0
LINE
  8
Gravur
 62
   255
 39
0.016
  6
CONTINUOUS
 10
1.46251
 20
2.34706
 30
 0
 11
1.46409
 21
2.34732
  0
LINE
  8
Gravur
 62
   255
 39
0.016
  6
CONTINUOUS
 10
1.46409
 20
2.34732
 30
 0
 11
1.46434
 21
2.34736
  0
LINE
  8
Gravur
 62
   255
 39
0.016
  6
CONTINUOUS
 10
1.46434
 20
2.34736
 30
 0
 11
1.46936
 21
2.34804
  0
LINE
  8
Gravur
 62
   255
 39
0.016
  6
CONTINUOUS
 10
1.46936
 20
2.34804
 30
 0
 11
1.46982
 21
2.34809
  0
LINE
  8
Gravur
 62
   255
 39
0.016
  6
CONTINUOUS
 10
1.46982
 20
2.34809
 30
 0
 11
1.46982
 21
2.34809
  0
LINE
  8
Gravur
 62
   255
 39
0.016
  6
CONTINUOUS
 10
1.46982
 20
2.34809
 30
 0
 11
1.47419
 21
2.34831
  0
LINE
  8
Gravur
 62
   255
 39
0.016
  6
CONTINUOUS
 10
1.47419
 20
2.34831
 30
 0
 11
1.47507
 21
2.34832
  0
LINE
  8
Gravur
 62
   255
 39
0.016
  6
CONTINUOUS
 10
1.47507
 20
2.34832
 30
 0
 11
1.48036
 21
2.34808
  0
LINE
  8
Gravur
 62
   255
 39
0.016
  6
CONTINUOUS
 10
1.48036
 20
2.34808
 30
 0
 11
1.48095
 21
2.34802
  0
LINE
  8
Gravur
 62
   255
 39
0.016
  6
CONTINUOUS
 10
1.48095
 20
2.34802
 30
 0
 11
1.48095
 21
2.34802
  0
LINE
  8
Gravur
 62
   255
 39
0.016
  6
CONTINUOUS
 10
1.48095
 20
2.34802
 30
 0
 11
1.48680
 21
2.34685
  0
LINE
  8
Gravur
 62
   255
 39
0.016
  6
CONTINUOUS
 10
1.48680
 20
2.34685
 30
 0
 11
1.48793
 21
2.34648
  0
LINE
  8
Gravur
 62
   255
 39
0.016
  6
CONTINUOUS
 10
1.48793
 20
2.34648
 30
 0
 11
1.49089
 21
2.34520
  0
LINE
  8
Gravur
 62
   255
 39
0.016
  6
CONTINUOUS
 10
1.49089
 20
2.34520
 30
 0
 11
1.49121
 21
2.34503
  0
LINE
  8
Gravur
 62
   255
 39
0.016
  6
CONTINUOUS
 10
1.49121
 20
2.34503
 30
 0
 11
1.49121
 21
2.34503
  0
LINE
  8
Gravur
 62
   255
 39
0.016
  6
CONTINUOUS
 10
1.49121
 20
2.34503
 30
 0
 11
1.49392
 21
2.34332
  0
LINE
  8
Gravur
 62
   255
 39
0.016
  6
CONTINUOUS
 10
1.49392
 20
2.34332
 30
 0
 11
1.49442
 21
2.34293
  0
LINE
  8
Gravur
 62
   255
 39
0.016
  6
CONTINUOUS
 10
1.49442
 20
2.34293
 30
 0
 11
1.49734
 21
2.33998
  0
LINE
  8
Gravur
 62
   255
 39
0.016
  6
CONTINUOUS
 10
1.49734
 20
2.33998
 30
 0
 11
1.49814
 21
2.33888
  0
LINE
  8
Gravur
 62
   255
 39
0.016
  6
CONTINUOUS
 10
1.49814
 20
2.33888
 30
 0
 11
1.49814
 21
2.33888
  0
LINE
  8
Gravur
 62
   255
 39
0.016
  6
CONTINUOUS
 10
1.49814
 20
2.33888
 30
 0
 11
1.50096
 21
2.33308
  0
LINE
  8
Gravur
 62
   255
 39
0.016
  6
CONTINUOUS
 10
1.50096
 20
2.33308
 30
 0
 11
1.50239
 21
2.32663
  0
LINE
  8
Gravur
 62
   255
 39
0.016
  6
CONTINUOUS
 10
1.50239
 20
2.32663
 30
 0
 11
1.50239
 21
2.32663
  0
LINE
  8
Gravur
 62
   255
 39
0.016
  6
CONTINUOUS
 10
1.50239
 20
2.32663
 30
 0
 11
1.50277
 21
2.32128
  0
LINE
  8
Gravur
 62
   255
 39
0.016
  6
CONTINUOUS
 10
1.50277
 20
2.32128
 30
 0
 11
1.50262
 21
2.31612
  0
LINE
  8
Gravur
 62
   255
 39
0.016
  6
CONTINUOUS
 10
1.50262
 20
2.31612
 30
 0
 11
1.50207
 21
2.31140
  0
LINE
  8
Gravur
 62
   255
 39
0.016
  6
CONTINUOUS
 10
1.50207
 20
2.31140
 30
 0
 11
1.50198
 21
2.31088
  0
LINE
  8
Gravur
 62
   255
 39
0.016
  6
CONTINUOUS
 10
1.50198
 20
2.31088
 30
 0
 11
1.50198
 21
2.31088
  0
LINE
  8
Gravur
 62
   255
 39
0.016
  6
CONTINUOUS
 10
1.50198
 20
2.31088
 30
 0
 11
1.50064
 21
2.30593
  0
LINE
  8
Gravur
 62
   255
 39
0.016
  6
CONTINUOUS
 10
1.50064
 20
2.30593
 30
 0
 11
1.50027
 21
2.30499
  0
LINE
  8
Gravur
 62
   255
 39
0.016
  6
CONTINUOUS
 10
1.50027
 20
2.30499
 30
 0
 11
1.49817
 21
2.30126
  0
LINE
  8
Gravur
 62
   255
 39
0.016
  6
CONTINUOUS
 10
1.49817
 20
2.30126
 30
 0
 11
1.49734
 21
2.30019
  0
LINE
  8
Gravur
 62
   255
 39
0.016
  6
CONTINUOUS
 10
1.49734
 20
2.30019
 30
 0
 11
1.49448
 21
2.29744
  0
LINE
  8
Gravur
 62
   255
 39
0.016
  6
CONTINUOUS
 10
1.49448
 20
2.29744
 30
 0
 11
1.49342
 21
2.29667
  0
LINE
  8
Gravur
 62
   255
 39
0.016
  6
CONTINUOUS
 10
1.49342
 20
2.29667
 30
 0
 11
1.49342
 21
2.29667
  0
LINE
  8
Gravur
 62
   255
 39
0.016
  6
CONTINUOUS
 10
1.49342
 20
2.29667
 30
 0
 11
1.49124
 21
2.29537
  0
LINE
  8
Gravur
 62
   255
 39
0.016
  6
CONTINUOUS
 10
1.49124
 20
2.29537
 30
 0
 11
1.48891
 21
2.29432
  0
LINE
  8
Gravur
 62
   255
 39
0.016
  6
CONTINUOUS
 10
1.48891
 20
2.29432
 30
 0
 11
1.48129
 21
2.29241
  0
LINE
  8
Gravur
 62
   255
 39
0.016
  6
CONTINUOUS
 10
1.48129
 20
2.29241
 30
 0
 11
1.47864
 21
2.29214
  0
LINE
  8
Gravur
 62
   255
 39
0.016
  6
CONTINUOUS
 10
1.47864
 20
2.29214
 30
 0
 11
1.47864
 21
2.29214
  0
LINE
  8
Gravur
 62
   255
 39
0.016
  6
CONTINUOUS
 10
1.47864
 20
2.29214
 30
 0
 11
1.47712
 21
2.29205
  0
LINE
  8
Gravur
 62
   255
 39
0.016
  6
CONTINUOUS
 10
1.47712
 20
2.29205
 30
 0
 11
1.47560
 21
2.29200
  0
LINE
  8
Gravur
 62
   255
 39
0.016
  6
CONTINUOUS
 10
1.47560
 20
2.29200
 30
 0
 11
1.47023
 21
2.29217
  0
LINE
  8
Gravur
 62
   255
 39
0.016
  6
CONTINUOUS
 10
1.47023
 20
2.29217
 30
 0
 11
1.46974
 21
2.29220
  0
LINE
  8
Gravur
 62
   255
 39
0.016
  6
CONTINUOUS
 10
1.46974
 20
2.29220
 30
 0
 11
1.46974
 21
2.29220
  0
LINE
  8
Gravur
 62
   255
 39
0.016
  6
CONTINUOUS
 10
1.46974
 20
2.29220
 30
 0
 11
1.46557
 21
2.29263
  0
LINE
  8
Gravur
 62
   255
 39
0.016
  6
CONTINUOUS
 10
1.46557
 20
2.29263
 30
 0
 11
1.46474
 21
2.29274
  0
LINE
  8
Gravur
 62
   255
 39
0.016
  6
CONTINUOUS
 10
1.46474
 20
2.29274
 30
 0
 11
1.46301
 21
2.29304
  0
LINE
  8
Gravur
 62
   255
 39
0.016
  6
CONTINUOUS
 10
1.46301
 20
2.29304
 30
 0
 11
1.46278
 21
2.29307
  0
LINE
  8
Gravur
 62
   255
 39
0.016
  6
CONTINUOUS
 10
1.46278
 20
2.29307
 30
 0
 11
1.46278
 21
2.29307
  0
LINE
  8
Gravur
 62
   255
 39
0.016
  6
CONTINUOUS
 10
1.46278
 20
2.29307
 30
 0
 11
1.46083
 21
2.29304
  0
LINE
  8
Gravur
 62
   255
 39
0.016
  6
CONTINUOUS
 10
1.46083
 20
2.29304
 30
 0
 11
1.46059
 21
2.29291
  0
LINE
  8
Gravur
 62
   255
 39
0.016
  6
CONTINUOUS
 10
1.46059
 20
2.29291
 30
 0
 11
1.46029
 21
2.29173
  0
LINE
  8
Gravur
 62
   255
 39
0.016
  6
CONTINUOUS
 10
1.46029
 20
2.29173
 30
 0
 11
1.46029
 21
2.29159
  0
LINE
  8
Gravur
 62
   255
 39
0.016
  6
CONTINUOUS
 10
1.46029
 20
2.29159
 30
 0
 11
1.46029
 21
2.29159
  0
LINE
  8
Gravur
 62
   255
 39
0.016
  6
CONTINUOUS
 10
1.46029
 20
2.29159
 30
 0
 11
1.46036
 21
2.29056
  0
LINE
  8
Gravur
 62
   255
 39
0.016
  6
CONTINUOUS
 10
1.46036
 20
2.29056
 30
 0
 11
1.46036
 21
2.29041
  0
LINE
  8
Gravur
 62
   255
 39
0.016
  6
CONTINUOUS
 10
1.46036
 20
2.29041
 30
 0
 11
1.46036
 21
2.28299
  0
LINE
  8
Gravur
 62
   255
 39
0.016
  6
CONTINUOUS
 10
1.46036
 20
2.28299
 30
 0
 11
1.46036
 21
2.25304
  0
LINE
  8
Gravur
 62
   255
 39
0.016
  6
CONTINUOUS
 10
1.52393
 20
2.34699
 30
 0
 11
1.52393
 21
2.25304
  0
LINE
  8
Gravur
 62
   255
 39
0.016
  6
CONTINUOUS
 10
1.56634
 20
2.34699
 30
 0
 11
1.56634
 21
2.25304
  0
LINE
  8
Gravur
 62
   255
 39
0.016
  6
CONTINUOUS
 10
1.52407
 20
2.30459
 30
 0
 11
1.56621
 21
2.30459
  0
LINE
  8
Gravur
 62
   255
 39
0.016
  6
CONTINUOUS
 10
1.62829
 20
2.28615
 30
 0
 11
1.62050
 21
2.28604
  0
LINE
  8
Gravur
 62
   255
 39
0.016
  6
CONTINUOUS
 10
1.62050
 20
2.28604
 30
 0
 11
1.60221
 21
2.28604
  0
LINE
  8
Gravur
 62
   255
 39
0.016
  6
CONTINUOUS
 10
1.60221
 20
2.28604
 30
 0
 11
1.59638
 21
2.28604
  0
LINE
  8
Gravur
 62
   255
 39
0.016
  6
CONTINUOUS
 10
1.59638
 20
2.28604
 30
 0
 11
1.59405
 21
2.28603
  0
LINE
  8
Gravur
 62
   255
 39
0.016
  6
CONTINUOUS
 10
1.59405
 20
2.28603
 30
 0
 11
1.59490
 21
2.28962
  0
LINE
  8
Gravur
 62
   255
 39
0.016
  6
CONTINUOUS
 10
1.59490
 20
2.28962
 30
 0
 11
1.59673
 21
2.29651
  0
LINE
  8
Gravur
 62
   255
 39
0.016
  6
CONTINUOUS
 10
1.59673
 20
2.29651
 30
 0
 11
1.59967
 21
2.30750
  0
LINE
  8
Gravur
 62
   255
 39
0.016
  6
CONTINUOUS
 10
1.59967
 20
2.30750
 30
 0
 11
1.60000
 21
2.30872
  0
LINE
  8
Gravur
 62
   255
 39
0.016
  6
CONTINUOUS
 10
1.60000
 20
2.30872
 30
 0
 11
1.60000
 21
2.30872
  0
LINE
  8
Gravur
 62
   255
 39
0.016
  6
CONTINUOUS
 10
1.60000
 20
2.30872
 30
 0
 11
1.60321
 21
2.32073
  0
LINE
  8
Gravur
 62
   255
 39
0.016
  6
CONTINUOUS
 10
1.60321
 20
2.32073
 30
 0
 11
1.60382
 21
2.32314
  0
LINE
  8
Gravur
 62
   255
 39
0.016
  6
CONTINUOUS
 10
1.60382
 20
2.32314
 30
 0
 11
1.60865
 21
2.34130
  0
LINE
  8
Gravur
 62
   255
 39
0.016
  6
CONTINUOUS
 10
1.60865
 20
2.34130
 30
 0
 11
1.60978
 21
2.34554
  0
LINE
  8
Gravur
 62
   255
 39
0.016
  6
CONTINUOUS
 10
1.60978
 20
2.34554
 30
 0
 11
1.60986
 21
2.34585
  0
LINE
  8
Gravur
 62
   255
 39
0.016
  6
CONTINUOUS
 10
1.60986
 20
2.34585
 30
 0
 11
1.60987
 21
2.34592
  0
LINE
  8
Gravur
 62
   255
 39
0.016
  6
CONTINUOUS
 10
1.60987
 20
2.34592
 30
 0
 11
1.60987
 21
2.34592
  0
LINE
  8
Gravur
 62
   255
 39
0.016
  6
CONTINUOUS
 10
1.60987
 20
2.34592
 30
 0
 11
1.61009
 21
2.34653
  0
LINE
  8
Gravur
 62
   255
 39
0.016
  6
CONTINUOUS
 10
1.61009
 20
2.34653
 30
 0
 11
1.61021
 21
2.34670
  0
LINE
  8
Gravur
 62
   255
 39
0.016
  6
CONTINUOUS
 10
1.61021
 20
2.34670
 30
 0
 11
1.61021
 21
2.34670
  0
LINE
  8
Gravur
 62
   255
 39
0.016
  6
CONTINUOUS
 10
1.61021
 20
2.34670
 30
 0
 11
1.61042
 21
2.34687
  0
LINE
  8
Gravur
 62
   255
 39
0.016
  6
CONTINUOUS
 10
1.61042
 20
2.34687
 30
 0
 11
1.61070
 21
2.34697
  0
LINE
  8
Gravur
 62
   255
 39
0.016
  6
CONTINUOUS
 10
1.61070
 20
2.34697
 30
 0
 11
1.61202
 21
2.34682
  0
LINE
  8
Gravur
 62
   255
 39
0.016
  6
CONTINUOUS
 10
1.61202
 20
2.34682
 30
 0
 11
1.61221
 21
2.34670
  0
LINE
  8
Gravur
 62
   255
 39
0.016
  6
CONTINUOUS
 10
1.61221
 20
2.34670
 30
 0
 11
1.61221
 21
2.34670
  0
LINE
  8
Gravur
 62
   255
 39
0.016
  6
CONTINUOUS
 10
1.61221
 20
2.34670
 30
 0
 11
1.61322
 21
2.34490
  0
LINE
  8
Gravur
 62
   255
 39
0.016
  6
CONTINUOUS
 10
1.61322
 20
2.34490
 30
 0
 11
1.61340
 21
2.34413
  0
LINE
  8
Gravur
 62
   255
 39
0.016
  6
CONTINUOUS
 10
1.61340
 20
2.34413
 30
 0
 11
1.61340
 21
2.34413
  0
LINE
  8
Gravur
 62
   255
 39
0.016
  6
CONTINUOUS
 10
1.61340
 20
2.34413
 30
 0
 11
1.61360
 21
2.34313
  0
LINE
  8
Gravur
 62
   255
 39
0.016
  6
CONTINUOUS
 10
1.61360
 20
2.34313
 30
 0
 11
1.61380
 21
2.34222
  0
LINE
  8
Gravur
 62
   255
 39
0.016
  6
CONTINUOUS
 10
1.61380
 20
2.34222
 30
 0
 11
1.61830
 21
2.32526
  0
LINE
  8
Gravur
 62
   255
 39
0.016
  6
CONTINUOUS
 10
1.61830
 20
2.32526
 30
 0
 11
1.62671
 21
2.29346
  0
LINE
  8
Gravur
 62
   255
 39
0.016
  6
CONTINUOUS
 10
1.62671
 20
2.29346
 30
 0
 11
1.62728
 21
2.29093
  0
LINE
  8
Gravur
 62
   255
 39
0.016
  6
CONTINUOUS
 10
1.62728
 20
2.29093
 30
 0
 11
1.62734
 21
2.29065
  0
LINE
  8
Gravur
 62
   255
 39
0.016
  6
CONTINUOUS
 10
1.62734
 20
2.29065
 30
 0
 11
1.62734
 21
2.29065
  0
LINE
  8
Gravur
 62
   255
 39
0.016
  6
CONTINUOUS
 10
1.62734
 20
2.29065
 30
 0
 11
1.62806
 21
2.28725
  0
LINE
  8
Gravur
 62
   255
 39
0.016
  6
CONTINUOUS
 10
1.62806
 20
2.28725
 30
 0
 11
1.62824
 21
2.28659
  0
LINE
  8
Gravur
 62
   255
 39
0.016
  6
CONTINUOUS
 10
1.62824
 20
2.28659
 30
 0
 11
1.63098
 21
2.27729
  0
LINE
  8
Gravur
 62
   255
 39
0.016
  6
CONTINUOUS
 10
1.63098
 20
2.27729
 30
 0
 11
1.63532
 21
2.26086
  0
LINE
  8
Gravur
 62
   255
 39
0.016
  6
CONTINUOUS
 10
1.63532
 20
2.26086
 30
 0
 11
1.63614
 21
2.25756
  0
LINE
  8
Gravur
 62
   255
 39
0.016
  6
CONTINUOUS
 10
1.63614
 20
2.25756
 30
 0
 11
1.63623
 21
2.25720
  0
LINE
  8
Gravur
 62
   255
 39
0.016
  6
CONTINUOUS
 10
1.63623
 20
2.25720
 30
 0
 11
1.63623
 21
2.25720
  0
LINE
  8
Gravur
 62
   255
 39
0.016
  6
CONTINUOUS
 10
1.63623
 20
2.25720
 30
 0
 11
1.63722
 21
2.25361
  0
LINE
  8
Gravur
 62
   255
 39
0.016
  6
CONTINUOUS
 10
1.63722
 20
2.25361
 30
 0
 11
1.63746
 21
2.25291
  0
LINE
  8
Gravur
 62
   255
 39
0.016
  6
CONTINUOUS
 10
1.59403
 20
2.28605
 30
 0
 11
1.59305
 21
2.28259
  0
LINE
  8
Gravur
 62
   255
 39
0.016
  6
CONTINUOUS
 10
1.59305
 20
2.28259
 30
 0
 11
1.59136
 21
2.27623
  0
LINE
  8
Gravur
 62
   255
 39
0.016
  6
CONTINUOUS
 10
1.59136
 20
2.27623
 30
 0
 11
1.58735
 21
2.26099
  0
LINE
  8
Gravur
 62
   255
 39
0.016
  6
CONTINUOUS
 10
1.58735
 20
2.26099
 30
 0
 11
1.58525
 21
2.25291
  0
LINE
  8
Gravur
 62
   255
 39
0.016
  6
CONTINUOUS
 10
1.65797
 20
2.25834
 30
 0
 11
1.66510
 21
2.25441
  0
LINE
  8
Gravur
 62
   255
 39
0.016
  6
CONTINUOUS
 10
1.66510
 20
2.25441
 30
 0
 11
1.66615
 21
2.25397
  0
LINE
  8
Gravur
 62
   255
 39
0.016
  6
CONTINUOUS
 10
1.66615
 20
2.25397
 30
 0
 11
1.66938
 21
2.25288
  0
LINE
  8
Gravur
 62
   255
 39
0.016
  6
CONTINUOUS
 10
1.66938
 20
2.25288
 30
 0
 11
1.67048
 21
2.25259
  0
LINE
  8
Gravur
 62
   255
 39
0.016
  6
CONTINUOUS
 10
1.67048
 20
2.25259
 30
 0
 11
1.67048
 21
2.25259
  0
LINE
  8
Gravur
 62
   255
 39
0.016
  6
CONTINUOUS
 10
1.67048
 20
2.25259
 30
 0
 11
1.67597
 21
2.25174
  0
LINE
  8
Gravur
 62
   255
 39
0.016
  6
CONTINUOUS
 10
1.67597
 20
2.25174
 30
 0
 11
1.67785
 21
2.25169
  0
LINE
  8
Gravur
 62
   255
 39
0.016
  6
CONTINUOUS
 10
1.67785
 20
2.25169
 30
 0
 11
1.67975
 21
2.25175
  0
LINE
  8
Gravur
 62
   255
 39
0.016
  6
CONTINUOUS
 10
1.67975
 20
2.25175
 30
 0
 11
1.68169
 21
2.25194
  0
LINE
  8
Gravur
 62
   255
 39
0.016
  6
CONTINUOUS
 10
1.68169
 20
2.25194
 30
 0
 11
1.68572
 21
2.25283
  0
LINE
  8
Gravur
 62
   255
 39
0.016
  6
CONTINUOUS
 10
1.68572
 20
2.25283
 30
 0
 11
1.68628
 21
2.25302
  0
LINE
  8
Gravur
 62
   255
 39
0.016
  6
CONTINUOUS
 10
1.68628
 20
2.25302
 30
 0
 11
1.68628
 21
2.25302
  0
LINE
  8
Gravur
 62
   255
 39
0.016
  6
CONTINUOUS
 10
1.68628
 20
2.25302
 30
 0
 11
1.68990
 21
2.25473
  0
LINE
  8
Gravur
 62
   255
 39
0.016
  6
CONTINUOUS
 10
1.68990
 20
2.25473
 30
 0
 11
1.69101
 21
2.25547
  0
LINE
  8
Gravur
 62
   255
 39
0.016
  6
CONTINUOUS
 10
1.69101
 20
2.25547
 30
 0
 11
1.69101
 21
2.25547
  0
LINE
  8
Gravur
 62
   255
 39
0.016
  6
CONTINUOUS
 10
1.69101
 20
2.25547
 30
 0
 11
1.69201
 21
2.25627
  0
LINE
  8
Gravur
 62
   255
 39
0.016
  6
CONTINUOUS
 10
1.69201
 20
2.25627
 30
 0
 11
1.69293
 21
2.25715
  0
LINE
  8
Gravur
 62
   255
 39
0.016
  6
CONTINUOUS
 10
1.69293
 20
2.25715
 30
 0
 11
1.69461
 21
2.25917
  0
LINE
  8
Gravur
 62
   255
 39
0.016
  6
CONTINUOUS
 10
1.69461
 20
2.25917
 30
 0
 11
1.69476
 21
2.25937
  0
LINE
  8
Gravur
 62
   255
 39
0.016
  6
CONTINUOUS
 10
1.69476
 20
2.25937
 30
 0
 11
1.69476
 21
2.25937
  0
LINE
  8
Gravur
 62
   255
 39
0.016
  6
CONTINUOUS
 10
1.69476
 20
2.25937
 30
 0
 11
1.69601
 21
2.26137
  0
LINE
  8
Gravur
 62
   255
 39
0.016
  6
CONTINUOUS
 10
1.69601
 20
2.26137
 30
 0
 11
1.69623
 21
2.26179
  0
LINE
  8
Gravur
 62
   255
 39
0.016
  6
CONTINUOUS
 10
1.69623
 20
2.26179
 30
 0
 11
1.69751
 21
2.26507
  0
LINE
  8
Gravur
 62
   255
 39
0.016
  6
CONTINUOUS
 10
1.69751
 20
2.26507
 30
 0
 11
1.69764
 21
2.26556
  0
LINE
  8
Gravur
 62
   255
 39
0.016
  6
CONTINUOUS
 10
1.69764
 20
2.26556
 30
 0
 11
1.69764
 21
2.26556
  0
LINE
  8
Gravur
 62
   255
 39
0.016
  6
CONTINUOUS
 10
1.69764
 20
2.26556
 30
 0
 11
1.69835
 21
2.26927
  0
LINE
  8
Gravur
 62
   255
 39
0.016
  6
CONTINUOUS
 10
1.69835
 20
2.26927
 30
 0
 11
1.69851
 21
2.27052
  0
LINE
  8
Gravur
 62
   255
 39
0.016
  6
CONTINUOUS
 10
1.69851
 20
2.27052
 30
 0
 11
1.69851
 21
2.27052
  0
LINE
  8
Gravur
 62
   255
 39
0.016
  6
CONTINUOUS
 10
1.69851
 20
2.27052
 30
 0
 11
1.69859
 21
2.27132
  0
LINE
  8
Gravur
 62
   255
 39
0.016
  6
CONTINUOUS
 10
1.69859
 20
2.27132
 30
 0
 11
1.69867
 21
2.27212
  0
LINE
  8
Gravur
 62
   255
 39
0.016
  6
CONTINUOUS
 10
1.69867
 20
2.27212
 30
 0
 11
1.69872
 21
2.27691
  0
LINE
  8
Gravur
 62
   255
 39
0.016
  6
CONTINUOUS
 10
1.69872
 20
2.27691
 30
 0
 11
1.69869
 21
2.27735
  0
LINE
  8
Gravur
 62
   255
 39
0.016
  6
CONTINUOUS
 10
1.69869
 20
2.27735
 30
 0
 11
1.69869
 21
2.27735
  0
LINE
  8
Gravur
 62
   255
 39
0.016
  6
CONTINUOUS
 10
1.69869
 20
2.27735
 30
 0
 11
1.69801
 21
2.28164
  0
LINE
  8
Gravur
 62
   255
 39
0.016
  6
CONTINUOUS
 10
1.69801
 20
2.28164
 30
 0
 11
1.69779
 21
2.28246
  0
LINE
  8
Gravur
 62
   255
 39
0.016
  6
CONTINUOUS
 10
1.69779
 20
2.28246
 30
 0
 11
1.69721
 21
2.28443
  0
LINE
  8
Gravur
 62
   255
 39
0.016
  6
CONTINUOUS
 10
1.69721
 20
2.28443
 30
 0
 11
1.69712
 21
2.28471
  0
LINE
  8
Gravur
 62
   255
 39
0.016
  6
CONTINUOUS
 10
1.69712
 20
2.28471
 30
 0
 11
1.69712
 21
2.28471
  0
LINE
  8
Gravur
 62
   255
 39
0.016
  6
CONTINUOUS
 10
1.69712
 20
2.28471
 30
 0
 11
1.69625
 21
2.28694
  0
LINE
  8
Gravur
 62
   255
 39
0.016
  6
CONTINUOUS
 10
1.69625
 20
2.28694
 30
 0
 11
1.69591
 21
2.28765
  0
LINE
  8
Gravur
 62
   255
 39
0.016
  6
CONTINUOUS
 10
1.69591
 20
2.28765
 30
 0
 11
1.69591
 21
2.28765
  0
LINE
  8
Gravur
 62
   255
 39
0.016
  6
CONTINUOUS
 10
1.69591
 20
2.28765
 30
 0
 11
1.69559
 21
2.28824
  0
LINE
  8
Gravur
 62
   255
 39
0.016
  6
CONTINUOUS
 10
1.69559
 20
2.28824
 30
 0
 11
1.69524
 21
2.28882
  0
LINE
  8
Gravur
 62
   255
 39
0.016
  6
CONTINUOUS
 10
1.69524
 20
2.28882
 30
 0
 11
1.69164
 21
2.29325
  0
LINE
  8
Gravur
 62
   255
 39
0.016
  6
CONTINUOUS
 10
1.69164
 20
2.29325
 30
 0
 11
1.69027
 21
2.29453
  0
LINE
  8
Gravur
 62
   255
 39
0.016
  6
CONTINUOUS
 10
1.69027
 20
2.29453
 30
 0
 11
1.69027
 21
2.29453
  0
LINE
  8
Gravur
 62
   255
 39
0.016
  6
CONTINUOUS
 10
1.69027
 20
2.29453
 30
 0
 11
1.68471
 21
2.29855
  0
LINE
  8
Gravur
 62
   255
 39
0.016
  6
CONTINUOUS
 10
1.68471
 20
2.29855
 30
 0
 11
1.67867
 21
2.30201
  0
LINE
  8
Gravur
 62
   255
 39
0.016
  6
CONTINUOUS
 10
1.67867
 20
2.30201
 30
 0
 11
1.67867
 21
2.30201
  0
LINE
  8
Gravur
 62
   255
 39
0.016
  6
CONTINUOUS
 10
1.67867
 20
2.30201
 30
 0
 11
1.67217
 21
2.30571
  0
LINE
  8
Gravur
 62
   255
 39
0.016
  6
CONTINUOUS
 10
1.67217
 20
2.30571
 30
 0
 11
1.66624
 21
2.31003
  0
LINE
  8
Gravur
 62
   255
 39
0.016
  6
CONTINUOUS
 10
1.66624
 20
2.31003
 30
 0
 11
1.66624
 21
2.31003
  0
LINE
  8
Gravur
 62
   255
 39
0.016
  6
CONTINUOUS
 10
1.66624
 20
2.31003
 30
 0
 11
1.66331
 21
2.31306
  0
LINE
  8
Gravur
 62
   255
 39
0.016
  6
CONTINUOUS
 10
1.66331
 20
2.31306
 30
 0
 11
1.66086
 21
2.31665
  0
LINE
  8
Gravur
 62
   255
 39
0.016
  6
CONTINUOUS
 10
1.66086
 20
2.31665
 30
 0
 11
1.65840
 21
2.32302
  0
LINE
  8
Gravur
 62
   255
 39
0.016
  6
CONTINUOUS
 10
1.65840
 20
2.32302
 30
 0
 11
1.65811
 21
2.32437
  0
LINE
  8
Gravur
 62
   255
 39
0.016
  6
CONTINUOUS
 10
1.65811
 20
2.32437
 30
 0
 11
1.65811
 21
2.32437
  0
LINE
  8
Gravur
 62
   255
 39
0.016
  6
CONTINUOUS
 10
1.65811
 20
2.32437
 30
 0
 11
1.65768
 21
2.32796
  0
LINE
  8
Gravur
 62
   255
 39
0.016
  6
CONTINUOUS
 10
1.65768
 20
2.32796
 30
 0
 11
1.65778
 21
2.33154
  0
LINE
  8
Gravur
 62
   255
 39
0.016
  6
CONTINUOUS
 10
1.65778
 20
2.33154
 30
 0
 11
1.65843
 21
2.33502
  0
LINE
  8
Gravur
 62
   255
 39
0.016
  6
CONTINUOUS
 10
1.65843
 20
2.33502
 30
 0
 11
1.65966
 21
2.33830
  0
LINE
  8
Gravur
 62
   255
 39
0.016
  6
CONTINUOUS
 10
1.65966
 20
2.33830
 30
 0
 11
1.65966
 21
2.33830
  0
LINE
  8
Gravur
 62
   255
 39
0.016
  6
CONTINUOUS
 10
1.65966
 20
2.33830
 30
 0
 11
1.66217
 21
2.34210
  0
LINE
  8
Gravur
 62
   255
 39
0.016
  6
CONTINUOUS
 10
1.66217
 20
2.34210
 30
 0
 11
1.66578
 21
2.34518
  0
LINE
  8
Gravur
 62
   255
 39
0.016
  6
CONTINUOUS
 10
1.66578
 20
2.34518
 30
 0
 11
1.66722
 21
2.34602
  0
LINE
  8
Gravur
 62
   255
 39
0.016
  6
CONTINUOUS
 10
1.66722
 20
2.34602
 30
 0
 11
1.66744
 21
2.34613
  0
LINE
  8
Gravur
 62
   255
 39
0.016
  6
CONTINUOUS
 10
1.66744
 20
2.34613
 30
 0
 11
1.66744
 21
2.34613
  0
LINE
  8
Gravur
 62
   255
 39
0.016
  6
CONTINUOUS
 10
1.66744
 20
2.34613
 30
 0
 11
1.66942
 21
2.34703
  0
LINE
  8
Gravur
 62
   255
 39
0.016
  6
CONTINUOUS
 10
1.66942
 20
2.34703
 30
 0
 11
1.66983
 21
2.34717
  0
LINE
  8
Gravur
 62
   255
 39
0.016
  6
CONTINUOUS
 10
1.66983
 20
2.34717
 30
 0
 11
1.66983
 21
2.34717
  0
LINE
  8
Gravur
 62
   255
 39
0.016
  6
CONTINUOUS
 10
1.66983
 20
2.34717
 30
 0
 11
1.67013
 21
2.34727
  0
LINE
  8
Gravur
 62
   255
 39
0.016
  6
CONTINUOUS
 10
1.67013
 20
2.34727
 30
 0
 11
1.67042
 21
2.34736
  0
LINE
  8
Gravur
 62
   255
 39
0.016
  6
CONTINUOUS
 10
1.67042
 20
2.34736
 30
 0
 11
1.67521
 21
2.34828
  0
LINE
  8
Gravur
 62
   255
 39
0.016
  6
CONTINUOUS
 10
1.67521
 20
2.34828
 30
 0
 11
1.67618
 21
2.34836
  0
LINE
  8
Gravur
 62
   255
 39
0.016
  6
CONTINUOUS
 10
1.67618
 20
2.34836
 30
 0
 11
1.67618
 21
2.34836
  0
LINE
  8
Gravur
 62
   255
 39
0.016
  6
CONTINUOUS
 10
1.67618
 20
2.34836
 30
 0
 11
1.67903
 21
2.34838
  0
LINE
  8
Gravur
 62
   255
 39
0.016
  6
CONTINUOUS
 10
1.67903
 20
2.34838
 30
 0
 11
1.68187
 21
2.34814
  0
LINE
  8
Gravur
 62
   255
 39
0.016
  6
CONTINUOUS
 10
1.68187
 20
2.34814
 30
 0
 11
1.68470
 21
2.34765
  0
LINE
  8
Gravur
 62
   255
 39
0.016
  6
CONTINUOUS
 10
1.68470
 20
2.34765
 30
 0
 11
1.68748
 21
2.34694
  0
LINE
  8
Gravur
 62
   255
 39
0.016
  6
CONTINUOUS
 10
1.68748
 20
2.34694
 30
 0
 11
1.68748
 21
2.34694
  0
LINE
  8
Gravur
 62
   255
 39
0.016
  6
CONTINUOUS
 10
1.68748
 20
2.34694
 30
 0
 11
1.69206
 21
2.34532
  0
LINE
  8
Gravur
 62
   255
 39
0.016
  6
CONTINUOUS
 10
1.69206
 20
2.34532
 30
 0
 11
1.69639
 21
2.34328
  0
LINE
  8
Gravur
 62
   255
 39
0.016
  6
CONTINUOUS
 10
1.76434
 20
2.25291
 30
 0
 11
1.73505
 21
2.25291
  0
LINE
  8
Gravur
 62
   255
 39
0.016
  6
CONTINUOUS
 10
1.73505
 20
2.25291
 30
 0
 11
1.72750
 21
2.25291
  0
LINE
  8
Gravur
 62
   255
 39
0.016
  6
CONTINUOUS
 10
1.72750
 20
2.25291
 30
 0
 11
1.72481
 21
2.25306
  0
LINE
  8
Gravur
 62
   255
 39
0.016
  6
CONTINUOUS
 10
1.72481
 20
2.25306
 30
 0
 11
1.72458
 21
2.25423
  0
LINE
  8
Gravur
 62
   255
 39
0.016
  6
CONTINUOUS
 10
1.72458
 20
2.25423
 30
 0
 11
1.72458
 21
2.25755
  0
LINE
  8
Gravur
 62
   255
 39
0.016
  6
CONTINUOUS
 10
1.72458
 20
2.25755
 30
 0
 11
1.72458
 21
2.27120
  0
LINE
  8
Gravur
 62
   255
 39
0.016
  6
CONTINUOUS
 10
1.72458
 20
2.27120
 30
 0
 11
1.72458
 21
2.32659
  0
LINE
  8
Gravur
 62
   255
 39
0.016
  6
CONTINUOUS
 10
1.72458
 20
2.32659
 30
 0
 11
1.72458
 21
2.34183
  0
LINE
  8
Gravur
 62
   255
 39
0.016
  6
CONTINUOUS
 10
1.72458
 20
2.34183
 30
 0
 11
1.72458
 21
2.34554
  0
LINE
  8
Gravur
 62
   255
 39
0.016
  6
CONTINUOUS
 10
1.72458
 20
2.34554
 30
 0
 11
1.72481
 21
2.34684
  0
LINE
  8
Gravur
 62
   255
 39
0.016
  6
CONTINUOUS
 10
1.72481
 20
2.34684
 30
 0
 11
1.72750
 21
2.34699
  0
LINE
  8
Gravur
 62
   255
 39
0.016
  6
CONTINUOUS
 10
1.72750
 20
2.34699
 30
 0
 11
1.73505
 21
2.34699
  0
LINE
  8
Gravur
 62
   255
 39
0.016
  6
CONTINUOUS
 10
1.73505
 20
2.34699
 30
 0
 11
1.76434
 21
2.34699
  0
LINE
  8
Gravur
 62
   255
 39
0.016
  6
CONTINUOUS
 10
1.72472
 20
2.30459
 30
 0
 11
1.76301
 21
2.30459
  0
LINE
  8
Gravur
 62
   255
 39
0.016
  6
CONTINUOUS
 10
1.79080
 20
2.25304
 30
 0
 11
1.79080
 21
2.31811
  0
LINE
  8
Gravur
 62
   255
 39
0.016
  6
CONTINUOUS
 10
1.79080
 20
2.31811
 30
 0
 11
1.79080
 21
2.33785
  0
LINE
  8
Gravur
 62
   255
 39
0.016
  6
CONTINUOUS
 10
1.79080
 20
2.33785
 30
 0
 11
1.79080
 21
2.34381
  0
LINE
  8
Gravur
 62
   255
 39
0.016
  6
CONTINUOUS
 10
1.79080
 20
2.34381
 30
 0
 11
1.79075
 21
2.34497
  0
LINE
  8
Gravur
 62
   255
 39
0.016
  6
CONTINUOUS
 10
1.79075
 20
2.34497
 30
 0
 11
1.79074
 21
2.34510
  0
LINE
  8
Gravur
 62
   255
 39
0.016
  6
CONTINUOUS
 10
1.79074
 20
2.34510
 30
 0
 11
1.79074
 21
2.34510
  0
LINE
  8
Gravur
 62
   255
 39
0.016
  6
CONTINUOUS
 10
1.79074
 20
2.34510
 30
 0
 11
1.79080
 21
2.34635
  0
LINE
  8
Gravur
 62
   255
 39
0.016
  6
CONTINUOUS
 10
1.79080
 20
2.34635
 30
 0
 11
1.79086
 21
2.34658
  0
LINE
  8
Gravur
 62
   255
 39
0.016
  6
CONTINUOUS
 10
1.79086
 20
2.34658
 30
 0
 11
1.79089
 21
2.34665
  0
LINE
  8
Gravur
 62
   255
 39
0.016
  6
CONTINUOUS
 10
1.79089
 20
2.34665
 30
 0
 11
1.79092
 21
2.34671
  0
LINE
  8
Gravur
 62
   255
 39
0.016
  6
CONTINUOUS
 10
1.79092
 20
2.34671
 30
 0
 11
1.79092
 21
2.34671
  0
LINE
  8
Gravur
 62
   255
 39
0.016
  6
CONTINUOUS
 10
1.79092
 20
2.34671
 30
 0
 11
1.79144
 21
2.34711
  0
LINE
  8
Gravur
 62
   255
 39
0.016
  6
CONTINUOUS
 10
1.79144
 20
2.34711
 30
 0
 11
1.79223
 21
2.34731
  0
LINE
  8
Gravur
 62
   255
 39
0.016
  6
CONTINUOUS
 10
1.79223
 20
2.34731
 30
 0
 11
1.79223
 21
2.34731
  0
LINE
  8
Gravur
 62
   255
 39
0.016
  6
CONTINUOUS
 10
1.79223
 20
2.34731
 30
 0
 11
1.79291
 21
2.34739
  0
LINE
  8
Gravur
 62
   255
 39
0.016
  6
CONTINUOUS
 10
1.79291
 20
2.34739
 30
 0
 11
1.79345
 21
2.34745
  0
LINE
  8
Gravur
 62
   255
 39
0.016
  6
CONTINUOUS
 10
1.79345
 20
2.34745
 30
 0
 11
1.79766
 21
2.34792
  0
LINE
  8
Gravur
 62
   255
 39
0.016
  6
CONTINUOUS
 10
1.79766
 20
2.34792
 30
 0
 11
1.79804
 21
2.34795
  0
LINE
  8
Gravur
 62
   255
 39
0.016
  6
CONTINUOUS
 10
1.79804
 20
2.34795
 30
 0
 11
1.79804
 21
2.34795
  0
LINE
  8
Gravur
 62
   255
 39
0.016
  6
CONTINUOUS
 10
1.79804
 20
2.34795
 30
 0
 11
1.79942
 21
2.34806
  0
LINE
  8
Gravur
 62
   255
 39
0.016
  6
CONTINUOUS
 10
1.79942
 20
2.34806
 30
 0
 11
1.79988
 21
2.34809
  0
LINE
  8
Gravur
 62
   255
 39
0.016
  6
CONTINUOUS
 10
1.79988
 20
2.34809
 30
 0
 11
1.79988
 21
2.34809
  0
LINE
  8
Gravur
 62
   255
 39
0.016
  6
CONTINUOUS
 10
1.79988
 20
2.34809
 30
 0
 11
1.80071
 21
2.34814
  0
LINE
  8
Gravur
 62
   255
 39
0.016
  6
CONTINUOUS
 10
1.80071
 20
2.34814
 30
 0
 11
1.80154
 21
2.34820
  0
LINE
  8
Gravur
 62
   255
 39
0.016
  6
CONTINUOUS
 10
1.80154
 20
2.34820
 30
 0
 11
1.81100
 21
2.34815
  0
LINE
  8
Gravur
 62
   255
 39
0.016
  6
CONTINUOUS
 10
1.81100
 20
2.34815
 30
 0
 11
1.81239
 21
2.34800
  0
LINE
  8
Gravur
 62
   255
 39
0.016
  6
CONTINUOUS
 10
1.81239
 20
2.34800
 30
 0
 11
1.81239
 21
2.34800
  0
LINE
  8
Gravur
 62
   255
 39
0.016
  6
CONTINUOUS
 10
1.81239
 20
2.34800
 30
 0
 11
1.81604
 21
2.34737
  0
LINE
  8
Gravur
 62
   255
 39
0.016
  6
CONTINUOUS
 10
1.81604
 20
2.34737
 30
 0
 11
1.81957
 21
2.34638
  0
LINE
  8
Gravur
 62
   255
 39
0.016
  6
CONTINUOUS
 10
1.81957
 20
2.34638
 30
 0
 11
1.82287
 21
2.34496
  0
LINE
  8
Gravur
 62
   255
 39
0.016
  6
CONTINUOUS
 10
1.82287
 20
2.34496
 30
 0
 11
1.82584
 21
2.34306
  0
LINE
  8
Gravur
 62
   255
 39
0.016
  6
CONTINUOUS
 10
1.82584
 20
2.34306
 30
 0
 11
1.82584
 21
2.34306
  0
LINE
  8
Gravur
 62
   255
 39
0.016
  6
CONTINUOUS
 10
1.82584
 20
2.34306
 30
 0
 11
1.82876
 21
2.34019
  0
LINE
  8
Gravur
 62
   255
 39
0.016
  6
CONTINUOUS
 10
1.82876
 20
2.34019
 30
 0
 11
1.83097
 21
2.33653
  0
LINE
  8
Gravur
 62
   255
 39
0.016
  6
CONTINUOUS
 10
1.83097
 20
2.33653
 30
 0
 11
1.83197
 21
2.33372
  0
LINE
  8
Gravur
 62
   255
 39
0.016
  6
CONTINUOUS
 10
1.83197
 20
2.33372
 30
 0
 11
1.83206
 21
2.33340
  0
LINE
  8
Gravur
 62
   255
 39
0.016
  6
CONTINUOUS
 10
1.83206
 20
2.33340
 30
 0
 11
1.83206
 21
2.33340
  0
LINE
  8
Gravur
 62
   255
 39
0.016
  6
CONTINUOUS
 10
1.83206
 20
2.33340
 30
 0
 11
1.83241
 21
2.33190
  0
LINE
  8
Gravur
 62
   255
 39
0.016
  6
CONTINUOUS
 10
1.83241
 20
2.33190
 30
 0
 11
1.83251
 21
2.33140
  0
LINE
  8
Gravur
 62
   255
 39
0.016
  6
CONTINUOUS
 10
1.83251
 20
2.33140
 30
 0
 11
1.83251
 21
2.33140
  0
LINE
  8
Gravur
 62
   255
 39
0.016
  6
CONTINUOUS
 10
1.83251
 20
2.33140
 30
 0
 11
1.83270
 21
2.33026
  0
LINE
  8
Gravur
 62
   255
 39
0.016
  6
CONTINUOUS
 10
1.83270
 20
2.33026
 30
 0
 11
1.83285
 21
2.32910
  0
LINE
  8
Gravur
 62
   255
 39
0.016
  6
CONTINUOUS
 10
1.83285
 20
2.32910
 30
 0
 11
1.83311
 21
2.32225
  0
LINE
  8
Gravur
 62
   255
 39
0.016
  6
CONTINUOUS
 10
1.83311
 20
2.32225
 30
 0
 11
1.83305
 21
2.32126
  0
LINE
  8
Gravur
 62
   255
 39
0.016
  6
CONTINUOUS
 10
1.83305
 20
2.32126
 30
 0
 11
1.83305
 21
2.32126
  0
LINE
  8
Gravur
 62
   255
 39
0.016
  6
CONTINUOUS
 10
1.83305
 20
2.32126
 30
 0
 11
1.83275
 21
2.31869
  0
LINE
  8
Gravur
 62
   255
 39
0.016
  6
CONTINUOUS
 10
1.83275
 20
2.31869
 30
 0
 11
1.83223
 21
2.31617
  0
LINE
  8
Gravur
 62
   255
 39
0.016
  6
CONTINUOUS
 10
1.83223
 20
2.31617
 30
 0
 11
1.83148
 21
2.31372
  0
LINE
  8
Gravur
 62
   255
 39
0.016
  6
CONTINUOUS
 10
1.83148
 20
2.31372
 30
 0
 11
1.83046
 21
2.31139
  0
LINE
  8
Gravur
 62
   255
 39
0.016
  6
CONTINUOUS
 10
1.83046
 20
2.31139
 30
 0
 11
1.83046
 21
2.31139
  0
LINE
  8
Gravur
 62
   255
 39
0.016
  6
CONTINUOUS
 10
1.83046
 20
2.31139
 30
 0
 11
1.82898
 21
2.30894
  0
LINE
  8
Gravur
 62
   255
 39
0.016
  6
CONTINUOUS
 10
1.82898
 20
2.30894
 30
 0
 11
1.82711
 21
2.30671
  0
LINE
  8
Gravur
 62
   255
 39
0.016
  6
CONTINUOUS
 10
1.82711
 20
2.30671
 30
 0
 11
1.82337
 21
2.30379
  0
LINE
  8
Gravur
 62
   255
 39
0.016
  6
CONTINUOUS
 10
1.82337
 20
2.30379
 30
 0
 11
1.82291
 21
2.30353
  0
LINE
  8
Gravur
 62
   255
 39
0.016
  6
CONTINUOUS
 10
1.82291
 20
2.30353
 30
 0
 11
1.82291
 21
2.30353
  0
LINE
  8
Gravur
 62
   255
 39
0.016
  6
CONTINUOUS
 10
1.82291
 20
2.30353
 30
 0
 11
1.81829
 21
2.30151
  0
LINE
  8
Gravur
 62
   255
 39
0.016
  6
CONTINUOUS
 10
1.81829
 20
2.30151
 30
 0
 11
1.81731
 21
2.30119
  0
LINE
  8
Gravur
 62
   255
 39
0.016
  6
CONTINUOUS
 10
1.81731
 20
2.30119
 30
 0
 11
1.81182
 21
2.29942
  0
LINE
  8
Gravur
 62
   255
 39
0.016
  6
CONTINUOUS
 10
1.81182
 20
2.29942
 30
 0
 11
1.81259
 21
2.29911
  0
LINE
  8
Gravur
 62
   255
 39
0.016
  6
CONTINUOUS
 10
1.81259
 20
2.29911
 30
 0
 11
1.81289
 21
2.29898
  0
LINE
  8
Gravur
 62
   255
 39
0.016
  6
CONTINUOUS
 10
1.81289
 20
2.29898
 30
 0
 11
1.81481
 21
2.29817
  0
LINE
  8
Gravur
 62
   255
 39
0.016
  6
CONTINUOUS
 10
1.81481
 20
2.29817
 30
 0
 11
1.81523
 21
2.29799
  0
LINE
  8
Gravur
 62
   255
 39
0.016
  6
CONTINUOUS
 10
1.81523
 20
2.29799
 30
 0
 11
1.81523
 21
2.29799
  0
LINE
  8
Gravur
 62
   255
 39
0.016
  6
CONTINUOUS
 10
1.81523
 20
2.29799
 30
 0
 11
1.81806
 21
2.29669
  0
LINE
  8
Gravur
 62
   255
 39
0.016
  6
CONTINUOUS
 10
1.81806
 20
2.29669
 30
 0
 11
1.81837
 21
2.29651
  0
LINE
  8
Gravur
 62
   255
 39
0.016
  6
CONTINUOUS
 10
1.81837
 20
2.29651
 30
 0
 11
1.81999
 21
2.29530
  0
LINE
  8
Gravur
 62
   255
 39
0.016
  6
CONTINUOUS
 10
1.81999
 20
2.29530
 30
 0
 11
1.82029
 21
2.29504
  0
LINE
  8
Gravur
 62
   255
 39
0.016
  6
CONTINUOUS
 10
1.82029
 20
2.29504
 30
 0
 11
1.82029
 21
2.29504
  0
LINE
  8
Gravur
 62
   255
 39
0.016
  6
CONTINUOUS
 10
1.82029
 20
2.29504
 30
 0
 11
1.82249
 21
2.29254
  0
LINE
  8
Gravur
 62
   255
 39
0.016
  6
CONTINUOUS
 10
1.82249
 20
2.29254
 30
 0
 11
1.82313
 21
2.29162
  0
LINE
  8
Gravur
 62
   255
 39
0.016
  6
CONTINUOUS
 10
1.82313
 20
2.29162
 30
 0
 11
1.82313
 21
2.29162
  0
LINE
  8
Gravur
 62
   255
 39
0.016
  6
CONTINUOUS
 10
1.82313
 20
2.29162
 30
 0
 11
1.82388
 21
2.29037
  0
LINE
  8
Gravur
 62
   255
 39
0.016
  6
CONTINUOUS
 10
1.82388
 20
2.29037
 30
 0
 11
1.82456
 21
2.28909
  0
LINE
  8
Gravur
 62
   255
 39
0.016
  6
CONTINUOUS
 10
1.82456
 20
2.28909
 30
 0
 11
1.82758
 21
2.28055
  0
LINE
  8
Gravur
 62
   255
 39
0.016
  6
CONTINUOUS
 10
1.82758
 20
2.28055
 30
 0
 11
1.82779
 21
2.27974
  0
LINE
  8
Gravur
 62
   255
 39
0.016
  6
CONTINUOUS
 10
1.82779
 20
2.27974
 30
 0
 11
1.82779
 21
2.27974
  0
LINE
  8
Gravur
 62
   255
 39
0.016
  6
CONTINUOUS
 10
1.82779
 20
2.27974
 30
 0
 11
1.82933
 21
2.27348
  0
LINE
  8
Gravur
 62
   255
 39
0.016
  6
CONTINUOUS
 10
1.82933
 20
2.27348
 30
 0
 11
1.82965
 21
2.27226
  0
LINE
  8
Gravur
 62
   255
 39
0.016
  6
CONTINUOUS
 10
1.82965
 20
2.27226
 30
 0
 11
1.83296
 21
2.25980
  0
LINE
  8
Gravur
 62
   255
 39
0.016
  6
CONTINUOUS
 10
1.83296
 20
2.25980
 30
 0
 11
1.83380
 21
2.25689
  0
LINE
  8
Gravur
 62
   255
 39
0.016
  6
CONTINUOUS
 10
1.83380
 20
2.25689
 30
 0
 11
1.83390
 21
2.25657
  0
LINE
  8
Gravur
 62
   255
 39
0.016
  6
CONTINUOUS
 10
1.83390
 20
2.25657
 30
 0
 11
1.83390
 21
2.25657
  0
LINE
  8
Gravur
 62
   255
 39
0.016
  6
CONTINUOUS
 10
1.83390
 20
2.25657
 30
 0
 11
1.83469
 21
2.25341
  0
LINE
  8
Gravur
 62
   255
 39
0.016
  6
CONTINUOUS
 10
1.83469
 20
2.25341
 30
 0
 11
1.83480
 21
2.25278
  0
LINE
  8
Gravur
 62
   255
 39
0.016
  6
CONTINUOUS
 10
1.79094
 20
2.29929
 30
 0
 11
1.81199
 21
2.29942
  0
LINE
  8
Gravur
 62
   255
 39
0.016
  6
CONTINUOUS
 10
2.43541
 20
2.25834
 30
 0
 11
2.44254
 21
2.25441
  0
LINE
  8
Gravur
 62
   255
 39
0.016
  6
CONTINUOUS
 10
2.44254
 20
2.25441
 30
 0
 11
2.44359
 21
2.25397
  0
LINE
  8
Gravur
 62
   255
 39
0.016
  6
CONTINUOUS
 10
2.44359
 20
2.25397
 30
 0
 11
2.44682
 21
2.25288
  0
LINE
  8
Gravur
 62
   255
 39
0.016
  6
CONTINUOUS
 10
2.44682
 20
2.25288
 30
 0
 11
2.44792
 21
2.25259
  0
LINE
  8
Gravur
 62
   255
 39
0.016
  6
CONTINUOUS
 10
2.44792
 20
2.25259
 30
 0
 11
2.44792
 21
2.25259
  0
LINE
  8
Gravur
 62
   255
 39
0.016
  6
CONTINUOUS
 10
2.44792
 20
2.25259
 30
 0
 11
2.45341
 21
2.25174
  0
LINE
  8
Gravur
 62
   255
 39
0.016
  6
CONTINUOUS
 10
2.45341
 20
2.25174
 30
 0
 11
2.45529
 21
2.25169
  0
LINE
  8
Gravur
 62
   255
 39
0.016
  6
CONTINUOUS
 10
2.45529
 20
2.25169
 30
 0
 11
2.45719
 21
2.25175
  0
LINE
  8
Gravur
 62
   255
 39
0.016
  6
CONTINUOUS
 10
2.45719
 20
2.25175
 30
 0
 11
2.45913
 21
2.25194
  0
LINE
  8
Gravur
 62
   255
 39
0.016
  6
CONTINUOUS
 10
2.45913
 20
2.25194
 30
 0
 11
2.46316
 21
2.25283
  0
LINE
  8
Gravur
 62
   255
 39
0.016
  6
CONTINUOUS
 10
2.46316
 20
2.25283
 30
 0
 11
2.46372
 21
2.25302
  0
LINE
  8
Gravur
 62
   255
 39
0.016
  6
CONTINUOUS
 10
2.46372
 20
2.25302
 30
 0
 11
2.46372
 21
2.25302
  0
LINE
  8
Gravur
 62
   255
 39
0.016
  6
CONTINUOUS
 10
2.46372
 20
2.25302
 30
 0
 11
2.46735
 21
2.25473
  0
LINE
  8
Gravur
 62
   255
 39
0.016
  6
CONTINUOUS
 10
2.46735
 20
2.25473
 30
 0
 11
2.46845
 21
2.25547
  0
LINE
  8
Gravur
 62
   255
 39
0.016
  6
CONTINUOUS
 10
2.46845
 20
2.25547
 30
 0
 11
2.46845
 21
2.25547
  0
LINE
  8
Gravur
 62
   255
 39
0.016
  6
CONTINUOUS
 10
2.46845
 20
2.25547
 30
 0
 11
2.46945
 21
2.25627
  0
LINE
  8
Gravur
 62
   255
 39
0.016
  6
CONTINUOUS
 10
2.46945
 20
2.25627
 30
 0
 11
2.47037
 21
2.25715
  0
LINE
  8
Gravur
 62
   255
 39
0.016
  6
CONTINUOUS
 10
2.47037
 20
2.25715
 30
 0
 11
2.47206
 21
2.25917
  0
LINE
  8
Gravur
 62
   255
 39
0.016
  6
CONTINUOUS
 10
2.47206
 20
2.25917
 30
 0
 11
2.47220
 21
2.25937
  0
LINE
  8
Gravur
 62
   255
 39
0.016
  6
CONTINUOUS
 10
2.47220
 20
2.25937
 30
 0
 11
2.47220
 21
2.25937
  0
LINE
  8
Gravur
 62
   255
 39
0.016
  6
CONTINUOUS
 10
2.47220
 20
2.25937
 30
 0
 11
2.47345
 21
2.26137
  0
LINE
  8
Gravur
 62
   255
 39
0.016
  6
CONTINUOUS
 10
2.47345
 20
2.26137
 30
 0
 11
2.47367
 21
2.26179
  0
LINE
  8
Gravur
 62
   255
 39
0.016
  6
CONTINUOUS
 10
2.47367
 20
2.26179
 30
 0
 11
2.47495
 21
2.26507
  0
LINE
  8
Gravur
 62
   255
 39
0.016
  6
CONTINUOUS
 10
2.47495
 20
2.26507
 30
 0
 11
2.47508
 21
2.26556
  0
LINE
  8
Gravur
 62
   255
 39
0.016
  6
CONTINUOUS
 10
2.47508
 20
2.26556
 30
 0
 11
2.47508
 21
2.26556
  0
LINE
  8
Gravur
 62
   255
 39
0.016
  6
CONTINUOUS
 10
2.47508
 20
2.26556
 30
 0
 11
2.47580
 21
2.26927
  0
LINE
  8
Gravur
 62
   255
 39
0.016
  6
CONTINUOUS
 10
2.47580
 20
2.26927
 30
 0
 11
2.47595
 21
2.27052
  0
LINE
  8
Gravur
 62
   255
 39
0.016
  6
CONTINUOUS
 10
2.47595
 20
2.27052
 30
 0
 11
2.47595
 21
2.27052
  0
LINE
  8
Gravur
 62
   255
 39
0.016
  6
CONTINUOUS
 10
2.47595
 20
2.27052
 30
 0
 11
2.47604
 21
2.27132
  0
LINE
  8
Gravur
 62
   255
 39
0.016
  6
CONTINUOUS
 10
2.47604
 20
2.27132
 30
 0
 11
2.47611
 21
2.27212
  0
LINE
  8
Gravur
 62
   255
 39
0.016
  6
CONTINUOUS
 10
2.47611
 20
2.27212
 30
 0
 11
2.47616
 21
2.27691
  0
LINE
  8
Gravur
 62
   255
 39
0.016
  6
CONTINUOUS
 10
2.47616
 20
2.27691
 30
 0
 11
2.47613
 21
2.27735
  0
LINE
  8
Gravur
 62
   255
 39
0.016
  6
CONTINUOUS
 10
2.47613
 20
2.27735
 30
 0
 11
2.47613
 21
2.27735
  0
LINE
  8
Gravur
 62
   255
 39
0.016
  6
CONTINUOUS
 10
2.47613
 20
2.27735
 30
 0
 11
2.47545
 21
2.28164
  0
LINE
  8
Gravur
 62
   255
 39
0.016
  6
CONTINUOUS
 10
2.47545
 20
2.28164
 30
 0
 11
2.47524
 21
2.28246
  0
LINE
  8
Gravur
 62
   255
 39
0.016
  6
CONTINUOUS
 10
2.47524
 20
2.28246
 30
 0
 11
2.47465
 21
2.28443
  0
LINE
  8
Gravur
 62
   255
 39
0.016
  6
CONTINUOUS
 10
2.47465
 20
2.28443
 30
 0
 11
2.47456
 21
2.28471
  0
LINE
  8
Gravur
 62
   255
 39
0.016
  6
CONTINUOUS
 10
2.47456
 20
2.28471
 30
 0
 11
2.47456
 21
2.28471
  0
LINE
  8
Gravur
 62
   255
 39
0.016
  6
CONTINUOUS
 10
2.47456
 20
2.28471
 30
 0
 11
2.47369
 21
2.28694
  0
LINE
  8
Gravur
 62
   255
 39
0.016
  6
CONTINUOUS
 10
2.47369
 20
2.28694
 30
 0
 11
2.47335
 21
2.28765
  0
LINE
  8
Gravur
 62
   255
 39
0.016
  6
CONTINUOUS
 10
2.47335
 20
2.28765
 30
 0
 11
2.47335
 21
2.28765
  0
LINE
  8
Gravur
 62
   255
 39
0.016
  6
CONTINUOUS
 10
2.47335
 20
2.28765
 30
 0
 11
2.47303
 21
2.28824
  0
LINE
  8
Gravur
 62
   255
 39
0.016
  6
CONTINUOUS
 10
2.47303
 20
2.28824
 30
 0
 11
2.47268
 21
2.28882
  0
LINE
  8
Gravur
 62
   255
 39
0.016
  6
CONTINUOUS
 10
2.47268
 20
2.28882
 30
 0
 11
2.46908
 21
2.29325
  0
LINE
  8
Gravur
 62
   255
 39
0.016
  6
CONTINUOUS
 10
2.46908
 20
2.29325
 30
 0
 11
2.46771
 21
2.29453
  0
LINE
  8
Gravur
 62
   255
 39
0.016
  6
CONTINUOUS
 10
2.46771
 20
2.29453
 30
 0
 11
2.46771
 21
2.29453
  0
LINE
  8
Gravur
 62
   255
 39
0.016
  6
CONTINUOUS
 10
2.46771
 20
2.29453
 30
 0
 11
2.46216
 21
2.29855
  0
LINE
  8
Gravur
 62
   255
 39
0.016
  6
CONTINUOUS
 10
2.46216
 20
2.29855
 30
 0
 11
2.45612
 21
2.30201
  0
LINE
  8
Gravur
 62
   255
 39
0.016
  6
CONTINUOUS
 10
2.45612
 20
2.30201
 30
 0
 11
2.45612
 21
2.30201
  0
LINE
  8
Gravur
 62
   255
 39
0.016
  6
CONTINUOUS
 10
2.45612
 20
2.30201
 30
 0
 11
2.44962
 21
2.30571
  0
LINE
  8
Gravur
 62
   255
 39
0.016
  6
CONTINUOUS
 10
2.44962
 20
2.30571
 30
 0
 11
2.44368
 21
2.31003
  0
LINE
  8
Gravur
 62
   255
 39
0.016
  6
CONTINUOUS
 10
2.44368
 20
2.31003
 30
 0
 11
2.44368
 21
2.31003
  0
LINE
  8
Gravur
 62
   255
 39
0.016
  6
CONTINUOUS
 10
2.44368
 20
2.31003
 30
 0
 11
2.44075
 21
2.31306
  0
LINE
  8
Gravur
 62
   255
 39
0.016
  6
CONTINUOUS
 10
2.44075
 20
2.31306
 30
 0
 11
2.43830
 21
2.31665
  0
LINE
  8
Gravur
 62
   255
 39
0.016
  6
CONTINUOUS
 10
2.43830
 20
2.31665
 30
 0
 11
2.43584
 21
2.32302
  0
LINE
  8
Gravur
 62
   255
 39
0.016
  6
CONTINUOUS
 10
2.43584
 20
2.32302
 30
 0
 11
2.43555
 21
2.32437
  0
LINE
  8
Gravur
 62
   255
 39
0.016
  6
CONTINUOUS
 10
2.43555
 20
2.32437
 30
 0
 11
2.43555
 21
2.32437
  0
LINE
  8
Gravur
 62
   255
 39
0.016
  6
CONTINUOUS
 10
2.43555
 20
2.32437
 30
 0
 11
2.43513
 21
2.32796
  0
LINE
  8
Gravur
 62
   255
 39
0.016
  6
CONTINUOUS
 10
2.43513
 20
2.32796
 30
 0
 11
2.43522
 21
2.33154
  0
LINE
  8
Gravur
 62
   255
 39
0.016
  6
CONTINUOUS
 10
2.43522
 20
2.33154
 30
 0
 11
2.43587
 21
2.33502
  0
LINE
  8
Gravur
 62
   255
 39
0.016
  6
CONTINUOUS
 10
2.43587
 20
2.33502
 30
 0
 11
2.43710
 21
2.33830
  0
LINE
  8
Gravur
 62
   255
 39
0.016
  6
CONTINUOUS
 10
2.43710
 20
2.33830
 30
 0
 11
2.43710
 21
2.33830
  0
LINE
  8
Gravur
 62
   255
 39
0.016
  6
CONTINUOUS
 10
2.43710
 20
2.33830
 30
 0
 11
2.43961
 21
2.34210
  0
LINE
  8
Gravur
 62
   255
 39
0.016
  6
CONTINUOUS
 10
2.43961
 20
2.34210
 30
 0
 11
2.44322
 21
2.34518
  0
LINE
  8
Gravur
 62
   255
 39
0.016
  6
CONTINUOUS
 10
2.44322
 20
2.34518
 30
 0
 11
2.44467
 21
2.34602
  0
LINE
  8
Gravur
 62
   255
 39
0.016
  6
CONTINUOUS
 10
2.44467
 20
2.34602
 30
 0
 11
2.44488
 21
2.34613
  0
LINE
  8
Gravur
 62
   255
 39
0.016
  6
CONTINUOUS
 10
2.44488
 20
2.34613
 30
 0
 11
2.44488
 21
2.34613
  0
LINE
  8
Gravur
 62
   255
 39
0.016
  6
CONTINUOUS
 10
2.44488
 20
2.34613
 30
 0
 11
2.44686
 21
2.34703
  0
LINE
  8
Gravur
 62
   255
 39
0.016
  6
CONTINUOUS
 10
2.44686
 20
2.34703
 30
 0
 11
2.44727
 21
2.34717
  0
LINE
  8
Gravur
 62
   255
 39
0.016
  6
CONTINUOUS
 10
2.44727
 20
2.34717
 30
 0
 11
2.44727
 21
2.34717
  0
LINE
  8
Gravur
 62
   255
 39
0.016
  6
CONTINUOUS
 10
2.44727
 20
2.34717
 30
 0
 11
2.44757
 21
2.34727
  0
LINE
  8
Gravur
 62
   255
 39
0.016
  6
CONTINUOUS
 10
2.44757
 20
2.34727
 30
 0
 11
2.44786
 21
2.34736
  0
LINE
  8
Gravur
 62
   255
 39
0.016
  6
CONTINUOUS
 10
2.44786
 20
2.34736
 30
 0
 11
2.45265
 21
2.34828
  0
LINE
  8
Gravur
 62
   255
 39
0.016
  6
CONTINUOUS
 10
2.45265
 20
2.34828
 30
 0
 11
2.45362
 21
2.34836
  0
LINE
  8
Gravur
 62
   255
 39
0.016
  6
CONTINUOUS
 10
2.45362
 20
2.34836
 30
 0
 11
2.45362
 21
2.34836
  0
LINE
  8
Gravur
 62
   255
 39
0.016
  6
CONTINUOUS
 10
2.45362
 20
2.34836
 30
 0
 11
2.45647
 21
2.34838
  0
LINE
  8
Gravur
 62
   255
 39
0.016
  6
CONTINUOUS
 10
2.45647
 20
2.34838
 30
 0
 11
2.45931
 21
2.34814
  0
LINE
  8
Gravur
 62
   255
 39
0.016
  6
CONTINUOUS
 10
2.45931
 20
2.34814
 30
 0
 11
2.46214
 21
2.34765
  0
LINE
  8
Gravur
 62
   255
 39
0.016
  6
CONTINUOUS
 10
2.46214
 20
2.34765
 30
 0
 11
2.46493
 21
2.34694
  0
LINE
  8
Gravur
 62
   255
 39
0.016
  6
CONTINUOUS
 10
2.46493
 20
2.34694
 30
 0
 11
2.46493
 21
2.34694
  0
LINE
  8
Gravur
 62
   255
 39
0.016
  6
CONTINUOUS
 10
2.46493
 20
2.34694
 30
 0
 11
2.46950
 21
2.34532
  0
LINE
  8
Gravur
 62
   255
 39
0.016
  6
CONTINUOUS
 10
2.46950
 20
2.34532
 30
 0
 11
2.47384
 21
2.34328
  0
LINE
  8
Gravur
 62
   255
 39
0.016
  6
CONTINUOUS
 10
2.49739
 20
2.25304
 30
 0
 11
2.49739
 21
2.32473
  0
LINE
  8
Gravur
 62
   255
 39
0.016
  6
CONTINUOUS
 10
2.49739
 20
2.32473
 30
 0
 11
2.49739
 21
2.34196
  0
LINE
  8
Gravur
 62
   255
 39
0.016
  6
CONTINUOUS
 10
2.49739
 20
2.34196
 30
 0
 11
2.49730
 21
2.34388
  0
LINE
  8
Gravur
 62
   255
 39
0.016
  6
CONTINUOUS
 10
2.49730
 20
2.34388
 30
 0
 11
2.49730
 21
2.34421
  0
LINE
  8
Gravur
 62
   255
 39
0.016
  6
CONTINUOUS
 10
2.49730
 20
2.34421
 30
 0
 11
2.49730
 21
2.34421
  0
LINE
  8
Gravur
 62
   255
 39
0.016
  6
CONTINUOUS
 10
2.49730
 20
2.34421
 30
 0
 11
2.49766
 21
2.34631
  0
LINE
  8
Gravur
 62
   255
 39
0.016
  6
CONTINUOUS
 10
2.49766
 20
2.34631
 30
 0
 11
2.49801
 21
2.34670
  0
LINE
  8
Gravur
 62
   255
 39
0.016
  6
CONTINUOUS
 10
2.49801
 20
2.34670
 30
 0
 11
2.49801
 21
2.34670
  0
LINE
  8
Gravur
 62
   255
 39
0.016
  6
CONTINUOUS
 10
2.49801
 20
2.34670
 30
 0
 11
2.49858
 21
2.34681
  0
LINE
  8
Gravur
 62
   255
 39
0.016
  6
CONTINUOUS
 10
2.49858
 20
2.34681
 30
 0
 11
2.49937
 21
2.34654
  0
LINE
  8
Gravur
 62
   255
 39
0.016
  6
CONTINUOUS
 10
2.49937
 20
2.34654
 30
 0
 11
2.49939
 21
2.34653
  0
LINE
  8
Gravur
 62
   255
 39
0.016
  6
CONTINUOUS
 10
2.49939
 20
2.34653
 30
 0
 11
2.49941
 21
2.34652
  0
LINE
  8
Gravur
 62
   255
 39
0.016
  6
CONTINUOUS
 10
2.49941
 20
2.34652
 30
 0
 11
2.49941
 21
2.34652
  0
LINE
  8
Gravur
 62
   255
 39
0.016
  6
CONTINUOUS
 10
2.49941
 20
2.34652
 30
 0
 11
2.50007
 21
2.34577
  0
LINE
  8
Gravur
 62
   255
 39
0.016
  6
CONTINUOUS
 10
2.50007
 20
2.34577
 30
 0
 11
2.50048
 21
2.34469
  0
LINE
  8
Gravur
 62
   255
 39
0.016
  6
CONTINUOUS
 10
2.50048
 20
2.34469
 30
 0
 11
2.50048
 21
2.34469
  0
LINE
  8
Gravur
 62
   255
 39
0.016
  6
CONTINUOUS
 10
2.50048
 20
2.34469
 30
 0
 11
2.50070
 21
2.34379
  0
LINE
  8
Gravur
 62
   255
 39
0.016
  6
CONTINUOUS
 10
2.50070
 20
2.34379
 30
 0
 11
2.50089
 21
2.34302
  0
LINE
  8
Gravur
 62
   255
 39
0.016
  6
CONTINUOUS
 10
2.50089
 20
2.34302
 30
 0
 11
2.50380
 21
2.33335
  0
LINE
  8
Gravur
 62
   255
 39
0.016
  6
CONTINUOUS
 10
2.50380
 20
2.33335
 30
 0
 11
2.51541
 21
2.29478
  0
LINE
  8
Gravur
 62
   255
 39
0.016
  6
CONTINUOUS
 10
2.51541
 20
2.29478
 30
 0
 11
2.51897
 21
2.28299
  0
LINE
  8
Gravur
 62
   255
 39
0.016
  6
CONTINUOUS
 10
2.51897
 20
2.28299
 30
 0
 11
2.51928
 21
2.28168
  0
LINE
  8
Gravur
 62
   255
 39
0.016
  6
CONTINUOUS
 10
2.51928
 20
2.28168
 30
 0
 11
2.51934
 21
2.28147
  0
LINE
  8
Gravur
 62
   255
 39
0.016
  6
CONTINUOUS
 10
2.51934
 20
2.28147
 30
 0
 11
2.51934
 21
2.28147
  0
LINE
  8
Gravur
 62
   255
 39
0.016
  6
CONTINUOUS
 10
2.51934
 20
2.28147
 30
 0
 11
2.51998
 21
2.27998
  0
LINE
  8
Gravur
 62
   255
 39
0.016
  6
CONTINUOUS
 10
2.51998
 20
2.27998
 30
 0
 11
2.52033
 21
2.27965
  0
LINE
  8
Gravur
 62
   255
 39
0.016
  6
CONTINUOUS
 10
2.52033
 20
2.27965
 30
 0
 11
2.52033
 21
2.27965
  0
LINE
  8
Gravur
 62
   255
 39
0.016
  6
CONTINUOUS
 10
2.52033
 20
2.27965
 30
 0
 11
2.52069
 21
2.27948
  0
LINE
  8
Gravur
 62
   255
 39
0.016
  6
CONTINUOUS
 10
2.52069
 20
2.27948
 30
 0
 11
2.52111
 21
2.27941
  0
LINE
  8
Gravur
 62
   255
 39
0.016
  6
CONTINUOUS
 10
2.52111
 20
2.27941
 30
 0
 11
2.52195
 21
2.27963
  0
LINE
  8
Gravur
 62
   255
 39
0.016
  6
CONTINUOUS
 10
2.52195
 20
2.27963
 30
 0
 11
2.52208
 21
2.27972
  0
LINE
  8
Gravur
 62
   255
 39
0.016
  6
CONTINUOUS
 10
2.52208
 20
2.27972
 30
 0
 11
2.52208
 21
2.27972
  0
LINE
  8
Gravur
 62
   255
 39
0.016
  6
CONTINUOUS
 10
2.52208
 20
2.27972
 30
 0
 11
2.52289
 21
2.28107
  0
LINE
  8
Gravur
 62
   255
 39
0.016
  6
CONTINUOUS
 10
2.52289
 20
2.28107
 30
 0
 11
2.52305
 21
2.28163
  0
LINE
  8
Gravur
 62
   255
 39
0.016
  6
CONTINUOUS
 10
2.52305
 20
2.28163
 30
 0
 11
2.52305
 21
2.28163
  0
LINE
  8
Gravur
 62
   255
 39
0.016
  6
CONTINUOUS
 10
2.52305
 20
2.28163
 30
 0
 11
2.52321
 21
2.28233
  0
LINE
  8
Gravur
 62
   255
 39
0.016
  6
CONTINUOUS
 10
2.52321
 20
2.28233
 30
 0
 11
2.52338
 21
2.28299
  0
LINE
  8
Gravur
 62
   255
 39
0.016
  6
CONTINUOUS
 10
2.52338
 20
2.28299
 30
 0
 11
2.52689
 21
2.29465
  0
LINE
  8
Gravur
 62
   255
 39
0.016
  6
CONTINUOUS
 10
2.52689
 20
2.29465
 30
 0
 11
2.53854
 21
2.33335
  0
LINE
  8
Gravur
 62
   255
 39
0.016
  6
CONTINUOUS
 10
2.53854
 20
2.33335
 30
 0
 11
2.54151
 21
2.34315
  0
LINE
  8
Gravur
 62
   255
 39
0.016
  6
CONTINUOUS
 10
2.54151
 20
2.34315
 30
 0
 11
2.54186
 21
2.34457
  0
LINE
  8
Gravur
 62
   255
 39
0.016
  6
CONTINUOUS
 10
2.54186
 20
2.34457
 30
 0
 11
2.54191
 21
2.34474
  0
LINE
  8
Gravur
 62
   255
 39
0.016
  6
CONTINUOUS
 10
2.54191
 20
2.34474
 30
 0
 11
2.54191
 21
2.34474
  0
LINE
  8
Gravur
 62
   255
 39
0.016
  6
CONTINUOUS
 10
2.54191
 20
2.34474
 30
 0
 11
2.54266
 21
2.34630
  0
LINE
  8
Gravur
 62
   255
 39
0.016
  6
CONTINUOUS
 10
2.54266
 20
2.34630
 30
 0
 11
2.54290
 21
2.34649
  0
LINE
  8
Gravur
 62
   255
 39
0.016
  6
CONTINUOUS
 10
2.54290
 20
2.34649
 30
 0
 11
2.54290
 21
2.34649
  0
LINE
  8
Gravur
 62
   255
 39
0.016
  6
CONTINUOUS
 10
2.54290
 20
2.34649
 30
 0
 11
2.54294
 21
2.34652
  0
LINE
  8
Gravur
 62
   255
 39
0.016
  6
CONTINUOUS
 10
2.54294
 20
2.34652
 30
 0
 11
2.54298
 21
2.34654
  0
LINE
  8
Gravur
 62
   255
 39
0.016
  6
CONTINUOUS
 10
2.54298
 20
2.34654
 30
 0
 11
2.54423
 21
2.34679
  0
LINE
  8
Gravur
 62
   255
 39
0.016
  6
CONTINUOUS
 10
2.54423
 20
2.34679
 30
 0
 11
2.54440
 21
2.34671
  0
LINE
  8
Gravur
 62
   255
 39
0.016
  6
CONTINUOUS
 10
2.54440
 20
2.34671
 30
 0
 11
2.54440
 21
2.34671
  0
LINE
  8
Gravur
 62
   255
 39
0.016
  6
CONTINUOUS
 10
2.54440
 20
2.34671
 30
 0
 11
2.54511
 21
2.34502
  0
LINE
  8
Gravur
 62
   255
 39
0.016
  6
CONTINUOUS
 10
2.54511
 20
2.34502
 30
 0
 11
2.54516
 21
2.34423
  0
LINE
  8
Gravur
 62
   255
 39
0.016
  6
CONTINUOUS
 10
2.54516
 20
2.34423
 30
 0
 11
2.54516
 21
2.34423
  0
LINE
  8
Gravur
 62
   255
 39
0.016
  6
CONTINUOUS
 10
2.54516
 20
2.34423
 30
 0
 11
2.54513
 21
2.34294
  0
LINE
  8
Gravur
 62
   255
 39
0.016
  6
CONTINUOUS
 10
2.54513
 20
2.34294
 30
 0
 11
2.54509
 21
2.34196
  0
LINE
  8
Gravur
 62
   255
 39
0.016
  6
CONTINUOUS
 10
2.54509
 20
2.34196
 30
 0
 11
2.54509
 21
2.32473
  0
LINE
  8
Gravur
 62
   255
 39
0.016
  6
CONTINUOUS
 10
2.54509
 20
2.32473
 30
 0
 11
2.54509
 21
2.25304
  0
LINE
  8
Gravur
 62
   255
 39
0.016
  6
CONTINUOUS
 10
2.58613
 20
2.34826
 30
 0
 11
2.58858
 21
2.34834
  0
LINE
  8
Gravur
 62
   255
 39
0.016
  6
CONTINUOUS
 10
2.58858
 20
2.34834
 30
 0
 11
2.58881
 21
2.34833
  0
LINE
  8
Gravur
 62
   255
 39
0.016
  6
CONTINUOUS
 10
2.58881
 20
2.34833
 30
 0
 11
2.58881
 21
2.34833
  0
LINE
  8
Gravur
 62
   255
 39
0.016
  6
CONTINUOUS
 10
2.58881
 20
2.34833
 30
 0
 11
2.59102
 21
2.34808
  0
LINE
  8
Gravur
 62
   255
 39
0.016
  6
CONTINUOUS
 10
2.59102
 20
2.34808
 30
 0
 11
2.59143
 21
2.34800
  0
LINE
  8
Gravur
 62
   255
 39
0.016
  6
CONTINUOUS
 10
2.59143
 20
2.34800
 30
 0
 11
2.59385
 21
2.34743
  0
LINE
  8
Gravur
 62
   255
 39
0.016
  6
CONTINUOUS
 10
2.59385
 20
2.34743
 30
 0
 11
2.59406
 21
2.34736
  0
LINE
  8
Gravur
 62
   255
 39
0.016
  6
CONTINUOUS
 10
2.59406
 20
2.34736
 30
 0
 11
2.59406
 21
2.34736
  0
LINE
  8
Gravur
 62
   255
 39
0.016
  6
CONTINUOUS
 10
2.59406
 20
2.34736
 30
 0
 11
2.59607
 21
2.34660
  0
LINE
  8
Gravur
 62
   255
 39
0.016
  6
CONTINUOUS
 10
2.59607
 20
2.34660
 30
 0
 11
2.59647
 21
2.34641
  0
LINE
  8
Gravur
 62
   255
 39
0.016
  6
CONTINUOUS
 10
2.59647
 20
2.34641
 30
 0
 11
2.60041
 21
2.34370
  0
LINE
  8
Gravur
 62
   255
 39
0.016
  6
CONTINUOUS
 10
2.60041
 20
2.34370
 30
 0
 11
2.60108
 21
2.34306
  0
LINE
  8
Gravur
 62
   255
 39
0.016
  6
CONTINUOUS
 10
2.60108
 20
2.34306
 30
 0
 11
2.60172
 21
2.34238
  0
LINE
  8
Gravur
 62
   255
 39
0.016
  6
CONTINUOUS
 10
2.60172
 20
2.34238
 30
 0
 11
2.60232
 21
2.34168
  0
LINE
  8
Gravur
 62
   255
 39
0.016
  6
CONTINUOUS
 10
2.60232
 20
2.34168
 30
 0
 11
2.60232
 21
2.34168
  0
LINE
  8
Gravur
 62
   255
 39
0.016
  6
CONTINUOUS
 10
2.60232
 20
2.34168
 30
 0
 11
2.60375
 21
2.33970
  0
LINE
  8
Gravur
 62
   255
 39
0.016
  6
CONTINUOUS
 10
2.60375
 20
2.33970
 30
 0
 11
2.60499
 21
2.33758
  0
LINE
  8
Gravur
 62
   255
 39
0.016
  6
CONTINUOUS
 10
2.60499
 20
2.33758
 30
 0
 11
2.60606
 21
2.33534
  0
LINE
  8
Gravur
 62
   255
 39
0.016
  6
CONTINUOUS
 10
2.60606
 20
2.33534
 30
 0
 11
2.60698
 21
2.33302
  0
LINE
  8
Gravur
 62
   255
 39
0.016
  6
CONTINUOUS
 10
2.60698
 20
2.33302
 30
 0
 11
2.60698
 21
2.33302
  0
LINE
  8
Gravur
 62
   255
 39
0.016
  6
CONTINUOUS
 10
2.60698
 20
2.33302
 30
 0
 11
2.60771
 21
2.33087
  0
LINE
  8
Gravur
 62
   255
 39
0.016
  6
CONTINUOUS
 10
2.60771
 20
2.33087
 30
 0
 11
2.60836
 21
2.32871
  0
LINE
  8
Gravur
 62
   255
 39
0.016
  6
CONTINUOUS
 10
2.60836
 20
2.32871
 30
 0
 11
2.60905
 21
2.32599
  0
LINE
  8
Gravur
 62
   255
 39
0.016
  6
CONTINUOUS
 10
2.60905
 20
2.32599
 30
 0
 11
2.60926
 21
2.32508
  0
LINE
  8
Gravur
 62
   255
 39
0.016
  6
CONTINUOUS
 10
2.60926
 20
2.32508
 30
 0
 11
2.60926
 21
2.32508
  0
LINE
  8
Gravur
 62
   255
 39
0.016
  6
CONTINUOUS
 10
2.60926
 20
2.32508
 30
 0
 11
2.61020
 21
2.31941
  0
LINE
  8
Gravur
 62
   255
 39
0.016
  6
CONTINUOUS
 10
2.61020
 20
2.31941
 30
 0
 11
2.61074
 21
2.31368
  0
LINE
  8
Gravur
 62
   255
 39
0.016
  6
CONTINUOUS
 10
2.61074
 20
2.31368
 30
 0
 11
2.61074
 21
2.31368
  0
LINE
  8
Gravur
 62
   255
 39
0.016
  6
CONTINUOUS
 10
2.61074
 20
2.31368
 30
 0
 11
2.61101
 21
2.30826
  0
LINE
  8
Gravur
 62
   255
 39
0.016
  6
CONTINUOUS
 10
2.61101
 20
2.30826
 30
 0
 11
2.61118
 21
2.30287
  0
LINE
  8
Gravur
 62
   255
 39
0.016
  6
CONTINUOUS
 10
2.61118
 20
2.30287
 30
 0
 11
2.61109
 21
2.28936
  0
LINE
  8
Gravur
 62
   255
 39
0.016
  6
CONTINUOUS
 10
2.61109
 20
2.28936
 30
 0
 11
2.61100
 21
2.28784
  0
LINE
  8
Gravur
 62
   255
 39
0.016
  6
CONTINUOUS
 10
2.61100
 20
2.28784
 30
 0
 11
2.61100
 21
2.28784
  0
LINE
  8
Gravur
 62
   255
 39
0.016
  6
CONTINUOUS
 10
2.61100
 20
2.28784
 30
 0
 11
2.61008
 21
2.27933
  0
LINE
  8
Gravur
 62
   255
 39
0.016
  6
CONTINUOUS
 10
2.61008
 20
2.27933
 30
 0
 11
2.60959
 21
2.27654
  0
LINE
  8
Gravur
 62
   255
 39
0.016
  6
CONTINUOUS
 10
2.60959
 20
2.27654
 30
 0
 11
2.60899
 21
2.27378
  0
LINE
  8
Gravur
 62
   255
 39
0.016
  6
CONTINUOUS
 10
2.60899
 20
2.27378
 30
 0
 11
2.60828
 21
2.27106
  0
LINE
  8
Gravur
 62
   255
 39
0.016
  6
CONTINUOUS
 10
2.60828
 20
2.27106
 30
 0
 11
2.60706
 21
2.26722
  0
LINE
  8
Gravur
 62
   255
 39
0.016
  6
CONTINUOUS
 10
2.60706
 20
2.26722
 30
 0
 11
2.60678
 21
2.26646
  0
LINE
  8
Gravur
 62
   255
 39
0.016
  6
CONTINUOUS
 10
2.60678
 20
2.26646
 30
 0
 11
2.60678
 21
2.26646
  0
LINE
  8
Gravur
 62
   255
 39
0.016
  6
CONTINUOUS
 10
2.60678
 20
2.26646
 30
 0
 11
2.60578
 21
2.26404
  0
LINE
  8
Gravur
 62
   255
 39
0.016
  6
CONTINUOUS
 10
2.60578
 20
2.26404
 30
 0
 11
2.60461
 21
2.26172
  0
LINE
  8
Gravur
 62
   255
 39
0.016
  6
CONTINUOUS
 10
2.60461
 20
2.26172
 30
 0
 11
2.60325
 21
2.25953
  0
LINE
  8
Gravur
 62
   255
 39
0.016
  6
CONTINUOUS
 10
2.60325
 20
2.25953
 30
 0
 11
2.60166
 21
2.25752
  0
LINE
  8
Gravur
 62
   255
 39
0.016
  6
CONTINUOUS
 10
2.60166
 20
2.25752
 30
 0
 11
2.60166
 21
2.25752
  0
LINE
  8
Gravur
 62
   255
 39
0.016
  6
CONTINUOUS
 10
2.60166
 20
2.25752
 30
 0
 11
2.59885
 21
2.25496
  0
LINE
  8
Gravur
 62
   255
 39
0.016
  6
CONTINUOUS
 10
2.59885
 20
2.25496
 30
 0
 11
2.59541
 21
2.25303
  0
LINE
  8
Gravur
 62
   255
 39
0.016
  6
CONTINUOUS
 10
2.59541
 20
2.25303
 30
 0
 11
2.59253
 21
2.25218
  0
LINE
  8
Gravur
 62
   255
 39
0.016
  6
CONTINUOUS
 10
2.59253
 20
2.25218
 30
 0
 11
2.59226
 21
2.25212
  0
LINE
  8
Gravur
 62
   255
 39
0.016
  6
CONTINUOUS
 10
2.59226
 20
2.25212
 30
 0
 11
2.59226
 21
2.25212
  0
LINE
  8
Gravur
 62
   255
 39
0.016
  6
CONTINUOUS
 10
2.59226
 20
2.25212
 30
 0
 11
2.59002
 21
2.25179
  0
LINE
  8
Gravur
 62
   255
 39
0.016
  6
CONTINUOUS
 10
2.59002
 20
2.25179
 30
 0
 11
2.58958
 21
2.25174
  0
LINE
  8
Gravur
 62
   255
 39
0.016
  6
CONTINUOUS
 10
2.58958
 20
2.25174
 30
 0
 11
2.58724
 21
2.25164
  0
LINE
  8
Gravur
 62
   255
 39
0.016
  6
CONTINUOUS
 10
2.58724
 20
2.25164
 30
 0
 11
2.58698
 21
2.25164
  0
LINE
  8
Gravur
 62
   255
 39
0.016
  6
CONTINUOUS
 10
2.58698
 20
2.25164
 30
 0
 11
2.58698
 21
2.25164
  0
LINE
  8
Gravur
 62
   255
 39
0.016
  6
CONTINUOUS
 10
2.58698
 20
2.25164
 30
 0
 11
2.58474
 21
2.25180
  0
LINE
  8
Gravur
 62
   255
 39
0.016
  6
CONTINUOUS
 10
2.58474
 20
2.25180
 30
 0
 11
2.58428
 21
2.25186
  0
LINE
  8
Gravur
 62
   255
 39
0.016
  6
CONTINUOUS
 10
2.58428
 20
2.25186
 30
 0
 11
2.57833
 21
2.25366
  0
LINE
  8
Gravur
 62
   255
 39
0.016
  6
CONTINUOUS
 10
2.57833
 20
2.25366
 30
 0
 11
2.57729
 21
2.25424
  0
LINE
  8
Gravur
 62
   255
 39
0.016
  6
CONTINUOUS
 10
2.57729
 20
2.25424
 30
 0
 11
2.57630
 21
2.25489
  0
LINE
  8
Gravur
 62
   255
 39
0.016
  6
CONTINUOUS
 10
2.57630
 20
2.25489
 30
 0
 11
2.57535
 21
2.25560
  0
LINE
  8
Gravur
 62
   255
 39
0.016
  6
CONTINUOUS
 10
2.57535
 20
2.25560
 30
 0
 11
2.57535
 21
2.25560
  0
LINE
  8
Gravur
 62
   255
 39
0.016
  6
CONTINUOUS
 10
2.57535
 20
2.25560
 30
 0
 11
2.57361
 21
2.25719
  0
LINE
  8
Gravur
 62
   255
 39
0.016
  6
CONTINUOUS
 10
2.57361
 20
2.25719
 30
 0
 11
2.57204
 21
2.25898
  0
LINE
  8
Gravur
 62
   255
 39
0.016
  6
CONTINUOUS
 10
2.57204
 20
2.25898
 30
 0
 11
2.57066
 21
2.26094
  0
LINE
  8
Gravur
 62
   255
 39
0.016
  6
CONTINUOUS
 10
2.57066
 20
2.26094
 30
 0
 11
2.56945
 21
2.26304
  0
LINE
  8
Gravur
 62
   255
 39
0.016
  6
CONTINUOUS
 10
2.56945
 20
2.26304
 30
 0
 11
2.56841
 21
2.26526
  0
LINE
  8
Gravur
 62
   255
 39
0.016
  6
CONTINUOUS
 10
2.56841
 20
2.26526
 30
 0
 11
2.56753
 21
2.26757
  0
LINE
  8
Gravur
 62
   255
 39
0.016
  6
CONTINUOUS
 10
2.56753
 20
2.26757
 30
 0
 11
2.56753
 21
2.26757
  0
LINE
  8
Gravur
 62
   255
 39
0.016
  6
CONTINUOUS
 10
2.56753
 20
2.26757
 30
 0
 11
2.56692
 21
2.26957
  0
LINE
  8
Gravur
 62
   255
 39
0.016
  6
CONTINUOUS
 10
2.56692
 20
2.26957
 30
 0
 11
2.56642
 21
2.27159
  0
LINE
  8
Gravur
 62
   255
 39
0.016
  6
CONTINUOUS
 10
2.56642
 20
2.27159
 30
 0
 11
2.56427
 21
2.28503
  0
LINE
  8
Gravur
 62
   255
 39
0.016
  6
CONTINUOUS
 10
2.56427
 20
2.28503
 30
 0
 11
2.56412
 21
2.28653
  0
LINE
  8
Gravur
 62
   255
 39
0.016
  6
CONTINUOUS
 10
2.56412
 20
2.28653
 30
 0
 11
2.56412
 21
2.28653
  0
LINE
  8
Gravur
 62
   255
 39
0.016
  6
CONTINUOUS
 10
2.56412
 20
2.28653
 30
 0
 11
2.56361
 21
2.30301
  0
LINE
  8
Gravur
 62
   255
 39
0.016
  6
CONTINUOUS
 10
2.56361
 20
2.30301
 30
 0
 11
2.56373
 21
2.30631
  0
LINE
  8
Gravur
 62
   255
 39
0.016
  6
CONTINUOUS
 10
2.56373
 20
2.30631
 30
 0
 11
2.56436
 21
2.31595
  0
LINE
  8
Gravur
 62
   255
 39
0.016
  6
CONTINUOUS
 10
2.56436
 20
2.31595
 30
 0
 11
2.56445
 21
2.31683
  0
LINE
  8
Gravur
 62
   255
 39
0.016
  6
CONTINUOUS
 10
2.56445
 20
2.31683
 30
 0
 11
2.56445
 21
2.31683
  0
LINE
  8
Gravur
 62
   255
 39
0.016
  6
CONTINUOUS
 10
2.56445
 20
2.31683
 30
 0
 11
2.56563
 21
2.32485
  0
LINE
  8
Gravur
 62
   255
 39
0.016
  6
CONTINUOUS
 10
2.56563
 20
2.32485
 30
 0
 11
2.56598
 21
2.32645
  0
LINE
  8
Gravur
 62
   255
 39
0.016
  6
CONTINUOUS
 10
2.56598
 20
2.32645
 30
 0
 11
2.56756
 21
2.33227
  0
LINE
  8
Gravur
 62
   255
 39
0.016
  6
CONTINUOUS
 10
2.56756
 20
2.33227
 30
 0
 11
2.56797
 21
2.33342
  0
LINE
  8
Gravur
 62
   255
 39
0.016
  6
CONTINUOUS
 10
2.56797
 20
2.33342
 30
 0
 11
2.56797
 21
2.33342
  0
LINE
  8
Gravur
 62
   255
 39
0.016
  6
CONTINUOUS
 10
2.56797
 20
2.33342
 30
 0
 11
2.56894
 21
2.33584
  0
LINE
  8
Gravur
 62
   255
 39
0.016
  6
CONTINUOUS
 10
2.56894
 20
2.33584
 30
 0
 11
2.57008
 21
2.33816
  0
LINE
  8
Gravur
 62
   255
 39
0.016
  6
CONTINUOUS
 10
2.57008
 20
2.33816
 30
 0
 11
2.57143
 21
2.34034
  0
LINE
  8
Gravur
 62
   255
 39
0.016
  6
CONTINUOUS
 10
2.57143
 20
2.34034
 30
 0
 11
2.57300
 21
2.34234
  0
LINE
  8
Gravur
 62
   255
 39
0.016
  6
CONTINUOUS
 10
2.57300
 20
2.34234
 30
 0
 11
2.57300
 21
2.34234
  0
LINE
  8
Gravur
 62
   255
 39
0.016
  6
CONTINUOUS
 10
2.57300
 20
2.34234
 30
 0
 11
2.57548
 21
2.34465
  0
LINE
  8
Gravur
 62
   255
 39
0.016
  6
CONTINUOUS
 10
2.57548
 20
2.34465
 30
 0
 11
2.57845
 21
2.34648
  0
LINE
  8
Gravur
 62
   255
 39
0.016
  6
CONTINUOUS
 10
2.57845
 20
2.34648
 30
 0
 11
2.58174
 21
2.34760
  0
LINE
  8
Gravur
 62
   255
 39
0.016
  6
CONTINUOUS
 10
2.58174
 20
2.34760
 30
 0
 11
2.58211
 21
2.34768
  0
LINE
  8
Gravur
 62
   255
 39
0.016
  6
CONTINUOUS
 10
2.58211
 20
2.34768
 30
 0
 11
2.58211
 21
2.34768
  0
LINE
  8
Gravur
 62
   255
 39
0.016
  6
CONTINUOUS
 10
2.58211
 20
2.34768
 30
 0
 11
2.58544
 21
2.34818
  0
LINE
  8
Gravur
 62
   255
 39
0.016
  6
CONTINUOUS
 10
2.58544
 20
2.34818
 30
 0
 11
2.58613
 21
2.34826
  0
LINE
  8
Gravur
 62
   255
 39
0.016
  6
CONTINUOUS
 10
2.65235
 20
2.34826
 30
 0
 11
2.65480
 21
2.34834
  0
LINE
  8
Gravur
 62
   255
 39
0.016
  6
CONTINUOUS
 10
2.65480
 20
2.34834
 30
 0
 11
2.65503
 21
2.34833
  0
LINE
  8
Gravur
 62
   255
 39
0.016
  6
CONTINUOUS
 10
2.65503
 20
2.34833
 30
 0
 11
2.65503
 21
2.34833
  0
LINE
  8
Gravur
 62
   255
 39
0.016
  6
CONTINUOUS
 10
2.65503
 20
2.34833
 30
 0
 11
2.65724
 21
2.34808
  0
LINE
  8
Gravur
 62
   255
 39
0.016
  6
CONTINUOUS
 10
2.65724
 20
2.34808
 30
 0
 11
2.65766
 21
2.34800
  0
LINE
  8
Gravur
 62
   255
 39
0.016
  6
CONTINUOUS
 10
2.65766
 20
2.34800
 30
 0
 11
2.66007
 21
2.34743
  0
LINE
  8
Gravur
 62
   255
 39
0.016
  6
CONTINUOUS
 10
2.66007
 20
2.34743
 30
 0
 11
2.66028
 21
2.34736
  0
LINE
  8
Gravur
 62
   255
 39
0.016
  6
CONTINUOUS
 10
2.66028
 20
2.34736
 30
 0
 11
2.66028
 21
2.34736
  0
LINE
  8
Gravur
 62
   255
 39
0.016
  6
CONTINUOUS
 10
2.66028
 20
2.34736
 30
 0
 11
2.66229
 21
2.34660
  0
LINE
  8
Gravur
 62
   255
 39
0.016
  6
CONTINUOUS
 10
2.66229
 20
2.34660
 30
 0
 11
2.66269
 21
2.34641
  0
LINE
  8
Gravur
 62
   255
 39
0.016
  6
CONTINUOUS
 10
2.66269
 20
2.34641
 30
 0
 11
2.66663
 21
2.34370
  0
LINE
  8
Gravur
 62
   255
 39
0.016
  6
CONTINUOUS
 10
2.66663
 20
2.34370
 30
 0
 11
2.66730
 21
2.34306
  0
LINE
  8
Gravur
 62
   255
 39
0.016
  6
CONTINUOUS
 10
2.66730
 20
2.34306
 30
 0
 11
2.66794
 21
2.34238
  0
LINE
  8
Gravur
 62
   255
 39
0.016
  6
CONTINUOUS
 10
2.66794
 20
2.34238
 30
 0
 11
2.66854
 21
2.34168
  0
LINE
  8
Gravur
 62
   255
 39
0.016
  6
CONTINUOUS
 10
2.66854
 20
2.34168
 30
 0
 11
2.66854
 21
2.34168
  0
LINE
  8
Gravur
 62
   255
 39
0.016
  6
CONTINUOUS
 10
2.66854
 20
2.34168
 30
 0
 11
2.66998
 21
2.33970
  0
LINE
  8
Gravur
 62
   255
 39
0.016
  6
CONTINUOUS
 10
2.66998
 20
2.33970
 30
 0
 11
2.67121
 21
2.33758
  0
LINE
  8
Gravur
 62
   255
 39
0.016
  6
CONTINUOUS
 10
2.67121
 20
2.33758
 30
 0
 11
2.67228
 21
2.33534
  0
LINE
  8
Gravur
 62
   255
 39
0.016
  6
CONTINUOUS
 10
2.67228
 20
2.33534
 30
 0
 11
2.67320
 21
2.33302
  0
LINE
  8
Gravur
 62
   255
 39
0.016
  6
CONTINUOUS
 10
2.67320
 20
2.33302
 30
 0
 11
2.67320
 21
2.33302
  0
LINE
  8
Gravur
 62
   255
 39
0.016
  6
CONTINUOUS
 10
2.67320
 20
2.33302
 30
 0
 11
2.67393
 21
2.33087
  0
LINE
  8
Gravur
 62
   255
 39
0.016
  6
CONTINUOUS
 10
2.67393
 20
2.33087
 30
 0
 11
2.67458
 21
2.32871
  0
LINE
  8
Gravur
 62
   255
 39
0.016
  6
CONTINUOUS
 10
2.67458
 20
2.32871
 30
 0
 11
2.67528
 21
2.32599
  0
LINE
  8
Gravur
 62
   255
 39
0.016
  6
CONTINUOUS
 10
2.67528
 20
2.32599
 30
 0
 11
2.67548
 21
2.32508
  0
LINE
  8
Gravur
 62
   255
 39
0.016
  6
CONTINUOUS
 10
2.67548
 20
2.32508
 30
 0
 11
2.67548
 21
2.32508
  0
LINE
  8
Gravur
 62
   255
 39
0.016
  6
CONTINUOUS
 10
2.67548
 20
2.32508
 30
 0
 11
2.67642
 21
2.31941
  0
LINE
  8
Gravur
 62
   255
 39
0.016
  6
CONTINUOUS
 10
2.67642
 20
2.31941
 30
 0
 11
2.67696
 21
2.31368
  0
LINE
  8
Gravur
 62
   255
 39
0.016
  6
CONTINUOUS
 10
2.67696
 20
2.31368
 30
 0
 11
2.67696
 21
2.31368
  0
LINE
  8
Gravur
 62
   255
 39
0.016
  6
CONTINUOUS
 10
2.67696
 20
2.31368
 30
 0
 11
2.67723
 21
2.30826
  0
LINE
  8
Gravur
 62
   255
 39
0.016
  6
CONTINUOUS
 10
2.67723
 20
2.30826
 30
 0
 11
2.67740
 21
2.30287
  0
LINE
  8
Gravur
 62
   255
 39
0.016
  6
CONTINUOUS
 10
2.67740
 20
2.30287
 30
 0
 11
2.67731
 21
2.28936
  0
LINE
  8
Gravur
 62
   255
 39
0.016
  6
CONTINUOUS
 10
2.67731
 20
2.28936
 30
 0
 11
2.67722
 21
2.28784
  0
LINE
  8
Gravur
 62
   255
 39
0.016
  6
CONTINUOUS
 10
2.67722
 20
2.28784
 30
 0
 11
2.67722
 21
2.28784
  0
LINE
  8
Gravur
 62
   255
 39
0.016
  6
CONTINUOUS
 10
2.67722
 20
2.28784
 30
 0
 11
2.67630
 21
2.27933
  0
LINE
  8
Gravur
 62
   255
 39
0.016
  6
CONTINUOUS
 10
2.67630
 20
2.27933
 30
 0
 11
2.67581
 21
2.27654
  0
LINE
  8
Gravur
 62
   255
 39
0.016
  6
CONTINUOUS
 10
2.67581
 20
2.27654
 30
 0
 11
2.67521
 21
2.27378
  0
LINE
  8
Gravur
 62
   255
 39
0.016
  6
CONTINUOUS
 10
2.67521
 20
2.27378
 30
 0
 11
2.67450
 21
2.27106
  0
LINE
  8
Gravur
 62
   255
 39
0.016
  6
CONTINUOUS
 10
2.67450
 20
2.27106
 30
 0
 11
2.67328
 21
2.26722
  0
LINE
  8
Gravur
 62
   255
 39
0.016
  6
CONTINUOUS
 10
2.67328
 20
2.26722
 30
 0
 11
2.67300
 21
2.26646
  0
LINE
  8
Gravur
 62
   255
 39
0.016
  6
CONTINUOUS
 10
2.67300
 20
2.26646
 30
 0
 11
2.67300
 21
2.26646
  0
LINE
  8
Gravur
 62
   255
 39
0.016
  6
CONTINUOUS
 10
2.67300
 20
2.26646
 30
 0
 11
2.67200
 21
2.26404
  0
LINE
  8
Gravur
 62
   255
 39
0.016
  6
CONTINUOUS
 10
2.67200
 20
2.26404
 30
 0
 11
2.67083
 21
2.26172
  0
LINE
  8
Gravur
 62
   255
 39
0.016
  6
CONTINUOUS
 10
2.67083
 20
2.26172
 30
 0
 11
2.66947
 21
2.25953
  0
LINE
  8
Gravur
 62
   255
 39
0.016
  6
CONTINUOUS
 10
2.66947
 20
2.25953
 30
 0
 11
2.66788
 21
2.25752
  0
LINE
  8
Gravur
 62
   255
 39
0.016
  6
CONTINUOUS
 10
2.66788
 20
2.25752
 30
 0
 11
2.66788
 21
2.25752
  0
LINE
  8
Gravur
 62
   255
 39
0.016
  6
CONTINUOUS
 10
2.66788
 20
2.25752
 30
 0
 11
2.66507
 21
2.25496
  0
LINE
  8
Gravur
 62
   255
 39
0.016
  6
CONTINUOUS
 10
2.66507
 20
2.25496
 30
 0
 11
2.66163
 21
2.25303
  0
LINE
  8
Gravur
 62
   255
 39
0.016
  6
CONTINUOUS
 10
2.66163
 20
2.25303
 30
 0
 11
2.65875
 21
2.25218
  0
LINE
  8
Gravur
 62
   255
 39
0.016
  6
CONTINUOUS
 10
2.65875
 20
2.25218
 30
 0
 11
2.65848
 21
2.25212
  0
LINE
  8
Gravur
 62
   255
 39
0.016
  6
CONTINUOUS
 10
2.65848
 20
2.25212
 30
 0
 11
2.65848
 21
2.25212
  0
LINE
  8
Gravur
 62
   255
 39
0.016
  6
CONTINUOUS
 10
2.65848
 20
2.25212
 30
 0
 11
2.65624
 21
2.25179
  0
LINE
  8
Gravur
 62
   255
 39
0.016
  6
CONTINUOUS
 10
2.65624
 20
2.25179
 30
 0
 11
2.65580
 21
2.25174
  0
LINE
  8
Gravur
 62
   255
 39
0.016
  6
CONTINUOUS
 10
2.65580
 20
2.25174
 30
 0
 11
2.65346
 21
2.25164
  0
LINE
  8
Gravur
 62
   255
 39
0.016
  6
CONTINUOUS
 10
2.65346
 20
2.25164
 30
 0
 11
2.65320
 21
2.25164
  0
LINE
  8
Gravur
 62
   255
 39
0.016
  6
CONTINUOUS
 10
2.65320
 20
2.25164
 30
 0
 11
2.65320
 21
2.25164
  0
LINE
  8
Gravur
 62
   255
 39
0.016
  6
CONTINUOUS
 10
2.65320
 20
2.25164
 30
 0
 11
2.65096
 21
2.25180
  0
LINE
  8
Gravur
 62
   255
 39
0.016
  6
CONTINUOUS
 10
2.65096
 20
2.25180
 30
 0
 11
2.65050
 21
2.25186
  0
LINE
  8
Gravur
 62
   255
 39
0.016
  6
CONTINUOUS
 10
2.65050
 20
2.25186
 30
 0
 11
2.64455
 21
2.25366
  0
LINE
  8
Gravur
 62
   255
 39
0.016
  6
CONTINUOUS
 10
2.64455
 20
2.25366
 30
 0
 11
2.64351
 21
2.25424
  0
LINE
  8
Gravur
 62
   255
 39
0.016
  6
CONTINUOUS
 10
2.64351
 20
2.25424
 30
 0
 11
2.64252
 21
2.25489
  0
LINE
  8
Gravur
 62
   255
 39
0.016
  6
CONTINUOUS
 10
2.64252
 20
2.25489
 30
 0
 11
2.64157
 21
2.25560
  0
LINE
  8
Gravur
 62
   255
 39
0.016
  6
CONTINUOUS
 10
2.64157
 20
2.25560
 30
 0
 11
2.64157
 21
2.25560
  0
LINE
  8
Gravur
 62
   255
 39
0.016
  6
CONTINUOUS
 10
2.64157
 20
2.25560
 30
 0
 11
2.63983
 21
2.25719
  0
LINE
  8
Gravur
 62
   255
 39
0.016
  6
CONTINUOUS
 10
2.63983
 20
2.25719
 30
 0
 11
2.63826
 21
2.25898
  0
LINE
  8
Gravur
 62
   255
 39
0.016
  6
CONTINUOUS
 10
2.63826
 20
2.25898
 30
 0
 11
2.63688
 21
2.26094
  0
LINE
  8
Gravur
 62
   255
 39
0.016
  6
CONTINUOUS
 10
2.63688
 20
2.26094
 30
 0
 11
2.63567
 21
2.26304
  0
LINE
  8
Gravur
 62
   255
 39
0.016
  6
CONTINUOUS
 10
2.63567
 20
2.26304
 30
 0
 11
2.63463
 21
2.26526
  0
LINE
  8
Gravur
 62
   255
 39
0.016
  6
CONTINUOUS
 10
2.63463
 20
2.26526
 30
 0
 11
2.63376
 21
2.26757
  0
LINE
  8
Gravur
 62
   255
 39
0.016
  6
CONTINUOUS
 10
2.63376
 20
2.26757
 30
 0
 11
2.63376
 21
2.26757
  0
LINE
  8
Gravur
 62
   255
 39
0.016
  6
CONTINUOUS
 10
2.63376
 20
2.26757
 30
 0
 11
2.63314
 21
2.26957
  0
LINE
  8
Gravur
 62
   255
 39
0.016
  6
CONTINUOUS
 10
2.63314
 20
2.26957
 30
 0
 11
2.63264
 21
2.27159
  0
LINE
  8
Gravur
 62
   255
 39
0.016
  6
CONTINUOUS
 10
2.63264
 20
2.27159
 30
 0
 11
2.63049
 21
2.28503
  0
LINE
  8
Gravur
 62
   255
 39
0.016
  6
CONTINUOUS
 10
2.63049
 20
2.28503
 30
 0
 11
2.63034
 21
2.28653
  0
LINE
  8
Gravur
 62
   255
 39
0.016
  6
CONTINUOUS
 10
2.63034
 20
2.28653
 30
 0
 11
2.63034
 21
2.28653
  0
LINE
  8
Gravur
 62
   255
 39
0.016
  6
CONTINUOUS
 10
2.63034
 20
2.28653
 30
 0
 11
2.62983
 21
2.30301
  0
LINE
  8
Gravur
 62
   255
 39
0.016
  6
CONTINUOUS
 10
2.62983
 20
2.30301
 30
 0
 11
2.62995
 21
2.30631
  0
LINE
  8
Gravur
 62
   255
 39
0.016
  6
CONTINUOUS
 10
2.62995
 20
2.30631
 30
 0
 11
2.63058
 21
2.31595
  0
LINE
  8
Gravur
 62
   255
 39
0.016
  6
CONTINUOUS
 10
2.63058
 20
2.31595
 30
 0
 11
2.63067
 21
2.31683
  0
LINE
  8
Gravur
 62
   255
 39
0.016
  6
CONTINUOUS
 10
2.63067
 20
2.31683
 30
 0
 11
2.63067
 21
2.31683
  0
LINE
  8
Gravur
 62
   255
 39
0.016
  6
CONTINUOUS
 10
2.63067
 20
2.31683
 30
 0
 11
2.63185
 21
2.32485
  0
LINE
  8
Gravur
 62
   255
 39
0.016
  6
CONTINUOUS
 10
2.63185
 20
2.32485
 30
 0
 11
2.63220
 21
2.32645
  0
LINE
  8
Gravur
 62
   255
 39
0.016
  6
CONTINUOUS
 10
2.63220
 20
2.32645
 30
 0
 11
2.63379
 21
2.33227
  0
LINE
  8
Gravur
 62
   255
 39
0.016
  6
CONTINUOUS
 10
2.63379
 20
2.33227
 30
 0
 11
2.63419
 21
2.33342
  0
LINE
  8
Gravur
 62
   255
 39
0.016
  6
CONTINUOUS
 10
2.63419
 20
2.33342
 30
 0
 11
2.63419
 21
2.33342
  0
LINE
  8
Gravur
 62
   255
 39
0.016
  6
CONTINUOUS
 10
2.63419
 20
2.33342
 30
 0
 11
2.63516
 21
2.33584
  0
LINE
  8
Gravur
 62
   255
 39
0.016
  6
CONTINUOUS
 10
2.63516
 20
2.33584
 30
 0
 11
2.63630
 21
2.33816
  0
LINE
  8
Gravur
 62
   255
 39
0.016
  6
CONTINUOUS
 10
2.63630
 20
2.33816
 30
 0
 11
2.63765
 21
2.34034
  0
LINE
  8
Gravur
 62
   255
 39
0.016
  6
CONTINUOUS
 10
2.63765
 20
2.34034
 30
 0
 11
2.63922
 21
2.34234
  0
LINE
  8
Gravur
 62
   255
 39
0.016
  6
CONTINUOUS
 10
2.63922
 20
2.34234
 30
 0
 11
2.63922
 21
2.34234
  0
LINE
  8
Gravur
 62
   255
 39
0.016
  6
CONTINUOUS
 10
2.63922
 20
2.34234
 30
 0
 11
2.64170
 21
2.34465
  0
LINE
  8
Gravur
 62
   255
 39
0.016
  6
CONTINUOUS
 10
2.64170
 20
2.34465
 30
 0
 11
2.64467
 21
2.34648
  0
LINE
  8
Gravur
 62
   255
 39
0.016
  6
CONTINUOUS
 10
2.64467
 20
2.34648
 30
 0
 11
2.64796
 21
2.34760
  0
LINE
  8
Gravur
 62
   255
 39
0.016
  6
CONTINUOUS
 10
2.64796
 20
2.34760
 30
 0
 11
2.64833
 21
2.34768
  0
LINE
  8
Gravur
 62
   255
 39
0.016
  6
CONTINUOUS
 10
2.64833
 20
2.34768
 30
 0
 11
2.64833
 21
2.34768
  0
LINE
  8
Gravur
 62
   255
 39
0.016
  6
CONTINUOUS
 10
2.64833
 20
2.34768
 30
 0
 11
2.65166
 21
2.34818
  0
LINE
  8
Gravur
 62
   255
 39
0.016
  6
CONTINUOUS
 10
2.65166
 20
2.34818
 30
 0
 11
2.65235
 21
2.34826
  0
LINE
  8
Gravur
 62
   255
 39
0.016
  6
CONTINUOUS
 10
2.69658
 20
2.34699
 30
 0
 11
2.74309
 21
2.34699
  0
LINE
  8
Gravur
 62
   255
 39
0.016
  6
CONTINUOUS
 10
2.71990
 20
2.34686
 30
 0
 11
2.71990
 21
2.25304
  0
LINE
  8
Gravur
 62
   255
 39
0.016
  6
CONTINUOUS
 10
2.76492
 20
2.34699
 30
 0
 11
2.76492
 21
2.25304
  0
LINE
  8
Gravur
 62
   255
 39
0.016
  6
CONTINUOUS
 10
2.80732
 20
2.34699
 30
 0
 11
2.80732
 21
2.25304
  0
LINE
  8
Gravur
 62
   255
 39
0.016
  6
CONTINUOUS
 10
2.76505
 20
2.30459
 30
 0
 11
2.80719
 21
2.30459
  0
LINE
  8
Gravur
 62
   255
 39
0.016
  6
CONTINUOUS
 10
0.77832
 20
2.60174
 30
 0
 11
0.77699
 21
2.60786
  0
LINE
  8
Gravur
 62
   255
 39
0.016
  6
CONTINUOUS
 10
0.77699
 20
2.60786
 30
 0
 11
0.77693
 21
2.60823
  0
LINE
  8
Gravur
 62
   255
 39
0.016
  6
CONTINUOUS
 10
0.77693
 20
2.60823
 30
 0
 11
0.77667
 21
2.60979
  0
LINE
  8
Gravur
 62
   255
 39
0.016
  6
CONTINUOUS
 10
0.77667
 20
2.60979
 30
 0
 11
0.77664
 21
2.61005
  0
LINE
  8
Gravur
 62
   255
 39
0.016
  6
CONTINUOUS
 10
0.77664
 20
2.61005
 30
 0
 11
0.77591
 21
2.61716
  0
LINE
  8
Gravur
 62
   255
 39
0.016
  6
CONTINUOUS
 10
0.77591
 20
2.61716
 30
 0
 11
0.77586
 21
2.61781
  0
LINE
  8
Gravur
 62
   255
 39
0.016
  6
CONTINUOUS
 10
0.77586
 20
2.61781
 30
 0
 11
0.77586
 21
2.61781
  0
LINE
  8
Gravur
 62
   255
 39
0.016
  6
CONTINUOUS
 10
0.77586
 20
2.61781
 30
 0
 11
0.77545
 21
2.62337
  0
LINE
  8
Gravur
 62
   255
 39
0.016
  6
CONTINUOUS
 10
0.77545
 20
2.62337
 30
 0
 11
0.77535
 21
2.62448
  0
LINE
  8
Gravur
 62
   255
 39
0.016
  6
CONTINUOUS
 10
0.77535
 20
2.62448
 30
 0
 11
0.77499
 21
2.63464
  0
LINE
  8
Gravur
 62
   255
 39
0.016
  6
CONTINUOUS
 10
0.77499
 20
2.63464
 30
 0
 11
0.77501
 21
2.63557
  0
LINE
  8
Gravur
 62
   255
 39
0.016
  6
CONTINUOUS
 10
0.77501
 20
2.63557
 30
 0
 11
0.77501
 21
2.63557
  0
LINE
  8
Gravur
 62
   255
 39
0.016
  6
CONTINUOUS
 10
0.77501
 20
2.63557
 30
 0
 11
0.77529
 21
2.64391
  0
LINE
  8
Gravur
 62
   255
 39
0.016
  6
CONTINUOUS
 10
0.77529
 20
2.64391
 30
 0
 11
0.77537
 21
2.64557
  0
LINE
  8
Gravur
 62
   255
 39
0.016
  6
CONTINUOUS
 10
0.77537
 20
2.64557
 30
 0
 11
0.77623
 21
2.65708
  0
LINE
  8
Gravur
 62
   255
 39
0.016
  6
CONTINUOUS
 10
0.77623
 20
2.65708
 30
 0
 11
0.77638
 21
2.65836
  0
LINE
  8
Gravur
 62
   255
 39
0.016
  6
CONTINUOUS
 10
0.77638
 20
2.65836
 30
 0
 11
0.77638
 21
2.65836
  0
LINE
  8
Gravur
 62
   255
 39
0.016
  6
CONTINUOUS
 10
0.77638
 20
2.65836
 30
 0
 11
0.77780
 21
2.66623
  0
LINE
  8
Gravur
 62
   255
 39
0.016
  6
CONTINUOUS
 10
0.77780
 20
2.66623
 30
 0
 11
0.77848
 21
2.66880
  0
LINE
  8
Gravur
 62
   255
 39
0.016
  6
CONTINUOUS
 10
0.77848
 20
2.66880
 30
 0
 11
0.77929
 21
2.67132
  0
LINE
  8
Gravur
 62
   255
 39
0.016
  6
CONTINUOUS
 10
0.77929
 20
2.67132
 30
 0
 11
0.78023
 21
2.67378
  0
LINE
  8
Gravur
 62
   255
 39
0.016
  6
CONTINUOUS
 10
0.78023
 20
2.67378
 30
 0
 11
0.78023
 21
2.67378
  0
LINE
  8
Gravur
 62
   255
 39
0.016
  6
CONTINUOUS
 10
0.78023
 20
2.67378
 30
 0
 11
0.78074
 21
2.67497
  0
LINE
  8
Gravur
 62
   255
 39
0.016
  6
CONTINUOUS
 10
0.78074
 20
2.67497
 30
 0
 11
0.78129
 21
2.67613
  0
LINE
  8
Gravur
 62
   255
 39
0.016
  6
CONTINUOUS
 10
0.78129
 20
2.67613
 30
 0
 11
0.78374
 21
2.68000
  0
LINE
  8
Gravur
 62
   255
 39
0.016
  6
CONTINUOUS
 10
0.78374
 20
2.68000
 30
 0
 11
0.78407
 21
2.68041
  0
LINE
  8
Gravur
 62
   255
 39
0.016
  6
CONTINUOUS
 10
0.78407
 20
2.68041
 30
 0
 11
0.78407
 21
2.68041
  0
LINE
  8
Gravur
 62
   255
 39
0.016
  6
CONTINUOUS
 10
0.78407
 20
2.68041
 30
 0
 11
0.78750
 21
2.68363
  0
LINE
  8
Gravur
 62
   255
 39
0.016
  6
CONTINUOUS
 10
0.78750
 20
2.68363
 30
 0
 11
0.78826
 21
2.68413
  0
LINE
  8
Gravur
 62
   255
 39
0.016
  6
CONTINUOUS
 10
0.78826
 20
2.68413
 30
 0
 11
0.78895
 21
2.68453
  0
LINE
  8
Gravur
 62
   255
 39
0.016
  6
CONTINUOUS
 10
0.78895
 20
2.68453
 30
 0
 11
0.78966
 21
2.68489
  0
LINE
  8
Gravur
 62
   255
 39
0.016
  6
CONTINUOUS
 10
0.78966
 20
2.68489
 30
 0
 11
0.78966
 21
2.68489
  0
LINE
  8
Gravur
 62
   255
 39
0.016
  6
CONTINUOUS
 10
0.78966
 20
2.68489
 30
 0
 11
0.79437
 21
2.68632
  0
LINE
  8
Gravur
 62
   255
 39
0.016
  6
CONTINUOUS
 10
0.79437
 20
2.68632
 30
 0
 11
0.79935
 21
2.68643
  0
LINE
  8
Gravur
 62
   255
 39
0.016
  6
CONTINUOUS
 10
0.79935
 20
2.68643
 30
 0
 11
0.79935
 21
2.68643
  0
LINE
  8
Gravur
 62
   255
 39
0.016
  6
CONTINUOUS
 10
0.79935
 20
2.68643
 30
 0
 11
0.80453
 21
2.68518
  0
LINE
  8
Gravur
 62
   255
 39
0.016
  6
CONTINUOUS
 10
0.80453
 20
2.68518
 30
 0
 11
0.80906
 21
2.68260
  0
LINE
  8
Gravur
 62
   255
 39
0.016
  6
CONTINUOUS
 10
0.80906
 20
2.68260
 30
 0
 11
0.81313
 21
2.67802
  0
LINE
  8
Gravur
 62
   255
 39
0.016
  6
CONTINUOUS
 10
0.81313
 20
2.67802
 30
 0
 11
0.81345
 21
2.67753
  0
LINE
  8
Gravur
 62
   255
 39
0.016
  6
CONTINUOUS
 10
0.81345
 20
2.67753
 30
 0
 11
0.81345
 21
2.67753
  0
LINE
  8
Gravur
 62
   255
 39
0.016
  6
CONTINUOUS
 10
0.81345
 20
2.67753
 30
 0
 11
0.81586
 21
2.67279
  0
LINE
  8
Gravur
 62
   255
 39
0.016
  6
CONTINUOUS
 10
0.81586
 20
2.67279
 30
 0
 11
0.81620
 21
2.67185
  0
LINE
  8
Gravur
 62
   255
 39
0.016
  6
CONTINUOUS
 10
0.81620
 20
2.67185
 30
 0
 11
0.81655
 21
2.67051
  0
LINE
  8
Gravur
 62
   255
 39
0.016
  6
CONTINUOUS
 10
0.81655
 20
2.67051
 30
 0
 11
0.81549
 21
2.66719
  0
LINE
  8
Gravur
 62
   255
 39
0.016
  6
CONTINUOUS
 10
0.81549
 20
2.66719
 30
 0
 11
0.81536
 21
2.66693
  0
LINE
  8
Gravur
 62
   255
 39
0.016
  6
CONTINUOUS
 10
0.81536
 20
2.66693
 30
 0
 11
0.81536
 21
2.66693
  0
LINE
  8
Gravur
 62
   255
 39
0.016
  6
CONTINUOUS
 10
0.81536
 20
2.66693
 30
 0
 11
0.81426
 21
2.66495
  0
LINE
  8
Gravur
 62
   255
 39
0.016
  6
CONTINUOUS
 10
0.81426
 20
2.66495
 30
 0
 11
0.81401
 21
2.66453
  0
LINE
  8
Gravur
 62
   255
 39
0.016
  6
CONTINUOUS
 10
0.81401
 20
2.66453
 30
 0
 11
0.80763
 21
2.65349
  0
LINE
  8
Gravur
 62
   255
 39
0.016
  6
CONTINUOUS
 10
0.80763
 20
2.65349
 30
 0
 11
0.78535
 21
2.61500
  0
LINE
  8
Gravur
 62
   255
 39
0.016
  6
CONTINUOUS
 10
0.78535
 20
2.61500
 30
 0
 11
0.78036
 21
2.60637
  0
LINE
  8
Gravur
 62
   255
 39
0.016
  6
CONTINUOUS
 10
0.78036
 20
2.60637
 30
 0
 11
0.77834
 21
2.60181
  0
LINE
  8
Gravur
 62
   255
 39
0.016
  6
CONTINUOUS
 10
0.77834
 20
2.60181
 30
 0
 11
0.77883
 21
2.59974
  0
LINE
  8
Gravur
 62
   255
 39
0.016
  6
CONTINUOUS
 10
0.77883
 20
2.59974
 30
 0
 11
0.77888
 21
2.59960
  0
LINE
  8
Gravur
 62
   255
 39
0.016
  6
CONTINUOUS
 10
0.77888
 20
2.59960
 30
 0
 11
0.77888
 21
2.59960
  0
LINE
  8
Gravur
 62
   255
 39
0.016
  6
CONTINUOUS
 10
0.77888
 20
2.59960
 30
 0
 11
0.77937
 21
2.59825
  0
LINE
  8
Gravur
 62
   255
 39
0.016
  6
CONTINUOUS
 10
0.77937
 20
2.59825
 30
 0
 11
0.77951
 21
2.59788
  0
LINE
  8
Gravur
 62
   255
 39
0.016
  6
CONTINUOUS
 10
0.77951
 20
2.59788
 30
 0
 11
0.78088
 21
2.59457
  0
LINE
  8
Gravur
 62
   255
 39
0.016
  6
CONTINUOUS
 10
0.78088
 20
2.59457
 30
 0
 11
0.78119
 21
2.59391
  0
LINE
  8
Gravur
 62
   255
 39
0.016
  6
CONTINUOUS
 10
0.78119
 20
2.59391
 30
 0
 11
0.78119
 21
2.59391
  0
LINE
  8
Gravur
 62
   255
 39
0.016
  6
CONTINUOUS
 10
0.78119
 20
2.59391
 30
 0
 11
0.78405
 21
2.58931
  0
LINE
  8
Gravur
 62
   255
 39
0.016
  6
CONTINUOUS
 10
0.78405
 20
2.58931
 30
 0
 11
0.78524
 21
2.58797
  0
LINE
  8
Gravur
 62
   255
 39
0.016
  6
CONTINUOUS
 10
0.78524
 20
2.58797
 30
 0
 11
0.78524
 21
2.58797
  0
LINE
  8
Gravur
 62
   255
 39
0.016
  6
CONTINUOUS
 10
0.78524
 20
2.58797
 30
 0
 11
0.78728
 21
2.58625
  0
LINE
  8
Gravur
 62
   255
 39
0.016
  6
CONTINUOUS
 10
0.78728
 20
2.58625
 30
 0
 11
0.78967
 21
2.58492
  0
LINE
  8
Gravur
 62
   255
 39
0.016
  6
CONTINUOUS
 10
0.78967
 20
2.58492
 30
 0
 11
0.79630
 21
2.58328
  0
LINE
  8
Gravur
 62
   255
 39
0.016
  6
CONTINUOUS
 10
0.79630
 20
2.58328
 30
 0
 11
0.79727
 21
2.58323
  0
LINE
  8
Gravur
 62
   255
 39
0.016
  6
CONTINUOUS
 10
0.79727
 20
2.58323
 30
 0
 11
0.80208
 21
2.58368
  0
LINE
  8
Gravur
 62
   255
 39
0.016
  6
CONTINUOUS
 10
0.80208
 20
2.58368
 30
 0
 11
0.80301
 21
2.58392
  0
LINE
  8
Gravur
 62
   255
 39
0.016
  6
CONTINUOUS
 10
0.80301
 20
2.58392
 30
 0
 11
0.80301
 21
2.58392
  0
LINE
  8
Gravur
 62
   255
 39
0.016
  6
CONTINUOUS
 10
0.80301
 20
2.58392
 30
 0
 11
0.80658
 21
2.58539
  0
LINE
  8
Gravur
 62
   255
 39
0.016
  6
CONTINUOUS
 10
0.80658
 20
2.58539
 30
 0
 11
0.80769
 21
2.58606
  0
LINE
  8
Gravur
 62
   255
 39
0.016
  6
CONTINUOUS
 10
0.80769
 20
2.58606
 30
 0
 11
0.80876
 21
2.58683
  0
LINE
  8
Gravur
 62
   255
 39
0.016
  6
CONTINUOUS
 10
0.80876
 20
2.58683
 30
 0
 11
0.80977
 21
2.58770
  0
LINE
  8
Gravur
 62
   255
 39
0.016
  6
CONTINUOUS
 10
0.80977
 20
2.58770
 30
 0
 11
0.81297
 21
2.59163
  0
LINE
  8
Gravur
 62
   255
 39
0.016
  6
CONTINUOUS
 10
0.81297
 20
2.59163
 30
 0
 11
0.81322
 21
2.59203
  0
LINE
  8
Gravur
 62
   255
 39
0.016
  6
CONTINUOUS
 10
0.81322
 20
2.59203
 30
 0
 11
0.81322
 21
2.59203
  0
LINE
  8
Gravur
 62
   255
 39
0.016
  6
CONTINUOUS
 10
0.81322
 20
2.59203
 30
 0
 11
0.81493
 21
2.59536
  0
LINE
  8
Gravur
 62
   255
 39
0.016
  6
CONTINUOUS
 10
0.81493
 20
2.59536
 30
 0
 11
0.81522
 21
2.59604
  0
LINE
  8
Gravur
 62
   255
 39
0.016
  6
CONTINUOUS
 10
0.81522
 20
2.59604
 30
 0
 11
0.81593
 21
2.59791
  0
LINE
  8
Gravur
 62
   255
 39
0.016
  6
CONTINUOUS
 10
0.81593
 20
2.59791
 30
 0
 11
0.81615
 21
2.59854
  0
LINE
  8
Gravur
 62
   255
 39
0.016
  6
CONTINUOUS
 10
0.81615
 20
2.59854
 30
 0
 11
0.81615
 21
2.59854
  0
LINE
  8
Gravur
 62
   255
 39
0.016
  6
CONTINUOUS
 10
0.81615
 20
2.59854
 30
 0
 11
0.81728
 21
2.60247
  0
LINE
  8
Gravur
 62
   255
 39
0.016
  6
CONTINUOUS
 10
0.81728
 20
2.60247
 30
 0
 11
0.81812
 21
2.60648
  0
LINE
  8
Gravur
 62
   255
 39
0.016
  6
CONTINUOUS
 10
0.81812
 20
2.60648
 30
 0
 11
0.81812
 21
2.60648
  0
LINE
  8
Gravur
 62
   255
 39
0.016
  6
CONTINUOUS
 10
0.81812
 20
2.60648
 30
 0
 11
0.81868
 21
2.60989
  0
LINE
  8
Gravur
 62
   255
 39
0.016
  6
CONTINUOUS
 10
0.81868
 20
2.60989
 30
 0
 11
0.81915
 21
2.61330
  0
LINE
  8
Gravur
 62
   255
 39
0.016
  6
CONTINUOUS
 10
0.81915
 20
2.61330
 30
 0
 11
0.82036
 21
2.62764
  0
LINE
  8
Gravur
 62
   255
 39
0.016
  6
CONTINUOUS
 10
0.82036
 20
2.62764
 30
 0
 11
0.82042
 21
2.62924
  0
LINE
  8
Gravur
 62
   255
 39
0.016
  6
CONTINUOUS
 10
0.82042
 20
2.62924
 30
 0
 11
0.82042
 21
2.62924
  0
LINE
  8
Gravur
 62
   255
 39
0.016
  6
CONTINUOUS
 10
0.82042
 20
2.62924
 30
 0
 11
0.82028
 21
2.64263
  0
LINE
  8
Gravur
 62
   255
 39
0.016
  6
CONTINUOUS
 10
0.82028
 20
2.64263
 30
 0
 11
0.82012
 21
2.64528
  0
LINE
  8
Gravur
 62
   255
 39
0.016
  6
CONTINUOUS
 10
0.82012
 20
2.64528
 30
 0
 11
0.81891
 21
2.65889
  0
LINE
  8
Gravur
 62
   255
 39
0.016
  6
CONTINUOUS
 10
0.81891
 20
2.65889
 30
 0
 11
0.81880
 21
2.65968
  0
LINE
  8
Gravur
 62
   255
 39
0.016
  6
CONTINUOUS
 10
0.81880
 20
2.65968
 30
 0
 11
0.81868
 21
2.66048
  0
LINE
  8
Gravur
 62
   255
 39
0.016
  6
CONTINUOUS
 10
0.81868
 20
2.66048
 30
 0
 11
0.81856
 21
2.66127
  0
LINE
  8
Gravur
 62
   255
 39
0.016
  6
CONTINUOUS
 10
0.81856
 20
2.66127
 30
 0
 11
0.81656
 21
2.67056
  0
LINE
  8
Gravur
 62
   255
 39
0.016
  6
CONTINUOUS
 10
1.52467
 20
2.66721
 30
 0
 11
1.54448
 21
2.67819
  0
LINE
  8
Gravur
 62
   255
 39
0.016
  6
CONTINUOUS
 10
1.54448
 20
2.67819
 30
 0
 11
1.54986
 21
2.68091
  0
LINE
  8
Gravur
 62
   255
 39
0.016
  6
CONTINUOUS
 10
1.54986
 20
2.68091
 30
 0
 11
1.55164
 21
2.68114
  0
LINE
  8
Gravur
 62
   255
 39
0.016
  6
CONTINUOUS
 10
1.55164
 20
2.68114
 30
 0
 11
1.55198
 21
2.67967
  0
LINE
  8
Gravur
 62
   255
 39
0.016
  6
CONTINUOUS
 10
1.55198
 20
2.67967
 30
 0
 11
1.55198
 21
2.67542
  0
LINE
  8
Gravur
 62
   255
 39
0.016
  6
CONTINUOUS
 10
1.55198
 20
2.67542
 30
 0
 11
1.55198
 21
2.65731
  0
LINE
  8
Gravur
 62
   255
 39
0.016
  6
CONTINUOUS
 10
1.55198
 20
2.65731
 30
 0
 11
1.55198
 21
2.58117
  0
LINE
  8
Gravur
 62
   255
 39
0.016
  6
CONTINUOUS
 10
1.59765
 20
2.59820
 30
 0
 11
1.59632
 21
2.60432
  0
LINE
  8
Gravur
 62
   255
 39
0.016
  6
CONTINUOUS
 10
1.59632
 20
2.60432
 30
 0
 11
1.59626
 21
2.60469
  0
LINE
  8
Gravur
 62
   255
 39
0.016
  6
CONTINUOUS
 10
1.59626
 20
2.60469
 30
 0
 11
1.59600
 21
2.60625
  0
LINE
  8
Gravur
 62
   255
 39
0.016
  6
CONTINUOUS
 10
1.59600
 20
2.60625
 30
 0
 11
1.59597
 21
2.60650
  0
LINE
  8
Gravur
 62
   255
 39
0.016
  6
CONTINUOUS
 10
1.59597
 20
2.60650
 30
 0
 11
1.59524
 21
2.61362
  0
LINE
  8
Gravur
 62
   255
 39
0.016
  6
CONTINUOUS
 10
1.59524
 20
2.61362
 30
 0
 11
1.59519
 21
2.61427
  0
LINE
  8
Gravur
 62
   255
 39
0.016
  6
CONTINUOUS
 10
1.59519
 20
2.61427
 30
 0
 11
1.59519
 21
2.61427
  0
LINE
  8
Gravur
 62
   255
 39
0.016
  6
CONTINUOUS
 10
1.59519
 20
2.61427
 30
 0
 11
1.59478
 21
2.61982
  0
LINE
  8
Gravur
 62
   255
 39
0.016
  6
CONTINUOUS
 10
1.59478
 20
2.61982
 30
 0
 11
1.59468
 21
2.62094
  0
LINE
  8
Gravur
 62
   255
 39
0.016
  6
CONTINUOUS
 10
1.59468
 20
2.62094
 30
 0
 11
1.59432
 21
2.63110
  0
LINE
  8
Gravur
 62
   255
 39
0.016
  6
CONTINUOUS
 10
1.59432
 20
2.63110
 30
 0
 11
1.59434
 21
2.63203
  0
LINE
  8
Gravur
 62
   255
 39
0.016
  6
CONTINUOUS
 10
1.59434
 20
2.63203
 30
 0
 11
1.59434
 21
2.63203
  0
LINE
  8
Gravur
 62
   255
 39
0.016
  6
CONTINUOUS
 10
1.59434
 20
2.63203
 30
 0
 11
1.59463
 21
2.64037
  0
LINE
  8
Gravur
 62
   255
 39
0.016
  6
CONTINUOUS
 10
1.59463
 20
2.64037
 30
 0
 11
1.59470
 21
2.64202
  0
LINE
  8
Gravur
 62
   255
 39
0.016
  6
CONTINUOUS
 10
1.59470
 20
2.64202
 30
 0
 11
1.59556
 21
2.65353
  0
LINE
  8
Gravur
 62
   255
 39
0.016
  6
CONTINUOUS
 10
1.59556
 20
2.65353
 30
 0
 11
1.59571
 21
2.65482
  0
LINE
  8
Gravur
 62
   255
 39
0.016
  6
CONTINUOUS
 10
1.59571
 20
2.65482
 30
 0
 11
1.59571
 21
2.65482
  0
LINE
  8
Gravur
 62
   255
 39
0.016
  6
CONTINUOUS
 10
1.59571
 20
2.65482
 30
 0
 11
1.59713
 21
2.66269
  0
LINE
  8
Gravur
 62
   255
 39
0.016
  6
CONTINUOUS
 10
1.59713
 20
2.66269
 30
 0
 11
1.59781
 21
2.66525
  0
LINE
  8
Gravur
 62
   255
 39
0.016
  6
CONTINUOUS
 10
1.59781
 20
2.66525
 30
 0
 11
1.59862
 21
2.66777
  0
LINE
  8
Gravur
 62
   255
 39
0.016
  6
CONTINUOUS
 10
1.59862
 20
2.66777
 30
 0
 11
1.59956
 21
2.67024
  0
LINE
  8
Gravur
 62
   255
 39
0.016
  6
CONTINUOUS
 10
1.59956
 20
2.67024
 30
 0
 11
1.59956
 21
2.67024
  0
LINE
  8
Gravur
 62
   255
 39
0.016
  6
CONTINUOUS
 10
1.59956
 20
2.67024
 30
 0
 11
1.60007
 21
2.67142
  0
LINE
  8
Gravur
 62
   255
 39
0.016
  6
CONTINUOUS
 10
1.60007
 20
2.67142
 30
 0
 11
1.60062
 21
2.67259
  0
LINE
  8
Gravur
 62
   255
 39
0.016
  6
CONTINUOUS
 10
1.60062
 20
2.67259
 30
 0
 11
1.60307
 21
2.67646
  0
LINE
  8
Gravur
 62
   255
 39
0.016
  6
CONTINUOUS
 10
1.60307
 20
2.67646
 30
 0
 11
1.60340
 21
2.67687
  0
LINE
  8
Gravur
 62
   255
 39
0.016
  6
CONTINUOUS
 10
1.60340
 20
2.67687
 30
 0
 11
1.60340
 21
2.67687
  0
LINE
  8
Gravur
 62
   255
 39
0.016
  6
CONTINUOUS
 10
1.60340
 20
2.67687
 30
 0
 11
1.60683
 21
2.68008
  0
LINE
  8
Gravur
 62
   255
 39
0.016
  6
CONTINUOUS
 10
1.60683
 20
2.68008
 30
 0
 11
1.60759
 21
2.68059
  0
LINE
  8
Gravur
 62
   255
 39
0.016
  6
CONTINUOUS
 10
1.60759
 20
2.68059
 30
 0
 11
1.60828
 21
2.68098
  0
LINE
  8
Gravur
 62
   255
 39
0.016
  6
CONTINUOUS
 10
1.60828
 20
2.68098
 30
 0
 11
1.60899
 21
2.68134
  0
LINE
  8
Gravur
 62
   255
 39
0.016
  6
CONTINUOUS
 10
1.60899
 20
2.68134
 30
 0
 11
1.60899
 21
2.68134
  0
LINE
  8
Gravur
 62
   255
 39
0.016
  6
CONTINUOUS
 10
1.60899
 20
2.68134
 30
 0
 11
1.61370
 21
2.68277
  0
LINE
  8
Gravur
 62
   255
 39
0.016
  6
CONTINUOUS
 10
1.61370
 20
2.68277
 30
 0
 11
1.61868
 21
2.68288
  0
LINE
  8
Gravur
 62
   255
 39
0.016
  6
CONTINUOUS
 10
1.61868
 20
2.68288
 30
 0
 11
1.61868
 21
2.68288
  0
LINE
  8
Gravur
 62
   255
 39
0.016
  6
CONTINUOUS
 10
1.61868
 20
2.68288
 30
 0
 11
1.62386
 21
2.68163
  0
LINE
  8
Gravur
 62
   255
 39
0.016
  6
CONTINUOUS
 10
1.62386
 20
2.68163
 30
 0
 11
1.62839
 21
2.67906
  0
LINE
  8
Gravur
 62
   255
 39
0.016
  6
CONTINUOUS
 10
1.62839
 20
2.67906
 30
 0
 11
1.63246
 21
2.67447
  0
LINE
  8
Gravur
 62
   255
 39
0.016
  6
CONTINUOUS
 10
1.63246
 20
2.67447
 30
 0
 11
1.63278
 21
2.67399
  0
LINE
  8
Gravur
 62
   255
 39
0.016
  6
CONTINUOUS
 10
1.63278
 20
2.67399
 30
 0
 11
1.63278
 21
2.67399
  0
LINE
  8
Gravur
 62
   255
 39
0.016
  6
CONTINUOUS
 10
1.63278
 20
2.67399
 30
 0
 11
1.63519
 21
2.66924
  0
LINE
  8
Gravur
 62
   255
 39
0.016
  6
CONTINUOUS
 10
1.63519
 20
2.66924
 30
 0
 11
1.63553
 21
2.66831
  0
LINE
  8
Gravur
 62
   255
 39
0.016
  6
CONTINUOUS
 10
1.63553
 20
2.66831
 30
 0
 11
1.63588
 21
2.66696
  0
LINE
  8
Gravur
 62
   255
 39
0.016
  6
CONTINUOUS
 10
1.63588
 20
2.66696
 30
 0
 11
1.63482
 21
2.66364
  0
LINE
  8
Gravur
 62
   255
 39
0.016
  6
CONTINUOUS
 10
1.63482
 20
2.66364
 30
 0
 11
1.63469
 21
2.66338
  0
LINE
  8
Gravur
 62
   255
 39
0.016
  6
CONTINUOUS
 10
1.63469
 20
2.66338
 30
 0
 11
1.63469
 21
2.66338
  0
LINE
  8
Gravur
 62
   255
 39
0.016
  6
CONTINUOUS
 10
1.63469
 20
2.66338
 30
 0
 11
1.63359
 21
2.66141
  0
LINE
  8
Gravur
 62
   255
 39
0.016
  6
CONTINUOUS
 10
1.63359
 20
2.66141
 30
 0
 11
1.63334
 21
2.66099
  0
LINE
  8
Gravur
 62
   255
 39
0.016
  6
CONTINUOUS
 10
1.63334
 20
2.66099
 30
 0
 11
1.62696
 21
2.64995
  0
LINE
  8
Gravur
 62
   255
 39
0.016
  6
CONTINUOUS
 10
1.62696
 20
2.64995
 30
 0
 11
1.60468
 21
2.61146
  0
LINE
  8
Gravur
 62
   255
 39
0.016
  6
CONTINUOUS
 10
1.60468
 20
2.61146
 30
 0
 11
1.59969
 21
2.60282
  0
LINE
  8
Gravur
 62
   255
 39
0.016
  6
CONTINUOUS
 10
1.59969
 20
2.60282
 30
 0
 11
1.59767
 21
2.59827
  0
LINE
  8
Gravur
 62
   255
 39
0.016
  6
CONTINUOUS
 10
1.59767
 20
2.59827
 30
 0
 11
1.59816
 21
2.59620
  0
LINE
  8
Gravur
 62
   255
 39
0.016
  6
CONTINUOUS
 10
1.59816
 20
2.59620
 30
 0
 11
1.59821
 21
2.59606
  0
LINE
  8
Gravur
 62
   255
 39
0.016
  6
CONTINUOUS
 10
1.59821
 20
2.59606
 30
 0
 11
1.59821
 21
2.59606
  0
LINE
  8
Gravur
 62
   255
 39
0.016
  6
CONTINUOUS
 10
1.59821
 20
2.59606
 30
 0
 11
1.59870
 21
2.59471
  0
LINE
  8
Gravur
 62
   255
 39
0.016
  6
CONTINUOUS
 10
1.59870
 20
2.59471
 30
 0
 11
1.59884
 21
2.59433
  0
LINE
  8
Gravur
 62
   255
 39
0.016
  6
CONTINUOUS
 10
1.59884
 20
2.59433
 30
 0
 11
1.60021
 21
2.59102
  0
LINE
  8
Gravur
 62
   255
 39
0.016
  6
CONTINUOUS
 10
1.60021
 20
2.59102
 30
 0
 11
1.60052
 21
2.59037
  0
LINE
  8
Gravur
 62
   255
 39
0.016
  6
CONTINUOUS
 10
1.60052
 20
2.59037
 30
 0
 11
1.60052
 21
2.59037
  0
LINE
  8
Gravur
 62
   255
 39
0.016
  6
CONTINUOUS
 10
1.60052
 20
2.59037
 30
 0
 11
1.60338
 21
2.58577
  0
LINE
  8
Gravur
 62
   255
 39
0.016
  6
CONTINUOUS
 10
1.60338
 20
2.58577
 30
 0
 11
1.60457
 21
2.58443
  0
LINE
  8
Gravur
 62
   255
 39
0.016
  6
CONTINUOUS
 10
1.60457
 20
2.58443
 30
 0
 11
1.60457
 21
2.58443
  0
LINE
  8
Gravur
 62
   255
 39
0.016
  6
CONTINUOUS
 10
1.60457
 20
2.58443
 30
 0
 11
1.60661
 21
2.58271
  0
LINE
  8
Gravur
 62
   255
 39
0.016
  6
CONTINUOUS
 10
1.60661
 20
2.58271
 30
 0
 11
1.60901
 21
2.58137
  0
LINE
  8
Gravur
 62
   255
 39
0.016
  6
CONTINUOUS
 10
1.60901
 20
2.58137
 30
 0
 11
1.61563
 21
2.57974
  0
LINE
  8
Gravur
 62
   255
 39
0.016
  6
CONTINUOUS
 10
1.61563
 20
2.57974
 30
 0
 11
1.61660
 21
2.57968
  0
LINE
  8
Gravur
 62
   255
 39
0.016
  6
CONTINUOUS
 10
1.61660
 20
2.57968
 30
 0
 11
1.62141
 21
2.58014
  0
LINE
  8
Gravur
 62
   255
 39
0.016
  6
CONTINUOUS
 10
1.62141
 20
2.58014
 30
 0
 11
1.62234
 21
2.58038
  0
LINE
  8
Gravur
 62
   255
 39
0.016
  6
CONTINUOUS
 10
1.62234
 20
2.58038
 30
 0
 11
1.62234
 21
2.58038
  0
LINE
  8
Gravur
 62
   255
 39
0.016
  6
CONTINUOUS
 10
1.62234
 20
2.58038
 30
 0
 11
1.62591
 21
2.58184
  0
LINE
  8
Gravur
 62
   255
 39
0.016
  6
CONTINUOUS
 10
1.62591
 20
2.58184
 30
 0
 11
1.62702
 21
2.58252
  0
LINE
  8
Gravur
 62
   255
 39
0.016
  6
CONTINUOUS
 10
1.62702
 20
2.58252
 30
 0
 11
1.62809
 21
2.58329
  0
LINE
  8
Gravur
 62
   255
 39
0.016
  6
CONTINUOUS
 10
1.62809
 20
2.58329
 30
 0
 11
1.62910
 21
2.58416
  0
LINE
  8
Gravur
 62
   255
 39
0.016
  6
CONTINUOUS
 10
1.62910
 20
2.58416
 30
 0
 11
1.63230
 21
2.58809
  0
LINE
  8
Gravur
 62
   255
 39
0.016
  6
CONTINUOUS
 10
1.63230
 20
2.58809
 30
 0
 11
1.63255
 21
2.58849
  0
LINE
  8
Gravur
 62
   255
 39
0.016
  6
CONTINUOUS
 10
1.63255
 20
2.58849
 30
 0
 11
1.63255
 21
2.58849
  0
LINE
  8
Gravur
 62
   255
 39
0.016
  6
CONTINUOUS
 10
1.63255
 20
2.58849
 30
 0
 11
1.63426
 21
2.59181
  0
LINE
  8
Gravur
 62
   255
 39
0.016
  6
CONTINUOUS
 10
1.63426
 20
2.59181
 30
 0
 11
1.63455
 21
2.59249
  0
LINE
  8
Gravur
 62
   255
 39
0.016
  6
CONTINUOUS
 10
1.63455
 20
2.59249
 30
 0
 11
1.63526
 21
2.59436
  0
LINE
  8
Gravur
 62
   255
 39
0.016
  6
CONTINUOUS
 10
1.63526
 20
2.59436
 30
 0
 11
1.63548
 21
2.59499
  0
LINE
  8
Gravur
 62
   255
 39
0.016
  6
CONTINUOUS
 10
1.63548
 20
2.59499
 30
 0
 11
1.63548
 21
2.59499
  0
LINE
  8
Gravur
 62
   255
 39
0.016
  6
CONTINUOUS
 10
1.63548
 20
2.59499
 30
 0
 11
1.63661
 21
2.59892
  0
LINE
  8
Gravur
 62
   255
 39
0.016
  6
CONTINUOUS
 10
1.63661
 20
2.59892
 30
 0
 11
1.63745
 21
2.60293
  0
LINE
  8
Gravur
 62
   255
 39
0.016
  6
CONTINUOUS
 10
1.63745
 20
2.60293
 30
 0
 11
1.63745
 21
2.60293
  0
LINE
  8
Gravur
 62
   255
 39
0.016
  6
CONTINUOUS
 10
1.63745
 20
2.60293
 30
 0
 11
1.63801
 21
2.60634
  0
LINE
  8
Gravur
 62
   255
 39
0.016
  6
CONTINUOUS
 10
1.63801
 20
2.60634
 30
 0
 11
1.63848
 21
2.60976
  0
LINE
  8
Gravur
 62
   255
 39
0.016
  6
CONTINUOUS
 10
1.63848
 20
2.60976
 30
 0
 11
1.63969
 21
2.62409
  0
LINE
  8
Gravur
 62
   255
 39
0.016
  6
CONTINUOUS
 10
1.63969
 20
2.62409
 30
 0
 11
1.63975
 21
2.62570
  0
LINE
  8
Gravur
 62
   255
 39
0.016
  6
CONTINUOUS
 10
1.63975
 20
2.62570
 30
 0
 11
1.63975
 21
2.62570
  0
LINE
  8
Gravur
 62
   255
 39
0.016
  6
CONTINUOUS
 10
1.63975
 20
2.62570
 30
 0
 11
1.63961
 21
2.63909
  0
LINE
  8
Gravur
 62
   255
 39
0.016
  6
CONTINUOUS
 10
1.63961
 20
2.63909
 30
 0
 11
1.63945
 21
2.64174
  0
LINE
  8
Gravur
 62
   255
 39
0.016
  6
CONTINUOUS
 10
1.63945
 20
2.64174
 30
 0
 11
1.63824
 21
2.65534
  0
LINE
  8
Gravur
 62
   255
 39
0.016
  6
CONTINUOUS
 10
1.63824
 20
2.65534
 30
 0
 11
1.63813
 21
2.65614
  0
LINE
  8
Gravur
 62
   255
 39
0.016
  6
CONTINUOUS
 10
1.63813
 20
2.65614
 30
 0
 11
1.63801
 21
2.65694
  0
LINE
  8
Gravur
 62
   255
 39
0.016
  6
CONTINUOUS
 10
1.63801
 20
2.65694
 30
 0
 11
1.63789
 21
2.65773
  0
LINE
  8
Gravur
 62
   255
 39
0.016
  6
CONTINUOUS
 10
1.63789
 20
2.65773
 30
 0
 11
1.63589
 21
2.66701
  0
LINE
  8
Gravur
 62
   255
 39
0.016
  6
CONTINUOUS
 10
2.67380
 20
6.70852
 30
 0
 11
2.67246
 21
6.71464
  0
LINE
  8
Gravur
 62
   255
 39
0.016
  6
CONTINUOUS
 10
2.67246
 20
6.71464
 30
 0
 11
2.67240
 21
6.71500
  0
LINE
  8
Gravur
 62
   255
 39
0.016
  6
CONTINUOUS
 10
2.67240
 20
6.71500
 30
 0
 11
2.67215
 21
6.71656
  0
LINE
  8
Gravur
 62
   255
 39
0.016
  6
CONTINUOUS
 10
2.67215
 20
6.71656
 30
 0
 11
2.67211
 21
6.71682
  0
LINE
  8
Gravur
 62
   255
 39
0.016
  6
CONTINUOUS
 10
2.67211
 20
6.71682
 30
 0
 11
2.67138
 21
6.72393
  0
LINE
  8
Gravur
 62
   255
 39
0.016
  6
CONTINUOUS
 10
2.67138
 20
6.72393
 30
 0
 11
2.67133
 21
6.72458
  0
LINE
  8
Gravur
 62
   255
 39
0.016
  6
CONTINUOUS
 10
2.67133
 20
6.72458
 30
 0
 11
2.67133
 21
6.72458
  0
LINE
  8
Gravur
 62
   255
 39
0.016
  6
CONTINUOUS
 10
2.67133
 20
6.72458
 30
 0
 11
2.67092
 21
6.73014
  0
LINE
  8
Gravur
 62
   255
 39
0.016
  6
CONTINUOUS
 10
2.67092
 20
6.73014
 30
 0
 11
2.67083
 21
6.73125
  0
LINE
  8
Gravur
 62
   255
 39
0.016
  6
CONTINUOUS
 10
2.67083
 20
6.73125
 30
 0
 11
2.67047
 21
6.74141
  0
LINE
  8
Gravur
 62
   255
 39
0.016
  6
CONTINUOUS
 10
2.67047
 20
6.74141
 30
 0
 11
2.67048
 21
6.74234
  0
LINE
  8
Gravur
 62
   255
 39
0.016
  6
CONTINUOUS
 10
2.67048
 20
6.74234
 30
 0
 11
2.67048
 21
6.74234
  0
LINE
  8
Gravur
 62
   255
 39
0.016
  6
CONTINUOUS
 10
2.67048
 20
6.74234
 30
 0
 11
2.67077
 21
6.75068
  0
LINE
  8
Gravur
 62
   255
 39
0.016
  6
CONTINUOUS
 10
2.67077
 20
6.75068
 30
 0
 11
2.67085
 21
6.75234
  0
LINE
  8
Gravur
 62
   255
 39
0.016
  6
CONTINUOUS
 10
2.67085
 20
6.75234
 30
 0
 11
2.67170
 21
6.76385
  0
LINE
  8
Gravur
 62
   255
 39
0.016
  6
CONTINUOUS
 10
2.67170
 20
6.76385
 30
 0
 11
2.67186
 21
6.76513
  0
LINE
  8
Gravur
 62
   255
 39
0.016
  6
CONTINUOUS
 10
2.67186
 20
6.76513
 30
 0
 11
2.67186
 21
6.76513
  0
LINE
  8
Gravur
 62
   255
 39
0.016
  6
CONTINUOUS
 10
2.67186
 20
6.76513
 30
 0
 11
2.67327
 21
6.77301
  0
LINE
  8
Gravur
 62
   255
 39
0.016
  6
CONTINUOUS
 10
2.67327
 20
6.77301
 30
 0
 11
2.67395
 21
6.77557
  0
LINE
  8
Gravur
 62
   255
 39
0.016
  6
CONTINUOUS
 10
2.67395
 20
6.77557
 30
 0
 11
2.67476
 21
6.77809
  0
LINE
  8
Gravur
 62
   255
 39
0.016
  6
CONTINUOUS
 10
2.67476
 20
6.77809
 30
 0
 11
2.67570
 21
6.78055
  0
LINE
  8
Gravur
 62
   255
 39
0.016
  6
CONTINUOUS
 10
2.67570
 20
6.78055
 30
 0
 11
2.67570
 21
6.78055
  0
LINE
  8
Gravur
 62
   255
 39
0.016
  6
CONTINUOUS
 10
2.67570
 20
6.78055
 30
 0
 11
2.67621
 21
6.78174
  0
LINE
  8
Gravur
 62
   255
 39
0.016
  6
CONTINUOUS
 10
2.67621
 20
6.78174
 30
 0
 11
2.67676
 21
6.78290
  0
LINE
  8
Gravur
 62
   255
 39
0.016
  6
CONTINUOUS
 10
2.67676
 20
6.78290
 30
 0
 11
2.67921
 21
6.78678
  0
LINE
  8
Gravur
 62
   255
 39
0.016
  6
CONTINUOUS
 10
2.67921
 20
6.78678
 30
 0
 11
2.67954
 21
6.78718
  0
LINE
  8
Gravur
 62
   255
 39
0.016
  6
CONTINUOUS
 10
2.67954
 20
6.78718
 30
 0
 11
2.67954
 21
6.78718
  0
LINE
  8
Gravur
 62
   255
 39
0.016
  6
CONTINUOUS
 10
2.67954
 20
6.78718
 30
 0
 11
2.68297
 21
6.79040
  0
LINE
  8
Gravur
 62
   255
 39
0.016
  6
CONTINUOUS
 10
2.68297
 20
6.79040
 30
 0
 11
2.68373
 21
6.79090
  0
LINE
  8
Gravur
 62
   255
 39
0.016
  6
CONTINUOUS
 10
2.68373
 20
6.79090
 30
 0
 11
2.68442
 21
6.79130
  0
LINE
  8
Gravur
 62
   255
 39
0.016
  6
CONTINUOUS
 10
2.68442
 20
6.79130
 30
 0
 11
2.68513
 21
6.79166
  0
LINE
  8
Gravur
 62
   255
 39
0.016
  6
CONTINUOUS
 10
2.68513
 20
6.79166
 30
 0
 11
2.68513
 21
6.79166
  0
LINE
  8
Gravur
 62
   255
 39
0.016
  6
CONTINUOUS
 10
2.68513
 20
6.79166
 30
 0
 11
2.68984
 21
6.79309
  0
LINE
  8
Gravur
 62
   255
 39
0.016
  6
CONTINUOUS
 10
2.68984
 20
6.79309
 30
 0
 11
2.69483
 21
6.79320
  0
LINE
  8
Gravur
 62
   255
 39
0.016
  6
CONTINUOUS
 10
2.69483
 20
6.79320
 30
 0
 11
2.69483
 21
6.79320
  0
LINE
  8
Gravur
 62
   255
 39
0.016
  6
CONTINUOUS
 10
2.69483
 20
6.79320
 30
 0
 11
2.70000
 21
6.79195
  0
LINE
  8
Gravur
 62
   255
 39
0.016
  6
CONTINUOUS
 10
2.70000
 20
6.79195
 30
 0
 11
2.70453
 21
6.78937
  0
LINE
  8
Gravur
 62
   255
 39
0.016
  6
CONTINUOUS
 10
2.70453
 20
6.78937
 30
 0
 11
2.70861
 21
6.78479
  0
LINE
  8
Gravur
 62
   255
 39
0.016
  6
CONTINUOUS
 10
2.70861
 20
6.78479
 30
 0
 11
2.70892
 21
6.78430
  0
LINE
  8
Gravur
 62
   255
 39
0.016
  6
CONTINUOUS
 10
2.70892
 20
6.78430
 30
 0
 11
2.70892
 21
6.78430
  0
LINE
  8
Gravur
 62
   255
 39
0.016
  6
CONTINUOUS
 10
2.70892
 20
6.78430
 30
 0
 11
2.71133
 21
6.77956
  0
LINE
  8
Gravur
 62
   255
 39
0.016
  6
CONTINUOUS
 10
2.71133
 20
6.77956
 30
 0
 11
2.71167
 21
6.77862
  0
LINE
  8
Gravur
 62
   255
 39
0.016
  6
CONTINUOUS
 10
2.71167
 20
6.77862
 30
 0
 11
2.71202
 21
6.77728
  0
LINE
  8
Gravur
 62
   255
 39
0.016
  6
CONTINUOUS
 10
2.71202
 20
6.77728
 30
 0
 11
2.71096
 21
6.77396
  0
LINE
  8
Gravur
 62
   255
 39
0.016
  6
CONTINUOUS
 10
2.71096
 20
6.77396
 30
 0
 11
2.71084
 21
6.77370
  0
LINE
  8
Gravur
 62
   255
 39
0.016
  6
CONTINUOUS
 10
2.71084
 20
6.77370
 30
 0
 11
2.71084
 21
6.77370
  0
LINE
  8
Gravur
 62
   255
 39
0.016
  6
CONTINUOUS
 10
2.71084
 20
6.77370
 30
 0
 11
2.70973
 21
6.77172
  0
LINE
  8
Gravur
 62
   255
 39
0.016
  6
CONTINUOUS
 10
2.70973
 20
6.77172
 30
 0
 11
2.70949
 21
6.77130
  0
LINE
  8
Gravur
 62
   255
 39
0.016
  6
CONTINUOUS
 10
2.70949
 20
6.77130
 30
 0
 11
2.70310
 21
6.76026
  0
LINE
  8
Gravur
 62
   255
 39
0.016
  6
CONTINUOUS
 10
2.70310
 20
6.76026
 30
 0
 11
2.68082
 21
6.72177
  0
LINE
  8
Gravur
 62
   255
 39
0.016
  6
CONTINUOUS
 10
2.68082
 20
6.72177
 30
 0
 11
2.67584
 21
6.71314
  0
LINE
  8
Gravur
 62
   255
 39
0.016
  6
CONTINUOUS
 10
2.67584
 20
6.71314
 30
 0
 11
2.67382
 21
6.70858
  0
LINE
  8
Gravur
 62
   255
 39
0.016
  6
CONTINUOUS
 10
2.67382
 20
6.70858
 30
 0
 11
2.67430
 21
6.70651
  0
LINE
  8
Gravur
 62
   255
 39
0.016
  6
CONTINUOUS
 10
2.67430
 20
6.70651
 30
 0
 11
2.67435
 21
6.70638
  0
LINE
  8
Gravur
 62
   255
 39
0.016
  6
CONTINUOUS
 10
2.67435
 20
6.70638
 30
 0
 11
2.67435
 21
6.70638
  0
LINE
  8
Gravur
 62
   255
 39
0.016
  6
CONTINUOUS
 10
2.67435
 20
6.70638
 30
 0
 11
2.67484
 21
6.70502
  0
LINE
  8
Gravur
 62
   255
 39
0.016
  6
CONTINUOUS
 10
2.67484
 20
6.70502
 30
 0
 11
2.67498
 21
6.70465
  0
LINE
  8
Gravur
 62
   255
 39
0.016
  6
CONTINUOUS
 10
2.67498
 20
6.70465
 30
 0
 11
2.67636
 21
6.70134
  0
LINE
  8
Gravur
 62
   255
 39
0.016
  6
CONTINUOUS
 10
2.67636
 20
6.70134
 30
 0
 11
2.67667
 21
6.70069
  0
LINE
  8
Gravur
 62
   255
 39
0.016
  6
CONTINUOUS
 10
2.67667
 20
6.70069
 30
 0
 11
2.67667
 21
6.70069
  0
LINE
  8
Gravur
 62
   255
 39
0.016
  6
CONTINUOUS
 10
2.67667
 20
6.70069
 30
 0
 11
2.67952
 21
6.69608
  0
LINE
  8
Gravur
 62
   255
 39
0.016
  6
CONTINUOUS
 10
2.67952
 20
6.69608
 30
 0
 11
2.68071
 21
6.69474
  0
LINE
  8
Gravur
 62
   255
 39
0.016
  6
CONTINUOUS
 10
2.68071
 20
6.69474
 30
 0
 11
2.68071
 21
6.69474
  0
LINE
  8
Gravur
 62
   255
 39
0.016
  6
CONTINUOUS
 10
2.68071
 20
6.69474
 30
 0
 11
2.68275
 21
6.69302
  0
LINE
  8
Gravur
 62
   255
 39
0.016
  6
CONTINUOUS
 10
2.68275
 20
6.69302
 30
 0
 11
2.68515
 21
6.69169
  0
LINE
  8
Gravur
 62
   255
 39
0.016
  6
CONTINUOUS
 10
2.68515
 20
6.69169
 30
 0
 11
2.69177
 21
6.69005
  0
LINE
  8
Gravur
 62
   255
 39
0.016
  6
CONTINUOUS
 10
2.69177
 20
6.69005
 30
 0
 11
2.69275
 21
6.69000
  0
LINE
  8
Gravur
 62
   255
 39
0.016
  6
CONTINUOUS
 10
2.69275
 20
6.69000
 30
 0
 11
2.69755
 21
6.69045
  0
LINE
  8
Gravur
 62
   255
 39
0.016
  6
CONTINUOUS
 10
2.69755
 20
6.69045
 30
 0
 11
2.69849
 21
6.69069
  0
LINE
  8
Gravur
 62
   255
 39
0.016
  6
CONTINUOUS
 10
2.69849
 20
6.69069
 30
 0
 11
2.69849
 21
6.69069
  0
LINE
  8
Gravur
 62
   255
 39
0.016
  6
CONTINUOUS
 10
2.69849
 20
6.69069
 30
 0
 11
2.70205
 21
6.69216
  0
LINE
  8
Gravur
 62
   255
 39
0.016
  6
CONTINUOUS
 10
2.70205
 20
6.69216
 30
 0
 11
2.70317
 21
6.69283
  0
LINE
  8
Gravur
 62
   255
 39
0.016
  6
CONTINUOUS
 10
2.70317
 20
6.69283
 30
 0
 11
2.70423
 21
6.69361
  0
LINE
  8
Gravur
 62
   255
 39
0.016
  6
CONTINUOUS
 10
2.70423
 20
6.69361
 30
 0
 11
2.70524
 21
6.69447
  0
LINE
  8
Gravur
 62
   255
 39
0.016
  6
CONTINUOUS
 10
2.70524
 20
6.69447
 30
 0
 11
2.70844
 21
6.69841
  0
LINE
  8
Gravur
 62
   255
 39
0.016
  6
CONTINUOUS
 10
2.70844
 20
6.69841
 30
 0
 11
2.70869
 21
6.69880
  0
LINE
  8
Gravur
 62
   255
 39
0.016
  6
CONTINUOUS
 10
2.70869
 20
6.69880
 30
 0
 11
2.70869
 21
6.69880
  0
LINE
  8
Gravur
 62
   255
 39
0.016
  6
CONTINUOUS
 10
2.70869
 20
6.69880
 30
 0
 11
2.71041
 21
6.70213
  0
LINE
  8
Gravur
 62
   255
 39
0.016
  6
CONTINUOUS
 10
2.71041
 20
6.70213
 30
 0
 11
2.71069
 21
6.70281
  0
LINE
  8
Gravur
 62
   255
 39
0.016
  6
CONTINUOUS
 10
2.71069
 20
6.70281
 30
 0
 11
2.71141
 21
6.70468
  0
LINE
  8
Gravur
 62
   255
 39
0.016
  6
CONTINUOUS
 10
2.71141
 20
6.70468
 30
 0
 11
2.71162
 21
6.70531
  0
LINE
  8
Gravur
 62
   255
 39
0.016
  6
CONTINUOUS
 10
2.71162
 20
6.70531
 30
 0
 11
2.71162
 21
6.70531
  0
LINE
  8
Gravur
 62
   255
 39
0.016
  6
CONTINUOUS
 10
2.71162
 20
6.70531
 30
 0
 11
2.71275
 21
6.70924
  0
LINE
  8
Gravur
 62
   255
 39
0.016
  6
CONTINUOUS
 10
2.71275
 20
6.70924
 30
 0
 11
2.71360
 21
6.71325
  0
LINE
  8
Gravur
 62
   255
 39
0.016
  6
CONTINUOUS
 10
2.71360
 20
6.71325
 30
 0
 11
2.71360
 21
6.71325
  0
LINE
  8
Gravur
 62
   255
 39
0.016
  6
CONTINUOUS
 10
2.71360
 20
6.71325
 30
 0
 11
2.71415
 21
6.71666
  0
LINE
  8
Gravur
 62
   255
 39
0.016
  6
CONTINUOUS
 10
2.71415
 20
6.71666
 30
 0
 11
2.71462
 21
6.72007
  0
LINE
  8
Gravur
 62
   255
 39
0.016
  6
CONTINUOUS
 10
2.71462
 20
6.72007
 30
 0
 11
2.71584
 21
6.73441
  0
LINE
  8
Gravur
 62
   255
 39
0.016
  6
CONTINUOUS
 10
2.71584
 20
6.73441
 30
 0
 11
2.71589
 21
6.73602
  0
LINE
  8
Gravur
 62
   255
 39
0.016
  6
CONTINUOUS
 10
2.71589
 20
6.73602
 30
 0
 11
2.71589
 21
6.73602
  0
LINE
  8
Gravur
 62
   255
 39
0.016
  6
CONTINUOUS
 10
2.71589
 20
6.73602
 30
 0
 11
2.71575
 21
6.74941
  0
LINE
  8
Gravur
 62
   255
 39
0.016
  6
CONTINUOUS
 10
2.71575
 20
6.74941
 30
 0
 11
2.71559
 21
6.75205
  0
LINE
  8
Gravur
 62
   255
 39
0.016
  6
CONTINUOUS
 10
2.71559
 20
6.75205
 30
 0
 11
2.71438
 21
6.76566
  0
LINE
  8
Gravur
 62
   255
 39
0.016
  6
CONTINUOUS
 10
2.71438
 20
6.76566
 30
 0
 11
2.71427
 21
6.76645
  0
LINE
  8
Gravur
 62
   255
 39
0.016
  6
CONTINUOUS
 10
2.71427
 20
6.76645
 30
 0
 11
2.71415
 21
6.76725
  0
LINE
  8
Gravur
 62
   255
 39
0.016
  6
CONTINUOUS
 10
2.71415
 20
6.76725
 30
 0
 11
2.71403
 21
6.76805
  0
LINE
  8
Gravur
 62
   255
 39
0.016
  6
CONTINUOUS
 10
2.71403
 20
6.76805
 30
 0
 11
2.71203
 21
6.77733
  0
LINE
  8
Gravur
 62
   255
 39
0.016
  6
CONTINUOUS
 10
3.42014
 20
6.77398
 30
 0
 11
3.43996
 21
6.78496
  0
LINE
  8
Gravur
 62
   255
 39
0.016
  6
CONTINUOUS
 10
3.43996
 20
6.78496
 30
 0
 11
3.44533
 21
6.78768
  0
LINE
  8
Gravur
 62
   255
 39
0.016
  6
CONTINUOUS
 10
3.44533
 20
6.78768
 30
 0
 11
3.44712
 21
6.78791
  0
LINE
  8
Gravur
 62
   255
 39
0.016
  6
CONTINUOUS
 10
3.44712
 20
6.78791
 30
 0
 11
3.44746
 21
6.78644
  0
LINE
  8
Gravur
 62
   255
 39
0.016
  6
CONTINUOUS
 10
3.44746
 20
6.78644
 30
 0
 11
3.44746
 21
6.78219
  0
LINE
  8
Gravur
 62
   255
 39
0.016
  6
CONTINUOUS
 10
3.44746
 20
6.78219
 30
 0
 11
3.44746
 21
6.76408
  0
LINE
  8
Gravur
 62
   255
 39
0.016
  6
CONTINUOUS
 10
3.44746
 20
6.76408
 30
 0
 11
3.44746
 21
6.68794
  0
LINE
  8
Gravur
 62
   255
 39
0.016
  6
CONTINUOUS
 10
3.49313
 20
6.70497
 30
 0
 11
3.49179
 21
6.71109
  0
LINE
  8
Gravur
 62
   255
 39
0.016
  6
CONTINUOUS
 10
3.49179
 20
6.71109
 30
 0
 11
3.49173
 21
6.71146
  0
LINE
  8
Gravur
 62
   255
 39
0.016
  6
CONTINUOUS
 10
3.49173
 20
6.71146
 30
 0
 11
3.49148
 21
6.71302
  0
LINE
  8
Gravur
 62
   255
 39
0.016
  6
CONTINUOUS
 10
3.49148
 20
6.71302
 30
 0
 11
3.49144
 21
6.71327
  0
LINE
  8
Gravur
 62
   255
 39
0.016
  6
CONTINUOUS
 10
3.49144
 20
6.71327
 30
 0
 11
3.49071
 21
6.72039
  0
LINE
  8
Gravur
 62
   255
 39
0.016
  6
CONTINUOUS
 10
3.49071
 20
6.72039
 30
 0
 11
3.49066
 21
6.72104
  0
LINE
  8
Gravur
 62
   255
 39
0.016
  6
CONTINUOUS
 10
3.49066
 20
6.72104
 30
 0
 11
3.49066
 21
6.72104
  0
LINE
  8
Gravur
 62
   255
 39
0.016
  6
CONTINUOUS
 10
3.49066
 20
6.72104
 30
 0
 11
3.49025
 21
6.72659
  0
LINE
  8
Gravur
 62
   255
 39
0.016
  6
CONTINUOUS
 10
3.49025
 20
6.72659
 30
 0
 11
3.49016
 21
6.72771
  0
LINE
  8
Gravur
 62
   255
 39
0.016
  6
CONTINUOUS
 10
3.49016
 20
6.72771
 30
 0
 11
3.48980
 21
6.73787
  0
LINE
  8
Gravur
 62
   255
 39
0.016
  6
CONTINUOUS
 10
3.48980
 20
6.73787
 30
 0
 11
3.48981
 21
6.73880
  0
LINE
  8
Gravur
 62
   255
 39
0.016
  6
CONTINUOUS
 10
3.48981
 20
6.73880
 30
 0
 11
3.48981
 21
6.73880
  0
LINE
  8
Gravur
 62
   255
 39
0.016
  6
CONTINUOUS
 10
3.48981
 20
6.73880
 30
 0
 11
3.49010
 21
6.74714
  0
LINE
  8
Gravur
 62
   255
 39
0.016
  6
CONTINUOUS
 10
3.49010
 20
6.74714
 30
 0
 11
3.49018
 21
6.74879
  0
LINE
  8
Gravur
 62
   255
 39
0.016
  6
CONTINUOUS
 10
3.49018
 20
6.74879
 30
 0
 11
3.49103
 21
6.76030
  0
LINE
  8
Gravur
 62
   255
 39
0.016
  6
CONTINUOUS
 10
3.49103
 20
6.76030
 30
 0
 11
3.49119
 21
6.76159
  0
LINE
  8
Gravur
 62
   255
 39
0.016
  6
CONTINUOUS
 10
3.49119
 20
6.76159
 30
 0
 11
3.49119
 21
6.76159
  0
LINE
  8
Gravur
 62
   255
 39
0.016
  6
CONTINUOUS
 10
3.49119
 20
6.76159
 30
 0
 11
3.49260
 21
6.76946
  0
LINE
  8
Gravur
 62
   255
 39
0.016
  6
CONTINUOUS
 10
3.49260
 20
6.76946
 30
 0
 11
3.49328
 21
6.77203
  0
LINE
  8
Gravur
 62
   255
 39
0.016
  6
CONTINUOUS
 10
3.49328
 20
6.77203
 30
 0
 11
3.49409
 21
6.77455
  0
LINE
  8
Gravur
 62
   255
 39
0.016
  6
CONTINUOUS
 10
3.49409
 20
6.77455
 30
 0
 11
3.49503
 21
6.77701
  0
LINE
  8
Gravur
 62
   255
 39
0.016
  6
CONTINUOUS
 10
3.49503
 20
6.77701
 30
 0
 11
3.49503
 21
6.77701
  0
LINE
  8
Gravur
 62
   255
 39
0.016
  6
CONTINUOUS
 10
3.49503
 20
6.77701
 30
 0
 11
3.49554
 21
6.77819
  0
LINE
  8
Gravur
 62
   255
 39
0.016
  6
CONTINUOUS
 10
3.49554
 20
6.77819
 30
 0
 11
3.49609
 21
6.77936
  0
LINE
  8
Gravur
 62
   255
 39
0.016
  6
CONTINUOUS
 10
3.49609
 20
6.77936
 30
 0
 11
3.49854
 21
6.78323
  0
LINE
  8
Gravur
 62
   255
 39
0.016
  6
CONTINUOUS
 10
3.49854
 20
6.78323
 30
 0
 11
3.49887
 21
6.78364
  0
LINE
  8
Gravur
 62
   255
 39
0.016
  6
CONTINUOUS
 10
3.49887
 20
6.78364
 30
 0
 11
3.49887
 21
6.78364
  0
LINE
  8
Gravur
 62
   255
 39
0.016
  6
CONTINUOUS
 10
3.49887
 20
6.78364
 30
 0
 11
3.50230
 21
6.78686
  0
LINE
  8
Gravur
 62
   255
 39
0.016
  6
CONTINUOUS
 10
3.50230
 20
6.78686
 30
 0
 11
3.50306
 21
6.78736
  0
LINE
  8
Gravur
 62
   255
 39
0.016
  6
CONTINUOUS
 10
3.50306
 20
6.78736
 30
 0
 11
3.50375
 21
6.78775
  0
LINE
  8
Gravur
 62
   255
 39
0.016
  6
CONTINUOUS
 10
3.50375
 20
6.78775
 30
 0
 11
3.50446
 21
6.78811
  0
LINE
  8
Gravur
 62
   255
 39
0.016
  6
CONTINUOUS
 10
3.50446
 20
6.78811
 30
 0
 11
3.50446
 21
6.78811
  0
LINE
  8
Gravur
 62
   255
 39
0.016
  6
CONTINUOUS
 10
3.50446
 20
6.78811
 30
 0
 11
3.50918
 21
6.78955
  0
LINE
  8
Gravur
 62
   255
 39
0.016
  6
CONTINUOUS
 10
3.50918
 20
6.78955
 30
 0
 11
3.51416
 21
6.78966
  0
LINE
  8
Gravur
 62
   255
 39
0.016
  6
CONTINUOUS
 10
3.51416
 20
6.78966
 30
 0
 11
3.51416
 21
6.78966
  0
LINE
  8
Gravur
 62
   255
 39
0.016
  6
CONTINUOUS
 10
3.51416
 20
6.78966
 30
 0
 11
3.51933
 21
6.78840
  0
LINE
  8
Gravur
 62
   255
 39
0.016
  6
CONTINUOUS
 10
3.51933
 20
6.78840
 30
 0
 11
3.52387
 21
6.78583
  0
LINE
  8
Gravur
 62
   255
 39
0.016
  6
CONTINUOUS
 10
3.52387
 20
6.78583
 30
 0
 11
3.52794
 21
6.78125
  0
LINE
  8
Gravur
 62
   255
 39
0.016
  6
CONTINUOUS
 10
3.52794
 20
6.78125
 30
 0
 11
3.52825
 21
6.78076
  0
LINE
  8
Gravur
 62
   255
 39
0.016
  6
CONTINUOUS
 10
3.52825
 20
6.78076
 30
 0
 11
3.52825
 21
6.78076
  0
LINE
  8
Gravur
 62
   255
 39
0.016
  6
CONTINUOUS
 10
3.52825
 20
6.78076
 30
 0
 11
3.53066
 21
6.77602
  0
LINE
  8
Gravur
 62
   255
 39
0.016
  6
CONTINUOUS
 10
3.53066
 20
6.77602
 30
 0
 11
3.53101
 21
6.77508
  0
LINE
  8
Gravur
 62
   255
 39
0.016
  6
CONTINUOUS
 10
3.53101
 20
6.77508
 30
 0
 11
3.53135
 21
6.77374
  0
LINE
  8
Gravur
 62
   255
 39
0.016
  6
CONTINUOUS
 10
3.53135
 20
6.77374
 30
 0
 11
3.53029
 21
6.77041
  0
LINE
  8
Gravur
 62
   255
 39
0.016
  6
CONTINUOUS
 10
3.53029
 20
6.77041
 30
 0
 11
3.53017
 21
6.77015
  0
LINE
  8
Gravur
 62
   255
 39
0.016
  6
CONTINUOUS
 10
3.53017
 20
6.77015
 30
 0
 11
3.53017
 21
6.77015
  0
LINE
  8
Gravur
 62
   255
 39
0.016
  6
CONTINUOUS
 10
3.53017
 20
6.77015
 30
 0
 11
3.52906
 21
6.76818
  0
LINE
  8
Gravur
 62
   255
 39
0.016
  6
CONTINUOUS
 10
3.52906
 20
6.76818
 30
 0
 11
3.52882
 21
6.76776
  0
LINE
  8
Gravur
 62
   255
 39
0.016
  6
CONTINUOUS
 10
3.52882
 20
6.76776
 30
 0
 11
3.52243
 21
6.75672
  0
LINE
  8
Gravur
 62
   255
 39
0.016
  6
CONTINUOUS
 10
3.52243
 20
6.75672
 30
 0
 11
3.50015
 21
6.71823
  0
LINE
  8
Gravur
 62
   255
 39
0.016
  6
CONTINUOUS
 10
3.50015
 20
6.71823
 30
 0
 11
3.49517
 21
6.70959
  0
LINE
  8
Gravur
 62
   255
 39
0.016
  6
CONTINUOUS
 10
3.49517
 20
6.70959
 30
 0
 11
3.49315
 21
6.70504
  0
LINE
  8
Gravur
 62
   255
 39
0.016
  6
CONTINUOUS
 10
3.49315
 20
6.70504
 30
 0
 11
3.49363
 21
6.70297
  0
LINE
  8
Gravur
 62
   255
 39
0.016
  6
CONTINUOUS
 10
3.49363
 20
6.70297
 30
 0
 11
3.49368
 21
6.70283
  0
LINE
  8
Gravur
 62
   255
 39
0.016
  6
CONTINUOUS
 10
3.49368
 20
6.70283
 30
 0
 11
3.49368
 21
6.70283
  0
LINE
  8
Gravur
 62
   255
 39
0.016
  6
CONTINUOUS
 10
3.49368
 20
6.70283
 30
 0
 11
3.49417
 21
6.70148
  0
LINE
  8
Gravur
 62
   255
 39
0.016
  6
CONTINUOUS
 10
3.49417
 20
6.70148
 30
 0
 11
3.49432
 21
6.70110
  0
LINE
  8
Gravur
 62
   255
 39
0.016
  6
CONTINUOUS
 10
3.49432
 20
6.70110
 30
 0
 11
3.49569
 21
6.69779
  0
LINE
  8
Gravur
 62
   255
 39
0.016
  6
CONTINUOUS
 10
3.49569
 20
6.69779
 30
 0
 11
3.49600
 21
6.69714
  0
LINE
  8
Gravur
 62
   255
 39
0.016
  6
CONTINUOUS
 10
3.49600
 20
6.69714
 30
 0
 11
3.49600
 21
6.69714
  0
LINE
  8
Gravur
 62
   255
 39
0.016
  6
CONTINUOUS
 10
3.49600
 20
6.69714
 30
 0
 11
3.49885
 21
6.69254
  0
LINE
  8
Gravur
 62
   255
 39
0.016
  6
CONTINUOUS
 10
3.49885
 20
6.69254
 30
 0
 11
3.50004
 21
6.69120
  0
LINE
  8
Gravur
 62
   255
 39
0.016
  6
CONTINUOUS
 10
3.50004
 20
6.69120
 30
 0
 11
3.50004
 21
6.69120
  0
LINE
  8
Gravur
 62
   255
 39
0.016
  6
CONTINUOUS
 10
3.50004
 20
6.69120
 30
 0
 11
3.50208
 21
6.68948
  0
LINE
  8
Gravur
 62
   255
 39
0.016
  6
CONTINUOUS
 10
3.50208
 20
6.68948
 30
 0
 11
3.50448
 21
6.68815
  0
LINE
  8
Gravur
 62
   255
 39
0.016
  6
CONTINUOUS
 10
3.50448
 20
6.68815
 30
 0
 11
3.51110
 21
6.68651
  0
LINE
  8
Gravur
 62
   255
 39
0.016
  6
CONTINUOUS
 10
3.51110
 20
6.68651
 30
 0
 11
3.51208
 21
6.68645
  0
LINE
  8
Gravur
 62
   255
 39
0.016
  6
CONTINUOUS
 10
3.51208
 20
6.68645
 30
 0
 11
3.51688
 21
6.68691
  0
LINE
  8
Gravur
 62
   255
 39
0.016
  6
CONTINUOUS
 10
3.51688
 20
6.68691
 30
 0
 11
3.51782
 21
6.68715
  0
LINE
  8
Gravur
 62
   255
 39
0.016
  6
CONTINUOUS
 10
3.51782
 20
6.68715
 30
 0
 11
3.51782
 21
6.68715
  0
LINE
  8
Gravur
 62
   255
 39
0.016
  6
CONTINUOUS
 10
3.51782
 20
6.68715
 30
 0
 11
3.52138
 21
6.68862
  0
LINE
  8
Gravur
 62
   255
 39
0.016
  6
CONTINUOUS
 10
3.52138
 20
6.68862
 30
 0
 11
3.52250
 21
6.68929
  0
LINE
  8
Gravur
 62
   255
 39
0.016
  6
CONTINUOUS
 10
3.52250
 20
6.68929
 30
 0
 11
3.52356
 21
6.69006
  0
LINE
  8
Gravur
 62
   255
 39
0.016
  6
CONTINUOUS
 10
3.52356
 20
6.69006
 30
 0
 11
3.52457
 21
6.69093
  0
LINE
  8
Gravur
 62
   255
 39
0.016
  6
CONTINUOUS
 10
3.52457
 20
6.69093
 30
 0
 11
3.52778
 21
6.69486
  0
LINE
  8
Gravur
 62
   255
 39
0.016
  6
CONTINUOUS
 10
3.52778
 20
6.69486
 30
 0
 11
3.52802
 21
6.69526
  0
LINE
  8
Gravur
 62
   255
 39
0.016
  6
CONTINUOUS
 10
3.52802
 20
6.69526
 30
 0
 11
3.52802
 21
6.69526
  0
LINE
  8
Gravur
 62
   255
 39
0.016
  6
CONTINUOUS
 10
3.52802
 20
6.69526
 30
 0
 11
3.52974
 21
6.69858
  0
LINE
  8
Gravur
 62
   255
 39
0.016
  6
CONTINUOUS
 10
3.52974
 20
6.69858
 30
 0
 11
3.53002
 21
6.69926
  0
LINE
  8
Gravur
 62
   255
 39
0.016
  6
CONTINUOUS
 10
3.53002
 20
6.69926
 30
 0
 11
3.53074
 21
6.70114
  0
LINE
  8
Gravur
 62
   255
 39
0.016
  6
CONTINUOUS
 10
3.53074
 20
6.70114
 30
 0
 11
3.53095
 21
6.70177
  0
LINE
  8
Gravur
 62
   255
 39
0.016
  6
CONTINUOUS
 10
3.53095
 20
6.70177
 30
 0
 11
3.53095
 21
6.70177
  0
LINE
  8
Gravur
 62
   255
 39
0.016
  6
CONTINUOUS
 10
3.53095
 20
6.70177
 30
 0
 11
3.53208
 21
6.70570
  0
LINE
  8
Gravur
 62
   255
 39
0.016
  6
CONTINUOUS
 10
3.53208
 20
6.70570
 30
 0
 11
3.53293
 21
6.70970
  0
LINE
  8
Gravur
 62
   255
 39
0.016
  6
CONTINUOUS
 10
3.53293
 20
6.70970
 30
 0
 11
3.53293
 21
6.70970
  0
LINE
  8
Gravur
 62
   255
 39
0.016
  6
CONTINUOUS
 10
3.53293
 20
6.70970
 30
 0
 11
3.53348
 21
6.71312
  0
LINE
  8
Gravur
 62
   255
 39
0.016
  6
CONTINUOUS
 10
3.53348
 20
6.71312
 30
 0
 11
3.53395
 21
6.71653
  0
LINE
  8
Gravur
 62
   255
 39
0.016
  6
CONTINUOUS
 10
3.53395
 20
6.71653
 30
 0
 11
3.53517
 21
6.73087
  0
LINE
  8
Gravur
 62
   255
 39
0.016
  6
CONTINUOUS
 10
3.53517
 20
6.73087
 30
 0
 11
3.53522
 21
6.73247
  0
LINE
  8
Gravur
 62
   255
 39
0.016
  6
CONTINUOUS
 10
3.53522
 20
6.73247
 30
 0
 11
3.53522
 21
6.73247
  0
LINE
  8
Gravur
 62
   255
 39
0.016
  6
CONTINUOUS
 10
3.53522
 20
6.73247
 30
 0
 11
3.53508
 21
6.74586
  0
LINE
  8
Gravur
 62
   255
 39
0.016
  6
CONTINUOUS
 10
3.53508
 20
6.74586
 30
 0
 11
3.53492
 21
6.74851
  0
LINE
  8
Gravur
 62
   255
 39
0.016
  6
CONTINUOUS
 10
3.53492
 20
6.74851
 30
 0
 11
3.53371
 21
6.76211
  0
LINE
  8
Gravur
 62
   255
 39
0.016
  6
CONTINUOUS
 10
3.53371
 20
6.76211
 30
 0
 11
3.53360
 21
6.76291
  0
LINE
  8
Gravur
 62
   255
 39
0.016
  6
CONTINUOUS
 10
3.53360
 20
6.76291
 30
 0
 11
3.53348
 21
6.76371
  0
LINE
  8
Gravur
 62
   255
 39
0.016
  6
CONTINUOUS
 10
3.53348
 20
6.76371
 30
 0
 11
3.53336
 21
6.76450
  0
LINE
  8
Gravur
 62
   255
 39
0.016
  6
CONTINUOUS
 10
3.53336
 20
6.76450
 30
 0
 11
3.53137
 21
6.77378
  0
LINE
  8
Gravur
 62
   255
 39
0.016
  6
CONTINUOUS
 10
2.69136
 20
4.65076
 30
 0
 11
2.69002
 21
4.65688
  0
LINE
  8
Gravur
 62
   255
 39
0.016
  6
CONTINUOUS
 10
2.69002
 20
4.65688
 30
 0
 11
2.68996
 21
4.65725
  0
LINE
  8
Gravur
 62
   255
 39
0.016
  6
CONTINUOUS
 10
2.68996
 20
4.65725
 30
 0
 11
2.68970
 21
4.65881
  0
LINE
  8
Gravur
 62
   255
 39
0.016
  6
CONTINUOUS
 10
2.68970
 20
4.65881
 30
 0
 11
2.68967
 21
4.65906
  0
LINE
  8
Gravur
 62
   255
 39
0.016
  6
CONTINUOUS
 10
2.68967
 20
4.65906
 30
 0
 11
2.68894
 21
4.66618
  0
LINE
  8
Gravur
 62
   255
 39
0.016
  6
CONTINUOUS
 10
2.68894
 20
4.66618
 30
 0
 11
2.68889
 21
4.66682
  0
LINE
  8
Gravur
 62
   255
 39
0.016
  6
CONTINUOUS
 10
2.68889
 20
4.66682
 30
 0
 11
2.68889
 21
4.66682
  0
LINE
  8
Gravur
 62
   255
 39
0.016
  6
CONTINUOUS
 10
2.68889
 20
4.66682
 30
 0
 11
2.68848
 21
4.67238
  0
LINE
  8
Gravur
 62
   255
 39
0.016
  6
CONTINUOUS
 10
2.68848
 20
4.67238
 30
 0
 11
2.68839
 21
4.67350
  0
LINE
  8
Gravur
 62
   255
 39
0.016
  6
CONTINUOUS
 10
2.68839
 20
4.67350
 30
 0
 11
2.68803
 21
4.68366
  0
LINE
  8
Gravur
 62
   255
 39
0.016
  6
CONTINUOUS
 10
2.68803
 20
4.68366
 30
 0
 11
2.68804
 21
4.68459
  0
LINE
  8
Gravur
 62
   255
 39
0.016
  6
CONTINUOUS
 10
2.68804
 20
4.68459
 30
 0
 11
2.68804
 21
4.68459
  0
LINE
  8
Gravur
 62
   255
 39
0.016
  6
CONTINUOUS
 10
2.68804
 20
4.68459
 30
 0
 11
2.68833
 21
4.69293
  0
LINE
  8
Gravur
 62
   255
 39
0.016
  6
CONTINUOUS
 10
2.68833
 20
4.69293
 30
 0
 11
2.68840
 21
4.69458
  0
LINE
  8
Gravur
 62
   255
 39
0.016
  6
CONTINUOUS
 10
2.68840
 20
4.69458
 30
 0
 11
2.68926
 21
4.70609
  0
LINE
  8
Gravur
 62
   255
 39
0.016
  6
CONTINUOUS
 10
2.68926
 20
4.70609
 30
 0
 11
2.68942
 21
4.70738
  0
LINE
  8
Gravur
 62
   255
 39
0.016
  6
CONTINUOUS
 10
2.68942
 20
4.70738
 30
 0
 11
2.68942
 21
4.70738
  0
LINE
  8
Gravur
 62
   255
 39
0.016
  6
CONTINUOUS
 10
2.68942
 20
4.70738
 30
 0
 11
2.69083
 21
4.71525
  0
LINE
  8
Gravur
 62
   255
 39
0.016
  6
CONTINUOUS
 10
2.69083
 20
4.71525
 30
 0
 11
2.69151
 21
4.71781
  0
LINE
  8
Gravur
 62
   255
 39
0.016
  6
CONTINUOUS
 10
2.69151
 20
4.71781
 30
 0
 11
2.69232
 21
4.72033
  0
LINE
  8
Gravur
 62
   255
 39
0.016
  6
CONTINUOUS
 10
2.69232
 20
4.72033
 30
 0
 11
2.69326
 21
4.72280
  0
LINE
  8
Gravur
 62
   255
 39
0.016
  6
CONTINUOUS
 10
2.69326
 20
4.72280
 30
 0
 11
2.69326
 21
4.72280
  0
LINE
  8
Gravur
 62
   255
 39
0.016
  6
CONTINUOUS
 10
2.69326
 20
4.72280
 30
 0
 11
2.69377
 21
4.72398
  0
LINE
  8
Gravur
 62
   255
 39
0.016
  6
CONTINUOUS
 10
2.69377
 20
4.72398
 30
 0
 11
2.69432
 21
4.72515
  0
LINE
  8
Gravur
 62
   255
 39
0.016
  6
CONTINUOUS
 10
2.69432
 20
4.72515
 30
 0
 11
2.69677
 21
4.72902
  0
LINE
  8
Gravur
 62
   255
 39
0.016
  6
CONTINUOUS
 10
2.69677
 20
4.72902
 30
 0
 11
2.69710
 21
4.72942
  0
LINE
  8
Gravur
 62
   255
 39
0.016
  6
CONTINUOUS
 10
2.69710
 20
4.72942
 30
 0
 11
2.69710
 21
4.72942
  0
LINE
  8
Gravur
 62
   255
 39
0.016
  6
CONTINUOUS
 10
2.69710
 20
4.72942
 30
 0
 11
2.70053
 21
4.73264
  0
LINE
  8
Gravur
 62
   255
 39
0.016
  6
CONTINUOUS
 10
2.70053
 20
4.73264
 30
 0
 11
2.70129
 21
4.73315
  0
LINE
  8
Gravur
 62
   255
 39
0.016
  6
CONTINUOUS
 10
2.70129
 20
4.73315
 30
 0
 11
2.70198
 21
4.73354
  0
LINE
  8
Gravur
 62
   255
 39
0.016
  6
CONTINUOUS
 10
2.70198
 20
4.73354
 30
 0
 11
2.70269
 21
4.73390
  0
LINE
  8
Gravur
 62
   255
 39
0.016
  6
CONTINUOUS
 10
2.70269
 20
4.73390
 30
 0
 11
2.70269
 21
4.73390
  0
LINE
  8
Gravur
 62
   255
 39
0.016
  6
CONTINUOUS
 10
2.70269
 20
4.73390
 30
 0
 11
2.70740
 21
4.73533
  0
LINE
  8
Gravur
 62
   255
 39
0.016
  6
CONTINUOUS
 10
2.70740
 20
4.73533
 30
 0
 11
2.71238
 21
4.73544
  0
LINE
  8
Gravur
 62
   255
 39
0.016
  6
CONTINUOUS
 10
2.71238
 20
4.73544
 30
 0
 11
2.71238
 21
4.73544
  0
LINE
  8
Gravur
 62
   255
 39
0.016
  6
CONTINUOUS
 10
2.71238
 20
4.73544
 30
 0
 11
2.71756
 21
4.73419
  0
LINE
  8
Gravur
 62
   255
 39
0.016
  6
CONTINUOUS
 10
2.71756
 20
4.73419
 30
 0
 11
2.72209
 21
4.73161
  0
LINE
  8
Gravur
 62
   255
 39
0.016
  6
CONTINUOUS
 10
2.72209
 20
4.73161
 30
 0
 11
2.72616
 21
4.72703
  0
LINE
  8
Gravur
 62
   255
 39
0.016
  6
CONTINUOUS
 10
2.72616
 20
4.72703
 30
 0
 11
2.72648
 21
4.72655
  0
LINE
  8
Gravur
 62
   255
 39
0.016
  6
CONTINUOUS
 10
2.72648
 20
4.72655
 30
 0
 11
2.72648
 21
4.72655
  0
LINE
  8
Gravur
 62
   255
 39
0.016
  6
CONTINUOUS
 10
2.72648
 20
4.72655
 30
 0
 11
2.72889
 21
4.72180
  0
LINE
  8
Gravur
 62
   255
 39
0.016
  6
CONTINUOUS
 10
2.72889
 20
4.72180
 30
 0
 11
2.72923
 21
4.72087
  0
LINE
  8
Gravur
 62
   255
 39
0.016
  6
CONTINUOUS
 10
2.72923
 20
4.72087
 30
 0
 11
2.72958
 21
4.71952
  0
LINE
  8
Gravur
 62
   255
 39
0.016
  6
CONTINUOUS
 10
2.72958
 20
4.71952
 30
 0
 11
2.72852
 21
4.71620
  0
LINE
  8
Gravur
 62
   255
 39
0.016
  6
CONTINUOUS
 10
2.72852
 20
4.71620
 30
 0
 11
2.72839
 21
4.71594
  0
LINE
  8
Gravur
 62
   255
 39
0.016
  6
CONTINUOUS
 10
2.72839
 20
4.71594
 30
 0
 11
2.72839
 21
4.71594
  0
LINE
  8
Gravur
 62
   255
 39
0.016
  6
CONTINUOUS
 10
2.72839
 20
4.71594
 30
 0
 11
2.72729
 21
4.71397
  0
LINE
  8
Gravur
 62
   255
 39
0.016
  6
CONTINUOUS
 10
2.72729
 20
4.71397
 30
 0
 11
2.72704
 21
4.71354
  0
LINE
  8
Gravur
 62
   255
 39
0.016
  6
CONTINUOUS
 10
2.72704
 20
4.71354
 30
 0
 11
2.72066
 21
4.70251
  0
LINE
  8
Gravur
 62
   255
 39
0.016
  6
CONTINUOUS
 10
2.72066
 20
4.70251
 30
 0
 11
2.69838
 21
4.66401
  0
LINE
  8
Gravur
 62
   255
 39
0.016
  6
CONTINUOUS
 10
2.69838
 20
4.66401
 30
 0
 11
2.69339
 21
4.65538
  0
LINE
  8
Gravur
 62
   255
 39
0.016
  6
CONTINUOUS
 10
2.69339
 20
4.65538
 30
 0
 11
2.69137
 21
4.65083
  0
LINE
  8
Gravur
 62
   255
 39
0.016
  6
CONTINUOUS
 10
2.69137
 20
4.65083
 30
 0
 11
2.69186
 21
4.64876
  0
LINE
  8
Gravur
 62
   255
 39
0.016
  6
CONTINUOUS
 10
2.69186
 20
4.64876
 30
 0
 11
2.69191
 21
4.64862
  0
LINE
  8
Gravur
 62
   255
 39
0.016
  6
CONTINUOUS
 10
2.69191
 20
4.64862
 30
 0
 11
2.69191
 21
4.64862
  0
LINE
  8
Gravur
 62
   255
 39
0.016
  6
CONTINUOUS
 10
2.69191
 20
4.64862
 30
 0
 11
2.69240
 21
4.64726
  0
LINE
  8
Gravur
 62
   255
 39
0.016
  6
CONTINUOUS
 10
2.69240
 20
4.64726
 30
 0
 11
2.69254
 21
4.64689
  0
LINE
  8
Gravur
 62
   255
 39
0.016
  6
CONTINUOUS
 10
2.69254
 20
4.64689
 30
 0
 11
2.69392
 21
4.64358
  0
LINE
  8
Gravur
 62
   255
 39
0.016
  6
CONTINUOUS
 10
2.69392
 20
4.64358
 30
 0
 11
2.69423
 21
4.64293
  0
LINE
  8
Gravur
 62
   255
 39
0.016
  6
CONTINUOUS
 10
2.69423
 20
4.64293
 30
 0
 11
2.69423
 21
4.64293
  0
LINE
  8
Gravur
 62
   255
 39
0.016
  6
CONTINUOUS
 10
2.69423
 20
4.64293
 30
 0
 11
2.69708
 21
4.63832
  0
LINE
  8
Gravur
 62
   255
 39
0.016
  6
CONTINUOUS
 10
2.69708
 20
4.63832
 30
 0
 11
2.69827
 21
4.63699
  0
LINE
  8
Gravur
 62
   255
 39
0.016
  6
CONTINUOUS
 10
2.69827
 20
4.63699
 30
 0
 11
2.69827
 21
4.63699
  0
LINE
  8
Gravur
 62
   255
 39
0.016
  6
CONTINUOUS
 10
2.69827
 20
4.63699
 30
 0
 11
2.70031
 21
4.63527
  0
LINE
  8
Gravur
 62
   255
 39
0.016
  6
CONTINUOUS
 10
2.70031
 20
4.63527
 30
 0
 11
2.70271
 21
4.63393
  0
LINE
  8
Gravur
 62
   255
 39
0.016
  6
CONTINUOUS
 10
2.70271
 20
4.63393
 30
 0
 11
2.70933
 21
4.63229
  0
LINE
  8
Gravur
 62
   255
 39
0.016
  6
CONTINUOUS
 10
2.70933
 20
4.63229
 30
 0
 11
2.71030
 21
4.63224
  0
LINE
  8
Gravur
 62
   255
 39
0.016
  6
CONTINUOUS
 10
2.71030
 20
4.63224
 30
 0
 11
2.71511
 21
4.63270
  0
LINE
  8
Gravur
 62
   255
 39
0.016
  6
CONTINUOUS
 10
2.71511
 20
4.63270
 30
 0
 11
2.71604
 21
4.63294
  0
LINE
  8
Gravur
 62
   255
 39
0.016
  6
CONTINUOUS
 10
2.71604
 20
4.63294
 30
 0
 11
2.71604
 21
4.63294
  0
LINE
  8
Gravur
 62
   255
 39
0.016
  6
CONTINUOUS
 10
2.71604
 20
4.63294
 30
 0
 11
2.71961
 21
4.63440
  0
LINE
  8
Gravur
 62
   255
 39
0.016
  6
CONTINUOUS
 10
2.71961
 20
4.63440
 30
 0
 11
2.72072
 21
4.63508
  0
LINE
  8
Gravur
 62
   255
 39
0.016
  6
CONTINUOUS
 10
2.72072
 20
4.63508
 30
 0
 11
2.72179
 21
4.63585
  0
LINE
  8
Gravur
 62
   255
 39
0.016
  6
CONTINUOUS
 10
2.72179
 20
4.63585
 30
 0
 11
2.72280
 21
4.63672
  0
LINE
  8
Gravur
 62
   255
 39
0.016
  6
CONTINUOUS
 10
2.72280
 20
4.63672
 30
 0
 11
2.72600
 21
4.64065
  0
LINE
  8
Gravur
 62
   255
 39
0.016
  6
CONTINUOUS
 10
2.72600
 20
4.64065
 30
 0
 11
2.72625
 21
4.64105
  0
LINE
  8
Gravur
 62
   255
 39
0.016
  6
CONTINUOUS
 10
2.72625
 20
4.64105
 30
 0
 11
2.72625
 21
4.64105
  0
LINE
  8
Gravur
 62
   255
 39
0.016
  6
CONTINUOUS
 10
2.72625
 20
4.64105
 30
 0
 11
2.72797
 21
4.64437
  0
LINE
  8
Gravur
 62
   255
 39
0.016
  6
CONTINUOUS
 10
2.72797
 20
4.64437
 30
 0
 11
2.72825
 21
4.64505
  0
LINE
  8
Gravur
 62
   255
 39
0.016
  6
CONTINUOUS
 10
2.72825
 20
4.64505
 30
 0
 11
2.72897
 21
4.64692
  0
LINE
  8
Gravur
 62
   255
 39
0.016
  6
CONTINUOUS
 10
2.72897
 20
4.64692
 30
 0
 11
2.72918
 21
4.64755
  0
LINE
  8
Gravur
 62
   255
 39
0.016
  6
CONTINUOUS
 10
2.72918
 20
4.64755
 30
 0
 11
2.72918
 21
4.64755
  0
LINE
  8
Gravur
 62
   255
 39
0.016
  6
CONTINUOUS
 10
2.72918
 20
4.64755
 30
 0
 11
2.73031
 21
4.65148
  0
LINE
  8
Gravur
 62
   255
 39
0.016
  6
CONTINUOUS
 10
2.73031
 20
4.65148
 30
 0
 11
2.73116
 21
4.65549
  0
LINE
  8
Gravur
 62
   255
 39
0.016
  6
CONTINUOUS
 10
2.73116
 20
4.65549
 30
 0
 11
2.73116
 21
4.65549
  0
LINE
  8
Gravur
 62
   255
 39
0.016
  6
CONTINUOUS
 10
2.73116
 20
4.65549
 30
 0
 11
2.73171
 21
4.65890
  0
LINE
  8
Gravur
 62
   255
 39
0.016
  6
CONTINUOUS
 10
2.73171
 20
4.65890
 30
 0
 11
2.73218
 21
4.66232
  0
LINE
  8
Gravur
 62
   255
 39
0.016
  6
CONTINUOUS
 10
2.73218
 20
4.66232
 30
 0
 11
2.73340
 21
4.67665
  0
LINE
  8
Gravur
 62
   255
 39
0.016
  6
CONTINUOUS
 10
2.73340
 20
4.67665
 30
 0
 11
2.73345
 21
4.67826
  0
LINE
  8
Gravur
 62
   255
 39
0.016
  6
CONTINUOUS
 10
2.73345
 20
4.67826
 30
 0
 11
2.73345
 21
4.67826
  0
LINE
  8
Gravur
 62
   255
 39
0.016
  6
CONTINUOUS
 10
2.73345
 20
4.67826
 30
 0
 11
2.73331
 21
4.69165
  0
LINE
  8
Gravur
 62
   255
 39
0.016
  6
CONTINUOUS
 10
2.73331
 20
4.69165
 30
 0
 11
2.73315
 21
4.69430
  0
LINE
  8
Gravur
 62
   255
 39
0.016
  6
CONTINUOUS
 10
2.73315
 20
4.69430
 30
 0
 11
2.73194
 21
4.70790
  0
LINE
  8
Gravur
 62
   255
 39
0.016
  6
CONTINUOUS
 10
2.73194
 20
4.70790
 30
 0
 11
2.73183
 21
4.70870
  0
LINE
  8
Gravur
 62
   255
 39
0.016
  6
CONTINUOUS
 10
2.73183
 20
4.70870
 30
 0
 11
2.73171
 21
4.70949
  0
LINE
  8
Gravur
 62
   255
 39
0.016
  6
CONTINUOUS
 10
2.73171
 20
4.70949
 30
 0
 11
2.73159
 21
4.71029
  0
LINE
  8
Gravur
 62
   255
 39
0.016
  6
CONTINUOUS
 10
2.73159
 20
4.71029
 30
 0
 11
2.72959
 21
4.71957
  0
LINE
  8
Gravur
 62
   255
 39
0.016
  6
CONTINUOUS
 10
3.43770
 20
4.71623
 30
 0
 11
3.45752
 21
4.72720
  0
LINE
  8
Gravur
 62
   255
 39
0.016
  6
CONTINUOUS
 10
3.45752
 20
4.72720
 30
 0
 11
3.46289
 21
4.72992
  0
LINE
  8
Gravur
 62
   255
 39
0.016
  6
CONTINUOUS
 10
3.46289
 20
4.72992
 30
 0
 11
3.46467
 21
4.73015
  0
LINE
  8
Gravur
 62
   255
 39
0.016
  6
CONTINUOUS
 10
3.46467
 20
4.73015
 30
 0
 11
3.46502
 21
4.72868
  0
LINE
  8
Gravur
 62
   255
 39
0.016
  6
CONTINUOUS
 10
3.46502
 20
4.72868
 30
 0
 11
3.46502
 21
4.72444
  0
LINE
  8
Gravur
 62
   255
 39
0.016
  6
CONTINUOUS
 10
3.46502
 20
4.72444
 30
 0
 11
3.46502
 21
4.70632
  0
LINE
  8
Gravur
 62
   255
 39
0.016
  6
CONTINUOUS
 10
3.46502
 20
4.70632
 30
 0
 11
3.46502
 21
4.63019
  0
LINE
  8
Gravur
 62
   255
 39
0.016
  6
CONTINUOUS
 10
3.51069
 20
4.64722
 30
 0
 11
3.50935
 21
4.65334
  0
LINE
  8
Gravur
 62
   255
 39
0.016
  6
CONTINUOUS
 10
3.50935
 20
4.65334
 30
 0
 11
3.50929
 21
4.65370
  0
LINE
  8
Gravur
 62
   255
 39
0.016
  6
CONTINUOUS
 10
3.50929
 20
4.65370
 30
 0
 11
3.50904
 21
4.65527
  0
LINE
  8
Gravur
 62
   255
 39
0.016
  6
CONTINUOUS
 10
3.50904
 20
4.65527
 30
 0
 11
3.50900
 21
4.65552
  0
LINE
  8
Gravur
 62
   255
 39
0.016
  6
CONTINUOUS
 10
3.50900
 20
4.65552
 30
 0
 11
3.50827
 21
4.66263
  0
LINE
  8
Gravur
 62
   255
 39
0.016
  6
CONTINUOUS
 10
3.50827
 20
4.66263
 30
 0
 11
3.50822
 21
4.66328
  0
LINE
  8
Gravur
 62
   255
 39
0.016
  6
CONTINUOUS
 10
3.50822
 20
4.66328
 30
 0
 11
3.50822
 21
4.66328
  0
LINE
  8
Gravur
 62
   255
 39
0.016
  6
CONTINUOUS
 10
3.50822
 20
4.66328
 30
 0
 11
3.50781
 21
4.66884
  0
LINE
  8
Gravur
 62
   255
 39
0.016
  6
CONTINUOUS
 10
3.50781
 20
4.66884
 30
 0
 11
3.50772
 21
4.66995
  0
LINE
  8
Gravur
 62
   255
 39
0.016
  6
CONTINUOUS
 10
3.50772
 20
4.66995
 30
 0
 11
3.50736
 21
4.68011
  0
LINE
  8
Gravur
 62
   255
 39
0.016
  6
CONTINUOUS
 10
3.50736
 20
4.68011
 30
 0
 11
3.50737
 21
4.68104
  0
LINE
  8
Gravur
 62
   255
 39
0.016
  6
CONTINUOUS
 10
3.50737
 20
4.68104
 30
 0
 11
3.50737
 21
4.68104
  0
LINE
  8
Gravur
 62
   255
 39
0.016
  6
CONTINUOUS
 10
3.50737
 20
4.68104
 30
 0
 11
3.50766
 21
4.68938
  0
LINE
  8
Gravur
 62
   255
 39
0.016
  6
CONTINUOUS
 10
3.50766
 20
4.68938
 30
 0
 11
3.50774
 21
4.69104
  0
LINE
  8
Gravur
 62
   255
 39
0.016
  6
CONTINUOUS
 10
3.50774
 20
4.69104
 30
 0
 11
3.50859
 21
4.70255
  0
LINE
  8
Gravur
 62
   255
 39
0.016
  6
CONTINUOUS
 10
3.50859
 20
4.70255
 30
 0
 11
3.50875
 21
4.70383
  0
LINE
  8
Gravur
 62
   255
 39
0.016
  6
CONTINUOUS
 10
3.50875
 20
4.70383
 30
 0
 11
3.50875
 21
4.70383
  0
LINE
  8
Gravur
 62
   255
 39
0.016
  6
CONTINUOUS
 10
3.50875
 20
4.70383
 30
 0
 11
3.51016
 21
4.71171
  0
LINE
  8
Gravur
 62
   255
 39
0.016
  6
CONTINUOUS
 10
3.51016
 20
4.71171
 30
 0
 11
3.51084
 21
4.71427
  0
LINE
  8
Gravur
 62
   255
 39
0.016
  6
CONTINUOUS
 10
3.51084
 20
4.71427
 30
 0
 11
3.51165
 21
4.71679
  0
LINE
  8
Gravur
 62
   255
 39
0.016
  6
CONTINUOUS
 10
3.51165
 20
4.71679
 30
 0
 11
3.51259
 21
4.71926
  0
LINE
  8
Gravur
 62
   255
 39
0.016
  6
CONTINUOUS
 10
3.51259
 20
4.71926
 30
 0
 11
3.51259
 21
4.71926
  0
LINE
  8
Gravur
 62
   255
 39
0.016
  6
CONTINUOUS
 10
3.51259
 20
4.71926
 30
 0
 11
3.51310
 21
4.72044
  0
LINE
  8
Gravur
 62
   255
 39
0.016
  6
CONTINUOUS
 10
3.51310
 20
4.72044
 30
 0
 11
3.51365
 21
4.72161
  0
LINE
  8
Gravur
 62
   255
 39
0.016
  6
CONTINUOUS
 10
3.51365
 20
4.72161
 30
 0
 11
3.51610
 21
4.72548
  0
LINE
  8
Gravur
 62
   255
 39
0.016
  6
CONTINUOUS
 10
3.51610
 20
4.72548
 30
 0
 11
3.51643
 21
4.72588
  0
LINE
  8
Gravur
 62
   255
 39
0.016
  6
CONTINUOUS
 10
3.51643
 20
4.72588
 30
 0
 11
3.51643
 21
4.72588
  0
LINE
  8
Gravur
 62
   255
 39
0.016
  6
CONTINUOUS
 10
3.51643
 20
4.72588
 30
 0
 11
3.51986
 21
4.72910
  0
LINE
  8
Gravur
 62
   255
 39
0.016
  6
CONTINUOUS
 10
3.51986
 20
4.72910
 30
 0
 11
3.52062
 21
4.72960
  0
LINE
  8
Gravur
 62
   255
 39
0.016
  6
CONTINUOUS
 10
3.52062
 20
4.72960
 30
 0
 11
3.52131
 21
4.73000
  0
LINE
  8
Gravur
 62
   255
 39
0.016
  6
CONTINUOUS
 10
3.52131
 20
4.73000
 30
 0
 11
3.52202
 21
4.73036
  0
LINE
  8
Gravur
 62
   255
 39
0.016
  6
CONTINUOUS
 10
3.52202
 20
4.73036
 30
 0
 11
3.52202
 21
4.73036
  0
LINE
  8
Gravur
 62
   255
 39
0.016
  6
CONTINUOUS
 10
3.52202
 20
4.73036
 30
 0
 11
3.52673
 21
4.73179
  0
LINE
  8
Gravur
 62
   255
 39
0.016
  6
CONTINUOUS
 10
3.52673
 20
4.73179
 30
 0
 11
3.53172
 21
4.73190
  0
LINE
  8
Gravur
 62
   255
 39
0.016
  6
CONTINUOUS
 10
3.53172
 20
4.73190
 30
 0
 11
3.53172
 21
4.73190
  0
LINE
  8
Gravur
 62
   255
 39
0.016
  6
CONTINUOUS
 10
3.53172
 20
4.73190
 30
 0
 11
3.53689
 21
4.73065
  0
LINE
  8
Gravur
 62
   255
 39
0.016
  6
CONTINUOUS
 10
3.53689
 20
4.73065
 30
 0
 11
3.54142
 21
4.72807
  0
LINE
  8
Gravur
 62
   255
 39
0.016
  6
CONTINUOUS
 10
3.54142
 20
4.72807
 30
 0
 11
3.54550
 21
4.72349
  0
LINE
  8
Gravur
 62
   255
 39
0.016
  6
CONTINUOUS
 10
3.54550
 20
4.72349
 30
 0
 11
3.54581
 21
4.72300
  0
LINE
  8
Gravur
 62
   255
 39
0.016
  6
CONTINUOUS
 10
3.54581
 20
4.72300
 30
 0
 11
3.54581
 21
4.72300
  0
LINE
  8
Gravur
 62
   255
 39
0.016
  6
CONTINUOUS
 10
3.54581
 20
4.72300
 30
 0
 11
3.54822
 21
4.71826
  0
LINE
  8
Gravur
 62
   255
 39
0.016
  6
CONTINUOUS
 10
3.54822
 20
4.71826
 30
 0
 11
3.54856
 21
4.71732
  0
LINE
  8
Gravur
 62
   255
 39
0.016
  6
CONTINUOUS
 10
3.54856
 20
4.71732
 30
 0
 11
3.54891
 21
4.71598
  0
LINE
  8
Gravur
 62
   255
 39
0.016
  6
CONTINUOUS
 10
3.54891
 20
4.71598
 30
 0
 11
3.54785
 21
4.71266
  0
LINE
  8
Gravur
 62
   255
 39
0.016
  6
CONTINUOUS
 10
3.54785
 20
4.71266
 30
 0
 11
3.54773
 21
4.71240
  0
LINE
  8
Gravur
 62
   255
 39
0.016
  6
CONTINUOUS
 10
3.54773
 20
4.71240
 30
 0
 11
3.54773
 21
4.71240
  0
LINE
  8
Gravur
 62
   255
 39
0.016
  6
CONTINUOUS
 10
3.54773
 20
4.71240
 30
 0
 11
3.54662
 21
4.71042
  0
LINE
  8
Gravur
 62
   255
 39
0.016
  6
CONTINUOUS
 10
3.54662
 20
4.71042
 30
 0
 11
3.54637
 21
4.71000
  0
LINE
  8
Gravur
 62
   255
 39
0.016
  6
CONTINUOUS
 10
3.54637
 20
4.71000
 30
 0
 11
3.53999
 21
4.69896
  0
LINE
  8
Gravur
 62
   255
 39
0.016
  6
CONTINUOUS
 10
3.53999
 20
4.69896
 30
 0
 11
3.51771
 21
4.66047
  0
LINE
  8
Gravur
 62
   255
 39
0.016
  6
CONTINUOUS
 10
3.51771
 20
4.66047
 30
 0
 11
3.51272
 21
4.65184
  0
LINE
  8
Gravur
 62
   255
 39
0.016
  6
CONTINUOUS
 10
3.51272
 20
4.65184
 30
 0
 11
3.51071
 21
4.64729
  0
LINE
  8
Gravur
 62
   255
 39
0.016
  6
CONTINUOUS
 10
3.51071
 20
4.64729
 30
 0
 11
3.51119
 21
4.64521
  0
LINE
  8
Gravur
 62
   255
 39
0.016
  6
CONTINUOUS
 10
3.51119
 20
4.64521
 30
 0
 11
3.51124
 21
4.64508
  0
LINE
  8
Gravur
 62
   255
 39
0.016
  6
CONTINUOUS
 10
3.51124
 20
4.64508
 30
 0
 11
3.51124
 21
4.64508
  0
LINE
  8
Gravur
 62
   255
 39
0.016
  6
CONTINUOUS
 10
3.51124
 20
4.64508
 30
 0
 11
3.51173
 21
4.64372
  0
LINE
  8
Gravur
 62
   255
 39
0.016
  6
CONTINUOUS
 10
3.51173
 20
4.64372
 30
 0
 11
3.51187
 21
4.64335
  0
LINE
  8
Gravur
 62
   255
 39
0.016
  6
CONTINUOUS
 10
3.51187
 20
4.64335
 30
 0
 11
3.51325
 21
4.64004
  0
LINE
  8
Gravur
 62
   255
 39
0.016
  6
CONTINUOUS
 10
3.51325
 20
4.64004
 30
 0
 11
3.51356
 21
4.63939
  0
LINE
  8
Gravur
 62
   255
 39
0.016
  6
CONTINUOUS
 10
3.51356
 20
4.63939
 30
 0
 11
3.51356
 21
4.63939
  0
LINE
  8
Gravur
 62
   255
 39
0.016
  6
CONTINUOUS
 10
3.51356
 20
4.63939
 30
 0
 11
3.51641
 21
4.63478
  0
LINE
  8
Gravur
 62
   255
 39
0.016
  6
CONTINUOUS
 10
3.51641
 20
4.63478
 30
 0
 11
3.51760
 21
4.63345
  0
LINE
  8
Gravur
 62
   255
 39
0.016
  6
CONTINUOUS
 10
3.51760
 20
4.63345
 30
 0
 11
3.51760
 21
4.63345
  0
LINE
  8
Gravur
 62
   255
 39
0.016
  6
CONTINUOUS
 10
3.51760
 20
4.63345
 30
 0
 11
3.51964
 21
4.63172
  0
LINE
  8
Gravur
 62
   255
 39
0.016
  6
CONTINUOUS
 10
3.51964
 20
4.63172
 30
 0
 11
3.52204
 21
4.63039
  0
LINE
  8
Gravur
 62
   255
 39
0.016
  6
CONTINUOUS
 10
3.52204
 20
4.63039
 30
 0
 11
3.52866
 21
4.62875
  0
LINE
  8
Gravur
 62
   255
 39
0.016
  6
CONTINUOUS
 10
3.52866
 20
4.62875
 30
 0
 11
3.52963
 21
4.62870
  0
LINE
  8
Gravur
 62
   255
 39
0.016
  6
CONTINUOUS
 10
3.52963
 20
4.62870
 30
 0
 11
3.53444
 21
4.62915
  0
LINE
  8
Gravur
 62
   255
 39
0.016
  6
CONTINUOUS
 10
3.53444
 20
4.62915
 30
 0
 11
3.53537
 21
4.62939
  0
LINE
  8
Gravur
 62
   255
 39
0.016
  6
CONTINUOUS
 10
3.53537
 20
4.62939
 30
 0
 11
3.53537
 21
4.62939
  0
LINE
  8
Gravur
 62
   255
 39
0.016
  6
CONTINUOUS
 10
3.53537
 20
4.62939
 30
 0
 11
3.53894
 21
4.63086
  0
LINE
  8
Gravur
 62
   255
 39
0.016
  6
CONTINUOUS
 10
3.53894
 20
4.63086
 30
 0
 11
3.54005
 21
4.63154
  0
LINE
  8
Gravur
 62
   255
 39
0.016
  6
CONTINUOUS
 10
3.54005
 20
4.63154
 30
 0
 11
3.54112
 21
4.63231
  0
LINE
  8
Gravur
 62
   255
 39
0.016
  6
CONTINUOUS
 10
3.54112
 20
4.63231
 30
 0
 11
3.54213
 21
4.63317
  0
LINE
  8
Gravur
 62
   255
 39
0.016
  6
CONTINUOUS
 10
3.54213
 20
4.63317
 30
 0
 11
3.54533
 21
4.63711
  0
LINE
  8
Gravur
 62
   255
 39
0.016
  6
CONTINUOUS
 10
3.54533
 20
4.63711
 30
 0
 11
3.54558
 21
4.63750
  0
LINE
  8
Gravur
 62
   255
 39
0.016
  6
CONTINUOUS
 10
3.54558
 20
4.63750
 30
 0
 11
3.54558
 21
4.63750
  0
LINE
  8
Gravur
 62
   255
 39
0.016
  6
CONTINUOUS
 10
3.54558
 20
4.63750
 30
 0
 11
3.54730
 21
4.64083
  0
LINE
  8
Gravur
 62
   255
 39
0.016
  6
CONTINUOUS
 10
3.54730
 20
4.64083
 30
 0
 11
3.54758
 21
4.64151
  0
LINE
  8
Gravur
 62
   255
 39
0.016
  6
CONTINUOUS
 10
3.54758
 20
4.64151
 30
 0
 11
3.54830
 21
4.64338
  0
LINE
  8
Gravur
 62
   255
 39
0.016
  6
CONTINUOUS
 10
3.54830
 20
4.64338
 30
 0
 11
3.54851
 21
4.64401
  0
LINE
  8
Gravur
 62
   255
 39
0.016
  6
CONTINUOUS
 10
3.54851
 20
4.64401
 30
 0
 11
3.54851
 21
4.64401
  0
LINE
  8
Gravur
 62
   255
 39
0.016
  6
CONTINUOUS
 10
3.54851
 20
4.64401
 30
 0
 11
3.54964
 21
4.64794
  0
LINE
  8
Gravur
 62
   255
 39
0.016
  6
CONTINUOUS
 10
3.54964
 20
4.64794
 30
 0
 11
3.55049
 21
4.65195
  0
LINE
  8
Gravur
 62
   255
 39
0.016
  6
CONTINUOUS
 10
3.55049
 20
4.65195
 30
 0
 11
3.55049
 21
4.65195
  0
LINE
  8
Gravur
 62
   255
 39
0.016
  6
CONTINUOUS
 10
3.55049
 20
4.65195
 30
 0
 11
3.55104
 21
4.65536
  0
LINE
  8
Gravur
 62
   255
 39
0.016
  6
CONTINUOUS
 10
3.55104
 20
4.65536
 30
 0
 11
3.55151
 21
4.65877
  0
LINE
  8
Gravur
 62
   255
 39
0.016
  6
CONTINUOUS
 10
3.55151
 20
4.65877
 30
 0
 11
3.55273
 21
4.67311
  0
LINE
  8
Gravur
 62
   255
 39
0.016
  6
CONTINUOUS
 10
3.55273
 20
4.67311
 30
 0
 11
3.55278
 21
4.67472
  0
LINE
  8
Gravur
 62
   255
 39
0.016
  6
CONTINUOUS
 10
3.55278
 20
4.67472
 30
 0
 11
3.55278
 21
4.67472
  0
LINE
  8
Gravur
 62
   255
 39
0.016
  6
CONTINUOUS
 10
3.55278
 20
4.67472
 30
 0
 11
3.55264
 21
4.68811
  0
LINE
  8
Gravur
 62
   255
 39
0.016
  6
CONTINUOUS
 10
3.55264
 20
4.68811
 30
 0
 11
3.55248
 21
4.69075
  0
LINE
  8
Gravur
 62
   255
 39
0.016
  6
CONTINUOUS
 10
3.55248
 20
4.69075
 30
 0
 11
3.55127
 21
4.70436
  0
LINE
  8
Gravur
 62
   255
 39
0.016
  6
CONTINUOUS
 10
3.55127
 20
4.70436
 30
 0
 11
3.55116
 21
4.70516
  0
LINE
  8
Gravur
 62
   255
 39
0.016
  6
CONTINUOUS
 10
3.55116
 20
4.70516
 30
 0
 11
3.55104
 21
4.70595
  0
LINE
  8
Gravur
 62
   255
 39
0.016
  6
CONTINUOUS
 10
3.55104
 20
4.70595
 30
 0
 11
3.55092
 21
4.70675
  0
LINE
  8
Gravur
 62
   255
 39
0.016
  6
CONTINUOUS
 10
3.55092
 20
4.70675
 30
 0
 11
3.54892
 21
4.71603
  0
LINE
  8
Gravur
 62
   255
 39
0.016
  6
CONTINUOUS
 10
2.67348
 20
2.61052
 30
 0
 11
2.67215
 21
2.61664
  0
LINE
  8
Gravur
 62
   255
 39
0.016
  6
CONTINUOUS
 10
2.67215
 20
2.61664
 30
 0
 11
2.67208
 21
2.61701
  0
LINE
  8
Gravur
 62
   255
 39
0.016
  6
CONTINUOUS
 10
2.67208
 20
2.61701
 30
 0
 11
2.67183
 21
2.61857
  0
LINE
  8
Gravur
 62
   255
 39
0.016
  6
CONTINUOUS
 10
2.67183
 20
2.61857
 30
 0
 11
2.67179
 21
2.61882
  0
LINE
  8
Gravur
 62
   255
 39
0.016
  6
CONTINUOUS
 10
2.67179
 20
2.61882
 30
 0
 11
2.67106
 21
2.62594
  0
LINE
  8
Gravur
 62
   255
 39
0.016
  6
CONTINUOUS
 10
2.67106
 20
2.62594
 30
 0
 11
2.67102
 21
2.62659
  0
LINE
  8
Gravur
 62
   255
 39
0.016
  6
CONTINUOUS
 10
2.67102
 20
2.62659
 30
 0
 11
2.67102
 21
2.62659
  0
LINE
  8
Gravur
 62
   255
 39
0.016
  6
CONTINUOUS
 10
2.67102
 20
2.62659
 30
 0
 11
2.67061
 21
2.63215
  0
LINE
  8
Gravur
 62
   255
 39
0.016
  6
CONTINUOUS
 10
2.67061
 20
2.63215
 30
 0
 11
2.67051
 21
2.63326
  0
LINE
  8
Gravur
 62
   255
 39
0.016
  6
CONTINUOUS
 10
2.67051
 20
2.63326
 30
 0
 11
2.67015
 21
2.64342
  0
LINE
  8
Gravur
 62
   255
 39
0.016
  6
CONTINUOUS
 10
2.67015
 20
2.64342
 30
 0
 11
2.67016
 21
2.64435
  0
LINE
  8
Gravur
 62
   255
 39
0.016
  6
CONTINUOUS
 10
2.67016
 20
2.64435
 30
 0
 11
2.67016
 21
2.64435
  0
LINE
  8
Gravur
 62
   255
 39
0.016
  6
CONTINUOUS
 10
2.67016
 20
2.64435
 30
 0
 11
2.67045
 21
2.65269
  0
LINE
  8
Gravur
 62
   255
 39
0.016
  6
CONTINUOUS
 10
2.67045
 20
2.65269
 30
 0
 11
2.67053
 21
2.65435
  0
LINE
  8
Gravur
 62
   255
 39
0.016
  6
CONTINUOUS
 10
2.67053
 20
2.65435
 30
 0
 11
2.67138
 21
2.66586
  0
LINE
  8
Gravur
 62
   255
 39
0.016
  6
CONTINUOUS
 10
2.67138
 20
2.66586
 30
 0
 11
2.67154
 21
2.66714
  0
LINE
  8
Gravur
 62
   255
 39
0.016
  6
CONTINUOUS
 10
2.67154
 20
2.66714
 30
 0
 11
2.67154
 21
2.66714
  0
LINE
  8
Gravur
 62
   255
 39
0.016
  6
CONTINUOUS
 10
2.67154
 20
2.66714
 30
 0
 11
2.67296
 21
2.67501
  0
LINE
  8
Gravur
 62
   255
 39
0.016
  6
CONTINUOUS
 10
2.67296
 20
2.67501
 30
 0
 11
2.67364
 21
2.67758
  0
LINE
  8
Gravur
 62
   255
 39
0.016
  6
CONTINUOUS
 10
2.67364
 20
2.67758
 30
 0
 11
2.67444
 21
2.68010
  0
LINE
  8
Gravur
 62
   255
 39
0.016
  6
CONTINUOUS
 10
2.67444
 20
2.68010
 30
 0
 11
2.67538
 21
2.68256
  0
LINE
  8
Gravur
 62
   255
 39
0.016
  6
CONTINUOUS
 10
2.67538
 20
2.68256
 30
 0
 11
2.67538
 21
2.68256
  0
LINE
  8
Gravur
 62
   255
 39
0.016
  6
CONTINUOUS
 10
2.67538
 20
2.68256
 30
 0
 11
2.67590
 21
2.68375
  0
LINE
  8
Gravur
 62
   255
 39
0.016
  6
CONTINUOUS
 10
2.67590
 20
2.68375
 30
 0
 11
2.67645
 21
2.68491
  0
LINE
  8
Gravur
 62
   255
 39
0.016
  6
CONTINUOUS
 10
2.67645
 20
2.68491
 30
 0
 11
2.67890
 21
2.68878
  0
LINE
  8
Gravur
 62
   255
 39
0.016
  6
CONTINUOUS
 10
2.67890
 20
2.68878
 30
 0
 11
2.67922
 21
2.68919
  0
LINE
  8
Gravur
 62
   255
 39
0.016
  6
CONTINUOUS
 10
2.67922
 20
2.68919
 30
 0
 11
2.67922
 21
2.68919
  0
LINE
  8
Gravur
 62
   255
 39
0.016
  6
CONTINUOUS
 10
2.67922
 20
2.68919
 30
 0
 11
2.68265
 21
2.69241
  0
LINE
  8
Gravur
 62
   255
 39
0.016
  6
CONTINUOUS
 10
2.68265
 20
2.69241
 30
 0
 11
2.68342
 21
2.69291
  0
LINE
  8
Gravur
 62
   255
 39
0.016
  6
CONTINUOUS
 10
2.68342
 20
2.69291
 30
 0
 11
2.68411
 21
2.69331
  0
LINE
  8
Gravur
 62
   255
 39
0.016
  6
CONTINUOUS
 10
2.68411
 20
2.69331
 30
 0
 11
2.68482
 21
2.69367
  0
LINE
  8
Gravur
 62
   255
 39
0.016
  6
CONTINUOUS
 10
2.68482
 20
2.69367
 30
 0
 11
2.68482
 21
2.69367
  0
LINE
  8
Gravur
 62
   255
 39
0.016
  6
CONTINUOUS
 10
2.68482
 20
2.69367
 30
 0
 11
2.68953
 21
2.69510
  0
LINE
  8
Gravur
 62
   255
 39
0.016
  6
CONTINUOUS
 10
2.68953
 20
2.69510
 30
 0
 11
2.69451
 21
2.69521
  0
LINE
  8
Gravur
 62
   255
 39
0.016
  6
CONTINUOUS
 10
2.69451
 20
2.69521
 30
 0
 11
2.69451
 21
2.69521
  0
LINE
  8
Gravur
 62
   255
 39
0.016
  6
CONTINUOUS
 10
2.69451
 20
2.69521
 30
 0
 11
2.69968
 21
2.69395
  0
LINE
  8
Gravur
 62
   255
 39
0.016
  6
CONTINUOUS
 10
2.69968
 20
2.69395
 30
 0
 11
2.70422
 21
2.69138
  0
LINE
  8
Gravur
 62
   255
 39
0.016
  6
CONTINUOUS
 10
2.70422
 20
2.69138
 30
 0
 11
2.70829
 21
2.68680
  0
LINE
  8
Gravur
 62
   255
 39
0.016
  6
CONTINUOUS
 10
2.70829
 20
2.68680
 30
 0
 11
2.70861
 21
2.68631
  0
LINE
  8
Gravur
 62
   255
 39
0.016
  6
CONTINUOUS
 10
2.70861
 20
2.68631
 30
 0
 11
2.70861
 21
2.68631
  0
LINE
  8
Gravur
 62
   255
 39
0.016
  6
CONTINUOUS
 10
2.70861
 20
2.68631
 30
 0
 11
2.71101
 21
2.68157
  0
LINE
  8
Gravur
 62
   255
 39
0.016
  6
CONTINUOUS
 10
2.71101
 20
2.68157
 30
 0
 11
2.71136
 21
2.68063
  0
LINE
  8
Gravur
 62
   255
 39
0.016
  6
CONTINUOUS
 10
2.71136
 20
2.68063
 30
 0
 11
2.71171
 21
2.67929
  0
LINE
  8
Gravur
 62
   255
 39
0.016
  6
CONTINUOUS
 10
2.71171
 20
2.67929
 30
 0
 11
2.71065
 21
2.67597
  0
LINE
  8
Gravur
 62
   255
 39
0.016
  6
CONTINUOUS
 10
2.71065
 20
2.67597
 30
 0
 11
2.71052
 21
2.67571
  0
LINE
  8
Gravur
 62
   255
 39
0.016
  6
CONTINUOUS
 10
2.71052
 20
2.67571
 30
 0
 11
2.71052
 21
2.67571
  0
LINE
  8
Gravur
 62
   255
 39
0.016
  6
CONTINUOUS
 10
2.71052
 20
2.67571
 30
 0
 11
2.70942
 21
2.67373
  0
LINE
  8
Gravur
 62
   255
 39
0.016
  6
CONTINUOUS
 10
2.70942
 20
2.67373
 30
 0
 11
2.70917
 21
2.67331
  0
LINE
  8
Gravur
 62
   255
 39
0.016
  6
CONTINUOUS
 10
2.70917
 20
2.67331
 30
 0
 11
2.70278
 21
2.66227
  0
LINE
  8
Gravur
 62
   255
 39
0.016
  6
CONTINUOUS
 10
2.70278
 20
2.66227
 30
 0
 11
2.68051
 21
2.62378
  0
LINE
  8
Gravur
 62
   255
 39
0.016
  6
CONTINUOUS
 10
2.68051
 20
2.62378
 30
 0
 11
2.67552
 21
2.61515
  0
LINE
  8
Gravur
 62
   255
 39
0.016
  6
CONTINUOUS
 10
2.67552
 20
2.61515
 30
 0
 11
2.67350
 21
2.61059
  0
LINE
  8
Gravur
 62
   255
 39
0.016
  6
CONTINUOUS
 10
2.67350
 20
2.61059
 30
 0
 11
2.67399
 21
2.60852
  0
LINE
  8
Gravur
 62
   255
 39
0.016
  6
CONTINUOUS
 10
2.67399
 20
2.60852
 30
 0
 11
2.67403
 21
2.60838
  0
LINE
  8
Gravur
 62
   255
 39
0.016
  6
CONTINUOUS
 10
2.67403
 20
2.60838
 30
 0
 11
2.67403
 21
2.60838
  0
LINE
  8
Gravur
 62
   255
 39
0.016
  6
CONTINUOUS
 10
2.67403
 20
2.60838
 30
 0
 11
2.67453
 21
2.60703
  0
LINE
  8
Gravur
 62
   255
 39
0.016
  6
CONTINUOUS
 10
2.67453
 20
2.60703
 30
 0
 11
2.67467
 21
2.60665
  0
LINE
  8
Gravur
 62
   255
 39
0.016
  6
CONTINUOUS
 10
2.67467
 20
2.60665
 30
 0
 11
2.67604
 21
2.60335
  0
LINE
  8
Gravur
 62
   255
 39
0.016
  6
CONTINUOUS
 10
2.67604
 20
2.60335
 30
 0
 11
2.67635
 21
2.60269
  0
LINE
  8
Gravur
 62
   255
 39
0.016
  6
CONTINUOUS
 10
2.67635
 20
2.60269
 30
 0
 11
2.67635
 21
2.60269
  0
LINE
  8
Gravur
 62
   255
 39
0.016
  6
CONTINUOUS
 10
2.67635
 20
2.60269
 30
 0
 11
2.67921
 21
2.59809
  0
LINE
  8
Gravur
 62
   255
 39
0.016
  6
CONTINUOUS
 10
2.67921
 20
2.59809
 30
 0
 11
2.68040
 21
2.59675
  0
LINE
  8
Gravur
 62
   255
 39
0.016
  6
CONTINUOUS
 10
2.68040
 20
2.59675
 30
 0
 11
2.68040
 21
2.59675
  0
LINE
  8
Gravur
 62
   255
 39
0.016
  6
CONTINUOUS
 10
2.68040
 20
2.59675
 30
 0
 11
2.68244
 21
2.59503
  0
LINE
  8
Gravur
 62
   255
 39
0.016
  6
CONTINUOUS
 10
2.68244
 20
2.59503
 30
 0
 11
2.68483
 21
2.59370
  0
LINE
  8
Gravur
 62
   255
 39
0.016
  6
CONTINUOUS
 10
2.68483
 20
2.59370
 30
 0
 11
2.69146
 21
2.59206
  0
LINE
  8
Gravur
 62
   255
 39
0.016
  6
CONTINUOUS
 10
2.69146
 20
2.59206
 30
 0
 11
2.69243
 21
2.59201
  0
LINE
  8
Gravur
 62
   255
 39
0.016
  6
CONTINUOUS
 10
2.69243
 20
2.59201
 30
 0
 11
2.69724
 21
2.59246
  0
LINE
  8
Gravur
 62
   255
 39
0.016
  6
CONTINUOUS
 10
2.69724
 20
2.59246
 30
 0
 11
2.69817
 21
2.59270
  0
LINE
  8
Gravur
 62
   255
 39
0.016
  6
CONTINUOUS
 10
2.69817
 20
2.59270
 30
 0
 11
2.69817
 21
2.59270
  0
LINE
  8
Gravur
 62
   255
 39
0.016
  6
CONTINUOUS
 10
2.69817
 20
2.59270
 30
 0
 11
2.70174
 21
2.59417
  0
LINE
  8
Gravur
 62
   255
 39
0.016
  6
CONTINUOUS
 10
2.70174
 20
2.59417
 30
 0
 11
2.70285
 21
2.59484
  0
LINE
  8
Gravur
 62
   255
 39
0.016
  6
CONTINUOUS
 10
2.70285
 20
2.59484
 30
 0
 11
2.70392
 21
2.59561
  0
LINE
  8
Gravur
 62
   255
 39
0.016
  6
CONTINUOUS
 10
2.70392
 20
2.59561
 30
 0
 11
2.70493
 21
2.59648
  0
LINE
  8
Gravur
 62
   255
 39
0.016
  6
CONTINUOUS
 10
2.70493
 20
2.59648
 30
 0
 11
2.70813
 21
2.60041
  0
LINE
  8
Gravur
 62
   255
 39
0.016
  6
CONTINUOUS
 10
2.70813
 20
2.60041
 30
 0
 11
2.70838
 21
2.60081
  0
LINE
  8
Gravur
 62
   255
 39
0.016
  6
CONTINUOUS
 10
2.70838
 20
2.60081
 30
 0
 11
2.70838
 21
2.60081
  0
LINE
  8
Gravur
 62
   255
 39
0.016
  6
CONTINUOUS
 10
2.70838
 20
2.60081
 30
 0
 11
2.71009
 21
2.60414
  0
LINE
  8
Gravur
 62
   255
 39
0.016
  6
CONTINUOUS
 10
2.71009
 20
2.60414
 30
 0
 11
2.71038
 21
2.60481
  0
LINE
  8
Gravur
 62
   255
 39
0.016
  6
CONTINUOUS
 10
2.71038
 20
2.60481
 30
 0
 11
2.71109
 21
2.60669
  0
LINE
  8
Gravur
 62
   255
 39
0.016
  6
CONTINUOUS
 10
2.71109
 20
2.60669
 30
 0
 11
2.71131
 21
2.60732
  0
LINE
  8
Gravur
 62
   255
 39
0.016
  6
CONTINUOUS
 10
2.71131
 20
2.60732
 30
 0
 11
2.71131
 21
2.60732
  0
LINE
  8
Gravur
 62
   255
 39
0.016
  6
CONTINUOUS
 10
2.71131
 20
2.60732
 30
 0
 11
2.71244
 21
2.61125
  0
LINE
  8
Gravur
 62
   255
 39
0.016
  6
CONTINUOUS
 10
2.71244
 20
2.61125
 30
 0
 11
2.71328
 21
2.61526
  0
LINE
  8
Gravur
 62
   255
 39
0.016
  6
CONTINUOUS
 10
2.71328
 20
2.61526
 30
 0
 11
2.71328
 21
2.61526
  0
LINE
  8
Gravur
 62
   255
 39
0.016
  6
CONTINUOUS
 10
2.71328
 20
2.61526
 30
 0
 11
2.71384
 21
2.61867
  0
LINE
  8
Gravur
 62
   255
 39
0.016
  6
CONTINUOUS
 10
2.71384
 20
2.61867
 30
 0
 11
2.71431
 21
2.62208
  0
LINE
  8
Gravur
 62
   255
 39
0.016
  6
CONTINUOUS
 10
2.71431
 20
2.62208
 30
 0
 11
2.71552
 21
2.63642
  0
LINE
  8
Gravur
 62
   255
 39
0.016
  6
CONTINUOUS
 10
2.71552
 20
2.63642
 30
 0
 11
2.71558
 21
2.63802
  0
LINE
  8
Gravur
 62
   255
 39
0.016
  6
CONTINUOUS
 10
2.71558
 20
2.63802
 30
 0
 11
2.71558
 21
2.63802
  0
LINE
  8
Gravur
 62
   255
 39
0.016
  6
CONTINUOUS
 10
2.71558
 20
2.63802
 30
 0
 11
2.71544
 21
2.65141
  0
LINE
  8
Gravur
 62
   255
 39
0.016
  6
CONTINUOUS
 10
2.71544
 20
2.65141
 30
 0
 11
2.71527
 21
2.65406
  0
LINE
  8
Gravur
 62
   255
 39
0.016
  6
CONTINUOUS
 10
2.71527
 20
2.65406
 30
 0
 11
2.71407
 21
2.66767
  0
LINE
  8
Gravur
 62
   255
 39
0.016
  6
CONTINUOUS
 10
2.71407
 20
2.66767
 30
 0
 11
2.71396
 21
2.66846
  0
LINE
  8
Gravur
 62
   255
 39
0.016
  6
CONTINUOUS
 10
2.71396
 20
2.66846
 30
 0
 11
2.71384
 21
2.66926
  0
LINE
  8
Gravur
 62
   255
 39
0.016
  6
CONTINUOUS
 10
2.71384
 20
2.66926
 30
 0
 11
2.71371
 21
2.67005
  0
LINE
  8
Gravur
 62
   255
 39
0.016
  6
CONTINUOUS
 10
2.71371
 20
2.67005
 30
 0
 11
2.71172
 21
2.67934
  0
LINE
  8
Gravur
 62
   255
 39
0.016
  6
CONTINUOUS
 10
3.41983
 20
2.67599
 30
 0
 11
3.43964
 21
2.68697
  0
LINE
  8
Gravur
 62
   255
 39
0.016
  6
CONTINUOUS
 10
3.43964
 20
2.68697
 30
 0
 11
3.44502
 21
2.68969
  0
LINE
  8
Gravur
 62
   255
 39
0.016
  6
CONTINUOUS
 10
3.44502
 20
2.68969
 30
 0
 11
3.44680
 21
2.68992
  0
LINE
  8
Gravur
 62
   255
 39
0.016
  6
CONTINUOUS
 10
3.44680
 20
2.68992
 30
 0
 11
3.44714
 21
2.68844
  0
LINE
  8
Gravur
 62
   255
 39
0.016
  6
CONTINUOUS
 10
3.44714
 20
2.68844
 30
 0
 11
3.44714
 21
2.68420
  0
LINE
  8
Gravur
 62
   255
 39
0.016
  6
CONTINUOUS
 10
3.44714
 20
2.68420
 30
 0
 11
3.44714
 21
2.66609
  0
LINE
  8
Gravur
 62
   255
 39
0.016
  6
CONTINUOUS
 10
3.44714
 20
2.66609
 30
 0
 11
3.44714
 21
2.58995
  0
LINE
  8
Gravur
 62
   255
 39
0.016
  6
CONTINUOUS
 10
3.49281
 20
2.60698
 30
 0
 11
3.49148
 21
2.61310
  0
LINE
  8
Gravur
 62
   255
 39
0.016
  6
CONTINUOUS
 10
3.49148
 20
2.61310
 30
 0
 11
3.49141
 21
2.61347
  0
LINE
  8
Gravur
 62
   255
 39
0.016
  6
CONTINUOUS
 10
3.49141
 20
2.61347
 30
 0
 11
3.49116
 21
2.61503
  0
LINE
  8
Gravur
 62
   255
 39
0.016
  6
CONTINUOUS
 10
3.49116
 20
2.61503
 30
 0
 11
3.49112
 21
2.61528
  0
LINE
  8
Gravur
 62
   255
 39
0.016
  6
CONTINUOUS
 10
3.49112
 20
2.61528
 30
 0
 11
3.49040
 21
2.62240
  0
LINE
  8
Gravur
 62
   255
 39
0.016
  6
CONTINUOUS
 10
3.49040
 20
2.62240
 30
 0
 11
3.49035
 21
2.62305
  0
LINE
  8
Gravur
 62
   255
 39
0.016
  6
CONTINUOUS
 10
3.49035
 20
2.62305
 30
 0
 11
3.49035
 21
2.62305
  0
LINE
  8
Gravur
 62
   255
 39
0.016
  6
CONTINUOUS
 10
3.49035
 20
2.62305
 30
 0
 11
3.48994
 21
2.62860
  0
LINE
  8
Gravur
 62
   255
 39
0.016
  6
CONTINUOUS
 10
3.48994
 20
2.62860
 30
 0
 11
3.48984
 21
2.62972
  0
LINE
  8
Gravur
 62
   255
 39
0.016
  6
CONTINUOUS
 10
3.48984
 20
2.62972
 30
 0
 11
3.48948
 21
2.63988
  0
LINE
  8
Gravur
 62
   255
 39
0.016
  6
CONTINUOUS
 10
3.48948
 20
2.63988
 30
 0
 11
3.48949
 21
2.64081
  0
LINE
  8
Gravur
 62
   255
 39
0.016
  6
CONTINUOUS
 10
3.48949
 20
2.64081
 30
 0
 11
3.48949
 21
2.64081
  0
LINE
  8
Gravur
 62
   255
 39
0.016
  6
CONTINUOUS
 10
3.48949
 20
2.64081
 30
 0
 11
3.48978
 21
2.64915
  0
LINE
  8
Gravur
 62
   255
 39
0.016
  6
CONTINUOUS
 10
3.48978
 20
2.64915
 30
 0
 11
3.48986
 21
2.65080
  0
LINE
  8
Gravur
 62
   255
 39
0.016
  6
CONTINUOUS
 10
3.48986
 20
2.65080
 30
 0
 11
3.49072
 21
2.66231
  0
LINE
  8
Gravur
 62
   255
 39
0.016
  6
CONTINUOUS
 10
3.49072
 20
2.66231
 30
 0
 11
3.49087
 21
2.66360
  0
LINE
  8
Gravur
 62
   255
 39
0.016
  6
CONTINUOUS
 10
3.49087
 20
2.66360
 30
 0
 11
3.49087
 21
2.66360
  0
LINE
  8
Gravur
 62
   255
 39
0.016
  6
CONTINUOUS
 10
3.49087
 20
2.66360
 30
 0
 11
3.49229
 21
2.67147
  0
LINE
  8
Gravur
 62
   255
 39
0.016
  6
CONTINUOUS
 10
3.49229
 20
2.67147
 30
 0
 11
3.49297
 21
2.67403
  0
LINE
  8
Gravur
 62
   255
 39
0.016
  6
CONTINUOUS
 10
3.49297
 20
2.67403
 30
 0
 11
3.49377
 21
2.67655
  0
LINE
  8
Gravur
 62
   255
 39
0.016
  6
CONTINUOUS
 10
3.49377
 20
2.67655
 30
 0
 11
3.49472
 21
2.67902
  0
LINE
  8
Gravur
 62
   255
 39
0.016
  6
CONTINUOUS
 10
3.49472
 20
2.67902
 30
 0
 11
3.49472
 21
2.67902
  0
LINE
  8
Gravur
 62
   255
 39
0.016
  6
CONTINUOUS
 10
3.49472
 20
2.67902
 30
 0
 11
3.49523
 21
2.68020
  0
LINE
  8
Gravur
 62
   255
 39
0.016
  6
CONTINUOUS
 10
3.49523
 20
2.68020
 30
 0
 11
3.49578
 21
2.68137
  0
LINE
  8
Gravur
 62
   255
 39
0.016
  6
CONTINUOUS
 10
3.49578
 20
2.68137
 30
 0
 11
3.49823
 21
2.68524
  0
LINE
  8
Gravur
 62
   255
 39
0.016
  6
CONTINUOUS
 10
3.49823
 20
2.68524
 30
 0
 11
3.49855
 21
2.68564
  0
LINE
  8
Gravur
 62
   255
 39
0.016
  6
CONTINUOUS
 10
3.49855
 20
2.68564
 30
 0
 11
3.49855
 21
2.68564
  0
LINE
  8
Gravur
 62
   255
 39
0.016
  6
CONTINUOUS
 10
3.49855
 20
2.68564
 30
 0
 11
3.50198
 21
2.68886
  0
LINE
  8
Gravur
 62
   255
 39
0.016
  6
CONTINUOUS
 10
3.50198
 20
2.68886
 30
 0
 11
3.50275
 21
2.68937
  0
LINE
  8
Gravur
 62
   255
 39
0.016
  6
CONTINUOUS
 10
3.50275
 20
2.68937
 30
 0
 11
3.50344
 21
2.68976
  0
LINE
  8
Gravur
 62
   255
 39
0.016
  6
CONTINUOUS
 10
3.50344
 20
2.68976
 30
 0
 11
3.50415
 21
2.69012
  0
LINE
  8
Gravur
 62
   255
 39
0.016
  6
CONTINUOUS
 10
3.50415
 20
2.69012
 30
 0
 11
3.50415
 21
2.69012
  0
LINE
  8
Gravur
 62
   255
 39
0.016
  6
CONTINUOUS
 10
3.50415
 20
2.69012
 30
 0
 11
3.50886
 21
2.69155
  0
LINE
  8
Gravur
 62
   255
 39
0.016
  6
CONTINUOUS
 10
3.50886
 20
2.69155
 30
 0
 11
3.51384
 21
2.69166
  0
LINE
  8
Gravur
 62
   255
 39
0.016
  6
CONTINUOUS
 10
3.51384
 20
2.69166
 30
 0
 11
3.51384
 21
2.69166
  0
LINE
  8
Gravur
 62
   255
 39
0.016
  6
CONTINUOUS
 10
3.51384
 20
2.69166
 30
 0
 11
3.51901
 21
2.69041
  0
LINE
  8
Gravur
 62
   255
 39
0.016
  6
CONTINUOUS
 10
3.51901
 20
2.69041
 30
 0
 11
3.52355
 21
2.68784
  0
LINE
  8
Gravur
 62
   255
 39
0.016
  6
CONTINUOUS
 10
3.52355
 20
2.68784
 30
 0
 11
3.52762
 21
2.68325
  0
LINE
  8
Gravur
 62
   255
 39
0.016
  6
CONTINUOUS
 10
3.52762
 20
2.68325
 30
 0
 11
3.52794
 21
2.68277
  0
LINE
  8
Gravur
 62
   255
 39
0.016
  6
CONTINUOUS
 10
3.52794
 20
2.68277
 30
 0
 11
3.52794
 21
2.68277
  0
LINE
  8
Gravur
 62
   255
 39
0.016
  6
CONTINUOUS
 10
3.52794
 20
2.68277
 30
 0
 11
3.53034
 21
2.67802
  0
LINE
  8
Gravur
 62
   255
 39
0.016
  6
CONTINUOUS
 10
3.53034
 20
2.67802
 30
 0
 11
3.53069
 21
2.67709
  0
LINE
  8
Gravur
 62
   255
 39
0.016
  6
CONTINUOUS
 10
3.53069
 20
2.67709
 30
 0
 11
3.53104
 21
2.67574
  0
LINE
  8
Gravur
 62
   255
 39
0.016
  6
CONTINUOUS
 10
3.53104
 20
2.67574
 30
 0
 11
3.52998
 21
2.67242
  0
LINE
  8
Gravur
 62
   255
 39
0.016
  6
CONTINUOUS
 10
3.52998
 20
2.67242
 30
 0
 11
3.52985
 21
2.67216
  0
LINE
  8
Gravur
 62
   255
 39
0.016
  6
CONTINUOUS
 10
3.52985
 20
2.67216
 30
 0
 11
3.52985
 21
2.67216
  0
LINE
  8
Gravur
 62
   255
 39
0.016
  6
CONTINUOUS
 10
3.52985
 20
2.67216
 30
 0
 11
3.52875
 21
2.67019
  0
LINE
  8
Gravur
 62
   255
 39
0.016
  6
CONTINUOUS
 10
3.52875
 20
2.67019
 30
 0
 11
3.52850
 21
2.66976
  0
LINE
  8
Gravur
 62
   255
 39
0.016
  6
CONTINUOUS
 10
3.52850
 20
2.66976
 30
 0
 11
3.52211
 21
2.65873
  0
LINE
  8
Gravur
 62
   255
 39
0.016
  6
CONTINUOUS
 10
3.52211
 20
2.65873
 30
 0
 11
3.49984
 21
2.62023
  0
LINE
  8
Gravur
 62
   255
 39
0.016
  6
CONTINUOUS
 10
3.49984
 20
2.62023
 30
 0
 11
3.49485
 21
2.61160
  0
LINE
  8
Gravur
 62
   255
 39
0.016
  6
CONTINUOUS
 10
3.49485
 20
2.61160
 30
 0
 11
3.49283
 21
2.60705
  0
LINE
  8
Gravur
 62
   255
 39
0.016
  6
CONTINUOUS
 10
3.49283
 20
2.60705
 30
 0
 11
3.49332
 21
2.60498
  0
LINE
  8
Gravur
 62
   255
 39
0.016
  6
CONTINUOUS
 10
3.49332
 20
2.60498
 30
 0
 11
3.49336
 21
2.60484
  0
LINE
  8
Gravur
 62
   255
 39
0.016
  6
CONTINUOUS
 10
3.49336
 20
2.60484
 30
 0
 11
3.49336
 21
2.60484
  0
LINE
  8
Gravur
 62
   255
 39
0.016
  6
CONTINUOUS
 10
3.49336
 20
2.60484
 30
 0
 11
3.49386
 21
2.60349
  0
LINE
  8
Gravur
 62
   255
 39
0.016
  6
CONTINUOUS
 10
3.49386
 20
2.60349
 30
 0
 11
3.49400
 21
2.60311
  0
LINE
  8
Gravur
 62
   255
 39
0.016
  6
CONTINUOUS
 10
3.49400
 20
2.60311
 30
 0
 11
3.49537
 21
2.59980
  0
LINE
  8
Gravur
 62
   255
 39
0.016
  6
CONTINUOUS
 10
3.49537
 20
2.59980
 30
 0
 11
3.49568
 21
2.59915
  0
LINE
  8
Gravur
 62
   255
 39
0.016
  6
CONTINUOUS
 10
3.49568
 20
2.59915
 30
 0
 11
3.49568
 21
2.59915
  0
LINE
  8
Gravur
 62
   255
 39
0.016
  6
CONTINUOUS
 10
3.49568
 20
2.59915
 30
 0
 11
3.49854
 21
2.59454
  0
LINE
  8
Gravur
 62
   255
 39
0.016
  6
CONTINUOUS
 10
3.49854
 20
2.59454
 30
 0
 11
3.49973
 21
2.59321
  0
LINE
  8
Gravur
 62
   255
 39
0.016
  6
CONTINUOUS
 10
3.49973
 20
2.59321
 30
 0
 11
3.49973
 21
2.59321
  0
LINE
  8
Gravur
 62
   255
 39
0.016
  6
CONTINUOUS
 10
3.49973
 20
2.59321
 30
 0
 11
3.50177
 21
2.59149
  0
LINE
  8
Gravur
 62
   255
 39
0.016
  6
CONTINUOUS
 10
3.50177
 20
2.59149
 30
 0
 11
3.50416
 21
2.59015
  0
LINE
  8
Gravur
 62
   255
 39
0.016
  6
CONTINUOUS
 10
3.50416
 20
2.59015
 30
 0
 11
3.51079
 21
2.58852
  0
LINE
  8
Gravur
 62
   255
 39
0.016
  6
CONTINUOUS
 10
3.51079
 20
2.58852
 30
 0
 11
3.51176
 21
2.58846
  0
LINE
  8
Gravur
 62
   255
 39
0.016
  6
CONTINUOUS
 10
3.51176
 20
2.58846
 30
 0
 11
3.51657
 21
2.58892
  0
LINE
  8
Gravur
 62
   255
 39
0.016
  6
CONTINUOUS
 10
3.51657
 20
2.58892
 30
 0
 11
3.51750
 21
2.58916
  0
LINE
  8
Gravur
 62
   255
 39
0.016
  6
CONTINUOUS
 10
3.51750
 20
2.58916
 30
 0
 11
3.51750
 21
2.58916
  0
LINE
  8
Gravur
 62
   255
 39
0.016
  6
CONTINUOUS
 10
3.51750
 20
2.58916
 30
 0
 11
3.52107
 21
2.59062
  0
LINE
  8
Gravur
 62
   255
 39
0.016
  6
CONTINUOUS
 10
3.52107
 20
2.59062
 30
 0
 11
3.52218
 21
2.59130
  0
LINE
  8
Gravur
 62
   255
 39
0.016
  6
CONTINUOUS
 10
3.52218
 20
2.59130
 30
 0
 11
3.52325
 21
2.59207
  0
LINE
  8
Gravur
 62
   255
 39
0.016
  6
CONTINUOUS
 10
3.52325
 20
2.59207
 30
 0
 11
3.52426
 21
2.59294
  0
LINE
  8
Gravur
 62
   255
 39
0.016
  6
CONTINUOUS
 10
3.52426
 20
2.59294
 30
 0
 11
3.52746
 21
2.59687
  0
LINE
  8
Gravur
 62
   255
 39
0.016
  6
CONTINUOUS
 10
3.52746
 20
2.59687
 30
 0
 11
3.52771
 21
2.59727
  0
LINE
  8
Gravur
 62
   255
 39
0.016
  6
CONTINUOUS
 10
3.52771
 20
2.59727
 30
 0
 11
3.52771
 21
2.59727
  0
LINE
  8
Gravur
 62
   255
 39
0.016
  6
CONTINUOUS
 10
3.52771
 20
2.59727
 30
 0
 11
3.52942
 21
2.60059
  0
LINE
  8
Gravur
 62
   255
 39
0.016
  6
CONTINUOUS
 10
3.52942
 20
2.60059
 30
 0
 11
3.52971
 21
2.60127
  0
LINE
  8
Gravur
 62
   255
 39
0.016
  6
CONTINUOUS
 10
3.52971
 20
2.60127
 30
 0
 11
3.53042
 21
2.60314
  0
LINE
  8
Gravur
 62
   255
 39
0.016
  6
CONTINUOUS
 10
3.53042
 20
2.60314
 30
 0
 11
3.53064
 21
2.60377
  0
LINE
  8
Gravur
 62
   255
 39
0.016
  6
CONTINUOUS
 10
3.53064
 20
2.60377
 30
 0
 11
3.53064
 21
2.60377
  0
LINE
  8
Gravur
 62
   255
 39
0.016
  6
CONTINUOUS
 10
3.53064
 20
2.60377
 30
 0
 11
3.53177
 21
2.60770
  0
LINE
  8
Gravur
 62
   255
 39
0.016
  6
CONTINUOUS
 10
3.53177
 20
2.60770
 30
 0
 11
3.53261
 21
2.61171
  0
LINE
  8
Gravur
 62
   255
 39
0.016
  6
CONTINUOUS
 10
3.53261
 20
2.61171
 30
 0
 11
3.53261
 21
2.61171
  0
LINE
  8
Gravur
 62
   255
 39
0.016
  6
CONTINUOUS
 10
3.53261
 20
2.61171
 30
 0
 11
3.53317
 21
2.61512
  0
LINE
  8
Gravur
 62
   255
 39
0.016
  6
CONTINUOUS
 10
3.53317
 20
2.61512
 30
 0
 11
3.53364
 21
2.61854
  0
LINE
  8
Gravur
 62
   255
 39
0.016
  6
CONTINUOUS
 10
3.53364
 20
2.61854
 30
 0
 11
3.53485
 21
2.63287
  0
LINE
  8
Gravur
 62
   255
 39
0.016
  6
CONTINUOUS
 10
3.53485
 20
2.63287
 30
 0
 11
3.53491
 21
2.63448
  0
LINE
  8
Gravur
 62
   255
 39
0.016
  6
CONTINUOUS
 10
3.53491
 20
2.63448
 30
 0
 11
3.53491
 21
2.63448
  0
LINE
  8
Gravur
 62
   255
 39
0.016
  6
CONTINUOUS
 10
3.53491
 20
2.63448
 30
 0
 11
3.53477
 21
2.64787
  0
LINE
  8
Gravur
 62
   255
 39
0.016
  6
CONTINUOUS
 10
3.53477
 20
2.64787
 30
 0
 11
3.53460
 21
2.65052
  0
LINE
  8
Gravur
 62
   255
 39
0.016
  6
CONTINUOUS
 10
3.53460
 20
2.65052
 30
 0
 11
3.53340
 21
2.66412
  0
LINE
  8
Gravur
 62
   255
 39
0.016
  6
CONTINUOUS
 10
3.53340
 20
2.66412
 30
 0
 11
3.53329
 21
2.66492
  0
LINE
  8
Gravur
 62
   255
 39
0.016
  6
CONTINUOUS
 10
3.53329
 20
2.66492
 30
 0
 11
3.53317
 21
2.66571
  0
LINE
  8
Gravur
 62
   255
 39
0.016
  6
CONTINUOUS
 10
3.53317
 20
2.66571
 30
 0
 11
3.53304
 21
2.66651
  0
LINE
  8
Gravur
 62
   255
 39
0.016
  6
CONTINUOUS
 10
3.53304
 20
2.66651
 30
 0
 11
3.53105
 21
2.67579
  0
LINE
  8
Gravur
 62
   255
 39
0.016
  6
CONTINUOUS
 10
1.01206
 20
6.22076
 30
 0
 11
1.01206
 21
6.28582
  0
LINE
  8
Gravur
 62
   255
 39
0.016
  6
CONTINUOUS
 10
1.01206
 20
6.28582
 30
 0
 11
1.01206
 21
6.30557
  0
LINE
  8
Gravur
 62
   255
 39
0.016
  6
CONTINUOUS
 10
1.01206
 20
6.30557
 30
 0
 11
1.01206
 21
6.31153
  0
LINE
  8
Gravur
 62
   255
 39
0.016
  6
CONTINUOUS
 10
1.01206
 20
6.31153
 30
 0
 11
1.01201
 21
6.31268
  0
LINE
  8
Gravur
 62
   255
 39
0.016
  6
CONTINUOUS
 10
1.01201
 20
6.31268
 30
 0
 11
1.01200
 21
6.31282
  0
LINE
  8
Gravur
 62
   255
 39
0.016
  6
CONTINUOUS
 10
1.01200
 20
6.31282
 30
 0
 11
1.01200
 21
6.31282
  0
LINE
  8
Gravur
 62
   255
 39
0.016
  6
CONTINUOUS
 10
1.01200
 20
6.31282
 30
 0
 11
1.01206
 21
6.31407
  0
LINE
  8
Gravur
 62
   255
 39
0.016
  6
CONTINUOUS
 10
1.01206
 20
6.31407
 30
 0
 11
1.01212
 21
6.31429
  0
LINE
  8
Gravur
 62
   255
 39
0.016
  6
CONTINUOUS
 10
1.01212
 20
6.31429
 30
 0
 11
1.01214
 21
6.31436
  0
LINE
  8
Gravur
 62
   255
 39
0.016
  6
CONTINUOUS
 10
1.01214
 20
6.31436
 30
 0
 11
1.01218
 21
6.31443
  0
LINE
  8
Gravur
 62
   255
 39
0.016
  6
CONTINUOUS
 10
1.01218
 20
6.31443
 30
 0
 11
1.01218
 21
6.31443
  0
LINE
  8
Gravur
 62
   255
 39
0.016
  6
CONTINUOUS
 10
1.01218
 20
6.31443
 30
 0
 11
1.01270
 21
6.31483
  0
LINE
  8
Gravur
 62
   255
 39
0.016
  6
CONTINUOUS
 10
1.01270
 20
6.31483
 30
 0
 11
1.01349
 21
6.31503
  0
LINE
  8
Gravur
 62
   255
 39
0.016
  6
CONTINUOUS
 10
1.01349
 20
6.31503
 30
 0
 11
1.01349
 21
6.31503
  0
LINE
  8
Gravur
 62
   255
 39
0.016
  6
CONTINUOUS
 10
1.01349
 20
6.31503
 30
 0
 11
1.01417
 21
6.31510
  0
LINE
  8
Gravur
 62
   255
 39
0.016
  6
CONTINUOUS
 10
1.01417
 20
6.31510
 30
 0
 11
1.01471
 21
6.31516
  0
LINE
  8
Gravur
 62
   255
 39
0.016
  6
CONTINUOUS
 10
1.01471
 20
6.31516
 30
 0
 11
1.01892
 21
6.31564
  0
LINE
  8
Gravur
 62
   255
 39
0.016
  6
CONTINUOUS
 10
1.01892
 20
6.31564
 30
 0
 11
1.01930
 21
6.31567
  0
LINE
  8
Gravur
 62
   255
 39
0.016
  6
CONTINUOUS
 10
1.01930
 20
6.31567
 30
 0
 11
1.01930
 21
6.31567
  0
LINE
  8
Gravur
 62
   255
 39
0.016
  6
CONTINUOUS
 10
1.01930
 20
6.31567
 30
 0
 11
1.02068
 21
6.31577
  0
LINE
  8
Gravur
 62
   255
 39
0.016
  6
CONTINUOUS
 10
1.02068
 20
6.31577
 30
 0
 11
1.02114
 21
6.31580
  0
LINE
  8
Gravur
 62
   255
 39
0.016
  6
CONTINUOUS
 10
1.02114
 20
6.31580
 30
 0
 11
1.02114
 21
6.31580
  0
LINE
  8
Gravur
 62
   255
 39
0.016
  6
CONTINUOUS
 10
1.02114
 20
6.31580
 30
 0
 11
1.02197
 21
6.31586
  0
LINE
  8
Gravur
 62
   255
 39
0.016
  6
CONTINUOUS
 10
1.02197
 20
6.31586
 30
 0
 11
1.02280
 21
6.31592
  0
LINE
  8
Gravur
 62
   255
 39
0.016
  6
CONTINUOUS
 10
1.02280
 20
6.31592
 30
 0
 11
1.03226
 21
6.31586
  0
LINE
  8
Gravur
 62
   255
 39
0.016
  6
CONTINUOUS
 10
1.03226
 20
6.31586
 30
 0
 11
1.03365
 21
6.31571
  0
LINE
  8
Gravur
 62
   255
 39
0.016
  6
CONTINUOUS
 10
1.03365
 20
6.31571
 30
 0
 11
1.03365
 21
6.31571
  0
LINE
  8
Gravur
 62
   255
 39
0.016
  6
CONTINUOUS
 10
1.03365
 20
6.31571
 30
 0
 11
1.03730
 21
6.31509
  0
LINE
  8
Gravur
 62
   255
 39
0.016
  6
CONTINUOUS
 10
1.03730
 20
6.31509
 30
 0
 11
1.04083
 21
6.31410
  0
LINE
  8
Gravur
 62
   255
 39
0.016
  6
CONTINUOUS
 10
1.04083
 20
6.31410
 30
 0
 11
1.04413
 21
6.31268
  0
LINE
  8
Gravur
 62
   255
 39
0.016
  6
CONTINUOUS
 10
1.04413
 20
6.31268
 30
 0
 11
1.04710
 21
6.31078
  0
LINE
  8
Gravur
 62
   255
 39
0.016
  6
CONTINUOUS
 10
1.04710
 20
6.31078
 30
 0
 11
1.04710
 21
6.31078
  0
LINE
  8
Gravur
 62
   255
 39
0.016
  6
CONTINUOUS
 10
1.04710
 20
6.31078
 30
 0
 11
1.05002
 21
6.30791
  0
LINE
  8
Gravur
 62
   255
 39
0.016
  6
CONTINUOUS
 10
1.05002
 20
6.30791
 30
 0
 11
1.05223
 21
6.30424
  0
LINE
  8
Gravur
 62
   255
 39
0.016
  6
CONTINUOUS
 10
1.05223
 20
6.30424
 30
 0
 11
1.05323
 21
6.30143
  0
LINE
  8
Gravur
 62
   255
 39
0.016
  6
CONTINUOUS
 10
1.05323
 20
6.30143
 30
 0
 11
1.05332
 21
6.30111
  0
LINE
  8
Gravur
 62
   255
 39
0.016
  6
CONTINUOUS
 10
1.05332
 20
6.30111
 30
 0
 11
1.05332
 21
6.30111
  0
LINE
  8
Gravur
 62
   255
 39
0.016
  6
CONTINUOUS
 10
1.05332
 20
6.30111
 30
 0
 11
1.05367
 21
6.29962
  0
LINE
  8
Gravur
 62
   255
 39
0.016
  6
CONTINUOUS
 10
1.05367
 20
6.29962
 30
 0
 11
1.05377
 21
6.29912
  0
LINE
  8
Gravur
 62
   255
 39
0.016
  6
CONTINUOUS
 10
1.05377
 20
6.29912
 30
 0
 11
1.05377
 21
6.29912
  0
LINE
  8
Gravur
 62
   255
 39
0.016
  6
CONTINUOUS
 10
1.05377
 20
6.29912
 30
 0
 11
1.05396
 21
6.29797
  0
LINE
  8
Gravur
 62
   255
 39
0.016
  6
CONTINUOUS
 10
1.05396
 20
6.29797
 30
 0
 11
1.05411
 21
6.29682
  0
LINE
  8
Gravur
 62
   255
 39
0.016
  6
CONTINUOUS
 10
1.05411
 20
6.29682
 30
 0
 11
1.05437
 21
6.28997
  0
LINE
  8
Gravur
 62
   255
 39
0.016
  6
CONTINUOUS
 10
1.05437
 20
6.28997
 30
 0
 11
1.05431
 21
6.28898
  0
LINE
  8
Gravur
 62
   255
 39
0.016
  6
CONTINUOUS
 10
1.05431
 20
6.28898
 30
 0
 11
1.05431
 21
6.28898
  0
LINE
  8
Gravur
 62
   255
 39
0.016
  6
CONTINUOUS
 10
1.05431
 20
6.28898
 30
 0
 11
1.05401
 21
6.28641
  0
LINE
  8
Gravur
 62
   255
 39
0.016
  6
CONTINUOUS
 10
1.05401
 20
6.28641
 30
 0
 11
1.05349
 21
6.28388
  0
LINE
  8
Gravur
 62
   255
 39
0.016
  6
CONTINUOUS
 10
1.05349
 20
6.28388
 30
 0
 11
1.05274
 21
6.28144
  0
LINE
  8
Gravur
 62
   255
 39
0.016
  6
CONTINUOUS
 10
1.05274
 20
6.28144
 30
 0
 11
1.05172
 21
6.27911
  0
LINE
  8
Gravur
 62
   255
 39
0.016
  6
CONTINUOUS
 10
1.05172
 20
6.27911
 30
 0
 11
1.05172
 21
6.27911
  0
LINE
  8
Gravur
 62
   255
 39
0.016
  6
CONTINUOUS
 10
1.05172
 20
6.27911
 30
 0
 11
1.05024
 21
6.27665
  0
LINE
  8
Gravur
 62
   255
 39
0.016
  6
CONTINUOUS
 10
1.05024
 20
6.27665
 30
 0
 11
1.04837
 21
6.27443
  0
LINE
  8
Gravur
 62
   255
 39
0.016
  6
CONTINUOUS
 10
1.04837
 20
6.27443
 30
 0
 11
1.04462
 21
6.27151
  0
LINE
  8
Gravur
 62
   255
 39
0.016
  6
CONTINUOUS
 10
1.04462
 20
6.27151
 30
 0
 11
1.04417
 21
6.27125
  0
LINE
  8
Gravur
 62
   255
 39
0.016
  6
CONTINUOUS
 10
1.04417
 20
6.27125
 30
 0
 11
1.04417
 21
6.27125
  0
LINE
  8
Gravur
 62
   255
 39
0.016
  6
CONTINUOUS
 10
1.04417
 20
6.27125
 30
 0
 11
1.03955
 21
6.26922
  0
LINE
  8
Gravur
 62
   255
 39
0.016
  6
CONTINUOUS
 10
1.03955
 20
6.26922
 30
 0
 11
1.03857
 21
6.26891
  0
LINE
  8
Gravur
 62
   255
 39
0.016
  6
CONTINUOUS
 10
1.03857
 20
6.26891
 30
 0
 11
1.03308
 21
6.26714
  0
LINE
  8
Gravur
 62
   255
 39
0.016
  6
CONTINUOUS
 10
1.03308
 20
6.26714
 30
 0
 11
1.03385
 21
6.26682
  0
LINE
  8
Gravur
 62
   255
 39
0.016
  6
CONTINUOUS
 10
1.03385
 20
6.26682
 30
 0
 11
1.03415
 21
6.26670
  0
LINE
  8
Gravur
 62
   255
 39
0.016
  6
CONTINUOUS
 10
1.03415
 20
6.26670
 30
 0
 11
1.03607
 21
6.26589
  0
LINE
  8
Gravur
 62
   255
 39
0.016
  6
CONTINUOUS
 10
1.03607
 20
6.26589
 30
 0
 11
1.03649
 21
6.26571
  0
LINE
  8
Gravur
 62
   255
 39
0.016
  6
CONTINUOUS
 10
1.03649
 20
6.26571
 30
 0
 11
1.03649
 21
6.26571
  0
LINE
  8
Gravur
 62
   255
 39
0.016
  6
CONTINUOUS
 10
1.03649
 20
6.26571
 30
 0
 11
1.03932
 21
6.26440
  0
LINE
  8
Gravur
 62
   255
 39
0.016
  6
CONTINUOUS
 10
1.03932
 20
6.26440
 30
 0
 11
1.03963
 21
6.26423
  0
LINE
  8
Gravur
 62
   255
 39
0.016
  6
CONTINUOUS
 10
1.03963
 20
6.26423
 30
 0
 11
1.04125
 21
6.26302
  0
LINE
  8
Gravur
 62
   255
 39
0.016
  6
CONTINUOUS
 10
1.04125
 20
6.26302
 30
 0
 11
1.04155
 21
6.26275
  0
LINE
  8
Gravur
 62
   255
 39
0.016
  6
CONTINUOUS
 10
1.04155
 20
6.26275
 30
 0
 11
1.04155
 21
6.26275
  0
LINE
  8
Gravur
 62
   255
 39
0.016
  6
CONTINUOUS
 10
1.04155
 20
6.26275
 30
 0
 11
1.04375
 21
6.26026
  0
LINE
  8
Gravur
 62
   255
 39
0.016
  6
CONTINUOUS
 10
1.04375
 20
6.26026
 30
 0
 11
1.04439
 21
6.25934
  0
LINE
  8
Gravur
 62
   255
 39
0.016
  6
CONTINUOUS
 10
1.04439
 20
6.25934
 30
 0
 11
1.04439
 21
6.25934
  0
LINE
  8
Gravur
 62
   255
 39
0.016
  6
CONTINUOUS
 10
1.04439
 20
6.25934
 30
 0
 11
1.04514
 21
6.25809
  0
LINE
  8
Gravur
 62
   255
 39
0.016
  6
CONTINUOUS
 10
1.04514
 20
6.25809
 30
 0
 11
1.04582
 21
6.25680
  0
LINE
  8
Gravur
 62
   255
 39
0.016
  6
CONTINUOUS
 10
1.04582
 20
6.25680
 30
 0
 11
1.04884
 21
6.24826
  0
LINE
  8
Gravur
 62
   255
 39
0.016
  6
CONTINUOUS
 10
1.04884
 20
6.24826
 30
 0
 11
1.04905
 21
6.24746
  0
LINE
  8
Gravur
 62
   255
 39
0.016
  6
CONTINUOUS
 10
1.04905
 20
6.24746
 30
 0
 11
1.04905
 21
6.24746
  0
LINE
  8
Gravur
 62
   255
 39
0.016
  6
CONTINUOUS
 10
1.04905
 20
6.24746
 30
 0
 11
1.05059
 21
6.24120
  0
LINE
  8
Gravur
 62
   255
 39
0.016
  6
CONTINUOUS
 10
1.05059
 20
6.24120
 30
 0
 11
1.05091
 21
6.23997
  0
LINE
  8
Gravur
 62
   255
 39
0.016
  6
CONTINUOUS
 10
1.05091
 20
6.23997
 30
 0
 11
1.05422
 21
6.22752
  0
LINE
  8
Gravur
 62
   255
 39
0.016
  6
CONTINUOUS
 10
1.05422
 20
6.22752
 30
 0
 11
1.05506
 21
6.22461
  0
LINE
  8
Gravur
 62
   255
 39
0.016
  6
CONTINUOUS
 10
1.05506
 20
6.22461
 30
 0
 11
1.05516
 21
6.22429
  0
LINE
  8
Gravur
 62
   255
 39
0.016
  6
CONTINUOUS
 10
1.05516
 20
6.22429
 30
 0
 11
1.05516
 21
6.22429
  0
LINE
  8
Gravur
 62
   255
 39
0.016
  6
CONTINUOUS
 10
1.05516
 20
6.22429
 30
 0
 11
1.05595
 21
6.22113
  0
LINE
  8
Gravur
 62
   255
 39
0.016
  6
CONTINUOUS
 10
1.05595
 20
6.22113
 30
 0
 11
1.05606
 21
6.22049
  0
LINE
  8
Gravur
 62
   255
 39
0.016
  6
CONTINUOUS
 10
1.01220
 20
6.26701
 30
 0
 11
1.03325
 21
6.26714
  0
LINE
  8
Gravur
 62
   255
 39
0.016
  6
CONTINUOUS
 10
1.11804
 20
6.22063
 30
 0
 11
1.08875
 21
6.22063
  0
LINE
  8
Gravur
 62
   255
 39
0.016
  6
CONTINUOUS
 10
1.08875
 20
6.22063
 30
 0
 11
1.08120
 21
6.22063
  0
LINE
  8
Gravur
 62
   255
 39
0.016
  6
CONTINUOUS
 10
1.08120
 20
6.22063
 30
 0
 11
1.07851
 21
6.22078
  0
LINE
  8
Gravur
 62
   255
 39
0.016
  6
CONTINUOUS
 10
1.07851
 20
6.22078
 30
 0
 11
1.07828
 21
6.22195
  0
LINE
  8
Gravur
 62
   255
 39
0.016
  6
CONTINUOUS
 10
1.07828
 20
6.22195
 30
 0
 11
1.07828
 21
6.22526
  0
LINE
  8
Gravur
 62
   255
 39
0.016
  6
CONTINUOUS
 10
1.07828
 20
6.22526
 30
 0
 11
1.07828
 21
6.23891
  0
LINE
  8
Gravur
 62
   255
 39
0.016
  6
CONTINUOUS
 10
1.07828
 20
6.23891
 30
 0
 11
1.07828
 21
6.29430
  0
LINE
  8
Gravur
 62
   255
 39
0.016
  6
CONTINUOUS
 10
1.07828
 20
6.29430
 30
 0
 11
1.07828
 21
6.30954
  0
LINE
  8
Gravur
 62
   255
 39
0.016
  6
CONTINUOUS
 10
1.07828
 20
6.30954
 30
 0
 11
1.07828
 21
6.31325
  0
LINE
  8
Gravur
 62
   255
 39
0.016
  6
CONTINUOUS
 10
1.07828
 20
6.31325
 30
 0
 11
1.07851
 21
6.31456
  0
LINE
  8
Gravur
 62
   255
 39
0.016
  6
CONTINUOUS
 10
1.07851
 20
6.31456
 30
 0
 11
1.08120
 21
6.31471
  0
LINE
  8
Gravur
 62
   255
 39
0.016
  6
CONTINUOUS
 10
1.08120
 20
6.31471
 30
 0
 11
1.08875
 21
6.31471
  0
LINE
  8
Gravur
 62
   255
 39
0.016
  6
CONTINUOUS
 10
1.08875
 20
6.31471
 30
 0
 11
1.11804
 21
6.31471
  0
LINE
  8
Gravur
 62
   255
 39
0.016
  6
CONTINUOUS
 10
1.07842
 20
6.27231
 30
 0
 11
1.11671
 21
6.27231
  0
LINE
  8
Gravur
 62
   255
 39
0.016
  6
CONTINUOUS
 10
1.16160
 20
6.27231
 30
 0
 11
1.18002
 21
6.27231
  0
LINE
  8
Gravur
 62
   255
 39
0.016
  6
CONTINUOUS
 10
1.18002
 20
6.27231
 30
 0
 11
1.18452
 21
6.27231
  0
LINE
  8
Gravur
 62
   255
 39
0.016
  6
CONTINUOUS
 10
1.18452
 20
6.27231
 30
 0
 11
1.18516
 21
6.27233
  0
LINE
  8
Gravur
 62
   255
 39
0.016
  6
CONTINUOUS
 10
1.18516
 20
6.27233
 30
 0
 11
1.18524
 21
6.27234
  0
LINE
  8
Gravur
 62
   255
 39
0.016
  6
CONTINUOUS
 10
1.18524
 20
6.27234
 30
 0
 11
1.18524
 21
6.27234
  0
LINE
  8
Gravur
 62
   255
 39
0.016
  6
CONTINUOUS
 10
1.18524
 20
6.27234
 30
 0
 11
1.18596
 21
6.27220
  0
LINE
  8
Gravur
 62
   255
 39
0.016
  6
CONTINUOUS
 10
1.18596
 20
6.27220
 30
 0
 11
1.18606
 21
6.27212
  0
LINE
  8
Gravur
 62
   255
 39
0.016
  6
CONTINUOUS
 10
1.18606
 20
6.27212
 30
 0
 11
1.18606
 21
6.27212
  0
LINE
  8
Gravur
 62
   255
 39
0.016
  6
CONTINUOUS
 10
1.18606
 20
6.27212
 30
 0
 11
1.18608
 21
6.27210
  0
LINE
  8
Gravur
 62
   255
 39
0.016
  6
CONTINUOUS
 10
1.18608
 20
6.27210
 30
 0
 11
1.18609
 21
6.27208
  0
LINE
  8
Gravur
 62
   255
 39
0.016
  6
CONTINUOUS
 10
1.18609
 20
6.27208
 30
 0
 11
1.18628
 21
6.27135
  0
LINE
  8
Gravur
 62
   255
 39
0.016
  6
CONTINUOUS
 10
1.18628
 20
6.27135
 30
 0
 11
1.18628
 21
6.27127
  0
LINE
  8
Gravur
 62
   255
 39
0.016
  6
CONTINUOUS
 10
1.18628
 20
6.27127
 30
 0
 11
1.18628
 21
6.27127
  0
LINE
  8
Gravur
 62
   255
 39
0.016
  6
CONTINUOUS
 10
1.18628
 20
6.27127
 30
 0
 11
1.18625
 21
6.27068
  0
LINE
  8
Gravur
 62
   255
 39
0.016
  6
CONTINUOUS
 10
1.18625
 20
6.27068
 30
 0
 11
1.18625
 21
6.27058
  0
LINE
  8
Gravur
 62
   255
 39
0.016
  6
CONTINUOUS
 10
1.18625
 20
6.27058
 30
 0
 11
1.18625
 21
6.26674
  0
LINE
  8
Gravur
 62
   255
 39
0.016
  6
CONTINUOUS
 10
1.18625
 20
6.26674
 30
 0
 11
1.18625
 21
6.25163
  0
LINE
  8
Gravur
 62
   255
 39
0.016
  6
CONTINUOUS
 10
1.18625
 20
6.25163
 30
 0
 11
1.18625
 21
6.23202
  0
LINE
  8
Gravur
 62
   255
 39
0.016
  6
CONTINUOUS
 10
1.18625
 20
6.23202
 30
 0
 11
1.18625
 21
6.22672
  0
LINE
  8
Gravur
 62
   255
 39
0.016
  6
CONTINUOUS
 10
1.18625
 20
6.22672
 30
 0
 11
1.18628
 21
6.22572
  0
LINE
  8
Gravur
 62
   255
 39
0.016
  6
CONTINUOUS
 10
1.18628
 20
6.22572
 30
 0
 11
1.18629
 21
6.22560
  0
LINE
  8
Gravur
 62
   255
 39
0.016
  6
CONTINUOUS
 10
1.18629
 20
6.22560
 30
 0
 11
1.18629
 21
6.22560
  0
LINE
  8
Gravur
 62
   255
 39
0.016
  6
CONTINUOUS
 10
1.18629
 20
6.22560
 30
 0
 11
1.18613
 21
6.22442
  0
LINE
  8
Gravur
 62
   255
 39
0.016
  6
CONTINUOUS
 10
1.18613
 20
6.22442
 30
 0
 11
1.18604
 21
6.22421
  0
LINE
  8
Gravur
 62
   255
 39
0.016
  6
CONTINUOUS
 10
1.18604
 20
6.22421
 30
 0
 11
1.18590
 21
6.22400
  0
LINE
  8
Gravur
 62
   255
 39
0.016
  6
CONTINUOUS
 10
1.18590
 20
6.22400
 30
 0
 11
1.18585
 21
6.22394
  0
LINE
  8
Gravur
 62
   255
 39
0.016
  6
CONTINUOUS
 10
1.18585
 20
6.22394
 30
 0
 11
1.18585
 21
6.22394
  0
LINE
  8
Gravur
 62
   255
 39
0.016
  6
CONTINUOUS
 10
1.18585
 20
6.22394
 30
 0
 11
1.18544
 21
6.22358
  0
LINE
  8
Gravur
 62
   255
 39
0.016
  6
CONTINUOUS
 10
1.18544
 20
6.22358
 30
 0
 11
1.18495
 21
6.22331
  0
LINE
  8
Gravur
 62
   255
 39
0.016
  6
CONTINUOUS
 10
1.18495
 20
6.22331
 30
 0
 11
1.18495
 21
6.22331
  0
LINE
  8
Gravur
 62
   255
 39
0.016
  6
CONTINUOUS
 10
1.18495
 20
6.22331
 30
 0
 11
1.18453
 21
6.22312
  0
LINE
  8
Gravur
 62
   255
 39
0.016
  6
CONTINUOUS
 10
1.18453
 20
6.22312
 30
 0
 11
1.18413
 21
6.22295
  0
LINE
  8
Gravur
 62
   255
 39
0.016
  6
CONTINUOUS
 10
1.18413
 20
6.22295
 30
 0
 11
1.18150
 21
6.22184
  0
LINE
  8
Gravur
 62
   255
 39
0.016
  6
CONTINUOUS
 10
1.18150
 20
6.22184
 30
 0
 11
1.18126
 21
6.22175
  0
LINE
  8
Gravur
 62
   255
 39
0.016
  6
CONTINUOUS
 10
1.18126
 20
6.22175
 30
 0
 11
1.18126
 21
6.22175
  0
LINE
  8
Gravur
 62
   255
 39
0.016
  6
CONTINUOUS
 10
1.18126
 20
6.22175
 30
 0
 11
1.17957
 21
6.22116
  0
LINE
  8
Gravur
 62
   255
 39
0.016
  6
CONTINUOUS
 10
1.17957
 20
6.22116
 30
 0
 11
1.17922
 21
6.22106
  0
LINE
  8
Gravur
 62
   255
 39
0.016
  6
CONTINUOUS
 10
1.17922
 20
6.22106
 30
 0
 11
1.17505
 21
6.22006
  0
LINE
  8
Gravur
 62
   255
 39
0.016
  6
CONTINUOUS
 10
1.17505
 20
6.22006
 30
 0
 11
1.17421
 21
6.21990
  0
LINE
  8
Gravur
 62
   255
 39
0.016
  6
CONTINUOUS
 10
1.17421
 20
6.21990
 30
 0
 11
1.17421
 21
6.21990
  0
LINE
  8
Gravur
 62
   255
 39
0.016
  6
CONTINUOUS
 10
1.17421
 20
6.21990
 30
 0
 11
1.16651
 21
6.21938
  0
LINE
  8
Gravur
 62
   255
 39
0.016
  6
CONTINUOUS
 10
1.16651
 20
6.21938
 30
 0
 11
1.16396
 21
6.21960
  0
LINE
  8
Gravur
 62
   255
 39
0.016
  6
CONTINUOUS
 10
1.16396
 20
6.21960
 30
 0
 11
1.16396
 21
6.21960
  0
LINE
  8
Gravur
 62
   255
 39
0.016
  6
CONTINUOUS
 10
1.16396
 20
6.21960
 30
 0
 11
1.16041
 21
6.22031
  0
LINE
  8
Gravur
 62
   255
 39
0.016
  6
CONTINUOUS
 10
1.16041
 20
6.22031
 30
 0
 11
1.15696
 21
6.22154
  0
LINE
  8
Gravur
 62
   255
 39
0.016
  6
CONTINUOUS
 10
1.15696
 20
6.22154
 30
 0
 11
1.15113
 21
6.22545
  0
LINE
  8
Gravur
 62
   255
 39
0.016
  6
CONTINUOUS
 10
1.15113
 20
6.22545
 30
 0
 11
1.15016
 21
6.22643
  0
LINE
  8
Gravur
 62
   255
 39
0.016
  6
CONTINUOUS
 10
1.15016
 20
6.22643
 30
 0
 11
1.15016
 21
6.22643
  0
LINE
  8
Gravur
 62
   255
 39
0.016
  6
CONTINUOUS
 10
1.15016
 20
6.22643
 30
 0
 11
1.14776
 21
6.22949
  0
LINE
  8
Gravur
 62
   255
 39
0.016
  6
CONTINUOUS
 10
1.14776
 20
6.22949
 30
 0
 11
1.14580
 21
6.23290
  0
LINE
  8
Gravur
 62
   255
 39
0.016
  6
CONTINUOUS
 10
1.14580
 20
6.23290
 30
 0
 11
1.14422
 21
6.23658
  0
LINE
  8
Gravur
 62
   255
 39
0.016
  6
CONTINUOUS
 10
1.14422
 20
6.23658
 30
 0
 11
1.14297
 21
6.24043
  0
LINE
  8
Gravur
 62
   255
 39
0.016
  6
CONTINUOUS
 10
1.14297
 20
6.24043
 30
 0
 11
1.14297
 21
6.24043
  0
LINE
  8
Gravur
 62
   255
 39
0.016
  6
CONTINUOUS
 10
1.14297
 20
6.24043
 30
 0
 11
1.14155
 21
6.24665
  0
LINE
  8
Gravur
 62
   255
 39
0.016
  6
CONTINUOUS
 10
1.14155
 20
6.24665
 30
 0
 11
1.14062
 21
6.25269
  0
LINE
  8
Gravur
 62
   255
 39
0.016
  6
CONTINUOUS
 10
1.14062
 20
6.25269
 30
 0
 11
1.13981
 21
6.26380
  0
LINE
  8
Gravur
 62
   255
 39
0.016
  6
CONTINUOUS
 10
1.13981
 20
6.26380
 30
 0
 11
1.13979
 21
6.26482
  0
LINE
  8
Gravur
 62
   255
 39
0.016
  6
CONTINUOUS
 10
1.13979
 20
6.26482
 30
 0
 11
1.13979
 21
6.26482
  0
LINE
  8
Gravur
 62
   255
 39
0.016
  6
CONTINUOUS
 10
1.13979
 20
6.26482
 30
 0
 11
1.14000
 21
6.27450
  0
LINE
  8
Gravur
 62
   255
 39
0.016
  6
CONTINUOUS
 10
1.14000
 20
6.27450
 30
 0
 11
1.14012
 21
6.27641
  0
LINE
  8
Gravur
 62
   255
 39
0.016
  6
CONTINUOUS
 10
1.14012
 20
6.27641
 30
 0
 11
1.14038
 21
6.28002
  0
LINE
  8
Gravur
 62
   255
 39
0.016
  6
CONTINUOUS
 10
1.14038
 20
6.28002
 30
 0
 11
1.14044
 21
6.28075
  0
LINE
  8
Gravur
 62
   255
 39
0.016
  6
CONTINUOUS
 10
1.14044
 20
6.28075
 30
 0
 11
1.14044
 21
6.28075
  0
LINE
  8
Gravur
 62
   255
 39
0.016
  6
CONTINUOUS
 10
1.14044
 20
6.28075
 30
 0
 11
1.14106
 21
6.28677
  0
LINE
  8
Gravur
 62
   255
 39
0.016
  6
CONTINUOUS
 10
1.14106
 20
6.28677
 30
 0
 11
1.14135
 21
6.28876
  0
LINE
  8
Gravur
 62
   255
 39
0.016
  6
CONTINUOUS
 10
1.14135
 20
6.28876
 30
 0
 11
1.14135
 21
6.28876
  0
LINE
  8
Gravur
 62
   255
 39
0.016
  6
CONTINUOUS
 10
1.14135
 20
6.28876
 30
 0
 11
1.14206
 21
6.29255
  0
LINE
  8
Gravur
 62
   255
 39
0.016
  6
CONTINUOUS
 10
1.14206
 20
6.29255
 30
 0
 11
1.14304
 21
6.29629
  0
LINE
  8
Gravur
 62
   255
 39
0.016
  6
CONTINUOUS
 10
1.14304
 20
6.29629
 30
 0
 11
1.14327
 21
6.29701
  0
LINE
  8
Gravur
 62
   255
 39
0.016
  6
CONTINUOUS
 10
1.14327
 20
6.29701
 30
 0
 11
1.14351
 21
6.29773
  0
LINE
  8
Gravur
 62
   255
 39
0.016
  6
CONTINUOUS
 10
1.14351
 20
6.29773
 30
 0
 11
1.14351
 21
6.29773
  0
LINE
  8
Gravur
 62
   255
 39
0.016
  6
CONTINUOUS
 10
1.14351
 20
6.29773
 30
 0
 11
1.14586
 21
6.30328
  0
LINE
  8
Gravur
 62
   255
 39
0.016
  6
CONTINUOUS
 10
1.14586
 20
6.30328
 30
 0
 11
1.14915
 21
6.30822
  0
LINE
  8
Gravur
 62
   255
 39
0.016
  6
CONTINUOUS
 10
1.14915
 20
6.30822
 30
 0
 11
1.14915
 21
6.30822
  0
LINE
  8
Gravur
 62
   255
 39
0.016
  6
CONTINUOUS
 10
1.14915
 20
6.30822
 30
 0
 11
1.15215
 21
6.31114
  0
LINE
  8
Gravur
 62
   255
 39
0.016
  6
CONTINUOUS
 10
1.15215
 20
6.31114
 30
 0
 11
1.15577
 21
6.31347
  0
LINE
  8
Gravur
 62
   255
 39
0.016
  6
CONTINUOUS
 10
1.15577
 20
6.31347
 30
 0
 11
1.16147
 21
6.31536
  0
LINE
  8
Gravur
 62
   255
 39
0.016
  6
CONTINUOUS
 10
1.16147
 20
6.31536
 30
 0
 11
1.16212
 21
6.31548
  0
LINE
  8
Gravur
 62
   255
 39
0.016
  6
CONTINUOUS
 10
1.16212
 20
6.31548
 30
 0
 11
1.16212
 21
6.31548
  0
LINE
  8
Gravur
 62
   255
 39
0.016
  6
CONTINUOUS
 10
1.16212
 20
6.31548
 30
 0
 11
1.16984
 21
6.31594
  0
LINE
  8
Gravur
 62
   255
 39
0.016
  6
CONTINUOUS
 10
1.16984
 20
6.31594
 30
 0
 11
1.17141
 21
6.31590
  0
LINE
  8
Gravur
 62
   255
 39
0.016
  6
CONTINUOUS
 10
1.17141
 20
6.31590
 30
 0
 11
1.17170
 21
6.31589
  0
LINE
  8
Gravur
 62
   255
 39
0.016
  6
CONTINUOUS
 10
1.17170
 20
6.31589
 30
 0
 11
1.17200
 21
6.31587
  0
LINE
  8
Gravur
 62
   255
 39
0.016
  6
CONTINUOUS
 10
1.17200
 20
6.31587
 30
 0
 11
1.17200
 21
6.31587
  0
LINE
  8
Gravur
 62
   255
 39
0.016
  6
CONTINUOUS
 10
1.17200
 20
6.31587
 30
 0
 11
1.17534
 21
6.31537
  0
LINE
  8
Gravur
 62
   255
 39
0.016
  6
CONTINUOUS
 10
1.17534
 20
6.31537
 30
 0
 11
1.17860
 21
6.31441
  0
LINE
  8
Gravur
 62
   255
 39
0.016
  6
CONTINUOUS
 10
1.17860
 20
6.31441
 30
 0
 11
1.17860
 21
6.31441
  0
LINE
  8
Gravur
 62
   255
 39
0.016
  6
CONTINUOUS
 10
1.17860
 20
6.31441
 30
 0
 11
1.18127
 21
6.31341
  0
LINE
  8
Gravur
 62
   255
 39
0.016
  6
CONTINUOUS
 10
1.18127
 20
6.31341
 30
 0
 11
1.18386
 21
6.31233
  0
LINE
  8
Gravur
 62
   255
 39
0.016
  6
CONTINUOUS
 10
1.25048
 20
6.22063
 30
 0
 11
1.22119
 21
6.22063
  0
LINE
  8
Gravur
 62
   255
 39
0.016
  6
CONTINUOUS
 10
1.22119
 20
6.22063
 30
 0
 11
1.21364
 21
6.22063
  0
LINE
  8
Gravur
 62
   255
 39
0.016
  6
CONTINUOUS
 10
1.21364
 20
6.22063
 30
 0
 11
1.21095
 21
6.22078
  0
LINE
  8
Gravur
 62
   255
 39
0.016
  6
CONTINUOUS
 10
1.21095
 20
6.22078
 30
 0
 11
1.21073
 21
6.22195
  0
LINE
  8
Gravur
 62
   255
 39
0.016
  6
CONTINUOUS
 10
1.21073
 20
6.22195
 30
 0
 11
1.21073
 21
6.22526
  0
LINE
  8
Gravur
 62
   255
 39
0.016
  6
CONTINUOUS
 10
1.21073
 20
6.22526
 30
 0
 11
1.21073
 21
6.23891
  0
LINE
  8
Gravur
 62
   255
 39
0.016
  6
CONTINUOUS
 10
1.21073
 20
6.23891
 30
 0
 11
1.21073
 21
6.29430
  0
LINE
  8
Gravur
 62
   255
 39
0.016
  6
CONTINUOUS
 10
1.21073
 20
6.29430
 30
 0
 11
1.21073
 21
6.30954
  0
LINE
  8
Gravur
 62
   255
 39
0.016
  6
CONTINUOUS
 10
1.21073
 20
6.30954
 30
 0
 11
1.21073
 21
6.31325
  0
LINE
  8
Gravur
 62
   255
 39
0.016
  6
CONTINUOUS
 10
1.21073
 20
6.31325
 30
 0
 11
1.21095
 21
6.31456
  0
LINE
  8
Gravur
 62
   255
 39
0.016
  6
CONTINUOUS
 10
1.21095
 20
6.31456
 30
 0
 11
1.21364
 21
6.31471
  0
LINE
  8
Gravur
 62
   255
 39
0.016
  6
CONTINUOUS
 10
1.21364
 20
6.31471
 30
 0
 11
1.22119
 21
6.31471
  0
LINE
  8
Gravur
 62
   255
 39
0.016
  6
CONTINUOUS
 10
1.22119
 20
6.31471
 30
 0
 11
1.25048
 21
6.31471
  0
LINE
  8
Gravur
 62
   255
 39
0.016
  6
CONTINUOUS
 10
1.21086
 20
6.27231
 30
 0
 11
1.24915
 21
6.27231
  0
LINE
  8
Gravur
 62
   255
 39
0.016
  6
CONTINUOUS
 10
1.31670
 20
6.31471
 30
 0
 11
1.31670
 21
6.24329
  0
LINE
  8
Gravur
 62
   255
 39
0.016
  6
CONTINUOUS
 10
1.31670
 20
6.24329
 30
 0
 11
1.31670
 21
6.22619
  0
LINE
  8
Gravur
 62
   255
 39
0.016
  6
CONTINUOUS
 10
1.31670
 20
6.22619
 30
 0
 11
1.31677
 21
6.22426
  0
LINE
  8
Gravur
 62
   255
 39
0.016
  6
CONTINUOUS
 10
1.31677
 20
6.22426
 30
 0
 11
1.31677
 21
6.22392
  0
LINE
  8
Gravur
 62
   255
 39
0.016
  6
CONTINUOUS
 10
1.31677
 20
6.22392
 30
 0
 11
1.31677
 21
6.22392
  0
LINE
  8
Gravur
 62
   255
 39
0.016
  6
CONTINUOUS
 10
1.31677
 20
6.22392
 30
 0
 11
1.31638
 21
6.22185
  0
LINE
  8
Gravur
 62
   255
 39
0.016
  6
CONTINUOUS
 10
1.31638
 20
6.22185
 30
 0
 11
1.31603
 21
6.22147
  0
LINE
  8
Gravur
 62
   255
 39
0.016
  6
CONTINUOUS
 10
1.31603
 20
6.22147
 30
 0
 11
1.31603
 21
6.22147
  0
LINE
  8
Gravur
 62
   255
 39
0.016
  6
CONTINUOUS
 10
1.31603
 20
6.22147
 30
 0
 11
1.31553
 21
6.22137
  0
LINE
  8
Gravur
 62
   255
 39
0.016
  6
CONTINUOUS
 10
1.31553
 20
6.22137
 30
 0
 11
1.31485
 21
6.22160
  0
LINE
  8
Gravur
 62
   255
 39
0.016
  6
CONTINUOUS
 10
1.31485
 20
6.22160
 30
 0
 11
1.31324
 21
6.22392
  0
LINE
  8
Gravur
 62
   255
 39
0.016
  6
CONTINUOUS
 10
1.31324
 20
6.22392
 30
 0
 11
1.31314
 21
6.22419
  0
LINE
  8
Gravur
 62
   255
 39
0.016
  6
CONTINUOUS
 10
1.31314
 20
6.22419
 30
 0
 11
1.31314
 21
6.22419
  0
LINE
  8
Gravur
 62
   255
 39
0.016
  6
CONTINUOUS
 10
1.31314
 20
6.22419
 30
 0
 11
1.31245
 21
6.22625
  0
LINE
  8
Gravur
 62
   255
 39
0.016
  6
CONTINUOUS
 10
1.31245
 20
6.22625
 30
 0
 11
1.31233
 21
6.22659
  0
LINE
  8
Gravur
 62
   255
 39
0.016
  6
CONTINUOUS
 10
1.31233
 20
6.22659
 30
 0
 11
1.30697
 21
6.24024
  0
LINE
  8
Gravur
 62
   255
 39
0.016
  6
CONTINUOUS
 10
1.30697
 20
6.24024
 30
 0
 11
1.29734
 21
6.26501
  0
LINE
  8
Gravur
 62
   255
 39
0.016
  6
CONTINUOUS
 10
1.29734
 20
6.26501
 30
 0
 11
1.29645
 21
6.26726
  0
LINE
  8
Gravur
 62
   255
 39
0.016
  6
CONTINUOUS
 10
1.29645
 20
6.26726
 30
 0
 11
1.29645
 21
6.26726
  0
LINE
  8
Gravur
 62
   255
 39
0.016
  6
CONTINUOUS
 10
1.29645
 20
6.26726
 30
 0
 11
1.28795
 21
6.28859
  0
LINE
  8
Gravur
 62
   255
 39
0.016
  6
CONTINUOUS
 10
1.28795
 20
6.28859
 30
 0
 11
1.28625
 21
6.29285
  0
LINE
  8
Gravur
 62
   255
 39
0.016
  6
CONTINUOUS
 10
1.28625
 20
6.29285
 30
 0
 11
1.27973
 21
6.30941
  0
LINE
  8
Gravur
 62
   255
 39
0.016
  6
CONTINUOUS
 10
1.27973
 20
6.30941
 30
 0
 11
1.27899
 21
6.31154
  0
LINE
  8
Gravur
 62
   255
 39
0.016
  6
CONTINUOUS
 10
1.27899
 20
6.31154
 30
 0
 11
1.27889
 21
6.31181
  0
LINE
  8
Gravur
 62
   255
 39
0.016
  6
CONTINUOUS
 10
1.27889
 20
6.31181
 30
 0
 11
1.27889
 21
6.31181
  0
LINE
  8
Gravur
 62
   255
 39
0.016
  6
CONTINUOUS
 10
1.27889
 20
6.31181
 30
 0
 11
1.27753
 21
6.31384
  0
LINE
  8
Gravur
 62
   255
 39
0.016
  6
CONTINUOUS
 10
1.27753
 20
6.31384
 30
 0
 11
1.27716
 21
6.31404
  0
LINE
  8
Gravur
 62
   255
 39
0.016
  6
CONTINUOUS
 10
1.27716
 20
6.31404
 30
 0
 11
1.27716
 21
6.31404
  0
LINE
  8
Gravur
 62
   255
 39
0.016
  6
CONTINUOUS
 10
1.27716
 20
6.31404
 30
 0
 11
1.27680
 21
6.31412
  0
LINE
  8
Gravur
 62
   255
 39
0.016
  6
CONTINUOUS
 10
1.27680
 20
6.31412
 30
 0
 11
1.27642
 21
6.31411
  0
LINE
  8
Gravur
 62
   255
 39
0.016
  6
CONTINUOUS
 10
1.27642
 20
6.31411
 30
 0
 11
1.27597
 21
6.31389
  0
LINE
  8
Gravur
 62
   255
 39
0.016
  6
CONTINUOUS
 10
1.27597
 20
6.31389
 30
 0
 11
1.27592
 21
6.31384
  0
LINE
  8
Gravur
 62
   255
 39
0.016
  6
CONTINUOUS
 10
1.27592
 20
6.31384
 30
 0
 11
1.27592
 21
6.31384
  0
LINE
  8
Gravur
 62
   255
 39
0.016
  6
CONTINUOUS
 10
1.27592
 20
6.31384
 30
 0
 11
1.27568
 21
6.31334
  0
LINE
  8
Gravur
 62
   255
 39
0.016
  6
CONTINUOUS
 10
1.27568
 20
6.31334
 30
 0
 11
1.27565
 21
6.31315
  0
LINE
  8
Gravur
 62
   255
 39
0.016
  6
CONTINUOUS
 10
1.27565
 20
6.31315
 30
 0
 11
1.27565
 21
6.31315
  0
LINE
  8
Gravur
 62
   255
 39
0.016
  6
CONTINUOUS
 10
1.27565
 20
6.31315
 30
 0
 11
1.27563
 21
6.31300
  0
LINE
  8
Gravur
 62
   255
 39
0.016
  6
CONTINUOUS
 10
1.27563
 20
6.31300
 30
 0
 11
1.27562
 21
6.31286
  0
LINE
  8
Gravur
 62
   255
 39
0.016
  6
CONTINUOUS
 10
1.27562
 20
6.31286
 30
 0
 11
1.27562
 21
6.30888
  0
LINE
  8
Gravur
 62
   255
 39
0.016
  6
CONTINUOUS
 10
1.27562
 20
6.30888
 30
 0
 11
1.27562
 21
6.29218
  0
LINE
  8
Gravur
 62
   255
 39
0.016
  6
CONTINUOUS
 10
1.27562
 20
6.29218
 30
 0
 11
1.27562
 21
6.22076
  0
LINE
  8
Gravur
 62
   255
 39
0.016
  6
CONTINUOUS
 10
0.12457
 20
8.75016
 30
 0
 11
0.12503
 21
-0.03724
  0
LINE
  8
Gravur
 62
   255
 39
0.016
  6
CONTINUOUS
 10
4.13910
 20
8.76850
 30
 0
 11
4.13956
 21
-0.01890
  0
LINE
  8
Gravur
 62
   255
 39
0.016
  6
CONTINUOUS
 10
2.51704
 20
1.58270
 30
 0
 11
2.51704
 21
1.48875
  0
LINE
  8
Gravur
 62
   255
 39
0.016
  6
CONTINUOUS
 10
2.55945
 20
1.58270
 30
 0
 11
2.55945
 21
1.48875
  0
LINE
  8
Gravur
 62
   255
 39
0.016
  6
CONTINUOUS
 10
2.51718
 20
1.54030
 30
 0
 11
2.55932
 21
1.54030
  0
LINE
  8
Gravur
 62
   255
 39
0.016
  6
CONTINUOUS
 10
2.62140
 20
1.52185
 30
 0
 11
2.61361
 21
1.52175
  0
LINE
  8
Gravur
 62
   255
 39
0.016
  6
CONTINUOUS
 10
2.61361
 20
1.52175
 30
 0
 11
2.59532
 21
1.52175
  0
LINE
  8
Gravur
 62
   255
 39
0.016
  6
CONTINUOUS
 10
2.59532
 20
1.52175
 30
 0
 11
2.58949
 21
1.52175
  0
LINE
  8
Gravur
 62
   255
 39
0.016
  6
CONTINUOUS
 10
2.58949
 20
1.52175
 30
 0
 11
2.58716
 21
1.52174
  0
LINE
  8
Gravur
 62
   255
 39
0.016
  6
CONTINUOUS
 10
2.58716
 20
1.52174
 30
 0
 11
2.58801
 21
1.52532
  0
LINE
  8
Gravur
 62
   255
 39
0.016
  6
CONTINUOUS
 10
2.58801
 20
1.52532
 30
 0
 11
2.58984
 21
1.53221
  0
LINE
  8
Gravur
 62
   255
 39
0.016
  6
CONTINUOUS
 10
2.58984
 20
1.53221
 30
 0
 11
2.59278
 21
1.54321
  0
LINE
  8
Gravur
 62
   255
 39
0.016
  6
CONTINUOUS
 10
2.59278
 20
1.54321
 30
 0
 11
2.59311
 21
1.54443
  0
LINE
  8
Gravur
 62
   255
 39
0.016
  6
CONTINUOUS
 10
2.59311
 20
1.54443
 30
 0
 11
2.59311
 21
1.54443
  0
LINE
  8
Gravur
 62
   255
 39
0.016
  6
CONTINUOUS
 10
2.59311
 20
1.54443
 30
 0
 11
2.59632
 21
1.55644
  0
LINE
  8
Gravur
 62
   255
 39
0.016
  6
CONTINUOUS
 10
2.59632
 20
1.55644
 30
 0
 11
2.59693
 21
1.55885
  0
LINE
  8
Gravur
 62
   255
 39
0.016
  6
CONTINUOUS
 10
2.59693
 20
1.55885
 30
 0
 11
2.60176
 21
1.57700
  0
LINE
  8
Gravur
 62
   255
 39
0.016
  6
CONTINUOUS
 10
2.60176
 20
1.57700
 30
 0
 11
2.60289
 21
1.58125
  0
LINE
  8
Gravur
 62
   255
 39
0.016
  6
CONTINUOUS
 10
2.60289
 20
1.58125
 30
 0
 11
2.60297
 21
1.58156
  0
LINE
  8
Gravur
 62
   255
 39
0.016
  6
CONTINUOUS
 10
2.60297
 20
1.58156
 30
 0
 11
2.60298
 21
1.58163
  0
LINE
  8
Gravur
 62
   255
 39
0.016
  6
CONTINUOUS
 10
2.60298
 20
1.58163
 30
 0
 11
2.60298
 21
1.58163
  0
LINE
  8
Gravur
 62
   255
 39
0.016
  6
CONTINUOUS
 10
2.60298
 20
1.58163
 30
 0
 11
2.60320
 21
1.58224
  0
LINE
  8
Gravur
 62
   255
 39
0.016
  6
CONTINUOUS
 10
2.60320
 20
1.58224
 30
 0
 11
2.60332
 21
1.58240
  0
LINE
  8
Gravur
 62
   255
 39
0.016
  6
CONTINUOUS
 10
2.60332
 20
1.58240
 30
 0
 11
2.60332
 21
1.58240
  0
LINE
  8
Gravur
 62
   255
 39
0.016
  6
CONTINUOUS
 10
2.60332
 20
1.58240
 30
 0
 11
2.60353
 21
1.58257
  0
LINE
  8
Gravur
 62
   255
 39
0.016
  6
CONTINUOUS
 10
2.60353
 20
1.58257
 30
 0
 11
2.60381
 21
1.58267
  0
LINE
  8
Gravur
 62
   255
 39
0.016
  6
CONTINUOUS
 10
2.60381
 20
1.58267
 30
 0
 11
2.60513
 21
1.58253
  0
LINE
  8
Gravur
 62
   255
 39
0.016
  6
CONTINUOUS
 10
2.60513
 20
1.58253
 30
 0
 11
2.60532
 21
1.58240
  0
LINE
  8
Gravur
 62
   255
 39
0.016
  6
CONTINUOUS
 10
2.60532
 20
1.58240
 30
 0
 11
2.60532
 21
1.58240
  0
LINE
  8
Gravur
 62
   255
 39
0.016
  6
CONTINUOUS
 10
2.60532
 20
1.58240
 30
 0
 11
2.60633
 21
1.58061
  0
LINE
  8
Gravur
 62
   255
 39
0.016
  6
CONTINUOUS
 10
2.60633
 20
1.58061
 30
 0
 11
2.60651
 21
1.57984
  0
LINE
  8
Gravur
 62
   255
 39
0.016
  6
CONTINUOUS
 10
2.60651
 20
1.57984
 30
 0
 11
2.60651
 21
1.57984
  0
LINE
  8
Gravur
 62
   255
 39
0.016
  6
CONTINUOUS
 10
2.60651
 20
1.57984
 30
 0
 11
2.60671
 21
1.57884
  0
LINE
  8
Gravur
 62
   255
 39
0.016
  6
CONTINUOUS
 10
2.60671
 20
1.57884
 30
 0
 11
2.60691
 21
1.57793
  0
LINE
  8
Gravur
 62
   255
 39
0.016
  6
CONTINUOUS
 10
2.60691
 20
1.57793
 30
 0
 11
2.61141
 21
1.56097
  0
LINE
  8
Gravur
 62
   255
 39
0.016
  6
CONTINUOUS
 10
2.61141
 20
1.56097
 30
 0
 11
2.61982
 21
1.52917
  0
LINE
  8
Gravur
 62
   255
 39
0.016
  6
CONTINUOUS
 10
2.61982
 20
1.52917
 30
 0
 11
2.62039
 21
1.52664
  0
LINE
  8
Gravur
 62
   255
 39
0.016
  6
CONTINUOUS
 10
2.62039
 20
1.52664
 30
 0
 11
2.62045
 21
1.52636
  0
LINE
  8
Gravur
 62
   255
 39
0.016
  6
CONTINUOUS
 10
2.62045
 20
1.52636
 30
 0
 11
2.62045
 21
1.52636
  0
LINE
  8
Gravur
 62
   255
 39
0.016
  6
CONTINUOUS
 10
2.62045
 20
1.52636
 30
 0
 11
2.62117
 21
1.52296
  0
LINE
  8
Gravur
 62
   255
 39
0.016
  6
CONTINUOUS
 10
2.62117
 20
1.52296
 30
 0
 11
2.62135
 21
1.52230
  0
LINE
  8
Gravur
 62
   255
 39
0.016
  6
CONTINUOUS
 10
2.62135
 20
1.52230
 30
 0
 11
2.62409
 21
1.51300
  0
LINE
  8
Gravur
 62
   255
 39
0.016
  6
CONTINUOUS
 10
2.62409
 20
1.51300
 30
 0
 11
2.62843
 21
1.49657
  0
LINE
  8
Gravur
 62
   255
 39
0.016
  6
CONTINUOUS
 10
2.62843
 20
1.49657
 30
 0
 11
2.62925
 21
1.49327
  0
LINE
  8
Gravur
 62
   255
 39
0.016
  6
CONTINUOUS
 10
2.62925
 20
1.49327
 30
 0
 11
2.62934
 21
1.49290
  0
LINE
  8
Gravur
 62
   255
 39
0.016
  6
CONTINUOUS
 10
2.62934
 20
1.49290
 30
 0
 11
2.62934
 21
1.49290
  0
LINE
  8
Gravur
 62
   255
 39
0.016
  6
CONTINUOUS
 10
2.62934
 20
1.49290
 30
 0
 11
2.63033
 21
1.48931
  0
LINE
  8
Gravur
 62
   255
 39
0.016
  6
CONTINUOUS
 10
2.63033
 20
1.48931
 30
 0
 11
2.63057
 21
1.48862
  0
LINE
  8
Gravur
 62
   255
 39
0.016
  6
CONTINUOUS
 10
2.58714
 20
1.52176
 30
 0
 11
2.58616
 21
1.51830
  0
LINE
  8
Gravur
 62
   255
 39
0.016
  6
CONTINUOUS
 10
2.58616
 20
1.51830
 30
 0
 11
2.58447
 21
1.51194
  0
LINE
  8
Gravur
 62
   255
 39
0.016
  6
CONTINUOUS
 10
2.58447
 20
1.51194
 30
 0
 11
2.58046
 21
1.49670
  0
LINE
  8
Gravur
 62
   255
 39
0.016
  6
CONTINUOUS
 10
2.58046
 20
1.49670
 30
 0
 11
2.57836
 21
1.48862
  0
LINE
  8
Gravur
 62
   255
 39
0.016
  6
CONTINUOUS
 10
2.65147
 20
1.48875
 30
 0
 11
2.65147
 21
1.55381
  0
LINE
  8
Gravur
 62
   255
 39
0.016
  6
CONTINUOUS
 10
2.65147
 20
1.55381
 30
 0
 11
2.65147
 21
1.57356
  0
LINE
  8
Gravur
 62
   255
 39
0.016
  6
CONTINUOUS
 10
2.65147
 20
1.57356
 30
 0
 11
2.65147
 21
1.57952
  0
LINE
  8
Gravur
 62
   255
 39
0.016
  6
CONTINUOUS
 10
2.65147
 20
1.57952
 30
 0
 11
2.65142
 21
1.58068
  0
LINE
  8
Gravur
 62
   255
 39
0.016
  6
CONTINUOUS
 10
2.65142
 20
1.58068
 30
 0
 11
2.65141
 21
1.58081
  0
LINE
  8
Gravur
 62
   255
 39
0.016
  6
CONTINUOUS
 10
2.65141
 20
1.58081
 30
 0
 11
2.65141
 21
1.58081
  0
LINE
  8
Gravur
 62
   255
 39
0.016
  6
CONTINUOUS
 10
2.65141
 20
1.58081
 30
 0
 11
2.65147
 21
1.58206
  0
LINE
  8
Gravur
 62
   255
 39
0.016
  6
CONTINUOUS
 10
2.65147
 20
1.58206
 30
 0
 11
2.65153
 21
1.58228
  0
LINE
  8
Gravur
 62
   255
 39
0.016
  6
CONTINUOUS
 10
2.65153
 20
1.58228
 30
 0
 11
2.65155
 21
1.58236
  0
LINE
  8
Gravur
 62
   255
 39
0.016
  6
CONTINUOUS
 10
2.65155
 20
1.58236
 30
 0
 11
2.65159
 21
1.58242
  0
LINE
  8
Gravur
 62
   255
 39
0.016
  6
CONTINUOUS
 10
2.65159
 20
1.58242
 30
 0
 11
2.65159
 21
1.58242
  0
LINE
  8
Gravur
 62
   255
 39
0.016
  6
CONTINUOUS
 10
2.65159
 20
1.58242
 30
 0
 11
2.65211
 21
1.58282
  0
LINE
  8
Gravur
 62
   255
 39
0.016
  6
CONTINUOUS
 10
2.65211
 20
1.58282
 30
 0
 11
2.65290
 21
1.58302
  0
LINE
  8
Gravur
 62
   255
 39
0.016
  6
CONTINUOUS
 10
2.65290
 20
1.58302
 30
 0
 11
2.65290
 21
1.58302
  0
LINE
  8
Gravur
 62
   255
 39
0.016
  6
CONTINUOUS
 10
2.65290
 20
1.58302
 30
 0
 11
2.65358
 21
1.58310
  0
LINE
  8
Gravur
 62
   255
 39
0.016
  6
CONTINUOUS
 10
2.65358
 20
1.58310
 30
 0
 11
2.65412
 21
1.58315
  0
LINE
  8
Gravur
 62
   255
 39
0.016
  6
CONTINUOUS
 10
2.65412
 20
1.58315
 30
 0
 11
2.65833
 21
1.58363
  0
LINE
  8
Gravur
 62
   255
 39
0.016
  6
CONTINUOUS
 10
2.65833
 20
1.58363
 30
 0
 11
2.65871
 21
1.58366
  0
LINE
  8
Gravur
 62
   255
 39
0.016
  6
CONTINUOUS
 10
2.65871
 20
1.58366
 30
 0
 11
2.65871
 21
1.58366
  0
LINE
  8
Gravur
 62
   255
 39
0.016
  6
CONTINUOUS
 10
2.65871
 20
1.58366
 30
 0
 11
2.66009
 21
1.58376
  0
LINE
  8
Gravur
 62
   255
 39
0.016
  6
CONTINUOUS
 10
2.66009
 20
1.58376
 30
 0
 11
2.66055
 21
1.58380
  0
LINE
  8
Gravur
 62
   255
 39
0.016
  6
CONTINUOUS
 10
2.66055
 20
1.58380
 30
 0
 11
2.66055
 21
1.58380
  0
LINE
  8
Gravur
 62
   255
 39
0.016
  6
CONTINUOUS
 10
2.66055
 20
1.58380
 30
 0
 11
2.66138
 21
1.58385
  0
LINE
  8
Gravur
 62
   255
 39
0.016
  6
CONTINUOUS
 10
2.66138
 20
1.58385
 30
 0
 11
2.66221
 21
1.58391
  0
LINE
  8
Gravur
 62
   255
 39
0.016
  6
CONTINUOUS
 10
2.66221
 20
1.58391
 30
 0
 11
2.67167
 21
1.58385
  0
LINE
  8
Gravur
 62
   255
 39
0.016
  6
CONTINUOUS
 10
2.67167
 20
1.58385
 30
 0
 11
2.67305
 21
1.58370
  0
LINE
  8
Gravur
 62
   255
 39
0.016
  6
CONTINUOUS
 10
2.67305
 20
1.58370
 30
 0
 11
2.67305
 21
1.58370
  0
LINE
  8
Gravur
 62
   255
 39
0.016
  6
CONTINUOUS
 10
2.67305
 20
1.58370
 30
 0
 11
2.67671
 21
1.58308
  0
LINE
  8
Gravur
 62
   255
 39
0.016
  6
CONTINUOUS
 10
2.67671
 20
1.58308
 30
 0
 11
2.68024
 21
1.58209
  0
LINE
  8
Gravur
 62
   255
 39
0.016
  6
CONTINUOUS
 10
2.68024
 20
1.58209
 30
 0
 11
2.68354
 21
1.58067
  0
LINE
  8
Gravur
 62
   255
 39
0.016
  6
CONTINUOUS
 10
2.68354
 20
1.58067
 30
 0
 11
2.68651
 21
1.57877
  0
LINE
  8
Gravur
 62
   255
 39
0.016
  6
CONTINUOUS
 10
2.68651
 20
1.57877
 30
 0
 11
2.68651
 21
1.57877
  0
LINE
  8
Gravur
 62
   255
 39
0.016
  6
CONTINUOUS
 10
2.68651
 20
1.57877
 30
 0
 11
2.68943
 21
1.57590
  0
LINE
  8
Gravur
 62
   255
 39
0.016
  6
CONTINUOUS
 10
2.68943
 20
1.57590
 30
 0
 11
2.69164
 21
1.57223
  0
LINE
  8
Gravur
 62
   255
 39
0.016
  6
CONTINUOUS
 10
2.69164
 20
1.57223
 30
 0
 11
2.69264
 21
1.56943
  0
LINE
  8
Gravur
 62
   255
 39
0.016
  6
CONTINUOUS
 10
2.69264
 20
1.56943
 30
 0
 11
2.69273
 21
1.56911
  0
LINE
  8
Gravur
 62
   255
 39
0.016
  6
CONTINUOUS
 10
2.69273
 20
1.56911
 30
 0
 11
2.69273
 21
1.56911
  0
LINE
  8
Gravur
 62
   255
 39
0.016
  6
CONTINUOUS
 10
2.69273
 20
1.56911
 30
 0
 11
2.69308
 21
1.56761
  0
LINE
  8
Gravur
 62
   255
 39
0.016
  6
CONTINUOUS
 10
2.69308
 20
1.56761
 30
 0
 11
2.69318
 21
1.56711
  0
LINE
  8
Gravur
 62
   255
 39
0.016
  6
CONTINUOUS
 10
2.69318
 20
1.56711
 30
 0
 11
2.69318
 21
1.56711
  0
LINE
  8
Gravur
 62
   255
 39
0.016
  6
CONTINUOUS
 10
2.69318
 20
1.56711
 30
 0
 11
2.69337
 21
1.56596
  0
LINE
  8
Gravur
 62
   255
 39
0.016
  6
CONTINUOUS
 10
2.69337
 20
1.56596
 30
 0
 11
2.69352
 21
1.56481
  0
LINE
  8
Gravur
 62
   255
 39
0.016
  6
CONTINUOUS
 10
2.69352
 20
1.56481
 30
 0
 11
2.69378
 21
1.55796
  0
LINE
  8
Gravur
 62
   255
 39
0.016
  6
CONTINUOUS
 10
2.69378
 20
1.55796
 30
 0
 11
2.69372
 21
1.55697
  0
LINE
  8
Gravur
 62
   255
 39
0.016
  6
CONTINUOUS
 10
2.69372
 20
1.55697
 30
 0
 11
2.69372
 21
1.55697
  0
LINE
  8
Gravur
 62
   255
 39
0.016
  6
CONTINUOUS
 10
2.69372
 20
1.55697
 30
 0
 11
2.69342
 21
1.55440
  0
LINE
  8
Gravur
 62
   255
 39
0.016
  6
CONTINUOUS
 10
2.69342
 20
1.55440
 30
 0
 11
2.69290
 21
1.55188
  0
LINE
  8
Gravur
 62
   255
 39
0.016
  6
CONTINUOUS
 10
2.69290
 20
1.55188
 30
 0
 11
2.69215
 21
1.54943
  0
LINE
  8
Gravur
 62
   255
 39
0.016
  6
CONTINUOUS
 10
2.69215
 20
1.54943
 30
 0
 11
2.69113
 21
1.54710
  0
LINE
  8
Gravur
 62
   255
 39
0.016
  6
CONTINUOUS
 10
2.69113
 20
1.54710
 30
 0
 11
2.69113
 21
1.54710
  0
LINE
  8
Gravur
 62
   255
 39
0.016
  6
CONTINUOUS
 10
2.69113
 20
1.54710
 30
 0
 11
2.68965
 21
1.54464
  0
LINE
  8
Gravur
 62
   255
 39
0.016
  6
CONTINUOUS
 10
2.68965
 20
1.54464
 30
 0
 11
2.68778
 21
1.54242
  0
LINE
  8
Gravur
 62
   255
 39
0.016
  6
CONTINUOUS
 10
2.68778
 20
1.54242
 30
 0
 11
2.68403
 21
1.53950
  0
LINE
  8
Gravur
 62
   255
 39
0.016
  6
CONTINUOUS
 10
2.68403
 20
1.53950
 30
 0
 11
2.68358
 21
1.53924
  0
LINE
  8
Gravur
 62
   255
 39
0.016
  6
CONTINUOUS
 10
2.68358
 20
1.53924
 30
 0
 11
2.68358
 21
1.53924
  0
LINE
  8
Gravur
 62
   255
 39
0.016
  6
CONTINUOUS
 10
2.68358
 20
1.53924
 30
 0
 11
2.67896
 21
1.53721
  0
LINE
  8
Gravur
 62
   255
 39
0.016
  6
CONTINUOUS
 10
2.67896
 20
1.53721
 30
 0
 11
2.67798
 21
1.53690
  0
LINE
  8
Gravur
 62
   255
 39
0.016
  6
CONTINUOUS
 10
2.67798
 20
1.53690
 30
 0
 11
2.67249
 21
1.53513
  0
LINE
  8
Gravur
 62
   255
 39
0.016
  6
CONTINUOUS
 10
2.67249
 20
1.53513
 30
 0
 11
2.67326
 21
1.53481
  0
LINE
  8
Gravur
 62
   255
 39
0.016
  6
CONTINUOUS
 10
2.67326
 20
1.53481
 30
 0
 11
2.67356
 21
1.53469
  0
LINE
  8
Gravur
 62
   255
 39
0.016
  6
CONTINUOUS
 10
2.67356
 20
1.53469
 30
 0
 11
2.67548
 21
1.53388
  0
LINE
  8
Gravur
 62
   255
 39
0.016
  6
CONTINUOUS
 10
2.67548
 20
1.53388
 30
 0
 11
2.67590
 21
1.53370
  0
LINE
  8
Gravur
 62
   255
 39
0.016
  6
CONTINUOUS
 10
2.67590
 20
1.53370
 30
 0
 11
2.67590
 21
1.53370
  0
LINE
  8
Gravur
 62
   255
 39
0.016
  6
CONTINUOUS
 10
2.67590
 20
1.53370
 30
 0
 11
2.67873
 21
1.53239
  0
LINE
  8
Gravur
 62
   255
 39
0.016
  6
CONTINUOUS
 10
2.67873
 20
1.53239
 30
 0
 11
2.67904
 21
1.53222
  0
LINE
  8
Gravur
 62
   255
 39
0.016
  6
CONTINUOUS
 10
2.67904
 20
1.53222
 30
 0
 11
2.68065
 21
1.53101
  0
LINE
  8
Gravur
 62
   255
 39
0.016
  6
CONTINUOUS
 10
2.68065
 20
1.53101
 30
 0
 11
2.68096
 21
1.53074
  0
LINE
  8
Gravur
 62
   255
 39
0.016
  6
CONTINUOUS
 10
2.68096
 20
1.53074
 30
 0
 11
2.68096
 21
1.53074
  0
LINE
  8
Gravur
 62
   255
 39
0.016
  6
CONTINUOUS
 10
2.68096
 20
1.53074
 30
 0
 11
2.68316
 21
1.52825
  0
LINE
  8
Gravur
 62
   255
 39
0.016
  6
CONTINUOUS
 10
2.68316
 20
1.52825
 30
 0
 11
2.68380
 21
1.52733
  0
LINE
  8
Gravur
 62
   255
 39
0.016
  6
CONTINUOUS
 10
2.68380
 20
1.52733
 30
 0
 11
2.68380
 21
1.52733
  0
LINE
  8
Gravur
 62
   255
 39
0.016
  6
CONTINUOUS
 10
2.68380
 20
1.52733
 30
 0
 11
2.68455
 21
1.52608
  0
LINE
  8
Gravur
 62
   255
 39
0.016
  6
CONTINUOUS
 10
2.68455
 20
1.52608
 30
 0
 11
2.68523
 21
1.52479
  0
LINE
  8
Gravur
 62
   255
 39
0.016
  6
CONTINUOUS
 10
2.68523
 20
1.52479
 30
 0
 11
2.68825
 21
1.51626
  0
LINE
  8
Gravur
 62
   255
 39
0.016
  6
CONTINUOUS
 10
2.68825
 20
1.51626
 30
 0
 11
2.68846
 21
1.51545
  0
LINE
  8
Gravur
 62
   255
 39
0.016
  6
CONTINUOUS
 10
2.68846
 20
1.51545
 30
 0
 11
2.68846
 21
1.51545
  0
LINE
  8
Gravur
 62
   255
 39
0.016
  6
CONTINUOUS
 10
2.68846
 20
1.51545
 30
 0
 11
2.69000
 21
1.50919
  0
LINE
  8
Gravur
 62
   255
 39
0.016
  6
CONTINUOUS
 10
2.69000
 20
1.50919
 30
 0
 11
2.69032
 21
1.50796
  0
LINE
  8
Gravur
 62
   255
 39
0.016
  6
CONTINUOUS
 10
2.69032
 20
1.50796
 30
 0
 11
2.69363
 21
1.49551
  0
LINE
  8
Gravur
 62
   255
 39
0.016
  6
CONTINUOUS
 10
2.69363
 20
1.49551
 30
 0
 11
2.69447
 21
1.49260
  0
LINE
  8
Gravur
 62
   255
 39
0.016
  6
CONTINUOUS
 10
2.69447
 20
1.49260
 30
 0
 11
2.69457
 21
1.49228
  0
LINE
  8
Gravur
 62
   255
 39
0.016
  6
CONTINUOUS
 10
2.69457
 20
1.49228
 30
 0
 11
2.69457
 21
1.49228
  0
LINE
  8
Gravur
 62
   255
 39
0.016
  6
CONTINUOUS
 10
2.69457
 20
1.49228
 30
 0
 11
2.69536
 21
1.48912
  0
LINE
  8
Gravur
 62
   255
 39
0.016
  6
CONTINUOUS
 10
2.69536
 20
1.48912
 30
 0
 11
2.69547
 21
1.48848
  0
LINE
  8
Gravur
 62
   255
 39
0.016
  6
CONTINUOUS
 10
2.65161
 20
1.53500
 30
 0
 11
2.67266
 21
1.53513
  0
LINE
  8
Gravur
 62
   255
 39
0.016
  6
CONTINUOUS
 10
2.72723
 20
1.58397
 30
 0
 11
2.73176
 21
1.58415
  0
LINE
  8
Gravur
 62
   255
 39
0.016
  6
CONTINUOUS
 10
2.73176
 20
1.58415
 30
 0
 11
2.73219
 21
1.58414
  0
LINE
  8
Gravur
 62
   255
 39
0.016
  6
CONTINUOUS
 10
2.73219
 20
1.58414
 30
 0
 11
2.73219
 21
1.58414
  0
LINE
  8
Gravur
 62
   255
 39
0.016
  6
CONTINUOUS
 10
2.73219
 20
1.58414
 30
 0
 11
2.73627
 21
1.58376
  0
LINE
  8
Gravur
 62
   255
 39
0.016
  6
CONTINUOUS
 10
2.73627
 20
1.58376
 30
 0
 11
2.73704
 21
1.58364
  0
LINE
  8
Gravur
 62
   255
 39
0.016
  6
CONTINUOUS
 10
2.73704
 20
1.58364
 30
 0
 11
2.74077
 21
1.58281
  0
LINE
  8
Gravur
 62
   255
 39
0.016
  6
CONTINUOUS
 10
2.74077
 20
1.58281
 30
 0
 11
2.74118
 21
1.58269
  0
LINE
  8
Gravur
 62
   255
 39
0.016
  6
CONTINUOUS
 10
2.74118
 20
1.58269
 30
 0
 11
2.74118
 21
1.58269
  0
LINE
  8
Gravur
 62
   255
 39
0.016
  6
CONTINUOUS
 10
2.74118
 20
1.58269
 30
 0
 11
2.74482
 21
1.58134
  0
LINE
  8
Gravur
 62
   255
 39
0.016
  6
CONTINUOUS
 10
2.74482
 20
1.58134
 30
 0
 11
2.74552
 21
1.58101
  0
LINE
  8
Gravur
 62
   255
 39
0.016
  6
CONTINUOUS
 10
2.74552
 20
1.58101
 30
 0
 11
2.75032
 21
1.57772
  0
LINE
  8
Gravur
 62
   255
 39
0.016
  6
CONTINUOUS
 10
2.75032
 20
1.57772
 30
 0
 11
2.75091
 21
1.57716
  0
LINE
  8
Gravur
 62
   255
 39
0.016
  6
CONTINUOUS
 10
2.75091
 20
1.57716
 30
 0
 11
2.75147
 21
1.57657
  0
LINE
  8
Gravur
 62
   255
 39
0.016
  6
CONTINUOUS
 10
2.75147
 20
1.57657
 30
 0
 11
2.75202
 21
1.57597
  0
LINE
  8
Gravur
 62
   255
 39
0.016
  6
CONTINUOUS
 10
2.75202
 20
1.57597
 30
 0
 11
2.75202
 21
1.57597
  0
LINE
  8
Gravur
 62
   255
 39
0.016
  6
CONTINUOUS
 10
2.75202
 20
1.57597
 30
 0
 11
2.75541
 21
1.57099
  0
LINE
  8
Gravur
 62
   255
 39
0.016
  6
CONTINUOUS
 10
2.75541
 20
1.57099
 30
 0
 11
2.75631
 21
1.56916
  0
LINE
  8
Gravur
 62
   255
 39
0.016
  6
CONTINUOUS
 10
2.75631
 20
1.56916
 30
 0
 11
2.75710
 21
1.56728
  0
LINE
  8
Gravur
 62
   255
 39
0.016
  6
CONTINUOUS
 10
2.75710
 20
1.56728
 30
 0
 11
2.75780
 21
1.56534
  0
LINE
  8
Gravur
 62
   255
 39
0.016
  6
CONTINUOUS
 10
2.75780
 20
1.56534
 30
 0
 11
2.76006
 21
1.55598
  0
LINE
  8
Gravur
 62
   255
 39
0.016
  6
CONTINUOUS
 10
2.76006
 20
1.55598
 30
 0
 11
2.76027
 21
1.55463
  0
LINE
  8
Gravur
 62
   255
 39
0.016
  6
CONTINUOUS
 10
2.76027
 20
1.55463
 30
 0
 11
2.76027
 21
1.55463
  0
LINE
  8
Gravur
 62
   255
 39
0.016
  6
CONTINUOUS
 10
2.76027
 20
1.55463
 30
 0
 11
2.76114
 21
1.54451
  0
LINE
  8
Gravur
 62
   255
 39
0.016
  6
CONTINUOUS
 10
2.76114
 20
1.54451
 30
 0
 11
2.76124
 21
1.54112
  0
LINE
  8
Gravur
 62
   255
 39
0.016
  6
CONTINUOUS
 10
2.76124
 20
1.54112
 30
 0
 11
2.76124
 21
1.54112
  0
LINE
  8
Gravur
 62
   255
 39
0.016
  6
CONTINUOUS
 10
2.76124
 20
1.54112
 30
 0
 11
2.76128
 21
1.53726
  0
LINE
  8
Gravur
 62
   255
 39
0.016
  6
CONTINUOUS
 10
2.76128
 20
1.53726
 30
 0
 11
2.76129
 21
1.53341
  0
LINE
  8
Gravur
 62
   255
 39
0.016
  6
CONTINUOUS
 10
2.76129
 20
1.53341
 30
 0
 11
2.76112
 21
1.52798
  0
LINE
  8
Gravur
 62
   255
 39
0.016
  6
CONTINUOUS
 10
2.76112
 20
1.52798
 30
 0
 11
2.76109
 21
1.52737
  0
LINE
  8
Gravur
 62
   255
 39
0.016
  6
CONTINUOUS
 10
2.76109
 20
1.52737
 30
 0
 11
2.76109
 21
1.52737
  0
LINE
  8
Gravur
 62
   255
 39
0.016
  6
CONTINUOUS
 10
2.76109
 20
1.52737
 30
 0
 11
2.76063
 21
1.52202
  0
LINE
  8
Gravur
 62
   255
 39
0.016
  6
CONTINUOUS
 10
2.76063
 20
1.52202
 30
 0
 11
2.76052
 21
1.52095
  0
LINE
  8
Gravur
 62
   255
 39
0.016
  6
CONTINUOUS
 10
2.76052
 20
1.52095
 30
 0
 11
2.75943
 21
1.51352
  0
LINE
  8
Gravur
 62
   255
 39
0.016
  6
CONTINUOUS
 10
2.75943
 20
1.51352
 30
 0
 11
2.75926
 21
1.51270
  0
LINE
  8
Gravur
 62
   255
 39
0.016
  6
CONTINUOUS
 10
2.75926
 20
1.51270
 30
 0
 11
2.75926
 21
1.51270
  0
LINE
  8
Gravur
 62
   255
 39
0.016
  6
CONTINUOUS
 10
2.75926
 20
1.51270
 30
 0
 11
2.75677
 21
1.50427
  0
LINE
  8
Gravur
 62
   255
 39
0.016
  6
CONTINUOUS
 10
2.75677
 20
1.50427
 30
 0
 11
2.75608
 21
1.50266
  0
LINE
  8
Gravur
 62
   255
 39
0.016
  6
CONTINUOUS
 10
2.75608
 20
1.50266
 30
 0
 11
2.75234
 21
1.49664
  0
LINE
  8
Gravur
 62
   255
 39
0.016
  6
CONTINUOUS
 10
2.75234
 20
1.49664
 30
 0
 11
2.75145
 21
1.49561
  0
LINE
  8
Gravur
 62
   255
 39
0.016
  6
CONTINUOUS
 10
2.75145
 20
1.49561
 30
 0
 11
2.74850
 21
1.49289
  0
LINE
  8
Gravur
 62
   255
 39
0.016
  6
CONTINUOUS
 10
2.74850
 20
1.49289
 30
 0
 11
2.74743
 21
1.49211
  0
LINE
  8
Gravur
 62
   255
 39
0.016
  6
CONTINUOUS
 10
2.74743
 20
1.49211
 30
 0
 11
2.74743
 21
1.49211
  0
LINE
  8
Gravur
 62
   255
 39
0.016
  6
CONTINUOUS
 10
2.74743
 20
1.49211
 30
 0
 11
2.74547
 21
1.49088
  0
LINE
  8
Gravur
 62
   255
 39
0.016
  6
CONTINUOUS
 10
2.74547
 20
1.49088
 30
 0
 11
2.74339
 21
1.48983
  0
LINE
  8
Gravur
 62
   255
 39
0.016
  6
CONTINUOUS
 10
2.74339
 20
1.48983
 30
 0
 11
2.74120
 21
1.48897
  0
LINE
  8
Gravur
 62
   255
 39
0.016
  6
CONTINUOUS
 10
2.74120
 20
1.48897
 30
 0
 11
2.73890
 21
1.48828
  0
LINE
  8
Gravur
 62
   255
 39
0.016
  6
CONTINUOUS
 10
2.73890
 20
1.48828
 30
 0
 11
2.73649
 21
1.48778
  0
LINE
  8
Gravur
 62
   255
 39
0.016
  6
CONTINUOUS
 10
2.73649
 20
1.48778
 30
 0
 11
2.73399
 21
1.48745
  0
LINE
  8
Gravur
 62
   255
 39
0.016
  6
CONTINUOUS
 10
2.73399
 20
1.48745
 30
 0
 11
2.72761
 21
1.48732
  0
LINE
  8
Gravur
 62
   255
 39
0.016
  6
CONTINUOUS
 10
2.72761
 20
1.48732
 30
 0
 11
2.72702
 21
1.48735
  0
LINE
  8
Gravur
 62
   255
 39
0.016
  6
CONTINUOUS
 10
2.72702
 20
1.48735
 30
 0
 11
2.72702
 21
1.48735
  0
LINE
  8
Gravur
 62
   255
 39
0.016
  6
CONTINUOUS
 10
2.72702
 20
1.48735
 30
 0
 11
2.72177
 21
1.48783
  0
LINE
  8
Gravur
 62
   255
 39
0.016
  6
CONTINUOUS
 10
2.72177
 20
1.48783
 30
 0
 11
2.72074
 21
1.48797
  0
LINE
  8
Gravur
 62
   255
 39
0.016
  6
CONTINUOUS
 10
2.72074
 20
1.48797
 30
 0
 11
2.71893
 21
1.48814
  0
LINE
  8
Gravur
 62
   255
 39
0.016
  6
CONTINUOUS
 10
2.71893
 20
1.48814
 30
 0
 11
2.71868
 21
1.48817
  0
LINE
  8
Gravur
 62
   255
 39
0.016
  6
CONTINUOUS
 10
2.71868
 20
1.48817
 30
 0
 11
2.71868
 21
1.48817
  0
LINE
  8
Gravur
 62
   255
 39
0.016
  6
CONTINUOUS
 10
2.71868
 20
1.48817
 30
 0
 11
2.71672
 21
1.48873
  0
LINE
  8
Gravur
 62
   255
 39
0.016
  6
CONTINUOUS
 10
2.71672
 20
1.48873
 30
 0
 11
2.71652
 21
1.48894
  0
LINE
  8
Gravur
 62
   255
 39
0.016
  6
CONTINUOUS
 10
2.71652
 20
1.48894
 30
 0
 11
2.71633
 21
1.48982
  0
LINE
  8
Gravur
 62
   255
 39
0.016
  6
CONTINUOUS
 10
2.71633
 20
1.48982
 30
 0
 11
2.71633
 21
1.48991
  0
LINE
  8
Gravur
 62
   255
 39
0.016
  6
CONTINUOUS
 10
2.71633
 20
1.48991
 30
 0
 11
2.71633
 21
1.48991
  0
LINE
  8
Gravur
 62
   255
 39
0.016
  6
CONTINUOUS
 10
2.71633
 20
1.48991
 30
 0
 11
2.71637
 21
1.49062
  0
LINE
  8
Gravur
 62
   255
 39
0.016
  6
CONTINUOUS
 10
2.71637
 20
1.49062
 30
 0
 11
2.71637
 21
1.49074
  0
LINE
  8
Gravur
 62
   255
 39
0.016
  6
CONTINUOUS
 10
2.71637
 20
1.49074
 30
 0
 11
2.71637
 21
1.49498
  0
LINE
  8
Gravur
 62
   255
 39
0.016
  6
CONTINUOUS
 10
2.71637
 20
1.49498
 30
 0
 11
2.71637
 21
1.51101
  0
LINE
  8
Gravur
 62
   255
 39
0.016
  6
CONTINUOUS
 10
2.71637
 20
1.51101
 30
 0
 11
2.71637
 21
1.56203
  0
LINE
  8
Gravur
 62
   255
 39
0.016
  6
CONTINUOUS
 10
2.71637
 20
1.56203
 30
 0
 11
2.71637
 21
1.57647
  0
LINE
  8
Gravur
 62
   255
 39
0.016
  6
CONTINUOUS
 10
2.71637
 20
1.57647
 30
 0
 11
2.71637
 21
1.58058
  0
LINE
  8
Gravur
 62
   255
 39
0.016
  6
CONTINUOUS
 10
2.71637
 20
1.58058
 30
 0
 11
2.71633
 21
1.58134
  0
LINE
  8
Gravur
 62
   255
 39
0.016
  6
CONTINUOUS
 10
2.71633
 20
1.58134
 30
 0
 11
2.71633
 21
1.58143
  0
LINE
  8
Gravur
 62
   255
 39
0.016
  6
CONTINUOUS
 10
2.71633
 20
1.58143
 30
 0
 11
2.71633
 21
1.58143
  0
LINE
  8
Gravur
 62
   255
 39
0.016
  6
CONTINUOUS
 10
2.71633
 20
1.58143
 30
 0
 11
2.71641
 21
1.58227
  0
LINE
  8
Gravur
 62
   255
 39
0.016
  6
CONTINUOUS
 10
2.71641
 20
1.58227
 30
 0
 11
2.71646
 21
1.58241
  0
LINE
  8
Gravur
 62
   255
 39
0.016
  6
CONTINUOUS
 10
2.71646
 20
1.58241
 30
 0
 11
2.71648
 21
1.58243
  0
LINE
  8
Gravur
 62
   255
 39
0.016
  6
CONTINUOUS
 10
2.71648
 20
1.58243
 30
 0
 11
2.71649
 21
1.58246
  0
LINE
  8
Gravur
 62
   255
 39
0.016
  6
CONTINUOUS
 10
2.71649
 20
1.58246
 30
 0
 11
2.71649
 21
1.58246
  0
LINE
  8
Gravur
 62
   255
 39
0.016
  6
CONTINUOUS
 10
2.71649
 20
1.58246
 30
 0
 11
2.71704
 21
1.58286
  0
LINE
  8
Gravur
 62
   255
 39
0.016
  6
CONTINUOUS
 10
2.71704
 20
1.58286
 30
 0
 11
2.71787
 21
1.58305
  0
LINE
  8
Gravur
 62
   255
 39
0.016
  6
CONTINUOUS
 10
2.71787
 20
1.58305
 30
 0
 11
2.71787
 21
1.58305
  0
LINE
  8
Gravur
 62
   255
 39
0.016
  6
CONTINUOUS
 10
2.71787
 20
1.58305
 30
 0
 11
2.71858
 21
1.58312
  0
LINE
  8
Gravur
 62
   255
 39
0.016
  6
CONTINUOUS
 10
2.71858
 20
1.58312
 30
 0
 11
2.71915
 21
1.58318
  0
LINE
  8
Gravur
 62
   255
 39
0.016
  6
CONTINUOUS
 10
2.71915
 20
1.58318
 30
 0
 11
2.72597
 21
1.58383
  0
LINE
  8
Gravur
 62
   255
 39
0.016
  6
CONTINUOUS
 10
2.72597
 20
1.58383
 30
 0
 11
2.72637
 21
1.58387
  0
LINE
  8
Gravur
 62
   255
 39
0.016
  6
CONTINUOUS
 10
2.72637
 20
1.58387
 30
 0
 11
2.72637
 21
1.58387
  0
LINE
  8
Gravur
 62
   255
 39
0.016
  6
CONTINUOUS
 10
2.72637
 20
1.58387
 30
 0
 11
2.72680
 21
1.58392
  0
LINE
  8
Gravur
 62
   255
 39
0.016
  6
CONTINUOUS
 10
2.72680
 20
1.58392
 30
 0
 11
2.72723
 21
1.58397
  0
LINE
  8
Gravur
 62
   255
 39
0.016
  6
CONTINUOUS
 10
1.40477
 20
1.58016
 30
 0
 11
1.40562
 21
1.57621
  0
LINE
  8
Gravur
 62
   255
 39
0.016
  6
CONTINUOUS
 10
1.40562
 20
1.57621
 30
 0
 11
1.40572
 21
1.57586
  0
LINE
  8
Gravur
 62
   255
 39
0.016
  6
CONTINUOUS
 10
1.40572
 20
1.57586
 30
 0
 11
1.40572
 21
1.57586
  0
LINE
  8
Gravur
 62
   255
 39
0.016
  6
CONTINUOUS
 10
1.40572
 20
1.57586
 30
 0
 11
1.40655
 21
1.57281
  0
LINE
  8
Gravur
 62
   255
 39
0.016
  6
CONTINUOUS
 10
1.40655
 20
1.57281
 30
 0
 11
1.40670
 21
1.57221
  0
LINE
  8
Gravur
 62
   255
 39
0.016
  6
CONTINUOUS
 10
1.40670
 20
1.57221
 30
 0
 11
1.41068
 21
1.55644
  0
LINE
  8
Gravur
 62
   255
 39
0.016
  6
CONTINUOUS
 10
1.41068
 20
1.55644
 30
 0
 11
1.42294
 21
1.50754
  0
LINE
  8
Gravur
 62
   255
 39
0.016
  6
CONTINUOUS
 10
1.42294
 20
1.50754
 30
 0
 11
1.42718
 21
1.49058
  0
LINE
  8
Gravur
 62
   255
 39
0.016
  6
CONTINUOUS
 10
1.42718
 20
1.49058
 30
 0
 11
1.42752
 21
1.48881
  0
LINE
  8
Gravur
 62
   255
 39
0.016
  6
CONTINUOUS
 10
1.42752
 20
1.48881
 30
 0
 11
1.42757
 21
1.48853
  0
LINE
  8
Gravur
 62
   255
 39
0.016
  6
CONTINUOUS
 10
1.42757
 20
1.48853
 30
 0
 11
1.42757
 21
1.48853
  0
LINE
  8
Gravur
 62
   255
 39
0.016
  6
CONTINUOUS
 10
1.42757
 20
1.48853
 30
 0
 11
1.42834
 21
1.48653
  0
LINE
  8
Gravur
 62
   255
 39
0.016
  6
CONTINUOUS
 10
1.42834
 20
1.48653
 30
 0
 11
1.42878
 21
1.48611
  0
LINE
  8
Gravur
 62
   255
 39
0.016
  6
CONTINUOUS
 10
1.42878
 20
1.48611
 30
 0
 11
1.42878
 21
1.48611
  0
LINE
  8
Gravur
 62
   255
 39
0.016
  6
CONTINUOUS
 10
1.42878
 20
1.48611
 30
 0
 11
1.42940
 21
1.48590
  0
LINE
  8
Gravur
 62
   255
 39
0.016
  6
CONTINUOUS
 10
1.42940
 20
1.48590
 30
 0
 11
1.43020
 21
1.48599
  0
LINE
  8
Gravur
 62
   255
 39
0.016
  6
CONTINUOUS
 10
1.43020
 20
1.48599
 30
 0
 11
1.43056
 21
1.48620
  0
LINE
  8
Gravur
 62
   255
 39
0.016
  6
CONTINUOUS
 10
1.43056
 20
1.48620
 30
 0
 11
1.43062
 21
1.48626
  0
LINE
  8
Gravur
 62
   255
 39
0.016
  6
CONTINUOUS
 10
1.43062
 20
1.48626
 30
 0
 11
1.43062
 21
1.48626
  0
LINE
  8
Gravur
 62
   255
 39
0.016
  6
CONTINUOUS
 10
1.43062
 20
1.48626
 30
 0
 11
1.43089
 21
1.48676
  0
LINE
  8
Gravur
 62
   255
 39
0.016
  6
CONTINUOUS
 10
1.43089
 20
1.48676
 30
 0
 11
1.43094
 21
1.48695
  0
LINE
  8
Gravur
 62
   255
 39
0.016
  6
CONTINUOUS
 10
1.43094
 20
1.48695
 30
 0
 11
1.43094
 21
1.48695
  0
LINE
  8
Gravur
 62
   255
 39
0.016
  6
CONTINUOUS
 10
1.43094
 20
1.48695
 30
 0
 11
1.43100
 21
1.48718
  0
LINE
  8
Gravur
 62
   255
 39
0.016
  6
CONTINUOUS
 10
1.43100
 20
1.48718
 30
 0
 11
1.43105
 21
1.48740
  0
LINE
  8
Gravur
 62
   255
 39
0.016
  6
CONTINUOUS
 10
1.43105
 20
1.48740
 30
 0
 11
1.43208
 21
1.49151
  0
LINE
  8
Gravur
 62
   255
 39
0.016
  6
CONTINUOUS
 10
1.43208
 20
1.49151
 30
 0
 11
1.43642
 21
1.50873
  0
LINE
  8
Gravur
 62
   255
 39
0.016
  6
CONTINUOUS
 10
1.43642
 20
1.50873
 30
 0
 11
1.44805
 21
1.55511
  0
LINE
  8
Gravur
 62
   255
 39
0.016
  6
CONTINUOUS
 10
1.44805
 20
1.55511
 30
 0
 11
1.45061
 21
1.56562
  0
LINE
  8
Gravur
 62
   255
 39
0.016
  6
CONTINUOUS
 10
1.45061
 20
1.56562
 30
 0
 11
1.45089
 21
1.56679
  0
LINE
  8
Gravur
 62
   255
 39
0.016
  6
CONTINUOUS
 10
1.45089
 20
1.56679
 30
 0
 11
1.45089
 21
1.56679
  0
LINE
  8
Gravur
 62
   255
 39
0.016
  6
CONTINUOUS
 10
1.45089
 20
1.56679
 30
 0
 11
1.45372
 21
1.57794
  0
LINE
  8
Gravur
 62
   255
 39
0.016
  6
CONTINUOUS
 10
1.45372
 20
1.57794
 30
 0
 11
1.45433
 21
1.58016
  0
LINE
  8
Gravur
 62
   255
 39
0.016
  6
CONTINUOUS
 10
1.47841
 20
1.58003
 30
 0
 11
1.51299
 21
1.58003
  0
LINE
  8
Gravur
 62
   255
 39
0.016
  6
CONTINUOUS
 10
1.49577
 20
1.57989
 30
 0
 11
1.49577
 21
1.50979
  0
LINE
  8
Gravur
 62
   255
 39
0.016
  6
CONTINUOUS
 10
1.49577
 20
1.50979
 30
 0
 11
1.49577
 21
1.49217
  0
LINE
  8
Gravur
 62
   255
 39
0.016
  6
CONTINUOUS
 10
1.49577
 20
1.49217
 30
 0
 11
1.49577
 21
1.48780
  0
LINE
  8
Gravur
 62
   255
 39
0.016
  6
CONTINUOUS
 10
1.49577
 20
1.48780
 30
 0
 11
1.49554
 21
1.48617
  0
LINE
  8
Gravur
 62
   255
 39
0.016
  6
CONTINUOUS
 10
1.49554
 20
1.48617
 30
 0
 11
1.49113
 21
1.48594
  0
LINE
  8
Gravur
 62
   255
 39
0.016
  6
CONTINUOUS
 10
1.49113
 20
1.48594
 30
 0
 11
1.47841
 21
1.48594
  0
LINE
  8
Gravur
 62
   255
 39
0.016
  6
CONTINUOUS
 10
1.49590
 20
1.48594
 30
 0
 11
1.51299
 21
1.48594
  0
LINE
  8
Gravur
 62
   255
 39
0.016
  6
CONTINUOUS
 10
1.54277
 20
1.53775
 30
 0
 11
1.54277
 21
1.56929
  0
LINE
  8
Gravur
 62
   255
 39
0.016
  6
CONTINUOUS
 10
1.54277
 20
1.56929
 30
 0
 11
1.54277
 21
1.57711
  0
LINE
  8
Gravur
 62
   255
 39
0.016
  6
CONTINUOUS
 10
1.54277
 20
1.57711
 30
 0
 11
1.54270
 21
1.57827
  0
LINE
  8
Gravur
 62
   255
 39
0.016
  6
CONTINUOUS
 10
1.54270
 20
1.57827
 30
 0
 11
1.54269
 21
1.57843
  0
LINE
  8
Gravur
 62
   255
 39
0.016
  6
CONTINUOUS
 10
1.54269
 20
1.57843
 30
 0
 11
1.54269
 21
1.57843
  0
LINE
  8
Gravur
 62
   255
 39
0.016
  6
CONTINUOUS
 10
1.54269
 20
1.57843
 30
 0
 11
1.54288
 21
1.57975
  0
LINE
  8
Gravur
 62
   255
 39
0.016
  6
CONTINUOUS
 10
1.54288
 20
1.57975
 30
 0
 11
1.54300
 21
1.57991
  0
LINE
  8
Gravur
 62
   255
 39
0.016
  6
CONTINUOUS
 10
1.54300
 20
1.57991
 30
 0
 11
1.54438
 21
1.58039
  0
LINE
  8
Gravur
 62
   255
 39
0.016
  6
CONTINUOUS
 10
1.54438
 20
1.58039
 30
 0
 11
1.54454
 21
1.58040
  0
LINE
  8
Gravur
 62
   255
 39
0.016
  6
CONTINUOUS
 10
1.54454
 20
1.58040
 30
 0
 11
1.54454
 21
1.58040
  0
LINE
  8
Gravur
 62
   255
 39
0.016
  6
CONTINUOUS
 10
1.54454
 20
1.58040
 30
 0
 11
1.54576
 21
1.58050
  0
LINE
  8
Gravur
 62
   255
 39
0.016
  6
CONTINUOUS
 10
1.54576
 20
1.58050
 30
 0
 11
1.54595
 21
1.58052
  0
LINE
  8
Gravur
 62
   255
 39
0.016
  6
CONTINUOUS
 10
1.54595
 20
1.58052
 30
 0
 11
1.55430
 21
1.58123
  0
LINE
  8
Gravur
 62
   255
 39
0.016
  6
CONTINUOUS
 10
1.55430
 20
1.58123
 30
 0
 11
1.56221
 21
1.58119
  0
LINE
  8
Gravur
 62
   255
 39
0.016
  6
CONTINUOUS
 10
1.56221
 20
1.58119
 30
 0
 11
1.56337
 21
1.58107
  0
LINE
  8
Gravur
 62
   255
 39
0.016
  6
CONTINUOUS
 10
1.56337
 20
1.58107
 30
 0
 11
1.56337
 21
1.58107
  0
LINE
  8
Gravur
 62
   255
 39
0.016
  6
CONTINUOUS
 10
1.56337
 20
1.58107
 30
 0
 11
1.56652
 21
1.58055
  0
LINE
  8
Gravur
 62
   255
 39
0.016
  6
CONTINUOUS
 10
1.56652
 20
1.58055
 30
 0
 11
1.56956
 21
1.57971
  0
LINE
  8
Gravur
 62
   255
 39
0.016
  6
CONTINUOUS
 10
1.56956
 20
1.57971
 30
 0
 11
1.57241
 21
1.57851
  0
LINE
  8
Gravur
 62
   255
 39
0.016
  6
CONTINUOUS
 10
1.57241
 20
1.57851
 30
 0
 11
1.57500
 21
1.57690
  0
LINE
  8
Gravur
 62
   255
 39
0.016
  6
CONTINUOUS
 10
1.57500
 20
1.57690
 30
 0
 11
1.57500
 21
1.57690
  0
LINE
  8
Gravur
 62
   255
 39
0.016
  6
CONTINUOUS
 10
1.57500
 20
1.57690
 30
 0
 11
1.57785
 21
1.57413
  0
LINE
  8
Gravur
 62
   255
 39
0.016
  6
CONTINUOUS
 10
1.57785
 20
1.57413
 30
 0
 11
1.57995
 21
1.57048
  0
LINE
  8
Gravur
 62
   255
 39
0.016
  6
CONTINUOUS
 10
1.57995
 20
1.57048
 30
 0
 11
1.58127
 21
1.56612
  0
LINE
  8
Gravur
 62
   255
 39
0.016
  6
CONTINUOUS
 10
1.58127
 20
1.56612
 30
 0
 11
1.58135
 21
1.56571
  0
LINE
  8
Gravur
 62
   255
 39
0.016
  6
CONTINUOUS
 10
1.58135
 20
1.56571
 30
 0
 11
1.58135
 21
1.56571
  0
LINE
  8
Gravur
 62
   255
 39
0.016
  6
CONTINUOUS
 10
1.58135
 20
1.56571
 30
 0
 11
1.58183
 21
1.56185
  0
LINE
  8
Gravur
 62
   255
 39
0.016
  6
CONTINUOUS
 10
1.58183
 20
1.56185
 30
 0
 11
1.58186
 21
1.56108
  0
LINE
  8
Gravur
 62
   255
 39
0.016
  6
CONTINUOUS
 10
1.58186
 20
1.56108
 30
 0
 11
1.58107
 21
1.55362
  0
LINE
  8
Gravur
 62
   255
 39
0.016
  6
CONTINUOUS
 10
1.58107
 20
1.55362
 30
 0
 11
1.58079
 21
1.55261
  0
LINE
  8
Gravur
 62
   255
 39
0.016
  6
CONTINUOUS
 10
1.58079
 20
1.55261
 30
 0
 11
1.57966
 21
1.54969
  0
LINE
  8
Gravur
 62
   255
 39
0.016
  6
CONTINUOUS
 10
1.57966
 20
1.54969
 30
 0
 11
1.57919
 21
1.54876
  0
LINE
  8
Gravur
 62
   255
 39
0.016
  6
CONTINUOUS
 10
1.57919
 20
1.54876
 30
 0
 11
1.57919
 21
1.54876
  0
LINE
  8
Gravur
 62
   255
 39
0.016
  6
CONTINUOUS
 10
1.57919
 20
1.54876
 30
 0
 11
1.57662
 21
1.54511
  0
LINE
  8
Gravur
 62
   255
 39
0.016
  6
CONTINUOUS
 10
1.57662
 20
1.54511
 30
 0
 11
1.57556
 21
1.54403
  0
LINE
  8
Gravur
 62
   255
 39
0.016
  6
CONTINUOUS
 10
1.57556
 20
1.54403
 30
 0
 11
1.57439
 21
1.54302
  0
LINE
  8
Gravur
 62
   255
 39
0.016
  6
CONTINUOUS
 10
1.57439
 20
1.54302
 30
 0
 11
1.57312
 21
1.54210
  0
LINE
  8
Gravur
 62
   255
 39
0.016
  6
CONTINUOUS
 10
1.57312
 20
1.54210
 30
 0
 11
1.56817
 21
1.53910
  0
LINE
  8
Gravur
 62
   255
 39
0.016
  6
CONTINUOUS
 10
1.56817
 20
1.53910
 30
 0
 11
1.56751
 21
1.53886
  0
LINE
  8
Gravur
 62
   255
 39
0.016
  6
CONTINUOUS
 10
1.56751
 20
1.53886
 30
 0
 11
1.56751
 21
1.53886
  0
LINE
  8
Gravur
 62
   255
 39
0.016
  6
CONTINUOUS
 10
1.56751
 20
1.53886
 30
 0
 11
1.56187
 21
1.53767
  0
LINE
  8
Gravur
 62
   255
 39
0.016
  6
CONTINUOUS
 10
1.56187
 20
1.53767
 30
 0
 11
1.56093
 21
1.53764
  0
LINE
  8
Gravur
 62
   255
 39
0.016
  6
CONTINUOUS
 10
1.56093
 20
1.53764
 30
 0
 11
1.54768
 21
1.53762
  0
LINE
  8
Gravur
 62
   255
 39
0.016
  6
CONTINUOUS
 10
1.54768
 20
1.53762
 30
 0
 11
1.54436
 21
1.53762
  0
LINE
  8
Gravur
 62
   255
 39
0.016
  6
CONTINUOUS
 10
1.54436
 20
1.53762
 30
 0
 11
1.54279
 21
1.53763
  0
LINE
  8
Gravur
 62
   255
 39
0.016
  6
CONTINUOUS
 10
1.54279
 20
1.53763
 30
 0
 11
1.54277
 21
1.53457
  0
LINE
  8
Gravur
 62
   255
 39
0.016
  6
CONTINUOUS
 10
1.54277
 20
1.53457
 30
 0
 11
1.54277
 21
1.52596
  0
LINE
  8
Gravur
 62
   255
 39
0.016
  6
CONTINUOUS
 10
1.54277
 20
1.52596
 30
 0
 11
1.54277
 21
1.49694
  0
LINE
  8
Gravur
 62
   255
 39
0.016
  6
CONTINUOUS
 10
1.54277
 20
1.49694
 30
 0
 11
1.54277
 21
1.48925
  0
LINE
  8
Gravur
 62
   255
 39
0.016
  6
CONTINUOUS
 10
1.54277
 20
1.48925
 30
 0
 11
1.54269
 21
1.48800
  0
LINE
  8
Gravur
 62
   255
 39
0.016
  6
CONTINUOUS
 10
1.54269
 20
1.48800
 30
 0
 11
1.54269
 21
1.48785
  0
LINE
  8
Gravur
 62
   255
 39
0.016
  6
CONTINUOUS
 10
1.54269
 20
1.48785
 30
 0
 11
1.54269
 21
1.48785
  0
LINE
  8
Gravur
 62
   255
 39
0.016
  6
CONTINUOUS
 10
1.54269
 20
1.48785
 30
 0
 11
1.54282
 21
1.48646
  0
LINE
  8
Gravur
 62
   255
 39
0.016
  6
CONTINUOUS
 10
1.54282
 20
1.48646
 30
 0
 11
1.54292
 21
1.48626
  0
LINE
  8
Gravur
 62
   255
 39
0.016
  6
CONTINUOUS
 10
1.54292
 20
1.48626
 30
 0
 11
1.54421
 21
1.48576
  0
LINE
  8
Gravur
 62
   255
 39
0.016
  6
CONTINUOUS
 10
1.54421
 20
1.48576
 30
 0
 11
1.54436
 21
1.48575
  0
LINE
  8
Gravur
 62
   255
 39
0.016
  6
CONTINUOUS
 10
1.54436
 20
1.48575
 30
 0
 11
1.54436
 21
1.48575
  0
LINE
  8
Gravur
 62
   255
 39
0.016
  6
CONTINUOUS
 10
1.54436
 20
1.48575
 30
 0
 11
1.54552
 21
1.48567
  0
LINE
  8
Gravur
 62
   255
 39
0.016
  6
CONTINUOUS
 10
1.54552
 20
1.48567
 30
 0
 11
1.54569
 21
1.48565
  0
LINE
  8
Gravur
 62
   255
 39
0.016
  6
CONTINUOUS
 10
1.54569
 20
1.48565
 30
 0
 11
1.55351
 21
1.48485
  0
LINE
  8
Gravur
 62
   255
 39
0.016
  6
CONTINUOUS
 10
1.55351
 20
1.48485
 30
 0
 11
1.56026
 21
1.48460
  0
LINE
  8
Gravur
 62
   255
 39
0.016
  6
CONTINUOUS
 10
1.56026
 20
1.48460
 30
 0
 11
1.56163
 21
1.48465
  0
LINE
  8
Gravur
 62
   255
 39
0.016
  6
CONTINUOUS
 10
1.56163
 20
1.48465
 30
 0
 11
1.56163
 21
1.48465
  0
LINE
  8
Gravur
 62
   255
 39
0.016
  6
CONTINUOUS
 10
1.56163
 20
1.48465
 30
 0
 11
1.56507
 21
1.48497
  0
LINE
  8
Gravur
 62
   255
 39
0.016
  6
CONTINUOUS
 10
1.56507
 20
1.48497
 30
 0
 11
1.56842
 21
1.48561
  0
LINE
  8
Gravur
 62
   255
 39
0.016
  6
CONTINUOUS
 10
1.56842
 20
1.48561
 30
 0
 11
1.57163
 21
1.48662
  0
LINE
  8
Gravur
 62
   255
 39
0.016
  6
CONTINUOUS
 10
1.57163
 20
1.48662
 30
 0
 11
1.57464
 21
1.48805
  0
LINE
  8
Gravur
 62
   255
 39
0.016
  6
CONTINUOUS
 10
1.57464
 20
1.48805
 30
 0
 11
1.57464
 21
1.48805
  0
LINE
  8
Gravur
 62
   255
 39
0.016
  6
CONTINUOUS
 10
1.57464
 20
1.48805
 30
 0
 11
1.57821
 21
1.49069
  0
LINE
  8
Gravur
 62
   255
 39
0.016
  6
CONTINUOUS
 10
1.57821
 20
1.49069
 30
 0
 11
1.58114
 21
1.49429
  0
LINE
  8
Gravur
 62
   255
 39
0.016
  6
CONTINUOUS
 10
1.58114
 20
1.49429
 30
 0
 11
1.58241
 21
1.49669
  0
LINE
  8
Gravur
 62
   255
 39
0.016
  6
CONTINUOUS
 10
1.58241
 20
1.49669
 30
 0
 11
1.58253
 21
1.49697
  0
LINE
  8
Gravur
 62
   255
 39
0.016
  6
CONTINUOUS
 10
1.58253
 20
1.49697
 30
 0
 11
1.58253
 21
1.49697
  0
LINE
  8
Gravur
 62
   255
 39
0.016
  6
CONTINUOUS
 10
1.58253
 20
1.49697
 30
 0
 11
1.58357
 21
1.49987
  0
LINE
  8
Gravur
 62
   255
 39
0.016
  6
CONTINUOUS
 10
1.58357
 20
1.49987
 30
 0
 11
1.58374
 21
1.50047
  0
LINE
  8
Gravur
 62
   255
 39
0.016
  6
CONTINUOUS
 10
1.58374
 20
1.50047
 30
 0
 11
1.58374
 21
1.50047
  0
LINE
  8
Gravur
 62
   255
 39
0.016
  6
CONTINUOUS
 10
1.58374
 20
1.50047
 30
 0
 11
1.58382
 21
1.50076
  0
LINE
  8
Gravur
 62
   255
 39
0.016
  6
CONTINUOUS
 10
1.58382
 20
1.50076
 30
 0
 11
1.58390
 21
1.50105
  0
LINE
  8
Gravur
 62
   255
 39
0.016
  6
CONTINUOUS
 10
1.58390
 20
1.50105
 30
 0
 11
1.58513
 21
1.50832
  0
LINE
  8
Gravur
 62
   255
 39
0.016
  6
CONTINUOUS
 10
1.58513
 20
1.50832
 30
 0
 11
1.58522
 21
1.50984
  0
LINE
  8
Gravur
 62
   255
 39
0.016
  6
CONTINUOUS
 10
1.58522
 20
1.50984
 30
 0
 11
1.58526
 21
1.51137
  0
LINE
  8
Gravur
 62
   255
 39
0.016
  6
CONTINUOUS
 10
1.58526
 20
1.51137
 30
 0
 11
1.58524
 21
1.51291
  0
LINE
  8
Gravur
 62
   255
 39
0.016
  6
CONTINUOUS
 10
1.58524
 20
1.51291
 30
 0
 11
1.58524
 21
1.51291
  0
LINE
  8
Gravur
 62
   255
 39
0.016
  6
CONTINUOUS
 10
1.58524
 20
1.51291
 30
 0
 11
1.58493
 21
1.51672
  0
LINE
  8
Gravur
 62
   255
 39
0.016
  6
CONTINUOUS
 10
1.58493
 20
1.51672
 30
 0
 11
1.58418
 21
1.52043
  0
LINE
  8
Gravur
 62
   255
 39
0.016
  6
CONTINUOUS
 10
1.58418
 20
1.52043
 30
 0
 11
1.58297
 21
1.52396
  0
LINE
  8
Gravur
 62
   255
 39
0.016
  6
CONTINUOUS
 10
1.58297
 20
1.52396
 30
 0
 11
1.58124
 21
1.52722
  0
LINE
  8
Gravur
 62
   255
 39
0.016
  6
CONTINUOUS
 10
1.58124
 20
1.52722
 30
 0
 11
1.58124
 21
1.52722
  0
LINE
  8
Gravur
 62
   255
 39
0.016
  6
CONTINUOUS
 10
1.58124
 20
1.52722
 30
 0
 11
1.57932
 21
1.52973
  0
LINE
  8
Gravur
 62
   255
 39
0.016
  6
CONTINUOUS
 10
1.57932
 20
1.52973
 30
 0
 11
1.57696
 21
1.53192
  0
LINE
  8
Gravur
 62
   255
 39
0.016
  6
CONTINUOUS
 10
1.57696
 20
1.53192
 30
 0
 11
1.57524
 21
1.53310
  0
LINE
  8
Gravur
 62
   255
 39
0.016
  6
CONTINUOUS
 10
1.57524
 20
1.53310
 30
 0
 11
1.57488
 21
1.53331
  0
LINE
  8
Gravur
 62
   255
 39
0.016
  6
CONTINUOUS
 10
1.57488
 20
1.53331
 30
 0
 11
1.57488
 21
1.53331
  0
LINE
  8
Gravur
 62
   255
 39
0.016
  6
CONTINUOUS
 10
1.57488
 20
1.53331
 30
 0
 11
1.57242
 21
1.53451
  0
LINE
  8
Gravur
 62
   255
 39
0.016
  6
CONTINUOUS
 10
1.57242
 20
1.53451
 30
 0
 11
1.57157
 21
1.53485
  0
LINE
  8
Gravur
 62
   255
 39
0.016
  6
CONTINUOUS
 10
1.57157
 20
1.53485
 30
 0
 11
1.57157
 21
1.53485
  0
LINE
  8
Gravur
 62
   255
 39
0.016
  6
CONTINUOUS
 10
1.57157
 20
1.53485
 30
 0
 11
1.57043
 21
1.53528
  0
LINE
  8
Gravur
 62
   255
 39
0.016
  6
CONTINUOUS
 10
1.57043
 20
1.53528
 30
 0
 11
1.56928
 21
1.53568
  0
LINE
  8
Gravur
 62
   255
 39
0.016
  6
CONTINUOUS
 10
1.56928
 20
1.53568
 30
 0
 11
1.56927
 21
1.53568
  0
LINE
  8
Gravur
 62
   255
 39
0.016
  6
CONTINUOUS
 10
1.56927
 20
1.53568
 30
 0
 11
1.56927
 21
1.53568
  0
LINE
  8
Gravur
 62
   255
 39
0.016
  6
CONTINUOUS
 10
1.56927
 20
1.53568
 30
 0
 11
1.56927
 21
1.53568
  0
LINE
  8
Gravur
 62
   255
 39
0.016
  6
CONTINUOUS
 10
1.56927
 20
1.53568
 30
 0
 11
1.56636
 21
1.53662
  0
LINE
  8
Gravur
 62
   255
 39
0.016
  6
CONTINUOUS
 10
1.56636
 20
1.53662
 30
 0
 11
1.56076
 21
1.53760
  0
LINE
  8
Gravur
 62
   255
 39
0.016
  6
CONTINUOUS
 10
1.60899
 20
1.48607
 30
 0
 11
1.60899
 21
1.55114
  0
LINE
  8
Gravur
 62
   255
 39
0.016
  6
CONTINUOUS
 10
1.60899
 20
1.55114
 30
 0
 11
1.60899
 21
1.57088
  0
LINE
  8
Gravur
 62
   255
 39
0.016
  6
CONTINUOUS
 10
1.60899
 20
1.57088
 30
 0
 11
1.60899
 21
1.57685
  0
LINE
  8
Gravur
 62
   255
 39
0.016
  6
CONTINUOUS
 10
1.60899
 20
1.57685
 30
 0
 11
1.60894
 21
1.57800
  0
LINE
  8
Gravur
 62
   255
 39
0.016
  6
CONTINUOUS
 10
1.60894
 20
1.57800
 30
 0
 11
1.60893
 21
1.57813
  0
LINE
  8
Gravur
 62
   255
 39
0.016
  6
CONTINUOUS
 10
1.60893
 20
1.57813
 30
 0
 11
1.60893
 21
1.57813
  0
LINE
  8
Gravur
 62
   255
 39
0.016
  6
CONTINUOUS
 10
1.60893
 20
1.57813
 30
 0
 11
1.60899
 21
1.57938
  0
LINE
  8
Gravur
 62
   255
 39
0.016
  6
CONTINUOUS
 10
1.60899
 20
1.57938
 30
 0
 11
1.60905
 21
1.57961
  0
LINE
  8
Gravur
 62
   255
 39
0.016
  6
CONTINUOUS
 10
1.60905
 20
1.57961
 30
 0
 11
1.60907
 21
1.57968
  0
LINE
  8
Gravur
 62
   255
 39
0.016
  6
CONTINUOUS
 10
1.60907
 20
1.57968
 30
 0
 11
1.60911
 21
1.57975
  0
LINE
  8
Gravur
 62
   255
 39
0.016
  6
CONTINUOUS
 10
1.60911
 20
1.57975
 30
 0
 11
1.60911
 21
1.57975
  0
LINE
  8
Gravur
 62
   255
 39
0.016
  6
CONTINUOUS
 10
1.60911
 20
1.57975
 30
 0
 11
1.60963
 21
1.58014
  0
LINE
  8
Gravur
 62
   255
 39
0.016
  6
CONTINUOUS
 10
1.60963
 20
1.58014
 30
 0
 11
1.61042
 21
1.58034
  0
LINE
  8
Gravur
 62
   255
 39
0.016
  6
CONTINUOUS
 10
1.61042
 20
1.58034
 30
 0
 11
1.61042
 21
1.58034
  0
LINE
  8
Gravur
 62
   255
 39
0.016
  6
CONTINUOUS
 10
1.61042
 20
1.58034
 30
 0
 11
1.61110
 21
1.58042
  0
LINE
  8
Gravur
 62
   255
 39
0.016
  6
CONTINUOUS
 10
1.61110
 20
1.58042
 30
 0
 11
1.61164
 21
1.58048
  0
LINE
  8
Gravur
 62
   255
 39
0.016
  6
CONTINUOUS
 10
1.61164
 20
1.58048
 30
 0
 11
1.61585
 21
1.58095
  0
LINE
  8
Gravur
 62
   255
 39
0.016
  6
CONTINUOUS
 10
1.61585
 20
1.58095
 30
 0
 11
1.61623
 21
1.58098
  0
LINE
  8
Gravur
 62
   255
 39
0.016
  6
CONTINUOUS
 10
1.61623
 20
1.58098
 30
 0
 11
1.61623
 21
1.58098
  0
LINE
  8
Gravur
 62
   255
 39
0.016
  6
CONTINUOUS
 10
1.61623
 20
1.58098
 30
 0
 11
1.61761
 21
1.58109
  0
LINE
  8
Gravur
 62
   255
 39
0.016
  6
CONTINUOUS
 10
1.61761
 20
1.58109
 30
 0
 11
1.61807
 21
1.58112
  0
LINE
  8
Gravur
 62
   255
 39
0.016
  6
CONTINUOUS
 10
1.61807
 20
1.58112
 30
 0
 11
1.61807
 21
1.58112
  0
LINE
  8
Gravur
 62
   255
 39
0.016
  6
CONTINUOUS
 10
1.61807
 20
1.58112
 30
 0
 11
1.61890
 21
1.58118
  0
LINE
  8
Gravur
 62
   255
 39
0.016
  6
CONTINUOUS
 10
1.61890
 20
1.58118
 30
 0
 11
1.61973
 21
1.58123
  0
LINE
  8
Gravur
 62
   255
 39
0.016
  6
CONTINUOUS
 10
1.61973
 20
1.58123
 30
 0
 11
1.62918
 21
1.58118
  0
LINE
  8
Gravur
 62
   255
 39
0.016
  6
CONTINUOUS
 10
1.62918
 20
1.58118
 30
 0
 11
1.63057
 21
1.58103
  0
LINE
  8
Gravur
 62
   255
 39
0.016
  6
CONTINUOUS
 10
1.63057
 20
1.58103
 30
 0
 11
1.63057
 21
1.58103
  0
LINE
  8
Gravur
 62
   255
 39
0.016
  6
CONTINUOUS
 10
1.63057
 20
1.58103
 30
 0
 11
1.63423
 21
1.58040
  0
LINE
  8
Gravur
 62
   255
 39
0.016
  6
CONTINUOUS
 10
1.63423
 20
1.58040
 30
 0
 11
1.63776
 21
1.57941
  0
LINE
  8
Gravur
 62
   255
 39
0.016
  6
CONTINUOUS
 10
1.63776
 20
1.57941
 30
 0
 11
1.64105
 21
1.57799
  0
LINE
  8
Gravur
 62
   255
 39
0.016
  6
CONTINUOUS
 10
1.64105
 20
1.57799
 30
 0
 11
1.64403
 21
1.57609
  0
LINE
  8
Gravur
 62
   255
 39
0.016
  6
CONTINUOUS
 10
1.64403
 20
1.57609
 30
 0
 11
1.64403
 21
1.57609
  0
LINE
  8
Gravur
 62
   255
 39
0.016
  6
CONTINUOUS
 10
1.64403
 20
1.57609
 30
 0
 11
1.64695
 21
1.57323
  0
LINE
  8
Gravur
 62
   255
 39
0.016
  6
CONTINUOUS
 10
1.64695
 20
1.57323
 30
 0
 11
1.64916
 21
1.56956
  0
LINE
  8
Gravur
 62
   255
 39
0.016
  6
CONTINUOUS
 10
1.64916
 20
1.56956
 30
 0
 11
1.65016
 21
1.56675
  0
LINE
  8
Gravur
 62
   255
 39
0.016
  6
CONTINUOUS
 10
1.65016
 20
1.56675
 30
 0
 11
1.65025
 21
1.56643
  0
LINE
  8
Gravur
 62
   255
 39
0.016
  6
CONTINUOUS
 10
1.65025
 20
1.56643
 30
 0
 11
1.65025
 21
1.56643
  0
LINE
  8
Gravur
 62
   255
 39
0.016
  6
CONTINUOUS
 10
1.65025
 20
1.56643
 30
 0
 11
1.65060
 21
1.56493
  0
LINE
  8
Gravur
 62
   255
 39
0.016
  6
CONTINUOUS
 10
1.65060
 20
1.56493
 30
 0
 11
1.65070
 21
1.56443
  0
LINE
  8
Gravur
 62
   255
 39
0.016
  6
CONTINUOUS
 10
1.65070
 20
1.56443
 30
 0
 11
1.65070
 21
1.56443
  0
LINE
  8
Gravur
 62
   255
 39
0.016
  6
CONTINUOUS
 10
1.65070
 20
1.56443
 30
 0
 11
1.65089
 21
1.56329
  0
LINE
  8
Gravur
 62
   255
 39
0.016
  6
CONTINUOUS
 10
1.65089
 20
1.56329
 30
 0
 11
1.65104
 21
1.56214
  0
LINE
  8
Gravur
 62
   255
 39
0.016
  6
CONTINUOUS
 10
1.65104
 20
1.56214
 30
 0
 11
1.65130
 21
1.55529
  0
LINE
  8
Gravur
 62
   255
 39
0.016
  6
CONTINUOUS
 10
1.65130
 20
1.55529
 30
 0
 11
1.65124
 21
1.55429
  0
LINE
  8
Gravur
 62
   255
 39
0.016
  6
CONTINUOUS
 10
1.65124
 20
1.55429
 30
 0
 11
1.65124
 21
1.55429
  0
LINE
  8
Gravur
 62
   255
 39
0.016
  6
CONTINUOUS
 10
1.65124
 20
1.55429
 30
 0
 11
1.65094
 21
1.55172
  0
LINE
  8
Gravur
 62
   255
 39
0.016
  6
CONTINUOUS
 10
1.65094
 20
1.55172
 30
 0
 11
1.65042
 21
1.54920
  0
LINE
  8
Gravur
 62
   255
 39
0.016
  6
CONTINUOUS
 10
1.65042
 20
1.54920
 30
 0
 11
1.64967
 21
1.54675
  0
LINE
  8
Gravur
 62
   255
 39
0.016
  6
CONTINUOUS
 10
1.64967
 20
1.54675
 30
 0
 11
1.64865
 21
1.54442
  0
LINE
  8
Gravur
 62
   255
 39
0.016
  6
CONTINUOUS
 10
1.64865
 20
1.54442
 30
 0
 11
1.64865
 21
1.54442
  0
LINE
  8
Gravur
 62
   255
 39
0.016
  6
CONTINUOUS
 10
1.64865
 20
1.54442
 30
 0
 11
1.64717
 21
1.54197
  0
LINE
  8
Gravur
 62
   255
 39
0.016
  6
CONTINUOUS
 10
1.64717
 20
1.54197
 30
 0
 11
1.64530
 21
1.53974
  0
LINE
  8
Gravur
 62
   255
 39
0.016
  6
CONTINUOUS
 10
1.64530
 20
1.53974
 30
 0
 11
1.64155
 21
1.53683
  0
LINE
  8
Gravur
 62
   255
 39
0.016
  6
CONTINUOUS
 10
1.64155
 20
1.53683
 30
 0
 11
1.64110
 21
1.53656
  0
LINE
  8
Gravur
 62
   255
 39
0.016
  6
CONTINUOUS
 10
1.64110
 20
1.53656
 30
 0
 11
1.64110
 21
1.53656
  0
LINE
  8
Gravur
 62
   255
 39
0.016
  6
CONTINUOUS
 10
1.64110
 20
1.53656
 30
 0
 11
1.63648
 21
1.53454
  0
LINE
  8
Gravur
 62
   255
 39
0.016
  6
CONTINUOUS
 10
1.63648
 20
1.53454
 30
 0
 11
1.63550
 21
1.53422
  0
LINE
  8
Gravur
 62
   255
 39
0.016
  6
CONTINUOUS
 10
1.63550
 20
1.53422
 30
 0
 11
1.63001
 21
1.53245
  0
LINE
  8
Gravur
 62
   255
 39
0.016
  6
CONTINUOUS
 10
1.63001
 20
1.53245
 30
 0
 11
1.63078
 21
1.53214
  0
LINE
  8
Gravur
 62
   255
 39
0.016
  6
CONTINUOUS
 10
1.63078
 20
1.53214
 30
 0
 11
1.63108
 21
1.53201
  0
LINE
  8
Gravur
 62
   255
 39
0.016
  6
CONTINUOUS
 10
1.63108
 20
1.53201
 30
 0
 11
1.63300
 21
1.53120
  0
LINE
  8
Gravur
 62
   255
 39
0.016
  6
CONTINUOUS
 10
1.63300
 20
1.53120
 30
 0
 11
1.63342
 21
1.53102
  0
LINE
  8
Gravur
 62
   255
 39
0.016
  6
CONTINUOUS
 10
1.63342
 20
1.53102
 30
 0
 11
1.63342
 21
1.53102
  0
LINE
  8
Gravur
 62
   255
 39
0.016
  6
CONTINUOUS
 10
1.63342
 20
1.53102
 30
 0
 11
1.63625
 21
1.52972
  0
LINE
  8
Gravur
 62
   255
 39
0.016
  6
CONTINUOUS
 10
1.63625
 20
1.52972
 30
 0
 11
1.63656
 21
1.52954
  0
LINE
  8
Gravur
 62
   255
 39
0.016
  6
CONTINUOUS
 10
1.63656
 20
1.52954
 30
 0
 11
1.63817
 21
1.52834
  0
LINE
  8
Gravur
 62
   255
 39
0.016
  6
CONTINUOUS
 10
1.63817
 20
1.52834
 30
 0
 11
1.63848
 21
1.52807
  0
LINE
  8
Gravur
 62
   255
 39
0.016
  6
CONTINUOUS
 10
1.63848
 20
1.52807
 30
 0
 11
1.63848
 21
1.52807
  0
LINE
  8
Gravur
 62
   255
 39
0.016
  6
CONTINUOUS
 10
1.63848
 20
1.52807
 30
 0
 11
1.64068
 21
1.52557
  0
LINE
  8
Gravur
 62
   255
 39
0.016
  6
CONTINUOUS
 10
1.64068
 20
1.52557
 30
 0
 11
1.64132
 21
1.52465
  0
LINE
  8
Gravur
 62
   255
 39
0.016
  6
CONTINUOUS
 10
1.64132
 20
1.52465
 30
 0
 11
1.64132
 21
1.52465
  0
LINE
  8
Gravur
 62
   255
 39
0.016
  6
CONTINUOUS
 10
1.64132
 20
1.52465
 30
 0
 11
1.64207
 21
1.52340
  0
LINE
  8
Gravur
 62
   255
 39
0.016
  6
CONTINUOUS
 10
1.64207
 20
1.52340
 30
 0
 11
1.64275
 21
1.52212
  0
LINE
  8
Gravur
 62
   255
 39
0.016
  6
CONTINUOUS
 10
1.64275
 20
1.52212
 30
 0
 11
1.64577
 21
1.51358
  0
LINE
  8
Gravur
 62
   255
 39
0.016
  6
CONTINUOUS
 10
1.64577
 20
1.51358
 30
 0
 11
1.64598
 21
1.51277
  0
LINE
  8
Gravur
 62
   255
 39
0.016
  6
CONTINUOUS
 10
1.64598
 20
1.51277
 30
 0
 11
1.64598
 21
1.51277
  0
LINE
  8
Gravur
 62
   255
 39
0.016
  6
CONTINUOUS
 10
1.64598
 20
1.51277
 30
 0
 11
1.64752
 21
1.50652
  0
LINE
  8
Gravur
 62
   255
 39
0.016
  6
CONTINUOUS
 10
1.64752
 20
1.50652
 30
 0
 11
1.64784
 21
1.50529
  0
LINE
  8
Gravur
 62
   255
 39
0.016
  6
CONTINUOUS
 10
1.64784
 20
1.50529
 30
 0
 11
1.65115
 21
1.49283
  0
LINE
  8
Gravur
 62
   255
 39
0.016
  6
CONTINUOUS
 10
1.65115
 20
1.49283
 30
 0
 11
1.65199
 21
1.48993
  0
LINE
  8
Gravur
 62
   255
 39
0.016
  6
CONTINUOUS
 10
1.65199
 20
1.48993
 30
 0
 11
1.65209
 21
1.48960
  0
LINE
  8
Gravur
 62
   255
 39
0.016
  6
CONTINUOUS
 10
1.65209
 20
1.48960
 30
 0
 11
1.65209
 21
1.48960
  0
LINE
  8
Gravur
 62
   255
 39
0.016
  6
CONTINUOUS
 10
1.65209
 20
1.48960
 30
 0
 11
1.65288
 21
1.48644
  0
LINE
  8
Gravur
 62
   255
 39
0.016
  6
CONTINUOUS
 10
1.65288
 20
1.48644
 30
 0
 11
1.65299
 21
1.48581
  0
LINE
  8
Gravur
 62
   255
 39
0.016
  6
CONTINUOUS
 10
1.60913
 20
1.53232
 30
 0
 11
1.63018
 21
1.53245
  0
LINE
  8
Gravur
 62
   255
 39
0.016
  6
CONTINUOUS
 10
1.71136
 20
1.51918
 30
 0
 11
1.70357
 21
1.51907
  0
LINE
  8
Gravur
 62
   255
 39
0.016
  6
CONTINUOUS
 10
1.70357
 20
1.51907
 30
 0
 11
1.68528
 21
1.51907
  0
LINE
  8
Gravur
 62
   255
 39
0.016
  6
CONTINUOUS
 10
1.68528
 20
1.51907
 30
 0
 11
1.67945
 21
1.51907
  0
LINE
  8
Gravur
 62
   255
 39
0.016
  6
CONTINUOUS
 10
1.67945
 20
1.51907
 30
 0
 11
1.67712
 21
1.51906
  0
LINE
  8
Gravur
 62
   255
 39
0.016
  6
CONTINUOUS
 10
1.67712
 20
1.51906
 30
 0
 11
1.67798
 21
1.52265
  0
LINE
  8
Gravur
 62
   255
 39
0.016
  6
CONTINUOUS
 10
1.67798
 20
1.52265
 30
 0
 11
1.67980
 21
1.52954
  0
LINE
  8
Gravur
 62
   255
 39
0.016
  6
CONTINUOUS
 10
1.67980
 20
1.52954
 30
 0
 11
1.68274
 21
1.54053
  0
LINE
  8
Gravur
 62
   255
 39
0.016
  6
CONTINUOUS
 10
1.68274
 20
1.54053
 30
 0
 11
1.68307
 21
1.54175
  0
LINE
  8
Gravur
 62
   255
 39
0.016
  6
CONTINUOUS
 10
1.68307
 20
1.54175
 30
 0
 11
1.68307
 21
1.54175
  0
LINE
  8
Gravur
 62
   255
 39
0.016
  6
CONTINUOUS
 10
1.68307
 20
1.54175
 30
 0
 11
1.68628
 21
1.55376
  0
LINE
  8
Gravur
 62
   255
 39
0.016
  6
CONTINUOUS
 10
1.68628
 20
1.55376
 30
 0
 11
1.68689
 21
1.55617
  0
LINE
  8
Gravur
 62
   255
 39
0.016
  6
CONTINUOUS
 10
1.68689
 20
1.55617
 30
 0
 11
1.69172
 21
1.57433
  0
LINE
  8
Gravur
 62
   255
 39
0.016
  6
CONTINUOUS
 10
1.69172
 20
1.57433
 30
 0
 11
1.69285
 21
1.57857
  0
LINE
  8
Gravur
 62
   255
 39
0.016
  6
CONTINUOUS
 10
1.69285
 20
1.57857
 30
 0
 11
1.69293
 21
1.57889
  0
LINE
  8
Gravur
 62
   255
 39
0.016
  6
CONTINUOUS
 10
1.69293
 20
1.57889
 30
 0
 11
1.69295
 21
1.57895
  0
LINE
  8
Gravur
 62
   255
 39
0.016
  6
CONTINUOUS
 10
1.69295
 20
1.57895
 30
 0
 11
1.69295
 21
1.57895
  0
LINE
  8
Gravur
 62
   255
 39
0.016
  6
CONTINUOUS
 10
1.69295
 20
1.57895
 30
 0
 11
1.69316
 21
1.57956
  0
LINE
  8
Gravur
 62
   255
 39
0.016
  6
CONTINUOUS
 10
1.69316
 20
1.57956
 30
 0
 11
1.69328
 21
1.57973
  0
LINE
  8
Gravur
 62
   255
 39
0.016
  6
CONTINUOUS
 10
1.69328
 20
1.57973
 30
 0
 11
1.69328
 21
1.57973
  0
LINE
  8
Gravur
 62
   255
 39
0.016
  6
CONTINUOUS
 10
1.69328
 20
1.57973
 30
 0
 11
1.69349
 21
1.57990
  0
LINE
  8
Gravur
 62
   255
 39
0.016
  6
CONTINUOUS
 10
1.69349
 20
1.57990
 30
 0
 11
1.69377
 21
1.58000
  0
LINE
  8
Gravur
 62
   255
 39
0.016
  6
CONTINUOUS
 10
1.69377
 20
1.58000
 30
 0
 11
1.69509
 21
1.57985
  0
LINE
  8
Gravur
 62
   255
 39
0.016
  6
CONTINUOUS
 10
1.69509
 20
1.57985
 30
 0
 11
1.69529
 21
1.57973
  0
LINE
  8
Gravur
 62
   255
 39
0.016
  6
CONTINUOUS
 10
1.69529
 20
1.57973
 30
 0
 11
1.69529
 21
1.57973
  0
LINE
  8
Gravur
 62
   255
 39
0.016
  6
CONTINUOUS
 10
1.69529
 20
1.57973
 30
 0
 11
1.69629
 21
1.57793
  0
LINE
  8
Gravur
 62
   255
 39
0.016
  6
CONTINUOUS
 10
1.69629
 20
1.57793
 30
 0
 11
1.69648
 21
1.57716
  0
LINE
  8
Gravur
 62
   255
 39
0.016
  6
CONTINUOUS
 10
1.69648
 20
1.57716
 30
 0
 11
1.69648
 21
1.57716
  0
LINE
  8
Gravur
 62
   255
 39
0.016
  6
CONTINUOUS
 10
1.69648
 20
1.57716
 30
 0
 11
1.69667
 21
1.57616
  0
LINE
  8
Gravur
 62
   255
 39
0.016
  6
CONTINUOUS
 10
1.69667
 20
1.57616
 30
 0
 11
1.69687
 21
1.57526
  0
LINE
  8
Gravur
 62
   255
 39
0.016
  6
CONTINUOUS
 10
1.69687
 20
1.57526
 30
 0
 11
1.70137
 21
1.55829
  0
LINE
  8
Gravur
 62
   255
 39
0.016
  6
CONTINUOUS
 10
1.70137
 20
1.55829
 30
 0
 11
1.70978
 21
1.52649
  0
LINE
  8
Gravur
 62
   255
 39
0.016
  6
CONTINUOUS
 10
1.70978
 20
1.52649
 30
 0
 11
1.71035
 21
1.52396
  0
LINE
  8
Gravur
 62
   255
 39
0.016
  6
CONTINUOUS
 10
1.71035
 20
1.52396
 30
 0
 11
1.71041
 21
1.52368
  0
LINE
  8
Gravur
 62
   255
 39
0.016
  6
CONTINUOUS
 10
1.71041
 20
1.52368
 30
 0
 11
1.71041
 21
1.52368
  0
LINE
  8
Gravur
 62
   255
 39
0.016
  6
CONTINUOUS
 10
1.71041
 20
1.52368
 30
 0
 11
1.71113
 21
1.52029
  0
LINE
  8
Gravur
 62
   255
 39
0.016
  6
CONTINUOUS
 10
1.71113
 20
1.52029
 30
 0
 11
1.71131
 21
1.51962
  0
LINE
  8
Gravur
 62
   255
 39
0.016
  6
CONTINUOUS
 10
1.71131
 20
1.51962
 30
 0
 11
1.71405
 21
1.51032
  0
LINE
  8
Gravur
 62
   255
 39
0.016
  6
CONTINUOUS
 10
1.71405
 20
1.51032
 30
 0
 11
1.71839
 21
1.49389
  0
LINE
  8
Gravur
 62
   255
 39
0.016
  6
CONTINUOUS
 10
1.71839
 20
1.49389
 30
 0
 11
1.71921
 21
1.49060
  0
LINE
  8
Gravur
 62
   255
 39
0.016
  6
CONTINUOUS
 10
1.71921
 20
1.49060
 30
 0
 11
1.71930
 21
1.49023
  0
LINE
  8
Gravur
 62
   255
 39
0.016
  6
CONTINUOUS
 10
1.71930
 20
1.49023
 30
 0
 11
1.71930
 21
1.49023
  0
LINE
  8
Gravur
 62
   255
 39
0.016
  6
CONTINUOUS
 10
1.71930
 20
1.49023
 30
 0
 11
1.72029
 21
1.48664
  0
LINE
  8
Gravur
 62
   255
 39
0.016
  6
CONTINUOUS
 10
1.72029
 20
1.48664
 30
 0
 11
1.72053
 21
1.48594
  0
LINE
  8
Gravur
 62
   255
 39
0.016
  6
CONTINUOUS
 10
1.67710
 20
1.51908
 30
 0
 11
1.67612
 21
1.51562
  0
LINE
  8
Gravur
 62
   255
 39
0.016
  6
CONTINUOUS
 10
1.67612
 20
1.51562
 30
 0
 11
1.67443
 21
1.50926
  0
LINE
  8
Gravur
 62
   255
 39
0.016
  6
CONTINUOUS
 10
1.67443
 20
1.50926
 30
 0
 11
1.67042
 21
1.49402
  0
LINE
  8
Gravur
 62
   255
 39
0.016
  6
CONTINUOUS
 10
1.67042
 20
1.49402
 30
 0
 11
1.66832
 21
1.48594
  0
LINE
  8
Gravur
 62
   255
 39
0.016
  6
CONTINUOUS
 10
1.73733
 20
1.58003
 30
 0
 11
1.78384
 21
1.58003
  0
LINE
  8
Gravur
 62
   255
 39
0.016
  6
CONTINUOUS
 10
1.76065
 20
1.57989
 30
 0
 11
1.76065
 21
1.48607
  0
LINE
  8
Gravur
 62
   255
 39
0.016
  6
CONTINUOUS
 10
1.82554
 20
1.58129
 30
 0
 11
1.82799
 21
1.58137
  0
LINE
  8
Gravur
 62
   255
 39
0.016
  6
CONTINUOUS
 10
1.82799
 20
1.58137
 30
 0
 11
1.82822
 21
1.58136
  0
LINE
  8
Gravur
 62
   255
 39
0.016
  6
CONTINUOUS
 10
1.82822
 20
1.58136
 30
 0
 11
1.82822
 21
1.58136
  0
LINE
  8
Gravur
 62
   255
 39
0.016
  6
CONTINUOUS
 10
1.82822
 20
1.58136
 30
 0
 11
1.83043
 21
1.58111
  0
LINE
  8
Gravur
 62
   255
 39
0.016
  6
CONTINUOUS
 10
1.83043
 20
1.58111
 30
 0
 11
1.83084
 21
1.58103
  0
LINE
  8
Gravur
 62
   255
 39
0.016
  6
CONTINUOUS
 10
1.83084
 20
1.58103
 30
 0
 11
1.83326
 21
1.58046
  0
LINE
  8
Gravur
 62
   255
 39
0.016
  6
CONTINUOUS
 10
1.83326
 20
1.58046
 30
 0
 11
1.83347
 21
1.58039
  0
LINE
  8
Gravur
 62
   255
 39
0.016
  6
CONTINUOUS
 10
1.83347
 20
1.58039
 30
 0
 11
1.83347
 21
1.58039
  0
LINE
  8
Gravur
 62
   255
 39
0.016
  6
CONTINUOUS
 10
1.83347
 20
1.58039
 30
 0
 11
1.83548
 21
1.57963
  0
LINE
  8
Gravur
 62
   255
 39
0.016
  6
CONTINUOUS
 10
1.83548
 20
1.57963
 30
 0
 11
1.83588
 21
1.57944
  0
LINE
  8
Gravur
 62
   255
 39
0.016
  6
CONTINUOUS
 10
1.83588
 20
1.57944
 30
 0
 11
1.83982
 21
1.57673
  0
LINE
  8
Gravur
 62
   255
 39
0.016
  6
CONTINUOUS
 10
1.83982
 20
1.57673
 30
 0
 11
1.84049
 21
1.57609
  0
LINE
  8
Gravur
 62
   255
 39
0.016
  6
CONTINUOUS
 10
1.84049
 20
1.57609
 30
 0
 11
1.84112
 21
1.57541
  0
LINE
  8
Gravur
 62
   255
 39
0.016
  6
CONTINUOUS
 10
1.84112
 20
1.57541
 30
 0
 11
1.84173
 21
1.57471
  0
LINE
  8
Gravur
 62
   255
 39
0.016
  6
CONTINUOUS
 10
1.84173
 20
1.57471
 30
 0
 11
1.84173
 21
1.57471
  0
LINE
  8
Gravur
 62
   255
 39
0.016
  6
CONTINUOUS
 10
1.84173
 20
1.57471
 30
 0
 11
1.84316
 21
1.57273
  0
LINE
  8
Gravur
 62
   255
 39
0.016
  6
CONTINUOUS
 10
1.84316
 20
1.57273
 30
 0
 11
1.84440
 21
1.57061
  0
LINE
  8
Gravur
 62
   255
 39
0.016
  6
CONTINUOUS
 10
1.84440
 20
1.57061
 30
 0
 11
1.84547
 21
1.56837
  0
LINE
  8
Gravur
 62
   255
 39
0.016
  6
CONTINUOUS
 10
1.84547
 20
1.56837
 30
 0
 11
1.84639
 21
1.56605
  0
LINE
  8
Gravur
 62
   255
 39
0.016
  6
CONTINUOUS
 10
1.84639
 20
1.56605
 30
 0
 11
1.84639
 21
1.56605
  0
LINE
  8
Gravur
 62
   255
 39
0.016
  6
CONTINUOUS
 10
1.84639
 20
1.56605
 30
 0
 11
1.84712
 21
1.56390
  0
LINE
  8
Gravur
 62
   255
 39
0.016
  6
CONTINUOUS
 10
1.84712
 20
1.56390
 30
 0
 11
1.84777
 21
1.56174
  0
LINE
  8
Gravur
 62
   255
 39
0.016
  6
CONTINUOUS
 10
1.84777
 20
1.56174
 30
 0
 11
1.84846
 21
1.55903
  0
LINE
  8
Gravur
 62
   255
 39
0.016
  6
CONTINUOUS
 10
1.84846
 20
1.55903
 30
 0
 11
1.84867
 21
1.55811
  0
LINE
  8
Gravur
 62
   255
 39
0.016
  6
CONTINUOUS
 10
1.84867
 20
1.55811
 30
 0
 11
1.84867
 21
1.55811
  0
LINE
  8
Gravur
 62
   255
 39
0.016
  6
CONTINUOUS
 10
1.84867
 20
1.55811
 30
 0
 11
1.84961
 21
1.55244
  0
LINE
  8
Gravur
 62
   255
 39
0.016
  6
CONTINUOUS
 10
1.84961
 20
1.55244
 30
 0
 11
1.85015
 21
1.54671
  0
LINE
  8
Gravur
 62
   255
 39
0.016
  6
CONTINUOUS
 10
1.85015
 20
1.54671
 30
 0
 11
1.85015
 21
1.54671
  0
LINE
  8
Gravur
 62
   255
 39
0.016
  6
CONTINUOUS
 10
1.85015
 20
1.54671
 30
 0
 11
1.85042
 21
1.54129
  0
LINE
  8
Gravur
 62
   255
 39
0.016
  6
CONTINUOUS
 10
1.85042
 20
1.54129
 30
 0
 11
1.85059
 21
1.53590
  0
LINE
  8
Gravur
 62
   255
 39
0.016
  6
CONTINUOUS
 10
1.85059
 20
1.53590
 30
 0
 11
1.85050
 21
1.52239
  0
LINE
  8
Gravur
 62
   255
 39
0.016
  6
CONTINUOUS
 10
1.85050
 20
1.52239
 30
 0
 11
1.85041
 21
1.52088
  0
LINE
  8
Gravur
 62
   255
 39
0.016
  6
CONTINUOUS
 10
1.85041
 20
1.52088
 30
 0
 11
1.85041
 21
1.52088
  0
LINE
  8
Gravur
 62
   255
 39
0.016
  6
CONTINUOUS
 10
1.85041
 20
1.52088
 30
 0
 11
1.84949
 21
1.51236
  0
LINE
  8
Gravur
 62
   255
 39
0.016
  6
CONTINUOUS
 10
1.84949
 20
1.51236
 30
 0
 11
1.84899
 21
1.50957
  0
LINE
  8
Gravur
 62
   255
 39
0.016
  6
CONTINUOUS
 10
1.84899
 20
1.50957
 30
 0
 11
1.84840
 21
1.50681
  0
LINE
  8
Gravur
 62
   255
 39
0.016
  6
CONTINUOUS
 10
1.84840
 20
1.50681
 30
 0
 11
1.84769
 21
1.50409
  0
LINE
  8
Gravur
 62
   255
 39
0.016
  6
CONTINUOUS
 10
1.84769
 20
1.50409
 30
 0
 11
1.84647
 21
1.50025
  0
LINE
  8
Gravur
 62
   255
 39
0.016
  6
CONTINUOUS
 10
1.84647
 20
1.50025
 30
 0
 11
1.84619
 21
1.49949
  0
LINE
  8
Gravur
 62
   255
 39
0.016
  6
CONTINUOUS
 10
1.84619
 20
1.49949
 30
 0
 11
1.84619
 21
1.49949
  0
LINE
  8
Gravur
 62
   255
 39
0.016
  6
CONTINUOUS
 10
1.84619
 20
1.49949
 30
 0
 11
1.84519
 21
1.49707
  0
LINE
  8
Gravur
 62
   255
 39
0.016
  6
CONTINUOUS
 10
1.84519
 20
1.49707
 30
 0
 11
1.84402
 21
1.49475
  0
LINE
  8
Gravur
 62
   255
 39
0.016
  6
CONTINUOUS
 10
1.84402
 20
1.49475
 30
 0
 11
1.84266
 21
1.49256
  0
LINE
  8
Gravur
 62
   255
 39
0.016
  6
CONTINUOUS
 10
1.84266
 20
1.49256
 30
 0
 11
1.84107
 21
1.49055
  0
LINE
  8
Gravur
 62
   255
 39
0.016
  6
CONTINUOUS
 10
1.84107
 20
1.49055
 30
 0
 11
1.84107
 21
1.49055
  0
LINE
  8
Gravur
 62
   255
 39
0.016
  6
CONTINUOUS
 10
1.84107
 20
1.49055
 30
 0
 11
1.83826
 21
1.48800
  0
LINE
  8
Gravur
 62
   255
 39
0.016
  6
CONTINUOUS
 10
1.83826
 20
1.48800
 30
 0
 11
1.83482
 21
1.48606
  0
LINE
  8
Gravur
 62
   255
 39
0.016
  6
CONTINUOUS
 10
1.83482
 20
1.48606
 30
 0
 11
1.83194
 21
1.48521
  0
LINE
  8
Gravur
 62
   255
 39
0.016
  6
CONTINUOUS
 10
1.83194
 20
1.48521
 30
 0
 11
1.83167
 21
1.48515
  0
LINE
  8
Gravur
 62
   255
 39
0.016
  6
CONTINUOUS
 10
1.83167
 20
1.48515
 30
 0
 11
1.83167
 21
1.48515
  0
LINE
  8
Gravur
 62
   255
 39
0.016
  6
CONTINUOUS
 10
1.83167
 20
1.48515
 30
 0
 11
1.82943
 21
1.48482
  0
LINE
  8
Gravur
 62
   255
 39
0.016
  6
CONTINUOUS
 10
1.82943
 20
1.48482
 30
 0
 11
1.82899
 21
1.48477
  0
LINE
  8
Gravur
 62
   255
 39
0.016
  6
CONTINUOUS
 10
1.82899
 20
1.48477
 30
 0
 11
1.82664
 21
1.48467
  0
LINE
  8
Gravur
 62
   255
 39
0.016
  6
CONTINUOUS
 10
1.82664
 20
1.48467
 30
 0
 11
1.82639
 21
1.48467
  0
LINE
  8
Gravur
 62
   255
 39
0.016
  6
CONTINUOUS
 10
1.82639
 20
1.48467
 30
 0
 11
1.82639
 21
1.48467
  0
LINE
  8
Gravur
 62
   255
 39
0.016
  6
CONTINUOUS
 10
1.82639
 20
1.48467
 30
 0
 11
1.82415
 21
1.48484
  0
LINE
  8
Gravur
 62
   255
 39
0.016
  6
CONTINUOUS
 10
1.82415
 20
1.48484
 30
 0
 11
1.82369
 21
1.48489
  0
LINE
  8
Gravur
 62
   255
 39
0.016
  6
CONTINUOUS
 10
1.82369
 20
1.48489
 30
 0
 11
1.81774
 21
1.48669
  0
LINE
  8
Gravur
 62
   255
 39
0.016
  6
CONTINUOUS
 10
1.81774
 20
1.48669
 30
 0
 11
1.81670
 21
1.48727
  0
LINE
  8
Gravur
 62
   255
 39
0.016
  6
CONTINUOUS
 10
1.81670
 20
1.48727
 30
 0
 11
1.81571
 21
1.48792
  0
LINE
  8
Gravur
 62
   255
 39
0.016
  6
CONTINUOUS
 10
1.81571
 20
1.48792
 30
 0
 11
1.81476
 21
1.48863
  0
LINE
  8
Gravur
 62
   255
 39
0.016
  6
CONTINUOUS
 10
1.81476
 20
1.48863
 30
 0
 11
1.81476
 21
1.48863
  0
LINE
  8
Gravur
 62
   255
 39
0.016
  6
CONTINUOUS
 10
1.81476
 20
1.48863
 30
 0
 11
1.81302
 21
1.49022
  0
LINE
  8
Gravur
 62
   255
 39
0.016
  6
CONTINUOUS
 10
1.81302
 20
1.49022
 30
 0
 11
1.81145
 21
1.49201
  0
LINE
  8
Gravur
 62
   255
 39
0.016
  6
CONTINUOUS
 10
1.81145
 20
1.49201
 30
 0
 11
1.81007
 21
1.49397
  0
LINE
  8
Gravur
 62
   255
 39
0.016
  6
CONTINUOUS
 10
1.81007
 20
1.49397
 30
 0
 11
1.80886
 21
1.49608
  0
LINE
  8
Gravur
 62
   255
 39
0.016
  6
CONTINUOUS
 10
1.80886
 20
1.49608
 30
 0
 11
1.80782
 21
1.49829
  0
LINE
  8
Gravur
 62
   255
 39
0.016
  6
CONTINUOUS
 10
1.80782
 20
1.49829
 30
 0
 11
1.80694
 21
1.50060
  0
LINE
  8
Gravur
 62
   255
 39
0.016
  6
CONTINUOUS
 10
1.80694
 20
1.50060
 30
 0
 11
1.80694
 21
1.50060
  0
LINE
  8
Gravur
 62
   255
 39
0.016
  6
CONTINUOUS
 10
1.80694
 20
1.50060
 30
 0
 11
1.80633
 21
1.50260
  0
LINE
  8
Gravur
 62
   255
 39
0.016
  6
CONTINUOUS
 10
1.80633
 20
1.50260
 30
 0
 11
1.80583
 21
1.50462
  0
LINE
  8
Gravur
 62
   255
 39
0.016
  6
CONTINUOUS
 10
1.80583
 20
1.50462
 30
 0
 11
1.80368
 21
1.51806
  0
LINE
  8
Gravur
 62
   255
 39
0.016
  6
CONTINUOUS
 10
1.80368
 20
1.51806
 30
 0
 11
1.80353
 21
1.51957
  0
LINE
  8
Gravur
 62
   255
 39
0.016
  6
CONTINUOUS
 10
1.80353
 20
1.51957
 30
 0
 11
1.80353
 21
1.51957
  0
LINE
  8
Gravur
 62
   255
 39
0.016
  6
CONTINUOUS
 10
1.80353
 20
1.51957
 30
 0
 11
1.80302
 21
1.53604
  0
LINE
  8
Gravur
 62
   255
 39
0.016
  6
CONTINUOUS
 10
1.80302
 20
1.53604
 30
 0
 11
1.80314
 21
1.53934
  0
LINE
  8
Gravur
 62
   255
 39
0.016
  6
CONTINUOUS
 10
1.80314
 20
1.53934
 30
 0
 11
1.80377
 21
1.54899
  0
LINE
  8
Gravur
 62
   255
 39
0.016
  6
CONTINUOUS
 10
1.80377
 20
1.54899
 30
 0
 11
1.80386
 21
1.54986
  0
LINE
  8
Gravur
 62
   255
 39
0.016
  6
CONTINUOUS
 10
1.80386
 20
1.54986
 30
 0
 11
1.80386
 21
1.54986
  0
LINE
  8
Gravur
 62
   255
 39
0.016
  6
CONTINUOUS
 10
1.80386
 20
1.54986
 30
 0
 11
1.80504
 21
1.55789
  0
LINE
  8
Gravur
 62
   255
 39
0.016
  6
CONTINUOUS
 10
1.80504
 20
1.55789
 30
 0
 11
1.80539
 21
1.55949
  0
LINE
  8
Gravur
 62
   255
 39
0.016
  6
CONTINUOUS
 10
1.80539
 20
1.55949
 30
 0
 11
1.80697
 21
1.56530
  0
LINE
  8
Gravur
 62
   255
 39
0.016
  6
CONTINUOUS
 10
1.80697
 20
1.56530
 30
 0
 11
1.80738
 21
1.56645
  0
LINE
  8
Gravur
 62
   255
 39
0.016
  6
CONTINUOUS
 10
1.80738
 20
1.56645
 30
 0
 11
1.80738
 21
1.56645
  0
LINE
  8
Gravur
 62
   255
 39
0.016
  6
CONTINUOUS
 10
1.80738
 20
1.56645
 30
 0
 11
1.80835
 21
1.56887
  0
LINE
  8
Gravur
 62
   255
 39
0.016
  6
CONTINUOUS
 10
1.80835
 20
1.56887
 30
 0
 11
1.80949
 21
1.57119
  0
LINE
  8
Gravur
 62
   255
 39
0.016
  6
CONTINUOUS
 10
1.80949
 20
1.57119
 30
 0
 11
1.81084
 21
1.57337
  0
LINE
  8
Gravur
 62
   255
 39
0.016
  6
CONTINUOUS
 10
1.81084
 20
1.57337
 30
 0
 11
1.81241
 21
1.57537
  0
LINE
  8
Gravur
 62
   255
 39
0.016
  6
CONTINUOUS
 10
1.81241
 20
1.57537
 30
 0
 11
1.81241
 21
1.57537
  0
LINE
  8
Gravur
 62
   255
 39
0.016
  6
CONTINUOUS
 10
1.81241
 20
1.57537
 30
 0
 11
1.81489
 21
1.57768
  0
LINE
  8
Gravur
 62
   255
 39
0.016
  6
CONTINUOUS
 10
1.81489
 20
1.57768
 30
 0
 11
1.81786
 21
1.57951
  0
LINE
  8
Gravur
 62
   255
 39
0.016
  6
CONTINUOUS
 10
1.81786
 20
1.57951
 30
 0
 11
1.82115
 21
1.58063
  0
LINE
  8
Gravur
 62
   255
 39
0.016
  6
CONTINUOUS
 10
1.82115
 20
1.58063
 30
 0
 11
1.82152
 21
1.58071
  0
LINE
  8
Gravur
 62
   255
 39
0.016
  6
CONTINUOUS
 10
1.82152
 20
1.58071
 30
 0
 11
1.82152
 21
1.58071
  0
LINE
  8
Gravur
 62
   255
 39
0.016
  6
CONTINUOUS
 10
1.82152
 20
1.58071
 30
 0
 11
1.82485
 21
1.58121
  0
LINE
  8
Gravur
 62
   255
 39
0.016
  6
CONTINUOUS
 10
1.82485
 20
1.58121
 30
 0
 11
1.82554
 21
1.58129
  0
LINE
  8
Gravur
 62
   255
 39
0.024
  6
CONTINUOUS
 10
1.40459
 20
4.99324
 30
 0
 11
1.50556
 21
4.82471
  0
CIRCLE
  8
Gravur
 62
   255
 39
0.016
  6
CONTINUOUS
 10
1.19295
 20
5.39980
 30
 0
 40
0.64961
  0
LINE
  8
Gravur
 62
   255
 39
0.024
  6
CONTINUOUS
 10
0.95311
 20
4.99337
 30
 0
 11
0.85326
 21
4.82647
  0
LINE
  8
Gravur
 62
   255
 39
0.016
  6
CONTINUOUS
 10
0.78423
 20
4.63859
 30
 0
 11
0.78290
 21
4.64471
  0
LINE
  8
Gravur
 62
   255
 39
0.016
  6
CONTINUOUS
 10
0.78290
 20
4.64471
 30
 0
 11
0.78283
 21
4.64508
  0
LINE
  8
Gravur
 62
   255
 39
0.016
  6
CONTINUOUS
 10
0.78283
 20
4.64508
 30
 0
 11
0.78258
 21
4.64664
  0
LINE
  8
Gravur
 62
   255
 39
0.016
  6
CONTINUOUS
 10
0.78258
 20
4.64664
 30
 0
 11
0.78254
 21
4.64690
  0
LINE
  8
Gravur
 62
   255
 39
0.016
  6
CONTINUOUS
 10
0.78254
 20
4.64690
 30
 0
 11
0.78181
 21
4.65401
  0
LINE
  8
Gravur
 62
   255
 39
0.016
  6
CONTINUOUS
 10
0.78181
 20
4.65401
 30
 0
 11
0.78177
 21
4.65466
  0
LINE
  8
Gravur
 62
   255
 39
0.016
  6
CONTINUOUS
 10
0.78177
 20
4.65466
 30
 0
 11
0.78177
 21
4.65466
  0
LINE
  8
Gravur
 62
   255
 39
0.016
  6
CONTINUOUS
 10
0.78177
 20
4.65466
 30
 0
 11
0.78136
 21
4.66022
  0
LINE
  8
Gravur
 62
   255
 39
0.016
  6
CONTINUOUS
 10
0.78136
 20
4.66022
 30
 0
 11
0.78126
 21
4.66133
  0
LINE
  8
Gravur
 62
   255
 39
0.016
  6
CONTINUOUS
 10
0.78126
 20
4.66133
 30
 0
 11
0.78090
 21
4.67149
  0
LINE
  8
Gravur
 62
   255
 39
0.016
  6
CONTINUOUS
 10
0.78090
 20
4.67149
 30
 0
 11
0.78091
 21
4.67242
  0
LINE
  8
Gravur
 62
   255
 39
0.016
  6
CONTINUOUS
 10
0.78091
 20
4.67242
 30
 0
 11
0.78091
 21
4.67242
  0
LINE
  8
Gravur
 62
   255
 39
0.016
  6
CONTINUOUS
 10
0.78091
 20
4.67242
 30
 0
 11
0.78120
 21
4.68076
  0
LINE
  8
Gravur
 62
   255
 39
0.016
  6
CONTINUOUS
 10
0.78120
 20
4.68076
 30
 0
 11
0.78128
 21
4.68242
  0
LINE
  8
Gravur
 62
   255
 39
0.016
  6
CONTINUOUS
 10
0.78128
 20
4.68242
 30
 0
 11
0.78213
 21
4.69393
  0
LINE
  8
Gravur
 62
   255
 39
0.016
  6
CONTINUOUS
 10
0.78213
 20
4.69393
 30
 0
 11
0.78229
 21
4.69521
  0
LINE
  8
Gravur
 62
   255
 39
0.016
  6
CONTINUOUS
 10
0.78229
 20
4.69521
 30
 0
 11
0.78229
 21
4.69521
  0
LINE
  8
Gravur
 62
   255
 39
0.016
  6
CONTINUOUS
 10
0.78229
 20
4.69521
 30
 0
 11
0.78371
 21
4.70308
  0
LINE
  8
Gravur
 62
   255
 39
0.016
  6
CONTINUOUS
 10
0.78371
 20
4.70308
 30
 0
 11
0.78439
 21
4.70565
  0
LINE
  8
Gravur
 62
   255
 39
0.016
  6
CONTINUOUS
 10
0.78439
 20
4.70565
 30
 0
 11
0.78519
 21
4.70817
  0
LINE
  8
Gravur
 62
   255
 39
0.016
  6
CONTINUOUS
 10
0.78519
 20
4.70817
 30
 0
 11
0.78613
 21
4.71063
  0
LINE
  8
Gravur
 62
   255
 39
0.016
  6
CONTINUOUS
 10
0.78613
 20
4.71063
 30
 0
 11
0.78613
 21
4.71063
  0
LINE
  8
Gravur
 62
   255
 39
0.016
  6
CONTINUOUS
 10
0.78613
 20
4.71063
 30
 0
 11
0.78665
 21
4.71182
  0
LINE
  8
Gravur
 62
   255
 39
0.016
  6
CONTINUOUS
 10
0.78665
 20
4.71182
 30
 0
 11
0.78720
 21
4.71298
  0
LINE
  8
Gravur
 62
   255
 39
0.016
  6
CONTINUOUS
 10
0.78720
 20
4.71298
 30
 0
 11
0.78964
 21
4.71685
  0
LINE
  8
Gravur
 62
   255
 39
0.016
  6
CONTINUOUS
 10
0.78964
 20
4.71685
 30
 0
 11
0.78997
 21
4.71726
  0
LINE
  8
Gravur
 62
   255
 39
0.016
  6
CONTINUOUS
 10
0.78997
 20
4.71726
 30
 0
 11
0.78997
 21
4.71726
  0
LINE
  8
Gravur
 62
   255
 39
0.016
  6
CONTINUOUS
 10
0.78997
 20
4.71726
 30
 0
 11
0.79340
 21
4.72048
  0
LINE
  8
Gravur
 62
   255
 39
0.016
  6
CONTINUOUS
 10
0.79340
 20
4.72048
 30
 0
 11
0.79416
 21
4.72098
  0
LINE
  8
Gravur
 62
   255
 39
0.016
  6
CONTINUOUS
 10
0.79416
 20
4.72098
 30
 0
 11
0.79486
 21
4.72138
  0
LINE
  8
Gravur
 62
   255
 39
0.016
  6
CONTINUOUS
 10
0.79486
 20
4.72138
 30
 0
 11
0.79556
 21
4.72174
  0
LINE
  8
Gravur
 62
   255
 39
0.016
  6
CONTINUOUS
 10
0.79556
 20
4.72174
 30
 0
 11
0.79556
 21
4.72174
  0
LINE
  8
Gravur
 62
   255
 39
0.016
  6
CONTINUOUS
 10
0.79556
 20
4.72174
 30
 0
 11
0.80028
 21
4.72317
  0
LINE
  8
Gravur
 62
   255
 39
0.016
  6
CONTINUOUS
 10
0.80028
 20
4.72317
 30
 0
 11
0.80526
 21
4.72328
  0
LINE
  8
Gravur
 62
   255
 39
0.016
  6
CONTINUOUS
 10
0.80526
 20
4.72328
 30
 0
 11
0.80526
 21
4.72328
  0
LINE
  8
Gravur
 62
   255
 39
0.016
  6
CONTINUOUS
 10
0.80526
 20
4.72328
 30
 0
 11
0.81043
 21
4.72203
  0
LINE
  8
Gravur
 62
   255
 39
0.016
  6
CONTINUOUS
 10
0.81043
 20
4.72203
 30
 0
 11
0.81497
 21
4.71945
  0
LINE
  8
Gravur
 62
   255
 39
0.016
  6
CONTINUOUS
 10
0.81497
 20
4.71945
 30
 0
 11
0.81904
 21
4.71487
  0
LINE
  8
Gravur
 62
   255
 39
0.016
  6
CONTINUOUS
 10
0.81904
 20
4.71487
 30
 0
 11
0.81935
 21
4.71438
  0
LINE
  8
Gravur
 62
   255
 39
0.016
  6
CONTINUOUS
 10
0.81935
 20
4.71438
 30
 0
 11
0.81935
 21
4.71438
  0
LINE
  8
Gravur
 62
   255
 39
0.016
  6
CONTINUOUS
 10
0.81935
 20
4.71438
 30
 0
 11
0.82176
 21
4.70964
  0
LINE
  8
Gravur
 62
   255
 39
0.016
  6
CONTINUOUS
 10
0.82176
 20
4.70964
 30
 0
 11
0.82211
 21
4.70870
  0
LINE
  8
Gravur
 62
   255
 39
0.016
  6
CONTINUOUS
 10
0.82211
 20
4.70870
 30
 0
 11
0.82246
 21
4.70736
  0
LINE
  8
Gravur
 62
   255
 39
0.016
  6
CONTINUOUS
 10
0.82246
 20
4.70736
 30
 0
 11
0.82140
 21
4.70404
  0
LINE
  8
Gravur
 62
   255
 39
0.016
  6
CONTINUOUS
 10
0.82140
 20
4.70404
 30
 0
 11
0.82127
 21
4.70378
  0
LINE
  8
Gravur
 62
   255
 39
0.016
  6
CONTINUOUS
 10
0.82127
 20
4.70378
 30
 0
 11
0.82127
 21
4.70378
  0
LINE
  8
Gravur
 62
   255
 39
0.016
  6
CONTINUOUS
 10
0.82127
 20
4.70378
 30
 0
 11
0.82016
 21
4.70180
  0
LINE
  8
Gravur
 62
   255
 39
0.016
  6
CONTINUOUS
 10
0.82016
 20
4.70180
 30
 0
 11
0.81992
 21
4.70138
  0
LINE
  8
Gravur
 62
   255
 39
0.016
  6
CONTINUOUS
 10
0.81992
 20
4.70138
 30
 0
 11
0.81353
 21
4.69034
  0
LINE
  8
Gravur
 62
   255
 39
0.016
  6
CONTINUOUS
 10
0.81353
 20
4.69034
 30
 0
 11
0.79125
 21
4.65185
  0
LINE
  8
Gravur
 62
   255
 39
0.016
  6
CONTINUOUS
 10
0.79125
 20
4.65185
 30
 0
 11
0.78627
 21
4.64322
  0
LINE
  8
Gravur
 62
   255
 39
0.016
  6
CONTINUOUS
 10
0.78627
 20
4.64322
 30
 0
 11
0.78425
 21
4.63866
  0
LINE
  8
Gravur
 62
   255
 39
0.016
  6
CONTINUOUS
 10
0.78425
 20
4.63866
 30
 0
 11
0.78474
 21
4.63659
  0
LINE
  8
Gravur
 62
   255
 39
0.016
  6
CONTINUOUS
 10
0.78474
 20
4.63659
 30
 0
 11
0.78478
 21
4.63645
  0
LINE
  8
Gravur
 62
   255
 39
0.016
  6
CONTINUOUS
 10
0.78478
 20
4.63645
 30
 0
 11
0.78478
 21
4.63645
  0
LINE
  8
Gravur
 62
   255
 39
0.016
  6
CONTINUOUS
 10
0.78478
 20
4.63645
 30
 0
 11
0.78528
 21
4.63510
  0
LINE
  8
Gravur
 62
   255
 39
0.016
  6
CONTINUOUS
 10
0.78528
 20
4.63510
 30
 0
 11
0.78542
 21
4.63473
  0
LINE
  8
Gravur
 62
   255
 39
0.016
  6
CONTINUOUS
 10
0.78542
 20
4.63473
 30
 0
 11
0.78679
 21
4.63142
  0
LINE
  8
Gravur
 62
   255
 39
0.016
  6
CONTINUOUS
 10
0.78679
 20
4.63142
 30
 0
 11
0.78710
 21
4.63076
  0
LINE
  8
Gravur
 62
   255
 39
0.016
  6
CONTINUOUS
 10
0.78710
 20
4.63076
 30
 0
 11
0.78710
 21
4.63076
  0
LINE
  8
Gravur
 62
   255
 39
0.016
  6
CONTINUOUS
 10
0.78710
 20
4.63076
 30
 0
 11
0.78996
 21
4.62616
  0
LINE
  8
Gravur
 62
   255
 39
0.016
  6
CONTINUOUS
 10
0.78996
 20
4.62616
 30
 0
 11
0.79115
 21
4.62482
  0
LINE
  8
Gravur
 62
   255
 39
0.016
  6
CONTINUOUS
 10
0.79115
 20
4.62482
 30
 0
 11
0.79115
 21
4.62482
  0
LINE
  8
Gravur
 62
   255
 39
0.016
  6
CONTINUOUS
 10
0.79115
 20
4.62482
 30
 0
 11
0.79319
 21
4.62310
  0
LINE
  8
Gravur
 62
   255
 39
0.016
  6
CONTINUOUS
 10
0.79319
 20
4.62310
 30
 0
 11
0.79558
 21
4.62177
  0
LINE
  8
Gravur
 62
   255
 39
0.016
  6
CONTINUOUS
 10
0.79558
 20
4.62177
 30
 0
 11
0.80221
 21
4.62013
  0
LINE
  8
Gravur
 62
   255
 39
0.016
  6
CONTINUOUS
 10
0.80221
 20
4.62013
 30
 0
 11
0.80318
 21
4.62008
  0
LINE
  8
Gravur
 62
   255
 39
0.016
  6
CONTINUOUS
 10
0.80318
 20
4.62008
 30
 0
 11
0.80798
 21
4.62053
  0
LINE
  8
Gravur
 62
   255
 39
0.016
  6
CONTINUOUS
 10
0.80798
 20
4.62053
 30
 0
 11
0.80892
 21
4.62077
  0
LINE
  8
Gravur
 62
   255
 39
0.016
  6
CONTINUOUS
 10
0.80892
 20
4.62077
 30
 0
 11
0.80892
 21
4.62077
  0
LINE
  8
Gravur
 62
   255
 39
0.016
  6
CONTINUOUS
 10
0.80892
 20
4.62077
 30
 0
 11
0.81249
 21
4.62224
  0
LINE
  8
Gravur
 62
   255
 39
0.016
  6
CONTINUOUS
 10
0.81249
 20
4.62224
 30
 0
 11
0.81360
 21
4.62291
  0
LINE
  8
Gravur
 62
   255
 39
0.016
  6
CONTINUOUS
 10
0.81360
 20
4.62291
 30
 0
 11
0.81466
 21
4.62368
  0
LINE
  8
Gravur
 62
   255
 39
0.016
  6
CONTINUOUS
 10
0.81466
 20
4.62368
 30
 0
 11
0.81567
 21
4.62455
  0
LINE
  8
Gravur
 62
   255
 39
0.016
  6
CONTINUOUS
 10
0.81567
 20
4.62455
 30
 0
 11
0.81888
 21
4.62848
  0
LINE
  8
Gravur
 62
   255
 39
0.016
  6
CONTINUOUS
 10
0.81888
 20
4.62848
 30
 0
 11
0.81912
 21
4.62888
  0
LINE
  8
Gravur
 62
   255
 39
0.016
  6
CONTINUOUS
 10
0.81912
 20
4.62888
 30
 0
 11
0.81912
 21
4.62888
  0
LINE
  8
Gravur
 62
   255
 39
0.016
  6
CONTINUOUS
 10
0.81912
 20
4.62888
 30
 0
 11
0.82084
 21
4.63221
  0
LINE
  8
Gravur
 62
   255
 39
0.016
  6
CONTINUOUS
 10
0.82084
 20
4.63221
 30
 0
 11
0.82113
 21
4.63289
  0
LINE
  8
Gravur
 62
   255
 39
0.016
  6
CONTINUOUS
 10
0.82113
 20
4.63289
 30
 0
 11
0.82184
 21
4.63476
  0
LINE
  8
Gravur
 62
   255
 39
0.016
  6
CONTINUOUS
 10
0.82184
 20
4.63476
 30
 0
 11
0.82206
 21
4.63539
  0
LINE
  8
Gravur
 62
   255
 39
0.016
  6
CONTINUOUS
 10
0.82206
 20
4.63539
 30
 0
 11
0.82206
 21
4.63539
  0
LINE
  8
Gravur
 62
   255
 39
0.016
  6
CONTINUOUS
 10
0.82206
 20
4.63539
 30
 0
 11
0.82318
 21
4.63932
  0
LINE
  8
Gravur
 62
   255
 39
0.016
  6
CONTINUOUS
 10
0.82318
 20
4.63932
 30
 0
 11
0.82403
 21
4.64333
  0
LINE
  8
Gravur
 62
   255
 39
0.016
  6
CONTINUOUS
 10
0.82403
 20
4.64333
 30
 0
 11
0.82403
 21
4.64333
  0
LINE
  8
Gravur
 62
   255
 39
0.016
  6
CONTINUOUS
 10
0.82403
 20
4.64333
 30
 0
 11
0.82459
 21
4.64674
  0
LINE
  8
Gravur
 62
   255
 39
0.016
  6
CONTINUOUS
 10
0.82459
 20
4.64674
 30
 0
 11
0.82506
 21
4.65015
  0
LINE
  8
Gravur
 62
   255
 39
0.016
  6
CONTINUOUS
 10
0.82506
 20
4.65015
 30
 0
 11
0.82627
 21
4.66449
  0
LINE
  8
Gravur
 62
   255
 39
0.016
  6
CONTINUOUS
 10
0.82627
 20
4.66449
 30
 0
 11
0.82633
 21
4.66609
  0
LINE
  8
Gravur
 62
   255
 39
0.016
  6
CONTINUOUS
 10
0.82633
 20
4.66609
 30
 0
 11
0.82633
 21
4.66609
  0
LINE
  8
Gravur
 62
   255
 39
0.016
  6
CONTINUOUS
 10
0.82633
 20
4.66609
 30
 0
 11
0.82618
 21
4.67948
  0
LINE
  8
Gravur
 62
   255
 39
0.016
  6
CONTINUOUS
 10
0.82618
 20
4.67948
 30
 0
 11
0.82602
 21
4.68213
  0
LINE
  8
Gravur
 62
   255
 39
0.016
  6
CONTINUOUS
 10
0.82602
 20
4.68213
 30
 0
 11
0.82482
 21
4.69574
  0
LINE
  8
Gravur
 62
   255
 39
0.016
  6
CONTINUOUS
 10
0.82482
 20
4.69574
 30
 0
 11
0.82471
 21
4.69653
  0
LINE
  8
Gravur
 62
   255
 39
0.016
  6
CONTINUOUS
 10
0.82471
 20
4.69653
 30
 0
 11
0.82459
 21
4.69733
  0
LINE
  8
Gravur
 62
   255
 39
0.016
  6
CONTINUOUS
 10
0.82459
 20
4.69733
 30
 0
 11
0.82446
 21
4.69812
  0
LINE
  8
Gravur
 62
   255
 39
0.016
  6
CONTINUOUS
 10
0.82446
 20
4.69812
 30
 0
 11
0.82247
 21
4.70741
  0
LINE
  8
Gravur
 62
   255
 39
0.016
  6
CONTINUOUS
 10
1.53058
 20
4.70406
 30
 0
 11
1.55039
 21
4.71504
  0
LINE
  8
Gravur
 62
   255
 39
0.016
  6
CONTINUOUS
 10
1.55039
 20
4.71504
 30
 0
 11
1.55577
 21
4.71776
  0
LINE
  8
Gravur
 62
   255
 39
0.016
  6
CONTINUOUS
 10
1.55577
 20
4.71776
 30
 0
 11
1.55755
 21
4.71799
  0
LINE
  8
Gravur
 62
   255
 39
0.016
  6
CONTINUOUS
 10
1.55755
 20
4.71799
 30
 0
 11
1.55789
 21
4.71652
  0
LINE
  8
Gravur
 62
   255
 39
0.016
  6
CONTINUOUS
 10
1.55789
 20
4.71652
 30
 0
 11
1.55789
 21
4.71227
  0
LINE
  8
Gravur
 62
   255
 39
0.016
  6
CONTINUOUS
 10
1.55789
 20
4.71227
 30
 0
 11
1.55789
 21
4.69416
  0
LINE
  8
Gravur
 62
   255
 39
0.016
  6
CONTINUOUS
 10
1.55789
 20
4.69416
 30
 0
 11
1.55789
 21
4.61802
  0
LINE
  8
Gravur
 62
   255
 39
0.016
  6
CONTINUOUS
 10
1.60356
 20
4.63505
 30
 0
 11
1.60223
 21
4.64117
  0
LINE
  8
Gravur
 62
   255
 39
0.016
  6
CONTINUOUS
 10
1.60223
 20
4.64117
 30
 0
 11
1.60216
 21
4.64154
  0
LINE
  8
Gravur
 62
   255
 39
0.016
  6
CONTINUOUS
 10
1.60216
 20
4.64154
 30
 0
 11
1.60191
 21
4.64310
  0
LINE
  8
Gravur
 62
   255
 39
0.016
  6
CONTINUOUS
 10
1.60191
 20
4.64310
 30
 0
 11
1.60187
 21
4.64335
  0
LINE
  8
Gravur
 62
   255
 39
0.016
  6
CONTINUOUS
 10
1.60187
 20
4.64335
 30
 0
 11
1.60114
 21
4.65047
  0
LINE
  8
Gravur
 62
   255
 39
0.016
  6
CONTINUOUS
 10
1.60114
 20
4.65047
 30
 0
 11
1.60110
 21
4.65112
  0
LINE
  8
Gravur
 62
   255
 39
0.016
  6
CONTINUOUS
 10
1.60110
 20
4.65112
 30
 0
 11
1.60110
 21
4.65112
  0
LINE
  8
Gravur
 62
   255
 39
0.016
  6
CONTINUOUS
 10
1.60110
 20
4.65112
 30
 0
 11
1.60069
 21
4.65667
  0
LINE
  8
Gravur
 62
   255
 39
0.016
  6
CONTINUOUS
 10
1.60069
 20
4.65667
 30
 0
 11
1.60059
 21
4.65779
  0
LINE
  8
Gravur
 62
   255
 39
0.016
  6
CONTINUOUS
 10
1.60059
 20
4.65779
 30
 0
 11
1.60023
 21
4.66795
  0
LINE
  8
Gravur
 62
   255
 39
0.016
  6
CONTINUOUS
 10
1.60023
 20
4.66795
 30
 0
 11
1.60024
 21
4.66888
  0
LINE
  8
Gravur
 62
   255
 39
0.016
  6
CONTINUOUS
 10
1.60024
 20
4.66888
 30
 0
 11
1.60024
 21
4.66888
  0
LINE
  8
Gravur
 62
   255
 39
0.016
  6
CONTINUOUS
 10
1.60024
 20
4.66888
 30
 0
 11
1.60053
 21
4.67722
  0
LINE
  8
Gravur
 62
   255
 39
0.016
  6
CONTINUOUS
 10
1.60053
 20
4.67722
 30
 0
 11
1.60061
 21
4.67887
  0
LINE
  8
Gravur
 62
   255
 39
0.016
  6
CONTINUOUS
 10
1.60061
 20
4.67887
 30
 0
 11
1.60146
 21
4.69038
  0
LINE
  8
Gravur
 62
   255
 39
0.016
  6
CONTINUOUS
 10
1.60146
 20
4.69038
 30
 0
 11
1.60162
 21
4.69167
  0
LINE
  8
Gravur
 62
   255
 39
0.016
  6
CONTINUOUS
 10
1.60162
 20
4.69167
 30
 0
 11
1.60162
 21
4.69167
  0
LINE
  8
Gravur
 62
   255
 39
0.016
  6
CONTINUOUS
 10
1.60162
 20
4.69167
 30
 0
 11
1.60304
 21
4.69954
  0
LINE
  8
Gravur
 62
   255
 39
0.016
  6
CONTINUOUS
 10
1.60304
 20
4.69954
 30
 0
 11
1.60372
 21
4.70211
  0
LINE
  8
Gravur
 62
   255
 39
0.016
  6
CONTINUOUS
 10
1.60372
 20
4.70211
 30
 0
 11
1.60452
 21
4.70462
  0
LINE
  8
Gravur
 62
   255
 39
0.016
  6
CONTINUOUS
 10
1.60452
 20
4.70462
 30
 0
 11
1.60546
 21
4.70709
  0
LINE
  8
Gravur
 62
   255
 39
0.016
  6
CONTINUOUS
 10
1.60546
 20
4.70709
 30
 0
 11
1.60546
 21
4.70709
  0
LINE
  8
Gravur
 62
   255
 39
0.016
  6
CONTINUOUS
 10
1.60546
 20
4.70709
 30
 0
 11
1.60598
 21
4.70827
  0
LINE
  8
Gravur
 62
   255
 39
0.016
  6
CONTINUOUS
 10
1.60598
 20
4.70827
 30
 0
 11
1.60653
 21
4.70944
  0
LINE
  8
Gravur
 62
   255
 39
0.016
  6
CONTINUOUS
 10
1.60653
 20
4.70944
 30
 0
 11
1.60897
 21
4.71331
  0
LINE
  8
Gravur
 62
   255
 39
0.016
  6
CONTINUOUS
 10
1.60897
 20
4.71331
 30
 0
 11
1.60930
 21
4.71372
  0
LINE
  8
Gravur
 62
   255
 39
0.016
  6
CONTINUOUS
 10
1.60930
 20
4.71372
 30
 0
 11
1.60930
 21
4.71372
  0
LINE
  8
Gravur
 62
   255
 39
0.016
  6
CONTINUOUS
 10
1.60930
 20
4.71372
 30
 0
 11
1.61273
 21
4.71693
  0
LINE
  8
Gravur
 62
   255
 39
0.016
  6
CONTINUOUS
 10
1.61273
 20
4.71693
 30
 0
 11
1.61350
 21
4.71744
  0
LINE
  8
Gravur
 62
   255
 39
0.016
  6
CONTINUOUS
 10
1.61350
 20
4.71744
 30
 0
 11
1.61419
 21
4.71783
  0
LINE
  8
Gravur
 62
   255
 39
0.016
  6
CONTINUOUS
 10
1.61419
 20
4.71783
 30
 0
 11
1.61490
 21
4.71819
  0
LINE
  8
Gravur
 62
   255
 39
0.016
  6
CONTINUOUS
 10
1.61490
 20
4.71819
 30
 0
 11
1.61490
 21
4.71819
  0
LINE
  8
Gravur
 62
   255
 39
0.016
  6
CONTINUOUS
 10
1.61490
 20
4.71819
 30
 0
 11
1.61961
 21
4.71962
  0
LINE
  8
Gravur
 62
   255
 39
0.016
  6
CONTINUOUS
 10
1.61961
 20
4.71962
 30
 0
 11
1.62459
 21
4.71973
  0
LINE
  8
Gravur
 62
   255
 39
0.016
  6
CONTINUOUS
 10
1.62459
 20
4.71973
 30
 0
 11
1.62459
 21
4.71973
  0
LINE
  8
Gravur
 62
   255
 39
0.016
  6
CONTINUOUS
 10
1.62459
 20
4.71973
 30
 0
 11
1.62976
 21
4.71848
  0
LINE
  8
Gravur
 62
   255
 39
0.016
  6
CONTINUOUS
 10
1.62976
 20
4.71848
 30
 0
 11
1.63430
 21
4.71591
  0
LINE
  8
Gravur
 62
   255
 39
0.016
  6
CONTINUOUS
 10
1.63430
 20
4.71591
 30
 0
 11
1.63837
 21
4.71132
  0
LINE
  8
Gravur
 62
   255
 39
0.016
  6
CONTINUOUS
 10
1.63837
 20
4.71132
 30
 0
 11
1.63868
 21
4.71084
  0
LINE
  8
Gravur
 62
   255
 39
0.016
  6
CONTINUOUS
 10
1.63868
 20
4.71084
 30
 0
 11
1.63868
 21
4.71084
  0
LINE
  8
Gravur
 62
   255
 39
0.016
  6
CONTINUOUS
 10
1.63868
 20
4.71084
 30
 0
 11
1.64109
 21
4.70609
  0
LINE
  8
Gravur
 62
   255
 39
0.016
  6
CONTINUOUS
 10
1.64109
 20
4.70609
 30
 0
 11
1.64144
 21
4.70516
  0
LINE
  8
Gravur
 62
   255
 39
0.016
  6
CONTINUOUS
 10
1.64144
 20
4.70516
 30
 0
 11
1.64179
 21
4.70382
  0
LINE
  8
Gravur
 62
   255
 39
0.016
  6
CONTINUOUS
 10
1.64179
 20
4.70382
 30
 0
 11
1.64073
 21
4.70049
  0
LINE
  8
Gravur
 62
   255
 39
0.016
  6
CONTINUOUS
 10
1.64073
 20
4.70049
 30
 0
 11
1.64060
 21
4.70023
  0
LINE
  8
Gravur
 62
   255
 39
0.016
  6
CONTINUOUS
 10
1.64060
 20
4.70023
 30
 0
 11
1.64060
 21
4.70023
  0
LINE
  8
Gravur
 62
   255
 39
0.016
  6
CONTINUOUS
 10
1.64060
 20
4.70023
 30
 0
 11
1.63949
 21
4.69826
  0
LINE
  8
Gravur
 62
   255
 39
0.016
  6
CONTINUOUS
 10
1.63949
 20
4.69826
 30
 0
 11
1.63925
 21
4.69784
  0
LINE
  8
Gravur
 62
   255
 39
0.016
  6
CONTINUOUS
 10
1.63925
 20
4.69784
 30
 0
 11
1.63286
 21
4.68680
  0
LINE
  8
Gravur
 62
   255
 39
0.016
  6
CONTINUOUS
 10
1.63286
 20
4.68680
 30
 0
 11
1.61058
 21
4.64831
  0
LINE
  8
Gravur
 62
   255
 39
0.016
  6
CONTINUOUS
 10
1.61058
 20
4.64831
 30
 0
 11
1.60560
 21
4.63967
  0
LINE
  8
Gravur
 62
   255
 39
0.016
  6
CONTINUOUS
 10
1.60560
 20
4.63967
 30
 0
 11
1.60358
 21
4.63512
  0
LINE
  8
Gravur
 62
   255
 39
0.016
  6
CONTINUOUS
 10
1.60358
 20
4.63512
 30
 0
 11
1.60407
 21
4.63305
  0
LINE
  8
Gravur
 62
   255
 39
0.016
  6
CONTINUOUS
 10
1.60407
 20
4.63305
 30
 0
 11
1.60411
 21
4.63291
  0
LINE
  8
Gravur
 62
   255
 39
0.016
  6
CONTINUOUS
 10
1.60411
 20
4.63291
 30
 0
 11
1.60411
 21
4.63291
  0
LINE
  8
Gravur
 62
   255
 39
0.016
  6
CONTINUOUS
 10
1.60411
 20
4.63291
 30
 0
 11
1.60461
 21
4.63156
  0
LINE
  8
Gravur
 62
   255
 39
0.016
  6
CONTINUOUS
 10
1.60461
 20
4.63156
 30
 0
 11
1.60475
 21
4.63118
  0
LINE
  8
Gravur
 62
   255
 39
0.016
  6
CONTINUOUS
 10
1.60475
 20
4.63118
 30
 0
 11
1.60612
 21
4.62787
  0
LINE
  8
Gravur
 62
   255
 39
0.016
  6
CONTINUOUS
 10
1.60612
 20
4.62787
 30
 0
 11
1.60643
 21
4.62722
  0
LINE
  8
Gravur
 62
   255
 39
0.016
  6
CONTINUOUS
 10
1.60643
 20
4.62722
 30
 0
 11
1.60643
 21
4.62722
  0
LINE
  8
Gravur
 62
   255
 39
0.016
  6
CONTINUOUS
 10
1.60643
 20
4.62722
 30
 0
 11
1.60929
 21
4.62262
  0
LINE
  8
Gravur
 62
   255
 39
0.016
  6
CONTINUOUS
 10
1.60929
 20
4.62262
 30
 0
 11
1.61048
 21
4.62128
  0
LINE
  8
Gravur
 62
   255
 39
0.016
  6
CONTINUOUS
 10
1.61048
 20
4.62128
 30
 0
 11
1.61048
 21
4.62128
  0
LINE
  8
Gravur
 62
   255
 39
0.016
  6
CONTINUOUS
 10
1.61048
 20
4.62128
 30
 0
 11
1.61252
 21
4.61956
  0
LINE
  8
Gravur
 62
   255
 39
0.016
  6
CONTINUOUS
 10
1.61252
 20
4.61956
 30
 0
 11
1.61491
 21
4.61823
  0
LINE
  8
Gravur
 62
   255
 39
0.016
  6
CONTINUOUS
 10
1.61491
 20
4.61823
 30
 0
 11
1.62154
 21
4.61659
  0
LINE
  8
Gravur
 62
   255
 39
0.016
  6
CONTINUOUS
 10
1.62154
 20
4.61659
 30
 0
 11
1.62251
 21
4.61653
  0
LINE
  8
Gravur
 62
   255
 39
0.016
  6
CONTINUOUS
 10
1.62251
 20
4.61653
 30
 0
 11
1.62731
 21
4.61699
  0
LINE
  8
Gravur
 62
   255
 39
0.016
  6
CONTINUOUS
 10
1.62731
 20
4.61699
 30
 0
 11
1.62825
 21
4.61723
  0
LINE
  8
Gravur
 62
   255
 39
0.016
  6
CONTINUOUS
 10
1.62825
 20
4.61723
 30
 0
 11
1.62825
 21
4.61723
  0
LINE
  8
Gravur
 62
   255
 39
0.016
  6
CONTINUOUS
 10
1.62825
 20
4.61723
 30
 0
 11
1.63182
 21
4.61869
  0
LINE
  8
Gravur
 62
   255
 39
0.016
  6
CONTINUOUS
 10
1.63182
 20
4.61869
 30
 0
 11
1.63293
 21
4.61937
  0
LINE
  8
Gravur
 62
   255
 39
0.016
  6
CONTINUOUS
 10
1.63293
 20
4.61937
 30
 0
 11
1.63399
 21
4.62014
  0
LINE
  8
Gravur
 62
   255
 39
0.016
  6
CONTINUOUS
 10
1.63399
 20
4.62014
 30
 0
 11
1.63501
 21
4.62101
  0
LINE
  8
Gravur
 62
   255
 39
0.016
  6
CONTINUOUS
 10
1.63501
 20
4.62101
 30
 0
 11
1.63821
 21
4.62494
  0
LINE
  8
Gravur
 62
   255
 39
0.016
  6
CONTINUOUS
 10
1.63821
 20
4.62494
 30
 0
 11
1.63845
 21
4.62534
  0
LINE
  8
Gravur
 62
   255
 39
0.016
  6
CONTINUOUS
 10
1.63845
 20
4.62534
 30
 0
 11
1.63845
 21
4.62534
  0
LINE
  8
Gravur
 62
   255
 39
0.016
  6
CONTINUOUS
 10
1.63845
 20
4.62534
 30
 0
 11
1.64017
 21
4.62866
  0
LINE
  8
Gravur
 62
   255
 39
0.016
  6
CONTINUOUS
 10
1.64017
 20
4.62866
 30
 0
 11
1.64046
 21
4.62934
  0
LINE
  8
Gravur
 62
   255
 39
0.016
  6
CONTINUOUS
 10
1.64046
 20
4.62934
 30
 0
 11
1.64117
 21
4.63121
  0
LINE
  8
Gravur
 62
   255
 39
0.016
  6
CONTINUOUS
 10
1.64117
 20
4.63121
 30
 0
 11
1.64139
 21
4.63185
  0
LINE
  8
Gravur
 62
   255
 39
0.016
  6
CONTINUOUS
 10
1.64139
 20
4.63185
 30
 0
 11
1.64139
 21
4.63185
  0
LINE
  8
Gravur
 62
   255
 39
0.016
  6
CONTINUOUS
 10
1.64139
 20
4.63185
 30
 0
 11
1.64251
 21
4.63577
  0
LINE
  8
Gravur
 62
   255
 39
0.016
  6
CONTINUOUS
 10
1.64251
 20
4.63577
 30
 0
 11
1.64336
 21
4.63978
  0
LINE
  8
Gravur
 62
   255
 39
0.016
  6
CONTINUOUS
 10
1.64336
 20
4.63978
 30
 0
 11
1.64336
 21
4.63978
  0
LINE
  8
Gravur
 62
   255
 39
0.016
  6
CONTINUOUS
 10
1.64336
 20
4.63978
 30
 0
 11
1.64392
 21
4.64320
  0
LINE
  8
Gravur
 62
   255
 39
0.016
  6
CONTINUOUS
 10
1.64392
 20
4.64320
 30
 0
 11
1.64439
 21
4.64661
  0
LINE
  8
Gravur
 62
   255
 39
0.016
  6
CONTINUOUS
 10
1.64439
 20
4.64661
 30
 0
 11
1.64560
 21
4.66094
  0
LINE
  8
Gravur
 62
   255
 39
0.016
  6
CONTINUOUS
 10
1.64560
 20
4.66094
 30
 0
 11
1.64566
 21
4.66255
  0
LINE
  8
Gravur
 62
   255
 39
0.016
  6
CONTINUOUS
 10
1.64566
 20
4.66255
 30
 0
 11
1.64566
 21
4.66255
  0
LINE
  8
Gravur
 62
   255
 39
0.016
  6
CONTINUOUS
 10
1.64566
 20
4.66255
 30
 0
 11
1.64551
 21
4.67594
  0
LINE
  8
Gravur
 62
   255
 39
0.016
  6
CONTINUOUS
 10
1.64551
 20
4.67594
 30
 0
 11
1.64535
 21
4.67859
  0
LINE
  8
Gravur
 62
   255
 39
0.016
  6
CONTINUOUS
 10
1.64535
 20
4.67859
 30
 0
 11
1.64415
 21
4.69219
  0
LINE
  8
Gravur
 62
   255
 39
0.016
  6
CONTINUOUS
 10
1.64415
 20
4.69219
 30
 0
 11
1.64404
 21
4.69299
  0
LINE
  8
Gravur
 62
   255
 39
0.016
  6
CONTINUOUS
 10
1.64404
 20
4.69299
 30
 0
 11
1.64392
 21
4.69379
  0
LINE
  8
Gravur
 62
   255
 39
0.016
  6
CONTINUOUS
 10
1.64392
 20
4.69379
 30
 0
 11
1.64379
 21
4.69458
  0
LINE
  8
Gravur
 62
   255
 39
0.016
  6
CONTINUOUS
 10
1.64379
 20
4.69458
 30
 0
 11
1.64180
 21
4.70386
  0
CIRCLE
  8
Kontur
 62
   7
 39
0.004
  6
CONTINUOUS
 10
0.65791
 20
1.89189
 30
 0
 40
0.18701
  0
CIRCLE
  8
Kontur
 62
   7
 39
0.004
  6
CONTINUOUS
 10
0.65791
 20
0.89846
 30
 0
 40
0.18701
  0
CIRCLE
  8
Kontur
 62
   7
 39
0.004
  6
CONTINUOUS
 10
1.64276
 20
0.89846
 30
 0
 40
0.18701
  0
CIRCLE
  8
Kontur
 62
   7
 39
0.004
  6
CONTINUOUS
 10
2.62681
 20
1.89193
 30
 0
 40
0.11811
  0
CIRCLE
  8
Kontur
 62
   7
 39
0.004
  6
CONTINUOUS
 10
2.62701
 20
0.89846
 30
 0
 40
0.18701
  0
CIRCLE
  8
Kontur
 62
   7
 39
0.004
  6
CONTINUOUS
 10
3.61126
 20
0.89217
 30
 0
 40
0.18701
  0
CIRCLE
  8
Kontur
 62
   7
 39
0.004
  6
CONTINUOUS
 10
3.61126
 20
1.89193
 30
 0
 40
0.18701
  0
CIRCLE
  8
Kontur
 62
   7
 39
0.004
  6
CONTINUOUS
 10
1.19295
 20
5.39980
 30
 0
 40
0.13780
  0
CIRCLE
  8
Kontur
 62
   7
 39
0.004
  6
CONTINUOUS
 10
1.19122
 20
3.36969
 30
 0
 40
0.13780
  0
CIRCLE
  8
Kontur
 62
   7
 39
0.004
  6
CONTINUOUS
 10
3.09091
 20
5.39858
 30
 0
 40
0.13780
  0
CIRCLE
  8
Kontur
 62
   7
 39
0.004
  6
CONTINUOUS
 10
3.09539
 20
7.47059
 30
 0
 40
0.13780
  0
CIRCLE
  8
Kontur
 62
   7
 39
0.004
  6
CONTINUOUS
 10
1.20240
 20
7.47390
 30
 0
 40
0.13780
  0
CIRCLE
  8
Kontur
 62
   7
 39
0.004
  6
CONTINUOUS
 10
1.64236
 20
1.89193
 30
 0
 40
0.11811
  0
CIRCLE
  8
Kontur
 62
   7
 39
0.004
  6
CONTINUOUS
 10
3.11602
 20
3.36563
 30
 0
 40
0.13780
  0
CIRCLE
  8
Kontur
 62
   7
 39
0.004
  6
CONTINUOUS
 10
2.21051
 20
6.69811
 30
 0
 40
0.15610
  0
CIRCLE
  8
Kontur
 62
   7
 39
0.004
  6
CONTINUOUS
 10
2.21051
 20
6.17157
 30
 0
 40
0.15610
  0
LINE
  8
Bezugspunkte
 62
   1
 39
0.004
  6
CONTINUOUS
 10
-0.09811
 20
0.00000
 30
 0
 11
0.09811
 21
0.00000
  0
LINE
  8
Bezugspunkte
 62
   1
 39
0.004
  6
CONTINUOUS
 10
0.00000
 20
-0.09811
 30
 0
 11
0.00000
 21
0.09811
  0
LINE
  8
Bezugspunkte
 62
   1
 39
0.004
  6
CONTINUOUS
 10
0.96189
 20
8.59000
 30
 0
 11
1.15811
 21
8.59000
  0
LINE
  8
Bezugspunkte
 62
   1
 39
0.004
  6
CONTINUOUS
 10
1.06000
 20
8.49189
 30
 0
 11
1.06000
 21
8.68811
  0
LINE
  8
Bezugspunkte
 62
   1
 39
0.004
  6
CONTINUOUS
 10
0.96189
 20
0.16000
 30
 0
 11
1.15811
 21
0.16000
  0
LINE
  8
Bezugspunkte
 62
   1
 39
0.004
  6
CONTINUOUS
 10
1.06000
 20
0.06189
 30
 0
 11
1.06000
 21
0.25811
  0
LINE
  8
Bezugspunkte
 62
   1
 39
0.004
  6
CONTINUOUS
 10
3.08189
 20
8.59000
 30
 0
 11
3.27811
 21
8.59000
  0
LINE
  8
Bezugspunkte
 62
   1
 39
0.004
  6
CONTINUOUS
 10
3.18000
 20
8.49189
 30
 0
 11
3.18000
 21
8.68811
  0
LINE
  8
Bezugspunkte
 62
   1
 39
0.004
  6
CONTINUOUS
 10
3.08189
 20
0.16000
 30
 0
 11
3.27811
 21
0.16000
  0
LINE
  8
Bezugspunkte
 62
   1
 39
0.004
  6
CONTINUOUS
 10
3.18000
 20
0.06189
 30
 0
 11
3.18000
 21
0.25811
  0
LINE
  8
Bezugspunkte
 62
   1
 39
0.004
  6
CONTINUOUS
 10
0.55980
 20
1.89189
 30
 0
 11
0.75602
 21
1.89189
  0
LINE
  8
Bezugspunkte
 62
   1
 39
0.004
  6
CONTINUOUS
 10
0.65791
 20
1.79378
 30
 0
 11
0.65791
 21
1.99000
  0
LINE
  8
Bezugspunkte
 62
   1
 39
0.004
  6
CONTINUOUS
 10
0.55980
 20
0.89846
 30
 0
 11
0.75602
 21
0.89846
  0
LINE
  8
Bezugspunkte
 62
   1
 39
0.004
  6
CONTINUOUS
 10
0.65791
 20
0.80035
 30
 0
 11
0.65791
 21
0.99657
  0
LINE
  8
Bezugspunkte
 62
   1
 39
0.004
  6
CONTINUOUS
 10
1.54465
 20
0.89846
 30
 0
 11
1.74087
 21
0.89846
  0
LINE
  8
Bezugspunkte
 62
   1
 39
0.004
  6
CONTINUOUS
 10
1.64276
 20
0.80035
 30
 0
 11
1.64276
 21
0.99657
  0
LINE
  8
Bezugspunkte
 62
   1
 39
0.004
  6
CONTINUOUS
 10
1.11752
 20
8.31764
 30
 0
 11
1.31374
 21
8.31764
  0
LINE
  8
Bezugspunkte
 62
   1
 39
0.004
  6
CONTINUOUS
 10
1.21563
 20
8.21953
 30
 0
 11
1.21563
 21
8.41575
  0
LINE
  8
Bezugspunkte
 62
   1
 39
0.004
  6
CONTINUOUS
 10
0.55980
 20
2.30000
 30
 0
 11
0.75602
 21
2.30000
  0
LINE
  8
Bezugspunkte
 62
   1
 39
0.004
  6
CONTINUOUS
 10
0.65791
 20
2.20189
 30
 0
 11
0.65791
 21
2.39811
  0
LINE
  8
Bezugspunkte
 62
   1
 39
0.004
  6
CONTINUOUS
 10
0.55980
 20
1.30008
 30
 0
 11
0.75602
 21
1.30008
  0
LINE
  8
Bezugspunkte
 62
   1
 39
0.004
  6
CONTINUOUS
 10
0.65791
 20
1.20197
 30
 0
 11
0.65791
 21
1.39819
  0
LINE
  8
Bezugspunkte
 62
   1
 39
0.004
  6
CONTINUOUS
 10
1.54465
 20
1.30008
 30
 0
 11
1.74087
 21
1.30008
  0
LINE
  8
Bezugspunkte
 62
   1
 39
0.004
  6
CONTINUOUS
 10
1.64276
 20
1.20197
 30
 0
 11
1.64276
 21
1.39819
  0
LINE
  8
Bezugspunkte
 62
   1
 39
0.004
  6
CONTINUOUS
 10
2.52870
 20
1.89193
 30
 0
 11
2.72492
 21
1.89193
  0
LINE
  8
Bezugspunkte
 62
   1
 39
0.004
  6
CONTINUOUS
 10
2.62681
 20
1.79382
 30
 0
 11
2.62681
 21
1.99004
  0
LINE
  8
Bezugspunkte
 62
   1
 39
0.004
  6
CONTINUOUS
 10
2.52890
 20
0.89846
 30
 0
 11
2.72512
 21
0.89846
  0
LINE
  8
Bezugspunkte
 62
   1
 39
0.004
  6
CONTINUOUS
 10
2.62701
 20
0.80035
 30
 0
 11
2.62701
 21
0.99657
  0
LINE
  8
Bezugspunkte
 62
   1
 39
0.004
  6
CONTINUOUS
 10
3.51315
 20
0.89217
 30
 0
 11
3.70937
 21
0.89217
  0
LINE
  8
Bezugspunkte
 62
   1
 39
0.004
  6
CONTINUOUS
 10
3.61126
 20
0.79406
 30
 0
 11
3.61126
 21
0.99028
  0
LINE
  8
Bezugspunkte
 62
   1
 39
0.004
  6
CONTINUOUS
 10
2.52890
 20
1.30004
 30
 0
 11
2.72512
 21
1.30004
  0
LINE
  8
Bezugspunkte
 62
   1
 39
0.004
  6
CONTINUOUS
 10
2.62701
 20
1.20193
 30
 0
 11
2.62701
 21
1.39815
  0
LINE
  8
Bezugspunkte
 62
   1
 39
0.004
  6
CONTINUOUS
 10
3.51315
 20
1.30004
 30
 0
 11
3.70937
 21
1.30004
  0
LINE
  8
Bezugspunkte
 62
   1
 39
0.004
  6
CONTINUOUS
 10
3.61126
 20
1.20193
 30
 0
 11
3.61126
 21
1.39815
  0
LINE
  8
Bezugspunkte
 62
   1
 39
0.004
  6
CONTINUOUS
 10
3.51315
 20
2.30000
 30
 0
 11
3.70937
 21
2.30000
  0
LINE
  8
Bezugspunkte
 62
   1
 39
0.004
  6
CONTINUOUS
 10
3.61126
 20
2.20189
 30
 0
 11
3.61126
 21
2.39811
  0
LINE
  8
Bezugspunkte
 62
   1
 39
0.004
  6
CONTINUOUS
 10
3.51315
 20
1.89193
 30
 0
 11
3.70937
 21
1.89193
  0
LINE
  8
Bezugspunkte
 62
   1
 39
0.004
  6
CONTINUOUS
 10
3.61126
 20
1.79382
 30
 0
 11
3.61126
 21
1.99004
  0
LINE
  8
Bezugspunkte
 62
   1
 39
0.004
  6
CONTINUOUS
 10
1.09484
 20
5.39980
 30
 0
 11
1.29106
 21
5.39980
  0
LINE
  8
Bezugspunkte
 62
   1
 39
0.004
  6
CONTINUOUS
 10
1.19295
 20
5.30169
 30
 0
 11
1.19295
 21
5.49791
  0
LINE
  8
Bezugspunkte
 62
   1
 39
0.004
  6
CONTINUOUS
 10
2.98539
 20
4.23634
 30
 0
 11
3.18161
 21
4.23634
  0
LINE
  8
Bezugspunkte
 62
   1
 39
0.004
  6
CONTINUOUS
 10
3.08350
 20
4.13823
 30
 0
 11
3.08350
 21
4.33445
  0
LINE
  8
Bezugspunkte
 62
   1
 39
0.004
  6
CONTINUOUS
 10
1.10823
 20
4.23614
 30
 0
 11
1.30445
 21
4.23614
  0
LINE
  8
Bezugspunkte
 62
   1
 39
0.004
  6
CONTINUOUS
 10
1.20634
 20
4.13803
 30
 0
 11
1.20634
 21
4.33425
  0
LINE
  8
Bezugspunkte
 62
   1
 39
0.004
  6
CONTINUOUS
 10
1.36598
 20
2.89390
 30
 0
 11
1.56220
 21
2.89390
  0
LINE
  8
Bezugspunkte
 62
   1
 39
0.004
  6
CONTINUOUS
 10
1.46409
 20
2.79579
 30
 0
 11
1.46409
 21
2.99201
  0
LINE
  8
Bezugspunkte
 62
   1
 39
0.004
  6
CONTINUOUS
 10
1.09311
 20
3.36969
 30
 0
 11
1.28933
 21
3.36969
  0
LINE
  8
Bezugspunkte
 62
   1
 39
0.004
  6
CONTINUOUS
 10
1.19122
 20
3.27157
 30
 0
 11
1.19122
 21
3.46780
  0
LINE
  8
Bezugspunkte
 62
   1
 39
0.004
  6
CONTINUOUS
 10
0.81409
 20
2.89484
 30
 0
 11
1.01031
 21
2.89484
  0
LINE
  8
Bezugspunkte
 62
   1
 39
0.004
  6
CONTINUOUS
 10
0.91220
 20
2.79673
 30
 0
 11
0.91220
 21
2.99295
  0
LINE
  8
Bezugspunkte
 62
   1
 39
0.004
  6
CONTINUOUS
 10
3.01524
 20
6.26862
 30
 0
 11
3.21146
 21
6.26862
  0
LINE
  8
Bezugspunkte
 62
   1
 39
0.004
  6
CONTINUOUS
 10
3.11335
 20
6.17051
 30
 0
 11
3.11335
 21
6.36673
  0
LINE
  8
Bezugspunkte
 62
   1
 39
0.004
  6
CONTINUOUS
 10
3.26409
 20
4.92114
 30
 0
 11
3.46031
 21
4.92114
  0
LINE
  8
Bezugspunkte
 62
   1
 39
0.004
  6
CONTINUOUS
 10
3.36220
 20
4.82303
 30
 0
 11
3.36220
 21
5.01925
  0
LINE
  8
Bezugspunkte
 62
   1
 39
0.004
  6
CONTINUOUS
 10
2.99280
 20
5.39858
 30
 0
 11
3.18902
 21
5.39858
  0
LINE
  8
Bezugspunkte
 62
   1
 39
0.004
  6
CONTINUOUS
 10
3.09091
 20
5.30047
 30
 0
 11
3.09091
 21
5.49669
  0
LINE
  8
Bezugspunkte
 62
   1
 39
0.004
  6
CONTINUOUS
 10
2.99287
 20
5.39846
 30
 0
 11
3.18909
 21
5.39846
  0
LINE
  8
Bezugspunkte
 62
   1
 39
0.004
  6
CONTINUOUS
 10
3.09098
 20
5.30035
 30
 0
 11
3.09098
 21
5.49657
  0
LINE
  8
Bezugspunkte
 62
   1
 39
0.004
  6
CONTINUOUS
 10
2.71220
 20
4.92209
 30
 0
 11
2.90843
 21
4.92209
  0
LINE
  8
Bezugspunkte
 62
   1
 39
0.004
  6
CONTINUOUS
 10
2.81031
 20
4.82398
 30
 0
 11
2.81031
 21
5.02020
  0
LINE
  8
Bezugspunkte
 62
   1
 39
0.004
  6
CONTINUOUS
 10
3.01547
 20
8.32272
 30
 0
 11
3.21169
 21
8.32272
  0
LINE
  8
Bezugspunkte
 62
   1
 39
0.004
  6
CONTINUOUS
 10
3.11358
 20
8.22461
 30
 0
 11
3.11358
 21
8.42083
  0
LINE
  8
Bezugspunkte
 62
   1
 39
0.004
  6
CONTINUOUS
 10
3.27323
 20
7.00299
 30
 0
 11
3.46945
 21
7.00299
  0
LINE
  8
Bezugspunkte
 62
   1
 39
0.004
  6
CONTINUOUS
 10
3.37134
 20
6.90488
 30
 0
 11
3.37134
 21
7.10110
  0
LINE
  8
Bezugspunkte
 62
   1
 39
0.004
  6
CONTINUOUS
 10
2.99728
 20
7.47059
 30
 0
 11
3.19350
 21
7.47059
  0
LINE
  8
Bezugspunkte
 62
   1
 39
0.004
  6
CONTINUOUS
 10
3.09539
 20
7.37248
 30
 0
 11
3.09539
 21
7.56870
  0
LINE
  8
Bezugspunkte
 62
   1
 39
0.004
  6
CONTINUOUS
 10
2.99803
 20
7.47047
 30
 0
 11
3.19425
 21
7.47047
  0
LINE
  8
Bezugspunkte
 62
   1
 39
0.004
  6
CONTINUOUS
 10
3.09614
 20
7.37236
 30
 0
 11
3.09614
 21
7.56858
  0
LINE
  8
Bezugspunkte
 62
   1
 39
0.004
  6
CONTINUOUS
 10
2.72134
 20
7.00394
 30
 0
 11
2.91756
 21
7.00394
  0
LINE
  8
Bezugspunkte
 62
   1
 39
0.004
  6
CONTINUOUS
 10
2.81945
 20
6.90583
 30
 0
 11
2.81945
 21
7.10205
  0
LINE
  8
Bezugspunkte
 62
   1
 39
0.004
  6
CONTINUOUS
 10
1.37508
 20
6.99689
 30
 0
 11
1.57130
 21
6.99689
  0
LINE
  8
Bezugspunkte
 62
   1
 39
0.004
  6
CONTINUOUS
 10
1.47319
 20
6.89878
 30
 0
 11
1.47319
 21
7.09500
  0
LINE
  8
Bezugspunkte
 62
   1
 39
0.004
  6
CONTINUOUS
 10
1.10429
 20
7.47390
 30
 0
 11
1.30051
 21
7.47390
  0
LINE
  8
Bezugspunkte
 62
   1
 39
0.004
  6
CONTINUOUS
 10
1.20240
 20
7.37579
 30
 0
 11
1.20240
 21
7.57201
  0
LINE
  8
Bezugspunkte
 62
   1
 39
0.004
  6
CONTINUOUS
 10
1.10386
 20
7.47421
 30
 0
 11
1.30008
 21
7.47421
  0
LINE
  8
Bezugspunkte
 62
   1
 39
0.004
  6
CONTINUOUS
 10
1.20197
 20
7.37610
 30
 0
 11
1.20197
 21
7.57232
  0
LINE
  8
Bezugspunkte
 62
   1
 39
0.004
  6
CONTINUOUS
 10
0.82319
 20
6.99783
 30
 0
 11
1.01941
 21
6.99783
  0
LINE
  8
Bezugspunkte
 62
   1
 39
0.004
  6
CONTINUOUS
 10
0.92130
 20
6.89972
 30
 0
 11
0.92130
 21
7.09594
  0
LINE
  8
Bezugspunkte
 62
   1
 39
0.004
  6
CONTINUOUS
 10
1.54425
 20
1.89193
 30
 0
 11
1.74047
 21
1.89193
  0
LINE
  8
Bezugspunkte
 62
   1
 39
0.004
  6
CONTINUOUS
 10
1.64236
 20
1.79382
 30
 0
 11
1.64236
 21
1.99004
  0
LINE
  8
Bezugspunkte
 62
   1
 39
0.004
  6
CONTINUOUS
 10
1.09476
 20
3.37122
 30
 0
 11
1.29098
 21
3.37122
  0
LINE
  8
Bezugspunkte
 62
   1
 39
0.004
  6
CONTINUOUS
 10
1.19287
 20
3.27311
 30
 0
 11
1.19287
 21
3.46933
  0
LINE
  8
Bezugspunkte
 62
   1
 39
0.004
  6
CONTINUOUS
 10
2.01740
 20
0.27268
 30
 0
 11
2.21362
 21
0.27268
  0
LINE
  8
Bezugspunkte
 62
   1
 39
0.004
  6
CONTINUOUS
 10
2.11551
 20
0.17457
 30
 0
 11
2.11551
 21
0.37079
  0
LINE
  8
Bezugspunkte
 62
   1
 39
0.004
  6
CONTINUOUS
 10
2.01311
 20
8.55232
 30
 0
 11
2.20933
 21
8.55232
  0
LINE
  8
Bezugspunkte
 62
   1
 39
0.004
  6
CONTINUOUS
 10
2.11122
 20
8.45421
 30
 0
 11
2.11122
 21
8.65043
  0
LINE
  8
Bezugspunkte
 62
   1
 39
0.004
  6
CONTINUOUS
 10
3.29079
 20
2.88984
 30
 0
 11
3.48701
 21
2.88984
  0
LINE
  8
Bezugspunkte
 62
   1
 39
0.004
  6
CONTINUOUS
 10
3.38890
 20
2.79173
 30
 0
 11
3.38890
 21
2.98795
  0
LINE
  8
Bezugspunkte
 62
   1
 39
0.004
  6
CONTINUOUS
 10
3.01791
 20
3.36563
 30
 0
 11
3.21413
 21
3.36563
  0
LINE
  8
Bezugspunkte
 62
   1
 39
0.004
  6
CONTINUOUS
 10
3.11602
 20
3.26752
 30
 0
 11
3.11602
 21
3.46374
  0
LINE
  8
Bezugspunkte
 62
   1
 39
0.004
  6
CONTINUOUS
 10
2.73890
 20
2.89079
 30
 0
 11
2.93512
 21
2.89079
  0
LINE
  8
Bezugspunkte
 62
   1
 39
0.004
  6
CONTINUOUS
 10
2.83701
 20
2.79268
 30
 0
 11
2.83701
 21
2.98890
  0
LINE
  8
Bezugspunkte
 62
   1
 39
0.004
  6
CONTINUOUS
 10
3.01957
 20
3.37118
 30
 0
 11
3.21579
 21
3.37118
  0
LINE
  8
Bezugspunkte
 62
   1
 39
0.004
  6
CONTINUOUS
 10
3.11768
 20
3.27307
 30
 0
 11
3.11768
 21
3.46929
  0
LINE
  8
Bezugspunkte
 62
   1
 39
0.004
  6
CONTINUOUS
 10
0.69654
 20
6.73811
 30
 0
 11
0.89276
 21
6.73811
  0
LINE
  8
Bezugspunkte
 62
   1
 39
0.004
  6
CONTINUOUS
 10
0.79465
 20
6.64000
 30
 0
 11
0.79465
 21
6.83622
  0
LINE
  8
Bezugspunkte
 62
   1
 39
0.004
  6
CONTINUOUS
 10
1.44622
 20
6.73457
 30
 0
 11
1.64244
 21
6.73457
  0
LINE
  8
Bezugspunkte
 62
   1
 39
0.004
  6
CONTINUOUS
 10
1.54433
 20
6.63646
 30
 0
 11
1.54433
 21
6.83268
  0
LINE
  8
Bezugspunkte
 62
   1
 39
0.004
  6
CONTINUOUS
 10
1.54949
 20
2.30000
 30
 0
 11
1.74571
 21
2.30000
  0
LINE
  8
Bezugspunkte
 62
   1
 39
0.004
  6
CONTINUOUS
 10
1.64760
 20
2.20189
 30
 0
 11
1.64760
 21
2.39811
  0
LINE
  8
Bezugspunkte
 62
   1
 39
0.004
  6
CONTINUOUS
 10
2.52319
 20
2.30000
 30
 0
 11
2.71941
 21
2.30000
  0
LINE
  8
Bezugspunkte
 62
   1
 39
0.004
  6
CONTINUOUS
 10
2.62130
 20
2.20189
 30
 0
 11
2.62130
 21
2.39811
  0
LINE
  8
Bezugspunkte
 62
   1
 39
0.004
  6
CONTINUOUS
 10
0.67689
 20
2.57654
 30
 0
 11
0.87311
 21
2.57654
  0
LINE
  8
Bezugspunkte
 62
   1
 39
0.004
  6
CONTINUOUS
 10
0.77500
 20
2.47843
 30
 0
 11
0.77500
 21
2.67465
  0
LINE
  8
Bezugspunkte
 62
   1
 39
0.004
  6
CONTINUOUS
 10
1.42657
 20
2.57299
 30
 0
 11
1.62280
 21
2.57299
  0
LINE
  8
Bezugspunkte
 62
   1
 39
0.004
  6
CONTINUOUS
 10
1.52469
 20
2.47488
 30
 0
 11
1.52469
 21
2.67110
  0
LINE
  8
Bezugspunkte
 62
   1
 39
0.004
  6
CONTINUOUS
 10
2.57236
 20
6.68331
 30
 0
 11
2.76858
 21
6.68331
  0
LINE
  8
Bezugspunkte
 62
   1
 39
0.004
  6
CONTINUOUS
 10
2.67047
 20
6.58520
 30
 0
 11
2.67047
 21
6.78142
  0
LINE
  8
Bezugspunkte
 62
   1
 39
0.004
  6
CONTINUOUS
 10
3.32205
 20
6.67976
 30
 0
 11
3.51827
 21
6.67976
  0
LINE
  8
Bezugspunkte
 62
   1
 39
0.004
  6
CONTINUOUS
 10
3.42016
 20
6.58165
 30
 0
 11
3.42016
 21
6.77787
  0
LINE
  8
Bezugspunkte
 62
   1
 39
0.004
  6
CONTINUOUS
 10
2.58992
 20
4.62555
 30
 0
 11
2.78614
 21
4.62555
  0
LINE
  8
Bezugspunkte
 62
   1
 39
0.004
  6
CONTINUOUS
 10
2.68803
 20
4.52744
 30
 0
 11
2.68803
 21
4.72366
  0
LINE
  8
Bezugspunkte
 62
   1
 39
0.004
  6
CONTINUOUS
 10
3.33961
 20
4.62201
 30
 0
 11
3.53583
 21
4.62201
  0
LINE
  8
Bezugspunkte
 62
   1
 39
0.004
  6
CONTINUOUS
 10
3.43772
 20
4.52390
 30
 0
 11
3.43772
 21
4.72012
  0
LINE
  8
Bezugspunkte
 62
   1
 39
0.004
  6
CONTINUOUS
 10
2.57205
 20
2.58531
 30
 0
 11
2.76827
 21
2.58531
  0
LINE
  8
Bezugspunkte
 62
   1
 39
0.004
  6
CONTINUOUS
 10
2.67016
 20
2.48720
 30
 0
 11
2.67016
 21
2.68343
  0
LINE
  8
Bezugspunkte
 62
   1
 39
0.004
  6
CONTINUOUS
 10
3.32173
 20
2.58177
 30
 0
 11
3.51795
 21
2.58177
  0
LINE
  8
Bezugspunkte
 62
   1
 39
0.004
  6
CONTINUOUS
 10
3.41984
 20
2.48366
 30
 0
 11
3.41984
 21
2.67988
  0
LINE
  8
Bezugspunkte
 62
   1
 39
0.004
  6
CONTINUOUS
 10
1.06630
 20
6.26772
 30
 0
 11
1.26252
 21
6.26772
  0
LINE
  8
Bezugspunkte
 62
   1
 39
0.004
  6
CONTINUOUS
 10
1.16441
 20
6.16961
 30
 0
 11
1.16441
 21
6.36583
  0
LINE
  8
Bezugspunkte
 62
   1
 39
0.004
  6
CONTINUOUS
 10
0.02669
 20
4.35646
 30
 0
 11
0.22291
 21
4.35646
  0
LINE
  8
Bezugspunkte
 62
   1
 39
0.004
  6
CONTINUOUS
 10
0.12480
 20
4.25835
 30
 0
 11
0.12480
 21
4.45457
  0
LINE
  8
Bezugspunkte
 62
   1
 39
0.004
  6
CONTINUOUS
 10
4.04122
 20
4.37480
 30
 0
 11
4.23744
 21
4.37480
  0
LINE
  8
Bezugspunkte
 62
   1
 39
0.004
  6
CONTINUOUS
 10
4.13933
 20
4.27669
 30
 0
 11
4.13933
 21
4.47291
  0
LINE
  8
Bezugspunkte
 62
   1
 39
0.004
  6
CONTINUOUS
 10
2.54110
 20
1.53571
 30
 0
 11
2.73732
 21
1.53571
  0
LINE
  8
Bezugspunkte
 62
   1
 39
0.004
  6
CONTINUOUS
 10
2.63921
 20
1.43760
 30
 0
 11
2.63921
 21
1.63382
  0
LINE
  8
Bezugspunkte
 62
   1
 39
0.004
  6
CONTINUOUS
 10
1.52969
 20
1.53303
 30
 0
 11
1.72591
 21
1.53303
  0
LINE
  8
Bezugspunkte
 62
   1
 39
0.004
  6
CONTINUOUS
 10
1.62780
 20
1.43492
 30
 0
 11
1.62780
 21
1.63114
  0
LINE
  8
Bezugspunkte
 62
   1
 39
0.004
  6
CONTINUOUS
 10
1.35697
 20
4.90898
 30
 0
 11
1.55319
 21
4.90898
  0
LINE
  8
Bezugspunkte
 62
   1
 39
0.004
  6
CONTINUOUS
 10
1.45508
 20
4.81087
 30
 0
 11
1.45508
 21
5.00709
  0
LINE
  8
Bezugspunkte
 62
   1
 39
0.004
  6
CONTINUOUS
 10
1.09484
 20
5.39980
 30
 0
 11
1.29106
 21
5.39980
  0
LINE
  8
Bezugspunkte
 62
   1
 39
0.004
  6
CONTINUOUS
 10
1.19295
 20
5.30169
 30
 0
 11
1.19295
 21
5.49791
  0
LINE
  8
Bezugspunkte
 62
   1
 39
0.004
  6
CONTINUOUS
 10
0.80508
 20
4.90992
 30
 0
 11
1.00130
 21
4.90992
  0
LINE
  8
Bezugspunkte
 62
   1
 39
0.004
  6
CONTINUOUS
 10
0.90319
 20
4.81181
 30
 0
 11
0.90319
 21
5.00803
  0
LINE
  8
Bezugspunkte
 62
   1
 39
0.004
  6
CONTINUOUS
 10
0.68280
 20
4.61339
 30
 0
 11
0.87902
 21
4.61339
  0
LINE
  8
Bezugspunkte
 62
   1
 39
0.004
  6
CONTINUOUS
 10
0.78091
 20
4.51528
 30
 0
 11
0.78091
 21
4.71150
  0
LINE
  8
Bezugspunkte
 62
   1
 39
0.004
  6
CONTINUOUS
 10
1.43248
 20
4.60984
 30
 0
 11
1.62870
 21
4.60984
  0
LINE
  8
Bezugspunkte
 62
   1
 39
0.004
  6
CONTINUOUS
 10
1.53059
 20
4.51173
 30
 0
 11
1.53059
 21
4.70795
  0
LINE
  8
Bezugspunkte
 62
   1
 39
0.004
  6
CONTINUOUS
 10
2.11240
 20
6.69811
 30
 0
 11
2.30862
 21
6.69811
  0
LINE
  8
Bezugspunkte
 62
   1
 39
0.004
  6
CONTINUOUS
 10
2.21051
 20
6.60000
 30
 0
 11
2.21051
 21
6.79622
  0
LINE
  8
Bezugspunkte
 62
   1
 39
0.004
  6
CONTINUOUS
 10
2.11240
 20
6.17157
 30
 0
 11
2.30862
 21
6.17157
  0
LINE
  8
Bezugspunkte
 62
   1
 39
0.004
  6
CONTINUOUS
 10
2.21051
 20
6.07346
 30
 0
 11
2.21051
 21
6.26969
  0
ENDSEC
  0
EOF
