  0
SECTION
  2
HEADER
  9
$MEASUREMENT
  70
  1
  9
$INSUNITS
  70
  4
  0
ENDSEC
  0
SECTION
  2
TABLES
  0
TABLE
  2
LTYPE
 70
     1
  0
LTYPE
  2
CONTINUOUS
 70
    64
  3
Ausgezogene Linie
 72
    65
 73
     0
 40
0.0
  0
ENDTAB
  0
TABLE
  2
LAYER
 70
     3
  0
LAYER
  2
Kontur
 70
    64
 62
     7
  6
CONTINUOUS
  0
LAYER
  2
Gravur
 70
    64
 62
     7
  6
CONTINUOUS
  0
LAYER
  2
Bezugspunkte
 70
    64
 62
     1
  6
CONTINUOUS
  0
ENDTAB
  0
TABLE
  2
STYLE
 70
     1
  0
STYLE
  2
TXT
 70
    64
 40
0.0
 41
1.0
 50
0.0
 71
     0
 42
3.500000
  3
TXT
  0
ENDTAB
  0
ENDSEC
  0
SECTION
  2
BLOCKS
  0
ENDSEC
  0
SECTION
  2
ENTITIES
  0
LINE
  8
Kontur
 62
   7
 39
0.100
  6
CONTINUOUS
 10
307.00000
 20
167.00000
 30
 0
 11
1.00000
 21
167.00000
  0
ARC
  8
Kontur
 62
   7
 39
0.100
  6
CONTINUOUS
 10
1.00000
 20
166.00000
 30
 0
 40
1.00000
 50
90.00000
 51
180.00000
  0
LINE
  8
Kontur
 62
   7
 39
0.100
  6
CONTINUOUS
 10
0.00000
 20
166.00000
 30
 0
 11
0.00000
 21
1.00000
  0
ARC
  8
Kontur
 62
   7
 39
0.100
  6
CONTINUOUS
 10
1.00000
 20
1.00000
 30
 0
 40
1.00000
 50
180.00000
 51
270.00000
  0
LINE
  8
Kontur
 62
   7
 39
0.100
  6
CONTINUOUS
 10
1.00000
 20
0.00000
 30
 0
 11
307.00000
 21
0.00000
  0
ARC
  8
Kontur
 62
   7
 39
0.100
  6
CONTINUOUS
 10
307.00000
 20
1.00000
 30
 0
 40
1.00000
 50
-90.00000
 51
0.00000
  0
LINE
  8
Kontur
 62
   7
 39
0.100
  6
CONTINUOUS
 10
308.00000
 20
1.00000
 30
 0
 11
308.00000
 21
166.00000
  0
ARC
  8
Kontur
 62
   7
 39
0.100
  6
CONTINUOUS
 10
307.00000
 20
166.00000
 30
 0
 40
1.00000
 50
0.00000
 51
90.00000
  0
LINE
  8
Gravur
 62
   255
 39
0.400
  6
CONTINUOUS
 10
17.52200
 20
17.48900
 30
 0
 11
17.54400
 21
17.17400
  0
LINE
  8
Gravur
 62
   255
 39
0.400
  6
CONTINUOUS
 10
17.54400
 20
17.17400
 30
 0
 11
17.60700
 21
16.86600
  0
LINE
  8
Gravur
 62
   255
 39
0.400
  6
CONTINUOUS
 10
17.60700
 20
16.86600
 30
 0
 11
17.71000
 21
16.57300
  0
LINE
  8
Gravur
 62
   255
 39
0.400
  6
CONTINUOUS
 10
17.71000
 20
16.57300
 30
 0
 11
17.85200
 21
16.29900
  0
LINE
  8
Gravur
 62
   255
 39
0.400
  6
CONTINUOUS
 10
17.85200
 20
16.29900
 30
 0
 11
18.03000
 21
16.05200
  0
LINE
  8
Gravur
 62
   255
 39
0.400
  6
CONTINUOUS
 10
18.03000
 20
16.05200
 30
 0
 11
18.23800
 21
15.83800
  0
LINE
  8
Gravur
 62
   255
 39
0.400
  6
CONTINUOUS
 10
18.23800
 20
15.83800
 30
 0
 11
18.47200
 21
15.66000
  0
LINE
  8
Gravur
 62
   255
 39
0.400
  6
CONTINUOUS
 10
18.47200
 20
15.66000
 30
 0
 11
18.72800
 21
15.52300
  0
LINE
  8
Gravur
 62
   255
 39
0.400
  6
CONTINUOUS
 10
18.72800
 20
15.52300
 30
 0
 11
19.00000
 21
15.43000
  0
LINE
  8
Gravur
 62
   255
 39
0.400
  6
CONTINUOUS
 10
19.00000
 20
15.43000
 30
 0
 11
19.28100
 21
15.38300
  0
LINE
  8
Gravur
 62
   255
 39
0.400
  6
CONTINUOUS
 10
19.28100
 20
15.38300
 30
 0
 11
19.56500
 21
15.38300
  0
LINE
  8
Gravur
 62
   255
 39
0.400
  6
CONTINUOUS
 10
19.56500
 20
15.38300
 30
 0
 11
19.84600
 21
15.43000
  0
LINE
  8
Gravur
 62
   255
 39
0.400
  6
CONTINUOUS
 10
19.84600
 20
15.43000
 30
 0
 11
20.11800
 21
15.52300
  0
LINE
  8
Gravur
 62
   255
 39
0.400
  6
CONTINUOUS
 10
20.11800
 20
15.52300
 30
 0
 11
20.37300
 21
15.66000
  0
LINE
  8
Gravur
 62
   255
 39
0.400
  6
CONTINUOUS
 10
20.37300
 20
15.66000
 30
 0
 11
20.60800
 21
15.83800
  0
LINE
  8
Gravur
 62
   255
 39
0.400
  6
CONTINUOUS
 10
20.60800
 20
15.83800
 30
 0
 11
20.81600
 21
16.05200
  0
LINE
  8
Gravur
 62
   255
 39
0.400
  6
CONTINUOUS
 10
20.81600
 20
16.05200
 30
 0
 11
20.99300
 21
16.29900
  0
LINE
  8
Gravur
 62
   255
 39
0.400
  6
CONTINUOUS
 10
20.99300
 20
16.29900
 30
 0
 11
21.13600
 21
16.57300
  0
LINE
  8
Gravur
 62
   255
 39
0.400
  6
CONTINUOUS
 10
21.13600
 20
16.57300
 30
 0
 11
21.23900
 21
16.86600
  0
LINE
  8
Gravur
 62
   255
 39
0.400
  6
CONTINUOUS
 10
21.23900
 20
16.86600
 30
 0
 11
21.30200
 21
17.17400
  0
LINE
  8
Gravur
 62
   255
 39
0.400
  6
CONTINUOUS
 10
21.30200
 20
17.17400
 30
 0
 11
21.32400
 21
17.48900
  0
LINE
  8
Gravur
 62
   255
 39
0.400
  6
CONTINUOUS
 10
21.32400
 20
17.48900
 30
 0
 11
21.32400
 21
19.46900
  0
LINE
  8
Gravur
 62
   255
 39
0.400
  6
CONTINUOUS
 10
21.32400
 20
19.46900
 30
 0
 11
21.30200
 21
19.78400
  0
LINE
  8
Gravur
 62
   255
 39
0.400
  6
CONTINUOUS
 10
21.30200
 20
19.78400
 30
 0
 11
21.23900
 21
20.09200
  0
LINE
  8
Gravur
 62
   255
 39
0.400
  6
CONTINUOUS
 10
21.23900
 20
20.09200
 30
 0
 11
21.13600
 21
20.38500
  0
LINE
  8
Gravur
 62
   255
 39
0.400
  6
CONTINUOUS
 10
21.13600
 20
20.38500
 30
 0
 11
20.99300
 21
20.65900
  0
LINE
  8
Gravur
 62
   255
 39
0.400
  6
CONTINUOUS
 10
20.99300
 20
20.65900
 30
 0
 11
20.81600
 21
20.90600
  0
LINE
  8
Gravur
 62
   255
 39
0.400
  6
CONTINUOUS
 10
20.81600
 20
20.90600
 30
 0
 11
20.60800
 21
21.12000
  0
LINE
  8
Gravur
 62
   255
 39
0.400
  6
CONTINUOUS
 10
20.60800
 20
21.12000
 30
 0
 11
20.37300
 21
21.29800
  0
LINE
  8
Gravur
 62
   255
 39
0.400
  6
CONTINUOUS
 10
20.37300
 20
21.29800
 30
 0
 11
20.11800
 21
21.43500
  0
LINE
  8
Gravur
 62
   255
 39
0.400
  6
CONTINUOUS
 10
20.11800
 20
21.43500
 30
 0
 11
19.84600
 21
21.52800
  0
LINE
  8
Gravur
 62
   255
 39
0.400
  6
CONTINUOUS
 10
19.84600
 20
21.52800
 30
 0
 11
19.56500
 21
21.57500
  0
LINE
  8
Gravur
 62
   255
 39
0.400
  6
CONTINUOUS
 10
19.56500
 20
21.57500
 30
 0
 11
19.28100
 21
21.57500
  0
LINE
  8
Gravur
 62
   255
 39
0.400
  6
CONTINUOUS
 10
19.28100
 20
21.57500
 30
 0
 11
19.00000
 21
21.52800
  0
LINE
  8
Gravur
 62
   255
 39
0.400
  6
CONTINUOUS
 10
19.00000
 20
21.52800
 30
 0
 11
18.72800
 21
21.43500
  0
LINE
  8
Gravur
 62
   255
 39
0.400
  6
CONTINUOUS
 10
18.72800
 20
21.43500
 30
 0
 11
18.47200
 21
21.29800
  0
LINE
  8
Gravur
 62
   255
 39
0.400
  6
CONTINUOUS
 10
18.47200
 20
21.29800
 30
 0
 11
18.23800
 21
21.12000
  0
LINE
  8
Gravur
 62
   255
 39
0.400
  6
CONTINUOUS
 10
18.23800
 20
21.12000
 30
 0
 11
18.03000
 21
20.90600
  0
LINE
  8
Gravur
 62
   255
 39
0.400
  6
CONTINUOUS
 10
18.03000
 20
20.90600
 30
 0
 11
17.85200
 21
20.65900
  0
LINE
  8
Gravur
 62
   255
 39
0.400
  6
CONTINUOUS
 10
17.85200
 20
20.65900
 30
 0
 11
17.71000
 21
20.38500
  0
LINE
  8
Gravur
 62
   255
 39
0.400
  6
CONTINUOUS
 10
17.71000
 20
20.38500
 30
 0
 11
17.60700
 21
20.09200
  0
LINE
  8
Gravur
 62
   255
 39
0.400
  6
CONTINUOUS
 10
17.60700
 20
20.09200
 30
 0
 11
17.54400
 21
19.78400
  0
LINE
  8
Gravur
 62
   255
 39
0.400
  6
CONTINUOUS
 10
17.54400
 20
19.78400
 30
 0
 11
17.52200
 21
19.46900
  0
LINE
  8
Gravur
 62
   255
 39
0.400
  6
CONTINUOUS
 10
17.52200
 20
19.46900
 30
 0
 11
17.52200
 21
17.48900
  0
LINE
  8
Gravur
 62
   255
 39
0.400
  6
CONTINUOUS
 10
25.83800
 20
19.46900
 30
 0
 11
25.83800
 21
17.15900
  0
LINE
  8
Gravur
 62
   255
 39
0.400
  6
CONTINUOUS
 10
25.83800
 20
17.15900
 30
 0
 11
25.82100
 21
16.90300
  0
LINE
  8
Gravur
 62
   255
 39
0.400
  6
CONTINUOUS
 10
25.82100
 20
16.90300
 30
 0
 11
25.77000
 21
16.65300
  0
LINE
  8
Gravur
 62
   255
 39
0.400
  6
CONTINUOUS
 10
25.77000
 20
16.65300
 30
 0
 11
25.68500
 21
16.41400
  0
LINE
  8
Gravur
 62
   255
 39
0.400
  6
CONTINUOUS
 10
25.68500
 20
16.41400
 30
 0
 11
25.57000
 21
16.19200
  0
LINE
  8
Gravur
 62
   255
 39
0.400
  6
CONTINUOUS
 10
25.57000
 20
16.19200
 30
 0
 11
25.42600
 21
15.99200
  0
LINE
  8
Gravur
 62
   255
 39
0.400
  6
CONTINUOUS
 10
25.42600
 20
15.99200
 30
 0
 11
25.25700
 21
15.81700
  0
LINE
  8
Gravur
 62
   255
 39
0.400
  6
CONTINUOUS
 10
25.25700
 20
15.81700
 30
 0
 11
25.06600
 21
15.67300
  0
LINE
  8
Gravur
 62
   255
 39
0.400
  6
CONTINUOUS
 10
25.06600
 20
15.67300
 30
 0
 11
24.85800
 21
15.56200
  0
LINE
  8
Gravur
 62
   255
 39
0.400
  6
CONTINUOUS
 10
24.85800
 20
15.56200
 30
 0
 11
24.63700
 21
15.48600
  0
LINE
  8
Gravur
 62
   255
 39
0.400
  6
CONTINUOUS
 10
24.63700
 20
15.48600
 30
 0
 11
24.40900
 21
15.44800
  0
LINE
  8
Gravur
 62
   255
 39
0.400
  6
CONTINUOUS
 10
24.40900
 20
15.44800
 30
 0
 11
24.17800
 21
15.44800
  0
LINE
  8
Gravur
 62
   255
 39
0.400
  6
CONTINUOUS
 10
24.17800
 20
15.44800
 30
 0
 11
23.95000
 21
15.48600
  0
LINE
  8
Gravur
 62
   255
 39
0.400
  6
CONTINUOUS
 10
23.95000
 20
15.48600
 30
 0
 11
23.72900
 21
15.56200
  0
LINE
  8
Gravur
 62
   255
 39
0.400
  6
CONTINUOUS
 10
23.72900
 20
15.56200
 30
 0
 11
23.52100
 21
15.67300
  0
LINE
  8
Gravur
 62
   255
 39
0.400
  6
CONTINUOUS
 10
23.52100
 20
15.67300
 30
 0
 11
23.33100
 21
15.81700
  0
LINE
  8
Gravur
 62
   255
 39
0.400
  6
CONTINUOUS
 10
23.33100
 20
15.81700
 30
 0
 11
23.16100
 21
15.99200
  0
LINE
  8
Gravur
 62
   255
 39
0.400
  6
CONTINUOUS
 10
23.16100
 20
15.99200
 30
 0
 11
23.01700
 21
16.19200
  0
LINE
  8
Gravur
 62
   255
 39
0.400
  6
CONTINUOUS
 10
23.01700
 20
16.19200
 30
 0
 11
22.90200
 21
16.41400
  0
LINE
  8
Gravur
 62
   255
 39
0.400
  6
CONTINUOUS
 10
22.90200
 20
16.41400
 30
 0
 11
22.81800
 21
16.65300
  0
LINE
  8
Gravur
 62
   255
 39
0.400
  6
CONTINUOUS
 10
22.81800
 20
16.65300
 30
 0
 11
22.76600
 21
16.90300
  0
LINE
  8
Gravur
 62
   255
 39
0.400
  6
CONTINUOUS
 10
22.76600
 20
16.90300
 30
 0
 11
22.74900
 21
17.15900
  0
LINE
  8
Gravur
 62
   255
 39
0.400
  6
CONTINUOUS
 10
22.74900
 20
17.15900
 30
 0
 11
22.74900
 21
17.81900
  0
LINE
  8
Gravur
 62
   255
 39
0.400
  6
CONTINUOUS
 10
22.74900
 20
17.81900
 30
 0
 11
22.76600
 21
18.07500
  0
LINE
  8
Gravur
 62
   255
 39
0.400
  6
CONTINUOUS
 10
22.76600
 20
18.07500
 30
 0
 11
22.81800
 21
18.32500
  0
LINE
  8
Gravur
 62
   255
 39
0.400
  6
CONTINUOUS
 10
22.81800
 20
18.32500
 30
 0
 11
22.90200
 21
18.56400
  0
LINE
  8
Gravur
 62
   255
 39
0.400
  6
CONTINUOUS
 10
22.90200
 20
18.56400
 30
 0
 11
23.01700
 21
18.78600
  0
LINE
  8
Gravur
 62
   255
 39
0.400
  6
CONTINUOUS
 10
23.01700
 20
18.78600
 30
 0
 11
23.16100
 21
18.98600
  0
LINE
  8
Gravur
 62
   255
 39
0.400
  6
CONTINUOUS
 10
23.16100
 20
18.98600
 30
 0
 11
23.33100
 21
19.16100
  0
LINE
  8
Gravur
 62
   255
 39
0.400
  6
CONTINUOUS
 10
23.33100
 20
19.16100
 30
 0
 11
23.52100
 21
19.30500
  0
LINE
  8
Gravur
 62
   255
 39
0.400
  6
CONTINUOUS
 10
23.52100
 20
19.30500
 30
 0
 11
23.72900
 21
19.41600
  0
LINE
  8
Gravur
 62
   255
 39
0.400
  6
CONTINUOUS
 10
23.72900
 20
19.41600
 30
 0
 11
23.95000
 21
19.49200
  0
LINE
  8
Gravur
 62
   255
 39
0.400
  6
CONTINUOUS
 10
23.95000
 20
19.49200
 30
 0
 11
24.17800
 21
19.53000
  0
LINE
  8
Gravur
 62
   255
 39
0.400
  6
CONTINUOUS
 10
24.17800
 20
19.53000
 30
 0
 11
24.40900
 21
19.53000
  0
LINE
  8
Gravur
 62
   255
 39
0.400
  6
CONTINUOUS
 10
24.40900
 20
19.53000
 30
 0
 11
24.63700
 21
19.49200
  0
LINE
  8
Gravur
 62
   255
 39
0.400
  6
CONTINUOUS
 10
24.63700
 20
19.49200
 30
 0
 11
24.85800
 21
19.41600
  0
LINE
  8
Gravur
 62
   255
 39
0.400
  6
CONTINUOUS
 10
24.85800
 20
19.41600
 30
 0
 11
25.06600
 21
19.30500
  0
LINE
  8
Gravur
 62
   255
 39
0.400
  6
CONTINUOUS
 10
25.06600
 20
19.30500
 30
 0
 11
25.25700
 21
19.16100
  0
LINE
  8
Gravur
 62
   255
 39
0.400
  6
CONTINUOUS
 10
25.25700
 20
19.16100
 30
 0
 11
25.42600
 21
18.98600
  0
LINE
  8
Gravur
 62
   255
 39
0.400
  6
CONTINUOUS
 10
25.42600
 20
18.98600
 30
 0
 11
25.57000
 21
18.78600
  0
LINE
  8
Gravur
 62
   255
 39
0.400
  6
CONTINUOUS
 10
25.57000
 20
18.78600
 30
 0
 11
25.68500
 21
18.56400
  0
LINE
  8
Gravur
 62
   255
 39
0.400
  6
CONTINUOUS
 10
25.68500
 20
18.56400
 30
 0
 11
25.77000
 21
18.32500
  0
LINE
  8
Gravur
 62
   255
 39
0.400
  6
CONTINUOUS
 10
25.77000
 20
18.32500
 30
 0
 11
25.82100
 21
18.07500
  0
LINE
  8
Gravur
 62
   255
 39
0.400
  6
CONTINUOUS
 10
25.82100
 20
18.07500
 30
 0
 11
25.83800
 21
17.81900
  0
LINE
  8
Gravur
 62
   255
 39
0.400
  6
CONTINUOUS
 10
25.83800
 20
17.81900
 30
 0
 11
25.83800
 21
16.23500
  0
LINE
  8
Gravur
 62
   255
 39
0.400
  6
CONTINUOUS
 10
25.83800
 20
16.23500
 30
 0
 11
25.85900
 21
16.09800
  0
LINE
  8
Gravur
 62
   255
 39
0.400
  6
CONTINUOUS
 10
25.85900
 20
16.09800
 30
 0
 11
25.89700
 21
15.96500
  0
LINE
  8
Gravur
 62
   255
 39
0.400
  6
CONTINUOUS
 10
25.89700
 20
15.96500
 30
 0
 11
25.95200
 21
15.84000
  0
LINE
  8
Gravur
 62
   255
 39
0.400
  6
CONTINUOUS
 10
25.95200
 20
15.84000
 30
 0
 11
26.02300
 21
15.72500
  0
LINE
  8
Gravur
 62
   255
 39
0.400
  6
CONTINUOUS
 10
26.02300
 20
15.72500
 30
 0
 11
26.10800
 21
15.62300
  0
LINE
  8
Gravur
 62
   255
 39
0.400
  6
CONTINUOUS
 10
26.10800
 20
15.62300
 30
 0
 11
26.20500
 21
15.53500
  0
LINE
  8
Gravur
 62
   255
 39
0.400
  6
CONTINUOUS
 10
26.20500
 20
15.53500
 30
 0
 11
26.31300
 21
15.46400
  0
LINE
  8
Gravur
 62
   255
 39
0.400
  6
CONTINUOUS
 10
26.31300
 20
15.46400
 30
 0
 11
26.42900
 21
15.41100
  0
LINE
  8
Gravur
 62
   255
 39
0.400
  6
CONTINUOUS
 10
26.42900
 20
15.41100
 30
 0
 11
26.55100
 21
15.37700
  0
LINE
  8
Gravur
 62
   255
 39
0.400
  6
CONTINUOUS
 10
27.97600
 20
21.44900
 30
 0
 11
27.97600
 21
15.50900
  0
LINE
  8
Gravur
 62
   255
 39
0.400
  6
CONTINUOUS
 10
27.97600
 20
15.50900
 30
 0
 11
27.97600
 21
16.82900
  0
LINE
  8
Gravur
 62
   255
 39
0.400
  6
CONTINUOUS
 10
27.97600
 20
16.82900
 30
 0
 11
30.94600
 21
19.46900
  0
LINE
  8
Gravur
 62
   255
 39
0.400
  6
CONTINUOUS
 10
30.94600
 20
19.46900
 30
 0
 11
29.16400
 21
17.88500
  0
LINE
  8
Gravur
 62
   255
 39
0.400
  6
CONTINUOUS
 10
29.16400
 20
17.88500
 30
 0
 11
30.94600
 21
15.50900
  0
LINE
  8
Gravur
 62
   255
 39
0.400
  6
CONTINUOUS
 10
32.37200
 20
21.44900
 30
 0
 11
32.37200
 21
16.30100
  0
LINE
  8
Gravur
 62
   255
 39
0.400
  6
CONTINUOUS
 10
32.37200
 20
16.30100
 30
 0
 11
32.37900
 21
16.18900
  0
LINE
  8
Gravur
 62
   255
 39
0.400
  6
CONTINUOUS
 10
32.37900
 20
16.18900
 30
 0
 11
32.40000
 21
16.08000
  0
LINE
  8
Gravur
 62
   255
 39
0.400
  6
CONTINUOUS
 10
32.40000
 20
16.08000
 30
 0
 11
32.43400
 21
15.97500
  0
LINE
  8
Gravur
 62
   255
 39
0.400
  6
CONTINUOUS
 10
32.43400
 20
15.97500
 30
 0
 11
32.48100
 21
15.87600
  0
LINE
  8
Gravur
 62
   255
 39
0.400
  6
CONTINUOUS
 10
32.48100
 20
15.87600
 30
 0
 11
32.54000
 21
15.78600
  0
LINE
  8
Gravur
 62
   255
 39
0.400
  6
CONTINUOUS
 10
32.54000
 20
15.78600
 30
 0
 11
32.61000
 21
15.70500
  0
LINE
  8
Gravur
 62
   255
 39
0.400
  6
CONTINUOUS
 10
32.61000
 20
15.70500
 30
 0
 11
32.68900
 21
15.63600
  0
LINE
  8
Gravur
 62
   255
 39
0.400
  6
CONTINUOUS
 10
32.68900
 20
15.63600
 30
 0
 11
32.77500
 21
15.57900
  0
LINE
  8
Gravur
 62
   255
 39
0.400
  6
CONTINUOUS
 10
32.77500
 20
15.57900
 30
 0
 11
32.86900
 21
15.53700
  0
LINE
  8
Gravur
 62
   255
 39
0.400
  6
CONTINUOUS
 10
32.86900
 20
15.53700
 30
 0
 11
32.96600
 21
15.50900
  0
LINE
  8
Gravur
 62
   255
 39
0.400
  6
CONTINUOUS
 10
34.39200
 20
17.48900
 30
 0
 11
37.36200
 21
17.48900
  0
LINE
  8
Gravur
 62
   255
 39
0.400
  6
CONTINUOUS
 10
37.36200
 20
17.48900
 30
 0
 11
37.36200
 21
17.81900
  0
LINE
  8
Gravur
 62
   255
 39
0.400
  6
CONTINUOUS
 10
37.36200
 20
17.81900
 30
 0
 11
37.34500
 21
18.06500
  0
LINE
  8
Gravur
 62
   255
 39
0.400
  6
CONTINUOUS
 10
37.34500
 20
18.06500
 30
 0
 11
37.29600
 21
18.30500
  0
LINE
  8
Gravur
 62
   255
 39
0.400
  6
CONTINUOUS
 10
37.29600
 20
18.30500
 30
 0
 11
37.21500
 21
18.53500
  0
LINE
  8
Gravur
 62
   255
 39
0.400
  6
CONTINUOUS
 10
37.21500
 20
18.53500
 30
 0
 11
37.10300
 21
18.74800
  0
LINE
  8
Gravur
 62
   255
 39
0.400
  6
CONTINUOUS
 10
37.10300
 20
18.74800
 30
 0
 11
36.96600
 21
18.94100
  0
LINE
  8
Gravur
 62
   255
 39
0.400
  6
CONTINUOUS
 10
36.96600
 20
18.94100
 30
 0
 11
36.80300
 21
19.10900
  0
LINE
  8
Gravur
 62
   255
 39
0.400
  6
CONTINUOUS
 10
36.80300
 20
19.10900
 30
 0
 11
36.61900
 21
19.24800
  0
LINE
  8
Gravur
 62
   255
 39
0.400
  6
CONTINUOUS
 10
36.61900
 20
19.24800
 30
 0
 11
36.41900
 21
19.35500
  0
LINE
  8
Gravur
 62
   255
 39
0.400
  6
CONTINUOUS
 10
36.41900
 20
19.35500
 30
 0
 11
36.20700
 21
19.42800
  0
LINE
  8
Gravur
 62
   255
 39
0.400
  6
CONTINUOUS
 10
36.20700
 20
19.42800
 30
 0
 11
35.98700
 21
19.46400
  0
LINE
  8
Gravur
 62
   255
 39
0.400
  6
CONTINUOUS
 10
35.98700
 20
19.46400
 30
 0
 11
35.76600
 21
19.46400
  0
LINE
  8
Gravur
 62
   255
 39
0.400
  6
CONTINUOUS
 10
35.76600
 20
19.46400
 30
 0
 11
35.54600
 21
19.42800
  0
LINE
  8
Gravur
 62
   255
 39
0.400
  6
CONTINUOUS
 10
35.54600
 20
19.42800
 30
 0
 11
35.33400
 21
19.35500
  0
LINE
  8
Gravur
 62
   255
 39
0.400
  6
CONTINUOUS
 10
35.33400
 20
19.35500
 30
 0
 11
35.13400
 21
19.24800
  0
LINE
  8
Gravur
 62
   255
 39
0.400
  6
CONTINUOUS
 10
35.13400
 20
19.24800
 30
 0
 11
34.95100
 21
19.10900
  0
LINE
  8
Gravur
 62
   255
 39
0.400
  6
CONTINUOUS
 10
34.95100
 20
19.10900
 30
 0
 11
34.78800
 21
18.94100
  0
LINE
  8
Gravur
 62
   255
 39
0.400
  6
CONTINUOUS
 10
34.78800
 20
18.94100
 30
 0
 11
34.65000
 21
18.74800
  0
LINE
  8
Gravur
 62
   255
 39
0.400
  6
CONTINUOUS
 10
34.65000
 20
18.74800
 30
 0
 11
34.53800
 21
18.53500
  0
LINE
  8
Gravur
 62
   255
 39
0.400
  6
CONTINUOUS
 10
34.53800
 20
18.53500
 30
 0
 11
34.45700
 21
18.30500
  0
LINE
  8
Gravur
 62
   255
 39
0.400
  6
CONTINUOUS
 10
34.45700
 20
18.30500
 30
 0
 11
34.40800
 21
18.06500
  0
LINE
  8
Gravur
 62
   255
 39
0.400
  6
CONTINUOUS
 10
34.40800
 20
18.06500
 30
 0
 11
34.39200
 21
17.81900
  0
LINE
  8
Gravur
 62
   255
 39
0.400
  6
CONTINUOUS
 10
34.39200
 20
17.81900
 30
 0
 11
34.39200
 21
17.15900
  0
LINE
  8
Gravur
 62
   255
 39
0.400
  6
CONTINUOUS
 10
34.39200
 20
17.15900
 30
 0
 11
34.40800
 21
16.90700
  0
LINE
  8
Gravur
 62
   255
 39
0.400
  6
CONTINUOUS
 10
34.40800
 20
16.90700
 30
 0
 11
34.45700
 21
16.66000
  0
LINE
  8
Gravur
 62
   255
 39
0.400
  6
CONTINUOUS
 10
34.45700
 20
16.66000
 30
 0
 11
34.53800
 21
16.42300
  0
LINE
  8
Gravur
 62
   255
 39
0.400
  6
CONTINUOUS
 10
34.53800
 20
16.42300
 30
 0
 11
34.65000
 21
16.20300
  0
LINE
  8
Gravur
 62
   255
 39
0.400
  6
CONTINUOUS
 10
34.65000
 20
16.20300
 30
 0
 11
34.78900
 21
16.00300
  0
LINE
  8
Gravur
 62
   255
 39
0.400
  6
CONTINUOUS
 10
34.78900
 20
16.00300
 30
 0
 11
34.95300
 21
15.82700
  0
LINE
  8
Gravur
 62
   255
 39
0.400
  6
CONTINUOUS
 10
34.95300
 20
15.82700
 30
 0
 11
35.13800
 21
15.68000
  0
LINE
  8
Gravur
 62
   255
 39
0.400
  6
CONTINUOUS
 10
35.13800
 20
15.68000
 30
 0
 11
35.34000
 21
15.56400
  0
LINE
  8
Gravur
 62
   255
 39
0.400
  6
CONTINUOUS
 10
35.34000
 20
15.56400
 30
 0
 11
35.55600
 21
15.48300
  0
LINE
  8
Gravur
 62
   255
 39
0.400
  6
CONTINUOUS
 10
35.55600
 20
15.48300
 30
 0
 11
35.77900
 21
15.43700
  0
LINE
  8
Gravur
 62
   255
 39
0.400
  6
CONTINUOUS
 10
35.77900
 20
15.43700
 30
 0
 11
36.00700
 21
15.42800
  0
LINE
  8
Gravur
 62
   255
 39
0.400
  6
CONTINUOUS
 10
36.00700
 20
15.42800
 30
 0
 11
36.23400
 21
15.45600
  0
LINE
  8
Gravur
 62
   255
 39
0.400
  6
CONTINUOUS
 10
36.23400
 20
15.45600
 30
 0
 11
36.45400
 21
15.52100
  0
LINE
  8
Gravur
 62
   255
 39
0.400
  6
CONTINUOUS
 10
36.45400
 20
15.52100
 30
 0
 11
36.66300
 21
15.62000
  0
LINE
  8
Gravur
 62
   255
 39
0.400
  6
CONTINUOUS
 10
36.66300
 20
15.62000
 30
 0
 11
36.85800
 21
15.75200
  0
LINE
  8
Gravur
 62
   255
 39
0.400
  6
CONTINUOUS
 10
36.85800
 20
15.75200
 30
 0
 11
37.03200
 21
15.91400
  0
LINE
  8
Gravur
 62
   255
 39
0.400
  6
CONTINUOUS
 10
37.03200
 20
15.91400
 30
 0
 11
37.18300
 21
16.10300
  0
LINE
  8
Gravur
 62
   255
 39
0.400
  6
CONTINUOUS
 10
38.78700
 20
19.46900
 30
 0
 11
40.21300
 21
15.70700
  0
LINE
  8
Gravur
 62
   255
 39
0.400
  6
CONTINUOUS
 10
41.75700
 20
19.46900
 30
 0
 11
39.61900
 21
14.12300
  0
LINE
  8
Gravur
 62
   255
 39
0.400
  6
CONTINUOUS
 10
39.61900
 20
14.12300
 30
 0
 11
39.55700
 21
13.99400
  0
LINE
  8
Gravur
 62
   255
 39
0.400
  6
CONTINUOUS
 10
39.55700
 20
13.99400
 30
 0
 11
39.47800
 21
13.87700
  0
LINE
  8
Gravur
 62
   255
 39
0.400
  6
CONTINUOUS
 10
39.47800
 20
13.87700
 30
 0
 11
39.38600
 21
13.77300
  0
LINE
  8
Gravur
 62
   255
 39
0.400
  6
CONTINUOUS
 10
39.38600
 20
13.77300
 30
 0
 11
39.28000
 21
13.68600
  0
LINE
  8
Gravur
 62
   255
 39
0.400
  6
CONTINUOUS
 10
39.28000
 20
13.68600
 30
 0
 11
39.16400
 21
13.61600
  0
LINE
  8
Gravur
 62
   255
 39
0.400
  6
CONTINUOUS
 10
39.16400
 20
13.61600
 30
 0
 11
39.04100
 21
13.56600
  0
LINE
  8
Gravur
 62
   255
 39
0.400
  6
CONTINUOUS
 10
39.04100
 20
13.56600
 30
 0
 11
38.91100
 21
13.53700
  0
LINE
  8
Gravur
 62
   255
 39
0.400
  6
CONTINUOUS
 10
38.91100
 20
13.53700
 30
 0
 11
38.78700
 21
13.52900
  0
LINE
  8
Gravur
 62
   255
 39
0.400
  6
CONTINUOUS
 10
50.43000
 20
20.85500
 30
 0
 11
50.29700
 21
21.02500
  0
LINE
  8
Gravur
 62
   255
 39
0.400
  6
CONTINUOUS
 10
50.29700
 20
21.02500
 30
 0
 11
50.14500
 21
21.17200
  0
LINE
  8
Gravur
 62
   255
 39
0.400
  6
CONTINUOUS
 10
50.14500
 20
21.17200
 30
 0
 11
49.97500
 21
21.29300
  0
LINE
  8
Gravur
 62
   255
 39
0.400
  6
CONTINUOUS
 10
49.97500
 20
21.29300
 30
 0
 11
49.79200
 21
21.38600
  0
LINE
  8
Gravur
 62
   255
 39
0.400
  6
CONTINUOUS
 10
49.79200
 20
21.38600
 30
 0
 11
49.59800
 21
21.44900
  0
LINE
  8
Gravur
 62
   255
 39
0.400
  6
CONTINUOUS
 10
49.59800
 20
21.44900
 30
 0
 11
49.59800
 21
21.44900
  0
LINE
  8
Gravur
 62
   255
 39
0.400
  6
CONTINUOUS
 10
49.59800
 20
21.44900
 30
 0
 11
49.18300
 21
21.52000
  0
LINE
  8
Gravur
 62
   255
 39
0.400
  6
CONTINUOUS
 10
49.18300
 20
21.52000
 30
 0
 11
48.76300
 21
21.53200
  0
LINE
  8
Gravur
 62
   255
 39
0.400
  6
CONTINUOUS
 10
48.76300
 20
21.53200
 30
 0
 11
48.34400
 21
21.48700
  0
LINE
  8
Gravur
 62
   255
 39
0.400
  6
CONTINUOUS
 10
48.34400
 20
21.48700
 30
 0
 11
47.93500
 21
21.38300
  0
LINE
  8
Gravur
 62
   255
 39
0.400
  6
CONTINUOUS
 10
47.93500
 20
21.38300
 30
 0
 11
47.93500
 21
21.38300
  0
LINE
  8
Gravur
 62
   255
 39
0.400
  6
CONTINUOUS
 10
47.93500
 20
21.38300
 30
 0
 11
47.74000
 21
21.30200
  0
LINE
  8
Gravur
 62
   255
 39
0.400
  6
CONTINUOUS
 10
47.74000
 20
21.30200
 30
 0
 11
47.55700
 21
21.19300
  0
LINE
  8
Gravur
 62
   255
 39
0.400
  6
CONTINUOUS
 10
47.55700
 20
21.19300
 30
 0
 11
47.38800
 21
21.05900
  0
LINE
  8
Gravur
 62
   255
 39
0.400
  6
CONTINUOUS
 10
47.38800
 20
21.05900
 30
 0
 11
47.23600
 21
20.90100
  0
LINE
  8
Gravur
 62
   255
 39
0.400
  6
CONTINUOUS
 10
47.23600
 20
20.90100
 30
 0
 11
47.10300
 21
20.72300
  0
LINE
  8
Gravur
 62
   255
 39
0.400
  6
CONTINUOUS
 10
47.10300
 20
20.72300
 30
 0
 11
47.02100
 21
20.57500
  0
LINE
  8
Gravur
 62
   255
 39
0.400
  6
CONTINUOUS
 10
47.02100
 20
20.57500
 30
 0
 11
46.96000
 21
20.41600
  0
LINE
  8
Gravur
 62
   255
 39
0.400
  6
CONTINUOUS
 10
46.96000
 20
20.41600
 30
 0
 11
46.92000
 21
20.24900
  0
LINE
  8
Gravur
 62
   255
 39
0.400
  6
CONTINUOUS
 10
46.92000
 20
20.24900
 30
 0
 11
46.90100
 21
20.07700
  0
LINE
  8
Gravur
 62
   255
 39
0.400
  6
CONTINUOUS
 10
46.90100
 20
20.07700
 30
 0
 11
46.90400
 21
19.90400
  0
LINE
  8
Gravur
 62
   255
 39
0.400
  6
CONTINUOUS
 10
46.90400
 20
19.90400
 30
 0
 11
46.93000
 21
19.73300
  0
LINE
  8
Gravur
 62
   255
 39
0.400
  6
CONTINUOUS
 10
46.93000
 20
19.73300
 30
 0
 11
46.97800
 21
19.56800
  0
LINE
  8
Gravur
 62
   255
 39
0.400
  6
CONTINUOUS
 10
46.97800
 20
19.56800
 30
 0
 11
47.04700
 21
19.41200
  0
LINE
  8
Gravur
 62
   255
 39
0.400
  6
CONTINUOUS
 10
47.04700
 20
19.41200
 30
 0
 11
47.13500
 21
19.26900
  0
LINE
  8
Gravur
 62
   255
 39
0.400
  6
CONTINUOUS
 10
47.13500
 20
19.26900
 30
 0
 11
47.24000
 21
19.14100
  0
LINE
  8
Gravur
 62
   255
 39
0.400
  6
CONTINUOUS
 10
47.24000
 20
19.14100
 30
 0
 11
47.36100
 21
19.03100
  0
LINE
  8
Gravur
 62
   255
 39
0.400
  6
CONTINUOUS
 10
47.36100
 20
19.03100
 30
 0
 11
47.49400
 21
18.94200
  0
LINE
  8
Gravur
 62
   255
 39
0.400
  6
CONTINUOUS
 10
47.49400
 20
18.94200
 30
 0
 11
47.63800
 21
18.87500
  0
LINE
  8
Gravur
 62
   255
 39
0.400
  6
CONTINUOUS
 10
47.63800
 20
18.87500
 30
 0
 11
47.63800
 21
18.87500
  0
LINE
  8
Gravur
 62
   255
 39
0.400
  6
CONTINUOUS
 10
47.63800
 20
18.87500
 30
 0
 11
49.71700
 21
18.08300
  0
LINE
  8
Gravur
 62
   255
 39
0.400
  6
CONTINUOUS
 10
49.71700
 20
18.08300
 30
 0
 11
49.86400
 21
18.01400
  0
LINE
  8
Gravur
 62
   255
 39
0.400
  6
CONTINUOUS
 10
49.86400
 20
18.01400
 30
 0
 11
50.00000
 21
17.92100
  0
LINE
  8
Gravur
 62
   255
 39
0.400
  6
CONTINUOUS
 10
50.00000
 20
17.92100
 30
 0
 11
50.12400
 21
17.80700
  0
LINE
  8
Gravur
 62
   255
 39
0.400
  6
CONTINUOUS
 10
50.12400
 20
17.80700
 30
 0
 11
50.23000
 21
17.67500
  0
LINE
  8
Gravur
 62
   255
 39
0.400
  6
CONTINUOUS
 10
50.23000
 20
17.67500
 30
 0
 11
50.31800
 21
17.52600
  0
LINE
  8
Gravur
 62
   255
 39
0.400
  6
CONTINUOUS
 10
50.31800
 20
17.52600
 30
 0
 11
50.38500
 21
17.36500
  0
LINE
  8
Gravur
 62
   255
 39
0.400
  6
CONTINUOUS
 10
50.38500
 20
17.36500
 30
 0
 11
50.43100
 21
17.19400
  0
LINE
  8
Gravur
 62
   255
 39
0.400
  6
CONTINUOUS
 10
50.43100
 20
17.19400
 30
 0
 11
50.45200
 21
17.01800
  0
LINE
  8
Gravur
 62
   255
 39
0.400
  6
CONTINUOUS
 10
50.45200
 20
17.01800
 30
 0
 11
50.45100
 21
16.84100
  0
LINE
  8
Gravur
 62
   255
 39
0.400
  6
CONTINUOUS
 10
50.45100
 20
16.84100
 30
 0
 11
50.42700
 21
16.66500
  0
LINE
  8
Gravur
 62
   255
 39
0.400
  6
CONTINUOUS
 10
50.42700
 20
16.66500
 30
 0
 11
50.37900
 21
16.49600
  0
LINE
  8
Gravur
 62
   255
 39
0.400
  6
CONTINUOUS
 10
50.37900
 20
16.49600
 30
 0
 11
50.30900
 21
16.33500
  0
LINE
  8
Gravur
 62
   255
 39
0.400
  6
CONTINUOUS
 10
50.30900
 20
16.33500
 30
 0
 11
50.25100
 21
16.23500
  0
LINE
  8
Gravur
 62
   255
 39
0.400
  6
CONTINUOUS
 10
50.25100
 20
16.23500
 30
 0
 11
50.10000
 21
16.03500
  0
LINE
  8
Gravur
 62
   255
 39
0.400
  6
CONTINUOUS
 10
50.10000
 20
16.03500
 30
 0
 11
49.92500
 21
15.86200
  0
LINE
  8
Gravur
 62
   255
 39
0.400
  6
CONTINUOUS
 10
49.92500
 20
15.86200
 30
 0
 11
49.72900
 21
15.71900
  0
LINE
  8
Gravur
 62
   255
 39
0.400
  6
CONTINUOUS
 10
49.72900
 20
15.71900
 30
 0
 11
49.51400
 21
15.61000
  0
LINE
  8
Gravur
 62
   255
 39
0.400
  6
CONTINUOUS
 10
49.51400
 20
15.61000
 30
 0
 11
49.42000
 21
15.57500
  0
LINE
  8
Gravur
 62
   255
 39
0.400
  6
CONTINUOUS
 10
49.42000
 20
15.57500
 30
 0
 11
48.98000
 21
15.46600
  0
LINE
  8
Gravur
 62
   255
 39
0.400
  6
CONTINUOUS
 10
48.98000
 20
15.46600
 30
 0
 11
48.53100
 21
15.42400
  0
LINE
  8
Gravur
 62
   255
 39
0.400
  6
CONTINUOUS
 10
48.53100
 20
15.42400
 30
 0
 11
48.08100
 21
15.44900
  0
LINE
  8
Gravur
 62
   255
 39
0.400
  6
CONTINUOUS
 10
48.08100
 20
15.44900
 30
 0
 11
47.75700
 21
15.50900
  0
LINE
  8
Gravur
 62
   255
 39
0.400
  6
CONTINUOUS
 10
47.75700
 20
15.50900
 30
 0
 11
47.55900
 21
15.57400
  0
LINE
  8
Gravur
 62
   255
 39
0.400
  6
CONTINUOUS
 10
47.55900
 20
15.57400
 30
 0
 11
47.37100
 21
15.67000
  0
LINE
  8
Gravur
 62
   255
 39
0.400
  6
CONTINUOUS
 10
47.37100
 20
15.67000
 30
 0
 11
47.19900
 21
15.79500
  0
LINE
  8
Gravur
 62
   255
 39
0.400
  6
CONTINUOUS
 10
47.19900
 20
15.79500
 30
 0
 11
47.04500
 21
15.94700
  0
LINE
  8
Gravur
 62
   255
 39
0.400
  6
CONTINUOUS
 10
47.04500
 20
15.94700
 30
 0
 11
46.92500
 21
16.10300
  0
LINE
  8
Gravur
 62
   255
 39
0.400
  6
CONTINUOUS
 10
51.85500
 20
17.15900
 30
 0
 11
51.85500
 21
17.81900
  0
LINE
  8
Gravur
 62
   255
 39
0.400
  6
CONTINUOUS
 10
51.85500
 20
17.81900
 30
 0
 11
51.87100
 21
18.06500
  0
LINE
  8
Gravur
 62
   255
 39
0.400
  6
CONTINUOUS
 10
51.87100
 20
18.06500
 30
 0
 11
51.92100
 21
18.30500
  0
LINE
  8
Gravur
 62
   255
 39
0.400
  6
CONTINUOUS
 10
51.92100
 20
18.30500
 30
 0
 11
52.00200
 21
18.53500
  0
LINE
  8
Gravur
 62
   255
 39
0.400
  6
CONTINUOUS
 10
52.00200
 20
18.53500
 30
 0
 11
52.11400
 21
18.74800
  0
LINE
  8
Gravur
 62
   255
 39
0.400
  6
CONTINUOUS
 10
52.11400
 20
18.74800
 30
 0
 11
52.25100
 21
18.94100
  0
LINE
  8
Gravur
 62
   255
 39
0.400
  6
CONTINUOUS
 10
52.25100
 20
18.94100
 30
 0
 11
52.41400
 21
19.10900
  0
LINE
  8
Gravur
 62
   255
 39
0.400
  6
CONTINUOUS
 10
52.41400
 20
19.10900
 30
 0
 11
52.59800
 21
19.24800
  0
LINE
  8
Gravur
 62
   255
 39
0.400
  6
CONTINUOUS
 10
52.59800
 20
19.24800
 30
 0
 11
52.79800
 21
19.35500
  0
LINE
  8
Gravur
 62
   255
 39
0.400
  6
CONTINUOUS
 10
52.79800
 20
19.35500
 30
 0
 11
53.01000
 21
19.42800
  0
LINE
  8
Gravur
 62
   255
 39
0.400
  6
CONTINUOUS
 10
53.01000
 20
19.42800
 30
 0
 11
53.23000
 21
19.46400
  0
LINE
  8
Gravur
 62
   255
 39
0.400
  6
CONTINUOUS
 10
53.23000
 20
19.46400
 30
 0
 11
53.45100
 21
19.46400
  0
LINE
  8
Gravur
 62
   255
 39
0.400
  6
CONTINUOUS
 10
53.45100
 20
19.46400
 30
 0
 11
53.67100
 21
19.42800
  0
LINE
  8
Gravur
 62
   255
 39
0.400
  6
CONTINUOUS
 10
53.67100
 20
19.42800
 30
 0
 11
53.88300
 21
19.35500
  0
LINE
  8
Gravur
 62
   255
 39
0.400
  6
CONTINUOUS
 10
53.88300
 20
19.35500
 30
 0
 11
54.08300
 21
19.24800
  0
LINE
  8
Gravur
 62
   255
 39
0.400
  6
CONTINUOUS
 10
54.08300
 20
19.24800
 30
 0
 11
54.26600
 21
19.10900
  0
LINE
  8
Gravur
 62
   255
 39
0.400
  6
CONTINUOUS
 10
54.26600
 20
19.10900
 30
 0
 11
54.42900
 21
18.94100
  0
LINE
  8
Gravur
 62
   255
 39
0.400
  6
CONTINUOUS
 10
54.42900
 20
18.94100
 30
 0
 11
54.56700
 21
18.74800
  0
LINE
  8
Gravur
 62
   255
 39
0.400
  6
CONTINUOUS
 10
54.56700
 20
18.74800
 30
 0
 11
54.67900
 21
18.53500
  0
LINE
  8
Gravur
 62
   255
 39
0.400
  6
CONTINUOUS
 10
54.67900
 20
18.53500
 30
 0
 11
54.76000
 21
18.30500
  0
LINE
  8
Gravur
 62
   255
 39
0.400
  6
CONTINUOUS
 10
54.76000
 20
18.30500
 30
 0
 11
54.80900
 21
18.06500
  0
LINE
  8
Gravur
 62
   255
 39
0.400
  6
CONTINUOUS
 10
54.80900
 20
18.06500
 30
 0
 11
54.82500
 21
17.81900
  0
LINE
  8
Gravur
 62
   255
 39
0.400
  6
CONTINUOUS
 10
54.82500
 20
17.81900
 30
 0
 11
54.82500
 21
17.15900
  0
LINE
  8
Gravur
 62
   255
 39
0.400
  6
CONTINUOUS
 10
54.82500
 20
17.15900
 30
 0
 11
54.80900
 21
16.91300
  0
LINE
  8
Gravur
 62
   255
 39
0.400
  6
CONTINUOUS
 10
54.80900
 20
16.91300
 30
 0
 11
54.76000
 21
16.67300
  0
LINE
  8
Gravur
 62
   255
 39
0.400
  6
CONTINUOUS
 10
54.76000
 20
16.67300
 30
 0
 11
54.67900
 21
16.44300
  0
LINE
  8
Gravur
 62
   255
 39
0.400
  6
CONTINUOUS
 10
54.67900
 20
16.44300
 30
 0
 11
54.56700
 21
16.23000
  0
LINE
  8
Gravur
 62
   255
 39
0.400
  6
CONTINUOUS
 10
54.56700
 20
16.23000
 30
 0
 11
54.42900
 21
16.03700
  0
LINE
  8
Gravur
 62
   255
 39
0.400
  6
CONTINUOUS
 10
54.42900
 20
16.03700
 30
 0
 11
54.26600
 21
15.86900
  0
LINE
  8
Gravur
 62
   255
 39
0.400
  6
CONTINUOUS
 10
54.26600
 20
15.86900
 30
 0
 11
54.08300
 21
15.73000
  0
LINE
  8
Gravur
 62
   255
 39
0.400
  6
CONTINUOUS
 10
54.08300
 20
15.73000
 30
 0
 11
53.88300
 21
15.62300
  0
LINE
  8
Gravur
 62
   255
 39
0.400
  6
CONTINUOUS
 10
53.88300
 20
15.62300
 30
 0
 11
53.67100
 21
15.55000
  0
LINE
  8
Gravur
 62
   255
 39
0.400
  6
CONTINUOUS
 10
53.67100
 20
15.55000
 30
 0
 11
53.45100
 21
15.51400
  0
LINE
  8
Gravur
 62
   255
 39
0.400
  6
CONTINUOUS
 10
53.45100
 20
15.51400
 30
 0
 11
53.23000
 21
15.51400
  0
LINE
  8
Gravur
 62
   255
 39
0.400
  6
CONTINUOUS
 10
53.23000
 20
15.51400
 30
 0
 11
53.01000
 21
15.55000
  0
LINE
  8
Gravur
 62
   255
 39
0.400
  6
CONTINUOUS
 10
53.01000
 20
15.55000
 30
 0
 11
52.79800
 21
15.62300
  0
LINE
  8
Gravur
 62
   255
 39
0.400
  6
CONTINUOUS
 10
52.79800
 20
15.62300
 30
 0
 11
52.59800
 21
15.73000
  0
LINE
  8
Gravur
 62
   255
 39
0.400
  6
CONTINUOUS
 10
52.59800
 20
15.73000
 30
 0
 11
52.41400
 21
15.86900
  0
LINE
  8
Gravur
 62
   255
 39
0.400
  6
CONTINUOUS
 10
52.41400
 20
15.86900
 30
 0
 11
52.25100
 21
16.03700
  0
LINE
  8
Gravur
 62
   255
 39
0.400
  6
CONTINUOUS
 10
52.25100
 20
16.03700
 30
 0
 11
52.11400
 21
16.23000
  0
LINE
  8
Gravur
 62
   255
 39
0.400
  6
CONTINUOUS
 10
52.11400
 20
16.23000
 30
 0
 11
52.00200
 21
16.44300
  0
LINE
  8
Gravur
 62
   255
 39
0.400
  6
CONTINUOUS
 10
52.00200
 20
16.44300
 30
 0
 11
51.92100
 21
16.67300
  0
LINE
  8
Gravur
 62
   255
 39
0.400
  6
CONTINUOUS
 10
51.92100
 20
16.67300
 30
 0
 11
51.87100
 21
16.91300
  0
LINE
  8
Gravur
 62
   255
 39
0.400
  6
CONTINUOUS
 10
51.87100
 20
16.91300
 30
 0
 11
51.85500
 21
17.15900
  0
LINE
  8
Gravur
 62
   255
 39
0.400
  6
CONTINUOUS
 10
56.25100
 20
19.46900
 30
 0
 11
56.25100
 21
17.15900
  0
LINE
  8
Gravur
 62
   255
 39
0.400
  6
CONTINUOUS
 10
56.25100
 20
17.15900
 30
 0
 11
56.26700
 21
16.91300
  0
LINE
  8
Gravur
 62
   255
 39
0.400
  6
CONTINUOUS
 10
56.26700
 20
16.91300
 30
 0
 11
56.31700
 21
16.67300
  0
LINE
  8
Gravur
 62
   255
 39
0.400
  6
CONTINUOUS
 10
56.31700
 20
16.67300
 30
 0
 11
56.39800
 21
16.44300
  0
LINE
  8
Gravur
 62
   255
 39
0.400
  6
CONTINUOUS
 10
56.39800
 20
16.44300
 30
 0
 11
56.50900
 21
16.23000
  0
LINE
  8
Gravur
 62
   255
 39
0.400
  6
CONTINUOUS
 10
56.50900
 20
16.23000
 30
 0
 11
56.64700
 21
16.03700
  0
LINE
  8
Gravur
 62
   255
 39
0.400
  6
CONTINUOUS
 10
56.64700
 20
16.03700
 30
 0
 11
56.81000
 21
15.86900
  0
LINE
  8
Gravur
 62
   255
 39
0.400
  6
CONTINUOUS
 10
56.81000
 20
15.86900
 30
 0
 11
56.99300
 21
15.73000
  0
LINE
  8
Gravur
 62
   255
 39
0.400
  6
CONTINUOUS
 10
56.99300
 20
15.73000
 30
 0
 11
57.19300
 21
15.62300
  0
LINE
  8
Gravur
 62
   255
 39
0.400
  6
CONTINUOUS
 10
57.19300
 20
15.62300
 30
 0
 11
57.40600
 21
15.55000
  0
LINE
  8
Gravur
 62
   255
 39
0.400
  6
CONTINUOUS
 10
57.40600
 20
15.55000
 30
 0
 11
57.62500
 21
15.51400
  0
LINE
  8
Gravur
 62
   255
 39
0.400
  6
CONTINUOUS
 10
57.62500
 20
15.51400
 30
 0
 11
57.84700
 21
15.51400
  0
LINE
  8
Gravur
 62
   255
 39
0.400
  6
CONTINUOUS
 10
57.84700
 20
15.51400
 30
 0
 11
58.06600
 21
15.55000
  0
LINE
  8
Gravur
 62
   255
 39
0.400
  6
CONTINUOUS
 10
58.06600
 20
15.55000
 30
 0
 11
58.27900
 21
15.62300
  0
LINE
  8
Gravur
 62
   255
 39
0.400
  6
CONTINUOUS
 10
58.27900
 20
15.62300
 30
 0
 11
58.47800
 21
15.73000
  0
LINE
  8
Gravur
 62
   255
 39
0.400
  6
CONTINUOUS
 10
58.47800
 20
15.73000
 30
 0
 11
58.66200
 21
15.86900
  0
LINE
  8
Gravur
 62
   255
 39
0.400
  6
CONTINUOUS
 10
58.66200
 20
15.86900
 30
 0
 11
58.82500
 21
16.03700
  0
LINE
  8
Gravur
 62
   255
 39
0.400
  6
CONTINUOUS
 10
58.82500
 20
16.03700
 30
 0
 11
58.96300
 21
16.23000
  0
LINE
  8
Gravur
 62
   255
 39
0.400
  6
CONTINUOUS
 10
58.96300
 20
16.23000
 30
 0
 11
59.07400
 21
16.44300
  0
LINE
  8
Gravur
 62
   255
 39
0.400
  6
CONTINUOUS
 10
59.07400
 20
16.44300
 30
 0
 11
59.15500
 21
16.67300
  0
LINE
  8
Gravur
 62
   255
 39
0.400
  6
CONTINUOUS
 10
59.15500
 20
16.67300
 30
 0
 11
59.20500
 21
16.91300
  0
LINE
  8
Gravur
 62
   255
 39
0.400
  6
CONTINUOUS
 10
59.20500
 20
16.91300
 30
 0
 11
59.22100
 21
17.15900
  0
LINE
  8
Gravur
 62
   255
 39
0.400
  6
CONTINUOUS
 10
59.22100
 20
17.15900
 30
 0
 11
59.22100
 21
15.50900
  0
LINE
  8
Gravur
 62
   255
 39
0.400
  6
CONTINUOUS
 10
59.22100
 20
15.50900
 30
 0
 11
59.22100
 21
19.46900
  0
LINE
  8
Gravur
 62
   255
 39
0.400
  6
CONTINUOUS
 10
60.64600
 20
15.50900
 30
 0
 11
60.64600
 21
19.46900
  0
LINE
  8
Gravur
 62
   255
 39
0.400
  6
CONTINUOUS
 10
60.64600
 20
19.46900
 30
 0
 11
60.64600
 21
17.81900
  0
LINE
  8
Gravur
 62
   255
 39
0.400
  6
CONTINUOUS
 10
60.64600
 20
17.81900
 30
 0
 11
60.66300
 21
18.06500
  0
LINE
  8
Gravur
 62
   255
 39
0.400
  6
CONTINUOUS
 10
60.66300
 20
18.06500
 30
 0
 11
60.71200
 21
18.30500
  0
LINE
  8
Gravur
 62
   255
 39
0.400
  6
CONTINUOUS
 10
60.71200
 20
18.30500
 30
 0
 11
60.79300
 21
18.53500
  0
LINE
  8
Gravur
 62
   255
 39
0.400
  6
CONTINUOUS
 10
60.79300
 20
18.53500
 30
 0
 11
60.90500
 21
18.74800
  0
LINE
  8
Gravur
 62
   255
 39
0.400
  6
CONTINUOUS
 10
60.90500
 20
18.74800
 30
 0
 11
61.04200
 21
18.94100
  0
LINE
  8
Gravur
 62
   255
 39
0.400
  6
CONTINUOUS
 10
61.04200
 20
18.94100
 30
 0
 11
61.20500
 21
19.10900
  0
LINE
  8
Gravur
 62
   255
 39
0.400
  6
CONTINUOUS
 10
61.20500
 20
19.10900
 30
 0
 11
61.38900
 21
19.24800
  0
LINE
  8
Gravur
 62
   255
 39
0.400
  6
CONTINUOUS
 10
61.38900
 20
19.24800
 30
 0
 11
61.58900
 21
19.35500
  0
LINE
  8
Gravur
 62
   255
 39
0.400
  6
CONTINUOUS
 10
61.58900
 20
19.35500
 30
 0
 11
61.80100
 21
19.42800
  0
LINE
  8
Gravur
 62
   255
 39
0.400
  6
CONTINUOUS
 10
61.80100
 20
19.42800
 30
 0
 11
62.02100
 21
19.46400
  0
LINE
  8
Gravur
 62
   255
 39
0.400
  6
CONTINUOUS
 10
62.02100
 20
19.46400
 30
 0
 11
62.24200
 21
19.46400
  0
LINE
  8
Gravur
 62
   255
 39
0.400
  6
CONTINUOUS
 10
62.24200
 20
19.46400
 30
 0
 11
62.46200
 21
19.42800
  0
LINE
  8
Gravur
 62
   255
 39
0.400
  6
CONTINUOUS
 10
62.46200
 20
19.42800
 30
 0
 11
62.67400
 21
19.35500
  0
LINE
  8
Gravur
 62
   255
 39
0.400
  6
CONTINUOUS
 10
62.67400
 20
19.35500
 30
 0
 11
62.87400
 21
19.24800
  0
LINE
  8
Gravur
 62
   255
 39
0.400
  6
CONTINUOUS
 10
62.87400
 20
19.24800
 30
 0
 11
63.05800
 21
19.10900
  0
LINE
  8
Gravur
 62
   255
 39
0.400
  6
CONTINUOUS
 10
63.05800
 20
19.10900
 30
 0
 11
63.22000
 21
18.94100
  0
LINE
  8
Gravur
 62
   255
 39
0.400
  6
CONTINUOUS
 10
63.22000
 20
18.94100
 30
 0
 11
63.35800
 21
18.74800
  0
LINE
  8
Gravur
 62
   255
 39
0.400
  6
CONTINUOUS
 10
63.35800
 20
18.74800
 30
 0
 11
63.47000
 21
18.53500
  0
LINE
  8
Gravur
 62
   255
 39
0.400
  6
CONTINUOUS
 10
63.47000
 20
18.53500
 30
 0
 11
63.55100
 21
18.30500
  0
LINE
  8
Gravur
 62
   255
 39
0.400
  6
CONTINUOUS
 10
63.55100
 20
18.30500
 30
 0
 11
63.60000
 21
18.06500
  0
LINE
  8
Gravur
 62
   255
 39
0.400
  6
CONTINUOUS
 10
63.60000
 20
18.06500
 30
 0
 11
63.61600
 21
17.81900
  0
LINE
  8
Gravur
 62
   255
 39
0.400
  6
CONTINUOUS
 10
63.61600
 20
17.81900
 30
 0
 11
63.61600
 21
15.50900
  0
LINE
  8
Gravur
 62
   255
 39
0.400
  6
CONTINUOUS
 10
68.01200
 20
21.44900
 30
 0
 11
68.01200
 21
17.15900
  0
LINE
  8
Gravur
 62
   255
 39
0.400
  6
CONTINUOUS
 10
68.01200
 20
17.15900
 30
 0
 11
68.00400
 21
16.91200
  0
LINE
  8
Gravur
 62
   255
 39
0.400
  6
CONTINUOUS
 10
68.00400
 20
16.91200
 30
 0
 11
67.96300
 21
16.67000
  0
LINE
  8
Gravur
 62
   255
 39
0.400
  6
CONTINUOUS
 10
67.96300
 20
16.67000
 30
 0
 11
67.89100
 21
16.43700
  0
LINE
  8
Gravur
 62
   255
 39
0.400
  6
CONTINUOUS
 10
67.89100
 20
16.43700
 30
 0
 11
67.78700
 21
16.21800
  0
LINE
  8
Gravur
 62
   255
 39
0.400
  6
CONTINUOUS
 10
67.78700
 20
16.21800
 30
 0
 11
67.65600
 21
16.01900
  0
LINE
  8
Gravur
 62
   255
 39
0.400
  6
CONTINUOUS
 10
67.65600
 20
16.01900
 30
 0
 11
67.49900
 21
15.84400
  0
LINE
  8
Gravur
 62
   255
 39
0.400
  6
CONTINUOUS
 10
67.49900
 20
15.84400
 30
 0
 11
67.32100
 21
15.69700
  0
LINE
  8
Gravur
 62
   255
 39
0.400
  6
CONTINUOUS
 10
67.32100
 20
15.69700
 30
 0
 11
67.12500
 21
15.58100
  0
LINE
  8
Gravur
 62
   255
 39
0.400
  6
CONTINUOUS
 10
67.12500
 20
15.58100
 30
 0
 11
66.91600
 21
15.49900
  0
LINE
  8
Gravur
 62
   255
 39
0.400
  6
CONTINUOUS
 10
66.91600
 20
15.49900
 30
 0
 11
66.69700
 21
15.45300
  0
LINE
  8
Gravur
 62
   255
 39
0.400
  6
CONTINUOUS
 10
66.69700
 20
15.45300
 30
 0
 11
66.47600
 21
15.44300
  0
LINE
  8
Gravur
 62
   255
 39
0.400
  6
CONTINUOUS
 10
66.47600
 20
15.44300
 30
 0
 11
66.25400
 21
15.47000
  0
LINE
  8
Gravur
 62
   255
 39
0.400
  6
CONTINUOUS
 10
66.25400
 20
15.47000
 30
 0
 11
66.04000
 21
15.53300
  0
LINE
  8
Gravur
 62
   255
 39
0.400
  6
CONTINUOUS
 10
66.04000
 20
15.53300
 30
 0
 11
65.83600
 21
15.63100
  0
LINE
  8
Gravur
 62
   255
 39
0.400
  6
CONTINUOUS
 10
65.83600
 20
15.63100
 30
 0
 11
65.64800
 21
15.76200
  0
LINE
  8
Gravur
 62
   255
 39
0.400
  6
CONTINUOUS
 10
65.64800
 20
15.76200
 30
 0
 11
65.47900
 21
15.92200
  0
LINE
  8
Gravur
 62
   255
 39
0.400
  6
CONTINUOUS
 10
65.47900
 20
15.92200
 30
 0
 11
65.33400
 21
16.10900
  0
LINE
  8
Gravur
 62
   255
 39
0.400
  6
CONTINUOUS
 10
65.33400
 20
16.10900
 30
 0
 11
65.21500
 21
16.31800
  0
LINE
  8
Gravur
 62
   255
 39
0.400
  6
CONTINUOUS
 10
65.21500
 20
16.31800
 30
 0
 11
65.12600
 21
16.54400
  0
LINE
  8
Gravur
 62
   255
 39
0.400
  6
CONTINUOUS
 10
65.12600
 20
16.54400
 30
 0
 11
65.06700
 21
16.78200
  0
LINE
  8
Gravur
 62
   255
 39
0.400
  6
CONTINUOUS
 10
65.06700
 20
16.78200
 30
 0
 11
65.04200
 21
17.02700
  0
LINE
  8
Gravur
 62
   255
 39
0.400
  6
CONTINUOUS
 10
65.04200
 20
17.02700
 30
 0
 11
65.04200
 21
17.02700
  0
LINE
  8
Gravur
 62
   255
 39
0.400
  6
CONTINUOUS
 10
65.04200
 20
17.02700
 30
 0
 11
65.04200
 21
17.81900
  0
LINE
  8
Gravur
 62
   255
 39
0.400
  6
CONTINUOUS
 10
65.04200
 20
17.81900
 30
 0
 11
65.05800
 21
18.06500
  0
LINE
  8
Gravur
 62
   255
 39
0.400
  6
CONTINUOUS
 10
65.05800
 20
18.06500
 30
 0
 11
65.10800
 21
18.30500
  0
LINE
  8
Gravur
 62
   255
 39
0.400
  6
CONTINUOUS
 10
65.10800
 20
18.30500
 30
 0
 11
65.18900
 21
18.53500
  0
LINE
  8
Gravur
 62
   255
 39
0.400
  6
CONTINUOUS
 10
65.18900
 20
18.53500
 30
 0
 11
65.30000
 21
18.74800
  0
LINE
  8
Gravur
 62
   255
 39
0.400
  6
CONTINUOUS
 10
65.30000
 20
18.74800
 30
 0
 11
65.43800
 21
18.94100
  0
LINE
  8
Gravur
 62
   255
 39
0.400
  6
CONTINUOUS
 10
65.43800
 20
18.94100
 30
 0
 11
65.60100
 21
19.10900
  0
LINE
  8
Gravur
 62
   255
 39
0.400
  6
CONTINUOUS
 10
65.60100
 20
19.10900
 30
 0
 11
65.78500
 21
19.24800
  0
LINE
  8
Gravur
 62
   255
 39
0.400
  6
CONTINUOUS
 10
65.78500
 20
19.24800
 30
 0
 11
65.98400
 21
19.35500
  0
LINE
  8
Gravur
 62
   255
 39
0.400
  6
CONTINUOUS
 10
65.98400
 20
19.35500
 30
 0
 11
66.19700
 21
19.42800
  0
LINE
  8
Gravur
 62
   255
 39
0.400
  6
CONTINUOUS
 10
66.19700
 20
19.42800
 30
 0
 11
66.41600
 21
19.46400
  0
LINE
  8
Gravur
 62
   255
 39
0.400
  6
CONTINUOUS
 10
66.41600
 20
19.46400
 30
 0
 11
66.63800
 21
19.46400
  0
LINE
  8
Gravur
 62
   255
 39
0.400
  6
CONTINUOUS
 10
66.63800
 20
19.46400
 30
 0
 11
66.85700
 21
19.42800
  0
LINE
  8
Gravur
 62
   255
 39
0.400
  6
CONTINUOUS
 10
66.85700
 20
19.42800
 30
 0
 11
67.07000
 21
19.35500
  0
LINE
  8
Gravur
 62
   255
 39
0.400
  6
CONTINUOUS
 10
67.07000
 20
19.35500
 30
 0
 11
67.27000
 21
19.24800
  0
LINE
  8
Gravur
 62
   255
 39
0.400
  6
CONTINUOUS
 10
67.27000
 20
19.24800
 30
 0
 11
67.45300
 21
19.10900
  0
LINE
  8
Gravur
 62
   255
 39
0.400
  6
CONTINUOUS
 10
67.45300
 20
19.10900
 30
 0
 11
67.61600
 21
18.94100
  0
LINE
  8
Gravur
 62
   255
 39
0.400
  6
CONTINUOUS
 10
67.61600
 20
18.94100
 30
 0
 11
67.75400
 21
18.74800
  0
LINE
  8
Gravur
 62
   255
 39
0.400
  6
CONTINUOUS
 10
67.75400
 20
18.74800
 30
 0
 11
67.86500
 21
18.53500
  0
LINE
  8
Gravur
 62
   255
 39
0.400
  6
CONTINUOUS
 10
67.86500
 20
18.53500
 30
 0
 11
67.94600
 21
18.30500
  0
LINE
  8
Gravur
 62
   255
 39
0.400
  6
CONTINUOUS
 10
67.94600
 20
18.30500
 30
 0
 11
67.99600
 21
18.06500
  0
LINE
  8
Gravur
 62
   255
 39
0.400
  6
CONTINUOUS
 10
67.99600
 20
18.06500
 30
 0
 11
68.01200
 21
17.81900
  0
LINE
  8
Gravur
 62
   255
 39
0.400
  6
CONTINUOUS
 10
68.01200
 20
17.81900
 30
 0
 11
68.01200
 21
15.50900
  0
LINE
  8
Gravur
 62
   255
 39
0.400
  6
CONTINUOUS
 10
76.68400
 20
20.85500
 30
 0
 11
76.55200
 21
21.02500
  0
LINE
  8
Gravur
 62
   255
 39
0.400
  6
CONTINUOUS
 10
76.55200
 20
21.02500
 30
 0
 11
76.40000
 21
21.17200
  0
LINE
  8
Gravur
 62
   255
 39
0.400
  6
CONTINUOUS
 10
76.40000
 20
21.17200
 30
 0
 11
76.23000
 21
21.29300
  0
LINE
  8
Gravur
 62
   255
 39
0.400
  6
CONTINUOUS
 10
76.23000
 20
21.29300
 30
 0
 11
76.04600
 21
21.38600
  0
LINE
  8
Gravur
 62
   255
 39
0.400
  6
CONTINUOUS
 10
76.04600
 20
21.38600
 30
 0
 11
75.85300
 21
21.44900
  0
LINE
  8
Gravur
 62
   255
 39
0.400
  6
CONTINUOUS
 10
75.85300
 20
21.44900
 30
 0
 11
75.85300
 21
21.44900
  0
LINE
  8
Gravur
 62
   255
 39
0.400
  6
CONTINUOUS
 10
75.85300
 20
21.44900
 30
 0
 11
75.43800
 21
21.52000
  0
LINE
  8
Gravur
 62
   255
 39
0.400
  6
CONTINUOUS
 10
75.43800
 20
21.52000
 30
 0
 11
75.01800
 21
21.53200
  0
LINE
  8
Gravur
 62
   255
 39
0.400
  6
CONTINUOUS
 10
75.01800
 20
21.53200
 30
 0
 11
74.59900
 21
21.48700
  0
LINE
  8
Gravur
 62
   255
 39
0.400
  6
CONTINUOUS
 10
74.59900
 20
21.48700
 30
 0
 11
74.19000
 21
21.38300
  0
LINE
  8
Gravur
 62
   255
 39
0.400
  6
CONTINUOUS
 10
74.19000
 20
21.38300
 30
 0
 11
74.19000
 21
21.38300
  0
LINE
  8
Gravur
 62
   255
 39
0.400
  6
CONTINUOUS
 10
74.19000
 20
21.38300
 30
 0
 11
73.99500
 21
21.30200
  0
LINE
  8
Gravur
 62
   255
 39
0.400
  6
CONTINUOUS
 10
73.99500
 20
21.30200
 30
 0
 11
73.81200
 21
21.19300
  0
LINE
  8
Gravur
 62
   255
 39
0.400
  6
CONTINUOUS
 10
73.81200
 20
21.19300
 30
 0
 11
73.64200
 21
21.05900
  0
LINE
  8
Gravur
 62
   255
 39
0.400
  6
CONTINUOUS
 10
73.64200
 20
21.05900
 30
 0
 11
73.49000
 21
20.90100
  0
LINE
  8
Gravur
 62
   255
 39
0.400
  6
CONTINUOUS
 10
73.49000
 20
20.90100
 30
 0
 11
73.35800
 21
20.72300
  0
LINE
  8
Gravur
 62
   255
 39
0.400
  6
CONTINUOUS
 10
73.35800
 20
20.72300
 30
 0
 11
73.27600
 21
20.57500
  0
LINE
  8
Gravur
 62
   255
 39
0.400
  6
CONTINUOUS
 10
73.27600
 20
20.57500
 30
 0
 11
73.21500
 21
20.41600
  0
LINE
  8
Gravur
 62
   255
 39
0.400
  6
CONTINUOUS
 10
73.21500
 20
20.41600
 30
 0
 11
73.17400
 21
20.24900
  0
LINE
  8
Gravur
 62
   255
 39
0.400
  6
CONTINUOUS
 10
73.17400
 20
20.24900
 30
 0
 11
73.15600
 21
20.07700
  0
LINE
  8
Gravur
 62
   255
 39
0.400
  6
CONTINUOUS
 10
73.15600
 20
20.07700
 30
 0
 11
73.15900
 21
19.90400
  0
LINE
  8
Gravur
 62
   255
 39
0.400
  6
CONTINUOUS
 10
73.15900
 20
19.90400
 30
 0
 11
73.18500
 21
19.73300
  0
LINE
  8
Gravur
 62
   255
 39
0.400
  6
CONTINUOUS
 10
73.18500
 20
19.73300
 30
 0
 11
73.23300
 21
19.56800
  0
LINE
  8
Gravur
 62
   255
 39
0.400
  6
CONTINUOUS
 10
73.23300
 20
19.56800
 30
 0
 11
73.30100
 21
19.41200
  0
LINE
  8
Gravur
 62
   255
 39
0.400
  6
CONTINUOUS
 10
73.30100
 20
19.41200
 30
 0
 11
73.39000
 21
19.26900
  0
LINE
  8
Gravur
 62
   255
 39
0.400
  6
CONTINUOUS
 10
73.39000
 20
19.26900
 30
 0
 11
73.49500
 21
19.14100
  0
LINE
  8
Gravur
 62
   255
 39
0.400
  6
CONTINUOUS
 10
73.49500
 20
19.14100
 30
 0
 11
73.61500
 21
19.03100
  0
LINE
  8
Gravur
 62
   255
 39
0.400
  6
CONTINUOUS
 10
73.61500
 20
19.03100
 30
 0
 11
73.74900
 21
18.94200
  0
LINE
  8
Gravur
 62
   255
 39
0.400
  6
CONTINUOUS
 10
73.74900
 20
18.94200
 30
 0
 11
73.89300
 21
18.87500
  0
LINE
  8
Gravur
 62
   255
 39
0.400
  6
CONTINUOUS
 10
73.89300
 20
18.87500
 30
 0
 11
73.89300
 21
18.87500
  0
LINE
  8
Gravur
 62
   255
 39
0.400
  6
CONTINUOUS
 10
73.89300
 20
18.87500
 30
 0
 11
75.97200
 21
18.08300
  0
LINE
  8
Gravur
 62
   255
 39
0.400
  6
CONTINUOUS
 10
75.97200
 20
18.08300
 30
 0
 11
76.11900
 21
18.01400
  0
LINE
  8
Gravur
 62
   255
 39
0.400
  6
CONTINUOUS
 10
76.11900
 20
18.01400
 30
 0
 11
76.25500
 21
17.92100
  0
LINE
  8
Gravur
 62
   255
 39
0.400
  6
CONTINUOUS
 10
76.25500
 20
17.92100
 30
 0
 11
76.37800
 21
17.80700
  0
LINE
  8
Gravur
 62
   255
 39
0.400
  6
CONTINUOUS
 10
76.37800
 20
17.80700
 30
 0
 11
76.48500
 21
17.67500
  0
LINE
  8
Gravur
 62
   255
 39
0.400
  6
CONTINUOUS
 10
76.48500
 20
17.67500
 30
 0
 11
76.57300
 21
17.52600
  0
LINE
  8
Gravur
 62
   255
 39
0.400
  6
CONTINUOUS
 10
76.57300
 20
17.52600
 30
 0
 11
76.63900
 21
17.36500
  0
LINE
  8
Gravur
 62
   255
 39
0.400
  6
CONTINUOUS
 10
76.63900
 20
17.36500
 30
 0
 11
76.68500
 21
17.19400
  0
LINE
  8
Gravur
 62
   255
 39
0.400
  6
CONTINUOUS
 10
76.68500
 20
17.19400
 30
 0
 11
76.70700
 21
17.01800
  0
LINE
  8
Gravur
 62
   255
 39
0.400
  6
CONTINUOUS
 10
76.70700
 20
17.01800
 30
 0
 11
76.70600
 21
16.84100
  0
LINE
  8
Gravur
 62
   255
 39
0.400
  6
CONTINUOUS
 10
76.70600
 20
16.84100
 30
 0
 11
76.68200
 21
16.66500
  0
LINE
  8
Gravur
 62
   255
 39
0.400
  6
CONTINUOUS
 10
76.68200
 20
16.66500
 30
 0
 11
76.63400
 21
16.49600
  0
LINE
  8
Gravur
 62
   255
 39
0.400
  6
CONTINUOUS
 10
76.63400
 20
16.49600
 30
 0
 11
76.56400
 21
16.33500
  0
LINE
  8
Gravur
 62
   255
 39
0.400
  6
CONTINUOUS
 10
76.56400
 20
16.33500
 30
 0
 11
76.50600
 21
16.23500
  0
LINE
  8
Gravur
 62
   255
 39
0.400
  6
CONTINUOUS
 10
76.50600
 20
16.23500
 30
 0
 11
76.35500
 21
16.03500
  0
LINE
  8
Gravur
 62
   255
 39
0.400
  6
CONTINUOUS
 10
76.35500
 20
16.03500
 30
 0
 11
76.18000
 21
15.86200
  0
LINE
  8
Gravur
 62
   255
 39
0.400
  6
CONTINUOUS
 10
76.18000
 20
15.86200
 30
 0
 11
75.98300
 21
15.71900
  0
LINE
  8
Gravur
 62
   255
 39
0.400
  6
CONTINUOUS
 10
75.98300
 20
15.71900
 30
 0
 11
75.76900
 21
15.61000
  0
LINE
  8
Gravur
 62
   255
 39
0.400
  6
CONTINUOUS
 10
75.76900
 20
15.61000
 30
 0
 11
75.67500
 21
15.57500
  0
LINE
  8
Gravur
 62
   255
 39
0.400
  6
CONTINUOUS
 10
75.67500
 20
15.57500
 30
 0
 11
75.23500
 21
15.46600
  0
LINE
  8
Gravur
 62
   255
 39
0.400
  6
CONTINUOUS
 10
75.23500
 20
15.46600
 30
 0
 11
74.78500
 21
15.42400
  0
LINE
  8
Gravur
 62
   255
 39
0.400
  6
CONTINUOUS
 10
74.78500
 20
15.42400
 30
 0
 11
74.33500
 21
15.44900
  0
LINE
  8
Gravur
 62
   255
 39
0.400
  6
CONTINUOUS
 10
74.33500
 20
15.44900
 30
 0
 11
74.01100
 21
15.50900
  0
LINE
  8
Gravur
 62
   255
 39
0.400
  6
CONTINUOUS
 10
74.01100
 20
15.50900
 30
 0
 11
73.81300
 21
15.57400
  0
LINE
  8
Gravur
 62
   255
 39
0.400
  6
CONTINUOUS
 10
73.81300
 20
15.57400
 30
 0
 11
73.62600
 21
15.67000
  0
LINE
  8
Gravur
 62
   255
 39
0.400
  6
CONTINUOUS
 10
73.62600
 20
15.67000
 30
 0
 11
73.45300
 21
15.79500
  0
LINE
  8
Gravur
 62
   255
 39
0.400
  6
CONTINUOUS
 10
73.45300
 20
15.79500
 30
 0
 11
73.30000
 21
15.94700
  0
LINE
  8
Gravur
 62
   255
 39
0.400
  6
CONTINUOUS
 10
73.30000
 20
15.94700
 30
 0
 11
73.18000
 21
16.10300
  0
LINE
  8
Gravur
 62
   255
 39
0.400
  6
CONTINUOUS
 10
78.11000
 20
19.46900
 30
 0
 11
79.53600
 21
15.70700
  0
LINE
  8
Gravur
 62
   255
 39
0.400
  6
CONTINUOUS
 10
81.08000
 20
19.46900
 30
 0
 11
78.94200
 21
14.12300
  0
LINE
  8
Gravur
 62
   255
 39
0.400
  6
CONTINUOUS
 10
78.94200
 20
14.12300
 30
 0
 11
78.88000
 21
13.99400
  0
LINE
  8
Gravur
 62
   255
 39
0.400
  6
CONTINUOUS
 10
78.88000
 20
13.99400
 30
 0
 11
78.80100
 21
13.87700
  0
LINE
  8
Gravur
 62
   255
 39
0.400
  6
CONTINUOUS
 10
78.80100
 20
13.87700
 30
 0
 11
78.70900
 21
13.77300
  0
LINE
  8
Gravur
 62
   255
 39
0.400
  6
CONTINUOUS
 10
78.70900
 20
13.77300
 30
 0
 11
78.60300
 21
13.68600
  0
LINE
  8
Gravur
 62
   255
 39
0.400
  6
CONTINUOUS
 10
78.60300
 20
13.68600
 30
 0
 11
78.48700
 21
13.61600
  0
LINE
  8
Gravur
 62
   255
 39
0.400
  6
CONTINUOUS
 10
78.48700
 20
13.61600
 30
 0
 11
78.36400
 21
13.56600
  0
LINE
  8
Gravur
 62
   255
 39
0.400
  6
CONTINUOUS
 10
78.36400
 20
13.56600
 30
 0
 11
78.23400
 21
13.53700
  0
LINE
  8
Gravur
 62
   255
 39
0.400
  6
CONTINUOUS
 10
78.23400
 20
13.53700
 30
 0
 11
78.11000
 21
13.52900
  0
LINE
  8
Gravur
 62
   255
 39
0.400
  6
CONTINUOUS
 10
82.50600
 20
16.03700
 30
 0
 11
82.73200
 21
15.84200
  0
LINE
  8
Gravur
 62
   255
 39
0.400
  6
CONTINUOUS
 10
82.73200
 20
15.84200
 30
 0
 11
82.97900
 21
15.68400
  0
LINE
  8
Gravur
 62
   255
 39
0.400
  6
CONTINUOUS
 10
82.97900
 20
15.68400
 30
 0
 11
83.24500
 21
15.56700
  0
LINE
  8
Gravur
 62
   255
 39
0.400
  6
CONTINUOUS
 10
83.24500
 20
15.56700
 30
 0
 11
83.52300
 21
15.49300
  0
LINE
  8
Gravur
 62
   255
 39
0.400
  6
CONTINUOUS
 10
83.52300
 20
15.49300
 30
 0
 11
83.80800
 21
15.46300
  0
LINE
  8
Gravur
 62
   255
 39
0.400
  6
CONTINUOUS
 10
83.80800
 20
15.46300
 30
 0
 11
84.09300
 21
15.47800
  0
LINE
  8
Gravur
 62
   255
 39
0.400
  6
CONTINUOUS
 10
84.09300
 20
15.47800
 30
 0
 11
84.37400
 21
15.53800
  0
LINE
  8
Gravur
 62
   255
 39
0.400
  6
CONTINUOUS
 10
84.37400
 20
15.53800
 30
 0
 11
84.64400
 21
15.64100
  0
LINE
  8
Gravur
 62
   255
 39
0.400
  6
CONTINUOUS
 10
84.64400
 20
15.64100
 30
 0
 11
84.64400
 21
15.64100
  0
LINE
  8
Gravur
 62
   255
 39
0.400
  6
CONTINUOUS
 10
84.64400
 20
15.64100
 30
 0
 11
84.74000
 21
15.69600
  0
LINE
  8
Gravur
 62
   255
 39
0.400
  6
CONTINUOUS
 10
84.74000
 20
15.69600
 30
 0
 11
84.82900
 21
15.76500
  0
LINE
  8
Gravur
 62
   255
 39
0.400
  6
CONTINUOUS
 10
84.82900
 20
15.76500
 30
 0
 11
84.90900
 21
15.84800
  0
LINE
  8
Gravur
 62
   255
 39
0.400
  6
CONTINUOUS
 10
84.90900
 20
15.84800
 30
 0
 11
84.97600
 21
15.94300
  0
LINE
  8
Gravur
 62
   255
 39
0.400
  6
CONTINUOUS
 10
84.97600
 20
15.94300
 30
 0
 11
85.03000
 21
16.04700
  0
LINE
  8
Gravur
 62
   255
 39
0.400
  6
CONTINUOUS
 10
85.03000
 20
16.04700
 30
 0
 11
85.07200
 21
16.15900
  0
LINE
  8
Gravur
 62
   255
 39
0.400
  6
CONTINUOUS
 10
85.07200
 20
16.15900
 30
 0
 11
85.09800
 21
16.27600
  0
LINE
  8
Gravur
 62
   255
 39
0.400
  6
CONTINUOUS
 10
85.09800
 20
16.27600
 30
 0
 11
85.10800
 21
16.39600
  0
LINE
  8
Gravur
 62
   255
 39
0.400
  6
CONTINUOUS
 10
85.10800
 20
16.39600
 30
 0
 11
85.10400
 21
16.51600
  0
LINE
  8
Gravur
 62
   255
 39
0.400
  6
CONTINUOUS
 10
85.10400
 20
16.51600
 30
 0
 11
85.08400
 21
16.63500
  0
LINE
  8
Gravur
 62
   255
 39
0.400
  6
CONTINUOUS
 10
85.08400
 20
16.63500
 30
 0
 11
85.04900
 21
16.74900
  0
LINE
  8
Gravur
 62
   255
 39
0.400
  6
CONTINUOUS
 10
85.04900
 20
16.74900
 30
 0
 11
85.00000
 21
16.85700
  0
LINE
  8
Gravur
 62
   255
 39
0.400
  6
CONTINUOUS
 10
85.00000
 20
16.85700
 30
 0
 11
84.93700
 21
16.95500
  0
LINE
  8
Gravur
 62
   255
 39
0.400
  6
CONTINUOUS
 10
84.93700
 20
16.95500
 30
 0
 11
84.86400
 21
17.04300
  0
LINE
  8
Gravur
 62
   255
 39
0.400
  6
CONTINUOUS
 10
84.86400
 20
17.04300
 30
 0
 11
84.77900
 21
17.11900
  0
LINE
  8
Gravur
 62
   255
 39
0.400
  6
CONTINUOUS
 10
84.77900
 20
17.11900
 30
 0
 11
84.68500
 21
17.18000
  0
LINE
  8
Gravur
 62
   255
 39
0.400
  6
CONTINUOUS
 10
84.68500
 20
17.18000
 30
 0
 11
84.58500
 21
17.22500
  0
LINE
  8
Gravur
 62
   255
 39
0.400
  6
CONTINUOUS
 10
84.58500
 20
17.22500
 30
 0
 11
82.98100
 21
17.81900
  0
LINE
  8
Gravur
 62
   255
 39
0.400
  6
CONTINUOUS
 10
82.98100
 20
17.81900
 30
 0
 11
82.88800
 21
17.86200
  0
LINE
  8
Gravur
 62
   255
 39
0.400
  6
CONTINUOUS
 10
82.88800
 20
17.86200
 30
 0
 11
82.80200
 21
17.91900
  0
LINE
  8
Gravur
 62
   255
 39
0.400
  6
CONTINUOUS
 10
82.80200
 20
17.91900
 30
 0
 11
82.72400
 21
17.99000
  0
LINE
  8
Gravur
 62
   255
 39
0.400
  6
CONTINUOUS
 10
82.72400
 20
17.99000
 30
 0
 11
82.65700
 21
18.07200
  0
LINE
  8
Gravur
 62
   255
 39
0.400
  6
CONTINUOUS
 10
82.65700
 20
18.07200
 30
 0
 11
82.60000
 21
18.16500
  0
LINE
  8
Gravur
 62
   255
 39
0.400
  6
CONTINUOUS
 10
82.60000
 20
18.16500
 30
 0
 11
82.55700
 21
18.26600
  0
LINE
  8
Gravur
 62
   255
 39
0.400
  6
CONTINUOUS
 10
82.55700
 20
18.26600
 30
 0
 11
82.52800
 21
18.37200
  0
LINE
  8
Gravur
 62
   255
 39
0.400
  6
CONTINUOUS
 10
82.52800
 20
18.37200
 30
 0
 11
82.51300
 21
18.48300
  0
LINE
  8
Gravur
 62
   255
 39
0.400
  6
CONTINUOUS
 10
82.51300
 20
18.48300
 30
 0
 11
82.51300
 21
18.59400
  0
LINE
  8
Gravur
 62
   255
 39
0.400
  6
CONTINUOUS
 10
82.51300
 20
18.59400
 30
 0
 11
82.52700
 21
18.70500
  0
LINE
  8
Gravur
 62
   255
 39
0.400
  6
CONTINUOUS
 10
82.52700
 20
18.70500
 30
 0
 11
82.55600
 21
18.81200
  0
LINE
  8
Gravur
 62
   255
 39
0.400
  6
CONTINUOUS
 10
82.55600
 20
18.81200
 30
 0
 11
82.59800
 21
18.91300
  0
LINE
  8
Gravur
 62
   255
 39
0.400
  6
CONTINUOUS
 10
82.59800
 20
18.91300
 30
 0
 11
82.65400
 21
19.00600
  0
LINE
  8
Gravur
 62
   255
 39
0.400
  6
CONTINUOUS
 10
82.65400
 20
19.00600
 30
 0
 11
82.72100
 21
19.08900
  0
LINE
  8
Gravur
 62
   255
 39
0.400
  6
CONTINUOUS
 10
82.72100
 20
19.08900
 30
 0
 11
82.79800
 21
19.16000
  0
LINE
  8
Gravur
 62
   255
 39
0.400
  6
CONTINUOUS
 10
82.79800
 20
19.16000
 30
 0
 11
82.86200
 21
19.20500
  0
LINE
  8
Gravur
 62
   255
 39
0.400
  6
CONTINUOUS
 10
82.86200
 20
19.20500
 30
 0
 11
83.14200
 21
19.35200
  0
LINE
  8
Gravur
 62
   255
 39
0.400
  6
CONTINUOUS
 10
83.14200
 20
19.35200
 30
 0
 11
83.43800
 21
19.45100
  0
LINE
  8
Gravur
 62
   255
 39
0.400
  6
CONTINUOUS
 10
83.43800
 20
19.45100
 30
 0
 11
83.74300
 21
19.50100
  0
LINE
  8
Gravur
 62
   255
 39
0.400
  6
CONTINUOUS
 10
83.74300
 20
19.50100
 30
 0
 11
84.05300
 21
19.50100
  0
LINE
  8
Gravur
 62
   255
 39
0.400
  6
CONTINUOUS
 10
84.05300
 20
19.50100
 30
 0
 11
84.35900
 21
19.45100
  0
LINE
  8
Gravur
 62
   255
 39
0.400
  6
CONTINUOUS
 10
84.35900
 20
19.45100
 30
 0
 11
84.65500
 21
19.35100
  0
LINE
  8
Gravur
 62
   255
 39
0.400
  6
CONTINUOUS
 10
84.65500
 20
19.35100
 30
 0
 11
84.93400
 21
19.20400
  0
LINE
  8
Gravur
 62
   255
 39
0.400
  6
CONTINUOUS
 10
84.93400
 20
19.20400
 30
 0
 11
85.11900
 21
19.07300
  0
LINE
  8
Gravur
 62
   255
 39
0.400
  6
CONTINUOUS
 10
87.07900
 20
21.44900
 30
 0
 11
87.07900
 21
19.46900
  0
LINE
  8
Gravur
 62
   255
 39
0.400
  6
CONTINUOUS
 10
87.07900
 20
19.46900
 30
 0
 11
87.97000
 21
19.46900
  0
LINE
  8
Gravur
 62
   255
 39
0.400
  6
CONTINUOUS
 10
87.97000
 20
19.46900
 30
 0
 11
86.48500
 21
19.46900
  0
LINE
  8
Gravur
 62
   255
 39
0.400
  6
CONTINUOUS
 10
86.48500
 20
19.46900
 30
 0
 11
87.07900
 21
19.46900
  0
LINE
  8
Gravur
 62
   255
 39
0.400
  6
CONTINUOUS
 10
87.07900
 20
19.46900
 30
 0
 11
87.07900
 21
16.30100
  0
LINE
  8
Gravur
 62
   255
 39
0.400
  6
CONTINUOUS
 10
87.07900
 20
16.30100
 30
 0
 11
87.08700
 21
16.18900
  0
LINE
  8
Gravur
 62
   255
 39
0.400
  6
CONTINUOUS
 10
87.08700
 20
16.18900
 30
 0
 11
87.10700
 21
16.08000
  0
LINE
  8
Gravur
 62
   255
 39
0.400
  6
CONTINUOUS
 10
87.10700
 20
16.08000
 30
 0
 11
87.14200
 21
15.97500
  0
LINE
  8
Gravur
 62
   255
 39
0.400
  6
CONTINUOUS
 10
87.14200
 20
15.97500
 30
 0
 11
87.18800
 21
15.87600
  0
LINE
  8
Gravur
 62
   255
 39
0.400
  6
CONTINUOUS
 10
87.18800
 20
15.87600
 30
 0
 11
87.24800
 21
15.78600
  0
LINE
  8
Gravur
 62
   255
 39
0.400
  6
CONTINUOUS
 10
87.24800
 20
15.78600
 30
 0
 11
87.31700
 21
15.70500
  0
LINE
  8
Gravur
 62
   255
 39
0.400
  6
CONTINUOUS
 10
87.31700
 20
15.70500
 30
 0
 11
87.39600
 21
15.63600
  0
LINE
  8
Gravur
 62
   255
 39
0.400
  6
CONTINUOUS
 10
87.39600
 20
15.63600
 30
 0
 11
87.48300
 21
15.57900
  0
LINE
  8
Gravur
 62
   255
 39
0.400
  6
CONTINUOUS
 10
87.48300
 20
15.57900
 30
 0
 11
87.57600
 21
15.53700
  0
LINE
  8
Gravur
 62
   255
 39
0.400
  6
CONTINUOUS
 10
87.57600
 20
15.53700
 30
 0
 11
87.67300
 21
15.50900
  0
LINE
  8
Gravur
 62
   255
 39
0.400
  6
CONTINUOUS
 10
89.39600
 20
17.48900
 30
 0
 11
92.36600
 21
17.48900
  0
LINE
  8
Gravur
 62
   255
 39
0.400
  6
CONTINUOUS
 10
92.36600
 20
17.48900
 30
 0
 11
92.36600
 21
17.81900
  0
LINE
  8
Gravur
 62
   255
 39
0.400
  6
CONTINUOUS
 10
92.36600
 20
17.81900
 30
 0
 11
92.35000
 21
18.06500
  0
LINE
  8
Gravur
 62
   255
 39
0.400
  6
CONTINUOUS
 10
92.35000
 20
18.06500
 30
 0
 11
92.30000
 21
18.30500
  0
LINE
  8
Gravur
 62
   255
 39
0.400
  6
CONTINUOUS
 10
92.30000
 20
18.30500
 30
 0
 11
92.21900
 21
18.53500
  0
LINE
  8
Gravur
 62
   255
 39
0.400
  6
CONTINUOUS
 10
92.21900
 20
18.53500
 30
 0
 11
92.10800
 21
18.74800
  0
LINE
  8
Gravur
 62
   255
 39
0.400
  6
CONTINUOUS
 10
92.10800
 20
18.74800
 30
 0
 11
91.97000
 21
18.94100
  0
LINE
  8
Gravur
 62
   255
 39
0.400
  6
CONTINUOUS
 10
91.97000
 20
18.94100
 30
 0
 11
91.80700
 21
19.10900
  0
LINE
  8
Gravur
 62
   255
 39
0.400
  6
CONTINUOUS
 10
91.80700
 20
19.10900
 30
 0
 11
91.62400
 21
19.24800
  0
LINE
  8
Gravur
 62
   255
 39
0.400
  6
CONTINUOUS
 10
91.62400
 20
19.24800
 30
 0
 11
91.42400
 21
19.35500
  0
LINE
  8
Gravur
 62
   255
 39
0.400
  6
CONTINUOUS
 10
91.42400
 20
19.35500
 30
 0
 11
91.21100
 21
19.42800
  0
LINE
  8
Gravur
 62
   255
 39
0.400
  6
CONTINUOUS
 10
91.21100
 20
19.42800
 30
 0
 11
90.99200
 21
19.46400
  0
LINE
  8
Gravur
 62
   255
 39
0.400
  6
CONTINUOUS
 10
90.99200
 20
19.46400
 30
 0
 11
90.77000
 21
19.46400
  0
LINE
  8
Gravur
 62
   255
 39
0.400
  6
CONTINUOUS
 10
90.77000
 20
19.46400
 30
 0
 11
90.55100
 21
19.42800
  0
LINE
  8
Gravur
 62
   255
 39
0.400
  6
CONTINUOUS
 10
90.55100
 20
19.42800
 30
 0
 11
90.33800
 21
19.35500
  0
LINE
  8
Gravur
 62
   255
 39
0.400
  6
CONTINUOUS
 10
90.33800
 20
19.35500
 30
 0
 11
90.13900
 21
19.24800
  0
LINE
  8
Gravur
 62
   255
 39
0.400
  6
CONTINUOUS
 10
90.13900
 20
19.24800
 30
 0
 11
89.95500
 21
19.10900
  0
LINE
  8
Gravur
 62
   255
 39
0.400
  6
CONTINUOUS
 10
89.95500
 20
19.10900
 30
 0
 11
89.79200
 21
18.94100
  0
LINE
  8
Gravur
 62
   255
 39
0.400
  6
CONTINUOUS
 10
89.79200
 20
18.94100
 30
 0
 11
89.65400
 21
18.74800
  0
LINE
  8
Gravur
 62
   255
 39
0.400
  6
CONTINUOUS
 10
89.65400
 20
18.74800
 30
 0
 11
89.54300
 21
18.53500
  0
LINE
  8
Gravur
 62
   255
 39
0.400
  6
CONTINUOUS
 10
89.54300
 20
18.53500
 30
 0
 11
89.46200
 21
18.30500
  0
LINE
  8
Gravur
 62
   255
 39
0.400
  6
CONTINUOUS
 10
89.46200
 20
18.30500
 30
 0
 11
89.41200
 21
18.06500
  0
LINE
  8
Gravur
 62
   255
 39
0.400
  6
CONTINUOUS
 10
89.41200
 20
18.06500
 30
 0
 11
89.39600
 21
17.81900
  0
LINE
  8
Gravur
 62
   255
 39
0.400
  6
CONTINUOUS
 10
89.39600
 20
17.81900
 30
 0
 11
89.39600
 21
17.15900
  0
LINE
  8
Gravur
 62
   255
 39
0.400
  6
CONTINUOUS
 10
89.39600
 20
17.15900
 30
 0
 11
89.41200
 21
16.90700
  0
LINE
  8
Gravur
 62
   255
 39
0.400
  6
CONTINUOUS
 10
89.41200
 20
16.90700
 30
 0
 11
89.46200
 21
16.66000
  0
LINE
  8
Gravur
 62
   255
 39
0.400
  6
CONTINUOUS
 10
89.46200
 20
16.66000
 30
 0
 11
89.54300
 21
16.42300
  0
LINE
  8
Gravur
 62
   255
 39
0.400
  6
CONTINUOUS
 10
89.54300
 20
16.42300
 30
 0
 11
89.65400
 21
16.20300
  0
LINE
  8
Gravur
 62
   255
 39
0.400
  6
CONTINUOUS
 10
89.65400
 20
16.20300
 30
 0
 11
89.79300
 21
16.00300
  0
LINE
  8
Gravur
 62
   255
 39
0.400
  6
CONTINUOUS
 10
89.79300
 20
16.00300
 30
 0
 11
89.95800
 21
15.82700
  0
LINE
  8
Gravur
 62
   255
 39
0.400
  6
CONTINUOUS
 10
89.95800
 20
15.82700
 30
 0
 11
90.14200
 21
15.68000
  0
LINE
  8
Gravur
 62
   255
 39
0.400
  6
CONTINUOUS
 10
90.14200
 20
15.68000
 30
 0
 11
90.34500
 21
15.56400
  0
LINE
  8
Gravur
 62
   255
 39
0.400
  6
CONTINUOUS
 10
90.34500
 20
15.56400
 30
 0
 11
90.56100
 21
15.48300
  0
LINE
  8
Gravur
 62
   255
 39
0.400
  6
CONTINUOUS
 10
90.56100
 20
15.48300
 30
 0
 11
90.78400
 21
15.43700
  0
LINE
  8
Gravur
 62
   255
 39
0.400
  6
CONTINUOUS
 10
90.78400
 20
15.43700
 30
 0
 11
91.01200
 21
15.42800
  0
LINE
  8
Gravur
 62
   255
 39
0.400
  6
CONTINUOUS
 10
91.01200
 20
15.42800
 30
 0
 11
91.23800
 21
15.45600
  0
LINE
  8
Gravur
 62
   255
 39
0.400
  6
CONTINUOUS
 10
91.23800
 20
15.45600
 30
 0
 11
91.45800
 21
15.52100
  0
LINE
  8
Gravur
 62
   255
 39
0.400
  6
CONTINUOUS
 10
91.45800
 20
15.52100
 30
 0
 11
91.66800
 21
15.62000
  0
LINE
  8
Gravur
 62
   255
 39
0.400
  6
CONTINUOUS
 10
91.66800
 20
15.62000
 30
 0
 11
91.86200
 21
15.75200
  0
LINE
  8
Gravur
 62
   255
 39
0.400
  6
CONTINUOUS
 10
91.86200
 20
15.75200
 30
 0
 11
92.03700
 21
15.91400
  0
LINE
  8
Gravur
 62
   255
 39
0.400
  6
CONTINUOUS
 10
92.03700
 20
15.91400
 30
 0
 11
92.18800
 21
16.10300
  0
LINE
  8
Gravur
 62
   255
 39
0.400
  6
CONTINUOUS
 10
93.79200
 20
15.50900
 30
 0
 11
93.79200
 21
19.46900
  0
LINE
  8
Gravur
 62
   255
 39
0.400
  6
CONTINUOUS
 10
93.79200
 20
19.46900
 30
 0
 11
93.79200
 21
18.14900
  0
LINE
  8
Gravur
 62
   255
 39
0.400
  6
CONTINUOUS
 10
93.79200
 20
18.14900
 30
 0
 11
93.80500
 21
18.34600
  0
LINE
  8
Gravur
 62
   255
 39
0.400
  6
CONTINUOUS
 10
93.80500
 20
18.34600
 30
 0
 11
93.84500
 21
18.53800
  0
LINE
  8
Gravur
 62
   255
 39
0.400
  6
CONTINUOUS
 10
93.84500
 20
18.53800
 30
 0
 11
93.91000
 21
18.72200
  0
LINE
  8
Gravur
 62
   255
 39
0.400
  6
CONTINUOUS
 10
93.91000
 20
18.72200
 30
 0
 11
93.99800
 21
18.89300
  0
LINE
  8
Gravur
 62
   255
 39
0.400
  6
CONTINUOUS
 10
93.99800
 20
18.89300
 30
 0
 11
94.10800
 21
19.04700
  0
LINE
  8
Gravur
 62
   255
 39
0.400
  6
CONTINUOUS
 10
94.10800
 20
19.04700
 30
 0
 11
94.23900
 21
19.18100
  0
LINE
  8
Gravur
 62
   255
 39
0.400
  6
CONTINUOUS
 10
94.23900
 20
19.18100
 30
 0
 11
94.38600
 21
19.29200
  0
LINE
  8
Gravur
 62
   255
 39
0.400
  6
CONTINUOUS
 10
94.38600
 20
19.29200
 30
 0
 11
94.54600
 21
19.37800
  0
LINE
  8
Gravur
 62
   255
 39
0.400
  6
CONTINUOUS
 10
94.54600
 20
19.37800
 30
 0
 11
94.71500
 21
19.43600
  0
LINE
  8
Gravur
 62
   255
 39
0.400
  6
CONTINUOUS
 10
94.71500
 20
19.43600
 30
 0
 11
94.89100
 21
19.46500
  0
LINE
  8
Gravur
 62
   255
 39
0.400
  6
CONTINUOUS
 10
94.89100
 20
19.46500
 30
 0
 11
95.06900
 21
19.46500
  0
LINE
  8
Gravur
 62
   255
 39
0.400
  6
CONTINUOUS
 10
95.06900
 20
19.46500
 30
 0
 11
95.24400
 21
19.43600
  0
LINE
  8
Gravur
 62
   255
 39
0.400
  6
CONTINUOUS
 10
95.24400
 20
19.43600
 30
 0
 11
95.41300
 21
19.37800
  0
LINE
  8
Gravur
 62
   255
 39
0.400
  6
CONTINUOUS
 10
95.41300
 20
19.37800
 30
 0
 11
95.57400
 21
19.29200
  0
LINE
  8
Gravur
 62
   255
 39
0.400
  6
CONTINUOUS
 10
95.57400
 20
19.29200
 30
 0
 11
95.72000
 21
19.18100
  0
LINE
  8
Gravur
 62
   255
 39
0.400
  6
CONTINUOUS
 10
95.72000
 20
19.18100
 30
 0
 11
95.85100
 21
19.04700
  0
LINE
  8
Gravur
 62
   255
 39
0.400
  6
CONTINUOUS
 10
95.85100
 20
19.04700
 30
 0
 11
95.96200
 21
18.89300
  0
LINE
  8
Gravur
 62
   255
 39
0.400
  6
CONTINUOUS
 10
95.96200
 20
18.89300
 30
 0
 11
96.05000
 21
18.72200
  0
LINE
  8
Gravur
 62
   255
 39
0.400
  6
CONTINUOUS
 10
96.05000
 20
18.72200
 30
 0
 11
96.11500
 21
18.53800
  0
LINE
  8
Gravur
 62
   255
 39
0.400
  6
CONTINUOUS
 10
96.11500
 20
18.53800
 30
 0
 11
96.15400
 21
18.34600
  0
LINE
  8
Gravur
 62
   255
 39
0.400
  6
CONTINUOUS
 10
96.15400
 20
18.34600
 30
 0
 11
96.16800
 21
18.14900
  0
LINE
  8
Gravur
 62
   255
 39
0.400
  6
CONTINUOUS
 10
96.16800
 20
18.14900
 30
 0
 11
96.16800
 21
15.50900
  0
LINE
  8
Gravur
 62
   255
 39
0.400
  6
CONTINUOUS
 10
96.16800
 20
15.50900
 30
 0
 11
96.16800
 21
18.14900
  0
LINE
  8
Gravur
 62
   255
 39
0.400
  6
CONTINUOUS
 10
96.16800
 20
18.14900
 30
 0
 11
96.18100
 21
18.34600
  0
LINE
  8
Gravur
 62
   255
 39
0.400
  6
CONTINUOUS
 10
96.18100
 20
18.34600
 30
 0
 11
96.22100
 21
18.53800
  0
LINE
  8
Gravur
 62
   255
 39
0.400
  6
CONTINUOUS
 10
96.22100
 20
18.53800
 30
 0
 11
96.28600
 21
18.72200
  0
LINE
  8
Gravur
 62
   255
 39
0.400
  6
CONTINUOUS
 10
96.28600
 20
18.72200
 30
 0
 11
96.37400
 21
18.89300
  0
LINE
  8
Gravur
 62
   255
 39
0.400
  6
CONTINUOUS
 10
96.37400
 20
18.89300
 30
 0
 11
96.48400
 21
19.04700
  0
LINE
  8
Gravur
 62
   255
 39
0.400
  6
CONTINUOUS
 10
96.48400
 20
19.04700
 30
 0
 11
96.61500
 21
19.18100
  0
LINE
  8
Gravur
 62
   255
 39
0.400
  6
CONTINUOUS
 10
96.61500
 20
19.18100
 30
 0
 11
96.76200
 21
19.29200
  0
LINE
  8
Gravur
 62
   255
 39
0.400
  6
CONTINUOUS
 10
96.76200
 20
19.29200
 30
 0
 11
96.92200
 21
19.37800
  0
LINE
  8
Gravur
 62
   255
 39
0.400
  6
CONTINUOUS
 10
96.92200
 20
19.37800
 30
 0
 11
97.09100
 21
19.43600
  0
LINE
  8
Gravur
 62
   255
 39
0.400
  6
CONTINUOUS
 10
97.09100
 20
19.43600
 30
 0
 11
97.26700
 21
19.46500
  0
LINE
  8
Gravur
 62
   255
 39
0.400
  6
CONTINUOUS
 10
97.26700
 20
19.46500
 30
 0
 11
97.44500
 21
19.46500
  0
LINE
  8
Gravur
 62
   255
 39
0.400
  6
CONTINUOUS
 10
97.44500
 20
19.46500
 30
 0
 11
97.62000
 21
19.43600
  0
LINE
  8
Gravur
 62
   255
 39
0.400
  6
CONTINUOUS
 10
97.62000
 20
19.43600
 30
 0
 11
97.78900
 21
19.37800
  0
LINE
  8
Gravur
 62
   255
 39
0.400
  6
CONTINUOUS
 10
97.78900
 20
19.37800
 30
 0
 11
97.95000
 21
19.29200
  0
LINE
  8
Gravur
 62
   255
 39
0.400
  6
CONTINUOUS
 10
97.95000
 20
19.29200
 30
 0
 11
98.09600
 21
19.18100
  0
LINE
  8
Gravur
 62
   255
 39
0.400
  6
CONTINUOUS
 10
98.09600
 20
19.18100
 30
 0
 11
98.22700
 21
19.04700
  0
LINE
  8
Gravur
 62
   255
 39
0.400
  6
CONTINUOUS
 10
98.22700
 20
19.04700
 30
 0
 11
98.33800
 21
18.89300
  0
LINE
  8
Gravur
 62
   255
 39
0.400
  6
CONTINUOUS
 10
98.33800
 20
18.89300
 30
 0
 11
98.42600
 21
18.72200
  0
LINE
  8
Gravur
 62
   255
 39
0.400
  6
CONTINUOUS
 10
98.42600
 20
18.72200
 30
 0
 11
98.49100
 21
18.53800
  0
LINE
  8
Gravur
 62
   255
 39
0.400
  6
CONTINUOUS
 10
98.49100
 20
18.53800
 30
 0
 11
98.53000
 21
18.34600
  0
LINE
  8
Gravur
 62
   255
 39
0.400
  6
CONTINUOUS
 10
98.53000
 20
18.34600
 30
 0
 11
98.54400
 21
18.14900
  0
LINE
  8
Gravur
 62
   255
 39
0.400
  6
CONTINUOUS
 10
98.54400
 20
18.14900
 30
 0
 11
98.54400
 21
15.50900
  0
LINE
  8
Gravur
 62
   255
 39
0.400
  6
CONTINUOUS
 10
99.96900
 20
16.03700
 30
 0
 11
100.19500
 21
15.84200
  0
LINE
  8
Gravur
 62
   255
 39
0.400
  6
CONTINUOUS
 10
100.19500
 20
15.84200
 30
 0
 11
100.44300
 21
15.68400
  0
LINE
  8
Gravur
 62
   255
 39
0.400
  6
CONTINUOUS
 10
100.44300
 20
15.68400
 30
 0
 11
100.70900
 21
15.56700
  0
LINE
  8
Gravur
 62
   255
 39
0.400
  6
CONTINUOUS
 10
100.70900
 20
15.56700
 30
 0
 11
100.98600
 21
15.49300
  0
LINE
  8
Gravur
 62
   255
 39
0.400
  6
CONTINUOUS
 10
100.98600
 20
15.49300
 30
 0
 11
101.27200
 21
15.46300
  0
LINE
  8
Gravur
 62
   255
 39
0.400
  6
CONTINUOUS
 10
101.27200
 20
15.46300
 30
 0
 11
101.55700
 21
15.47800
  0
LINE
  8
Gravur
 62
   255
 39
0.400
  6
CONTINUOUS
 10
101.55700
 20
15.47800
 30
 0
 11
101.83800
 21
15.53800
  0
LINE
  8
Gravur
 62
   255
 39
0.400
  6
CONTINUOUS
 10
101.83800
 20
15.53800
 30
 0
 11
102.10800
 21
15.64100
  0
LINE
  8
Gravur
 62
   255
 39
0.400
  6
CONTINUOUS
 10
102.10800
 20
15.64100
 30
 0
 11
102.10800
 21
15.64100
  0
LINE
  8
Gravur
 62
   255
 39
0.400
  6
CONTINUOUS
 10
102.10800
 20
15.64100
 30
 0
 11
102.20400
 21
15.69600
  0
LINE
  8
Gravur
 62
   255
 39
0.400
  6
CONTINUOUS
 10
102.20400
 20
15.69600
 30
 0
 11
102.29300
 21
15.76500
  0
LINE
  8
Gravur
 62
   255
 39
0.400
  6
CONTINUOUS
 10
102.29300
 20
15.76500
 30
 0
 11
102.37200
 21
15.84800
  0
LINE
  8
Gravur
 62
   255
 39
0.400
  6
CONTINUOUS
 10
102.37200
 20
15.84800
 30
 0
 11
102.44000
 21
15.94300
  0
LINE
  8
Gravur
 62
   255
 39
0.400
  6
CONTINUOUS
 10
102.44000
 20
15.94300
 30
 0
 11
102.49400
 21
16.04700
  0
LINE
  8
Gravur
 62
   255
 39
0.400
  6
CONTINUOUS
 10
102.49400
 20
16.04700
 30
 0
 11
102.53500
 21
16.15900
  0
LINE
  8
Gravur
 62
   255
 39
0.400
  6
CONTINUOUS
 10
102.53500
 20
16.15900
 30
 0
 11
102.56100
 21
16.27600
  0
LINE
  8
Gravur
 62
   255
 39
0.400
  6
CONTINUOUS
 10
102.56100
 20
16.27600
 30
 0
 11
102.57200
 21
16.39600
  0
LINE
  8
Gravur
 62
   255
 39
0.400
  6
CONTINUOUS
 10
102.57200
 20
16.39600
 30
 0
 11
102.56800
 21
16.51600
  0
LINE
  8
Gravur
 62
   255
 39
0.400
  6
CONTINUOUS
 10
102.56800
 20
16.51600
 30
 0
 11
102.54800
 21
16.63500
  0
LINE
  8
Gravur
 62
   255
 39
0.400
  6
CONTINUOUS
 10
102.54800
 20
16.63500
 30
 0
 11
102.51300
 21
16.74900
  0
LINE
  8
Gravur
 62
   255
 39
0.400
  6
CONTINUOUS
 10
102.51300
 20
16.74900
 30
 0
 11
102.46400
 21
16.85700
  0
LINE
  8
Gravur
 62
   255
 39
0.400
  6
CONTINUOUS
 10
102.46400
 20
16.85700
 30
 0
 11
102.40100
 21
16.95500
  0
LINE
  8
Gravur
 62
   255
 39
0.400
  6
CONTINUOUS
 10
102.40100
 20
16.95500
 30
 0
 11
102.32700
 21
17.04300
  0
LINE
  8
Gravur
 62
   255
 39
0.400
  6
CONTINUOUS
 10
102.32700
 20
17.04300
 30
 0
 11
102.24300
 21
17.11900
  0
LINE
  8
Gravur
 62
   255
 39
0.400
  6
CONTINUOUS
 10
102.24300
 20
17.11900
 30
 0
 11
102.14900
 21
17.18000
  0
LINE
  8
Gravur
 62
   255
 39
0.400
  6
CONTINUOUS
 10
102.14900
 20
17.18000
 30
 0
 11
102.04800
 21
17.22500
  0
LINE
  8
Gravur
 62
   255
 39
0.400
  6
CONTINUOUS
 10
102.04800
 20
17.22500
 30
 0
 11
100.44400
 21
17.81900
  0
LINE
  8
Gravur
 62
   255
 39
0.400
  6
CONTINUOUS
 10
100.44400
 20
17.81900
 30
 0
 11
100.35200
 21
17.86200
  0
LINE
  8
Gravur
 62
   255
 39
0.400
  6
CONTINUOUS
 10
100.35200
 20
17.86200
 30
 0
 11
100.26500
 21
17.91900
  0
LINE
  8
Gravur
 62
   255
 39
0.400
  6
CONTINUOUS
 10
100.26500
 20
17.91900
 30
 0
 11
100.18800
 21
17.99000
  0
LINE
  8
Gravur
 62
   255
 39
0.400
  6
CONTINUOUS
 10
100.18800
 20
17.99000
 30
 0
 11
100.12000
 21
18.07200
  0
LINE
  8
Gravur
 62
   255
 39
0.400
  6
CONTINUOUS
 10
100.12000
 20
18.07200
 30
 0
 11
100.06400
 21
18.16500
  0
LINE
  8
Gravur
 62
   255
 39
0.400
  6
CONTINUOUS
 10
100.06400
 20
18.16500
 30
 0
 11
100.02100
 21
18.26600
  0
LINE
  8
Gravur
 62
   255
 39
0.400
  6
CONTINUOUS
 10
100.02100
 20
18.26600
 30
 0
 11
99.99200
 21
18.37200
  0
LINE
  8
Gravur
 62
   255
 39
0.400
  6
CONTINUOUS
 10
99.99200
 20
18.37200
 30
 0
 11
99.97600
 21
18.48300
  0
LINE
  8
Gravur
 62
   255
 39
0.400
  6
CONTINUOUS
 10
99.97600
 20
18.48300
 30
 0
 11
99.97600
 21
18.59400
  0
LINE
  8
Gravur
 62
   255
 39
0.400
  6
CONTINUOUS
 10
99.97600
 20
18.59400
 30
 0
 11
99.99100
 21
18.70500
  0
LINE
  8
Gravur
 62
   255
 39
0.400
  6
CONTINUOUS
 10
99.99100
 20
18.70500
 30
 0
 11
100.02000
 21
18.81200
  0
LINE
  8
Gravur
 62
   255
 39
0.400
  6
CONTINUOUS
 10
100.02000
 20
18.81200
 30
 0
 11
100.06200
 21
18.91300
  0
LINE
  8
Gravur
 62
   255
 39
0.400
  6
CONTINUOUS
 10
100.06200
 20
18.91300
 30
 0
 11
100.11800
 21
19.00600
  0
LINE
  8
Gravur
 62
   255
 39
0.400
  6
CONTINUOUS
 10
100.11800
 20
19.00600
 30
 0
 11
100.18400
 21
19.08900
  0
LINE
  8
Gravur
 62
   255
 39
0.400
  6
CONTINUOUS
 10
100.18400
 20
19.08900
 30
 0
 11
100.26200
 21
19.16000
  0
LINE
  8
Gravur
 62
   255
 39
0.400
  6
CONTINUOUS
 10
100.26200
 20
19.16000
 30
 0
 11
100.32600
 21
19.20500
  0
LINE
  8
Gravur
 62
   255
 39
0.400
  6
CONTINUOUS
 10
100.32600
 20
19.20500
 30
 0
 11
100.60600
 21
19.35200
  0
LINE
  8
Gravur
 62
   255
 39
0.400
  6
CONTINUOUS
 10
100.60600
 20
19.35200
 30
 0
 11
100.90200
 21
19.45100
  0
LINE
  8
Gravur
 62
   255
 39
0.400
  6
CONTINUOUS
 10
100.90200
 20
19.45100
 30
 0
 11
101.20700
 21
19.50100
  0
LINE
  8
Gravur
 62
   255
 39
0.400
  6
CONTINUOUS
 10
101.20700
 20
19.50100
 30
 0
 11
101.51600
 21
19.50100
  0
LINE
  8
Gravur
 62
   255
 39
0.400
  6
CONTINUOUS
 10
101.51600
 20
19.50100
 30
 0
 11
101.82200
 21
19.45100
  0
LINE
  8
Gravur
 62
   255
 39
0.400
  6
CONTINUOUS
 10
101.82200
 20
19.45100
 30
 0
 11
102.11800
 21
19.35100
  0
LINE
  8
Gravur
 62
   255
 39
0.400
  6
CONTINUOUS
 10
102.11800
 20
19.35100
 30
 0
 11
102.39700
 21
19.20400
  0
LINE
  8
Gravur
 62
   255
 39
0.400
  6
CONTINUOUS
 10
102.39700
 20
19.20400
 30
 0
 11
102.58300
 21
19.07300
  0
LINE
  8
Gravur
 62
   255
 39
0.400
  6
CONTINUOUS
 10
220.38800
 20
35.76400
 30
 0
 11
223.95200
 21
35.76400
  0
LINE
  8
Gravur
 62
   255
 39
0.400
  6
CONTINUOUS
 10
223.95200
 20
35.76400
 30
 0
 11
222.17000
 21
35.76400
  0
LINE
  8
Gravur
 62
   255
 39
0.400
  6
CONTINUOUS
 10
222.17000
 20
35.76400
 30
 0
 11
222.17000
 21
29.82400
  0
LINE
  8
Gravur
 62
   255
 39
0.400
  6
CONTINUOUS
 10
225.37800
 20
29.82400
 30
 0
 11
225.37800
 21
35.76400
  0
LINE
  8
Gravur
 62
   255
 39
0.400
  6
CONTINUOUS
 10
225.37800
 20
35.76400
 30
 0
 11
227.45700
 21
31.47400
  0
LINE
  8
Gravur
 62
   255
 39
0.400
  6
CONTINUOUS
 10
227.45700
 20
31.47400
 30
 0
 11
229.53600
 21
35.76400
  0
LINE
  8
Gravur
 62
   255
 39
0.400
  6
CONTINUOUS
 10
229.53600
 20
35.76400
 30
 0
 11
229.53600
 21
29.82400
  0
LINE
  8
Gravur
 62
   255
 39
0.400
  6
CONTINUOUS
 10
230.96100
 20
34.84000
 30
 0
 11
231.06600
 21
35.06500
  0
LINE
  8
Gravur
 62
   255
 39
0.400
  6
CONTINUOUS
 10
231.06600
 20
35.06500
 30
 0
 11
231.19800
 21
35.27100
  0
LINE
  8
Gravur
 62
   255
 39
0.400
  6
CONTINUOUS
 10
231.19800
 20
35.27100
 30
 0
 11
231.35600
 21
35.45400
  0
LINE
  8
Gravur
 62
   255
 39
0.400
  6
CONTINUOUS
 10
231.35600
 20
35.45400
 30
 0
 11
231.53600
 21
35.60800
  0
LINE
  8
Gravur
 62
   255
 39
0.400
  6
CONTINUOUS
 10
231.53600
 20
35.60800
 30
 0
 11
231.73500
 21
35.73200
  0
LINE
  8
Gravur
 62
   255
 39
0.400
  6
CONTINUOUS
 10
231.73500
 20
35.73200
 30
 0
 11
231.94900
 21
35.82300
  0
LINE
  8
Gravur
 62
   255
 39
0.400
  6
CONTINUOUS
 10
231.94900
 20
35.82300
 30
 0
 11
232.17100
 21
35.87700
  0
LINE
  8
Gravur
 62
   255
 39
0.400
  6
CONTINUOUS
 10
232.17100
 20
35.87700
 30
 0
 11
232.38700
 21
35.89600
  0
LINE
  8
Gravur
 62
   255
 39
0.400
  6
CONTINUOUS
 10
232.38700
 20
35.89600
 30
 0
 11
232.59500
 21
35.87900
  0
LINE
  8
Gravur
 62
   255
 39
0.400
  6
CONTINUOUS
 10
232.59500
 20
35.87900
 30
 0
 11
232.79800
 21
35.82700
  0
LINE
  8
Gravur
 62
   255
 39
0.400
  6
CONTINUOUS
 10
232.79800
 20
35.82700
 30
 0
 11
232.99300
 21
35.74200
  0
LINE
  8
Gravur
 62
   255
 39
0.400
  6
CONTINUOUS
 10
232.99300
 20
35.74200
 30
 0
 11
233.17300
 21
35.62600
  0
LINE
  8
Gravur
 62
   255
 39
0.400
  6
CONTINUOUS
 10
233.17300
 20
35.62600
 30
 0
 11
233.33600
 21
35.48200
  0
LINE
  8
Gravur
 62
   255
 39
0.400
  6
CONTINUOUS
 10
233.33600
 20
35.48200
 30
 0
 11
233.47900
 21
35.31200
  0
LINE
  8
Gravur
 62
   255
 39
0.400
  6
CONTINUOUS
 10
233.47900
 20
35.31200
 30
 0
 11
233.59600
 21
35.12100
  0
LINE
  8
Gravur
 62
   255
 39
0.400
  6
CONTINUOUS
 10
233.59600
 20
35.12100
 30
 0
 11
233.68600
 21
34.91200
  0
LINE
  8
Gravur
 62
   255
 39
0.400
  6
CONTINUOUS
 10
233.68600
 20
34.91200
 30
 0
 11
233.74800
 21
34.69000
  0
LINE
  8
Gravur
 62
   255
 39
0.400
  6
CONTINUOUS
 10
233.74800
 20
34.69000
 30
 0
 11
233.77900
 21
34.46100
  0
LINE
  8
Gravur
 62
   255
 39
0.400
  6
CONTINUOUS
 10
233.77900
 20
34.46100
 30
 0
 11
233.77900
 21
34.22900
  0
LINE
  8
Gravur
 62
   255
 39
0.400
  6
CONTINUOUS
 10
233.77900
 20
34.22900
 30
 0
 11
233.74800
 21
34.00000
  0
LINE
  8
Gravur
 62
   255
 39
0.400
  6
CONTINUOUS
 10
233.74800
 20
34.00000
 30
 0
 11
233.68600
 21
33.77800
  0
LINE
  8
Gravur
 62
   255
 39
0.400
  6
CONTINUOUS
 10
233.68600
 20
33.77800
 30
 0
 11
233.59600
 21
33.57000
  0
LINE
  8
Gravur
 62
   255
 39
0.400
  6
CONTINUOUS
 10
233.59600
 20
33.57000
 30
 0
 11
233.47900
 21
33.37800
  0
LINE
  8
Gravur
 62
   255
 39
0.400
  6
CONTINUOUS
 10
233.47900
 20
33.37800
 30
 0
 11
233.33600
 21
33.20800
  0
LINE
  8
Gravur
 62
   255
 39
0.400
  6
CONTINUOUS
 10
233.33600
 20
33.20800
 30
 0
 11
233.17300
 21
33.06400
  0
LINE
  8
Gravur
 62
   255
 39
0.400
  6
CONTINUOUS
 10
233.17300
 20
33.06400
 30
 0
 11
232.99300
 21
32.94800
  0
LINE
  8
Gravur
 62
   255
 39
0.400
  6
CONTINUOUS
 10
232.99300
 20
32.94800
 30
 0
 11
232.79800
 21
32.86300
  0
LINE
  8
Gravur
 62
   255
 39
0.400
  6
CONTINUOUS
 10
232.79800
 20
32.86300
 30
 0
 11
232.59500
 21
32.81100
  0
LINE
  8
Gravur
 62
   255
 39
0.400
  6
CONTINUOUS
 10
232.59500
 20
32.81100
 30
 0
 11
232.38700
 21
32.79400
  0
LINE
  8
Gravur
 62
   255
 39
0.400
  6
CONTINUOUS
 10
232.38700
 20
32.79400
 30
 0
 11
232.59500
 21
32.77700
  0
LINE
  8
Gravur
 62
   255
 39
0.400
  6
CONTINUOUS
 10
232.59500
 20
32.77700
 30
 0
 11
232.79800
 21
32.72500
  0
LINE
  8
Gravur
 62
   255
 39
0.400
  6
CONTINUOUS
 10
232.79800
 20
32.72500
 30
 0
 11
232.99300
 21
32.64000
  0
LINE
  8
Gravur
 62
   255
 39
0.400
  6
CONTINUOUS
 10
232.99300
 20
32.64000
 30
 0
 11
233.17300
 21
32.52400
  0
LINE
  8
Gravur
 62
   255
 39
0.400
  6
CONTINUOUS
 10
233.17300
 20
32.52400
 30
 0
 11
233.33600
 21
32.38000
  0
LINE
  8
Gravur
 62
   255
 39
0.400
  6
CONTINUOUS
 10
233.33600
 20
32.38000
 30
 0
 11
233.47900
 21
32.21000
  0
LINE
  8
Gravur
 62
   255
 39
0.400
  6
CONTINUOUS
 10
233.47900
 20
32.21000
 30
 0
 11
233.59600
 21
32.01900
  0
LINE
  8
Gravur
 62
   255
 39
0.400
  6
CONTINUOUS
 10
233.59600
 20
32.01900
 30
 0
 11
233.68600
 21
31.81000
  0
LINE
  8
Gravur
 62
   255
 39
0.400
  6
CONTINUOUS
 10
233.68600
 20
31.81000
 30
 0
 11
233.74800
 21
31.58800
  0
LINE
  8
Gravur
 62
   255
 39
0.400
  6
CONTINUOUS
 10
233.74800
 20
31.58800
 30
 0
 11
233.77900
 21
31.35900
  0
LINE
  8
Gravur
 62
   255
 39
0.400
  6
CONTINUOUS
 10
233.77900
 20
31.35900
 30
 0
 11
233.77900
 21
31.12700
  0
LINE
  8
Gravur
 62
   255
 39
0.400
  6
CONTINUOUS
 10
233.77900
 20
31.12700
 30
 0
 11
233.74800
 21
30.89800
  0
LINE
  8
Gravur
 62
   255
 39
0.400
  6
CONTINUOUS
 10
233.74800
 20
30.89800
 30
 0
 11
233.68600
 21
30.67600
  0
LINE
  8
Gravur
 62
   255
 39
0.400
  6
CONTINUOUS
 10
233.68600
 20
30.67600
 30
 0
 11
233.59600
 21
30.46800
  0
LINE
  8
Gravur
 62
   255
 39
0.400
  6
CONTINUOUS
 10
233.59600
 20
30.46800
 30
 0
 11
233.47900
 21
30.27600
  0
LINE
  8
Gravur
 62
   255
 39
0.400
  6
CONTINUOUS
 10
233.47900
 20
30.27600
 30
 0
 11
233.33600
 21
30.10600
  0
LINE
  8
Gravur
 62
   255
 39
0.400
  6
CONTINUOUS
 10
233.33600
 20
30.10600
 30
 0
 11
233.17300
 21
29.96200
  0
LINE
  8
Gravur
 62
   255
 39
0.400
  6
CONTINUOUS
 10
233.17300
 20
29.96200
 30
 0
 11
232.99300
 21
29.84600
  0
LINE
  8
Gravur
 62
   255
 39
0.400
  6
CONTINUOUS
 10
232.99300
 20
29.84600
 30
 0
 11
232.79800
 21
29.76100
  0
LINE
  8
Gravur
 62
   255
 39
0.400
  6
CONTINUOUS
 10
232.79800
 20
29.76100
 30
 0
 11
232.59500
 21
29.70900
  0
LINE
  8
Gravur
 62
   255
 39
0.400
  6
CONTINUOUS
 10
232.59500
 20
29.70900
 30
 0
 11
232.38700
 21
29.69200
  0
LINE
  8
Gravur
 62
   255
 39
0.400
  6
CONTINUOUS
 10
232.38700
 20
29.69200
 30
 0
 11
232.14100
 21
29.71400
  0
LINE
  8
Gravur
 62
   255
 39
0.400
  6
CONTINUOUS
 10
232.14100
 20
29.71400
 30
 0
 11
231.90000
 21
29.77600
  0
LINE
  8
Gravur
 62
   255
 39
0.400
  6
CONTINUOUS
 10
231.90000
 20
29.77600
 30
 0
 11
231.67100
 21
29.87800
  0
LINE
  8
Gravur
 62
   255
 39
0.400
  6
CONTINUOUS
 10
231.67100
 20
29.87800
 30
 0
 11
231.45800
 21
30.01600
  0
LINE
  8
Gravur
 62
   255
 39
0.400
  6
CONTINUOUS
 10
231.45800
 20
30.01600
 30
 0
 11
231.26500
 21
30.18800
  0
LINE
  8
Gravur
 62
   255
 39
0.400
  6
CONTINUOUS
 10
231.26500
 20
30.18800
 30
 0
 11
231.09900
 21
30.39000
  0
LINE
  8
Gravur
 62
   255
 39
0.400
  6
CONTINUOUS
 10
231.09900
 20
30.39000
 30
 0
 11
230.96100
 21
30.61600
  0
LINE
  8
Gravur
 62
   255
 39
0.400
  6
CONTINUOUS
 10
235.23800
 20
34.18000
 30
 0
 11
235.23800
 21
31.40800
  0
LINE
  8
Gravur
 62
   255
 39
0.400
  6
CONTINUOUS
 10
235.23800
 20
31.40800
 30
 0
 11
235.25500
 21
31.15200
  0
LINE
  8
Gravur
 62
   255
 39
0.400
  6
CONTINUOUS
 10
235.25500
 20
31.15200
 30
 0
 11
235.30600
 21
30.90200
  0
LINE
  8
Gravur
 62
   255
 39
0.400
  6
CONTINUOUS
 10
235.30600
 20
30.90200
 30
 0
 11
235.39100
 21
30.66300
  0
LINE
  8
Gravur
 62
   255
 39
0.400
  6
CONTINUOUS
 10
235.39100
 20
30.66300
 30
 0
 11
235.50600
 21
30.44100
  0
LINE
  8
Gravur
 62
   255
 39
0.400
  6
CONTINUOUS
 10
235.50600
 20
30.44100
 30
 0
 11
235.65000
 21
30.24100
  0
LINE
  8
Gravur
 62
   255
 39
0.400
  6
CONTINUOUS
 10
235.65000
 20
30.24100
 30
 0
 11
235.81900
 21
30.06600
  0
LINE
  8
Gravur
 62
   255
 39
0.400
  6
CONTINUOUS
 10
235.81900
 20
30.06600
 30
 0
 11
236.01000
 21
29.92200
  0
LINE
  8
Gravur
 62
   255
 39
0.400
  6
CONTINUOUS
 10
236.01000
 20
29.92200
 30
 0
 11
236.21800
 21
29.81100
  0
LINE
  8
Gravur
 62
   255
 39
0.400
  6
CONTINUOUS
 10
236.21800
 20
29.81100
 30
 0
 11
236.43900
 21
29.73500
  0
LINE
  8
Gravur
 62
   255
 39
0.400
  6
CONTINUOUS
 10
236.43900
 20
29.73500
 30
 0
 11
236.66700
 21
29.69700
  0
LINE
  8
Gravur
 62
   255
 39
0.400
  6
CONTINUOUS
 10
236.66700
 20
29.69700
 30
 0
 11
236.89800
 21
29.69700
  0
LINE
  8
Gravur
 62
   255
 39
0.400
  6
CONTINUOUS
 10
236.89800
 20
29.69700
 30
 0
 11
237.12600
 21
29.73500
  0
LINE
  8
Gravur
 62
   255
 39
0.400
  6
CONTINUOUS
 10
237.12600
 20
29.73500
 30
 0
 11
237.34700
 21
29.81100
  0
LINE
  8
Gravur
 62
   255
 39
0.400
  6
CONTINUOUS
 10
237.34700
 20
29.81100
 30
 0
 11
237.55500
 21
29.92200
  0
LINE
  8
Gravur
 62
   255
 39
0.400
  6
CONTINUOUS
 10
237.55500
 20
29.92200
 30
 0
 11
237.74500
 21
30.06600
  0
LINE
  8
Gravur
 62
   255
 39
0.400
  6
CONTINUOUS
 10
237.74500
 20
30.06600
 30
 0
 11
237.91500
 21
30.24100
  0
LINE
  8
Gravur
 62
   255
 39
0.400
  6
CONTINUOUS
 10
237.91500
 20
30.24100
 30
 0
 11
238.05900
 21
30.44100
  0
LINE
  8
Gravur
 62
   255
 39
0.400
  6
CONTINUOUS
 10
238.05900
 20
30.44100
 30
 0
 11
238.17400
 21
30.66300
  0
LINE
  8
Gravur
 62
   255
 39
0.400
  6
CONTINUOUS
 10
238.17400
 20
30.66300
 30
 0
 11
238.25800
 21
30.90200
  0
LINE
  8
Gravur
 62
   255
 39
0.400
  6
CONTINUOUS
 10
238.25800
 20
30.90200
 30
 0
 11
238.31000
 21
31.15200
  0
LINE
  8
Gravur
 62
   255
 39
0.400
  6
CONTINUOUS
 10
238.31000
 20
31.15200
 30
 0
 11
238.32700
 21
31.40800
  0
LINE
  8
Gravur
 62
   255
 39
0.400
  6
CONTINUOUS
 10
238.32700
 20
31.40800
 30
 0
 11
238.32700
 21
34.18000
  0
LINE
  8
Gravur
 62
   255
 39
0.400
  6
CONTINUOUS
 10
238.32700
 20
34.18000
 30
 0
 11
238.31000
 21
34.43600
  0
LINE
  8
Gravur
 62
   255
 39
0.400
  6
CONTINUOUS
 10
238.31000
 20
34.43600
 30
 0
 11
238.25800
 21
34.68600
  0
LINE
  8
Gravur
 62
   255
 39
0.400
  6
CONTINUOUS
 10
238.25800
 20
34.68600
 30
 0
 11
238.17400
 21
34.92500
  0
LINE
  8
Gravur
 62
   255
 39
0.400
  6
CONTINUOUS
 10
238.17400
 20
34.92500
 30
 0
 11
238.05900
 21
35.14700
  0
LINE
  8
Gravur
 62
   255
 39
0.400
  6
CONTINUOUS
 10
238.05900
 20
35.14700
 30
 0
 11
237.91500
 21
35.34700
  0
LINE
  8
Gravur
 62
   255
 39
0.400
  6
CONTINUOUS
 10
237.91500
 20
35.34700
 30
 0
 11
237.74500
 21
35.52200
  0
LINE
  8
Gravur
 62
   255
 39
0.400
  6
CONTINUOUS
 10
237.74500
 20
35.52200
 30
 0
 11
237.55500
 21
35.66600
  0
LINE
  8
Gravur
 62
   255
 39
0.400
  6
CONTINUOUS
 10
237.55500
 20
35.66600
 30
 0
 11
237.34700
 21
35.77700
  0
LINE
  8
Gravur
 62
   255
 39
0.400
  6
CONTINUOUS
 10
237.34700
 20
35.77700
 30
 0
 11
237.12600
 21
35.85300
  0
LINE
  8
Gravur
 62
   255
 39
0.400
  6
CONTINUOUS
 10
237.12600
 20
35.85300
 30
 0
 11
236.89800
 21
35.89100
  0
LINE
  8
Gravur
 62
   255
 39
0.400
  6
CONTINUOUS
 10
236.89800
 20
35.89100
 30
 0
 11
236.66700
 21
35.89100
  0
LINE
  8
Gravur
 62
   255
 39
0.400
  6
CONTINUOUS
 10
236.66700
 20
35.89100
 30
 0
 11
236.43900
 21
35.85300
  0
LINE
  8
Gravur
 62
   255
 39
0.400
  6
CONTINUOUS
 10
236.43900
 20
35.85300
 30
 0
 11
236.21800
 21
35.77700
  0
LINE
  8
Gravur
 62
   255
 39
0.400
  6
CONTINUOUS
 10
236.21800
 20
35.77700
 30
 0
 11
236.01000
 21
35.66600
  0
LINE
  8
Gravur
 62
   255
 39
0.400
  6
CONTINUOUS
 10
236.01000
 20
35.66600
 30
 0
 11
235.81900
 21
35.52200
  0
LINE
  8
Gravur
 62
   255
 39
0.400
  6
CONTINUOUS
 10
235.81900
 20
35.52200
 30
 0
 11
235.65000
 21
35.34700
  0
LINE
  8
Gravur
 62
   255
 39
0.400
  6
CONTINUOUS
 10
235.65000
 20
35.34700
 30
 0
 11
235.50600
 21
35.14700
  0
LINE
  8
Gravur
 62
   255
 39
0.400
  6
CONTINUOUS
 10
235.50600
 20
35.14700
 30
 0
 11
235.39100
 21
34.92500
  0
LINE
  8
Gravur
 62
   255
 39
0.400
  6
CONTINUOUS
 10
235.39100
 20
34.92500
 30
 0
 11
235.30600
 21
34.68600
  0
LINE
  8
Gravur
 62
   255
 39
0.400
  6
CONTINUOUS
 10
235.30600
 20
34.68600
 30
 0
 11
235.25500
 21
34.43600
  0
LINE
  8
Gravur
 62
   255
 39
0.400
  6
CONTINUOUS
 10
235.25500
 20
34.43600
 30
 0
 11
235.23800
 21
34.18000
  0
LINE
  8
Gravur
 62
   255
 39
0.400
  6
CONTINUOUS
 10
239.75200
 20
34.84000
 30
 0
 11
239.85700
 21
35.06500
  0
LINE
  8
Gravur
 62
   255
 39
0.400
  6
CONTINUOUS
 10
239.85700
 20
35.06500
 30
 0
 11
239.98900
 21
35.27100
  0
LINE
  8
Gravur
 62
   255
 39
0.400
  6
CONTINUOUS
 10
239.98900
 20
35.27100
 30
 0
 11
240.14800
 21
35.45400
  0
LINE
  8
Gravur
 62
   255
 39
0.400
  6
CONTINUOUS
 10
240.14800
 20
35.45400
 30
 0
 11
240.32800
 21
35.60800
  0
LINE
  8
Gravur
 62
   255
 39
0.400
  6
CONTINUOUS
 10
240.32800
 20
35.60800
 30
 0
 11
240.52600
 21
35.73200
  0
LINE
  8
Gravur
 62
   255
 39
0.400
  6
CONTINUOUS
 10
240.52600
 20
35.73200
 30
 0
 11
240.74000
 21
35.82300
  0
LINE
  8
Gravur
 62
   255
 39
0.400
  6
CONTINUOUS
 10
240.74000
 20
35.82300
 30
 0
 11
240.96200
 21
35.87700
  0
LINE
  8
Gravur
 62
   255
 39
0.400
  6
CONTINUOUS
 10
240.96200
 20
35.87700
 30
 0
 11
241.17800
 21
35.89600
  0
LINE
  8
Gravur
 62
   255
 39
0.400
  6
CONTINUOUS
 10
241.17800
 20
35.89600
 30
 0
 11
241.38600
 21
35.87900
  0
LINE
  8
Gravur
 62
   255
 39
0.400
  6
CONTINUOUS
 10
241.38600
 20
35.87900
 30
 0
 11
241.58900
 21
35.82700
  0
LINE
  8
Gravur
 62
   255
 39
0.400
  6
CONTINUOUS
 10
241.58900
 20
35.82700
 30
 0
 11
241.78400
 21
35.74200
  0
LINE
  8
Gravur
 62
   255
 39
0.400
  6
CONTINUOUS
 10
241.78400
 20
35.74200
 30
 0
 11
241.96500
 21
35.62600
  0
LINE
  8
Gravur
 62
   255
 39
0.400
  6
CONTINUOUS
 10
241.96500
 20
35.62600
 30
 0
 11
242.12800
 21
35.48200
  0
LINE
  8
Gravur
 62
   255
 39
0.400
  6
CONTINUOUS
 10
242.12800
 20
35.48200
 30
 0
 11
242.27000
 21
35.31200
  0
LINE
  8
Gravur
 62
   255
 39
0.400
  6
CONTINUOUS
 10
242.27000
 20
35.31200
 30
 0
 11
242.38700
 21
35.12100
  0
LINE
  8
Gravur
 62
   255
 39
0.400
  6
CONTINUOUS
 10
242.38700
 20
35.12100
 30
 0
 11
242.47800
 21
34.91200
  0
LINE
  8
Gravur
 62
   255
 39
0.400
  6
CONTINUOUS
 10
242.47800
 20
34.91200
 30
 0
 11
242.53900
 21
34.69000
  0
LINE
  8
Gravur
 62
   255
 39
0.400
  6
CONTINUOUS
 10
242.53900
 20
34.69000
 30
 0
 11
242.57000
 21
34.46100
  0
LINE
  8
Gravur
 62
   255
 39
0.400
  6
CONTINUOUS
 10
242.57000
 20
34.46100
 30
 0
 11
242.57000
 21
34.22900
  0
LINE
  8
Gravur
 62
   255
 39
0.400
  6
CONTINUOUS
 10
242.57000
 20
34.22900
 30
 0
 11
242.53900
 21
34.00000
  0
LINE
  8
Gravur
 62
   255
 39
0.400
  6
CONTINUOUS
 10
242.53900
 20
34.00000
 30
 0
 11
242.47800
 21
33.77800
  0
LINE
  8
Gravur
 62
   255
 39
0.400
  6
CONTINUOUS
 10
242.47800
 20
33.77800
 30
 0
 11
242.38700
 21
33.57000
  0
LINE
  8
Gravur
 62
   255
 39
0.400
  6
CONTINUOUS
 10
242.38700
 20
33.57000
 30
 0
 11
242.27000
 21
33.37800
  0
LINE
  8
Gravur
 62
   255
 39
0.400
  6
CONTINUOUS
 10
242.27000
 20
33.37800
 30
 0
 11
242.12800
 21
33.20800
  0
LINE
  8
Gravur
 62
   255
 39
0.400
  6
CONTINUOUS
 10
242.12800
 20
33.20800
 30
 0
 11
241.96500
 21
33.06400
  0
LINE
  8
Gravur
 62
   255
 39
0.400
  6
CONTINUOUS
 10
241.96500
 20
33.06400
 30
 0
 11
241.78400
 21
32.94800
  0
LINE
  8
Gravur
 62
   255
 39
0.400
  6
CONTINUOUS
 10
241.78400
 20
32.94800
 30
 0
 11
241.58900
 21
32.86300
  0
LINE
  8
Gravur
 62
   255
 39
0.400
  6
CONTINUOUS
 10
241.58900
 20
32.86300
 30
 0
 11
241.38600
 21
32.81100
  0
LINE
  8
Gravur
 62
   255
 39
0.400
  6
CONTINUOUS
 10
241.38600
 20
32.81100
 30
 0
 11
241.17800
 21
32.79400
  0
LINE
  8
Gravur
 62
   255
 39
0.400
  6
CONTINUOUS
 10
241.17800
 20
32.79400
 30
 0
 11
241.38600
 21
32.77700
  0
LINE
  8
Gravur
 62
   255
 39
0.400
  6
CONTINUOUS
 10
241.38600
 20
32.77700
 30
 0
 11
241.58900
 21
32.72500
  0
LINE
  8
Gravur
 62
   255
 39
0.400
  6
CONTINUOUS
 10
241.58900
 20
32.72500
 30
 0
 11
241.78400
 21
32.64000
  0
LINE
  8
Gravur
 62
   255
 39
0.400
  6
CONTINUOUS
 10
241.78400
 20
32.64000
 30
 0
 11
241.96500
 21
32.52400
  0
LINE
  8
Gravur
 62
   255
 39
0.400
  6
CONTINUOUS
 10
241.96500
 20
32.52400
 30
 0
 11
242.12800
 21
32.38000
  0
LINE
  8
Gravur
 62
   255
 39
0.400
  6
CONTINUOUS
 10
242.12800
 20
32.38000
 30
 0
 11
242.27000
 21
32.21000
  0
LINE
  8
Gravur
 62
   255
 39
0.400
  6
CONTINUOUS
 10
242.27000
 20
32.21000
 30
 0
 11
242.38700
 21
32.01900
  0
LINE
  8
Gravur
 62
   255
 39
0.400
  6
CONTINUOUS
 10
242.38700
 20
32.01900
 30
 0
 11
242.47800
 21
31.81000
  0
LINE
  8
Gravur
 62
   255
 39
0.400
  6
CONTINUOUS
 10
242.47800
 20
31.81000
 30
 0
 11
242.53900
 21
31.58800
  0
LINE
  8
Gravur
 62
   255
 39
0.400
  6
CONTINUOUS
 10
242.53900
 20
31.58800
 30
 0
 11
242.57000
 21
31.35900
  0
LINE
  8
Gravur
 62
   255
 39
0.400
  6
CONTINUOUS
 10
242.57000
 20
31.35900
 30
 0
 11
242.57000
 21
31.12700
  0
LINE
  8
Gravur
 62
   255
 39
0.400
  6
CONTINUOUS
 10
242.57000
 20
31.12700
 30
 0
 11
242.53900
 21
30.89800
  0
LINE
  8
Gravur
 62
   255
 39
0.400
  6
CONTINUOUS
 10
242.53900
 20
30.89800
 30
 0
 11
242.47800
 21
30.67600
  0
LINE
  8
Gravur
 62
   255
 39
0.400
  6
CONTINUOUS
 10
242.47800
 20
30.67600
 30
 0
 11
242.38700
 21
30.46800
  0
LINE
  8
Gravur
 62
   255
 39
0.400
  6
CONTINUOUS
 10
242.38700
 20
30.46800
 30
 0
 11
242.27000
 21
30.27600
  0
LINE
  8
Gravur
 62
   255
 39
0.400
  6
CONTINUOUS
 10
242.27000
 20
30.27600
 30
 0
 11
242.12800
 21
30.10600
  0
LINE
  8
Gravur
 62
   255
 39
0.400
  6
CONTINUOUS
 10
242.12800
 20
30.10600
 30
 0
 11
241.96500
 21
29.96200
  0
LINE
  8
Gravur
 62
   255
 39
0.400
  6
CONTINUOUS
 10
241.96500
 20
29.96200
 30
 0
 11
241.78400
 21
29.84600
  0
LINE
  8
Gravur
 62
   255
 39
0.400
  6
CONTINUOUS
 10
241.78400
 20
29.84600
 30
 0
 11
241.58900
 21
29.76100
  0
LINE
  8
Gravur
 62
   255
 39
0.400
  6
CONTINUOUS
 10
241.58900
 20
29.76100
 30
 0
 11
241.38600
 21
29.70900
  0
LINE
  8
Gravur
 62
   255
 39
0.400
  6
CONTINUOUS
 10
241.38600
 20
29.70900
 30
 0
 11
241.17800
 21
29.69200
  0
LINE
  8
Gravur
 62
   255
 39
0.400
  6
CONTINUOUS
 10
241.17800
 20
29.69200
 30
 0
 11
240.93200
 21
29.71400
  0
LINE
  8
Gravur
 62
   255
 39
0.400
  6
CONTINUOUS
 10
240.93200
 20
29.71400
 30
 0
 11
240.69100
 21
29.77600
  0
LINE
  8
Gravur
 62
   255
 39
0.400
  6
CONTINUOUS
 10
240.69100
 20
29.77600
 30
 0
 11
240.46300
 21
29.87800
  0
LINE
  8
Gravur
 62
   255
 39
0.400
  6
CONTINUOUS
 10
240.46300
 20
29.87800
 30
 0
 11
240.24900
 21
30.01600
  0
LINE
  8
Gravur
 62
   255
 39
0.400
  6
CONTINUOUS
 10
240.24900
 20
30.01600
 30
 0
 11
240.05700
 21
30.18800
  0
LINE
  8
Gravur
 62
   255
 39
0.400
  6
CONTINUOUS
 10
240.05700
 20
30.18800
 30
 0
 11
239.89000
 21
30.39000
  0
LINE
  8
Gravur
 62
   255
 39
0.400
  6
CONTINUOUS
 10
239.89000
 20
30.39000
 30
 0
 11
239.75200
 21
30.61600
  0
LINE
  8
Gravur
 62
   255
 39
0.400
  6
CONTINUOUS
 10
244.02900
 20
34.18000
 30
 0
 11
244.02900
 21
31.40800
  0
LINE
  8
Gravur
 62
   255
 39
0.400
  6
CONTINUOUS
 10
244.02900
 20
31.40800
 30
 0
 11
244.04600
 21
31.15200
  0
LINE
  8
Gravur
 62
   255
 39
0.400
  6
CONTINUOUS
 10
244.04600
 20
31.15200
 30
 0
 11
244.09800
 21
30.90200
  0
LINE
  8
Gravur
 62
   255
 39
0.400
  6
CONTINUOUS
 10
244.09800
 20
30.90200
 30
 0
 11
244.18200
 21
30.66300
  0
LINE
  8
Gravur
 62
   255
 39
0.400
  6
CONTINUOUS
 10
244.18200
 20
30.66300
 30
 0
 11
244.29700
 21
30.44100
  0
LINE
  8
Gravur
 62
   255
 39
0.400
  6
CONTINUOUS
 10
244.29700
 20
30.44100
 30
 0
 11
244.44100
 21
30.24100
  0
LINE
  8
Gravur
 62
   255
 39
0.400
  6
CONTINUOUS
 10
244.44100
 20
30.24100
 30
 0
 11
244.61100
 21
30.06600
  0
LINE
  8
Gravur
 62
   255
 39
0.400
  6
CONTINUOUS
 10
244.61100
 20
30.06600
 30
 0
 11
244.80100
 21
29.92200
  0
LINE
  8
Gravur
 62
   255
 39
0.400
  6
CONTINUOUS
 10
244.80100
 20
29.92200
 30
 0
 11
245.00900
 21
29.81100
  0
LINE
  8
Gravur
 62
   255
 39
0.400
  6
CONTINUOUS
 10
245.00900
 20
29.81100
 30
 0
 11
245.23000
 21
29.73500
  0
LINE
  8
Gravur
 62
   255
 39
0.400
  6
CONTINUOUS
 10
245.23000
 20
29.73500
 30
 0
 11
245.45800
 21
29.69700
  0
LINE
  8
Gravur
 62
   255
 39
0.400
  6
CONTINUOUS
 10
245.45800
 20
29.69700
 30
 0
 11
245.68900
 21
29.69700
  0
LINE
  8
Gravur
 62
   255
 39
0.400
  6
CONTINUOUS
 10
245.68900
 20
29.69700
 30
 0
 11
245.91700
 21
29.73500
  0
LINE
  8
Gravur
 62
   255
 39
0.400
  6
CONTINUOUS
 10
245.91700
 20
29.73500
 30
 0
 11
246.13800
 21
29.81100
  0
LINE
  8
Gravur
 62
   255
 39
0.400
  6
CONTINUOUS
 10
246.13800
 20
29.81100
 30
 0
 11
246.34600
 21
29.92200
  0
LINE
  8
Gravur
 62
   255
 39
0.400
  6
CONTINUOUS
 10
246.34600
 20
29.92200
 30
 0
 11
246.53700
 21
30.06600
  0
LINE
  8
Gravur
 62
   255
 39
0.400
  6
CONTINUOUS
 10
246.53700
 20
30.06600
 30
 0
 11
246.70600
 21
30.24100
  0
LINE
  8
Gravur
 62
   255
 39
0.400
  6
CONTINUOUS
 10
246.70600
 20
30.24100
 30
 0
 11
246.85000
 21
30.44100
  0
LINE
  8
Gravur
 62
   255
 39
0.400
  6
CONTINUOUS
 10
246.85000
 20
30.44100
 30
 0
 11
246.96500
 21
30.66300
  0
LINE
  8
Gravur
 62
   255
 39
0.400
  6
CONTINUOUS
 10
246.96500
 20
30.66300
 30
 0
 11
247.05000
 21
30.90200
  0
LINE
  8
Gravur
 62
   255
 39
0.400
  6
CONTINUOUS
 10
247.05000
 20
30.90200
 30
 0
 11
247.10100
 21
31.15200
  0
LINE
  8
Gravur
 62
   255
 39
0.400
  6
CONTINUOUS
 10
247.10100
 20
31.15200
 30
 0
 11
247.11800
 21
31.40800
  0
LINE
  8
Gravur
 62
   255
 39
0.400
  6
CONTINUOUS
 10
247.11800
 20
31.40800
 30
 0
 11
247.11800
 21
34.18000
  0
LINE
  8
Gravur
 62
   255
 39
0.400
  6
CONTINUOUS
 10
247.11800
 20
34.18000
 30
 0
 11
247.10100
 21
34.43600
  0
LINE
  8
Gravur
 62
   255
 39
0.400
  6
CONTINUOUS
 10
247.10100
 20
34.43600
 30
 0
 11
247.05000
 21
34.68600
  0
LINE
  8
Gravur
 62
   255
 39
0.400
  6
CONTINUOUS
 10
247.05000
 20
34.68600
 30
 0
 11
246.96500
 21
34.92500
  0
LINE
  8
Gravur
 62
   255
 39
0.400
  6
CONTINUOUS
 10
246.96500
 20
34.92500
 30
 0
 11
246.85000
 21
35.14700
  0
LINE
  8
Gravur
 62
   255
 39
0.400
  6
CONTINUOUS
 10
246.85000
 20
35.14700
 30
 0
 11
246.70600
 21
35.34700
  0
LINE
  8
Gravur
 62
   255
 39
0.400
  6
CONTINUOUS
 10
246.70600
 20
35.34700
 30
 0
 11
246.53700
 21
35.52200
  0
LINE
  8
Gravur
 62
   255
 39
0.400
  6
CONTINUOUS
 10
246.53700
 20
35.52200
 30
 0
 11
246.34600
 21
35.66600
  0
LINE
  8
Gravur
 62
   255
 39
0.400
  6
CONTINUOUS
 10
246.34600
 20
35.66600
 30
 0
 11
246.13800
 21
35.77700
  0
LINE
  8
Gravur
 62
   255
 39
0.400
  6
CONTINUOUS
 10
246.13800
 20
35.77700
 30
 0
 11
245.91700
 21
35.85300
  0
LINE
  8
Gravur
 62
   255
 39
0.400
  6
CONTINUOUS
 10
245.91700
 20
35.85300
 30
 0
 11
245.68900
 21
35.89100
  0
LINE
  8
Gravur
 62
   255
 39
0.400
  6
CONTINUOUS
 10
245.68900
 20
35.89100
 30
 0
 11
245.45800
 21
35.89100
  0
LINE
  8
Gravur
 62
   255
 39
0.400
  6
CONTINUOUS
 10
245.45800
 20
35.89100
 30
 0
 11
245.23000
 21
35.85300
  0
LINE
  8
Gravur
 62
   255
 39
0.400
  6
CONTINUOUS
 10
245.23000
 20
35.85300
 30
 0
 11
245.00900
 21
35.77700
  0
LINE
  8
Gravur
 62
   255
 39
0.400
  6
CONTINUOUS
 10
245.00900
 20
35.77700
 30
 0
 11
244.80100
 21
35.66600
  0
LINE
  8
Gravur
 62
   255
 39
0.400
  6
CONTINUOUS
 10
244.80100
 20
35.66600
 30
 0
 11
244.61100
 21
35.52200
  0
LINE
  8
Gravur
 62
   255
 39
0.400
  6
CONTINUOUS
 10
244.61100
 20
35.52200
 30
 0
 11
244.44100
 21
35.34700
  0
LINE
  8
Gravur
 62
   255
 39
0.400
  6
CONTINUOUS
 10
244.44100
 20
35.34700
 30
 0
 11
244.29700
 21
35.14700
  0
LINE
  8
Gravur
 62
   255
 39
0.400
  6
CONTINUOUS
 10
244.29700
 20
35.14700
 30
 0
 11
244.18200
 21
34.92500
  0
LINE
  8
Gravur
 62
   255
 39
0.400
  6
CONTINUOUS
 10
244.18200
 20
34.92500
 30
 0
 11
244.09800
 21
34.68600
  0
LINE
  8
Gravur
 62
   255
 39
0.400
  6
CONTINUOUS
 10
244.09800
 20
34.68600
 30
 0
 11
244.04600
 21
34.43600
  0
LINE
  8
Gravur
 62
   255
 39
0.400
  6
CONTINUOUS
 10
244.04600
 20
34.43600
 30
 0
 11
244.02900
 21
34.18000
  0
LINE
  8
Gravur
 62
   255
 39
0.400
  6
CONTINUOUS
 10
223.65500
 20
22.90600
 30
 0
 11
223.51500
 21
23.14600
  0
LINE
  8
Gravur
 62
   255
 39
0.400
  6
CONTINUOUS
 10
223.51500
 20
23.14600
 30
 0
 11
223.34400
 21
23.36100
  0
LINE
  8
Gravur
 62
   255
 39
0.400
  6
CONTINUOUS
 10
223.34400
 20
23.36100
 30
 0
 11
223.14600
 21
23.54500
  0
LINE
  8
Gravur
 62
   255
 39
0.400
  6
CONTINUOUS
 10
223.14600
 20
23.54500
 30
 0
 11
222.92500
 21
23.69500
  0
LINE
  8
Gravur
 62
   255
 39
0.400
  6
CONTINUOUS
 10
222.92500
 20
23.69500
 30
 0
 11
222.68800
 21
23.80700
  0
LINE
  8
Gravur
 62
   255
 39
0.400
  6
CONTINUOUS
 10
222.68800
 20
23.80700
 30
 0
 11
222.43800
 21
23.87800
  0
LINE
  8
Gravur
 62
   255
 39
0.400
  6
CONTINUOUS
 10
222.43800
 20
23.87800
 30
 0
 11
222.18200
 21
23.90800
  0
LINE
  8
Gravur
 62
   255
 39
0.400
  6
CONTINUOUS
 10
222.18200
 20
23.90800
 30
 0
 11
221.92300
 21
23.89600
  0
LINE
  8
Gravur
 62
   255
 39
0.400
  6
CONTINUOUS
 10
221.92300
 20
23.89600
 30
 0
 11
221.67100
 21
23.84100
  0
LINE
  8
Gravur
 62
   255
 39
0.400
  6
CONTINUOUS
 10
221.67100
 20
23.84100
 30
 0
 11
221.42800
 21
23.74500
  0
LINE
  8
Gravur
 62
   255
 39
0.400
  6
CONTINUOUS
 10
221.42800
 20
23.74500
 30
 0
 11
221.19900
 21
23.61100
  0
LINE
  8
Gravur
 62
   255
 39
0.400
  6
CONTINUOUS
 10
221.19900
 20
23.61100
 30
 0
 11
220.99200
 21
23.44000
  0
LINE
  8
Gravur
 62
   255
 39
0.400
  6
CONTINUOUS
 10
220.99200
 20
23.44000
 30
 0
 11
220.80900
 21
23.23800
  0
LINE
  8
Gravur
 62
   255
 39
0.400
  6
CONTINUOUS
 10
220.80900
 20
23.23800
 30
 0
 11
220.65600
 21
23.00700
  0
LINE
  8
Gravur
 62
   255
 39
0.400
  6
CONTINUOUS
 10
220.65600
 20
23.00700
 30
 0
 11
220.53500
 21
22.75400
  0
LINE
  8
Gravur
 62
   255
 39
0.400
  6
CONTINUOUS
 10
220.53500
 20
22.75400
 30
 0
 11
220.44800
 21
22.48400
  0
LINE
  8
Gravur
 62
   255
 39
0.400
  6
CONTINUOUS
 10
220.44800
 20
22.48400
 30
 0
 11
220.39900
 21
22.20200
  0
LINE
  8
Gravur
 62
   255
 39
0.400
  6
CONTINUOUS
 10
220.39900
 20
22.20200
 30
 0
 11
220.38800
 21
21.91600
  0
LINE
  8
Gravur
 62
   255
 39
0.400
  6
CONTINUOUS
 10
220.38800
 20
21.91600
 30
 0
 11
220.38800
 21
21.91600
  0
LINE
  8
Gravur
 62
   255
 39
0.400
  6
CONTINUOUS
 10
220.38800
 20
21.91600
 30
 0
 11
220.38800
 21
19.67200
  0
LINE
  8
Gravur
 62
   255
 39
0.400
  6
CONTINUOUS
 10
220.38800
 20
19.67200
 30
 0
 11
220.40700
 21
19.38400
  0
LINE
  8
Gravur
 62
   255
 39
0.400
  6
CONTINUOUS
 10
220.40700
 20
19.38400
 30
 0
 11
220.46400
 21
19.10300
  0
LINE
  8
Gravur
 62
   255
 39
0.400
  6
CONTINUOUS
 10
220.46400
 20
19.10300
 30
 0
 11
220.55600
 21
18.83300
  0
LINE
  8
Gravur
 62
   255
 39
0.400
  6
CONTINUOUS
 10
220.55600
 20
18.83300
 30
 0
 11
220.68200
 21
18.58200
  0
LINE
  8
Gravur
 62
   255
 39
0.400
  6
CONTINUOUS
 10
220.68200
 20
18.58200
 30
 0
 11
220.84100
 21
18.35300
  0
LINE
  8
Gravur
 62
   255
 39
0.400
  6
CONTINUOUS
 10
220.84100
 20
18.35300
 30
 0
 11
221.02700
 21
18.15200
  0
LINE
  8
Gravur
 62
   255
 39
0.400
  6
CONTINUOUS
 10
221.02700
 20
18.15200
 30
 0
 11
221.23800
 21
17.98400
  0
LINE
  8
Gravur
 62
   255
 39
0.400
  6
CONTINUOUS
 10
221.23800
 20
17.98400
 30
 0
 11
221.46800
 21
17.85100
  0
LINE
  8
Gravur
 62
   255
 39
0.400
  6
CONTINUOUS
 10
221.46800
 20
17.85100
 30
 0
 11
221.71400
 21
17.75700
  0
LINE
  8
Gravur
 62
   255
 39
0.400
  6
CONTINUOUS
 10
221.71400
 20
17.75700
 30
 0
 11
221.96800
 21
17.70300
  0
LINE
  8
Gravur
 62
   255
 39
0.400
  6
CONTINUOUS
 10
221.96800
 20
17.70300
 30
 0
 11
222.22800
 21
17.69100
  0
LINE
  8
Gravur
 62
   255
 39
0.400
  6
CONTINUOUS
 10
222.22800
 20
17.69100
 30
 0
 11
222.48600
 21
17.72100
  0
LINE
  8
Gravur
 62
   255
 39
0.400
  6
CONTINUOUS
 10
222.48600
 20
17.72100
 30
 0
 11
222.73800
 21
17.79200
  0
LINE
  8
Gravur
 62
   255
 39
0.400
  6
CONTINUOUS
 10
222.73800
 20
17.79200
 30
 0
 11
222.97700
 21
17.90300
  0
LINE
  8
Gravur
 62
   255
 39
0.400
  6
CONTINUOUS
 10
222.97700
 20
17.90300
 30
 0
 11
223.20000
 21
18.05100
  0
LINE
  8
Gravur
 62
   255
 39
0.400
  6
CONTINUOUS
 10
223.20000
 20
18.05100
 30
 0
 11
223.40000
 21
18.23400
  0
LINE
  8
Gravur
 62
   255
 39
0.400
  6
CONTINUOUS
 10
223.40000
 20
18.23400
 30
 0
 11
223.57600
 21
18.44700
  0
LINE
  8
Gravur
 62
   255
 39
0.400
  6
CONTINUOUS
 10
223.57600
 20
18.44700
 30
 0
 11
223.72100
 21
18.68600
  0
LINE
  8
Gravur
 62
   255
 39
0.400
  6
CONTINUOUS
 10
223.72100
 20
18.68600
 30
 0
 11
223.83300
 21
18.94600
  0
LINE
  8
Gravur
 62
   255
 39
0.400
  6
CONTINUOUS
 10
223.83300
 20
18.94600
 30
 0
 11
223.83300
 21
18.94600
  0
LINE
  8
Gravur
 62
   255
 39
0.400
  6
CONTINUOUS
 10
225.25900
 20
19.47400
 30
 0
 11
225.25900
 21
20.13400
  0
LINE
  8
Gravur
 62
   255
 39
0.400
  6
CONTINUOUS
 10
225.25900
 20
20.13400
 30
 0
 11
225.27500
 21
20.38000
  0
LINE
  8
Gravur
 62
   255
 39
0.400
  6
CONTINUOUS
 10
225.27500
 20
20.38000
 30
 0
 11
225.32500
 21
20.62000
  0
LINE
  8
Gravur
 62
   255
 39
0.400
  6
CONTINUOUS
 10
225.32500
 20
20.62000
 30
 0
 11
225.40600
 21
20.85000
  0
LINE
  8
Gravur
 62
   255
 39
0.400
  6
CONTINUOUS
 10
225.40600
 20
20.85000
 30
 0
 11
225.51700
 21
21.06300
  0
LINE
  8
Gravur
 62
   255
 39
0.400
  6
CONTINUOUS
 10
225.51700
 20
21.06300
 30
 0
 11
225.65500
 21
21.25600
  0
LINE
  8
Gravur
 62
   255
 39
0.400
  6
CONTINUOUS
 10
225.65500
 20
21.25600
 30
 0
 11
225.81800
 21
21.42400
  0
LINE
  8
Gravur
 62
   255
 39
0.400
  6
CONTINUOUS
 10
225.81800
 20
21.42400
 30
 0
 11
226.00100
 21
21.56300
  0
LINE
  8
Gravur
 62
   255
 39
0.400
  6
CONTINUOUS
 10
226.00100
 20
21.56300
 30
 0
 11
226.20100
 21
21.67000
  0
LINE
  8
Gravur
 62
   255
 39
0.400
  6
CONTINUOUS
 10
226.20100
 20
21.67000
 30
 0
 11
226.41400
 21
21.74300
  0
LINE
  8
Gravur
 62
   255
 39
0.400
  6
CONTINUOUS
 10
226.41400
 20
21.74300
 30
 0
 11
226.63300
 21
21.77900
  0
LINE
  8
Gravur
 62
   255
 39
0.400
  6
CONTINUOUS
 10
226.63300
 20
21.77900
 30
 0
 11
226.85500
 21
21.77900
  0
LINE
  8
Gravur
 62
   255
 39
0.400
  6
CONTINUOUS
 10
226.85500
 20
21.77900
 30
 0
 11
227.07400
 21
21.74300
  0
LINE
  8
Gravur
 62
   255
 39
0.400
  6
CONTINUOUS
 10
227.07400
 20
21.74300
 30
 0
 11
227.28700
 21
21.67000
  0
LINE
  8
Gravur
 62
   255
 39
0.400
  6
CONTINUOUS
 10
227.28700
 20
21.67000
 30
 0
 11
227.48600
 21
21.56300
  0
LINE
  8
Gravur
 62
   255
 39
0.400
  6
CONTINUOUS
 10
227.48600
 20
21.56300
 30
 0
 11
227.67000
 21
21.42400
  0
LINE
  8
Gravur
 62
   255
 39
0.400
  6
CONTINUOUS
 10
227.67000
 20
21.42400
 30
 0
 11
227.83300
 21
21.25600
  0
LINE
  8
Gravur
 62
   255
 39
0.400
  6
CONTINUOUS
 10
227.83300
 20
21.25600
 30
 0
 11
227.97100
 21
21.06300
  0
LINE
  8
Gravur
 62
   255
 39
0.400
  6
CONTINUOUS
 10
227.97100
 20
21.06300
 30
 0
 11
228.08200
 21
20.85000
  0
LINE
  8
Gravur
 62
   255
 39
0.400
  6
CONTINUOUS
 10
228.08200
 20
20.85000
 30
 0
 11
228.16300
 21
20.62000
  0
LINE
  8
Gravur
 62
   255
 39
0.400
  6
CONTINUOUS
 10
228.16300
 20
20.62000
 30
 0
 11
228.21300
 21
20.38000
  0
LINE
  8
Gravur
 62
   255
 39
0.400
  6
CONTINUOUS
 10
228.21300
 20
20.38000
 30
 0
 11
228.22900
 21
20.13400
  0
LINE
  8
Gravur
 62
   255
 39
0.400
  6
CONTINUOUS
 10
228.22900
 20
20.13400
 30
 0
 11
228.22900
 21
19.47400
  0
LINE
  8
Gravur
 62
   255
 39
0.400
  6
CONTINUOUS
 10
228.22900
 20
19.47400
 30
 0
 11
228.21300
 21
19.22800
  0
LINE
  8
Gravur
 62
   255
 39
0.400
  6
CONTINUOUS
 10
228.21300
 20
19.22800
 30
 0
 11
228.16300
 21
18.98800
  0
LINE
  8
Gravur
 62
   255
 39
0.400
  6
CONTINUOUS
 10
228.16300
 20
18.98800
 30
 0
 11
228.08200
 21
18.75800
  0
LINE
  8
Gravur
 62
   255
 39
0.400
  6
CONTINUOUS
 10
228.08200
 20
18.75800
 30
 0
 11
227.97100
 21
18.54500
  0
LINE
  8
Gravur
 62
   255
 39
0.400
  6
CONTINUOUS
 10
227.97100
 20
18.54500
 30
 0
 11
227.83300
 21
18.35200
  0
LINE
  8
Gravur
 62
   255
 39
0.400
  6
CONTINUOUS
 10
227.83300
 20
18.35200
 30
 0
 11
227.67000
 21
18.18400
  0
LINE
  8
Gravur
 62
   255
 39
0.400
  6
CONTINUOUS
 10
227.67000
 20
18.18400
 30
 0
 11
227.48600
 21
18.04500
  0
LINE
  8
Gravur
 62
   255
 39
0.400
  6
CONTINUOUS
 10
227.48600
 20
18.04500
 30
 0
 11
227.28700
 21
17.93800
  0
LINE
  8
Gravur
 62
   255
 39
0.400
  6
CONTINUOUS
 10
227.28700
 20
17.93800
 30
 0
 11
227.07400
 21
17.86500
  0
LINE
  8
Gravur
 62
   255
 39
0.400
  6
CONTINUOUS
 10
227.07400
 20
17.86500
 30
 0
 11
226.85500
 21
17.82900
  0
LINE
  8
Gravur
 62
   255
 39
0.400
  6
CONTINUOUS
 10
226.85500
 20
17.82900
 30
 0
 11
226.63300
 21
17.82900
  0
LINE
  8
Gravur
 62
   255
 39
0.400
  6
CONTINUOUS
 10
226.63300
 20
17.82900
 30
 0
 11
226.41400
 21
17.86500
  0
LINE
  8
Gravur
 62
   255
 39
0.400
  6
CONTINUOUS
 10
226.41400
 20
17.86500
 30
 0
 11
226.20100
 21
17.93800
  0
LINE
  8
Gravur
 62
   255
 39
0.400
  6
CONTINUOUS
 10
226.20100
 20
17.93800
 30
 0
 11
226.00100
 21
18.04500
  0
LINE
  8
Gravur
 62
   255
 39
0.400
  6
CONTINUOUS
 10
226.00100
 20
18.04500
 30
 0
 11
225.81800
 21
18.18400
  0
LINE
  8
Gravur
 62
   255
 39
0.400
  6
CONTINUOUS
 10
225.81800
 20
18.18400
 30
 0
 11
225.65500
 21
18.35200
  0
LINE
  8
Gravur
 62
   255
 39
0.400
  6
CONTINUOUS
 10
225.65500
 20
18.35200
 30
 0
 11
225.51700
 21
18.54500
  0
LINE
  8
Gravur
 62
   255
 39
0.400
  6
CONTINUOUS
 10
225.51700
 20
18.54500
 30
 0
 11
225.40600
 21
18.75800
  0
LINE
  8
Gravur
 62
   255
 39
0.400
  6
CONTINUOUS
 10
225.40600
 20
18.75800
 30
 0
 11
225.32500
 21
18.98800
  0
LINE
  8
Gravur
 62
   255
 39
0.400
  6
CONTINUOUS
 10
225.32500
 20
18.98800
 30
 0
 11
225.27500
 21
19.22800
  0
LINE
  8
Gravur
 62
   255
 39
0.400
  6
CONTINUOUS
 10
225.27500
 20
19.22800
 30
 0
 11
225.25900
 21
19.47400
  0
LINE
  8
Gravur
 62
   255
 39
0.400
  6
CONTINUOUS
 10
229.65400
 20
17.82400
 30
 0
 11
229.65400
 21
21.78400
  0
LINE
  8
Gravur
 62
   255
 39
0.400
  6
CONTINUOUS
 10
229.65400
 20
21.78400
 30
 0
 11
229.65400
 21
20.46400
  0
LINE
  8
Gravur
 62
   255
 39
0.400
  6
CONTINUOUS
 10
229.65400
 20
20.46400
 30
 0
 11
229.66800
 21
20.66100
  0
LINE
  8
Gravur
 62
   255
 39
0.400
  6
CONTINUOUS
 10
229.66800
 20
20.66100
 30
 0
 11
229.70800
 21
20.85300
  0
LINE
  8
Gravur
 62
   255
 39
0.400
  6
CONTINUOUS
 10
229.70800
 20
20.85300
 30
 0
 11
229.77200
 21
21.03700
  0
LINE
  8
Gravur
 62
   255
 39
0.400
  6
CONTINUOUS
 10
229.77200
 20
21.03700
 30
 0
 11
229.86100
 21
21.20800
  0
LINE
  8
Gravur
 62
   255
 39
0.400
  6
CONTINUOUS
 10
229.86100
 20
21.20800
 30
 0
 11
229.97100
 21
21.36200
  0
LINE
  8
Gravur
 62
   255
 39
0.400
  6
CONTINUOUS
 10
229.97100
 20
21.36200
 30
 0
 11
230.10200
 21
21.49600
  0
LINE
  8
Gravur
 62
   255
 39
0.400
  6
CONTINUOUS
 10
230.10200
 20
21.49600
 30
 0
 11
230.24800
 21
21.60700
  0
LINE
  8
Gravur
 62
   255
 39
0.400
  6
CONTINUOUS
 10
230.24800
 20
21.60700
 30
 0
 11
230.40900
 21
21.69300
  0
LINE
  8
Gravur
 62
   255
 39
0.400
  6
CONTINUOUS
 10
230.40900
 20
21.69300
 30
 0
 11
230.57800
 21
21.75100
  0
LINE
  8
Gravur
 62
   255
 39
0.400
  6
CONTINUOUS
 10
230.57800
 20
21.75100
 30
 0
 11
230.75300
 21
21.78000
  0
LINE
  8
Gravur
 62
   255
 39
0.400
  6
CONTINUOUS
 10
230.75300
 20
21.78000
 30
 0
 11
230.93200
 21
21.78000
  0
LINE
  8
Gravur
 62
   255
 39
0.400
  6
CONTINUOUS
 10
230.93200
 20
21.78000
 30
 0
 11
231.10700
 21
21.75100
  0
LINE
  8
Gravur
 62
   255
 39
0.400
  6
CONTINUOUS
 10
231.10700
 20
21.75100
 30
 0
 11
231.27600
 21
21.69300
  0
LINE
  8
Gravur
 62
   255
 39
0.400
  6
CONTINUOUS
 10
231.27600
 20
21.69300
 30
 0
 11
231.43600
 21
21.60700
  0
LINE
  8
Gravur
 62
   255
 39
0.400
  6
CONTINUOUS
 10
231.43600
 20
21.60700
 30
 0
 11
231.58300
 21
21.49600
  0
LINE
  8
Gravur
 62
   255
 39
0.400
  6
CONTINUOUS
 10
231.58300
 20
21.49600
 30
 0
 11
231.71400
 21
21.36200
  0
LINE
  8
Gravur
 62
   255
 39
0.400
  6
CONTINUOUS
 10
231.71400
 20
21.36200
 30
 0
 11
231.82400
 21
21.20800
  0
LINE
  8
Gravur
 62
   255
 39
0.400
  6
CONTINUOUS
 10
231.82400
 20
21.20800
 30
 0
 11
231.91300
 21
21.03700
  0
LINE
  8
Gravur
 62
   255
 39
0.400
  6
CONTINUOUS
 10
231.91300
 20
21.03700
 30
 0
 11
231.97700
 21
20.85300
  0
LINE
  8
Gravur
 62
   255
 39
0.400
  6
CONTINUOUS
 10
231.97700
 20
20.85300
 30
 0
 11
232.01700
 21
20.66100
  0
LINE
  8
Gravur
 62
   255
 39
0.400
  6
CONTINUOUS
 10
232.01700
 20
20.66100
 30
 0
 11
232.03000
 21
20.46400
  0
LINE
  8
Gravur
 62
   255
 39
0.400
  6
CONTINUOUS
 10
232.03000
 20
20.46400
 30
 0
 11
232.03000
 21
17.82400
  0
LINE
  8
Gravur
 62
   255
 39
0.400
  6
CONTINUOUS
 10
232.03000
 20
17.82400
 30
 0
 11
232.03000
 21
20.46400
  0
LINE
  8
Gravur
 62
   255
 39
0.400
  6
CONTINUOUS
 10
232.03000
 20
20.46400
 30
 0
 11
232.04400
 21
20.66100
  0
LINE
  8
Gravur
 62
   255
 39
0.400
  6
CONTINUOUS
 10
232.04400
 20
20.66100
 30
 0
 11
232.08400
 21
20.85300
  0
LINE
  8
Gravur
 62
   255
 39
0.400
  6
CONTINUOUS
 10
232.08400
 20
20.85300
 30
 0
 11
232.14800
 21
21.03700
  0
LINE
  8
Gravur
 62
   255
 39
0.400
  6
CONTINUOUS
 10
232.14800
 20
21.03700
 30
 0
 11
232.23700
 21
21.20800
  0
LINE
  8
Gravur
 62
   255
 39
0.400
  6
CONTINUOUS
 10
232.23700
 20
21.20800
 30
 0
 11
232.34700
 21
21.36200
  0
LINE
  8
Gravur
 62
   255
 39
0.400
  6
CONTINUOUS
 10
232.34700
 20
21.36200
 30
 0
 11
232.47800
 21
21.49600
  0
LINE
  8
Gravur
 62
   255
 39
0.400
  6
CONTINUOUS
 10
232.47800
 20
21.49600
 30
 0
 11
232.62400
 21
21.60700
  0
LINE
  8
Gravur
 62
   255
 39
0.400
  6
CONTINUOUS
 10
232.62400
 20
21.60700
 30
 0
 11
232.78500
 21
21.69300
  0
LINE
  8
Gravur
 62
   255
 39
0.400
  6
CONTINUOUS
 10
232.78500
 20
21.69300
 30
 0
 11
232.95400
 21
21.75100
  0
LINE
  8
Gravur
 62
   255
 39
0.400
  6
CONTINUOUS
 10
232.95400
 20
21.75100
 30
 0
 11
233.12900
 21
21.78000
  0
LINE
  8
Gravur
 62
   255
 39
0.400
  6
CONTINUOUS
 10
233.12900
 20
21.78000
 30
 0
 11
233.30800
 21
21.78000
  0
LINE
  8
Gravur
 62
   255
 39
0.400
  6
CONTINUOUS
 10
233.30800
 20
21.78000
 30
 0
 11
233.48300
 21
21.75100
  0
LINE
  8
Gravur
 62
   255
 39
0.400
  6
CONTINUOUS
 10
233.48300
 20
21.75100
 30
 0
 11
233.65200
 21
21.69300
  0
LINE
  8
Gravur
 62
   255
 39
0.400
  6
CONTINUOUS
 10
233.65200
 20
21.69300
 30
 0
 11
233.81200
 21
21.60700
  0
LINE
  8
Gravur
 62
   255
 39
0.400
  6
CONTINUOUS
 10
233.81200
 20
21.60700
 30
 0
 11
233.95900
 21
21.49600
  0
LINE
  8
Gravur
 62
   255
 39
0.400
  6
CONTINUOUS
 10
233.95900
 20
21.49600
 30
 0
 11
234.09000
 21
21.36200
  0
LINE
  8
Gravur
 62
   255
 39
0.400
  6
CONTINUOUS
 10
234.09000
 20
21.36200
 30
 0
 11
234.20000
 21
21.20800
  0
LINE
  8
Gravur
 62
   255
 39
0.400
  6
CONTINUOUS
 10
234.20000
 20
21.20800
 30
 0
 11
234.28900
 21
21.03700
  0
LINE
  8
Gravur
 62
   255
 39
0.400
  6
CONTINUOUS
 10
234.28900
 20
21.03700
 30
 0
 11
234.35300
 21
20.85300
  0
LINE
  8
Gravur
 62
   255
 39
0.400
  6
CONTINUOUS
 10
234.35300
 20
20.85300
 30
 0
 11
234.39300
 21
20.66100
  0
LINE
  8
Gravur
 62
   255
 39
0.400
  6
CONTINUOUS
 10
234.39300
 20
20.66100
 30
 0
 11
234.40600
 21
20.46400
  0
LINE
  8
Gravur
 62
   255
 39
0.400
  6
CONTINUOUS
 10
234.40600
 20
20.46400
 30
 0
 11
234.40600
 21
17.82400
  0
LINE
  8
Gravur
 62
   255
 39
0.400
  6
CONTINUOUS
 10
235.83200
 20
15.84400
 30
 0
 11
235.83200
 21
20.13400
  0
LINE
  8
Gravur
 62
   255
 39
0.400
  6
CONTINUOUS
 10
235.83200
 20
20.13400
 30
 0
 11
235.84800
 21
20.38000
  0
LINE
  8
Gravur
 62
   255
 39
0.400
  6
CONTINUOUS
 10
235.84800
 20
20.38000
 30
 0
 11
235.89800
 21
20.62000
  0
LINE
  8
Gravur
 62
   255
 39
0.400
  6
CONTINUOUS
 10
235.89800
 20
20.62000
 30
 0
 11
235.97900
 21
20.85000
  0
LINE
  8
Gravur
 62
   255
 39
0.400
  6
CONTINUOUS
 10
235.97900
 20
20.85000
 30
 0
 11
236.09000
 21
21.06300
  0
LINE
  8
Gravur
 62
   255
 39
0.400
  6
CONTINUOUS
 10
236.09000
 20
21.06300
 30
 0
 11
236.22800
 21
21.25600
  0
LINE
  8
Gravur
 62
   255
 39
0.400
  6
CONTINUOUS
 10
236.22800
 20
21.25600
 30
 0
 11
236.39100
 21
21.42400
  0
LINE
  8
Gravur
 62
   255
 39
0.400
  6
CONTINUOUS
 10
236.39100
 20
21.42400
 30
 0
 11
236.57500
 21
21.56300
  0
LINE
  8
Gravur
 62
   255
 39
0.400
  6
CONTINUOUS
 10
236.57500
 20
21.56300
 30
 0
 11
236.77400
 21
21.67000
  0
LINE
  8
Gravur
 62
   255
 39
0.400
  6
CONTINUOUS
 10
236.77400
 20
21.67000
 30
 0
 11
236.98700
 21
21.74300
  0
LINE
  8
Gravur
 62
   255
 39
0.400
  6
CONTINUOUS
 10
236.98700
 20
21.74300
 30
 0
 11
237.20600
 21
21.77900
  0
LINE
  8
Gravur
 62
   255
 39
0.400
  6
CONTINUOUS
 10
237.20600
 20
21.77900
 30
 0
 11
237.42800
 21
21.77900
  0
LINE
  8
Gravur
 62
   255
 39
0.400
  6
CONTINUOUS
 10
237.42800
 20
21.77900
 30
 0
 11
237.64700
 21
21.74300
  0
LINE
  8
Gravur
 62
   255
 39
0.400
  6
CONTINUOUS
 10
237.64700
 20
21.74300
 30
 0
 11
237.86000
 21
21.67000
  0
LINE
  8
Gravur
 62
   255
 39
0.400
  6
CONTINUOUS
 10
237.86000
 20
21.67000
 30
 0
 11
238.06000
 21
21.56300
  0
LINE
  8
Gravur
 62
   255
 39
0.400
  6
CONTINUOUS
 10
238.06000
 20
21.56300
 30
 0
 11
238.24300
 21
21.42400
  0
LINE
  8
Gravur
 62
   255
 39
0.400
  6
CONTINUOUS
 10
238.24300
 20
21.42400
 30
 0
 11
238.40600
 21
21.25600
  0
LINE
  8
Gravur
 62
   255
 39
0.400
  6
CONTINUOUS
 10
238.40600
 20
21.25600
 30
 0
 11
238.54400
 21
21.06300
  0
LINE
  8
Gravur
 62
   255
 39
0.400
  6
CONTINUOUS
 10
238.54400
 20
21.06300
 30
 0
 11
238.65500
 21
20.85000
  0
LINE
  8
Gravur
 62
   255
 39
0.400
  6
CONTINUOUS
 10
238.65500
 20
20.85000
 30
 0
 11
238.73600
 21
20.62000
  0
LINE
  8
Gravur
 62
   255
 39
0.400
  6
CONTINUOUS
 10
238.73600
 20
20.62000
 30
 0
 11
238.78600
 21
20.38000
  0
LINE
  8
Gravur
 62
   255
 39
0.400
  6
CONTINUOUS
 10
238.78600
 20
20.38000
 30
 0
 11
238.80200
 21
20.13400
  0
LINE
  8
Gravur
 62
   255
 39
0.400
  6
CONTINUOUS
 10
238.80200
 20
20.13400
 30
 0
 11
238.80200
 21
19.47400
  0
LINE
  8
Gravur
 62
   255
 39
0.400
  6
CONTINUOUS
 10
238.80200
 20
19.47400
 30
 0
 11
238.78600
 21
19.22800
  0
LINE
  8
Gravur
 62
   255
 39
0.400
  6
CONTINUOUS
 10
238.78600
 20
19.22800
 30
 0
 11
238.73600
 21
18.98800
  0
LINE
  8
Gravur
 62
   255
 39
0.400
  6
CONTINUOUS
 10
238.73600
 20
18.98800
 30
 0
 11
238.65500
 21
18.75800
  0
LINE
  8
Gravur
 62
   255
 39
0.400
  6
CONTINUOUS
 10
238.65500
 20
18.75800
 30
 0
 11
238.54400
 21
18.54500
  0
LINE
  8
Gravur
 62
   255
 39
0.400
  6
CONTINUOUS
 10
238.54400
 20
18.54500
 30
 0
 11
238.40600
 21
18.35200
  0
LINE
  8
Gravur
 62
   255
 39
0.400
  6
CONTINUOUS
 10
238.40600
 20
18.35200
 30
 0
 11
238.24300
 21
18.18400
  0
LINE
  8
Gravur
 62
   255
 39
0.400
  6
CONTINUOUS
 10
238.24300
 20
18.18400
 30
 0
 11
238.06000
 21
18.04500
  0
LINE
  8
Gravur
 62
   255
 39
0.400
  6
CONTINUOUS
 10
238.06000
 20
18.04500
 30
 0
 11
237.86000
 21
17.93800
  0
LINE
  8
Gravur
 62
   255
 39
0.400
  6
CONTINUOUS
 10
237.86000
 20
17.93800
 30
 0
 11
237.64700
 21
17.86500
  0
LINE
  8
Gravur
 62
   255
 39
0.400
  6
CONTINUOUS
 10
237.64700
 20
17.86500
 30
 0
 11
237.42800
 21
17.82900
  0
LINE
  8
Gravur
 62
   255
 39
0.400
  6
CONTINUOUS
 10
237.42800
 20
17.82900
 30
 0
 11
237.20600
 21
17.82900
  0
LINE
  8
Gravur
 62
   255
 39
0.400
  6
CONTINUOUS
 10
237.20600
 20
17.82900
 30
 0
 11
236.98700
 21
17.86500
  0
LINE
  8
Gravur
 62
   255
 39
0.400
  6
CONTINUOUS
 10
236.98700
 20
17.86500
 30
 0
 11
236.77400
 21
17.93800
  0
LINE
  8
Gravur
 62
   255
 39
0.400
  6
CONTINUOUS
 10
236.77400
 20
17.93800
 30
 0
 11
236.57500
 21
18.04500
  0
LINE
  8
Gravur
 62
   255
 39
0.400
  6
CONTINUOUS
 10
236.57500
 20
18.04500
 30
 0
 11
236.39100
 21
18.18400
  0
LINE
  8
Gravur
 62
   255
 39
0.400
  6
CONTINUOUS
 10
236.39100
 20
18.18400
 30
 0
 11
236.22800
 21
18.35200
  0
LINE
  8
Gravur
 62
   255
 39
0.400
  6
CONTINUOUS
 10
236.22800
 20
18.35200
 30
 0
 11
236.09000
 21
18.54500
  0
LINE
  8
Gravur
 62
   255
 39
0.400
  6
CONTINUOUS
 10
236.09000
 20
18.54500
 30
 0
 11
235.97900
 21
18.75800
  0
LINE
  8
Gravur
 62
   255
 39
0.400
  6
CONTINUOUS
 10
235.97900
 20
18.75800
 30
 0
 11
235.89800
 21
18.98800
  0
LINE
  8
Gravur
 62
   255
 39
0.400
  6
CONTINUOUS
 10
235.89800
 20
18.98800
 30
 0
 11
235.84800
 21
19.22800
  0
LINE
  8
Gravur
 62
   255
 39
0.400
  6
CONTINUOUS
 10
235.84800
 20
19.22800
 30
 0
 11
235.83200
 21
19.47400
  0
LINE
  8
Gravur
 62
   255
 39
0.400
  6
CONTINUOUS
 10
235.83200
 20
19.47400
 30
 0
 11
235.83200
 21
21.78400
  0
LINE
  8
Gravur
 62
   255
 39
0.400
  6
CONTINUOUS
 10
240.22800
 20
21.78400
 30
 0
 11
240.22800
 21
19.47400
  0
LINE
  8
Gravur
 62
   255
 39
0.400
  6
CONTINUOUS
 10
240.22800
 20
19.47400
 30
 0
 11
240.24400
 21
19.22800
  0
LINE
  8
Gravur
 62
   255
 39
0.400
  6
CONTINUOUS
 10
240.24400
 20
19.22800
 30
 0
 11
240.29300
 21
18.98800
  0
LINE
  8
Gravur
 62
   255
 39
0.400
  6
CONTINUOUS
 10
240.29300
 20
18.98800
 30
 0
 11
240.37400
 21
18.75800
  0
LINE
  8
Gravur
 62
   255
 39
0.400
  6
CONTINUOUS
 10
240.37400
 20
18.75800
 30
 0
 11
240.48600
 21
18.54500
  0
LINE
  8
Gravur
 62
   255
 39
0.400
  6
CONTINUOUS
 10
240.48600
 20
18.54500
 30
 0
 11
240.62400
 21
18.35200
  0
LINE
  8
Gravur
 62
   255
 39
0.400
  6
CONTINUOUS
 10
240.62400
 20
18.35200
 30
 0
 11
240.78700
 21
18.18400
  0
LINE
  8
Gravur
 62
   255
 39
0.400
  6
CONTINUOUS
 10
240.78700
 20
18.18400
 30
 0
 11
240.97000
 21
18.04500
  0
LINE
  8
Gravur
 62
   255
 39
0.400
  6
CONTINUOUS
 10
240.97000
 20
18.04500
 30
 0
 11
241.17000
 21
17.93800
  0
LINE
  8
Gravur
 62
   255
 39
0.400
  6
CONTINUOUS
 10
241.17000
 20
17.93800
 30
 0
 11
241.38200
 21
17.86500
  0
LINE
  8
Gravur
 62
   255
 39
0.400
  6
CONTINUOUS
 10
241.38200
 20
17.86500
 30
 0
 11
241.60200
 21
17.82900
  0
LINE
  8
Gravur
 62
   255
 39
0.400
  6
CONTINUOUS
 10
241.60200
 20
17.82900
 30
 0
 11
241.82300
 21
17.82900
  0
LINE
  8
Gravur
 62
   255
 39
0.400
  6
CONTINUOUS
 10
241.82300
 20
17.82900
 30
 0
 11
242.04300
 21
17.86500
  0
LINE
  8
Gravur
 62
   255
 39
0.400
  6
CONTINUOUS
 10
242.04300
 20
17.86500
 30
 0
 11
242.25500
 21
17.93800
  0
LINE
  8
Gravur
 62
   255
 39
0.400
  6
CONTINUOUS
 10
242.25500
 20
17.93800
 30
 0
 11
242.45500
 21
18.04500
  0
LINE
  8
Gravur
 62
   255
 39
0.400
  6
CONTINUOUS
 10
242.45500
 20
18.04500
 30
 0
 11
242.63900
 21
18.18400
  0
LINE
  8
Gravur
 62
   255
 39
0.400
  6
CONTINUOUS
 10
242.63900
 20
18.18400
 30
 0
 11
242.80200
 21
18.35200
  0
LINE
  8
Gravur
 62
   255
 39
0.400
  6
CONTINUOUS
 10
242.80200
 20
18.35200
 30
 0
 11
242.93900
 21
18.54500
  0
LINE
  8
Gravur
 62
   255
 39
0.400
  6
CONTINUOUS
 10
242.93900
 20
18.54500
 30
 0
 11
243.05100
 21
18.75800
  0
LINE
  8
Gravur
 62
   255
 39
0.400
  6
CONTINUOUS
 10
243.05100
 20
18.75800
 30
 0
 11
243.13200
 21
18.98800
  0
LINE
  8
Gravur
 62
   255
 39
0.400
  6
CONTINUOUS
 10
243.13200
 20
18.98800
 30
 0
 11
243.18100
 21
19.22800
  0
LINE
  8
Gravur
 62
   255
 39
0.400
  6
CONTINUOUS
 10
243.18100
 20
19.22800
 30
 0
 11
243.19800
 21
19.47400
  0
LINE
  8
Gravur
 62
   255
 39
0.400
  6
CONTINUOUS
 10
243.19800
 20
19.47400
 30
 0
 11
243.19800
 21
17.82400
  0
LINE
  8
Gravur
 62
   255
 39
0.400
  6
CONTINUOUS
 10
243.19800
 20
17.82400
 30
 0
 11
243.19800
 21
21.78400
  0
LINE
  8
Gravur
 62
   255
 39
0.400
  6
CONTINUOUS
 10
245.15800
 20
23.76400
 30
 0
 11
245.15800
 21
21.78400
  0
LINE
  8
Gravur
 62
   255
 39
0.400
  6
CONTINUOUS
 10
245.15800
 20
21.78400
 30
 0
 11
246.04900
 21
21.78400
  0
LINE
  8
Gravur
 62
   255
 39
0.400
  6
CONTINUOUS
 10
246.04900
 20
21.78400
 30
 0
 11
244.56400
 21
21.78400
  0
LINE
  8
Gravur
 62
   255
 39
0.400
  6
CONTINUOUS
 10
244.56400
 20
21.78400
 30
 0
 11
245.15800
 21
21.78400
  0
LINE
  8
Gravur
 62
   255
 39
0.400
  6
CONTINUOUS
 10
245.15800
 20
21.78400
 30
 0
 11
245.15800
 21
18.61600
  0
LINE
  8
Gravur
 62
   255
 39
0.400
  6
CONTINUOUS
 10
245.15800
 20
18.61600
 30
 0
 11
245.16500
 21
18.50400
  0
LINE
  8
Gravur
 62
   255
 39
0.400
  6
CONTINUOUS
 10
245.16500
 20
18.50400
 30
 0
 11
245.18600
 21
18.39500
  0
LINE
  8
Gravur
 62
   255
 39
0.400
  6
CONTINUOUS
 10
245.18600
 20
18.39500
 30
 0
 11
245.22000
 21
18.29000
  0
LINE
  8
Gravur
 62
   255
 39
0.400
  6
CONTINUOUS
 10
245.22000
 20
18.29000
 30
 0
 11
245.26700
 21
18.19100
  0
LINE
  8
Gravur
 62
   255
 39
0.400
  6
CONTINUOUS
 10
245.26700
 20
18.19100
 30
 0
 11
245.32600
 21
18.10100
  0
LINE
  8
Gravur
 62
   255
 39
0.400
  6
CONTINUOUS
 10
245.32600
 20
18.10100
 30
 0
 11
245.39500
 21
18.02000
  0
LINE
  8
Gravur
 62
   255
 39
0.400
  6
CONTINUOUS
 10
245.39500
 20
18.02000
 30
 0
 11
245.47500
 21
17.95100
  0
LINE
  8
Gravur
 62
   255
 39
0.400
  6
CONTINUOUS
 10
245.47500
 20
17.95100
 30
 0
 11
245.56100
 21
17.89400
  0
LINE
  8
Gravur
 62
   255
 39
0.400
  6
CONTINUOUS
 10
245.56100
 20
17.89400
 30
 0
 11
245.65500
 21
17.85200
  0
LINE
  8
Gravur
 62
   255
 39
0.400
  6
CONTINUOUS
 10
245.65500
 20
17.85200
 30
 0
 11
245.75200
 21
17.82400
  0
LINE
  8
Gravur
 62
   255
 39
0.400
  6
CONTINUOUS
 10
247.47400
 20
19.80400
 30
 0
 11
250.44400
 21
19.80400
  0
LINE
  8
Gravur
 62
   255
 39
0.400
  6
CONTINUOUS
 10
250.44400
 20
19.80400
 30
 0
 11
250.44400
 21
20.13400
  0
LINE
  8
Gravur
 62
   255
 39
0.400
  6
CONTINUOUS
 10
250.44400
 20
20.13400
 30
 0
 11
250.42800
 21
20.38000
  0
LINE
  8
Gravur
 62
   255
 39
0.400
  6
CONTINUOUS
 10
250.42800
 20
20.38000
 30
 0
 11
250.37900
 21
20.62000
  0
LINE
  8
Gravur
 62
   255
 39
0.400
  6
CONTINUOUS
 10
250.37900
 20
20.62000
 30
 0
 11
250.29800
 21
20.85000
  0
LINE
  8
Gravur
 62
   255
 39
0.400
  6
CONTINUOUS
 10
250.29800
 20
20.85000
 30
 0
 11
250.18600
 21
21.06300
  0
LINE
  8
Gravur
 62
   255
 39
0.400
  6
CONTINUOUS
 10
250.18600
 20
21.06300
 30
 0
 11
250.04800
 21
21.25600
  0
LINE
  8
Gravur
 62
   255
 39
0.400
  6
CONTINUOUS
 10
250.04800
 20
21.25600
 30
 0
 11
249.88600
 21
21.42400
  0
LINE
  8
Gravur
 62
   255
 39
0.400
  6
CONTINUOUS
 10
249.88600
 20
21.42400
 30
 0
 11
249.70200
 21
21.56300
  0
LINE
  8
Gravur
 62
   255
 39
0.400
  6
CONTINUOUS
 10
249.70200
 20
21.56300
 30
 0
 11
249.50200
 21
21.67000
  0
LINE
  8
Gravur
 62
   255
 39
0.400
  6
CONTINUOUS
 10
249.50200
 20
21.67000
 30
 0
 11
249.29000
 21
21.74300
  0
LINE
  8
Gravur
 62
   255
 39
0.400
  6
CONTINUOUS
 10
249.29000
 20
21.74300
 30
 0
 11
249.07000
 21
21.77900
  0
LINE
  8
Gravur
 62
   255
 39
0.400
  6
CONTINUOUS
 10
249.07000
 20
21.77900
 30
 0
 11
248.84900
 21
21.77900
  0
LINE
  8
Gravur
 62
   255
 39
0.400
  6
CONTINUOUS
 10
248.84900
 20
21.77900
 30
 0
 11
248.62900
 21
21.74300
  0
LINE
  8
Gravur
 62
   255
 39
0.400
  6
CONTINUOUS
 10
248.62900
 20
21.74300
 30
 0
 11
248.41700
 21
21.67000
  0
LINE
  8
Gravur
 62
   255
 39
0.400
  6
CONTINUOUS
 10
248.41700
 20
21.67000
 30
 0
 11
248.21700
 21
21.56300
  0
LINE
  8
Gravur
 62
   255
 39
0.400
  6
CONTINUOUS
 10
248.21700
 20
21.56300
 30
 0
 11
248.03300
 21
21.42400
  0
LINE
  8
Gravur
 62
   255
 39
0.400
  6
CONTINUOUS
 10
248.03300
 20
21.42400
 30
 0
 11
247.87000
 21
21.25600
  0
LINE
  8
Gravur
 62
   255
 39
0.400
  6
CONTINUOUS
 10
247.87000
 20
21.25600
 30
 0
 11
247.73300
 21
21.06300
  0
LINE
  8
Gravur
 62
   255
 39
0.400
  6
CONTINUOUS
 10
247.73300
 20
21.06300
 30
 0
 11
247.62100
 21
20.85000
  0
LINE
  8
Gravur
 62
   255
 39
0.400
  6
CONTINUOUS
 10
247.62100
 20
20.85000
 30
 0
 11
247.54000
 21
20.62000
  0
LINE
  8
Gravur
 62
   255
 39
0.400
  6
CONTINUOUS
 10
247.54000
 20
20.62000
 30
 0
 11
247.49100
 21
20.38000
  0
LINE
  8
Gravur
 62
   255
 39
0.400
  6
CONTINUOUS
 10
247.49100
 20
20.38000
 30
 0
 11
247.47400
 21
20.13400
  0
LINE
  8
Gravur
 62
   255
 39
0.400
  6
CONTINUOUS
 10
247.47400
 20
20.13400
 30
 0
 11
247.47400
 21
19.47400
  0
LINE
  8
Gravur
 62
   255
 39
0.400
  6
CONTINUOUS
 10
247.47400
 20
19.47400
 30
 0
 11
247.49100
 21
19.22200
  0
LINE
  8
Gravur
 62
   255
 39
0.400
  6
CONTINUOUS
 10
247.49100
 20
19.22200
 30
 0
 11
247.54000
 21
18.97500
  0
LINE
  8
Gravur
 62
   255
 39
0.400
  6
CONTINUOUS
 10
247.54000
 20
18.97500
 30
 0
 11
247.62100
 21
18.73800
  0
LINE
  8
Gravur
 62
   255
 39
0.400
  6
CONTINUOUS
 10
247.62100
 20
18.73800
 30
 0
 11
247.73300
 21
18.51800
  0
LINE
  8
Gravur
 62
   255
 39
0.400
  6
CONTINUOUS
 10
247.73300
 20
18.51800
 30
 0
 11
247.87100
 21
18.31800
  0
LINE
  8
Gravur
 62
   255
 39
0.400
  6
CONTINUOUS
 10
247.87100
 20
18.31800
 30
 0
 11
248.03600
 21
18.14200
  0
LINE
  8
Gravur
 62
   255
 39
0.400
  6
CONTINUOUS
 10
248.03600
 20
18.14200
 30
 0
 11
248.22100
 21
17.99500
  0
LINE
  8
Gravur
 62
   255
 39
0.400
  6
CONTINUOUS
 10
248.22100
 20
17.99500
 30
 0
 11
248.42300
 21
17.87900
  0
LINE
  8
Gravur
 62
   255
 39
0.400
  6
CONTINUOUS
 10
248.42300
 20
17.87900
 30
 0
 11
248.63900
 21
17.79800
  0
LINE
  8
Gravur
 62
   255
 39
0.400
  6
CONTINUOUS
 10
248.63900
 20
17.79800
 30
 0
 11
248.86200
 21
17.75200
  0
LINE
  8
Gravur
 62
   255
 39
0.400
  6
CONTINUOUS
 10
248.86200
 20
17.75200
 30
 0
 11
249.09000
 21
17.74300
  0
LINE
  8
Gravur
 62
   255
 39
0.400
  6
CONTINUOUS
 10
249.09000
 20
17.74300
 30
 0
 11
249.31700
 21
17.77100
  0
LINE
  8
Gravur
 62
   255
 39
0.400
  6
CONTINUOUS
 10
249.31700
 20
17.77100
 30
 0
 11
249.53600
 21
17.83600
  0
LINE
  8
Gravur
 62
   255
 39
0.400
  6
CONTINUOUS
 10
249.53600
 20
17.83600
 30
 0
 11
249.74600
 21
17.93500
  0
LINE
  8
Gravur
 62
   255
 39
0.400
  6
CONTINUOUS
 10
249.74600
 20
17.93500
 30
 0
 11
249.94000
 21
18.06700
  0
LINE
  8
Gravur
 62
   255
 39
0.400
  6
CONTINUOUS
 10
249.94000
 20
18.06700
 30
 0
 11
250.11500
 21
18.22900
  0
LINE
  8
Gravur
 62
   255
 39
0.400
  6
CONTINUOUS
 10
250.11500
 20
18.22900
 30
 0
 11
250.26600
 21
18.41800
  0
LINE
  8
Gravur
 62
   255
 39
0.400
  6
CONTINUOUS
 10
251.87000
 20
17.82400
 30
 0
 11
251.87000
 21
21.78400
  0
LINE
  8
Gravur
 62
   255
 39
0.400
  6
CONTINUOUS
 10
251.87000
 20
21.78400
 30
 0
 11
251.87000
 21
20.46400
  0
LINE
  8
Gravur
 62
   255
 39
0.400
  6
CONTINUOUS
 10
251.87000
 20
20.46400
 30
 0
 11
251.88400
 21
20.67800
  0
LINE
  8
Gravur
 62
   255
 39
0.400
  6
CONTINUOUS
 10
251.88400
 20
20.67800
 30
 0
 11
251.92700
 21
20.88700
  0
LINE
  8
Gravur
 62
   255
 39
0.400
  6
CONTINUOUS
 10
251.92700
 20
20.88700
 30
 0
 11
251.99600
 21
21.08700
  0
LINE
  8
Gravur
 62
   255
 39
0.400
  6
CONTINUOUS
 10
251.99600
 20
21.08700
 30
 0
 11
252.09100
 21
21.27400
  0
LINE
  8
Gravur
 62
   255
 39
0.400
  6
CONTINUOUS
 10
252.09100
 20
21.27400
 30
 0
 11
252.16700
 21
21.38800
  0
LINE
  8
Gravur
 62
   255
 39
0.400
  6
CONTINUOUS
 10
252.16700
 20
21.38800
 30
 0
 11
252.25200
 21
21.48700
  0
LINE
  8
Gravur
 62
   255
 39
0.400
  6
CONTINUOUS
 10
252.25200
 20
21.48700
 30
 0
 11
252.34900
 21
21.57100
  0
LINE
  8
Gravur
 62
   255
 39
0.400
  6
CONTINUOUS
 10
252.34900
 20
21.57100
 30
 0
 11
252.45600
 21
21.63900
  0
LINE
  8
Gravur
 62
   255
 39
0.400
  6
CONTINUOUS
 10
252.45600
 20
21.63900
 30
 0
 11
252.57100
 21
21.68900
  0
LINE
  8
Gravur
 62
   255
 39
0.400
  6
CONTINUOUS
 10
252.57100
 20
21.68900
 30
 0
 11
252.69100
 21
21.72000
  0
LINE
  8
Gravur
 62
   255
 39
0.400
  6
CONTINUOUS
 10
252.69100
 20
21.72000
 30
 0
 11
252.81300
 21
21.73100
  0
LINE
  8
Gravur
 62
   255
 39
0.400
  6
CONTINUOUS
 10
252.81300
 20
21.73100
 30
 0
 11
252.93700
 21
21.72200
  0
LINE
  8
Gravur
 62
   255
 39
0.400
  6
CONTINUOUS
 10
252.93700
 20
21.72200
 30
 0
 11
253.05700
 21
21.69300
  0
LINE
  8
Gravur
 62
   255
 39
0.400
  6
CONTINUOUS
 10
253.05700
 20
21.69300
 30
 0
 11
253.17200
 21
21.64600
  0
LINE
  8
Gravur
 62
   255
 39
0.400
  6
CONTINUOUS
 10
253.17200
 20
21.64600
 30
 0
 11
253.28000
 21
21.58000
  0
LINE
  8
Gravur
 62
   255
 39
0.400
  6
CONTINUOUS
 10
253.28000
 20
21.58000
 30
 0
 11
253.37800
 21
21.49700
  0
LINE
  8
Gravur
 62
   255
 39
0.400
  6
CONTINUOUS
 10
253.37800
 20
21.49700
 30
 0
 11
253.46500
 21
21.40000
  0
LINE
  8
Gravur
 62
   255
 39
0.400
  6
CONTINUOUS
 10
253.46500
 20
21.40000
 30
 0
 11
253.47400
 21
21.38800
  0
LINE
  8
Gravur
 62
   255
 39
0.400
  6
CONTINUOUS
 10
261.90900
 20
22.90600
 30
 0
 11
261.76800
 21
23.14600
  0
LINE
  8
Gravur
 62
   255
 39
0.400
  6
CONTINUOUS
 10
261.76800
 20
23.14600
 30
 0
 11
261.59700
 21
23.36100
  0
LINE
  8
Gravur
 62
   255
 39
0.400
  6
CONTINUOUS
 10
261.59700
 20
23.36100
 30
 0
 11
261.39900
 21
23.54500
  0
LINE
  8
Gravur
 62
   255
 39
0.400
  6
CONTINUOUS
 10
261.39900
 20
23.54500
 30
 0
 11
261.17900
 21
23.69500
  0
LINE
  8
Gravur
 62
   255
 39
0.400
  6
CONTINUOUS
 10
261.17900
 20
23.69500
 30
 0
 11
260.94100
 21
23.80700
  0
LINE
  8
Gravur
 62
   255
 39
0.400
  6
CONTINUOUS
 10
260.94100
 20
23.80700
 30
 0
 11
260.69200
 21
23.87800
  0
LINE
  8
Gravur
 62
   255
 39
0.400
  6
CONTINUOUS
 10
260.69200
 20
23.87800
 30
 0
 11
260.43500
 21
23.90800
  0
LINE
  8
Gravur
 62
   255
 39
0.400
  6
CONTINUOUS
 10
260.43500
 20
23.90800
 30
 0
 11
260.17700
 21
23.89600
  0
LINE
  8
Gravur
 62
   255
 39
0.400
  6
CONTINUOUS
 10
260.17700
 20
23.89600
 30
 0
 11
259.92400
 21
23.84100
  0
LINE
  8
Gravur
 62
   255
 39
0.400
  6
CONTINUOUS
 10
259.92400
 20
23.84100
 30
 0
 11
259.68100
 21
23.74500
  0
LINE
  8
Gravur
 62
   255
 39
0.400
  6
CONTINUOUS
 10
259.68100
 20
23.74500
 30
 0
 11
259.45300
 21
23.61100
  0
LINE
  8
Gravur
 62
   255
 39
0.400
  6
CONTINUOUS
 10
259.45300
 20
23.61100
 30
 0
 11
259.24600
 21
23.44000
  0
LINE
  8
Gravur
 62
   255
 39
0.400
  6
CONTINUOUS
 10
259.24600
 20
23.44000
 30
 0
 11
259.06300
 21
23.23800
  0
LINE
  8
Gravur
 62
   255
 39
0.400
  6
CONTINUOUS
 10
259.06300
 20
23.23800
 30
 0
 11
258.91000
 21
23.00700
  0
LINE
  8
Gravur
 62
   255
 39
0.400
  6
CONTINUOUS
 10
258.91000
 20
23.00700
 30
 0
 11
258.78800
 21
22.75400
  0
LINE
  8
Gravur
 62
   255
 39
0.400
  6
CONTINUOUS
 10
258.78800
 20
22.75400
 30
 0
 11
258.70200
 21
22.48400
  0
LINE
  8
Gravur
 62
   255
 39
0.400
  6
CONTINUOUS
 10
258.70200
 20
22.48400
 30
 0
 11
258.65200
 21
22.20200
  0
LINE
  8
Gravur
 62
   255
 39
0.400
  6
CONTINUOUS
 10
258.65200
 20
22.20200
 30
 0
 11
258.64200
 21
21.91600
  0
LINE
  8
Gravur
 62
   255
 39
0.400
  6
CONTINUOUS
 10
258.64200
 20
21.91600
 30
 0
 11
258.64200
 21
21.91600
  0
LINE
  8
Gravur
 62
   255
 39
0.400
  6
CONTINUOUS
 10
258.64200
 20
21.91600
 30
 0
 11
258.64200
 21
19.67200
  0
LINE
  8
Gravur
 62
   255
 39
0.400
  6
CONTINUOUS
 10
258.64200
 20
19.67200
 30
 0
 11
258.66100
 21
19.38400
  0
LINE
  8
Gravur
 62
   255
 39
0.400
  6
CONTINUOUS
 10
258.66100
 20
19.38400
 30
 0
 11
258.71700
 21
19.10300
  0
LINE
  8
Gravur
 62
   255
 39
0.400
  6
CONTINUOUS
 10
258.71700
 20
19.10300
 30
 0
 11
258.81000
 21
18.83300
  0
LINE
  8
Gravur
 62
   255
 39
0.400
  6
CONTINUOUS
 10
258.81000
 20
18.83300
 30
 0
 11
258.93600
 21
18.58200
  0
LINE
  8
Gravur
 62
   255
 39
0.400
  6
CONTINUOUS
 10
258.93600
 20
18.58200
 30
 0
 11
259.09400
 21
18.35300
  0
LINE
  8
Gravur
 62
   255
 39
0.400
  6
CONTINUOUS
 10
259.09400
 20
18.35300
 30
 0
 11
259.28100
 21
18.15200
  0
LINE
  8
Gravur
 62
   255
 39
0.400
  6
CONTINUOUS
 10
259.28100
 20
18.15200
 30
 0
 11
259.49100
 21
17.98400
  0
LINE
  8
Gravur
 62
   255
 39
0.400
  6
CONTINUOUS
 10
259.49100
 20
17.98400
 30
 0
 11
259.72200
 21
17.85100
  0
LINE
  8
Gravur
 62
   255
 39
0.400
  6
CONTINUOUS
 10
259.72200
 20
17.85100
 30
 0
 11
259.96700
 21
17.75700
  0
LINE
  8
Gravur
 62
   255
 39
0.400
  6
CONTINUOUS
 10
259.96700
 20
17.75700
 30
 0
 11
260.22200
 21
17.70300
  0
LINE
  8
Gravur
 62
   255
 39
0.400
  6
CONTINUOUS
 10
260.22200
 20
17.70300
 30
 0
 11
260.48100
 21
17.69100
  0
LINE
  8
Gravur
 62
   255
 39
0.400
  6
CONTINUOUS
 10
260.48100
 20
17.69100
 30
 0
 11
260.74000
 21
17.72100
  0
LINE
  8
Gravur
 62
   255
 39
0.400
  6
CONTINUOUS
 10
260.74000
 20
17.72100
 30
 0
 11
260.99200
 21
17.79200
  0
LINE
  8
Gravur
 62
   255
 39
0.400
  6
CONTINUOUS
 10
260.99200
 20
17.79200
 30
 0
 11
261.23100
 21
17.90300
  0
LINE
  8
Gravur
 62
   255
 39
0.400
  6
CONTINUOUS
 10
261.23100
 20
17.90300
 30
 0
 11
261.45300
 21
18.05100
  0
LINE
  8
Gravur
 62
   255
 39
0.400
  6
CONTINUOUS
 10
261.45300
 20
18.05100
 30
 0
 11
261.65400
 21
18.23400
  0
LINE
  8
Gravur
 62
   255
 39
0.400
  6
CONTINUOUS
 10
261.65400
 20
18.23400
 30
 0
 11
261.82900
 21
18.44700
  0
LINE
  8
Gravur
 62
   255
 39
0.400
  6
CONTINUOUS
 10
261.82900
 20
18.44700
 30
 0
 11
261.97400
 21
18.68600
  0
LINE
  8
Gravur
 62
   255
 39
0.400
  6
CONTINUOUS
 10
261.97400
 20
18.68600
 30
 0
 11
262.08700
 21
18.94600
  0
LINE
  8
Gravur
 62
   255
 39
0.400
  6
CONTINUOUS
 10
262.08700
 20
18.94600
 30
 0
 11
262.08700
 21
18.94600
  0
LINE
  8
Gravur
 62
   255
 39
0.400
  6
CONTINUOUS
 10
263.51200
 20
19.47400
 30
 0
 11
263.51200
 21
20.13400
  0
LINE
  8
Gravur
 62
   255
 39
0.400
  6
CONTINUOUS
 10
263.51200
 20
20.13400
 30
 0
 11
263.52900
 21
20.38000
  0
LINE
  8
Gravur
 62
   255
 39
0.400
  6
CONTINUOUS
 10
263.52900
 20
20.38000
 30
 0
 11
263.57800
 21
20.62000
  0
LINE
  8
Gravur
 62
   255
 39
0.400
  6
CONTINUOUS
 10
263.57800
 20
20.62000
 30
 0
 11
263.65900
 21
20.85000
  0
LINE
  8
Gravur
 62
   255
 39
0.400
  6
CONTINUOUS
 10
263.65900
 20
20.85000
 30
 0
 11
263.77100
 21
21.06300
  0
LINE
  8
Gravur
 62
   255
 39
0.400
  6
CONTINUOUS
 10
263.77100
 20
21.06300
 30
 0
 11
263.90800
 21
21.25600
  0
LINE
  8
Gravur
 62
   255
 39
0.400
  6
CONTINUOUS
 10
263.90800
 20
21.25600
 30
 0
 11
264.07100
 21
21.42400
  0
LINE
  8
Gravur
 62
   255
 39
0.400
  6
CONTINUOUS
 10
264.07100
 20
21.42400
 30
 0
 11
264.25500
 21
21.56300
  0
LINE
  8
Gravur
 62
   255
 39
0.400
  6
CONTINUOUS
 10
264.25500
 20
21.56300
 30
 0
 11
264.45500
 21
21.67000
  0
LINE
  8
Gravur
 62
   255
 39
0.400
  6
CONTINUOUS
 10
264.45500
 20
21.67000
 30
 0
 11
264.66700
 21
21.74300
  0
LINE
  8
Gravur
 62
   255
 39
0.400
  6
CONTINUOUS
 10
264.66700
 20
21.74300
 30
 0
 11
264.88700
 21
21.77900
  0
LINE
  8
Gravur
 62
   255
 39
0.400
  6
CONTINUOUS
 10
264.88700
 20
21.77900
 30
 0
 11
265.10800
 21
21.77900
  0
LINE
  8
Gravur
 62
   255
 39
0.400
  6
CONTINUOUS
 10
265.10800
 20
21.77900
 30
 0
 11
265.32800
 21
21.74300
  0
LINE
  8
Gravur
 62
   255
 39
0.400
  6
CONTINUOUS
 10
265.32800
 20
21.74300
 30
 0
 11
265.54000
 21
21.67000
  0
LINE
  8
Gravur
 62
   255
 39
0.400
  6
CONTINUOUS
 10
265.54000
 20
21.67000
 30
 0
 11
265.74000
 21
21.56300
  0
LINE
  8
Gravur
 62
   255
 39
0.400
  6
CONTINUOUS
 10
265.74000
 20
21.56300
 30
 0
 11
265.92400
 21
21.42400
  0
LINE
  8
Gravur
 62
   255
 39
0.400
  6
CONTINUOUS
 10
265.92400
 20
21.42400
 30
 0
 11
266.08600
 21
21.25600
  0
LINE
  8
Gravur
 62
   255
 39
0.400
  6
CONTINUOUS
 10
266.08600
 20
21.25600
 30
 0
 11
266.22400
 21
21.06300
  0
LINE
  8
Gravur
 62
   255
 39
0.400
  6
CONTINUOUS
 10
266.22400
 20
21.06300
 30
 0
 11
266.33600
 21
20.85000
  0
LINE
  8
Gravur
 62
   255
 39
0.400
  6
CONTINUOUS
 10
266.33600
 20
20.85000
 30
 0
 11
266.41700
 21
20.62000
  0
LINE
  8
Gravur
 62
   255
 39
0.400
  6
CONTINUOUS
 10
266.41700
 20
20.62000
 30
 0
 11
266.46600
 21
20.38000
  0
LINE
  8
Gravur
 62
   255
 39
0.400
  6
CONTINUOUS
 10
266.46600
 20
20.38000
 30
 0
 11
266.48200
 21
20.13400
  0
LINE
  8
Gravur
 62
   255
 39
0.400
  6
CONTINUOUS
 10
266.48200
 20
20.13400
 30
 0
 11
266.48200
 21
19.47400
  0
LINE
  8
Gravur
 62
   255
 39
0.400
  6
CONTINUOUS
 10
266.48200
 20
19.47400
 30
 0
 11
266.46600
 21
19.22800
  0
LINE
  8
Gravur
 62
   255
 39
0.400
  6
CONTINUOUS
 10
266.46600
 20
19.22800
 30
 0
 11
266.41700
 21
18.98800
  0
LINE
  8
Gravur
 62
   255
 39
0.400
  6
CONTINUOUS
 10
266.41700
 20
18.98800
 30
 0
 11
266.33600
 21
18.75800
  0
LINE
  8
Gravur
 62
   255
 39
0.400
  6
CONTINUOUS
 10
266.33600
 20
18.75800
 30
 0
 11
266.22400
 21
18.54500
  0
LINE
  8
Gravur
 62
   255
 39
0.400
  6
CONTINUOUS
 10
266.22400
 20
18.54500
 30
 0
 11
266.08600
 21
18.35200
  0
LINE
  8
Gravur
 62
   255
 39
0.400
  6
CONTINUOUS
 10
266.08600
 20
18.35200
 30
 0
 11
265.92400
 21
18.18400
  0
LINE
  8
Gravur
 62
   255
 39
0.400
  6
CONTINUOUS
 10
265.92400
 20
18.18400
 30
 0
 11
265.74000
 21
18.04500
  0
LINE
  8
Gravur
 62
   255
 39
0.400
  6
CONTINUOUS
 10
265.74000
 20
18.04500
 30
 0
 11
265.54000
 21
17.93800
  0
LINE
  8
Gravur
 62
   255
 39
0.400
  6
CONTINUOUS
 10
265.54000
 20
17.93800
 30
 0
 11
265.32800
 21
17.86500
  0
LINE
  8
Gravur
 62
   255
 39
0.400
  6
CONTINUOUS
 10
265.32800
 20
17.86500
 30
 0
 11
265.10800
 21
17.82900
  0
LINE
  8
Gravur
 62
   255
 39
0.400
  6
CONTINUOUS
 10
265.10800
 20
17.82900
 30
 0
 11
264.88700
 21
17.82900
  0
LINE
  8
Gravur
 62
   255
 39
0.400
  6
CONTINUOUS
 10
264.88700
 20
17.82900
 30
 0
 11
264.66700
 21
17.86500
  0
LINE
  8
Gravur
 62
   255
 39
0.400
  6
CONTINUOUS
 10
264.66700
 20
17.86500
 30
 0
 11
264.45500
 21
17.93800
  0
LINE
  8
Gravur
 62
   255
 39
0.400
  6
CONTINUOUS
 10
264.45500
 20
17.93800
 30
 0
 11
264.25500
 21
18.04500
  0
LINE
  8
Gravur
 62
   255
 39
0.400
  6
CONTINUOUS
 10
264.25500
 20
18.04500
 30
 0
 11
264.07100
 21
18.18400
  0
LINE
  8
Gravur
 62
   255
 39
0.400
  6
CONTINUOUS
 10
264.07100
 20
18.18400
 30
 0
 11
263.90800
 21
18.35200
  0
LINE
  8
Gravur
 62
   255
 39
0.400
  6
CONTINUOUS
 10
263.90800
 20
18.35200
 30
 0
 11
263.77100
 21
18.54500
  0
LINE
  8
Gravur
 62
   255
 39
0.400
  6
CONTINUOUS
 10
263.77100
 20
18.54500
 30
 0
 11
263.65900
 21
18.75800
  0
LINE
  8
Gravur
 62
   255
 39
0.400
  6
CONTINUOUS
 10
263.65900
 20
18.75800
 30
 0
 11
263.57800
 21
18.98800
  0
LINE
  8
Gravur
 62
   255
 39
0.400
  6
CONTINUOUS
 10
263.57800
 20
18.98800
 30
 0
 11
263.52900
 21
19.22800
  0
LINE
  8
Gravur
 62
   255
 39
0.400
  6
CONTINUOUS
 10
263.52900
 20
19.22800
 30
 0
 11
263.51200
 21
19.47400
  0
LINE
  8
Gravur
 62
   255
 39
0.400
  6
CONTINUOUS
 10
267.90800
 20
17.82400
 30
 0
 11
267.90800
 21
21.78400
  0
LINE
  8
Gravur
 62
   255
 39
0.400
  6
CONTINUOUS
 10
267.90800
 20
21.78400
 30
 0
 11
267.90800
 21
20.13400
  0
LINE
  8
Gravur
 62
   255
 39
0.400
  6
CONTINUOUS
 10
267.90800
 20
20.13400
 30
 0
 11
267.92400
 21
20.38000
  0
LINE
  8
Gravur
 62
   255
 39
0.400
  6
CONTINUOUS
 10
267.92400
 20
20.38000
 30
 0
 11
267.97400
 21
20.62000
  0
LINE
  8
Gravur
 62
   255
 39
0.400
  6
CONTINUOUS
 10
267.97400
 20
20.62000
 30
 0
 11
268.05500
 21
20.85000
  0
LINE
  8
Gravur
 62
   255
 39
0.400
  6
CONTINUOUS
 10
268.05500
 20
20.85000
 30
 0
 11
268.16600
 21
21.06300
  0
LINE
  8
Gravur
 62
   255
 39
0.400
  6
CONTINUOUS
 10
268.16600
 20
21.06300
 30
 0
 11
268.30400
 21
21.25600
  0
LINE
  8
Gravur
 62
   255
 39
0.400
  6
CONTINUOUS
 10
268.30400
 20
21.25600
 30
 0
 11
268.46700
 21
21.42400
  0
LINE
  8
Gravur
 62
   255
 39
0.400
  6
CONTINUOUS
 10
268.46700
 20
21.42400
 30
 0
 11
268.65100
 21
21.56300
  0
LINE
  8
Gravur
 62
   255
 39
0.400
  6
CONTINUOUS
 10
268.65100
 20
21.56300
 30
 0
 11
268.85000
 21
21.67000
  0
LINE
  8
Gravur
 62
   255
 39
0.400
  6
CONTINUOUS
 10
268.85000
 20
21.67000
 30
 0
 11
269.06300
 21
21.74300
  0
LINE
  8
Gravur
 62
   255
 39
0.400
  6
CONTINUOUS
 10
269.06300
 20
21.74300
 30
 0
 11
269.28200
 21
21.77900
  0
LINE
  8
Gravur
 62
   255
 39
0.400
  6
CONTINUOUS
 10
269.28200
 20
21.77900
 30
 0
 11
269.50400
 21
21.77900
  0
LINE
  8
Gravur
 62
   255
 39
0.400
  6
CONTINUOUS
 10
269.50400
 20
21.77900
 30
 0
 11
269.72300
 21
21.74300
  0
LINE
  8
Gravur
 62
   255
 39
0.400
  6
CONTINUOUS
 10
269.72300
 20
21.74300
 30
 0
 11
269.93600
 21
21.67000
  0
LINE
  8
Gravur
 62
   255
 39
0.400
  6
CONTINUOUS
 10
269.93600
 20
21.67000
 30
 0
 11
270.13600
 21
21.56300
  0
LINE
  8
Gravur
 62
   255
 39
0.400
  6
CONTINUOUS
 10
270.13600
 20
21.56300
 30
 0
 11
270.31900
 21
21.42400
  0
LINE
  8
Gravur
 62
   255
 39
0.400
  6
CONTINUOUS
 10
270.31900
 20
21.42400
 30
 0
 11
270.48200
 21
21.25600
  0
LINE
  8
Gravur
 62
   255
 39
0.400
  6
CONTINUOUS
 10
270.48200
 20
21.25600
 30
 0
 11
270.62000
 21
21.06300
  0
LINE
  8
Gravur
 62
   255
 39
0.400
  6
CONTINUOUS
 10
270.62000
 20
21.06300
 30
 0
 11
270.73100
 21
20.85000
  0
LINE
  8
Gravur
 62
   255
 39
0.400
  6
CONTINUOUS
 10
270.73100
 20
20.85000
 30
 0
 11
270.81200
 21
20.62000
  0
LINE
  8
Gravur
 62
   255
 39
0.400
  6
CONTINUOUS
 10
270.81200
 20
20.62000
 30
 0
 11
270.86200
 21
20.38000
  0
LINE
  8
Gravur
 62
   255
 39
0.400
  6
CONTINUOUS
 10
270.86200
 20
20.38000
 30
 0
 11
270.87800
 21
20.13400
  0
LINE
  8
Gravur
 62
   255
 39
0.400
  6
CONTINUOUS
 10
270.87800
 20
20.13400
 30
 0
 11
270.87800
 21
17.82400
  0
LINE
  8
Gravur
 62
   255
 39
0.400
  6
CONTINUOUS
 10
272.83800
 20
23.76400
 30
 0
 11
272.83800
 21
21.78400
  0
LINE
  8
Gravur
 62
   255
 39
0.400
  6
CONTINUOUS
 10
272.83800
 20
21.78400
 30
 0
 11
273.72900
 21
21.78400
  0
LINE
  8
Gravur
 62
   255
 39
0.400
  6
CONTINUOUS
 10
273.72900
 20
21.78400
 30
 0
 11
272.24400
 21
21.78400
  0
LINE
  8
Gravur
 62
   255
 39
0.400
  6
CONTINUOUS
 10
272.24400
 20
21.78400
 30
 0
 11
272.83800
 21
21.78400
  0
LINE
  8
Gravur
 62
   255
 39
0.400
  6
CONTINUOUS
 10
272.83800
 20
21.78400
 30
 0
 11
272.83800
 21
18.61600
  0
LINE
  8
Gravur
 62
   255
 39
0.400
  6
CONTINUOUS
 10
272.83800
 20
18.61600
 30
 0
 11
272.84500
 21
18.50400
  0
LINE
  8
Gravur
 62
   255
 39
0.400
  6
CONTINUOUS
 10
272.84500
 20
18.50400
 30
 0
 11
272.86600
 21
18.39500
  0
LINE
  8
Gravur
 62
   255
 39
0.400
  6
CONTINUOUS
 10
272.86600
 20
18.39500
 30
 0
 11
272.90000
 21
18.29000
  0
LINE
  8
Gravur
 62
   255
 39
0.400
  6
CONTINUOUS
 10
272.90000
 20
18.29000
 30
 0
 11
272.94700
 21
18.19100
  0
LINE
  8
Gravur
 62
   255
 39
0.400
  6
CONTINUOUS
 10
272.94700
 20
18.19100
 30
 0
 11
273.00700
 21
18.10100
  0
LINE
  8
Gravur
 62
   255
 39
0.400
  6
CONTINUOUS
 10
273.00700
 20
18.10100
 30
 0
 11
273.07600
 21
18.02000
  0
LINE
  8
Gravur
 62
   255
 39
0.400
  6
CONTINUOUS
 10
273.07600
 20
18.02000
 30
 0
 11
273.15500
 21
17.95100
  0
LINE
  8
Gravur
 62
   255
 39
0.400
  6
CONTINUOUS
 10
273.15500
 20
17.95100
 30
 0
 11
273.24100
 21
17.89400
  0
LINE
  8
Gravur
 62
   255
 39
0.400
  6
CONTINUOUS
 10
273.24100
 20
17.89400
 30
 0
 11
273.33500
 21
17.85200
  0
LINE
  8
Gravur
 62
   255
 39
0.400
  6
CONTINUOUS
 10
273.33500
 20
17.85200
 30
 0
 11
273.43200
 21
17.82400
  0
LINE
  8
Gravur
 62
   255
 39
0.400
  6
CONTINUOUS
 10
275.15500
 20
17.82400
 30
 0
 11
275.15500
 21
21.78400
  0
LINE
  8
Gravur
 62
   255
 39
0.400
  6
CONTINUOUS
 10
275.15500
 20
21.78400
 30
 0
 11
275.15500
 21
20.46400
  0
LINE
  8
Gravur
 62
   255
 39
0.400
  6
CONTINUOUS
 10
275.15500
 20
20.46400
 30
 0
 11
275.16900
 21
20.67800
  0
LINE
  8
Gravur
 62
   255
 39
0.400
  6
CONTINUOUS
 10
275.16900
 20
20.67800
 30
 0
 11
275.21200
 21
20.88700
  0
LINE
  8
Gravur
 62
   255
 39
0.400
  6
CONTINUOUS
 10
275.21200
 20
20.88700
 30
 0
 11
275.28100
 21
21.08700
  0
LINE
  8
Gravur
 62
   255
 39
0.400
  6
CONTINUOUS
 10
275.28100
 20
21.08700
 30
 0
 11
275.37600
 21
21.27400
  0
LINE
  8
Gravur
 62
   255
 39
0.400
  6
CONTINUOUS
 10
275.37600
 20
21.27400
 30
 0
 11
275.45200
 21
21.38800
  0
LINE
  8
Gravur
 62
   255
 39
0.400
  6
CONTINUOUS
 10
275.45200
 20
21.38800
 30
 0
 11
275.53600
 21
21.48700
  0
LINE
  8
Gravur
 62
   255
 39
0.400
  6
CONTINUOUS
 10
275.53600
 20
21.48700
 30
 0
 11
275.63400
 21
21.57100
  0
LINE
  8
Gravur
 62
   255
 39
0.400
  6
CONTINUOUS
 10
275.63400
 20
21.57100
 30
 0
 11
275.74100
 21
21.63900
  0
LINE
  8
Gravur
 62
   255
 39
0.400
  6
CONTINUOUS
 10
275.74100
 20
21.63900
 30
 0
 11
275.85600
 21
21.68900
  0
LINE
  8
Gravur
 62
   255
 39
0.400
  6
CONTINUOUS
 10
275.85600
 20
21.68900
 30
 0
 11
275.97600
 21
21.72000
  0
LINE
  8
Gravur
 62
   255
 39
0.400
  6
CONTINUOUS
 10
275.97600
 20
21.72000
 30
 0
 11
276.09800
 21
21.73100
  0
LINE
  8
Gravur
 62
   255
 39
0.400
  6
CONTINUOUS
 10
276.09800
 20
21.73100
 30
 0
 11
276.22100
 21
21.72200
  0
LINE
  8
Gravur
 62
   255
 39
0.400
  6
CONTINUOUS
 10
276.22100
 20
21.72200
 30
 0
 11
276.34200
 21
21.69300
  0
LINE
  8
Gravur
 62
   255
 39
0.400
  6
CONTINUOUS
 10
276.34200
 20
21.69300
 30
 0
 11
276.45700
 21
21.64600
  0
LINE
  8
Gravur
 62
   255
 39
0.400
  6
CONTINUOUS
 10
276.45700
 20
21.64600
 30
 0
 11
276.56500
 21
21.58000
  0
LINE
  8
Gravur
 62
   255
 39
0.400
  6
CONTINUOUS
 10
276.56500
 20
21.58000
 30
 0
 11
276.66300
 21
21.49700
  0
LINE
  8
Gravur
 62
   255
 39
0.400
  6
CONTINUOUS
 10
276.66300
 20
21.49700
 30
 0
 11
276.75000
 21
21.40000
  0
LINE
  8
Gravur
 62
   255
 39
0.400
  6
CONTINUOUS
 10
276.75000
 20
21.40000
 30
 0
 11
276.75900
 21
21.38800
  0
LINE
  8
Gravur
 62
   255
 39
0.400
  6
CONTINUOUS
 10
278.12500
 20
19.47400
 30
 0
 11
278.12500
 21
20.13400
  0
LINE
  8
Gravur
 62
   255
 39
0.400
  6
CONTINUOUS
 10
278.12500
 20
20.13400
 30
 0
 11
278.14100
 21
20.38000
  0
LINE
  8
Gravur
 62
   255
 39
0.400
  6
CONTINUOUS
 10
278.14100
 20
20.38000
 30
 0
 11
278.19100
 21
20.62000
  0
LINE
  8
Gravur
 62
   255
 39
0.400
  6
CONTINUOUS
 10
278.19100
 20
20.62000
 30
 0
 11
278.27200
 21
20.85000
  0
LINE
  8
Gravur
 62
   255
 39
0.400
  6
CONTINUOUS
 10
278.27200
 20
20.85000
 30
 0
 11
278.38300
 21
21.06300
  0
LINE
  8
Gravur
 62
   255
 39
0.400
  6
CONTINUOUS
 10
278.38300
 20
21.06300
 30
 0
 11
278.52100
 21
21.25600
  0
LINE
  8
Gravur
 62
   255
 39
0.400
  6
CONTINUOUS
 10
278.52100
 20
21.25600
 30
 0
 11
278.68400
 21
21.42400
  0
LINE
  8
Gravur
 62
   255
 39
0.400
  6
CONTINUOUS
 10
278.68400
 20
21.42400
 30
 0
 11
278.86700
 21
21.56300
  0
LINE
  8
Gravur
 62
   255
 39
0.400
  6
CONTINUOUS
 10
278.86700
 20
21.56300
 30
 0
 11
279.06700
 21
21.67000
  0
LINE
  8
Gravur
 62
   255
 39
0.400
  6
CONTINUOUS
 10
279.06700
 20
21.67000
 30
 0
 11
279.28000
 21
21.74300
  0
LINE
  8
Gravur
 62
   255
 39
0.400
  6
CONTINUOUS
 10
279.28000
 20
21.74300
 30
 0
 11
279.49900
 21
21.77900
  0
LINE
  8
Gravur
 62
   255
 39
0.400
  6
CONTINUOUS
 10
279.49900
 20
21.77900
 30
 0
 11
279.72100
 21
21.77900
  0
LINE
  8
Gravur
 62
   255
 39
0.400
  6
CONTINUOUS
 10
279.72100
 20
21.77900
 30
 0
 11
279.94000
 21
21.74300
  0
LINE
  8
Gravur
 62
   255
 39
0.400
  6
CONTINUOUS
 10
279.94000
 20
21.74300
 30
 0
 11
280.15300
 21
21.67000
  0
LINE
  8
Gravur
 62
   255
 39
0.400
  6
CONTINUOUS
 10
280.15300
 20
21.67000
 30
 0
 11
280.35200
 21
21.56300
  0
LINE
  8
Gravur
 62
   255
 39
0.400
  6
CONTINUOUS
 10
280.35200
 20
21.56300
 30
 0
 11
280.53600
 21
21.42400
  0
LINE
  8
Gravur
 62
   255
 39
0.400
  6
CONTINUOUS
 10
280.53600
 20
21.42400
 30
 0
 11
280.69900
 21
21.25600
  0
LINE
  8
Gravur
 62
   255
 39
0.400
  6
CONTINUOUS
 10
280.69900
 20
21.25600
 30
 0
 11
280.83700
 21
21.06300
  0
LINE
  8
Gravur
 62
   255
 39
0.400
  6
CONTINUOUS
 10
280.83700
 20
21.06300
 30
 0
 11
280.94800
 21
20.85000
  0
LINE
  8
Gravur
 62
   255
 39
0.400
  6
CONTINUOUS
 10
280.94800
 20
20.85000
 30
 0
 11
281.02900
 21
20.62000
  0
LINE
  8
Gravur
 62
   255
 39
0.400
  6
CONTINUOUS
 10
281.02900
 20
20.62000
 30
 0
 11
281.07900
 21
20.38000
  0
LINE
  8
Gravur
 62
   255
 39
0.400
  6
CONTINUOUS
 10
281.07900
 20
20.38000
 30
 0
 11
281.09500
 21
20.13400
  0
LINE
  8
Gravur
 62
   255
 39
0.400
  6
CONTINUOUS
 10
281.09500
 20
20.13400
 30
 0
 11
281.09500
 21
19.47400
  0
LINE
  8
Gravur
 62
   255
 39
0.400
  6
CONTINUOUS
 10
281.09500
 20
19.47400
 30
 0
 11
281.07900
 21
19.22800
  0
LINE
  8
Gravur
 62
   255
 39
0.400
  6
CONTINUOUS
 10
281.07900
 20
19.22800
 30
 0
 11
281.02900
 21
18.98800
  0
LINE
  8
Gravur
 62
   255
 39
0.400
  6
CONTINUOUS
 10
281.02900
 20
18.98800
 30
 0
 11
280.94800
 21
18.75800
  0
LINE
  8
Gravur
 62
   255
 39
0.400
  6
CONTINUOUS
 10
280.94800
 20
18.75800
 30
 0
 11
280.83700
 21
18.54500
  0
LINE
  8
Gravur
 62
   255
 39
0.400
  6
CONTINUOUS
 10
280.83700
 20
18.54500
 30
 0
 11
280.69900
 21
18.35200
  0
LINE
  8
Gravur
 62
   255
 39
0.400
  6
CONTINUOUS
 10
280.69900
 20
18.35200
 30
 0
 11
280.53600
 21
18.18400
  0
LINE
  8
Gravur
 62
   255
 39
0.400
  6
CONTINUOUS
 10
280.53600
 20
18.18400
 30
 0
 11
280.35200
 21
18.04500
  0
LINE
  8
Gravur
 62
   255
 39
0.400
  6
CONTINUOUS
 10
280.35200
 20
18.04500
 30
 0
 11
280.15300
 21
17.93800
  0
LINE
  8
Gravur
 62
   255
 39
0.400
  6
CONTINUOUS
 10
280.15300
 20
17.93800
 30
 0
 11
279.94000
 21
17.86500
  0
LINE
  8
Gravur
 62
   255
 39
0.400
  6
CONTINUOUS
 10
279.94000
 20
17.86500
 30
 0
 11
279.72100
 21
17.82900
  0
LINE
  8
Gravur
 62
   255
 39
0.400
  6
CONTINUOUS
 10
279.72100
 20
17.82900
 30
 0
 11
279.49900
 21
17.82900
  0
LINE
  8
Gravur
 62
   255
 39
0.400
  6
CONTINUOUS
 10
279.49900
 20
17.82900
 30
 0
 11
279.28000
 21
17.86500
  0
LINE
  8
Gravur
 62
   255
 39
0.400
  6
CONTINUOUS
 10
279.28000
 20
17.86500
 30
 0
 11
279.06700
 21
17.93800
  0
LINE
  8
Gravur
 62
   255
 39
0.400
  6
CONTINUOUS
 10
279.06700
 20
17.93800
 30
 0
 11
278.86700
 21
18.04500
  0
LINE
  8
Gravur
 62
   255
 39
0.400
  6
CONTINUOUS
 10
278.86700
 20
18.04500
 30
 0
 11
278.68400
 21
18.18400
  0
LINE
  8
Gravur
 62
   255
 39
0.400
  6
CONTINUOUS
 10
278.68400
 20
18.18400
 30
 0
 11
278.52100
 21
18.35200
  0
LINE
  8
Gravur
 62
   255
 39
0.400
  6
CONTINUOUS
 10
278.52100
 20
18.35200
 30
 0
 11
278.38300
 21
18.54500
  0
LINE
  8
Gravur
 62
   255
 39
0.400
  6
CONTINUOUS
 10
278.38300
 20
18.54500
 30
 0
 11
278.27200
 21
18.75800
  0
LINE
  8
Gravur
 62
   255
 39
0.400
  6
CONTINUOUS
 10
278.27200
 20
18.75800
 30
 0
 11
278.19100
 21
18.98800
  0
LINE
  8
Gravur
 62
   255
 39
0.400
  6
CONTINUOUS
 10
278.19100
 20
18.98800
 30
 0
 11
278.14100
 21
19.22800
  0
LINE
  8
Gravur
 62
   255
 39
0.400
  6
CONTINUOUS
 10
278.14100
 20
19.22800
 30
 0
 11
278.12500
 21
19.47400
  0
LINE
  8
Gravur
 62
   255
 39
0.400
  6
CONTINUOUS
 10
282.52000
 20
23.76400
 30
 0
 11
282.52000
 21
18.61600
  0
LINE
  8
Gravur
 62
   255
 39
0.400
  6
CONTINUOUS
 10
282.52000
 20
18.61600
 30
 0
 11
282.52800
 21
18.50400
  0
LINE
  8
Gravur
 62
   255
 39
0.400
  6
CONTINUOUS
 10
282.52800
 20
18.50400
 30
 0
 11
282.54800
 21
18.39500
  0
LINE
  8
Gravur
 62
   255
 39
0.400
  6
CONTINUOUS
 10
282.54800
 20
18.39500
 30
 0
 11
282.58300
 21
18.29000
  0
LINE
  8
Gravur
 62
   255
 39
0.400
  6
CONTINUOUS
 10
282.58300
 20
18.29000
 30
 0
 11
282.62900
 21
18.19100
  0
LINE
  8
Gravur
 62
   255
 39
0.400
  6
CONTINUOUS
 10
282.62900
 20
18.19100
 30
 0
 11
282.68900
 21
18.10100
  0
LINE
  8
Gravur
 62
   255
 39
0.400
  6
CONTINUOUS
 10
282.68900
 20
18.10100
 30
 0
 11
282.75800
 21
18.02000
  0
LINE
  8
Gravur
 62
   255
 39
0.400
  6
CONTINUOUS
 10
282.75800
 20
18.02000
 30
 0
 11
282.83700
 21
17.95100
  0
LINE
  8
Gravur
 62
   255
 39
0.400
  6
CONTINUOUS
 10
282.83700
 20
17.95100
 30
 0
 11
282.92400
 21
17.89400
  0
LINE
  8
Gravur
 62
   255
 39
0.400
  6
CONTINUOUS
 10
282.92400
 20
17.89400
 30
 0
 11
283.01700
 21
17.85200
  0
LINE
  8
Gravur
 62
   255
 39
0.400
  6
CONTINUOUS
 10
283.01700
 20
17.85200
 30
 0
 11
283.11400
 21
17.82400
  0
LINE
  8
Gravur
 62
   255
 39
0.400
  6
CONTINUOUS
 10
284.54000
 20
23.76400
 30
 0
 11
284.54000
 21
18.61600
  0
LINE
  8
Gravur
 62
   255
 39
0.400
  6
CONTINUOUS
 10
284.54000
 20
18.61600
 30
 0
 11
284.54700
 21
18.50400
  0
LINE
  8
Gravur
 62
   255
 39
0.400
  6
CONTINUOUS
 10
284.54700
 20
18.50400
 30
 0
 11
284.56800
 21
18.39500
  0
LINE
  8
Gravur
 62
   255
 39
0.400
  6
CONTINUOUS
 10
284.56800
 20
18.39500
 30
 0
 11
284.60200
 21
18.29000
  0
LINE
  8
Gravur
 62
   255
 39
0.400
  6
CONTINUOUS
 10
284.60200
 20
18.29000
 30
 0
 11
284.64900
 21
18.19100
  0
LINE
  8
Gravur
 62
   255
 39
0.400
  6
CONTINUOUS
 10
284.64900
 20
18.19100
 30
 0
 11
284.70800
 21
18.10100
  0
LINE
  8
Gravur
 62
   255
 39
0.400
  6
CONTINUOUS
 10
284.70800
 20
18.10100
 30
 0
 11
284.77800
 21
18.02000
  0
LINE
  8
Gravur
 62
   255
 39
0.400
  6
CONTINUOUS
 10
284.77800
 20
18.02000
 30
 0
 11
284.85700
 21
17.95100
  0
LINE
  8
Gravur
 62
   255
 39
0.400
  6
CONTINUOUS
 10
284.85700
 20
17.95100
 30
 0
 11
284.94300
 21
17.89400
  0
LINE
  8
Gravur
 62
   255
 39
0.400
  6
CONTINUOUS
 10
284.94300
 20
17.89400
 30
 0
 11
285.03700
 21
17.85200
  0
LINE
  8
Gravur
 62
   255
 39
0.400
  6
CONTINUOUS
 10
285.03700
 20
17.85200
 30
 0
 11
285.13400
 21
17.82400
  0
LINE
  8
Gravur
 62
   255
 39
0.400
  6
CONTINUOUS
 10
286.56000
 20
19.80400
 30
 0
 11
289.53000
 21
19.80400
  0
LINE
  8
Gravur
 62
   255
 39
0.400
  6
CONTINUOUS
 10
289.53000
 20
19.80400
 30
 0
 11
289.53000
 21
20.13400
  0
LINE
  8
Gravur
 62
   255
 39
0.400
  6
CONTINUOUS
 10
289.53000
 20
20.13400
 30
 0
 11
289.51300
 21
20.38000
  0
LINE
  8
Gravur
 62
   255
 39
0.400
  6
CONTINUOUS
 10
289.51300
 20
20.38000
 30
 0
 11
289.46400
 21
20.62000
  0
LINE
  8
Gravur
 62
   255
 39
0.400
  6
CONTINUOUS
 10
289.46400
 20
20.62000
 30
 0
 11
289.38300
 21
20.85000
  0
LINE
  8
Gravur
 62
   255
 39
0.400
  6
CONTINUOUS
 10
289.38300
 20
20.85000
 30
 0
 11
289.27100
 21
21.06300
  0
LINE
  8
Gravur
 62
   255
 39
0.400
  6
CONTINUOUS
 10
289.27100
 20
21.06300
 30
 0
 11
289.13400
 21
21.25600
  0
LINE
  8
Gravur
 62
   255
 39
0.400
  6
CONTINUOUS
 10
289.13400
 20
21.25600
 30
 0
 11
288.97100
 21
21.42400
  0
LINE
  8
Gravur
 62
   255
 39
0.400
  6
CONTINUOUS
 10
288.97100
 20
21.42400
 30
 0
 11
288.78700
 21
21.56300
  0
LINE
  8
Gravur
 62
   255
 39
0.400
  6
CONTINUOUS
 10
288.78700
 20
21.56300
 30
 0
 11
288.58700
 21
21.67000
  0
LINE
  8
Gravur
 62
   255
 39
0.400
  6
CONTINUOUS
 10
288.58700
 20
21.67000
 30
 0
 11
288.37500
 21
21.74300
  0
LINE
  8
Gravur
 62
   255
 39
0.400
  6
CONTINUOUS
 10
288.37500
 20
21.74300
 30
 0
 11
288.15500
 21
21.77900
  0
LINE
  8
Gravur
 62
   255
 39
0.400
  6
CONTINUOUS
 10
288.15500
 20
21.77900
 30
 0
 11
287.93400
 21
21.77900
  0
LINE
  8
Gravur
 62
   255
 39
0.400
  6
CONTINUOUS
 10
287.93400
 20
21.77900
 30
 0
 11
287.71400
 21
21.74300
  0
LINE
  8
Gravur
 62
   255
 39
0.400
  6
CONTINUOUS
 10
287.71400
 20
21.74300
 30
 0
 11
287.50200
 21
21.67000
  0
LINE
  8
Gravur
 62
   255
 39
0.400
  6
CONTINUOUS
 10
287.50200
 20
21.67000
 30
 0
 11
287.30200
 21
21.56300
  0
LINE
  8
Gravur
 62
   255
 39
0.400
  6
CONTINUOUS
 10
287.30200
 20
21.56300
 30
 0
 11
287.11900
 21
21.42400
  0
LINE
  8
Gravur
 62
   255
 39
0.400
  6
CONTINUOUS
 10
287.11900
 20
21.42400
 30
 0
 11
286.95600
 21
21.25600
  0
LINE
  8
Gravur
 62
   255
 39
0.400
  6
CONTINUOUS
 10
286.95600
 20
21.25600
 30
 0
 11
286.81800
 21
21.06300
  0
LINE
  8
Gravur
 62
   255
 39
0.400
  6
CONTINUOUS
 10
286.81800
 20
21.06300
 30
 0
 11
286.70600
 21
20.85000
  0
LINE
  8
Gravur
 62
   255
 39
0.400
  6
CONTINUOUS
 10
286.70600
 20
20.85000
 30
 0
 11
286.62500
 21
20.62000
  0
LINE
  8
Gravur
 62
   255
 39
0.400
  6
CONTINUOUS
 10
286.62500
 20
20.62000
 30
 0
 11
286.57600
 21
20.38000
  0
LINE
  8
Gravur
 62
   255
 39
0.400
  6
CONTINUOUS
 10
286.57600
 20
20.38000
 30
 0
 11
286.56000
 21
20.13400
  0
LINE
  8
Gravur
 62
   255
 39
0.400
  6
CONTINUOUS
 10
286.56000
 20
20.13400
 30
 0
 11
286.56000
 21
19.47400
  0
LINE
  8
Gravur
 62
   255
 39
0.400
  6
CONTINUOUS
 10
286.56000
 20
19.47400
 30
 0
 11
286.57600
 21
19.22200
  0
LINE
  8
Gravur
 62
   255
 39
0.400
  6
CONTINUOUS
 10
286.57600
 20
19.22200
 30
 0
 11
286.62500
 21
18.97500
  0
LINE
  8
Gravur
 62
   255
 39
0.400
  6
CONTINUOUS
 10
286.62500
 20
18.97500
 30
 0
 11
286.70600
 21
18.73800
  0
LINE
  8
Gravur
 62
   255
 39
0.400
  6
CONTINUOUS
 10
286.70600
 20
18.73800
 30
 0
 11
286.81800
 21
18.51800
  0
LINE
  8
Gravur
 62
   255
 39
0.400
  6
CONTINUOUS
 10
286.81800
 20
18.51800
 30
 0
 11
286.95700
 21
18.31800
  0
LINE
  8
Gravur
 62
   255
 39
0.400
  6
CONTINUOUS
 10
286.95700
 20
18.31800
 30
 0
 11
287.12100
 21
18.14200
  0
LINE
  8
Gravur
 62
   255
 39
0.400
  6
CONTINUOUS
 10
287.12100
 20
18.14200
 30
 0
 11
287.30600
 21
17.99500
  0
LINE
  8
Gravur
 62
   255
 39
0.400
  6
CONTINUOUS
 10
287.30600
 20
17.99500
 30
 0
 11
287.50800
 21
17.87900
  0
LINE
  8
Gravur
 62
   255
 39
0.400
  6
CONTINUOUS
 10
287.50800
 20
17.87900
 30
 0
 11
287.72400
 21
17.79800
  0
LINE
  8
Gravur
 62
   255
 39
0.400
  6
CONTINUOUS
 10
287.72400
 20
17.79800
 30
 0
 11
287.94700
 21
17.75200
  0
LINE
  8
Gravur
 62
   255
 39
0.400
  6
CONTINUOUS
 10
287.94700
 20
17.75200
 30
 0
 11
288.17500
 21
17.74300
  0
LINE
  8
Gravur
 62
   255
 39
0.400
  6
CONTINUOUS
 10
288.17500
 20
17.74300
 30
 0
 11
288.40200
 21
17.77100
  0
LINE
  8
Gravur
 62
   255
 39
0.400
  6
CONTINUOUS
 10
288.40200
 20
17.77100
 30
 0
 11
288.62200
 21
17.83600
  0
LINE
  8
Gravur
 62
   255
 39
0.400
  6
CONTINUOUS
 10
288.62200
 20
17.83600
 30
 0
 11
288.83100
 21
17.93500
  0
LINE
  8
Gravur
 62
   255
 39
0.400
  6
CONTINUOUS
 10
288.83100
 20
17.93500
 30
 0
 11
289.02600
 21
18.06700
  0
LINE
  8
Gravur
 62
   255
 39
0.400
  6
CONTINUOUS
 10
289.02600
 20
18.06700
 30
 0
 11
289.20000
 21
18.22900
  0
LINE
  8
Gravur
 62
   255
 39
0.400
  6
CONTINUOUS
 10
289.20000
 20
18.22900
 30
 0
 11
289.35100
 21
18.41800
  0
LINE
  8
Gravur
 62
   255
 39
0.400
  6
CONTINUOUS
 10
293.92500
 20
23.76400
 30
 0
 11
293.92500
 21
19.47400
  0
LINE
  8
Gravur
 62
   255
 39
0.400
  6
CONTINUOUS
 10
293.92500
 20
19.47400
 30
 0
 11
293.91700
 21
19.22700
  0
LINE
  8
Gravur
 62
   255
 39
0.400
  6
CONTINUOUS
 10
293.91700
 20
19.22700
 30
 0
 11
293.87700
 21
18.98500
  0
LINE
  8
Gravur
 62
   255
 39
0.400
  6
CONTINUOUS
 10
293.87700
 20
18.98500
 30
 0
 11
293.80400
 21
18.75200
  0
LINE
  8
Gravur
 62
   255
 39
0.400
  6
CONTINUOUS
 10
293.80400
 20
18.75200
 30
 0
 11
293.70000
 21
18.53300
  0
LINE
  8
Gravur
 62
   255
 39
0.400
  6
CONTINUOUS
 10
293.70000
 20
18.53300
 30
 0
 11
293.56900
 21
18.33400
  0
LINE
  8
Gravur
 62
   255
 39
0.400
  6
CONTINUOUS
 10
293.56900
 20
18.33400
 30
 0
 11
293.41200
 21
18.15900
  0
LINE
  8
Gravur
 62
   255
 39
0.400
  6
CONTINUOUS
 10
293.41200
 20
18.15900
 30
 0
 11
293.23400
 21
18.01200
  0
LINE
  8
Gravur
 62
   255
 39
0.400
  6
CONTINUOUS
 10
293.23400
 20
18.01200
 30
 0
 11
293.03800
 21
17.89600
  0
LINE
  8
Gravur
 62
   255
 39
0.400
  6
CONTINUOUS
 10
293.03800
 20
17.89600
 30
 0
 11
292.82900
 21
17.81400
  0
LINE
  8
Gravur
 62
   255
 39
0.400
  6
CONTINUOUS
 10
292.82900
 20
17.81400
 30
 0
 11
292.61000
 21
17.76800
  0
LINE
  8
Gravur
 62
   255
 39
0.400
  6
CONTINUOUS
 10
292.61000
 20
17.76800
 30
 0
 11
292.38900
 21
17.75800
  0
LINE
  8
Gravur
 62
   255
 39
0.400
  6
CONTINUOUS
 10
292.38900
 20
17.75800
 30
 0
 11
292.16800
 21
17.78500
  0
LINE
  8
Gravur
 62
   255
 39
0.400
  6
CONTINUOUS
 10
292.16800
 20
17.78500
 30
 0
 11
291.95300
 21
17.84800
  0
LINE
  8
Gravur
 62
   255
 39
0.400
  6
CONTINUOUS
 10
291.95300
 20
17.84800
 30
 0
 11
291.74900
 21
17.94600
  0
LINE
  8
Gravur
 62
   255
 39
0.400
  6
CONTINUOUS
 10
291.74900
 20
17.94600
 30
 0
 11
291.56100
 21
18.07700
  0
LINE
  8
Gravur
 62
   255
 39
0.400
  6
CONTINUOUS
 10
291.56100
 20
18.07700
 30
 0
 11
291.39200
 21
18.23700
  0
LINE
  8
Gravur
 62
   255
 39
0.400
  6
CONTINUOUS
 10
291.39200
 20
18.23700
 30
 0
 11
291.24700
 21
18.42400
  0
LINE
  8
Gravur
 62
   255
 39
0.400
  6
CONTINUOUS
 10
291.24700
 20
18.42400
 30
 0
 11
291.12800
 21
18.63300
  0
LINE
  8
Gravur
 62
   255
 39
0.400
  6
CONTINUOUS
 10
291.12800
 20
18.63300
 30
 0
 11
291.03900
 21
18.85900
  0
LINE
  8
Gravur
 62
   255
 39
0.400
  6
CONTINUOUS
 10
291.03900
 20
18.85900
 30
 0
 11
290.98000
 21
19.09700
  0
LINE
  8
Gravur
 62
   255
 39
0.400
  6
CONTINUOUS
 10
290.98000
 20
19.09700
 30
 0
 11
290.95500
 21
19.34200
  0
LINE
  8
Gravur
 62
   255
 39
0.400
  6
CONTINUOUS
 10
290.95500
 20
19.34200
 30
 0
 11
290.95500
 21
19.34200
  0
LINE
  8
Gravur
 62
   255
 39
0.400
  6
CONTINUOUS
 10
290.95500
 20
19.34200
 30
 0
 11
290.95500
 21
20.13400
  0
LINE
  8
Gravur
 62
   255
 39
0.400
  6
CONTINUOUS
 10
290.95500
 20
20.13400
 30
 0
 11
290.97100
 21
20.38000
  0
LINE
  8
Gravur
 62
   255
 39
0.400
  6
CONTINUOUS
 10
290.97100
 20
20.38000
 30
 0
 11
291.02100
 21
20.62000
  0
LINE
  8
Gravur
 62
   255
 39
0.400
  6
CONTINUOUS
 10
291.02100
 20
20.62000
 30
 0
 11
291.10200
 21
20.85000
  0
LINE
  8
Gravur
 62
   255
 39
0.400
  6
CONTINUOUS
 10
291.10200
 20
20.85000
 30
 0
 11
291.21400
 21
21.06300
  0
LINE
  8
Gravur
 62
   255
 39
0.400
  6
CONTINUOUS
 10
291.21400
 20
21.06300
 30
 0
 11
291.35100
 21
21.25600
  0
LINE
  8
Gravur
 62
   255
 39
0.400
  6
CONTINUOUS
 10
291.35100
 20
21.25600
 30
 0
 11
291.51400
 21
21.42400
  0
LINE
  8
Gravur
 62
   255
 39
0.400
  6
CONTINUOUS
 10
291.51400
 20
21.42400
 30
 0
 11
291.69800
 21
21.56300
  0
LINE
  8
Gravur
 62
   255
 39
0.400
  6
CONTINUOUS
 10
291.69800
 20
21.56300
 30
 0
 11
291.89800
 21
21.67000
  0
LINE
  8
Gravur
 62
   255
 39
0.400
  6
CONTINUOUS
 10
291.89800
 20
21.67000
 30
 0
 11
292.11000
 21
21.74300
  0
LINE
  8
Gravur
 62
   255
 39
0.400
  6
CONTINUOUS
 10
292.11000
 20
21.74300
 30
 0
 11
292.33000
 21
21.77900
  0
LINE
  8
Gravur
 62
   255
 39
0.400
  6
CONTINUOUS
 10
292.33000
 20
21.77900
 30
 0
 11
292.55100
 21
21.77900
  0
LINE
  8
Gravur
 62
   255
 39
0.400
  6
CONTINUOUS
 10
292.55100
 20
21.77900
 30
 0
 11
292.77100
 21
21.74300
  0
LINE
  8
Gravur
 62
   255
 39
0.400
  6
CONTINUOUS
 10
292.77100
 20
21.74300
 30
 0
 11
292.98300
 21
21.67000
  0
LINE
  8
Gravur
 62
   255
 39
0.400
  6
CONTINUOUS
 10
292.98300
 20
21.67000
 30
 0
 11
293.18300
 21
21.56300
  0
LINE
  8
Gravur
 62
   255
 39
0.400
  6
CONTINUOUS
 10
293.18300
 20
21.56300
 30
 0
 11
293.36600
 21
21.42400
  0
LINE
  8
Gravur
 62
   255
 39
0.400
  6
CONTINUOUS
 10
293.36600
 20
21.42400
 30
 0
 11
293.52900
 21
21.25600
  0
LINE
  8
Gravur
 62
   255
 39
0.400
  6
CONTINUOUS
 10
293.52900
 20
21.25600
 30
 0
 11
293.66700
 21
21.06300
  0
LINE
  8
Gravur
 62
   255
 39
0.400
  6
CONTINUOUS
 10
293.66700
 20
21.06300
 30
 0
 11
293.77900
 21
20.85000
  0
LINE
  8
Gravur
 62
   255
 39
0.400
  6
CONTINUOUS
 10
293.77900
 20
20.85000
 30
 0
 11
293.86000
 21
20.62000
  0
LINE
  8
Gravur
 62
   255
 39
0.400
  6
CONTINUOUS
 10
293.86000
 20
20.62000
 30
 0
 11
293.90900
 21
20.38000
  0
LINE
  8
Gravur
 62
   255
 39
0.400
  6
CONTINUOUS
 10
293.90900
 20
20.38000
 30
 0
 11
293.92500
 21
20.13400
  0
LINE
  8
Gravur
 62
   255
 39
0.400
  6
CONTINUOUS
 10
293.92500
 20
20.13400
 30
 0
 11
293.92500
 21
17.82400
  0
LINE
  8
Gravur
 62
   255
 39
0.200
  6
CONTINUOUS
 10
55.41400
 20
163.46200
 30
 0
 11
56.30500
 21
160.49200
  0
LINE
  8
Gravur
 62
   255
 39
0.200
  6
CONTINUOUS
 10
56.30500
 20
160.49200
 30
 0
 11
57.19600
 21
163.46200
  0
LINE
  8
Gravur
 62
   255
 39
0.200
  6
CONTINUOUS
 10
59.54200
 20
163.03300
 30
 0
 11
59.47200
 21
163.15300
  0
LINE
  8
Gravur
 62
   255
 39
0.200
  6
CONTINUOUS
 10
59.47200
 20
163.15300
 30
 0
 11
59.38700
 21
163.26000
  0
LINE
  8
Gravur
 62
   255
 39
0.200
  6
CONTINUOUS
 10
59.38700
 20
163.26000
 30
 0
 11
59.28800
 21
163.35200
  0
LINE
  8
Gravur
 62
   255
 39
0.200
  6
CONTINUOUS
 10
59.28800
 20
163.35200
 30
 0
 11
59.17800
 21
163.42600
  0
LINE
  8
Gravur
 62
   255
 39
0.200
  6
CONTINUOUS
 10
59.17800
 20
163.42600
 30
 0
 11
59.05900
 21
163.48200
  0
LINE
  8
Gravur
 62
   255
 39
0.200
  6
CONTINUOUS
 10
59.05900
 20
163.48200
 30
 0
 11
58.93400
 21
163.51700
  0
LINE
  8
Gravur
 62
   255
 39
0.200
  6
CONTINUOUS
 10
58.93400
 20
163.51700
 30
 0
 11
58.80600
 21
163.53200
  0
LINE
  8
Gravur
 62
   255
 39
0.200
  6
CONTINUOUS
 10
58.80600
 20
163.53200
 30
 0
 11
58.67700
 21
163.52600
  0
LINE
  8
Gravur
 62
   255
 39
0.200
  6
CONTINUOUS
 10
58.67700
 20
163.52600
 30
 0
 11
58.55100
 21
163.49900
  0
LINE
  8
Gravur
 62
   255
 39
0.200
  6
CONTINUOUS
 10
58.55100
 20
163.49900
 30
 0
 11
58.42900
 21
163.45100
  0
LINE
  8
Gravur
 62
   255
 39
0.200
  6
CONTINUOUS
 10
58.42900
 20
163.45100
 30
 0
 11
58.31600
 21
163.38400
  0
LINE
  8
Gravur
 62
   255
 39
0.200
  6
CONTINUOUS
 10
58.31600
 20
163.38400
 30
 0
 11
58.21200
 21
163.29900
  0
LINE
  8
Gravur
 62
   255
 39
0.200
  6
CONTINUOUS
 10
58.21200
 20
163.29900
 30
 0
 11
58.12100
 21
163.19700
  0
LINE
  8
Gravur
 62
   255
 39
0.200
  6
CONTINUOUS
 10
58.12100
 20
163.19700
 30
 0
 11
58.04400
 21
163.08300
  0
LINE
  8
Gravur
 62
   255
 39
0.200
  6
CONTINUOUS
 10
58.04400
 20
163.08300
 30
 0
 11
57.98400
 21
162.95600
  0
LINE
  8
Gravur
 62
   255
 39
0.200
  6
CONTINUOUS
 10
57.98400
 20
162.95600
 30
 0
 11
57.94000
 21
162.82100
  0
LINE
  8
Gravur
 62
   255
 39
0.200
  6
CONTINUOUS
 10
57.94000
 20
162.82100
 30
 0
 11
57.91500
 21
162.68100
  0
LINE
  8
Gravur
 62
   255
 39
0.200
  6
CONTINUOUS
 10
57.91500
 20
162.68100
 30
 0
 11
57.91000
 21
162.53800
  0
LINE
  8
Gravur
 62
   255
 39
0.200
  6
CONTINUOUS
 10
57.91000
 20
162.53800
 30
 0
 11
57.90900
 21
162.53800
  0
LINE
  8
Gravur
 62
   255
 39
0.200
  6
CONTINUOUS
 10
57.90900
 20
162.53800
 30
 0
 11
57.90900
 21
161.41600
  0
LINE
  8
Gravur
 62
   255
 39
0.200
  6
CONTINUOUS
 10
57.90900
 20
161.41600
 30
 0
 11
57.91900
 21
161.27200
  0
LINE
  8
Gravur
 62
   255
 39
0.200
  6
CONTINUOUS
 10
57.91900
 20
161.27200
 30
 0
 11
57.94700
 21
161.13200
  0
LINE
  8
Gravur
 62
   255
 39
0.200
  6
CONTINUOUS
 10
57.94700
 20
161.13200
 30
 0
 11
57.99300
 21
160.99700
  0
LINE
  8
Gravur
 62
   255
 39
0.200
  6
CONTINUOUS
 10
57.99300
 20
160.99700
 30
 0
 11
58.05700
 21
160.87200
  0
LINE
  8
Gravur
 62
   255
 39
0.200
  6
CONTINUOUS
 10
58.05700
 20
160.87200
 30
 0
 11
58.13600
 21
160.75800
  0
LINE
  8
Gravur
 62
   255
 39
0.200
  6
CONTINUOUS
 10
58.13600
 20
160.75800
 30
 0
 11
58.22900
 21
160.65800
  0
LINE
  8
Gravur
 62
   255
 39
0.200
  6
CONTINUOUS
 10
58.22900
 20
160.65800
 30
 0
 11
58.33500
 21
160.57400
  0
LINE
  8
Gravur
 62
   255
 39
0.200
  6
CONTINUOUS
 10
58.33500
 20
160.57400
 30
 0
 11
58.45000
 21
160.50700
  0
LINE
  8
Gravur
 62
   255
 39
0.200
  6
CONTINUOUS
 10
58.45000
 20
160.50700
 30
 0
 11
58.57200
 21
160.46000
  0
LINE
  8
Gravur
 62
   255
 39
0.200
  6
CONTINUOUS
 10
58.57200
 20
160.46000
 30
 0
 11
58.69900
 21
160.43400
  0
LINE
  8
Gravur
 62
   255
 39
0.200
  6
CONTINUOUS
 10
58.69900
 20
160.43400
 30
 0
 11
58.82900
 21
160.42700
  0
LINE
  8
Gravur
 62
   255
 39
0.200
  6
CONTINUOUS
 10
58.82900
 20
160.42700
 30
 0
 11
58.95800
 21
160.44200
  0
LINE
  8
Gravur
 62
   255
 39
0.200
  6
CONTINUOUS
 10
58.95800
 20
160.44200
 30
 0
 11
59.08300
 21
160.47800
  0
LINE
  8
Gravur
 62
   255
 39
0.200
  6
CONTINUOUS
 10
59.08300
 20
160.47800
 30
 0
 11
59.20300
 21
160.53300
  0
LINE
  8
Gravur
 62
   255
 39
0.200
  6
CONTINUOUS
 10
59.20300
 20
160.53300
 30
 0
 11
59.31500
 21
160.60700
  0
LINE
  8
Gravur
 62
   255
 39
0.200
  6
CONTINUOUS
 10
59.31500
 20
160.60700
 30
 0
 11
59.41500
 21
160.69800
  0
LINE
  8
Gravur
 62
   255
 39
0.200
  6
CONTINUOUS
 10
59.41500
 20
160.69800
 30
 0
 11
59.50200
 21
160.80400
  0
LINE
  8
Gravur
 62
   255
 39
0.200
  6
CONTINUOUS
 10
59.50200
 20
160.80400
 30
 0
 11
59.57500
 21
160.92300
  0
LINE
  8
Gravur
 62
   255
 39
0.200
  6
CONTINUOUS
 10
59.57500
 20
160.92300
 30
 0
 11
59.63100
 21
161.05300
  0
LINE
  8
Gravur
 62
   255
 39
0.200
  6
CONTINUOUS
 10
60.34400
 20
161.48200
 30
 0
 11
60.35500
 21
161.32500
  0
LINE
  8
Gravur
 62
   255
 39
0.200
  6
CONTINUOUS
 10
60.35500
 20
161.32500
 30
 0
 11
60.38700
 21
161.17100
  0
LINE
  8
Gravur
 62
   255
 39
0.200
  6
CONTINUOUS
 10
60.38700
 20
161.17100
 30
 0
 11
60.43900
 21
161.02400
  0
LINE
  8
Gravur
 62
   255
 39
0.200
  6
CONTINUOUS
 10
60.43900
 20
161.02400
 30
 0
 11
60.50900
 21
160.88700
  0
LINE
  8
Gravur
 62
   255
 39
0.200
  6
CONTINUOUS
 10
60.50900
 20
160.88700
 30
 0
 11
60.59800
 21
160.76400
  0
LINE
  8
Gravur
 62
   255
 39
0.200
  6
CONTINUOUS
 10
60.59800
 20
160.76400
 30
 0
 11
60.70200
 21
160.65600
  0
LINE
  8
Gravur
 62
   255
 39
0.200
  6
CONTINUOUS
 10
60.70200
 20
160.65600
 30
 0
 11
60.81900
 21
160.56700
  0
LINE
  8
Gravur
 62
   255
 39
0.200
  6
CONTINUOUS
 10
60.81900
 20
160.56700
 30
 0
 11
60.94700
 21
160.49900
  0
LINE
  8
Gravur
 62
   255
 39
0.200
  6
CONTINUOUS
 10
60.94700
 20
160.49900
 30
 0
 11
61.08300
 21
160.45200
  0
LINE
  8
Gravur
 62
   255
 39
0.200
  6
CONTINUOUS
 10
61.08300
 20
160.45200
 30
 0
 11
61.22400
 21
160.42900
  0
LINE
  8
Gravur
 62
   255
 39
0.200
  6
CONTINUOUS
 10
61.22400
 20
160.42900
 30
 0
 11
61.36600
 21
160.42900
  0
LINE
  8
Gravur
 62
   255
 39
0.200
  6
CONTINUOUS
 10
61.36600
 20
160.42900
 30
 0
 11
61.50600
 21
160.45200
  0
LINE
  8
Gravur
 62
   255
 39
0.200
  6
CONTINUOUS
 10
61.50600
 20
160.45200
 30
 0
 11
61.64200
 21
160.49900
  0
LINE
  8
Gravur
 62
   255
 39
0.200
  6
CONTINUOUS
 10
61.64200
 20
160.49900
 30
 0
 11
61.77000
 21
160.56700
  0
LINE
  8
Gravur
 62
   255
 39
0.200
  6
CONTINUOUS
 10
61.77000
 20
160.56700
 30
 0
 11
61.88700
 21
160.65600
  0
LINE
  8
Gravur
 62
   255
 39
0.200
  6
CONTINUOUS
 10
61.88700
 20
160.65600
 30
 0
 11
61.99100
 21
160.76400
  0
LINE
  8
Gravur
 62
   255
 39
0.200
  6
CONTINUOUS
 10
61.99100
 20
160.76400
 30
 0
 11
62.08000
 21
160.88700
  0
LINE
  8
Gravur
 62
   255
 39
0.200
  6
CONTINUOUS
 10
62.08000
 20
160.88700
 30
 0
 11
62.15100
 21
161.02400
  0
LINE
  8
Gravur
 62
   255
 39
0.200
  6
CONTINUOUS
 10
62.15100
 20
161.02400
 30
 0
 11
62.20300
 21
161.17100
  0
LINE
  8
Gravur
 62
   255
 39
0.200
  6
CONTINUOUS
 10
62.20300
 20
161.17100
 30
 0
 11
62.23400
 21
161.32500
  0
LINE
  8
Gravur
 62
   255
 39
0.200
  6
CONTINUOUS
 10
62.23400
 20
161.32500
 30
 0
 11
62.24500
 21
161.48200
  0
LINE
  8
Gravur
 62
   255
 39
0.200
  6
CONTINUOUS
 10
62.24500
 20
161.48200
 30
 0
 11
62.24500
 21
162.47200
  0
LINE
  8
Gravur
 62
   255
 39
0.200
  6
CONTINUOUS
 10
62.24500
 20
162.47200
 30
 0
 11
62.23400
 21
162.62900
  0
LINE
  8
Gravur
 62
   255
 39
0.200
  6
CONTINUOUS
 10
62.23400
 20
162.62900
 30
 0
 11
62.20300
 21
162.78300
  0
LINE
  8
Gravur
 62
   255
 39
0.200
  6
CONTINUOUS
 10
62.20300
 20
162.78300
 30
 0
 11
62.15100
 21
162.93000
  0
LINE
  8
Gravur
 62
   255
 39
0.200
  6
CONTINUOUS
 10
62.15100
 20
162.93000
 30
 0
 11
62.08000
 21
163.06700
  0
LINE
  8
Gravur
 62
   255
 39
0.200
  6
CONTINUOUS
 10
62.08000
 20
163.06700
 30
 0
 11
61.99100
 21
163.19000
  0
LINE
  8
Gravur
 62
   255
 39
0.200
  6
CONTINUOUS
 10
61.99100
 20
163.19000
 30
 0
 11
61.88700
 21
163.29800
  0
LINE
  8
Gravur
 62
   255
 39
0.200
  6
CONTINUOUS
 10
61.88700
 20
163.29800
 30
 0
 11
61.77000
 21
163.38700
  0
LINE
  8
Gravur
 62
   255
 39
0.200
  6
CONTINUOUS
 10
61.77000
 20
163.38700
 30
 0
 11
61.64200
 21
163.45500
  0
LINE
  8
Gravur
 62
   255
 39
0.200
  6
CONTINUOUS
 10
61.64200
 20
163.45500
 30
 0
 11
61.50600
 21
163.50200
  0
LINE
  8
Gravur
 62
   255
 39
0.200
  6
CONTINUOUS
 10
61.50600
 20
163.50200
 30
 0
 11
61.36600
 21
163.52500
  0
LINE
  8
Gravur
 62
   255
 39
0.200
  6
CONTINUOUS
 10
61.36600
 20
163.52500
 30
 0
 11
61.22400
 21
163.52500
  0
LINE
  8
Gravur
 62
   255
 39
0.200
  6
CONTINUOUS
 10
61.22400
 20
163.52500
 30
 0
 11
61.08300
 21
163.50200
  0
LINE
  8
Gravur
 62
   255
 39
0.200
  6
CONTINUOUS
 10
61.08300
 20
163.50200
 30
 0
 11
60.94700
 21
163.45500
  0
LINE
  8
Gravur
 62
   255
 39
0.200
  6
CONTINUOUS
 10
60.94700
 20
163.45500
 30
 0
 11
60.81900
 21
163.38700
  0
LINE
  8
Gravur
 62
   255
 39
0.200
  6
CONTINUOUS
 10
60.81900
 20
163.38700
 30
 0
 11
60.70200
 21
163.29800
  0
LINE
  8
Gravur
 62
   255
 39
0.200
  6
CONTINUOUS
 10
60.70200
 20
163.29800
 30
 0
 11
60.59800
 21
163.19000
  0
LINE
  8
Gravur
 62
   255
 39
0.200
  6
CONTINUOUS
 10
60.59800
 20
163.19000
 30
 0
 11
60.50900
 21
163.06700
  0
LINE
  8
Gravur
 62
   255
 39
0.200
  6
CONTINUOUS
 10
60.50900
 20
163.06700
 30
 0
 11
60.43900
 21
162.93000
  0
LINE
  8
Gravur
 62
   255
 39
0.200
  6
CONTINUOUS
 10
60.43900
 20
162.93000
 30
 0
 11
60.38700
 21
162.78300
  0
LINE
  8
Gravur
 62
   255
 39
0.200
  6
CONTINUOUS
 10
60.38700
 20
162.78300
 30
 0
 11
60.35500
 21
162.62900
  0
LINE
  8
Gravur
 62
   255
 39
0.200
  6
CONTINUOUS
 10
60.35500
 20
162.62900
 30
 0
 11
60.34400
 21
162.47200
  0
LINE
  8
Gravur
 62
   255
 39
0.200
  6
CONTINUOUS
 10
60.34400
 20
162.47200
 30
 0
 11
60.34400
 21
161.48200
  0
LINE
  8
Gravur
 62
   255
 39
0.200
  6
CONTINUOUS
 10
64.85900
 20
163.46200
 30
 0
 11
65.60100
 21
160.49200
  0
LINE
  8
Gravur
 62
   255
 39
0.200
  6
CONTINUOUS
 10
65.60100
 20
160.49200
 30
 0
 11
66.34400
 21
163.46200
  0
LINE
  8
Gravur
 62
   255
 39
0.200
  6
CONTINUOUS
 10
66.34400
 20
163.46200
 30
 0
 11
67.08600
 21
160.49200
  0
LINE
  8
Gravur
 62
   255
 39
0.200
  6
CONTINUOUS
 10
67.08600
 20
160.49200
 30
 0
 11
67.82900
 21
163.46200
  0
LINE
  8
Gravur
 62
   255
 39
0.200
  6
CONTINUOUS
 10
68.83800
 20
161.31700
 30
 0
 11
70.32300
 21
161.31700
  0
LINE
  8
Gravur
 62
   255
 39
0.200
  6
CONTINUOUS
 10
68.54100
 20
160.49200
 30
 0
 11
69.58100
 21
163.46200
  0
LINE
  8
Gravur
 62
   255
 39
0.200
  6
CONTINUOUS
 10
69.58100
 20
163.46200
 30
 0
 11
70.62000
 21
160.49200
  0
LINE
  8
Gravur
 62
   255
 39
0.200
  6
CONTINUOUS
 10
71.33300
 20
163.46200
 30
 0
 11
72.22400
 21
160.49200
  0
LINE
  8
Gravur
 62
   255
 39
0.200
  6
CONTINUOUS
 10
72.22400
 20
160.49200
 30
 0
 11
73.11500
 21
163.46200
  0
LINE
  8
Gravur
 62
   255
 39
0.200
  6
CONTINUOUS
 10
73.82800
 20
161.97700
 30
 0
 11
75.31300
 21
161.97700
  0
LINE
  8
Gravur
 62
   255
 39
0.200
  6
CONTINUOUS
 10
75.61000
 20
163.46200
 30
 0
 11
73.82800
 21
163.46200
  0
LINE
  8
Gravur
 62
   255
 39
0.200
  6
CONTINUOUS
 10
73.82800
 20
163.46200
 30
 0
 11
73.82800
 21
160.49200
  0
LINE
  8
Gravur
 62
   255
 39
0.200
  6
CONTINUOUS
 10
73.82800
 20
160.49200
 30
 0
 11
75.61000
 21
160.49200
  0
LINE
  8
Gravur
 62
   255
 39
0.200
  6
CONTINUOUS
 10
57.17800
 20
154.16500
 30
 0
 11
57.11200
 21
154.25000
  0
LINE
  8
Gravur
 62
   255
 39
0.200
  6
CONTINUOUS
 10
57.11200
 20
154.25000
 30
 0
 11
57.03600
 21
154.32300
  0
LINE
  8
Gravur
 62
   255
 39
0.200
  6
CONTINUOUS
 10
57.03600
 20
154.32300
 30
 0
 11
56.95100
 21
154.38400
  0
LINE
  8
Gravur
 62
   255
 39
0.200
  6
CONTINUOUS
 10
56.95100
 20
154.38400
 30
 0
 11
56.85900
 21
154.43100
  0
LINE
  8
Gravur
 62
   255
 39
0.200
  6
CONTINUOUS
 10
56.85900
 20
154.43100
 30
 0
 11
56.76200
 21
154.46200
  0
LINE
  8
Gravur
 62
   255
 39
0.200
  6
CONTINUOUS
 10
56.76200
 20
154.46200
 30
 0
 11
56.76200
 21
154.46200
  0
LINE
  8
Gravur
 62
   255
 39
0.200
  6
CONTINUOUS
 10
56.76200
 20
154.46200
 30
 0
 11
56.55400
 21
154.49700
  0
LINE
  8
Gravur
 62
   255
 39
0.200
  6
CONTINUOUS
 10
56.55400
 20
154.49700
 30
 0
 11
56.34500
 21
154.50400
  0
LINE
  8
Gravur
 62
   255
 39
0.200
  6
CONTINUOUS
 10
56.34500
 20
154.50400
 30
 0
 11
56.13600
 21
154.48100
  0
LINE
  8
Gravur
 62
   255
 39
0.200
  6
CONTINUOUS
 10
56.13600
 20
154.48100
 30
 0
 11
55.93100
 21
154.42900
  0
LINE
  8
Gravur
 62
   255
 39
0.200
  6
CONTINUOUS
 10
55.93100
 20
154.42900
 30
 0
 11
55.93100
 21
154.42900
  0
LINE
  8
Gravur
 62
   255
 39
0.200
  6
CONTINUOUS
 10
55.93100
 20
154.42900
 30
 0
 11
55.83300
 21
154.38900
  0
LINE
  8
Gravur
 62
   255
 39
0.200
  6
CONTINUOUS
 10
55.83300
 20
154.38900
 30
 0
 11
55.74200
 21
154.33400
  0
LINE
  8
Gravur
 62
   255
 39
0.200
  6
CONTINUOUS
 10
55.74200
 20
154.33400
 30
 0
 11
55.65700
 21
154.26700
  0
LINE
  8
Gravur
 62
   255
 39
0.200
  6
CONTINUOUS
 10
55.65700
 20
154.26700
 30
 0
 11
55.58100
 21
154.18800
  0
LINE
  8
Gravur
 62
   255
 39
0.200
  6
CONTINUOUS
 10
55.58100
 20
154.18800
 30
 0
 11
55.51500
 21
154.09900
  0
LINE
  8
Gravur
 62
   255
 39
0.200
  6
CONTINUOUS
 10
55.51500
 20
154.09900
 30
 0
 11
55.47400
 21
154.02500
  0
LINE
  8
Gravur
 62
   255
 39
0.200
  6
CONTINUOUS
 10
55.47400
 20
154.02500
 30
 0
 11
55.44300
 21
153.94600
  0
LINE
  8
Gravur
 62
   255
 39
0.200
  6
CONTINUOUS
 10
55.44300
 20
153.94600
 30
 0
 11
55.42300
 21
153.86200
  0
LINE
  8
Gravur
 62
   255
 39
0.200
  6
CONTINUOUS
 10
55.42300
 20
153.86200
 30
 0
 11
55.41400
 21
153.77600
  0
LINE
  8
Gravur
 62
   255
 39
0.200
  6
CONTINUOUS
 10
55.41400
 20
153.77600
 30
 0
 11
55.41600
 21
153.68900
  0
LINE
  8
Gravur
 62
   255
 39
0.200
  6
CONTINUOUS
 10
55.41600
 20
153.68900
 30
 0
 11
55.42800
 21
153.60400
  0
LINE
  8
Gravur
 62
   255
 39
0.200
  6
CONTINUOUS
 10
55.42800
 20
153.60400
 30
 0
 11
55.45300
 21
153.52100
  0
LINE
  8
Gravur
 62
   255
 39
0.200
  6
CONTINUOUS
 10
55.45300
 20
153.52100
 30
 0
 11
55.48700
 21
153.44400
  0
LINE
  8
Gravur
 62
   255
 39
0.200
  6
CONTINUOUS
 10
55.48700
 20
153.44400
 30
 0
 11
55.53000
 21
153.37200
  0
LINE
  8
Gravur
 62
   255
 39
0.200
  6
CONTINUOUS
 10
55.53000
 20
153.37200
 30
 0
 11
55.58300
 21
153.30800
  0
LINE
  8
Gravur
 62
   255
 39
0.200
  6
CONTINUOUS
 10
55.58300
 20
153.30800
 30
 0
 11
55.64400
 21
153.25300
  0
LINE
  8
Gravur
 62
   255
 39
0.200
  6
CONTINUOUS
 10
55.64400
 20
153.25300
 30
 0
 11
55.71000
 21
153.20900
  0
LINE
  8
Gravur
 62
   255
 39
0.200
  6
CONTINUOUS
 10
55.71000
 20
153.20900
 30
 0
 11
55.78200
 21
153.17500
  0
LINE
  8
Gravur
 62
   255
 39
0.200
  6
CONTINUOUS
 10
55.78200
 20
153.17500
 30
 0
 11
55.78200
 21
153.17500
  0
LINE
  8
Gravur
 62
   255
 39
0.200
  6
CONTINUOUS
 10
55.78200
 20
153.17500
 30
 0
 11
56.82200
 21
152.77900
  0
LINE
  8
Gravur
 62
   255
 39
0.200
  6
CONTINUOUS
 10
56.82200
 20
152.77900
 30
 0
 11
56.89500
 21
152.74400
  0
LINE
  8
Gravur
 62
   255
 39
0.200
  6
CONTINUOUS
 10
56.89500
 20
152.74400
 30
 0
 11
56.96400
 21
152.69800
  0
LINE
  8
Gravur
 62
   255
 39
0.200
  6
CONTINUOUS
 10
56.96400
 20
152.69800
 30
 0
 11
57.02500
 21
152.64100
  0
LINE
  8
Gravur
 62
   255
 39
0.200
  6
CONTINUOUS
 10
57.02500
 20
152.64100
 30
 0
 11
57.07800
 21
152.57500
  0
LINE
  8
Gravur
 62
   255
 39
0.200
  6
CONTINUOUS
 10
57.07800
 20
152.57500
 30
 0
 11
57.12200
 21
152.50100
  0
LINE
  8
Gravur
 62
   255
 39
0.200
  6
CONTINUOUS
 10
57.12200
 20
152.50100
 30
 0
 11
57.15600
 21
152.42000
  0
LINE
  8
Gravur
 62
   255
 39
0.200
  6
CONTINUOUS
 10
57.15600
 20
152.42000
 30
 0
 11
57.17800
 21
152.33500
  0
LINE
  8
Gravur
 62
   255
 39
0.200
  6
CONTINUOUS
 10
57.17800
 20
152.33500
 30
 0
 11
57.19000
 21
152.24700
  0
LINE
  8
Gravur
 62
   255
 39
0.200
  6
CONTINUOUS
 10
57.19000
 20
152.24700
 30
 0
 11
57.18900
 21
152.15800
  0
LINE
  8
Gravur
 62
   255
 39
0.200
  6
CONTINUOUS
 10
57.18900
 20
152.15800
 30
 0
 11
57.17600
 21
152.07000
  0
LINE
  8
Gravur
 62
   255
 39
0.200
  6
CONTINUOUS
 10
57.17600
 20
152.07000
 30
 0
 11
57.15300
 21
151.98500
  0
LINE
  8
Gravur
 62
   255
 39
0.200
  6
CONTINUOUS
 10
57.15300
 20
151.98500
 30
 0
 11
57.11800
 21
151.90500
  0
LINE
  8
Gravur
 62
   255
 39
0.200
  6
CONTINUOUS
 10
57.11800
 20
151.90500
 30
 0
 11
57.08900
 21
151.85500
  0
LINE
  8
Gravur
 62
   255
 39
0.200
  6
CONTINUOUS
 10
57.08900
 20
151.85500
 30
 0
 11
57.01300
 21
151.75500
  0
LINE
  8
Gravur
 62
   255
 39
0.200
  6
CONTINUOUS
 10
57.01300
 20
151.75500
 30
 0
 11
56.92500
 21
151.66800
  0
LINE
  8
Gravur
 62
   255
 39
0.200
  6
CONTINUOUS
 10
56.92500
 20
151.66800
 30
 0
 11
56.82700
 21
151.59700
  0
LINE
  8
Gravur
 62
   255
 39
0.200
  6
CONTINUOUS
 10
56.82700
 20
151.59700
 30
 0
 11
56.72000
 21
151.54300
  0
LINE
  8
Gravur
 62
   255
 39
0.200
  6
CONTINUOUS
 10
56.72000
 20
151.54300
 30
 0
 11
56.67300
 21
151.52500
  0
LINE
  8
Gravur
 62
   255
 39
0.200
  6
CONTINUOUS
 10
56.67300
 20
151.52500
 30
 0
 11
56.43000
 21
151.46700
  0
LINE
  8
Gravur
 62
   255
 39
0.200
  6
CONTINUOUS
 10
56.43000
 20
151.46700
 30
 0
 11
56.18300
 21
151.44900
  0
LINE
  8
Gravur
 62
   255
 39
0.200
  6
CONTINUOUS
 10
56.18300
 20
151.44900
 30
 0
 11
55.93500
 21
151.47300
  0
LINE
  8
Gravur
 62
   255
 39
0.200
  6
CONTINUOUS
 10
55.93500
 20
151.47300
 30
 0
 11
55.84200
 21
151.49200
  0
LINE
  8
Gravur
 62
   255
 39
0.200
  6
CONTINUOUS
 10
55.84200
 20
151.49200
 30
 0
 11
55.74300
 21
151.52400
  0
LINE
  8
Gravur
 62
   255
 39
0.200
  6
CONTINUOUS
 10
55.74300
 20
151.52400
 30
 0
 11
55.64900
 21
151.57300
  0
LINE
  8
Gravur
 62
   255
 39
0.200
  6
CONTINUOUS
 10
55.64900
 20
151.57300
 30
 0
 11
55.56300
 21
151.63500
  0
LINE
  8
Gravur
 62
   255
 39
0.200
  6
CONTINUOUS
 10
55.56300
 20
151.63500
 30
 0
 11
55.48600
 21
151.71100
  0
LINE
  8
Gravur
 62
   255
 39
0.200
  6
CONTINUOUS
 10
55.48600
 20
151.71100
 30
 0
 11
55.42600
 21
151.78900
  0
LINE
  8
Gravur
 62
   255
 39
0.200
  6
CONTINUOUS
 10
58.18800
 20
152.31700
 30
 0
 11
59.67300
 21
152.31700
  0
LINE
  8
Gravur
 62
   255
 39
0.200
  6
CONTINUOUS
 10
57.89100
 20
151.49200
 30
 0
 11
58.93000
 21
154.46200
  0
LINE
  8
Gravur
 62
   255
 39
0.200
  6
CONTINUOUS
 10
58.93000
 20
154.46200
 30
 0
 11
59.97000
 21
151.49200
  0
LINE
  8
Gravur
 62
   255
 39
0.200
  6
CONTINUOUS
 10
60.68300
 20
154.46200
 30
 0
 11
61.42500
 21
151.49200
  0
LINE
  8
Gravur
 62
   255
 39
0.200
  6
CONTINUOUS
 10
61.42500
 20
151.49200
 30
 0
 11
62.16800
 21
154.46200
  0
LINE
  8
Gravur
 62
   255
 39
0.200
  6
CONTINUOUS
 10
62.16800
 20
154.46200
 30
 0
 11
62.91000
 21
151.49200
  0
LINE
  8
Gravur
 62
   255
 39
0.200
  6
CONTINUOUS
 10
62.91000
 20
151.49200
 30
 0
 11
63.65300
 21
154.46200
  0
LINE
  8
Gravur
 62
   255
 39
0.200
  6
CONTINUOUS
 10
57.17800
 20
140.66500
 30
 0
 11
57.11200
 21
140.75000
  0
LINE
  8
Gravur
 62
   255
 39
0.200
  6
CONTINUOUS
 10
57.11200
 20
140.75000
 30
 0
 11
57.03600
 21
140.82300
  0
LINE
  8
Gravur
 62
   255
 39
0.200
  6
CONTINUOUS
 10
57.03600
 20
140.82300
 30
 0
 11
56.95100
 21
140.88400
  0
LINE
  8
Gravur
 62
   255
 39
0.200
  6
CONTINUOUS
 10
56.95100
 20
140.88400
 30
 0
 11
56.85900
 21
140.93100
  0
LINE
  8
Gravur
 62
   255
 39
0.200
  6
CONTINUOUS
 10
56.85900
 20
140.93100
 30
 0
 11
56.76200
 21
140.96200
  0
LINE
  8
Gravur
 62
   255
 39
0.200
  6
CONTINUOUS
 10
56.76200
 20
140.96200
 30
 0
 11
56.76200
 21
140.96200
  0
LINE
  8
Gravur
 62
   255
 39
0.200
  6
CONTINUOUS
 10
56.76200
 20
140.96200
 30
 0
 11
56.55400
 21
140.99700
  0
LINE
  8
Gravur
 62
   255
 39
0.200
  6
CONTINUOUS
 10
56.55400
 20
140.99700
 30
 0
 11
56.34500
 21
141.00400
  0
LINE
  8
Gravur
 62
   255
 39
0.200
  6
CONTINUOUS
 10
56.34500
 20
141.00400
 30
 0
 11
56.13600
 21
140.98100
  0
LINE
  8
Gravur
 62
   255
 39
0.200
  6
CONTINUOUS
 10
56.13600
 20
140.98100
 30
 0
 11
55.93100
 21
140.92900
  0
LINE
  8
Gravur
 62
   255
 39
0.200
  6
CONTINUOUS
 10
55.93100
 20
140.92900
 30
 0
 11
55.93100
 21
140.92900
  0
LINE
  8
Gravur
 62
   255
 39
0.200
  6
CONTINUOUS
 10
55.93100
 20
140.92900
 30
 0
 11
55.83300
 21
140.88900
  0
LINE
  8
Gravur
 62
   255
 39
0.200
  6
CONTINUOUS
 10
55.83300
 20
140.88900
 30
 0
 11
55.74200
 21
140.83400
  0
LINE
  8
Gravur
 62
   255
 39
0.200
  6
CONTINUOUS
 10
55.74200
 20
140.83400
 30
 0
 11
55.65700
 21
140.76700
  0
LINE
  8
Gravur
 62
   255
 39
0.200
  6
CONTINUOUS
 10
55.65700
 20
140.76700
 30
 0
 11
55.58100
 21
140.68800
  0
LINE
  8
Gravur
 62
   255
 39
0.200
  6
CONTINUOUS
 10
55.58100
 20
140.68800
 30
 0
 11
55.51500
 21
140.59900
  0
LINE
  8
Gravur
 62
   255
 39
0.200
  6
CONTINUOUS
 10
55.51500
 20
140.59900
 30
 0
 11
55.47400
 21
140.52500
  0
LINE
  8
Gravur
 62
   255
 39
0.200
  6
CONTINUOUS
 10
55.47400
 20
140.52500
 30
 0
 11
55.44300
 21
140.44600
  0
LINE
  8
Gravur
 62
   255
 39
0.200
  6
CONTINUOUS
 10
55.44300
 20
140.44600
 30
 0
 11
55.42300
 21
140.36200
  0
LINE
  8
Gravur
 62
   255
 39
0.200
  6
CONTINUOUS
 10
55.42300
 20
140.36200
 30
 0
 11
55.41400
 21
140.27600
  0
LINE
  8
Gravur
 62
   255
 39
0.200
  6
CONTINUOUS
 10
55.41400
 20
140.27600
 30
 0
 11
55.41600
 21
140.18900
  0
LINE
  8
Gravur
 62
   255
 39
0.200
  6
CONTINUOUS
 10
55.41600
 20
140.18900
 30
 0
 11
55.42800
 21
140.10400
  0
LINE
  8
Gravur
 62
   255
 39
0.200
  6
CONTINUOUS
 10
55.42800
 20
140.10400
 30
 0
 11
55.45300
 21
140.02100
  0
LINE
  8
Gravur
 62
   255
 39
0.200
  6
CONTINUOUS
 10
55.45300
 20
140.02100
 30
 0
 11
55.48700
 21
139.94400
  0
LINE
  8
Gravur
 62
   255
 39
0.200
  6
CONTINUOUS
 10
55.48700
 20
139.94400
 30
 0
 11
55.53000
 21
139.87200
  0
LINE
  8
Gravur
 62
   255
 39
0.200
  6
CONTINUOUS
 10
55.53000
 20
139.87200
 30
 0
 11
55.58300
 21
139.80800
  0
LINE
  8
Gravur
 62
   255
 39
0.200
  6
CONTINUOUS
 10
55.58300
 20
139.80800
 30
 0
 11
55.64400
 21
139.75300
  0
LINE
  8
Gravur
 62
   255
 39
0.200
  6
CONTINUOUS
 10
55.64400
 20
139.75300
 30
 0
 11
55.71000
 21
139.70900
  0
LINE
  8
Gravur
 62
   255
 39
0.200
  6
CONTINUOUS
 10
55.71000
 20
139.70900
 30
 0
 11
55.78200
 21
139.67500
  0
LINE
  8
Gravur
 62
   255
 39
0.200
  6
CONTINUOUS
 10
55.78200
 20
139.67500
 30
 0
 11
55.78200
 21
139.67500
  0
LINE
  8
Gravur
 62
   255
 39
0.200
  6
CONTINUOUS
 10
55.78200
 20
139.67500
 30
 0
 11
56.82200
 21
139.27900
  0
LINE
  8
Gravur
 62
   255
 39
0.200
  6
CONTINUOUS
 10
56.82200
 20
139.27900
 30
 0
 11
56.89500
 21
139.24400
  0
LINE
  8
Gravur
 62
   255
 39
0.200
  6
CONTINUOUS
 10
56.89500
 20
139.24400
 30
 0
 11
56.96400
 21
139.19800
  0
LINE
  8
Gravur
 62
   255
 39
0.200
  6
CONTINUOUS
 10
56.96400
 20
139.19800
 30
 0
 11
57.02500
 21
139.14100
  0
LINE
  8
Gravur
 62
   255
 39
0.200
  6
CONTINUOUS
 10
57.02500
 20
139.14100
 30
 0
 11
57.07800
 21
139.07500
  0
LINE
  8
Gravur
 62
   255
 39
0.200
  6
CONTINUOUS
 10
57.07800
 20
139.07500
 30
 0
 11
57.12200
 21
139.00100
  0
LINE
  8
Gravur
 62
   255
 39
0.200
  6
CONTINUOUS
 10
57.12200
 20
139.00100
 30
 0
 11
57.15600
 21
138.92000
  0
LINE
  8
Gravur
 62
   255
 39
0.200
  6
CONTINUOUS
 10
57.15600
 20
138.92000
 30
 0
 11
57.17800
 21
138.83500
  0
LINE
  8
Gravur
 62
   255
 39
0.200
  6
CONTINUOUS
 10
57.17800
 20
138.83500
 30
 0
 11
57.19000
 21
138.74700
  0
LINE
  8
Gravur
 62
   255
 39
0.200
  6
CONTINUOUS
 10
57.19000
 20
138.74700
 30
 0
 11
57.18900
 21
138.65800
  0
LINE
  8
Gravur
 62
   255
 39
0.200
  6
CONTINUOUS
 10
57.18900
 20
138.65800
 30
 0
 11
57.17600
 21
138.57000
  0
LINE
  8
Gravur
 62
   255
 39
0.200
  6
CONTINUOUS
 10
57.17600
 20
138.57000
 30
 0
 11
57.15300
 21
138.48500
  0
LINE
  8
Gravur
 62
   255
 39
0.200
  6
CONTINUOUS
 10
57.15300
 20
138.48500
 30
 0
 11
57.11800
 21
138.40500
  0
LINE
  8
Gravur
 62
   255
 39
0.200
  6
CONTINUOUS
 10
57.11800
 20
138.40500
 30
 0
 11
57.08900
 21
138.35500
  0
LINE
  8
Gravur
 62
   255
 39
0.200
  6
CONTINUOUS
 10
57.08900
 20
138.35500
 30
 0
 11
57.01300
 21
138.25500
  0
LINE
  8
Gravur
 62
   255
 39
0.200
  6
CONTINUOUS
 10
57.01300
 20
138.25500
 30
 0
 11
56.92500
 21
138.16800
  0
LINE
  8
Gravur
 62
   255
 39
0.200
  6
CONTINUOUS
 10
56.92500
 20
138.16800
 30
 0
 11
56.82700
 21
138.09700
  0
LINE
  8
Gravur
 62
   255
 39
0.200
  6
CONTINUOUS
 10
56.82700
 20
138.09700
 30
 0
 11
56.72000
 21
138.04300
  0
LINE
  8
Gravur
 62
   255
 39
0.200
  6
CONTINUOUS
 10
56.72000
 20
138.04300
 30
 0
 11
56.67300
 21
138.02500
  0
LINE
  8
Gravur
 62
   255
 39
0.200
  6
CONTINUOUS
 10
56.67300
 20
138.02500
 30
 0
 11
56.43000
 21
137.96700
  0
LINE
  8
Gravur
 62
   255
 39
0.200
  6
CONTINUOUS
 10
56.43000
 20
137.96700
 30
 0
 11
56.18300
 21
137.94900
  0
LINE
  8
Gravur
 62
   255
 39
0.200
  6
CONTINUOUS
 10
56.18300
 20
137.94900
 30
 0
 11
55.93500
 21
137.97300
  0
LINE
  8
Gravur
 62
   255
 39
0.200
  6
CONTINUOUS
 10
55.93500
 20
137.97300
 30
 0
 11
55.84200
 21
137.99200
  0
LINE
  8
Gravur
 62
   255
 39
0.200
  6
CONTINUOUS
 10
55.84200
 20
137.99200
 30
 0
 11
55.74300
 21
138.02400
  0
LINE
  8
Gravur
 62
   255
 39
0.200
  6
CONTINUOUS
 10
55.74300
 20
138.02400
 30
 0
 11
55.64900
 21
138.07300
  0
LINE
  8
Gravur
 62
   255
 39
0.200
  6
CONTINUOUS
 10
55.64900
 20
138.07300
 30
 0
 11
55.56300
 21
138.13500
  0
LINE
  8
Gravur
 62
   255
 39
0.200
  6
CONTINUOUS
 10
55.56300
 20
138.13500
 30
 0
 11
55.48600
 21
138.21100
  0
LINE
  8
Gravur
 62
   255
 39
0.200
  6
CONTINUOUS
 10
55.48600
 20
138.21100
 30
 0
 11
55.42600
 21
138.28900
  0
LINE
  8
Gravur
 62
   255
 39
0.200
  6
CONTINUOUS
 10
59.37600
 20
139.97200
 30
 0
 11
59.37600
 21
138.81700
  0
LINE
  8
Gravur
 62
   255
 39
0.200
  6
CONTINUOUS
 10
59.37600
 20
138.81700
 30
 0
 11
59.36800
 21
138.69400
  0
LINE
  8
Gravur
 62
   255
 39
0.200
  6
CONTINUOUS
 10
59.36800
 20
138.69400
 30
 0
 11
59.34300
 21
138.57400
  0
LINE
  8
Gravur
 62
   255
 39
0.200
  6
CONTINUOUS
 10
59.34300
 20
138.57400
 30
 0
 11
59.30200
 21
138.45900
  0
LINE
  8
Gravur
 62
   255
 39
0.200
  6
CONTINUOUS
 10
59.30200
 20
138.45900
 30
 0
 11
59.24700
 21
138.35200
  0
LINE
  8
Gravur
 62
   255
 39
0.200
  6
CONTINUOUS
 10
59.24700
 20
138.35200
 30
 0
 11
59.17800
 21
138.25600
  0
LINE
  8
Gravur
 62
   255
 39
0.200
  6
CONTINUOUS
 10
59.17800
 20
138.25600
 30
 0
 11
59.09600
 21
138.17200
  0
LINE
  8
Gravur
 62
   255
 39
0.200
  6
CONTINUOUS
 10
59.09600
 20
138.17200
 30
 0
 11
59.00500
 21
138.10300
  0
LINE
  8
Gravur
 62
   255
 39
0.200
  6
CONTINUOUS
 10
59.00500
 20
138.10300
 30
 0
 11
58.90400
 21
138.04900
  0
LINE
  8
Gravur
 62
   255
 39
0.200
  6
CONTINUOUS
 10
58.90400
 20
138.04900
 30
 0
 11
58.79900
 21
138.01300
  0
LINE
  8
Gravur
 62
   255
 39
0.200
  6
CONTINUOUS
 10
58.79900
 20
138.01300
 30
 0
 11
58.68900
 21
137.99400
  0
LINE
  8
Gravur
 62
   255
 39
0.200
  6
CONTINUOUS
 10
58.68900
 20
137.99400
 30
 0
 11
58.57800
 21
137.99400
  0
LINE
  8
Gravur
 62
   255
 39
0.200
  6
CONTINUOUS
 10
58.57800
 20
137.99400
 30
 0
 11
58.46800
 21
138.01300
  0
LINE
  8
Gravur
 62
   255
 39
0.200
  6
CONTINUOUS
 10
58.46800
 20
138.01300
 30
 0
 11
58.36200
 21
138.04900
  0
LINE
  8
Gravur
 62
   255
 39
0.200
  6
CONTINUOUS
 10
58.36200
 20
138.04900
 30
 0
 11
58.26300
 21
138.10300
  0
LINE
  8
Gravur
 62
   255
 39
0.200
  6
CONTINUOUS
 10
58.26300
 20
138.10300
 30
 0
 11
58.17100
 21
138.17200
  0
LINE
  8
Gravur
 62
   255
 39
0.200
  6
CONTINUOUS
 10
58.17100
 20
138.17200
 30
 0
 11
58.08900
 21
138.25600
  0
LINE
  8
Gravur
 62
   255
 39
0.200
  6
CONTINUOUS
 10
58.08900
 20
138.25600
 30
 0
 11
58.02000
 21
138.35200
  0
LINE
  8
Gravur
 62
   255
 39
0.200
  6
CONTINUOUS
 10
58.02000
 20
138.35200
 30
 0
 11
57.96500
 21
138.45900
  0
LINE
  8
Gravur
 62
   255
 39
0.200
  6
CONTINUOUS
 10
57.96500
 20
138.45900
 30
 0
 11
57.92400
 21
138.57400
  0
LINE
  8
Gravur
 62
   255
 39
0.200
  6
CONTINUOUS
 10
57.92400
 20
138.57400
 30
 0
 11
57.89900
 21
138.69400
  0
LINE
  8
Gravur
 62
   255
 39
0.200
  6
CONTINUOUS
 10
57.89900
 20
138.69400
 30
 0
 11
57.89100
 21
138.81700
  0
LINE
  8
Gravur
 62
   255
 39
0.200
  6
CONTINUOUS
 10
57.89100
 20
138.81700
 30
 0
 11
57.89100
 21
139.14700
  0
LINE
  8
Gravur
 62
   255
 39
0.200
  6
CONTINUOUS
 10
57.89100
 20
139.14700
 30
 0
 11
57.89900
 21
139.27000
  0
LINE
  8
Gravur
 62
   255
 39
0.200
  6
CONTINUOUS
 10
57.89900
 20
139.27000
 30
 0
 11
57.92400
 21
139.39000
  0
LINE
  8
Gravur
 62
   255
 39
0.200
  6
CONTINUOUS
 10
57.92400
 20
139.39000
 30
 0
 11
57.96500
 21
139.50500
  0
LINE
  8
Gravur
 62
   255
 39
0.200
  6
CONTINUOUS
 10
57.96500
 20
139.50500
 30
 0
 11
58.02000
 21
139.61200
  0
LINE
  8
Gravur
 62
   255
 39
0.200
  6
CONTINUOUS
 10
58.02000
 20
139.61200
 30
 0
 11
58.08900
 21
139.70800
  0
LINE
  8
Gravur
 62
   255
 39
0.200
  6
CONTINUOUS
 10
58.08900
 20
139.70800
 30
 0
 11
58.17100
 21
139.79200
  0
LINE
  8
Gravur
 62
   255
 39
0.200
  6
CONTINUOUS
 10
58.17100
 20
139.79200
 30
 0
 11
58.26300
 21
139.86100
  0
LINE
  8
Gravur
 62
   255
 39
0.200
  6
CONTINUOUS
 10
58.26300
 20
139.86100
 30
 0
 11
58.36200
 21
139.91500
  0
LINE
  8
Gravur
 62
   255
 39
0.200
  6
CONTINUOUS
 10
58.36200
 20
139.91500
 30
 0
 11
58.46800
 21
139.95100
  0
LINE
  8
Gravur
 62
   255
 39
0.200
  6
CONTINUOUS
 10
58.46800
 20
139.95100
 30
 0
 11
58.57800
 21
139.97000
  0
LINE
  8
Gravur
 62
   255
 39
0.200
  6
CONTINUOUS
 10
58.57800
 20
139.97000
 30
 0
 11
58.68900
 21
139.97000
  0
LINE
  8
Gravur
 62
   255
 39
0.200
  6
CONTINUOUS
 10
58.68900
 20
139.97000
 30
 0
 11
58.79900
 21
139.95100
  0
LINE
  8
Gravur
 62
   255
 39
0.200
  6
CONTINUOUS
 10
58.79900
 20
139.95100
 30
 0
 11
58.90400
 21
139.91500
  0
LINE
  8
Gravur
 62
   255
 39
0.200
  6
CONTINUOUS
 10
58.90400
 20
139.91500
 30
 0
 11
59.00400
 21
139.86100
  0
LINE
  8
Gravur
 62
   255
 39
0.200
  6
CONTINUOUS
 10
59.00400
 20
139.86100
 30
 0
 11
59.09600
 21
139.79200
  0
LINE
  8
Gravur
 62
   255
 39
0.200
  6
CONTINUOUS
 10
59.09600
 20
139.79200
 30
 0
 11
59.17800
 21
139.70800
  0
LINE
  8
Gravur
 62
   255
 39
0.200
  6
CONTINUOUS
 10
59.17800
 20
139.70800
 30
 0
 11
59.24700
 21
139.61200
  0
LINE
  8
Gravur
 62
   255
 39
0.200
  6
CONTINUOUS
 10
59.24700
 20
139.61200
 30
 0
 11
59.30200
 21
139.50500
  0
LINE
  8
Gravur
 62
   255
 39
0.200
  6
CONTINUOUS
 10
59.30200
 20
139.50500
 30
 0
 11
59.34300
 21
139.39000
  0
LINE
  8
Gravur
 62
   255
 39
0.200
  6
CONTINUOUS
 10
59.34300
 20
139.39000
 30
 0
 11
59.36800
 21
139.27000
  0
LINE
  8
Gravur
 62
   255
 39
0.200
  6
CONTINUOUS
 10
59.36800
 20
139.27000
 30
 0
 11
59.37600
 21
139.14700
  0
LINE
  8
Gravur
 62
   255
 39
0.200
  6
CONTINUOUS
 10
59.37600
 20
139.14700
 30
 0
 11
59.37600
 21
137.00200
  0
LINE
  8
Gravur
 62
   255
 39
0.200
  6
CONTINUOUS
 10
60.08900
 20
139.97200
 30
 0
 11
60.08900
 21
138.81700
  0
LINE
  8
Gravur
 62
   255
 39
0.200
  6
CONTINUOUS
 10
60.08900
 20
138.81700
 30
 0
 11
60.09700
 21
138.69400
  0
LINE
  8
Gravur
 62
   255
 39
0.200
  6
CONTINUOUS
 10
60.09700
 20
138.69400
 30
 0
 11
60.12200
 21
138.57400
  0
LINE
  8
Gravur
 62
   255
 39
0.200
  6
CONTINUOUS
 10
60.12200
 20
138.57400
 30
 0
 11
60.16200
 21
138.45900
  0
LINE
  8
Gravur
 62
   255
 39
0.200
  6
CONTINUOUS
 10
60.16200
 20
138.45900
 30
 0
 11
60.21700
 21
138.35200
  0
LINE
  8
Gravur
 62
   255
 39
0.200
  6
CONTINUOUS
 10
60.21700
 20
138.35200
 30
 0
 11
60.28700
 21
138.25600
  0
LINE
  8
Gravur
 62
   255
 39
0.200
  6
CONTINUOUS
 10
60.28700
 20
138.25600
 30
 0
 11
60.36900
 21
138.17200
  0
LINE
  8
Gravur
 62
   255
 39
0.200
  6
CONTINUOUS
 10
60.36900
 20
138.17200
 30
 0
 11
60.46000
 21
138.10300
  0
LINE
  8
Gravur
 62
   255
 39
0.200
  6
CONTINUOUS
 10
60.46000
 20
138.10300
 30
 0
 11
60.56000
 21
138.04900
  0
LINE
  8
Gravur
 62
   255
 39
0.200
  6
CONTINUOUS
 10
60.56000
 20
138.04900
 30
 0
 11
60.66600
 21
138.01300
  0
LINE
  8
Gravur
 62
   255
 39
0.200
  6
CONTINUOUS
 10
60.66600
 20
138.01300
 30
 0
 11
60.77500
 21
137.99400
  0
LINE
  8
Gravur
 62
   255
 39
0.200
  6
CONTINUOUS
 10
60.77500
 20
137.99400
 30
 0
 11
60.88700
 21
137.99400
  0
LINE
  8
Gravur
 62
   255
 39
0.200
  6
CONTINUOUS
 10
60.88700
 20
137.99400
 30
 0
 11
60.99700
 21
138.01300
  0
LINE
  8
Gravur
 62
   255
 39
0.200
  6
CONTINUOUS
 10
60.99700
 20
138.01300
 30
 0
 11
61.10200
 21
138.04900
  0
LINE
  8
Gravur
 62
   255
 39
0.200
  6
CONTINUOUS
 10
61.10200
 20
138.04900
 30
 0
 11
61.20200
 21
138.10300
  0
LINE
  8
Gravur
 62
   255
 39
0.200
  6
CONTINUOUS
 10
61.20200
 20
138.10300
 30
 0
 11
61.29400
 21
138.17200
  0
LINE
  8
Gravur
 62
   255
 39
0.200
  6
CONTINUOUS
 10
61.29400
 20
138.17200
 30
 0
 11
61.37600
 21
138.25600
  0
LINE
  8
Gravur
 62
   255
 39
0.200
  6
CONTINUOUS
 10
61.37600
 20
138.25600
 30
 0
 11
61.44500
 21
138.35200
  0
LINE
  8
Gravur
 62
   255
 39
0.200
  6
CONTINUOUS
 10
61.44500
 20
138.35200
 30
 0
 11
61.50000
 21
138.45900
  0
LINE
  8
Gravur
 62
   255
 39
0.200
  6
CONTINUOUS
 10
61.50000
 20
138.45900
 30
 0
 11
61.54000
 21
138.57400
  0
LINE
  8
Gravur
 62
   255
 39
0.200
  6
CONTINUOUS
 10
61.54000
 20
138.57400
 30
 0
 11
61.56600
 21
138.69400
  0
LINE
  8
Gravur
 62
   255
 39
0.200
  6
CONTINUOUS
 10
61.56600
 20
138.69400
 30
 0
 11
61.57400
 21
138.81700
  0
LINE
  8
Gravur
 62
   255
 39
0.200
  6
CONTINUOUS
 10
61.57400
 20
138.81700
 30
 0
 11
61.57400
 21
137.99200
  0
LINE
  8
Gravur
 62
   255
 39
0.200
  6
CONTINUOUS
 10
61.57400
 20
137.99200
 30
 0
 11
61.57400
 21
139.97200
  0
LINE
  8
Gravur
 62
   255
 39
0.200
  6
CONTINUOUS
 10
63.83100
 20
139.97200
 30
 0
 11
63.83100
 21
138.81700
  0
LINE
  8
Gravur
 62
   255
 39
0.200
  6
CONTINUOUS
 10
63.83100
 20
138.81700
 30
 0
 11
63.82200
 21
138.68900
  0
LINE
  8
Gravur
 62
   255
 39
0.200
  6
CONTINUOUS
 10
63.82200
 20
138.68900
 30
 0
 11
63.79700
 21
138.56400
  0
LINE
  8
Gravur
 62
   255
 39
0.200
  6
CONTINUOUS
 10
63.79700
 20
138.56400
 30
 0
 11
63.75400
 21
138.44500
  0
LINE
  8
Gravur
 62
   255
 39
0.200
  6
CONTINUOUS
 10
63.75400
 20
138.44500
 30
 0
 11
63.69700
 21
138.33400
  0
LINE
  8
Gravur
 62
   255
 39
0.200
  6
CONTINUOUS
 10
63.69700
 20
138.33400
 30
 0
 11
63.62500
 21
138.23300
  0
LINE
  8
Gravur
 62
   255
 39
0.200
  6
CONTINUOUS
 10
63.62500
 20
138.23300
 30
 0
 11
63.54000
 21
138.14600
  0
LINE
  8
Gravur
 62
   255
 39
0.200
  6
CONTINUOUS
 10
63.54000
 20
138.14600
 30
 0
 11
63.44500
 21
138.07400
  0
LINE
  8
Gravur
 62
   255
 39
0.200
  6
CONTINUOUS
 10
63.44500
 20
138.07400
 30
 0
 11
63.34000
 21
138.01800
  0
LINE
  8
Gravur
 62
   255
 39
0.200
  6
CONTINUOUS
 10
63.34000
 20
138.01800
 30
 0
 11
63.23100
 21
137.98100
  0
LINE
  8
Gravur
 62
   255
 39
0.200
  6
CONTINUOUS
 10
63.23100
 20
137.98100
 30
 0
 11
63.11600
 21
137.96100
  0
LINE
  8
Gravur
 62
   255
 39
0.200
  6
CONTINUOUS
 10
63.11600
 20
137.96100
 30
 0
 11
63.00100
 21
137.96100
  0
LINE
  8
Gravur
 62
   255
 39
0.200
  6
CONTINUOUS
 10
63.00100
 20
137.96100
 30
 0
 11
62.88700
 21
137.98100
  0
LINE
  8
Gravur
 62
   255
 39
0.200
  6
CONTINUOUS
 10
62.88700
 20
137.98100
 30
 0
 11
62.77700
 21
138.01800
  0
LINE
  8
Gravur
 62
   255
 39
0.200
  6
CONTINUOUS
 10
62.77700
 20
138.01800
 30
 0
 11
62.67300
 21
138.07400
  0
LINE
  8
Gravur
 62
   255
 39
0.200
  6
CONTINUOUS
 10
62.67300
 20
138.07400
 30
 0
 11
62.57700
 21
138.14600
  0
LINE
  8
Gravur
 62
   255
 39
0.200
  6
CONTINUOUS
 10
62.57700
 20
138.14600
 30
 0
 11
62.49300
 21
138.23300
  0
LINE
  8
Gravur
 62
   255
 39
0.200
  6
CONTINUOUS
 10
62.49300
 20
138.23300
 30
 0
 11
62.42100
 21
138.33400
  0
LINE
  8
Gravur
 62
   255
 39
0.200
  6
CONTINUOUS
 10
62.42100
 20
138.33400
 30
 0
 11
62.36300
 21
138.44500
  0
LINE
  8
Gravur
 62
   255
 39
0.200
  6
CONTINUOUS
 10
62.36300
 20
138.44500
 30
 0
 11
62.32100
 21
138.56400
  0
LINE
  8
Gravur
 62
   255
 39
0.200
  6
CONTINUOUS
 10
62.32100
 20
138.56400
 30
 0
 11
62.29500
 21
138.68900
  0
LINE
  8
Gravur
 62
   255
 39
0.200
  6
CONTINUOUS
 10
62.29500
 20
138.68900
 30
 0
 11
62.28600
 21
138.81700
  0
LINE
  8
Gravur
 62
   255
 39
0.200
  6
CONTINUOUS
 10
62.28600
 20
138.81700
 30
 0
 11
62.28600
 21
139.14700
  0
LINE
  8
Gravur
 62
   255
 39
0.200
  6
CONTINUOUS
 10
62.28600
 20
139.14700
 30
 0
 11
62.29500
 21
139.27500
  0
LINE
  8
Gravur
 62
   255
 39
0.200
  6
CONTINUOUS
 10
62.29500
 20
139.27500
 30
 0
 11
62.32100
 21
139.40000
  0
LINE
  8
Gravur
 62
   255
 39
0.200
  6
CONTINUOUS
 10
62.32100
 20
139.40000
 30
 0
 11
62.36300
 21
139.51900
  0
LINE
  8
Gravur
 62
   255
 39
0.200
  6
CONTINUOUS
 10
62.36300
 20
139.51900
 30
 0
 11
62.42100
 21
139.63000
  0
LINE
  8
Gravur
 62
   255
 39
0.200
  6
CONTINUOUS
 10
62.42100
 20
139.63000
 30
 0
 11
62.49300
 21
139.73100
  0
LINE
  8
Gravur
 62
   255
 39
0.200
  6
CONTINUOUS
 10
62.49300
 20
139.73100
 30
 0
 11
62.57700
 21
139.81800
  0
LINE
  8
Gravur
 62
   255
 39
0.200
  6
CONTINUOUS
 10
62.57700
 20
139.81800
 30
 0
 11
62.67300
 21
139.89000
  0
LINE
  8
Gravur
 62
   255
 39
0.200
  6
CONTINUOUS
 10
62.67300
 20
139.89000
 30
 0
 11
62.77700
 21
139.94600
  0
LINE
  8
Gravur
 62
   255
 39
0.200
  6
CONTINUOUS
 10
62.77700
 20
139.94600
 30
 0
 11
62.88700
 21
139.98300
  0
LINE
  8
Gravur
 62
   255
 39
0.200
  6
CONTINUOUS
 10
62.88700
 20
139.98300
 30
 0
 11
63.00100
 21
140.00300
  0
LINE
  8
Gravur
 62
   255
 39
0.200
  6
CONTINUOUS
 10
63.00100
 20
140.00300
 30
 0
 11
63.11600
 21
140.00300
  0
LINE
  8
Gravur
 62
   255
 39
0.200
  6
CONTINUOUS
 10
63.11600
 20
140.00300
 30
 0
 11
63.23100
 21
139.98300
  0
LINE
  8
Gravur
 62
   255
 39
0.200
  6
CONTINUOUS
 10
63.23100
 20
139.98300
 30
 0
 11
63.34000
 21
139.94600
  0
LINE
  8
Gravur
 62
   255
 39
0.200
  6
CONTINUOUS
 10
63.34000
 20
139.94600
 30
 0
 11
63.44500
 21
139.89000
  0
LINE
  8
Gravur
 62
   255
 39
0.200
  6
CONTINUOUS
 10
63.44500
 20
139.89000
 30
 0
 11
63.54000
 21
139.81800
  0
LINE
  8
Gravur
 62
   255
 39
0.200
  6
CONTINUOUS
 10
63.54000
 20
139.81800
 30
 0
 11
63.62500
 21
139.73100
  0
LINE
  8
Gravur
 62
   255
 39
0.200
  6
CONTINUOUS
 10
63.62500
 20
139.73100
 30
 0
 11
63.69700
 21
139.63000
  0
LINE
  8
Gravur
 62
   255
 39
0.200
  6
CONTINUOUS
 10
63.69700
 20
139.63000
 30
 0
 11
63.75400
 21
139.51900
  0
LINE
  8
Gravur
 62
   255
 39
0.200
  6
CONTINUOUS
 10
63.75400
 20
139.51900
 30
 0
 11
63.79700
 21
139.40000
  0
LINE
  8
Gravur
 62
   255
 39
0.200
  6
CONTINUOUS
 10
63.79700
 20
139.40000
 30
 0
 11
63.82200
 21
139.27500
  0
LINE
  8
Gravur
 62
   255
 39
0.200
  6
CONTINUOUS
 10
63.82200
 20
139.27500
 30
 0
 11
63.83100
 21
139.14700
  0
LINE
  8
Gravur
 62
   255
 39
0.200
  6
CONTINUOUS
 10
63.83100
 20
139.14700
 30
 0
 11
63.83100
 21
138.35500
  0
LINE
  8
Gravur
 62
   255
 39
0.200
  6
CONTINUOUS
 10
63.83100
 20
138.35500
 30
 0
 11
63.84200
 21
138.28600
  0
LINE
  8
Gravur
 62
   255
 39
0.200
  6
CONTINUOUS
 10
63.84200
 20
138.28600
 30
 0
 11
63.86100
 21
138.22000
  0
LINE
  8
Gravur
 62
   255
 39
0.200
  6
CONTINUOUS
 10
63.86100
 20
138.22000
 30
 0
 11
63.88800
 21
138.15800
  0
LINE
  8
Gravur
 62
   255
 39
0.200
  6
CONTINUOUS
 10
63.88800
 20
138.15800
 30
 0
 11
63.92400
 21
138.10000
  0
LINE
  8
Gravur
 62
   255
 39
0.200
  6
CONTINUOUS
 10
63.92400
 20
138.10000
 30
 0
 11
63.96600
 21
138.04900
  0
LINE
  8
Gravur
 62
   255
 39
0.200
  6
CONTINUOUS
 10
63.96600
 20
138.04900
 30
 0
 11
64.01400
 21
138.00500
  0
LINE
  8
Gravur
 62
   255
 39
0.200
  6
CONTINUOUS
 10
64.01400
 20
138.00500
 30
 0
 11
64.06800
 21
137.97000
  0
LINE
  8
Gravur
 62
   255
 39
0.200
  6
CONTINUOUS
 10
64.06800
 20
137.97000
 30
 0
 11
64.12600
 21
137.94300
  0
LINE
  8
Gravur
 62
   255
 39
0.200
  6
CONTINUOUS
 10
64.12600
 20
137.94300
 30
 0
 11
64.18700
 21
137.92600
  0
LINE
  8
Gravur
 62
   255
 39
0.200
  6
CONTINUOUS
 10
64.90000
 20
137.99200
 30
 0
 11
64.90000
 21
139.97200
  0
LINE
  8
Gravur
 62
   255
 39
0.200
  6
CONTINUOUS
 10
64.90000
 20
139.97200
 30
 0
 11
64.90000
 21
139.31200
  0
LINE
  8
Gravur
 62
   255
 39
0.200
  6
CONTINUOUS
 10
64.90000
 20
139.31200
 30
 0
 11
64.90700
 21
139.41900
  0
LINE
  8
Gravur
 62
   255
 39
0.200
  6
CONTINUOUS
 10
64.90700
 20
139.41900
 30
 0
 11
64.92800
 21
139.52400
  0
LINE
  8
Gravur
 62
   255
 39
0.200
  6
CONTINUOUS
 10
64.92800
 20
139.52400
 30
 0
 11
64.96300
 21
139.62400
  0
LINE
  8
Gravur
 62
   255
 39
0.200
  6
CONTINUOUS
 10
64.96300
 20
139.62400
 30
 0
 11
65.01100
 21
139.71700
  0
LINE
  8
Gravur
 62
   255
 39
0.200
  6
CONTINUOUS
 10
65.01100
 20
139.71700
 30
 0
 11
65.04900
 21
139.77400
  0
LINE
  8
Gravur
 62
   255
 39
0.200
  6
CONTINUOUS
 10
65.04900
 20
139.77400
 30
 0
 11
65.09100
 21
139.82400
  0
LINE
  8
Gravur
 62
   255
 39
0.200
  6
CONTINUOUS
 10
65.09100
 20
139.82400
 30
 0
 11
65.13900
 21
139.86600
  0
LINE
  8
Gravur
 62
   255
 39
0.200
  6
CONTINUOUS
 10
65.13900
 20
139.86600
 30
 0
 11
65.19300
 21
139.90000
  0
LINE
  8
Gravur
 62
   255
 39
0.200
  6
CONTINUOUS
 10
65.19300
 20
139.90000
 30
 0
 11
65.25100
 21
139.92400
  0
LINE
  8
Gravur
 62
   255
 39
0.200
  6
CONTINUOUS
 10
65.25100
 20
139.92400
 30
 0
 11
65.31000
 21
139.94000
  0
LINE
  8
Gravur
 62
   255
 39
0.200
  6
CONTINUOUS
 10
65.31000
 20
139.94000
 30
 0
 11
65.37300
 21
139.94500
  0
LINE
  8
Gravur
 62
   255
 39
0.200
  6
CONTINUOUS
 10
65.37300
 20
139.94500
 30
 0
 11
65.43400
 21
139.94100
  0
LINE
  8
Gravur
 62
   255
 39
0.200
  6
CONTINUOUS
 10
65.43400
 20
139.94100
 30
 0
 11
65.49400
 21
139.92600
  0
LINE
  8
Gravur
 62
   255
 39
0.200
  6
CONTINUOUS
 10
65.49400
 20
139.92600
 30
 0
 11
65.55200
 21
139.90200
  0
LINE
  8
Gravur
 62
   255
 39
0.200
  6
CONTINUOUS
 10
65.55200
 20
139.90200
 30
 0
 11
65.60600
 21
139.86900
  0
LINE
  8
Gravur
 62
   255
 39
0.200
  6
CONTINUOUS
 10
65.60600
 20
139.86900
 30
 0
 11
65.65500
 21
139.82800
  0
LINE
  8
Gravur
 62
   255
 39
0.200
  6
CONTINUOUS
 10
65.65500
 20
139.82800
 30
 0
 11
65.69800
 21
139.77900
  0
LINE
  8
Gravur
 62
   255
 39
0.200
  6
CONTINUOUS
 10
65.69800
 20
139.77900
 30
 0
 11
65.70200
 21
139.77400
  0
LINE
  8
Gravur
 62
   255
 39
0.200
  6
CONTINUOUS
 10
66.38500
 20
138.98200
 30
 0
 11
67.87000
 21
138.98200
  0
LINE
  8
Gravur
 62
   255
 39
0.200
  6
CONTINUOUS
 10
67.87000
 20
138.98200
 30
 0
 11
67.87000
 21
139.14700
  0
LINE
  8
Gravur
 62
   255
 39
0.200
  6
CONTINUOUS
 10
67.87000
 20
139.14700
 30
 0
 11
67.86200
 21
139.27000
  0
LINE
  8
Gravur
 62
   255
 39
0.200
  6
CONTINUOUS
 10
67.86200
 20
139.27000
 30
 0
 11
67.83700
 21
139.39000
  0
LINE
  8
Gravur
 62
   255
 39
0.200
  6
CONTINUOUS
 10
67.83700
 20
139.39000
 30
 0
 11
67.79600
 21
139.50500
  0
LINE
  8
Gravur
 62
   255
 39
0.200
  6
CONTINUOUS
 10
67.79600
 20
139.50500
 30
 0
 11
67.74100
 21
139.61200
  0
LINE
  8
Gravur
 62
   255
 39
0.200
  6
CONTINUOUS
 10
67.74100
 20
139.61200
 30
 0
 11
67.67200
 21
139.70800
  0
LINE
  8
Gravur
 62
   255
 39
0.200
  6
CONTINUOUS
 10
67.67200
 20
139.70800
 30
 0
 11
67.59000
 21
139.79200
  0
LINE
  8
Gravur
 62
   255
 39
0.200
  6
CONTINUOUS
 10
67.59000
 20
139.79200
 30
 0
 11
67.49900
 21
139.86100
  0
LINE
  8
Gravur
 62
   255
 39
0.200
  6
CONTINUOUS
 10
67.49900
 20
139.86100
 30
 0
 11
67.39800
 21
139.91500
  0
LINE
  8
Gravur
 62
   255
 39
0.200
  6
CONTINUOUS
 10
67.39800
 20
139.91500
 30
 0
 11
67.29300
 21
139.95100
  0
LINE
  8
Gravur
 62
   255
 39
0.200
  6
CONTINUOUS
 10
67.29300
 20
139.95100
 30
 0
 11
67.18300
 21
139.97000
  0
LINE
  8
Gravur
 62
   255
 39
0.200
  6
CONTINUOUS
 10
67.18300
 20
139.97000
 30
 0
 11
67.07200
 21
139.97000
  0
LINE
  8
Gravur
 62
   255
 39
0.200
  6
CONTINUOUS
 10
67.07200
 20
139.97000
 30
 0
 11
66.96200
 21
139.95100
  0
LINE
  8
Gravur
 62
   255
 39
0.200
  6
CONTINUOUS
 10
66.96200
 20
139.95100
 30
 0
 11
66.85700
 21
139.91500
  0
LINE
  8
Gravur
 62
   255
 39
0.200
  6
CONTINUOUS
 10
66.85700
 20
139.91500
 30
 0
 11
66.75700
 21
139.86100
  0
LINE
  8
Gravur
 62
   255
 39
0.200
  6
CONTINUOUS
 10
66.75700
 20
139.86100
 30
 0
 11
66.66500
 21
139.79200
  0
LINE
  8
Gravur
 62
   255
 39
0.200
  6
CONTINUOUS
 10
66.66500
 20
139.79200
 30
 0
 11
66.58300
 21
139.70800
  0
LINE
  8
Gravur
 62
   255
 39
0.200
  6
CONTINUOUS
 10
66.58300
 20
139.70800
 30
 0
 11
66.51400
 21
139.61200
  0
LINE
  8
Gravur
 62
   255
 39
0.200
  6
CONTINUOUS
 10
66.51400
 20
139.61200
 30
 0
 11
66.45900
 21
139.50500
  0
LINE
  8
Gravur
 62
   255
 39
0.200
  6
CONTINUOUS
 10
66.45900
 20
139.50500
 30
 0
 11
66.41800
 21
139.39000
  0
LINE
  8
Gravur
 62
   255
 39
0.200
  6
CONTINUOUS
 10
66.41800
 20
139.39000
 30
 0
 11
66.39300
 21
139.27000
  0
LINE
  8
Gravur
 62
   255
 39
0.200
  6
CONTINUOUS
 10
66.39300
 20
139.27000
 30
 0
 11
66.38500
 21
139.14700
  0
LINE
  8
Gravur
 62
   255
 39
0.200
  6
CONTINUOUS
 10
66.38500
 20
139.14700
 30
 0
 11
66.38500
 21
138.81700
  0
LINE
  8
Gravur
 62
   255
 39
0.200
  6
CONTINUOUS
 10
66.38500
 20
138.81700
 30
 0
 11
66.39300
 21
138.69100
  0
LINE
  8
Gravur
 62
   255
 39
0.200
  6
CONTINUOUS
 10
66.39300
 20
138.69100
 30
 0
 11
66.41700
 21
138.56700
  0
LINE
  8
Gravur
 62
   255
 39
0.200
  6
CONTINUOUS
 10
66.41700
 20
138.56700
 30
 0
 11
66.45900
 21
138.44900
  0
LINE
  8
Gravur
 62
   255
 39
0.200
  6
CONTINUOUS
 10
66.45900
 20
138.44900
 30
 0
 11
66.51400
 21
138.33900
  0
LINE
  8
Gravur
 62
   255
 39
0.200
  6
CONTINUOUS
 10
66.51400
 20
138.33900
 30
 0
 11
66.58400
 21
138.23900
  0
LINE
  8
Gravur
 62
   255
 39
0.200
  6
CONTINUOUS
 10
66.58400
 20
138.23900
 30
 0
 11
66.66600
 21
138.15100
  0
LINE
  8
Gravur
 62
   255
 39
0.200
  6
CONTINUOUS
 10
66.66600
 20
138.15100
 30
 0
 11
66.75900
 21
138.07700
  0
LINE
  8
Gravur
 62
   255
 39
0.200
  6
CONTINUOUS
 10
66.75900
 20
138.07700
 30
 0
 11
66.85900
 21
138.02000
  0
LINE
  8
Gravur
 62
   255
 39
0.200
  6
CONTINUOUS
 10
66.85900
 20
138.02000
 30
 0
 11
66.96700
 21
137.97900
  0
LINE
  8
Gravur
 62
   255
 39
0.200
  6
CONTINUOUS
 10
66.96700
 20
137.97900
 30
 0
 11
67.07900
 21
137.95600
  0
LINE
  8
Gravur
 62
   255
 39
0.200
  6
CONTINUOUS
 10
67.07900
 20
137.95600
 30
 0
 11
67.19300
 21
137.95200
  0
LINE
  8
Gravur
 62
   255
 39
0.200
  6
CONTINUOUS
 10
67.19300
 20
137.95200
 30
 0
 11
67.30600
 21
137.96600
  0
LINE
  8
Gravur
 62
   255
 39
0.200
  6
CONTINUOUS
 10
67.30600
 20
137.96600
 30
 0
 11
67.41600
 21
137.99800
  0
LINE
  8
Gravur
 62
   255
 39
0.200
  6
CONTINUOUS
 10
67.41600
 20
137.99800
 30
 0
 11
67.52100
 21
138.04700
  0
LINE
  8
Gravur
 62
   255
 39
0.200
  6
CONTINUOUS
 10
67.52100
 20
138.04700
 30
 0
 11
67.61800
 21
138.11400
  0
LINE
  8
Gravur
 62
   255
 39
0.200
  6
CONTINUOUS
 10
67.61800
 20
138.11400
 30
 0
 11
67.70500
 21
138.19500
  0
LINE
  8
Gravur
 62
   255
 39
0.200
  6
CONTINUOUS
 10
67.70500
 20
138.19500
 30
 0
 11
67.78100
 21
138.28900
  0
LINE
  8
Gravur
 62
   255
 39
0.200
  6
CONTINUOUS
 10
109.86000
 20
112.02400
 30
 0
 11
109.79400
 21
112.10900
  0
LINE
  8
Gravur
 62
   255
 39
0.200
  6
CONTINUOUS
 10
109.79400
 20
112.10900
 30
 0
 11
109.71800
 21
112.18200
  0
LINE
  8
Gravur
 62
   255
 39
0.200
  6
CONTINUOUS
 10
109.71800
 20
112.18200
 30
 0
 11
109.63300
 21
112.24300
  0
LINE
  8
Gravur
 62
   255
 39
0.200
  6
CONTINUOUS
 10
109.63300
 20
112.24300
 30
 0
 11
109.54100
 21
112.29000
  0
LINE
  8
Gravur
 62
   255
 39
0.200
  6
CONTINUOUS
 10
109.54100
 20
112.29000
 30
 0
 11
109.44400
 21
112.32100
  0
LINE
  8
Gravur
 62
   255
 39
0.200
  6
CONTINUOUS
 10
109.44400
 20
112.32100
 30
 0
 11
109.44400
 21
112.32100
  0
LINE
  8
Gravur
 62
   255
 39
0.200
  6
CONTINUOUS
 10
109.44400
 20
112.32100
 30
 0
 11
109.23600
 21
112.35600
  0
LINE
  8
Gravur
 62
   255
 39
0.200
  6
CONTINUOUS
 10
109.23600
 20
112.35600
 30
 0
 11
109.02700
 21
112.36300
  0
LINE
  8
Gravur
 62
   255
 39
0.200
  6
CONTINUOUS
 10
109.02700
 20
112.36300
 30
 0
 11
108.81800
 21
112.34000
  0
LINE
  8
Gravur
 62
   255
 39
0.200
  6
CONTINUOUS
 10
108.81800
 20
112.34000
 30
 0
 11
108.61300
 21
112.28800
  0
LINE
  8
Gravur
 62
   255
 39
0.200
  6
CONTINUOUS
 10
108.61300
 20
112.28800
 30
 0
 11
108.61300
 21
112.28800
  0
LINE
  8
Gravur
 62
   255
 39
0.200
  6
CONTINUOUS
 10
108.61300
 20
112.28800
 30
 0
 11
108.51500
 21
112.24800
  0
LINE
  8
Gravur
 62
   255
 39
0.200
  6
CONTINUOUS
 10
108.51500
 20
112.24800
 30
 0
 11
108.42400
 21
112.19300
  0
LINE
  8
Gravur
 62
   255
 39
0.200
  6
CONTINUOUS
 10
108.42400
 20
112.19300
 30
 0
 11
108.33900
 21
112.12600
  0
LINE
  8
Gravur
 62
   255
 39
0.200
  6
CONTINUOUS
 10
108.33900
 20
112.12600
 30
 0
 11
108.26300
 21
112.04700
  0
LINE
  8
Gravur
 62
   255
 39
0.200
  6
CONTINUOUS
 10
108.26300
 20
112.04700
 30
 0
 11
108.19700
 21
111.95800
  0
LINE
  8
Gravur
 62
   255
 39
0.200
  6
CONTINUOUS
 10
108.19700
 20
111.95800
 30
 0
 11
108.15600
 21
111.88400
  0
LINE
  8
Gravur
 62
   255
 39
0.200
  6
CONTINUOUS
 10
108.15600
 20
111.88400
 30
 0
 11
108.12500
 21
111.80500
  0
LINE
  8
Gravur
 62
   255
 39
0.200
  6
CONTINUOUS
 10
108.12500
 20
111.80500
 30
 0
 11
108.10500
 21
111.72100
  0
LINE
  8
Gravur
 62
   255
 39
0.200
  6
CONTINUOUS
 10
108.10500
 20
111.72100
 30
 0
 11
108.09600
 21
111.63500
  0
LINE
  8
Gravur
 62
   255
 39
0.200
  6
CONTINUOUS
 10
108.09600
 20
111.63500
 30
 0
 11
108.09800
 21
111.54800
  0
LINE
  8
Gravur
 62
   255
 39
0.200
  6
CONTINUOUS
 10
108.09800
 20
111.54800
 30
 0
 11
108.11000
 21
111.46300
  0
LINE
  8
Gravur
 62
   255
 39
0.200
  6
CONTINUOUS
 10
108.11000
 20
111.46300
 30
 0
 11
108.13500
 21
111.38000
  0
LINE
  8
Gravur
 62
   255
 39
0.200
  6
CONTINUOUS
 10
108.13500
 20
111.38000
 30
 0
 11
108.16900
 21
111.30300
  0
LINE
  8
Gravur
 62
   255
 39
0.200
  6
CONTINUOUS
 10
108.16900
 20
111.30300
 30
 0
 11
108.21200
 21
111.23100
  0
LINE
  8
Gravur
 62
   255
 39
0.200
  6
CONTINUOUS
 10
108.21200
 20
111.23100
 30
 0
 11
108.26500
 21
111.16700
  0
LINE
  8
Gravur
 62
   255
 39
0.200
  6
CONTINUOUS
 10
108.26500
 20
111.16700
 30
 0
 11
108.32600
 21
111.11200
  0
LINE
  8
Gravur
 62
   255
 39
0.200
  6
CONTINUOUS
 10
108.32600
 20
111.11200
 30
 0
 11
108.39200
 21
111.06800
  0
LINE
  8
Gravur
 62
   255
 39
0.200
  6
CONTINUOUS
 10
108.39200
 20
111.06800
 30
 0
 11
108.46400
 21
111.03400
  0
LINE
  8
Gravur
 62
   255
 39
0.200
  6
CONTINUOUS
 10
108.46400
 20
111.03400
 30
 0
 11
108.46400
 21
111.03400
  0
LINE
  8
Gravur
 62
   255
 39
0.200
  6
CONTINUOUS
 10
108.46400
 20
111.03400
 30
 0
 11
109.50400
 21
110.63800
  0
LINE
  8
Gravur
 62
   255
 39
0.200
  6
CONTINUOUS
 10
109.50400
 20
110.63800
 30
 0
 11
109.57700
 21
110.60300
  0
LINE
  8
Gravur
 62
   255
 39
0.200
  6
CONTINUOUS
 10
109.57700
 20
110.60300
 30
 0
 11
109.64600
 21
110.55700
  0
LINE
  8
Gravur
 62
   255
 39
0.200
  6
CONTINUOUS
 10
109.64600
 20
110.55700
 30
 0
 11
109.70700
 21
110.50000
  0
LINE
  8
Gravur
 62
   255
 39
0.200
  6
CONTINUOUS
 10
109.70700
 20
110.50000
 30
 0
 11
109.76000
 21
110.43400
  0
LINE
  8
Gravur
 62
   255
 39
0.200
  6
CONTINUOUS
 10
109.76000
 20
110.43400
 30
 0
 11
109.80400
 21
110.36000
  0
LINE
  8
Gravur
 62
   255
 39
0.200
  6
CONTINUOUS
 10
109.80400
 20
110.36000
 30
 0
 11
109.83800
 21
110.27900
  0
LINE
  8
Gravur
 62
   255
 39
0.200
  6
CONTINUOUS
 10
109.83800
 20
110.27900
 30
 0
 11
109.86000
 21
110.19400
  0
LINE
  8
Gravur
 62
   255
 39
0.200
  6
CONTINUOUS
 10
109.86000
 20
110.19400
 30
 0
 11
109.87200
 21
110.10600
  0
LINE
  8
Gravur
 62
   255
 39
0.200
  6
CONTINUOUS
 10
109.87200
 20
110.10600
 30
 0
 11
109.87100
 21
110.01700
  0
LINE
  8
Gravur
 62
   255
 39
0.200
  6
CONTINUOUS
 10
109.87100
 20
110.01700
 30
 0
 11
109.85800
 21
109.92900
  0
LINE
  8
Gravur
 62
   255
 39
0.200
  6
CONTINUOUS
 10
109.85800
 20
109.92900
 30
 0
 11
109.83500
 21
109.84400
  0
LINE
  8
Gravur
 62
   255
 39
0.200
  6
CONTINUOUS
 10
109.83500
 20
109.84400
 30
 0
 11
109.80000
 21
109.76400
  0
LINE
  8
Gravur
 62
   255
 39
0.200
  6
CONTINUOUS
 10
109.80000
 20
109.76400
 30
 0
 11
109.77100
 21
109.71400
  0
LINE
  8
Gravur
 62
   255
 39
0.200
  6
CONTINUOUS
 10
109.77100
 20
109.71400
 30
 0
 11
109.69500
 21
109.61400
  0
LINE
  8
Gravur
 62
   255
 39
0.200
  6
CONTINUOUS
 10
109.69500
 20
109.61400
 30
 0
 11
109.60700
 21
109.52700
  0
LINE
  8
Gravur
 62
   255
 39
0.200
  6
CONTINUOUS
 10
109.60700
 20
109.52700
 30
 0
 11
109.50900
 21
109.45600
  0
LINE
  8
Gravur
 62
   255
 39
0.200
  6
CONTINUOUS
 10
109.50900
 20
109.45600
 30
 0
 11
109.40200
 21
109.40200
  0
LINE
  8
Gravur
 62
   255
 39
0.200
  6
CONTINUOUS
 10
109.40200
 20
109.40200
 30
 0
 11
109.35500
 21
109.38400
  0
LINE
  8
Gravur
 62
   255
 39
0.200
  6
CONTINUOUS
 10
109.35500
 20
109.38400
 30
 0
 11
109.11200
 21
109.32600
  0
LINE
  8
Gravur
 62
   255
 39
0.200
  6
CONTINUOUS
 10
109.11200
 20
109.32600
 30
 0
 11
108.86500
 21
109.30800
  0
LINE
  8
Gravur
 62
   255
 39
0.200
  6
CONTINUOUS
 10
108.86500
 20
109.30800
 30
 0
 11
108.61700
 21
109.33200
  0
LINE
  8
Gravur
 62
   255
 39
0.200
  6
CONTINUOUS
 10
108.61700
 20
109.33200
 30
 0
 11
108.52400
 21
109.35100
  0
LINE
  8
Gravur
 62
   255
 39
0.200
  6
CONTINUOUS
 10
108.52400
 20
109.35100
 30
 0
 11
108.42500
 21
109.38300
  0
LINE
  8
Gravur
 62
   255
 39
0.200
  6
CONTINUOUS
 10
108.42500
 20
109.38300
 30
 0
 11
108.33100
 21
109.43200
  0
LINE
  8
Gravur
 62
   255
 39
0.200
  6
CONTINUOUS
 10
108.33100
 20
109.43200
 30
 0
 11
108.24500
 21
109.49400
  0
LINE
  8
Gravur
 62
   255
 39
0.200
  6
CONTINUOUS
 10
108.24500
 20
109.49400
 30
 0
 11
108.16800
 21
109.57000
  0
LINE
  8
Gravur
 62
   255
 39
0.200
  6
CONTINUOUS
 10
108.16800
 20
109.57000
 30
 0
 11
108.10800
 21
109.64800
  0
LINE
  8
Gravur
 62
   255
 39
0.200
  6
CONTINUOUS
 10
110.57300
 20
112.32100
 30
 0
 11
110.57300
 21
109.35100
  0
LINE
  8
Gravur
 62
   255
 39
0.200
  6
CONTINUOUS
 10
110.57300
 20
109.35100
 30
 0
 11
112.05800
 21
109.35100
  0
LINE
  8
Gravur
 62
   255
 39
0.200
  6
CONTINUOUS
 10
112.77100
 20
112.32100
 30
 0
 11
112.77100
 21
109.35100
  0
LINE
  8
Gravur
 62
   255
 39
0.200
  6
CONTINUOUS
 10
113.48300
 20
112.32100
 30
 0
 11
114.40400
 21
112.32100
  0
LINE
  8
Gravur
 62
   255
 39
0.200
  6
CONTINUOUS
 10
114.40400
 20
112.32100
 30
 0
 11
114.53600
 21
112.30400
  0
LINE
  8
Gravur
 62
   255
 39
0.200
  6
CONTINUOUS
 10
114.53600
 20
112.30400
 30
 0
 11
114.66400
 21
112.26600
  0
LINE
  8
Gravur
 62
   255
 39
0.200
  6
CONTINUOUS
 10
114.66400
 20
112.26600
 30
 0
 11
114.78700
 21
112.20700
  0
LINE
  8
Gravur
 62
   255
 39
0.200
  6
CONTINUOUS
 10
114.78700
 20
112.20700
 30
 0
 11
114.89900
 21
112.12900
  0
LINE
  8
Gravur
 62
   255
 39
0.200
  6
CONTINUOUS
 10
114.89900
 20
112.12900
 30
 0
 11
115.00000
 21
112.03300
  0
LINE
  8
Gravur
 62
   255
 39
0.200
  6
CONTINUOUS
 10
115.00000
 20
112.03300
 30
 0
 11
115.08700
 21
111.92200
  0
LINE
  8
Gravur
 62
   255
 39
0.200
  6
CONTINUOUS
 10
115.08700
 20
111.92200
 30
 0
 11
115.15900
 21
111.79700
  0
LINE
  8
Gravur
 62
   255
 39
0.200
  6
CONTINUOUS
 10
115.15900
 20
111.79700
 30
 0
 11
115.21200
 21
111.66200
  0
LINE
  8
Gravur
 62
   255
 39
0.200
  6
CONTINUOUS
 10
115.21200
 20
111.66200
 30
 0
 11
115.24800
 21
111.52000
  0
LINE
  8
Gravur
 62
   255
 39
0.200
  6
CONTINUOUS
 10
115.24800
 20
111.52000
 30
 0
 11
115.26500
 21
111.37400
  0
LINE
  8
Gravur
 62
   255
 39
0.200
  6
CONTINUOUS
 10
115.26500
 20
111.37400
 30
 0
 11
115.26500
 21
111.33100
  0
LINE
  8
Gravur
 62
   255
 39
0.200
  6
CONTINUOUS
 10
115.26500
 20
111.33100
 30
 0
 11
115.26500
 21
110.34100
  0
LINE
  8
Gravur
 62
   255
 39
0.200
  6
CONTINUOUS
 10
115.26500
 20
110.34100
 30
 0
 11
115.26100
 21
110.20200
  0
LINE
  8
Gravur
 62
   255
 39
0.200
  6
CONTINUOUS
 10
115.26100
 20
110.20200
 30
 0
 11
115.23800
 21
110.06400
  0
LINE
  8
Gravur
 62
   255
 39
0.200
  6
CONTINUOUS
 10
115.23800
 20
110.06400
 30
 0
 11
115.19700
 21
109.93300
  0
LINE
  8
Gravur
 62
   255
 39
0.200
  6
CONTINUOUS
 10
115.19700
 20
109.93300
 30
 0
 11
115.13900
 21
109.80900
  0
LINE
  8
Gravur
 62
   255
 39
0.200
  6
CONTINUOUS
 10
115.13900
 20
109.80900
 30
 0
 11
115.06700
 21
109.69500
  0
LINE
  8
Gravur
 62
   255
 39
0.200
  6
CONTINUOUS
 10
115.06700
 20
109.69500
 30
 0
 11
114.97900
 21
109.59500
  0
LINE
  8
Gravur
 62
   255
 39
0.200
  6
CONTINUOUS
 10
114.97900
 20
109.59500
 30
 0
 11
114.88000
 21
109.51000
  0
LINE
  8
Gravur
 62
   255
 39
0.200
  6
CONTINUOUS
 10
114.88000
 20
109.51000
 30
 0
 11
114.77000
 21
109.44100
  0
LINE
  8
Gravur
 62
   255
 39
0.200
  6
CONTINUOUS
 10
114.77000
 20
109.44100
 30
 0
 11
114.65300
 21
109.39200
  0
LINE
  8
Gravur
 62
   255
 39
0.200
  6
CONTINUOUS
 10
114.65300
 20
109.39200
 30
 0
 11
114.53100
 21
109.36100
  0
LINE
  8
Gravur
 62
   255
 39
0.200
  6
CONTINUOUS
 10
114.53100
 20
109.36100
 30
 0
 11
114.40500
 21
109.35100
  0
LINE
  8
Gravur
 62
   255
 39
0.200
  6
CONTINUOUS
 10
114.40500
 20
109.35100
 30
 0
 11
114.40400
 21
109.35100
  0
LINE
  8
Gravur
 62
   255
 39
0.200
  6
CONTINUOUS
 10
114.40400
 20
109.35100
 30
 0
 11
113.48300
 21
109.35100
  0
LINE
  8
Gravur
 62
   255
 39
0.200
  6
CONTINUOUS
 10
113.48300
 20
109.35100
 30
 0
 11
113.48300
 21
112.32100
  0
LINE
  8
Gravur
 62
   255
 39
0.200
  6
CONTINUOUS
 10
115.97800
 20
110.83600
 30
 0
 11
117.46300
 21
110.83600
  0
LINE
  8
Gravur
 62
   255
 39
0.200
  6
CONTINUOUS
 10
117.76000
 20
112.32100
 30
 0
 11
115.97800
 21
112.32100
  0
LINE
  8
Gravur
 62
   255
 39
0.200
  6
CONTINUOUS
 10
115.97800
 20
112.32100
 30
 0
 11
115.97800
 21
109.35100
  0
LINE
  8
Gravur
 62
   255
 39
0.200
  6
CONTINUOUS
 10
115.97800
 20
109.35100
 30
 0
 11
117.76000
 21
109.35100
  0
LINE
  8
Gravur
 62
   255
 39
0.200
  6
CONTINUOUS
 10
254.13000
 20
110.17100
 30
 0
 11
255.61500
 21
110.17100
  0
LINE
  8
Gravur
 62
   255
 39
0.200
  6
CONTINUOUS
 10
253.83300
 20
109.34600
 30
 0
 11
254.87300
 21
112.31600
  0
LINE
  8
Gravur
 62
   255
 39
0.200
  6
CONTINUOUS
 10
254.87300
 20
112.31600
 30
 0
 11
255.91200
 21
109.34600
  0
LINE
  8
Gravur
 62
   255
 39
0.200
  6
CONTINUOUS
 10
258.25800
 20
111.88700
 30
 0
 11
258.18800
 21
112.00700
  0
LINE
  8
Gravur
 62
   255
 39
0.200
  6
CONTINUOUS
 10
258.18800
 20
112.00700
 30
 0
 11
258.10300
 21
112.11400
  0
LINE
  8
Gravur
 62
   255
 39
0.200
  6
CONTINUOUS
 10
258.10300
 20
112.11400
 30
 0
 11
258.00400
 21
112.20600
  0
LINE
  8
Gravur
 62
   255
 39
0.200
  6
CONTINUOUS
 10
258.00400
 20
112.20600
 30
 0
 11
257.89400
 21
112.28000
  0
LINE
  8
Gravur
 62
   255
 39
0.200
  6
CONTINUOUS
 10
257.89400
 20
112.28000
 30
 0
 11
257.77500
 21
112.33600
  0
LINE
  8
Gravur
 62
   255
 39
0.200
  6
CONTINUOUS
 10
257.77500
 20
112.33600
 30
 0
 11
257.65000
 21
112.37100
  0
LINE
  8
Gravur
 62
   255
 39
0.200
  6
CONTINUOUS
 10
257.65000
 20
112.37100
 30
 0
 11
257.52200
 21
112.38600
  0
LINE
  8
Gravur
 62
   255
 39
0.200
  6
CONTINUOUS
 10
257.52200
 20
112.38600
 30
 0
 11
257.39300
 21
112.38000
  0
LINE
  8
Gravur
 62
   255
 39
0.200
  6
CONTINUOUS
 10
257.39300
 20
112.38000
 30
 0
 11
257.26700
 21
112.35300
  0
LINE
  8
Gravur
 62
   255
 39
0.200
  6
CONTINUOUS
 10
257.26700
 20
112.35300
 30
 0
 11
257.14500
 21
112.30500
  0
LINE
  8
Gravur
 62
   255
 39
0.200
  6
CONTINUOUS
 10
257.14500
 20
112.30500
 30
 0
 11
257.03200
 21
112.23800
  0
LINE
  8
Gravur
 62
   255
 39
0.200
  6
CONTINUOUS
 10
257.03200
 20
112.23800
 30
 0
 11
256.92800
 21
112.15300
  0
LINE
  8
Gravur
 62
   255
 39
0.200
  6
CONTINUOUS
 10
256.92800
 20
112.15300
 30
 0
 11
256.83700
 21
112.05100
  0
LINE
  8
Gravur
 62
   255
 39
0.200
  6
CONTINUOUS
 10
256.83700
 20
112.05100
 30
 0
 11
256.76000
 21
111.93700
  0
LINE
  8
Gravur
 62
   255
 39
0.200
  6
CONTINUOUS
 10
256.76000
 20
111.93700
 30
 0
 11
256.70000
 21
111.81000
  0
LINE
  8
Gravur
 62
   255
 39
0.200
  6
CONTINUOUS
 10
256.70000
 20
111.81000
 30
 0
 11
256.65600
 21
111.67500
  0
LINE
  8
Gravur
 62
   255
 39
0.200
  6
CONTINUOUS
 10
256.65600
 20
111.67500
 30
 0
 11
256.63100
 21
111.53500
  0
LINE
  8
Gravur
 62
   255
 39
0.200
  6
CONTINUOUS
 10
256.63100
 20
111.53500
 30
 0
 11
256.62600
 21
111.39200
  0
LINE
  8
Gravur
 62
   255
 39
0.200
  6
CONTINUOUS
 10
256.62600
 20
111.39200
 30
 0
 11
256.62500
 21
111.39200
  0
LINE
  8
Gravur
 62
   255
 39
0.200
  6
CONTINUOUS
 10
256.62500
 20
111.39200
 30
 0
 11
256.62500
 21
110.27000
  0
LINE
  8
Gravur
 62
   255
 39
0.200
  6
CONTINUOUS
 10
256.62500
 20
110.27000
 30
 0
 11
256.63500
 21
110.12600
  0
LINE
  8
Gravur
 62
   255
 39
0.200
  6
CONTINUOUS
 10
256.63500
 20
110.12600
 30
 0
 11
256.66300
 21
109.98600
  0
LINE
  8
Gravur
 62
   255
 39
0.200
  6
CONTINUOUS
 10
256.66300
 20
109.98600
 30
 0
 11
256.70900
 21
109.85100
  0
LINE
  8
Gravur
 62
   255
 39
0.200
  6
CONTINUOUS
 10
256.70900
 20
109.85100
 30
 0
 11
256.77300
 21
109.72600
  0
LINE
  8
Gravur
 62
   255
 39
0.200
  6
CONTINUOUS
 10
256.77300
 20
109.72600
 30
 0
 11
256.85200
 21
109.61200
  0
LINE
  8
Gravur
 62
   255
 39
0.200
  6
CONTINUOUS
 10
256.85200
 20
109.61200
 30
 0
 11
256.94500
 21
109.51200
  0
LINE
  8
Gravur
 62
   255
 39
0.200
  6
CONTINUOUS
 10
256.94500
 20
109.51200
 30
 0
 11
257.05100
 21
109.42800
  0
LINE
  8
Gravur
 62
   255
 39
0.200
  6
CONTINUOUS
 10
257.05100
 20
109.42800
 30
 0
 11
257.16600
 21
109.36100
  0
LINE
  8
Gravur
 62
   255
 39
0.200
  6
CONTINUOUS
 10
257.16600
 20
109.36100
 30
 0
 11
257.28800
 21
109.31400
  0
LINE
  8
Gravur
 62
   255
 39
0.200
  6
CONTINUOUS
 10
257.28800
 20
109.31400
 30
 0
 11
257.41500
 21
109.28800
  0
LINE
  8
Gravur
 62
   255
 39
0.200
  6
CONTINUOUS
 10
257.41500
 20
109.28800
 30
 0
 11
257.54500
 21
109.28100
  0
LINE
  8
Gravur
 62
   255
 39
0.200
  6
CONTINUOUS
 10
257.54500
 20
109.28100
 30
 0
 11
257.67400
 21
109.29600
  0
LINE
  8
Gravur
 62
   255
 39
0.200
  6
CONTINUOUS
 10
257.67400
 20
109.29600
 30
 0
 11
257.79900
 21
109.33200
  0
LINE
  8
Gravur
 62
   255
 39
0.200
  6
CONTINUOUS
 10
257.79900
 20
109.33200
 30
 0
 11
257.91900
 21
109.38700
  0
LINE
  8
Gravur
 62
   255
 39
0.200
  6
CONTINUOUS
 10
257.91900
 20
109.38700
 30
 0
 11
258.03100
 21
109.46100
  0
LINE
  8
Gravur
 62
   255
 39
0.200
  6
CONTINUOUS
 10
258.03100
 20
109.46100
 30
 0
 11
258.13100
 21
109.55200
  0
LINE
  8
Gravur
 62
   255
 39
0.200
  6
CONTINUOUS
 10
258.13100
 20
109.55200
 30
 0
 11
258.21800
 21
109.65800
  0
LINE
  8
Gravur
 62
   255
 39
0.200
  6
CONTINUOUS
 10
258.21800
 20
109.65800
 30
 0
 11
258.29100
 21
109.77700
  0
LINE
  8
Gravur
 62
   255
 39
0.200
  6
CONTINUOUS
 10
258.29100
 20
109.77700
 30
 0
 11
258.34700
 21
109.90700
  0
LINE
  8
Gravur
 62
   255
 39
0.200
  6
CONTINUOUS
 10
260.69400
 20
111.88700
 30
 0
 11
260.62400
 21
112.00700
  0
LINE
  8
Gravur
 62
   255
 39
0.200
  6
CONTINUOUS
 10
260.62400
 20
112.00700
 30
 0
 11
260.53800
 21
112.11400
  0
LINE
  8
Gravur
 62
   255
 39
0.200
  6
CONTINUOUS
 10
260.53800
 20
112.11400
 30
 0
 11
260.43900
 21
112.20600
  0
LINE
  8
Gravur
 62
   255
 39
0.200
  6
CONTINUOUS
 10
260.43900
 20
112.20600
 30
 0
 11
260.32900
 21
112.28000
  0
LINE
  8
Gravur
 62
   255
 39
0.200
  6
CONTINUOUS
 10
260.32900
 20
112.28000
 30
 0
 11
260.21000
 21
112.33600
  0
LINE
  8
Gravur
 62
   255
 39
0.200
  6
CONTINUOUS
 10
260.21000
 20
112.33600
 30
 0
 11
260.08500
 21
112.37100
  0
LINE
  8
Gravur
 62
   255
 39
0.200
  6
CONTINUOUS
 10
260.08500
 20
112.37100
 30
 0
 11
259.95800
 21
112.38600
  0
LINE
  8
Gravur
 62
   255
 39
0.200
  6
CONTINUOUS
 10
259.95800
 20
112.38600
 30
 0
 11
259.82900
 21
112.38000
  0
LINE
  8
Gravur
 62
   255
 39
0.200
  6
CONTINUOUS
 10
259.82900
 20
112.38000
 30
 0
 11
259.70200
 21
112.35300
  0
LINE
  8
Gravur
 62
   255
 39
0.200
  6
CONTINUOUS
 10
259.70200
 20
112.35300
 30
 0
 11
259.58000
 21
112.30500
  0
LINE
  8
Gravur
 62
   255
 39
0.200
  6
CONTINUOUS
 10
259.58000
 20
112.30500
 30
 0
 11
259.46700
 21
112.23800
  0
LINE
  8
Gravur
 62
   255
 39
0.200
  6
CONTINUOUS
 10
259.46700
 20
112.23800
 30
 0
 11
259.36400
 21
112.15300
  0
LINE
  8
Gravur
 62
   255
 39
0.200
  6
CONTINUOUS
 10
259.36400
 20
112.15300
 30
 0
 11
259.27300
 21
112.05100
  0
LINE
  8
Gravur
 62
   255
 39
0.200
  6
CONTINUOUS
 10
259.27300
 20
112.05100
 30
 0
 11
259.19500
 21
111.93700
  0
LINE
  8
Gravur
 62
   255
 39
0.200
  6
CONTINUOUS
 10
259.19500
 20
111.93700
 30
 0
 11
259.13500
 21
111.81000
  0
LINE
  8
Gravur
 62
   255
 39
0.200
  6
CONTINUOUS
 10
259.13500
 20
111.81000
 30
 0
 11
259.09200
 21
111.67500
  0
LINE
  8
Gravur
 62
   255
 39
0.200
  6
CONTINUOUS
 10
259.09200
 20
111.67500
 30
 0
 11
259.06700
 21
111.53500
  0
LINE
  8
Gravur
 62
   255
 39
0.200
  6
CONTINUOUS
 10
259.06700
 20
111.53500
 30
 0
 11
259.06100
 21
111.39200
  0
LINE
  8
Gravur
 62
   255
 39
0.200
  6
CONTINUOUS
 10
259.06100
 20
111.39200
 30
 0
 11
259.06000
 21
111.39200
  0
LINE
  8
Gravur
 62
   255
 39
0.200
  6
CONTINUOUS
 10
259.06000
 20
111.39200
 30
 0
 11
259.06000
 21
110.27000
  0
LINE
  8
Gravur
 62
   255
 39
0.200
  6
CONTINUOUS
 10
259.06000
 20
110.27000
 30
 0
 11
259.07000
 21
110.12600
  0
LINE
  8
Gravur
 62
   255
 39
0.200
  6
CONTINUOUS
 10
259.07000
 20
110.12600
 30
 0
 11
259.09800
 21
109.98600
  0
LINE
  8
Gravur
 62
   255
 39
0.200
  6
CONTINUOUS
 10
259.09800
 20
109.98600
 30
 0
 11
259.14500
 21
109.85100
  0
LINE
  8
Gravur
 62
   255
 39
0.200
  6
CONTINUOUS
 10
259.14500
 20
109.85100
 30
 0
 11
259.20900
 21
109.72600
  0
LINE
  8
Gravur
 62
   255
 39
0.200
  6
CONTINUOUS
 10
259.20900
 20
109.72600
 30
 0
 11
259.28700
 21
109.61200
  0
LINE
  8
Gravur
 62
   255
 39
0.200
  6
CONTINUOUS
 10
259.28700
 20
109.61200
 30
 0
 11
259.38100
 21
109.51200
  0
LINE
  8
Gravur
 62
   255
 39
0.200
  6
CONTINUOUS
 10
259.38100
 20
109.51200
 30
 0
 11
259.48600
 21
109.42800
  0
LINE
  8
Gravur
 62
   255
 39
0.200
  6
CONTINUOUS
 10
259.48600
 20
109.42800
 30
 0
 11
259.60100
 21
109.36100
  0
LINE
  8
Gravur
 62
   255
 39
0.200
  6
CONTINUOUS
 10
259.60100
 20
109.36100
 30
 0
 11
259.72400
 21
109.31400
  0
LINE
  8
Gravur
 62
   255
 39
0.200
  6
CONTINUOUS
 10
259.72400
 20
109.31400
 30
 0
 11
259.85000
 21
109.28800
  0
LINE
  8
Gravur
 62
   255
 39
0.200
  6
CONTINUOUS
 10
259.85000
 20
109.28800
 30
 0
 11
259.98000
 21
109.28100
  0
LINE
  8
Gravur
 62
   255
 39
0.200
  6
CONTINUOUS
 10
259.98000
 20
109.28100
 30
 0
 11
260.11000
 21
109.29600
  0
LINE
  8
Gravur
 62
   255
 39
0.200
  6
CONTINUOUS
 10
260.11000
 20
109.29600
 30
 0
 11
260.23500
 21
109.33200
  0
LINE
  8
Gravur
 62
   255
 39
0.200
  6
CONTINUOUS
 10
260.23500
 20
109.33200
 30
 0
 11
260.35400
 21
109.38700
  0
LINE
  8
Gravur
 62
   255
 39
0.200
  6
CONTINUOUS
 10
260.35400
 20
109.38700
 30
 0
 11
260.46600
 21
109.46100
  0
LINE
  8
Gravur
 62
   255
 39
0.200
  6
CONTINUOUS
 10
260.46600
 20
109.46100
 30
 0
 11
260.56600
 21
109.55200
  0
LINE
  8
Gravur
 62
   255
 39
0.200
  6
CONTINUOUS
 10
260.56600
 20
109.55200
 30
 0
 11
260.65300
 21
109.65800
  0
LINE
  8
Gravur
 62
   255
 39
0.200
  6
CONTINUOUS
 10
260.65300
 20
109.65800
 30
 0
 11
260.72600
 21
109.77700
  0
LINE
  8
Gravur
 62
   255
 39
0.200
  6
CONTINUOUS
 10
260.72600
 20
109.77700
 30
 0
 11
260.78300
 21
109.90700
  0
LINE
  8
Gravur
 62
   255
 39
0.200
  6
CONTINUOUS
 10
261.49600
 20
110.83100
 30
 0
 11
262.98100
 21
110.83100
  0
LINE
  8
Gravur
 62
   255
 39
0.200
  6
CONTINUOUS
 10
263.27800
 20
112.31600
 30
 0
 11
261.49600
 21
112.31600
  0
LINE
  8
Gravur
 62
   255
 39
0.200
  6
CONTINUOUS
 10
261.49600
 20
112.31600
 30
 0
 11
261.49600
 21
109.34600
  0
LINE
  8
Gravur
 62
   255
 39
0.200
  6
CONTINUOUS
 10
261.49600
 20
109.34600
 30
 0
 11
263.27800
 21
109.34600
  0
LINE
  8
Gravur
 62
   255
 39
0.200
  6
CONTINUOUS
 10
263.99000
 20
109.34600
 30
 0
 11
263.99000
 21
112.31600
  0
LINE
  8
Gravur
 62
   255
 39
0.200
  6
CONTINUOUS
 10
263.99000
 20
112.31600
 30
 0
 11
265.77200
 21
109.34600
  0
LINE
  8
Gravur
 62
   255
 39
0.200
  6
CONTINUOUS
 10
265.77200
 20
109.34600
 30
 0
 11
265.77200
 21
112.31600
  0
LINE
  8
Gravur
 62
   255
 39
0.200
  6
CONTINUOUS
 10
266.48500
 20
112.31600
 30
 0
 11
268.26700
 21
112.31600
  0
LINE
  8
Gravur
 62
   255
 39
0.200
  6
CONTINUOUS
 10
268.26700
 20
112.31600
 30
 0
 11
267.37600
 21
112.31600
  0
LINE
  8
Gravur
 62
   255
 39
0.200
  6
CONTINUOUS
 10
267.37600
 20
112.31600
 30
 0
 11
267.37600
 21
109.34600
  0
LINE
  8
Gravur
 62
   255
 39
0.200
  6
CONTINUOUS
 10
279.44600
 20
160.42100
 30
 0
 11
279.44600
 21
163.39100
  0
LINE
  8
Gravur
 62
   255
 39
0.200
  6
CONTINUOUS
 10
279.44600
 20
163.39100
 30
 0
 11
280.42600
 21
163.39100
  0
LINE
  8
Gravur
 62
   255
 39
0.200
  6
CONTINUOUS
 10
280.42600
 20
163.39100
 30
 0
 11
280.52300
 21
163.37900
  0
LINE
  8
Gravur
 62
   255
 39
0.200
  6
CONTINUOUS
 10
280.52300
 20
163.37900
 30
 0
 11
280.61800
 21
163.35200
  0
LINE
  8
Gravur
 62
   255
 39
0.200
  6
CONTINUOUS
 10
280.61800
 20
163.35200
 30
 0
 11
280.70700
 21
163.30900
  0
LINE
  8
Gravur
 62
   255
 39
0.200
  6
CONTINUOUS
 10
280.70700
 20
163.30900
 30
 0
 11
280.79100
 21
163.25300
  0
LINE
  8
Gravur
 62
   255
 39
0.200
  6
CONTINUOUS
 10
280.79100
 20
163.25300
 30
 0
 11
280.86500
 21
163.18400
  0
LINE
  8
Gravur
 62
   255
 39
0.200
  6
CONTINUOUS
 10
280.86500
 20
163.18400
 30
 0
 11
280.93100
 21
163.10300
  0
LINE
  8
Gravur
 62
   255
 39
0.200
  6
CONTINUOUS
 10
280.93100
 20
163.10300
 30
 0
 11
280.98400
 21
163.01300
  0
LINE
  8
Gravur
 62
   255
 39
0.200
  6
CONTINUOUS
 10
280.98400
 20
163.01300
 30
 0
 11
281.02600
 21
162.91400
  0
LINE
  8
Gravur
 62
   255
 39
0.200
  6
CONTINUOUS
 10
281.02600
 20
162.91400
 30
 0
 11
281.05400
 21
162.81100
  0
LINE
  8
Gravur
 62
   255
 39
0.200
  6
CONTINUOUS
 10
281.05400
 20
162.81100
 30
 0
 11
281.06800
 21
162.70300
  0
LINE
  8
Gravur
 62
   255
 39
0.200
  6
CONTINUOUS
 10
281.06800
 20
162.70300
 30
 0
 11
281.06900
 21
162.59500
  0
LINE
  8
Gravur
 62
   255
 39
0.200
  6
CONTINUOUS
 10
281.06900
 20
162.59500
 30
 0
 11
281.05400
 21
162.48800
  0
LINE
  8
Gravur
 62
   255
 39
0.200
  6
CONTINUOUS
 10
281.05400
 20
162.48800
 30
 0
 11
281.02600
 21
162.38400
  0
LINE
  8
Gravur
 62
   255
 39
0.200
  6
CONTINUOUS
 10
281.02600
 20
162.38400
 30
 0
 11
280.98500
 21
162.28600
  0
LINE
  8
Gravur
 62
   255
 39
0.200
  6
CONTINUOUS
 10
280.98500
 20
162.28600
 30
 0
 11
280.93100
 21
162.19500
  0
LINE
  8
Gravur
 62
   255
 39
0.200
  6
CONTINUOUS
 10
280.93100
 20
162.19500
 30
 0
 11
280.86600
 21
162.11500
  0
LINE
  8
Gravur
 62
   255
 39
0.200
  6
CONTINUOUS
 10
280.86600
 20
162.11500
 30
 0
 11
280.79100
 21
162.04500
  0
LINE
  8
Gravur
 62
   255
 39
0.200
  6
CONTINUOUS
 10
280.79100
 20
162.04500
 30
 0
 11
280.70800
 21
161.98900
  0
LINE
  8
Gravur
 62
   255
 39
0.200
  6
CONTINUOUS
 10
280.70800
 20
161.98900
 30
 0
 11
280.61800
 21
161.94600
  0
LINE
  8
Gravur
 62
   255
 39
0.200
  6
CONTINUOUS
 10
280.61800
 20
161.94600
 30
 0
 11
280.52300
 21
161.91900
  0
LINE
  8
Gravur
 62
   255
 39
0.200
  6
CONTINUOUS
 10
280.52300
 20
161.91900
 30
 0
 11
280.42600
 21
161.90700
  0
LINE
  8
Gravur
 62
   255
 39
0.200
  6
CONTINUOUS
 10
280.42600
 20
161.90700
 30
 0
 11
280.42600
 21
161.90600
  0
LINE
  8
Gravur
 62
   255
 39
0.200
  6
CONTINUOUS
 10
280.42600
 20
161.90600
 30
 0
 11
279.44600
 21
161.90600
  0
LINE
  8
Gravur
 62
   255
 39
0.200
  6
CONTINUOUS
 10
281.76300
 20
161.41100
 30
 0
 11
281.77300
 21
161.25400
  0
LINE
  8
Gravur
 62
   255
 39
0.200
  6
CONTINUOUS
 10
281.77300
 20
161.25400
 30
 0
 11
281.80500
 21
161.10000
  0
LINE
  8
Gravur
 62
   255
 39
0.200
  6
CONTINUOUS
 10
281.80500
 20
161.10000
 30
 0
 11
281.85700
 21
160.95300
  0
LINE
  8
Gravur
 62
   255
 39
0.200
  6
CONTINUOUS
 10
281.85700
 20
160.95300
 30
 0
 11
281.92700
 21
160.81600
  0
LINE
  8
Gravur
 62
   255
 39
0.200
  6
CONTINUOUS
 10
281.92700
 20
160.81600
 30
 0
 11
282.01600
 21
160.69300
  0
LINE
  8
Gravur
 62
   255
 39
0.200
  6
CONTINUOUS
 10
282.01600
 20
160.69300
 30
 0
 11
282.12100
 21
160.58500
  0
LINE
  8
Gravur
 62
   255
 39
0.200
  6
CONTINUOUS
 10
282.12100
 20
160.58500
 30
 0
 11
282.23800
 21
160.49600
  0
LINE
  8
Gravur
 62
   255
 39
0.200
  6
CONTINUOUS
 10
282.23800
 20
160.49600
 30
 0
 11
282.36600
 21
160.42800
  0
LINE
  8
Gravur
 62
   255
 39
0.200
  6
CONTINUOUS
 10
282.36600
 20
160.42800
 30
 0
 11
282.50200
 21
160.38100
  0
LINE
  8
Gravur
 62
   255
 39
0.200
  6
CONTINUOUS
 10
282.50200
 20
160.38100
 30
 0
 11
282.64200
 21
160.35800
  0
LINE
  8
Gravur
 62
   255
 39
0.200
  6
CONTINUOUS
 10
282.64200
 20
160.35800
 30
 0
 11
282.78400
 21
160.35800
  0
LINE
  8
Gravur
 62
   255
 39
0.200
  6
CONTINUOUS
 10
282.78400
 20
160.35800
 30
 0
 11
282.92500
 21
160.38100
  0
LINE
  8
Gravur
 62
   255
 39
0.200
  6
CONTINUOUS
 10
282.92500
 20
160.38100
 30
 0
 11
283.06000
 21
160.42800
  0
LINE
  8
Gravur
 62
   255
 39
0.200
  6
CONTINUOUS
 10
283.06000
 20
160.42800
 30
 0
 11
283.18800
 21
160.49600
  0
LINE
  8
Gravur
 62
   255
 39
0.200
  6
CONTINUOUS
 10
283.18800
 20
160.49600
 30
 0
 11
283.30500
 21
160.58500
  0
LINE
  8
Gravur
 62
   255
 39
0.200
  6
CONTINUOUS
 10
283.30500
 20
160.58500
 30
 0
 11
283.41000
 21
160.69300
  0
LINE
  8
Gravur
 62
   255
 39
0.200
  6
CONTINUOUS
 10
283.41000
 20
160.69300
 30
 0
 11
283.49900
 21
160.81600
  0
LINE
  8
Gravur
 62
   255
 39
0.200
  6
CONTINUOUS
 10
283.49900
 20
160.81600
 30
 0
 11
283.56900
 21
160.95300
  0
LINE
  8
Gravur
 62
   255
 39
0.200
  6
CONTINUOUS
 10
283.56900
 20
160.95300
 30
 0
 11
283.62100
 21
161.10000
  0
LINE
  8
Gravur
 62
   255
 39
0.200
  6
CONTINUOUS
 10
283.62100
 20
161.10000
 30
 0
 11
283.65300
 21
161.25400
  0
LINE
  8
Gravur
 62
   255
 39
0.200
  6
CONTINUOUS
 10
283.65300
 20
161.25400
 30
 0
 11
283.66300
 21
161.41100
  0
LINE
  8
Gravur
 62
   255
 39
0.200
  6
CONTINUOUS
 10
283.66300
 20
161.41100
 30
 0
 11
283.66300
 21
162.40100
  0
LINE
  8
Gravur
 62
   255
 39
0.200
  6
CONTINUOUS
 10
283.66300
 20
162.40100
 30
 0
 11
283.65300
 21
162.55800
  0
LINE
  8
Gravur
 62
   255
 39
0.200
  6
CONTINUOUS
 10
283.65300
 20
162.55800
 30
 0
 11
283.62100
 21
162.71200
  0
LINE
  8
Gravur
 62
   255
 39
0.200
  6
CONTINUOUS
 10
283.62100
 20
162.71200
 30
 0
 11
283.56900
 21
162.85900
  0
LINE
  8
Gravur
 62
   255
 39
0.200
  6
CONTINUOUS
 10
283.56900
 20
162.85900
 30
 0
 11
283.49900
 21
162.99600
  0
LINE
  8
Gravur
 62
   255
 39
0.200
  6
CONTINUOUS
 10
283.49900
 20
162.99600
 30
 0
 11
283.41000
 21
163.11900
  0
LINE
  8
Gravur
 62
   255
 39
0.200
  6
CONTINUOUS
 10
283.41000
 20
163.11900
 30
 0
 11
283.30500
 21
163.22700
  0
LINE
  8
Gravur
 62
   255
 39
0.200
  6
CONTINUOUS
 10
283.30500
 20
163.22700
 30
 0
 11
283.18800
 21
163.31600
  0
LINE
  8
Gravur
 62
   255
 39
0.200
  6
CONTINUOUS
 10
283.18800
 20
163.31600
 30
 0
 11
283.06000
 21
163.38400
  0
LINE
  8
Gravur
 62
   255
 39
0.200
  6
CONTINUOUS
 10
283.06000
 20
163.38400
 30
 0
 11
282.92500
 21
163.43100
  0
LINE
  8
Gravur
 62
   255
 39
0.200
  6
CONTINUOUS
 10
282.92500
 20
163.43100
 30
 0
 11
282.78400
 21
163.45400
  0
LINE
  8
Gravur
 62
   255
 39
0.200
  6
CONTINUOUS
 10
282.78400
 20
163.45400
 30
 0
 11
282.64200
 21
163.45400
  0
LINE
  8
Gravur
 62
   255
 39
0.200
  6
CONTINUOUS
 10
282.64200
 20
163.45400
 30
 0
 11
282.50200
 21
163.43100
  0
LINE
  8
Gravur
 62
   255
 39
0.200
  6
CONTINUOUS
 10
282.50200
 20
163.43100
 30
 0
 11
282.36600
 21
163.38400
  0
LINE
  8
Gravur
 62
   255
 39
0.200
  6
CONTINUOUS
 10
282.36600
 20
163.38400
 30
 0
 11
282.23800
 21
163.31600
  0
LINE
  8
Gravur
 62
   255
 39
0.200
  6
CONTINUOUS
 10
282.23800
 20
163.31600
 30
 0
 11
282.12100
 21
163.22700
  0
LINE
  8
Gravur
 62
   255
 39
0.200
  6
CONTINUOUS
 10
282.12100
 20
163.22700
 30
 0
 11
282.01600
 21
163.11900
  0
LINE
  8
Gravur
 62
   255
 39
0.200
  6
CONTINUOUS
 10
282.01600
 20
163.11900
 30
 0
 11
281.92700
 21
162.99600
  0
LINE
  8
Gravur
 62
   255
 39
0.200
  6
CONTINUOUS
 10
281.92700
 20
162.99600
 30
 0
 11
281.85700
 21
162.85900
  0
LINE
  8
Gravur
 62
   255
 39
0.200
  6
CONTINUOUS
 10
281.85700
 20
162.85900
 30
 0
 11
281.80500
 21
162.71200
  0
LINE
  8
Gravur
 62
   255
 39
0.200
  6
CONTINUOUS
 10
281.80500
 20
162.71200
 30
 0
 11
281.77300
 21
162.55800
  0
LINE
  8
Gravur
 62
   255
 39
0.200
  6
CONTINUOUS
 10
281.77300
 20
162.55800
 30
 0
 11
281.76300
 21
162.40100
  0
LINE
  8
Gravur
 62
   255
 39
0.200
  6
CONTINUOUS
 10
281.76300
 20
162.40100
 30
 0
 11
281.76300
 21
161.41100
  0
LINE
  8
Gravur
 62
   255
 39
0.200
  6
CONTINUOUS
 10
284.37600
 20
163.39100
 30
 0
 11
285.11900
 21
160.42100
  0
LINE
  8
Gravur
 62
   255
 39
0.200
  6
CONTINUOUS
 10
285.11900
 20
160.42100
 30
 0
 11
285.86100
 21
163.39100
  0
LINE
  8
Gravur
 62
   255
 39
0.200
  6
CONTINUOUS
 10
285.86100
 20
163.39100
 30
 0
 11
286.60400
 21
160.42100
  0
LINE
  8
Gravur
 62
   255
 39
0.200
  6
CONTINUOUS
 10
286.60400
 20
160.42100
 30
 0
 11
287.34600
 21
163.39100
  0
LINE
  8
Gravur
 62
   255
 39
0.200
  6
CONTINUOUS
 10
288.05900
 20
161.90600
 30
 0
 11
289.54400
 21
161.90600
  0
LINE
  8
Gravur
 62
   255
 39
0.200
  6
CONTINUOUS
 10
289.84100
 20
163.39100
 30
 0
 11
288.05900
 21
163.39100
  0
LINE
  8
Gravur
 62
   255
 39
0.200
  6
CONTINUOUS
 10
288.05900
 20
163.39100
 30
 0
 11
288.05900
 21
160.42100
  0
LINE
  8
Gravur
 62
   255
 39
0.200
  6
CONTINUOUS
 10
288.05900
 20
160.42100
 30
 0
 11
289.84100
 21
160.42100
  0
LINE
  8
Gravur
 62
   255
 39
0.200
  6
CONTINUOUS
 10
290.55400
 20
160.42100
 30
 0
 11
290.55400
 21
163.39100
  0
LINE
  8
Gravur
 62
   255
 39
0.200
  6
CONTINUOUS
 10
290.55400
 20
163.39100
 30
 0
 11
291.53400
 21
163.39100
  0
LINE
  8
Gravur
 62
   255
 39
0.200
  6
CONTINUOUS
 10
291.53400
 20
163.39100
 30
 0
 11
291.63100
 21
163.37900
  0
LINE
  8
Gravur
 62
   255
 39
0.200
  6
CONTINUOUS
 10
291.63100
 20
163.37900
 30
 0
 11
291.72600
 21
163.35200
  0
LINE
  8
Gravur
 62
   255
 39
0.200
  6
CONTINUOUS
 10
291.72600
 20
163.35200
 30
 0
 11
291.81500
 21
163.30900
  0
LINE
  8
Gravur
 62
   255
 39
0.200
  6
CONTINUOUS
 10
291.81500
 20
163.30900
 30
 0
 11
291.89800
 21
163.25300
  0
LINE
  8
Gravur
 62
   255
 39
0.200
  6
CONTINUOUS
 10
291.89800
 20
163.25300
 30
 0
 11
291.97300
 21
163.18400
  0
LINE
  8
Gravur
 62
   255
 39
0.200
  6
CONTINUOUS
 10
291.97300
 20
163.18400
 30
 0
 11
292.03900
 21
163.10300
  0
LINE
  8
Gravur
 62
   255
 39
0.200
  6
CONTINUOUS
 10
292.03900
 20
163.10300
 30
 0
 11
292.09200
 21
163.01300
  0
LINE
  8
Gravur
 62
   255
 39
0.200
  6
CONTINUOUS
 10
292.09200
 20
163.01300
 30
 0
 11
292.13300
 21
162.91400
  0
LINE
  8
Gravur
 62
   255
 39
0.200
  6
CONTINUOUS
 10
292.13300
 20
162.91400
 30
 0
 11
292.16200
 21
162.81100
  0
LINE
  8
Gravur
 62
   255
 39
0.200
  6
CONTINUOUS
 10
292.16200
 20
162.81100
 30
 0
 11
292.17600
 21
162.70300
  0
LINE
  8
Gravur
 62
   255
 39
0.200
  6
CONTINUOUS
 10
292.17600
 20
162.70300
 30
 0
 11
292.17700
 21
162.59500
  0
LINE
  8
Gravur
 62
   255
 39
0.200
  6
CONTINUOUS
 10
292.17700
 20
162.59500
 30
 0
 11
292.16200
 21
162.48800
  0
LINE
  8
Gravur
 62
   255
 39
0.200
  6
CONTINUOUS
 10
292.16200
 20
162.48800
 30
 0
 11
292.13400
 21
162.38400
  0
LINE
  8
Gravur
 62
   255
 39
0.200
  6
CONTINUOUS
 10
292.13400
 20
162.38400
 30
 0
 11
292.09300
 21
162.28600
  0
LINE
  8
Gravur
 62
   255
 39
0.200
  6
CONTINUOUS
 10
292.09300
 20
162.28600
 30
 0
 11
292.03900
 21
162.19500
  0
LINE
  8
Gravur
 62
   255
 39
0.200
  6
CONTINUOUS
 10
292.03900
 20
162.19500
 30
 0
 11
291.97400
 21
162.11500
  0
LINE
  8
Gravur
 62
   255
 39
0.200
  6
CONTINUOUS
 10
291.97400
 20
162.11500
 30
 0
 11
291.89800
 21
162.04500
  0
LINE
  8
Gravur
 62
   255
 39
0.200
  6
CONTINUOUS
 10
291.89800
 20
162.04500
 30
 0
 11
291.81600
 21
161.98900
  0
LINE
  8
Gravur
 62
   255
 39
0.200
  6
CONTINUOUS
 10
291.81600
 20
161.98900
 30
 0
 11
291.72600
 21
161.94600
  0
LINE
  8
Gravur
 62
   255
 39
0.200
  6
CONTINUOUS
 10
291.72600
 20
161.94600
 30
 0
 11
291.63100
 21
161.91900
  0
LINE
  8
Gravur
 62
   255
 39
0.200
  6
CONTINUOUS
 10
291.63100
 20
161.91900
 30
 0
 11
291.53400
 21
161.90700
  0
LINE
  8
Gravur
 62
   255
 39
0.200
  6
CONTINUOUS
 10
291.53400
 20
161.90700
 30
 0
 11
291.53400
 21
161.90600
  0
LINE
  8
Gravur
 62
   255
 39
0.200
  6
CONTINUOUS
 10
291.53400
 20
161.90600
 30
 0
 11
290.55400
 21
161.90600
  0
LINE
  8
Gravur
 62
   255
 39
0.200
  6
CONTINUOUS
 10
290.55400
 20
161.90600
 30
 0
 11
291.59300
 21
161.90600
  0
LINE
  8
Gravur
 62
   255
 39
0.200
  6
CONTINUOUS
 10
291.59300
 20
161.90600
 30
 0
 11
292.18700
 21
160.42100
  0
LINE
  8
Gravur
 62
   255
 39
0.400
  6
CONTINUOUS
 10
23.75900
 20
147.61300
 30
 0
 11
26.25900
 21
147.61300
  0
LINE
  8
Gravur
 62
   255
 39
0.400
  6
CONTINUOUS
 10
25.00900
 20
148.86300
 30
 0
 11
25.00900
 21
146.36300
  0
LINE
  8
Gravur
 62
   255
 39
0.400
  6
CONTINUOUS
 10
19.25900
 20
137.65300
 30
 0
 11
22.25800
 21
142.84900
  0
LINE
  8
Gravur
 62
   255
 39
0.400
  6
CONTINUOUS
 10
22.25800
 20
142.84900
 30
 0
 11
22.25900
 21
142.84900
  0
LINE
  8
Gravur
 62
   255
 39
0.400
  6
CONTINUOUS
 10
30.75900
 20
137.65300
 30
 0
 11
27.75900
 21
142.84900
  0
LINE
  8
Gravur
 62
   255
 39
0.400
  6
CONTINUOUS
 10
27.75900
 20
142.84900
 30
 0
 11
27.75900
 21
142.84900
  0
LINE
  8
Gravur
 62
   255
 39
0.400
  6
CONTINUOUS
 10
29.77200
 20
144.86200
 30
 0
 11
29.77200
 21
144.86200
  0
LINE
  8
Gravur
 62
   255
 39
0.400
  6
CONTINUOUS
 10
29.77200
 20
144.86200
 30
 0
 11
34.96800
 21
141.86200
  0
LINE
  8
Gravur
 62
   255
 39
0.400
  6
CONTINUOUS
 10
36.50900
 20
147.61300
 30
 0
 11
30.50900
 21
147.61300
  0
LINE
  8
Gravur
 62
   255
 39
0.400
  6
CONTINUOUS
 10
30.50900
 20
147.61300
 30
 0
 11
30.50900
 21
147.61300
  0
LINE
  8
Gravur
 62
   255
 39
0.400
  6
CONTINUOUS
 10
29.77200
 20
150.36300
 30
 0
 11
29.77200
 21
150.36300
  0
LINE
  8
Gravur
 62
   255
 39
0.400
  6
CONTINUOUS
 10
29.77200
 20
150.36300
 30
 0
 11
34.96800
 21
153.36300
  0
LINE
  8
Gravur
 62
   255
 39
0.400
  6
CONTINUOUS
 10
30.75800
 20
157.57200
 30
 0
 11
27.75900
 21
152.37600
  0
LINE
  8
Gravur
 62
   255
 39
0.400
  6
CONTINUOUS
 10
27.75900
 20
152.37600
 30
 0
 11
27.75800
 21
152.37600
  0
LINE
  8
Gravur
 62
   255
 39
0.400
  6
CONTINUOUS
 10
25.00900
 20
153.11300
 30
 0
 11
25.00900
 21
153.11300
  0
LINE
  8
Gravur
 62
   255
 39
0.400
  6
CONTINUOUS
 10
25.00900
 20
153.11300
 30
 0
 11
25.00900
 21
159.11300
  0
LINE
  8
Gravur
 62
   255
 39
0.400
  6
CONTINUOUS
 10
19.25900
 20
157.57200
 30
 0
 11
22.25900
 21
152.37600
  0
LINE
  8
Gravur
 62
   255
 39
0.400
  6
CONTINUOUS
 10
22.25900
 20
152.37600
 30
 0
 11
22.25900
 21
152.37600
  0
LINE
  8
Gravur
 62
   255
 39
0.400
  6
CONTINUOUS
 10
20.24500
 20
150.36200
 30
 0
 11
20.24500
 21
150.36300
  0
LINE
  8
Gravur
 62
   255
 39
0.400
  6
CONTINUOUS
 10
20.24500
 20
150.36300
 30
 0
 11
15.04900
 21
153.36200
  0
LINE
  8
Gravur
 62
   255
 39
0.400
  6
CONTINUOUS
 10
13.50900
 20
147.61300
 30
 0
 11
19.50900
 21
147.61300
  0
LINE
  8
Gravur
 62
   255
 39
0.400
  6
CONTINUOUS
 10
19.50900
 20
147.61300
 30
 0
 11
19.50900
 21
147.61300
  0
LINE
  8
Gravur
 62
   255
 39
0.400
  6
CONTINUOUS
 10
20.24500
 20
144.86300
 30
 0
 11
20.24500
 21
144.86300
  0
LINE
  8
Gravur
 62
   255
 39
0.400
  6
CONTINUOUS
 10
20.24500
 20
144.86300
 30
 0
 11
15.04900
 21
141.86300
  0
LINE
  8
Gravur
 62
   255
 39
0.200
  6
CONTINUOUS
 10
12.87700
 20
155.00700
 30
 0
 11
12.88600
 21
155.07800
  0
LINE
  8
Gravur
 62
   255
 39
0.200
  6
CONTINUOUS
 10
12.88600
 20
155.07800
 30
 0
 11
12.90500
 21
155.14700
  0
LINE
  8
Gravur
 62
   255
 39
0.200
  6
CONTINUOUS
 10
12.90500
 20
155.14700
 30
 0
 11
12.93200
 21
155.21200
  0
LINE
  8
Gravur
 62
   255
 39
0.200
  6
CONTINUOUS
 10
12.93200
 20
155.21200
 30
 0
 11
12.96700
 21
155.27200
  0
LINE
  8
Gravur
 62
   255
 39
0.200
  6
CONTINUOUS
 10
12.96700
 20
155.27200
 30
 0
 11
13.01000
 21
155.32500
  0
LINE
  8
Gravur
 62
   255
 39
0.200
  6
CONTINUOUS
 10
13.01000
 20
155.32500
 30
 0
 11
13.05900
 21
155.37100
  0
LINE
  8
Gravur
 62
   255
 39
0.200
  6
CONTINUOUS
 10
13.05900
 20
155.37100
 30
 0
 11
13.11400
 21
155.40900
  0
LINE
  8
Gravur
 62
   255
 39
0.200
  6
CONTINUOUS
 10
13.11400
 20
155.40900
 30
 0
 11
13.17400
 21
155.43700
  0
LINE
  8
Gravur
 62
   255
 39
0.200
  6
CONTINUOUS
 10
13.17400
 20
155.43700
 30
 0
 11
13.23600
 21
155.45600
  0
LINE
  8
Gravur
 62
   255
 39
0.200
  6
CONTINUOUS
 10
13.23600
 20
155.45600
 30
 0
 11
13.30000
 21
155.46400
  0
LINE
  8
Gravur
 62
   255
 39
0.200
  6
CONTINUOUS
 10
13.30000
 20
155.46400
 30
 0
 11
13.36400
 21
155.46200
  0
LINE
  8
Gravur
 62
   255
 39
0.200
  6
CONTINUOUS
 10
13.36400
 20
155.46200
 30
 0
 11
13.42800
 21
155.44900
  0
LINE
  8
Gravur
 62
   255
 39
0.200
  6
CONTINUOUS
 10
13.42800
 20
155.44900
 30
 0
 11
13.43500
 21
155.44700
  0
LINE
  8
Gravur
 62
   255
 39
0.200
  6
CONTINUOUS
 10
13.43500
 20
155.44700
 30
 0
 11
13.50200
 21
155.42100
  0
LINE
  8
Gravur
 62
   255
 39
0.200
  6
CONTINUOUS
 10
13.50200
 20
155.42100
 30
 0
 11
13.56500
 21
155.38300
  0
LINE
  8
Gravur
 62
   255
 39
0.200
  6
CONTINUOUS
 10
13.56500
 20
155.38300
 30
 0
 11
13.62300
 21
155.33600
  0
LINE
  8
Gravur
 62
   255
 39
0.200
  6
CONTINUOUS
 10
13.62300
 20
155.33600
 30
 0
 11
13.67300
 21
155.28000
  0
LINE
  8
Gravur
 62
   255
 39
0.200
  6
CONTINUOUS
 10
13.67300
 20
155.28000
 30
 0
 11
13.71600
 21
155.21600
  0
LINE
  8
Gravur
 62
   255
 39
0.200
  6
CONTINUOUS
 10
13.71600
 20
155.21600
 30
 0
 11
13.74900
 21
155.14500
  0
LINE
  8
Gravur
 62
   255
 39
0.200
  6
CONTINUOUS
 10
13.74900
 20
155.14500
 30
 0
 11
13.77200
 21
155.07000
  0
LINE
  8
Gravur
 62
   255
 39
0.200
  6
CONTINUOUS
 10
13.77200
 20
155.07000
 30
 0
 11
13.78500
 21
154.99200
  0
LINE
  8
Gravur
 62
   255
 39
0.200
  6
CONTINUOUS
 10
13.78500
 20
154.99200
 30
 0
 11
13.78800
 21
154.91300
  0
LINE
  8
Gravur
 62
   255
 39
0.200
  6
CONTINUOUS
 10
13.78800
 20
154.91300
 30
 0
 11
13.77900
 21
154.83400
  0
LINE
  8
Gravur
 62
   255
 39
0.200
  6
CONTINUOUS
 10
13.77900
 20
154.83400
 30
 0
 11
13.76100
 21
154.75700
  0
LINE
  8
Gravur
 62
   255
 39
0.200
  6
CONTINUOUS
 10
13.76100
 20
154.75700
 30
 0
 11
13.73200
 21
154.68400
  0
LINE
  8
Gravur
 62
   255
 39
0.200
  6
CONTINUOUS
 10
13.73200
 20
154.68400
 30
 0
 11
13.69400
 21
154.61700
  0
LINE
  8
Gravur
 62
   255
 39
0.200
  6
CONTINUOUS
 10
13.69400
 20
154.61700
 30
 0
 11
13.64700
 21
154.55700
  0
LINE
  8
Gravur
 62
   255
 39
0.200
  6
CONTINUOUS
 10
13.64700
 20
154.55700
 30
 0
 11
13.59200
 21
154.50600
  0
LINE
  8
Gravur
 62
   255
 39
0.200
  6
CONTINUOUS
 10
13.59200
 20
154.50600
 30
 0
 11
13.53200
 21
154.46300
  0
LINE
  8
Gravur
 62
   255
 39
0.200
  6
CONTINUOUS
 10
13.53200
 20
154.46300
 30
 0
 11
13.46600
 21
154.43200
  0
LINE
  8
Gravur
 62
   255
 39
0.200
  6
CONTINUOUS
 10
13.46600
 20
154.43200
 30
 0
 11
13.39700
 21
154.41200
  0
LINE
  8
Gravur
 62
   255
 39
0.200
  6
CONTINUOUS
 10
13.39700
 20
154.41200
 30
 0
 11
13.32600
 21
154.40300
  0
LINE
  8
Gravur
 62
   255
 39
0.200
  6
CONTINUOUS
 10
13.32600
 20
154.40300
 30
 0
 11
13.25500
 21
154.40600
  0
LINE
  8
Gravur
 62
   255
 39
0.200
  6
CONTINUOUS
 10
13.25500
 20
154.40600
 30
 0
 11
13.25500
 21
154.40700
  0
LINE
  8
Gravur
 62
   255
 39
0.200
  6
CONTINUOUS
 10
13.25500
 20
154.40700
 30
 0
 11
13.34300
 21
154.41200
  0
LINE
  8
Gravur
 62
   255
 39
0.200
  6
CONTINUOUS
 10
13.34300
 20
154.41200
 30
 0
 11
13.43000
 21
154.40200
  0
LINE
  8
Gravur
 62
   255
 39
0.200
  6
CONTINUOUS
 10
13.43000
 20
154.40200
 30
 0
 11
13.51600
 21
154.37800
  0
LINE
  8
Gravur
 62
   255
 39
0.200
  6
CONTINUOUS
 10
13.51600
 20
154.37800
 30
 0
 11
13.59800
 21
154.34000
  0
LINE
  8
Gravur
 62
   255
 39
0.200
  6
CONTINUOUS
 10
13.59800
 20
154.34000
 30
 0
 11
13.67200
 21
154.28800
  0
LINE
  8
Gravur
 62
   255
 39
0.200
  6
CONTINUOUS
 10
13.67200
 20
154.28800
 30
 0
 11
13.74000
 21
154.22500
  0
LINE
  8
Gravur
 62
   255
 39
0.200
  6
CONTINUOUS
 10
13.74000
 20
154.22500
 30
 0
 11
13.79800
 21
154.15200
  0
LINE
  8
Gravur
 62
   255
 39
0.200
  6
CONTINUOUS
 10
13.79800
 20
154.15200
 30
 0
 11
13.84600
 21
154.06900
  0
LINE
  8
Gravur
 62
   255
 39
0.200
  6
CONTINUOUS
 10
13.84600
 20
154.06900
 30
 0
 11
13.88200
 21
153.98000
  0
LINE
  8
Gravur
 62
   255
 39
0.200
  6
CONTINUOUS
 10
13.88200
 20
153.98000
 30
 0
 11
13.90500
 21
153.88500
  0
LINE
  8
Gravur
 62
   255
 39
0.200
  6
CONTINUOUS
 10
13.90500
 20
153.88500
 30
 0
 11
13.91600
 21
153.78800
  0
LINE
  8
Gravur
 62
   255
 39
0.200
  6
CONTINUOUS
 10
13.91600
 20
153.78800
 30
 0
 11
13.91400
 21
153.69000
  0
LINE
  8
Gravur
 62
   255
 39
0.200
  6
CONTINUOUS
 10
13.91400
 20
153.69000
 30
 0
 11
13.89800
 21
153.59400
  0
LINE
  8
Gravur
 62
   255
 39
0.200
  6
CONTINUOUS
 10
13.89800
 20
153.59400
 30
 0
 11
13.87000
 21
153.50100
  0
LINE
  8
Gravur
 62
   255
 39
0.200
  6
CONTINUOUS
 10
13.87000
 20
153.50100
 30
 0
 11
13.83000
 21
153.41400
  0
LINE
  8
Gravur
 62
   255
 39
0.200
  6
CONTINUOUS
 10
13.83000
 20
153.41400
 30
 0
 11
13.77800
 21
153.33400
  0
LINE
  8
Gravur
 62
   255
 39
0.200
  6
CONTINUOUS
 10
13.77800
 20
153.33400
 30
 0
 11
13.71600
 21
153.26400
  0
LINE
  8
Gravur
 62
   255
 39
0.200
  6
CONTINUOUS
 10
13.71600
 20
153.26400
 30
 0
 11
13.64600
 21
153.20600
  0
LINE
  8
Gravur
 62
   255
 39
0.200
  6
CONTINUOUS
 10
13.64600
 20
153.20600
 30
 0
 11
13.56800
 21
153.15900
  0
LINE
  8
Gravur
 62
   255
 39
0.200
  6
CONTINUOUS
 10
13.56800
 20
153.15900
 30
 0
 11
13.48900
 21
153.12700
  0
LINE
  8
Gravur
 62
   255
 39
0.200
  6
CONTINUOUS
 10
13.48900
 20
153.12700
 30
 0
 11
13.41500
 21
153.10900
  0
LINE
  8
Gravur
 62
   255
 39
0.200
  6
CONTINUOUS
 10
13.41500
 20
153.10900
 30
 0
 11
13.33900
 21
153.10300
  0
LINE
  8
Gravur
 62
   255
 39
0.200
  6
CONTINUOUS
 10
13.33900
 20
153.10300
 30
 0
 11
13.26400
 21
153.10900
  0
LINE
  8
Gravur
 62
   255
 39
0.200
  6
CONTINUOUS
 10
13.26400
 20
153.10900
 30
 0
 11
13.19000
 21
153.12800
  0
LINE
  8
Gravur
 62
   255
 39
0.200
  6
CONTINUOUS
 10
13.19000
 20
153.12800
 30
 0
 11
13.11900
 21
153.15800
  0
LINE
  8
Gravur
 62
   255
 39
0.200
  6
CONTINUOUS
 10
13.11900
 20
153.15800
 30
 0
 11
13.05300
 21
153.19900
  0
LINE
  8
Gravur
 62
   255
 39
0.200
  6
CONTINUOUS
 10
13.05300
 20
153.19900
 30
 0
 11
12.99300
 21
153.25000
  0
LINE
  8
Gravur
 62
   255
 39
0.200
  6
CONTINUOUS
 10
12.99300
 20
153.25000
 30
 0
 11
12.94100
 21
153.31100
  0
LINE
  8
Gravur
 62
   255
 39
0.200
  6
CONTINUOUS
 10
12.94100
 20
153.31100
 30
 0
 11
12.89600
 21
153.37900
  0
LINE
  8
Gravur
 62
   255
 39
0.200
  6
CONTINUOUS
 10
12.89600
 20
153.37900
 30
 0
 11
12.86100
 21
153.45400
  0
LINE
  8
Gravur
 62
   255
 39
0.200
  6
CONTINUOUS
 10
12.86100
 20
153.45400
 30
 0
 11
12.83700
 21
153.53400
  0
LINE
  8
Gravur
 62
   255
 39
0.200
  6
CONTINUOUS
 10
12.83700
 20
153.53400
 30
 0
 11
12.82400
 21
153.61600
  0
LINE
  8
Gravur
 62
   255
 39
0.200
  6
CONTINUOUS
 10
12.82400
 20
153.61600
 30
 0
 11
12.82300
 21
153.62700
  0
LINE
  8
Gravur
 62
   255
 39
0.200
  6
CONTINUOUS
 10
19.36100
 20
163.36500
 30
 0
 11
19.96900
 21
160.36500
  0
LINE
  8
Gravur
 62
   255
 39
0.200
  6
CONTINUOUS
 10
19.96900
 20
160.36500
 30
 0
 11
20.57600
 21
163.36500
  0
LINE
  8
Gravur
 62
   255
 39
0.200
  6
CONTINUOUS
 10
21.34100
 20
161.04000
 30
 0
 11
21.34900
 21
160.93900
  0
LINE
  8
Gravur
 62
   255
 39
0.200
  6
CONTINUOUS
 10
21.34900
 20
160.93900
 30
 0
 11
21.36800
 21
160.84100
  0
LINE
  8
Gravur
 62
   255
 39
0.200
  6
CONTINUOUS
 10
21.36800
 20
160.84100
 30
 0
 11
21.40200
 21
160.74700
  0
LINE
  8
Gravur
 62
   255
 39
0.200
  6
CONTINUOUS
 10
21.40200
 20
160.74700
 30
 0
 11
21.44700
 21
160.66000
  0
LINE
  8
Gravur
 62
   255
 39
0.200
  6
CONTINUOUS
 10
21.44700
 20
160.66000
 30
 0
 11
21.50300
 21
160.58100
  0
LINE
  8
Gravur
 62
   255
 39
0.200
  6
CONTINUOUS
 10
21.50300
 20
160.58100
 30
 0
 11
21.57000
 21
160.51200
  0
LINE
  8
Gravur
 62
   255
 39
0.200
  6
CONTINUOUS
 10
21.57000
 20
160.51200
 30
 0
 11
21.64600
 21
160.45500
  0
LINE
  8
Gravur
 62
   255
 39
0.200
  6
CONTINUOUS
 10
21.64600
 20
160.45500
 30
 0
 11
21.72700
 21
160.41200
  0
LINE
  8
Gravur
 62
   255
 39
0.200
  6
CONTINUOUS
 10
21.72700
 20
160.41200
 30
 0
 11
21.81400
 21
160.38200
  0
LINE
  8
Gravur
 62
   255
 39
0.200
  6
CONTINUOUS
 10
21.81400
 20
160.38200
 30
 0
 11
21.90400
 21
160.36700
  0
LINE
  8
Gravur
 62
   255
 39
0.200
  6
CONTINUOUS
 10
21.90400
 20
160.36700
 30
 0
 11
21.99400
 21
160.36700
  0
LINE
  8
Gravur
 62
   255
 39
0.200
  6
CONTINUOUS
 10
21.99400
 20
160.36700
 30
 0
 11
22.08400
 21
160.38200
  0
LINE
  8
Gravur
 62
   255
 39
0.200
  6
CONTINUOUS
 10
22.08400
 20
160.38200
 30
 0
 11
22.17100
 21
160.41200
  0
LINE
  8
Gravur
 62
   255
 39
0.200
  6
CONTINUOUS
 10
22.17100
 20
160.41200
 30
 0
 11
22.25200
 21
160.45500
  0
LINE
  8
Gravur
 62
   255
 39
0.200
  6
CONTINUOUS
 10
22.25200
 20
160.45500
 30
 0
 11
22.32800
 21
160.51200
  0
LINE
  8
Gravur
 62
   255
 39
0.200
  6
CONTINUOUS
 10
22.32800
 20
160.51200
 30
 0
 11
22.39400
 21
160.58100
  0
LINE
  8
Gravur
 62
   255
 39
0.200
  6
CONTINUOUS
 10
22.39400
 20
160.58100
 30
 0
 11
22.45100
 21
160.66000
  0
LINE
  8
Gravur
 62
   255
 39
0.200
  6
CONTINUOUS
 10
22.45100
 20
160.66000
 30
 0
 11
22.49600
 21
160.74700
  0
LINE
  8
Gravur
 62
   255
 39
0.200
  6
CONTINUOUS
 10
22.49600
 20
160.74700
 30
 0
 11
22.52900
 21
160.84100
  0
LINE
  8
Gravur
 62
   255
 39
0.200
  6
CONTINUOUS
 10
22.52900
 20
160.84100
 30
 0
 11
22.54900
 21
160.93900
  0
LINE
  8
Gravur
 62
   255
 39
0.200
  6
CONTINUOUS
 10
22.54900
 20
160.93900
 30
 0
 11
22.55600
 21
161.04000
  0
LINE
  8
Gravur
 62
   255
 39
0.200
  6
CONTINUOUS
 10
22.55600
 20
161.04000
 30
 0
 11
22.55600
 21
162.69000
  0
LINE
  8
Gravur
 62
   255
 39
0.200
  6
CONTINUOUS
 10
22.55600
 20
162.69000
 30
 0
 11
22.54900
 21
162.79100
  0
LINE
  8
Gravur
 62
   255
 39
0.200
  6
CONTINUOUS
 10
22.54900
 20
162.79100
 30
 0
 11
22.52900
 21
162.88900
  0
LINE
  8
Gravur
 62
   255
 39
0.200
  6
CONTINUOUS
 10
22.52900
 20
162.88900
 30
 0
 11
22.49600
 21
162.98300
  0
LINE
  8
Gravur
 62
   255
 39
0.200
  6
CONTINUOUS
 10
22.49600
 20
162.98300
 30
 0
 11
22.45100
 21
163.07000
  0
LINE
  8
Gravur
 62
   255
 39
0.200
  6
CONTINUOUS
 10
22.45100
 20
163.07000
 30
 0
 11
22.39400
 21
163.14900
  0
LINE
  8
Gravur
 62
   255
 39
0.200
  6
CONTINUOUS
 10
22.39400
 20
163.14900
 30
 0
 11
22.32800
 21
163.21800
  0
LINE
  8
Gravur
 62
   255
 39
0.200
  6
CONTINUOUS
 10
22.32800
 20
163.21800
 30
 0
 11
22.25200
 21
163.27500
  0
LINE
  8
Gravur
 62
   255
 39
0.200
  6
CONTINUOUS
 10
22.25200
 20
163.27500
 30
 0
 11
22.17100
 21
163.31800
  0
LINE
  8
Gravur
 62
   255
 39
0.200
  6
CONTINUOUS
 10
22.17100
 20
163.31800
 30
 0
 11
22.08400
 21
163.34800
  0
LINE
  8
Gravur
 62
   255
 39
0.200
  6
CONTINUOUS
 10
22.08400
 20
163.34800
 30
 0
 11
21.99400
 21
163.36300
  0
LINE
  8
Gravur
 62
   255
 39
0.200
  6
CONTINUOUS
 10
21.99400
 20
163.36300
 30
 0
 11
21.90400
 21
163.36300
  0
LINE
  8
Gravur
 62
   255
 39
0.200
  6
CONTINUOUS
 10
21.90400
 20
163.36300
 30
 0
 11
21.81400
 21
163.34800
  0
LINE
  8
Gravur
 62
   255
 39
0.200
  6
CONTINUOUS
 10
21.81400
 20
163.34800
 30
 0
 11
21.72700
 21
163.31800
  0
LINE
  8
Gravur
 62
   255
 39
0.200
  6
CONTINUOUS
 10
21.72700
 20
163.31800
 30
 0
 11
21.64600
 21
163.27500
  0
LINE
  8
Gravur
 62
   255
 39
0.200
  6
CONTINUOUS
 10
21.64600
 20
163.27500
 30
 0
 11
21.57000
 21
163.21800
  0
LINE
  8
Gravur
 62
   255
 39
0.200
  6
CONTINUOUS
 10
21.57000
 20
163.21800
 30
 0
 11
21.50300
 21
163.14900
  0
LINE
  8
Gravur
 62
   255
 39
0.200
  6
CONTINUOUS
 10
21.50300
 20
163.14900
 30
 0
 11
21.44700
 21
163.07000
  0
LINE
  8
Gravur
 62
   255
 39
0.200
  6
CONTINUOUS
 10
21.44700
 20
163.07000
 30
 0
 11
21.40200
 21
162.98300
  0
LINE
  8
Gravur
 62
   255
 39
0.200
  6
CONTINUOUS
 10
21.40200
 20
162.98300
 30
 0
 11
21.36800
 21
162.88900
  0
LINE
  8
Gravur
 62
   255
 39
0.200
  6
CONTINUOUS
 10
21.36800
 20
162.88900
 30
 0
 11
21.34900
 21
162.79100
  0
LINE
  8
Gravur
 62
   255
 39
0.200
  6
CONTINUOUS
 10
21.34900
 20
162.79100
 30
 0
 11
21.34100
 21
162.69000
  0
LINE
  8
Gravur
 62
   255
 39
0.200
  6
CONTINUOUS
 10
21.34100
 20
162.69000
 30
 0
 11
21.34100
 21
161.04000
  0
LINE
  8
Gravur
 62
   255
 39
0.200
  6
CONTINUOUS
 10
23.29900
 20
163.36500
 30
 0
 11
23.29900
 21
160.36500
  0
LINE
  8
Gravur
 62
   255
 39
0.200
  6
CONTINUOUS
 10
23.29900
 20
160.36500
 30
 0
 11
24.17600
 21
160.36500
  0
LINE
  8
Gravur
 62
   255
 39
0.200
  6
CONTINUOUS
 10
24.94100
 20
163.36500
 30
 0
 11
24.94100
 21
161.04000
  0
LINE
  8
Gravur
 62
   255
 39
0.200
  6
CONTINUOUS
 10
24.94100
 20
161.04000
 30
 0
 11
24.94900
 21
160.93900
  0
LINE
  8
Gravur
 62
   255
 39
0.200
  6
CONTINUOUS
 10
24.94900
 20
160.93900
 30
 0
 11
24.96800
 21
160.84100
  0
LINE
  8
Gravur
 62
   255
 39
0.200
  6
CONTINUOUS
 10
24.96800
 20
160.84100
 30
 0
 11
25.00200
 21
160.74700
  0
LINE
  8
Gravur
 62
   255
 39
0.200
  6
CONTINUOUS
 10
25.00200
 20
160.74700
 30
 0
 11
25.04700
 21
160.66000
  0
LINE
  8
Gravur
 62
   255
 39
0.200
  6
CONTINUOUS
 10
25.04700
 20
160.66000
 30
 0
 11
25.10400
 21
160.58100
  0
LINE
  8
Gravur
 62
   255
 39
0.200
  6
CONTINUOUS
 10
25.10400
 20
160.58100
 30
 0
 11
25.17000
 21
160.51200
  0
LINE
  8
Gravur
 62
   255
 39
0.200
  6
CONTINUOUS
 10
25.17000
 20
160.51200
 30
 0
 11
25.24600
 21
160.45500
  0
LINE
  8
Gravur
 62
   255
 39
0.200
  6
CONTINUOUS
 10
25.24600
 20
160.45500
 30
 0
 11
25.32700
 21
160.41200
  0
LINE
  8
Gravur
 62
   255
 39
0.200
  6
CONTINUOUS
 10
25.32700
 20
160.41200
 30
 0
 11
25.41400
 21
160.38200
  0
LINE
  8
Gravur
 62
   255
 39
0.200
  6
CONTINUOUS
 10
25.41400
 20
160.38200
 30
 0
 11
25.50400
 21
160.36700
  0
LINE
  8
Gravur
 62
   255
 39
0.200
  6
CONTINUOUS
 10
25.50400
 20
160.36700
 30
 0
 11
25.59400
 21
160.36700
  0
LINE
  8
Gravur
 62
   255
 39
0.200
  6
CONTINUOUS
 10
25.59400
 20
160.36700
 30
 0
 11
25.68400
 21
160.38200
  0
LINE
  8
Gravur
 62
   255
 39
0.200
  6
CONTINUOUS
 10
25.68400
 20
160.38200
 30
 0
 11
25.77100
 21
160.41200
  0
LINE
  8
Gravur
 62
   255
 39
0.200
  6
CONTINUOUS
 10
25.77100
 20
160.41200
 30
 0
 11
25.85200
 21
160.45500
  0
LINE
  8
Gravur
 62
   255
 39
0.200
  6
CONTINUOUS
 10
25.85200
 20
160.45500
 30
 0
 11
25.92800
 21
160.51200
  0
LINE
  8
Gravur
 62
   255
 39
0.200
  6
CONTINUOUS
 10
25.92800
 20
160.51200
 30
 0
 11
25.99500
 21
160.58100
  0
LINE
  8
Gravur
 62
   255
 39
0.200
  6
CONTINUOUS
 10
25.99500
 20
160.58100
 30
 0
 11
26.05100
 21
160.66000
  0
LINE
  8
Gravur
 62
   255
 39
0.200
  6
CONTINUOUS
 10
26.05100
 20
160.66000
 30
 0
 11
26.09600
 21
160.74700
  0
LINE
  8
Gravur
 62
   255
 39
0.200
  6
CONTINUOUS
 10
26.09600
 20
160.74700
 30
 0
 11
26.13000
 21
160.84100
  0
LINE
  8
Gravur
 62
   255
 39
0.200
  6
CONTINUOUS
 10
26.13000
 20
160.84100
 30
 0
 11
26.14900
 21
160.93900
  0
LINE
  8
Gravur
 62
   255
 39
0.200
  6
CONTINUOUS
 10
26.14900
 20
160.93900
 30
 0
 11
26.15700
 21
161.04000
  0
LINE
  8
Gravur
 62
   255
 39
0.200
  6
CONTINUOUS
 10
26.15700
 20
161.04000
 30
 0
 11
26.15700
 21
163.36500
  0
LINE
  8
Gravur
 62
   255
 39
0.200
  6
CONTINUOUS
 10
26.92200
 20
160.36500
 30
 0
 11
26.92200
 21
163.36500
  0
LINE
  8
Gravur
 62
   255
 39
0.200
  6
CONTINUOUS
 10
26.92200
 20
163.36500
 30
 0
 11
27.79900
 21
161.26500
  0
LINE
  8
Gravur
 62
   255
 39
0.200
  6
CONTINUOUS
 10
27.79900
 20
161.26500
 30
 0
 11
28.67700
 21
163.36500
  0
LINE
  8
Gravur
 62
   255
 39
0.200
  6
CONTINUOUS
 10
28.67700
 20
163.36500
 30
 0
 11
28.67700
 21
160.36500
  0
LINE
  8
Gravur
 62
   255
 39
0.200
  6
CONTINUOUS
 10
30.65700
 20
163.36500
 30
 0
 11
29.44200
 21
163.36500
  0
LINE
  8
Gravur
 62
   255
 39
0.200
  6
CONTINUOUS
 10
29.44200
 20
163.36500
 30
 0
 11
29.44200
 21
160.36500
  0
LINE
  8
Gravur
 62
   255
 39
0.200
  6
CONTINUOUS
 10
29.44200
 20
160.36500
 30
 0
 11
30.65700
 21
160.36500
  0
LINE
  8
Gravur
 62
   255
 39
0.200
  6
CONTINUOUS
 10
29.44200
 20
161.86500
 30
 0
 11
30.45400
 21
161.86500
  0
LINE
  8
Gravur
 62
   255
 39
0.200
  6
CONTINUOUS
 10
30.85100
 20
136.27900
 30
 0
 11
31.33700
 21
136.87900
  0
LINE
  8
Gravur
 62
   255
 39
0.200
  6
CONTINUOUS
 10
31.33700
 20
136.87900
 30
 0
 11
31.33700
 21
134.47900
  0
LINE
  8
Gravur
 62
   255
 39
0.200
  6
CONTINUOUS
 10
31.94900
 20
135.01900
 30
 0
 11
31.95400
 21
134.93900
  0
LINE
  8
Gravur
 62
   255
 39
0.200
  6
CONTINUOUS
 10
31.95400
 20
134.93900
 30
 0
 11
31.97100
 21
134.86000
  0
LINE
  8
Gravur
 62
   255
 39
0.200
  6
CONTINUOUS
 10
31.97100
 20
134.86000
 30
 0
 11
31.99700
 21
134.78500
  0
LINE
  8
Gravur
 62
   255
 39
0.200
  6
CONTINUOUS
 10
31.99700
 20
134.78500
 30
 0
 11
32.03400
 21
134.71500
  0
LINE
  8
Gravur
 62
   255
 39
0.200
  6
CONTINUOUS
 10
32.03400
 20
134.71500
 30
 0
 11
32.07900
 21
134.65200
  0
LINE
  8
Gravur
 62
   255
 39
0.200
  6
CONTINUOUS
 10
32.07900
 20
134.65200
 30
 0
 11
32.13200
 21
134.59700
  0
LINE
  8
Gravur
 62
   255
 39
0.200
  6
CONTINUOUS
 10
32.13200
 20
134.59700
 30
 0
 11
32.19200
 21
134.55100
  0
LINE
  8
Gravur
 62
   255
 39
0.200
  6
CONTINUOUS
 10
32.19200
 20
134.55100
 30
 0
 11
32.25800
 21
134.51600
  0
LINE
  8
Gravur
 62
   255
 39
0.200
  6
CONTINUOUS
 10
32.25800
 20
134.51600
 30
 0
 11
32.32700
 21
134.49300
  0
LINE
  8
Gravur
 62
   255
 39
0.200
  6
CONTINUOUS
 10
32.32700
 20
134.49300
 30
 0
 11
32.39900
 21
134.48100
  0
LINE
  8
Gravur
 62
   255
 39
0.200
  6
CONTINUOUS
 10
32.39900
 20
134.48100
 30
 0
 11
32.47100
 21
134.48100
  0
LINE
  8
Gravur
 62
   255
 39
0.200
  6
CONTINUOUS
 10
32.47100
 20
134.48100
 30
 0
 11
32.54300
 21
134.49300
  0
LINE
  8
Gravur
 62
   255
 39
0.200
  6
CONTINUOUS
 10
32.54300
 20
134.49300
 30
 0
 11
32.61200
 21
134.51600
  0
LINE
  8
Gravur
 62
   255
 39
0.200
  6
CONTINUOUS
 10
32.61200
 20
134.51600
 30
 0
 11
32.67800
 21
134.55100
  0
LINE
  8
Gravur
 62
   255
 39
0.200
  6
CONTINUOUS
 10
32.67800
 20
134.55100
 30
 0
 11
32.73800
 21
134.59700
  0
LINE
  8
Gravur
 62
   255
 39
0.200
  6
CONTINUOUS
 10
32.73800
 20
134.59700
 30
 0
 11
32.79100
 21
134.65200
  0
LINE
  8
Gravur
 62
   255
 39
0.200
  6
CONTINUOUS
 10
32.79100
 20
134.65200
 30
 0
 11
32.83600
 21
134.71500
  0
LINE
  8
Gravur
 62
   255
 39
0.200
  6
CONTINUOUS
 10
32.83600
 20
134.71500
 30
 0
 11
32.87300
 21
134.78500
  0
LINE
  8
Gravur
 62
   255
 39
0.200
  6
CONTINUOUS
 10
32.87300
 20
134.78500
 30
 0
 11
32.89900
 21
134.86000
  0
LINE
  8
Gravur
 62
   255
 39
0.200
  6
CONTINUOUS
 10
32.89900
 20
134.86000
 30
 0
 11
32.91600
 21
134.93900
  0
LINE
  8
Gravur
 62
   255
 39
0.200
  6
CONTINUOUS
 10
32.91600
 20
134.93900
 30
 0
 11
32.92100
 21
135.01900
  0
LINE
  8
Gravur
 62
   255
 39
0.200
  6
CONTINUOUS
 10
32.92100
 20
135.01900
 30
 0
 11
32.92100
 21
136.33900
  0
LINE
  8
Gravur
 62
   255
 39
0.200
  6
CONTINUOUS
 10
32.92100
 20
136.33900
 30
 0
 11
32.91600
 21
136.41900
  0
LINE
  8
Gravur
 62
   255
 39
0.200
  6
CONTINUOUS
 10
32.91600
 20
136.41900
 30
 0
 11
32.89900
 21
136.49800
  0
LINE
  8
Gravur
 62
   255
 39
0.200
  6
CONTINUOUS
 10
32.89900
 20
136.49800
 30
 0
 11
32.87300
 21
136.57300
  0
LINE
  8
Gravur
 62
   255
 39
0.200
  6
CONTINUOUS
 10
32.87300
 20
136.57300
 30
 0
 11
32.83600
 21
136.64300
  0
LINE
  8
Gravur
 62
   255
 39
0.200
  6
CONTINUOUS
 10
32.83600
 20
136.64300
 30
 0
 11
32.79100
 21
136.70600
  0
LINE
  8
Gravur
 62
   255
 39
0.200
  6
CONTINUOUS
 10
32.79100
 20
136.70600
 30
 0
 11
32.73800
 21
136.76100
  0
LINE
  8
Gravur
 62
   255
 39
0.200
  6
CONTINUOUS
 10
32.73800
 20
136.76100
 30
 0
 11
32.67800
 21
136.80700
  0
LINE
  8
Gravur
 62
   255
 39
0.200
  6
CONTINUOUS
 10
32.67800
 20
136.80700
 30
 0
 11
32.61200
 21
136.84200
  0
LINE
  8
Gravur
 62
   255
 39
0.200
  6
CONTINUOUS
 10
32.61200
 20
136.84200
 30
 0
 11
32.54300
 21
136.86500
  0
LINE
  8
Gravur
 62
   255
 39
0.200
  6
CONTINUOUS
 10
32.54300
 20
136.86500
 30
 0
 11
32.47100
 21
136.87700
  0
LINE
  8
Gravur
 62
   255
 39
0.200
  6
CONTINUOUS
 10
32.47100
 20
136.87700
 30
 0
 11
32.39900
 21
136.87700
  0
LINE
  8
Gravur
 62
   255
 39
0.200
  6
CONTINUOUS
 10
32.39900
 20
136.87700
 30
 0
 11
32.32700
 21
136.86500
  0
LINE
  8
Gravur
 62
   255
 39
0.200
  6
CONTINUOUS
 10
32.32700
 20
136.86500
 30
 0
 11
32.25800
 21
136.84200
  0
LINE
  8
Gravur
 62
   255
 39
0.200
  6
CONTINUOUS
 10
32.25800
 20
136.84200
 30
 0
 11
32.19200
 21
136.80700
  0
LINE
  8
Gravur
 62
   255
 39
0.200
  6
CONTINUOUS
 10
32.19200
 20
136.80700
 30
 0
 11
32.13200
 21
136.76100
  0
LINE
  8
Gravur
 62
   255
 39
0.200
  6
CONTINUOUS
 10
32.13200
 20
136.76100
 30
 0
 11
32.07900
 21
136.70600
  0
LINE
  8
Gravur
 62
   255
 39
0.200
  6
CONTINUOUS
 10
32.07900
 20
136.70600
 30
 0
 11
32.03400
 21
136.64300
  0
LINE
  8
Gravur
 62
   255
 39
0.200
  6
CONTINUOUS
 10
32.03400
 20
136.64300
 30
 0
 11
31.99700
 21
136.57300
  0
LINE
  8
Gravur
 62
   255
 39
0.200
  6
CONTINUOUS
 10
31.99700
 20
136.57300
 30
 0
 11
31.97100
 21
136.49800
  0
LINE
  8
Gravur
 62
   255
 39
0.200
  6
CONTINUOUS
 10
31.97100
 20
136.49800
 30
 0
 11
31.95400
 21
136.41900
  0
LINE
  8
Gravur
 62
   255
 39
0.200
  6
CONTINUOUS
 10
31.95400
 20
136.41900
 30
 0
 11
31.94900
 21
136.33900
  0
LINE
  8
Gravur
 62
   255
 39
0.200
  6
CONTINUOUS
 10
31.94900
 20
136.33900
 30
 0
 11
31.94900
 21
135.01900
  0
LINE
  8
Gravur
 62
   255
 39
0.200
  6
CONTINUOUS
 10
36.25500
 20
140.16500
 30
 0
 11
36.25900
 21
140.08600
  0
LINE
  8
Gravur
 62
   255
 39
0.200
  6
CONTINUOUS
 10
36.25900
 20
140.08600
 30
 0
 11
36.27300
 21
140.00800
  0
LINE
  8
Gravur
 62
   255
 39
0.200
  6
CONTINUOUS
 10
36.27300
 20
140.00800
 30
 0
 11
36.29700
 21
139.93300
  0
LINE
  8
Gravur
 62
   255
 39
0.200
  6
CONTINUOUS
 10
36.29700
 20
139.93300
 30
 0
 11
36.33200
 21
139.86400
  0
LINE
  8
Gravur
 62
   255
 39
0.200
  6
CONTINUOUS
 10
36.33200
 20
139.86400
 30
 0
 11
36.37600
 21
139.80100
  0
LINE
  8
Gravur
 62
   255
 39
0.200
  6
CONTINUOUS
 10
36.37600
 20
139.80100
 30
 0
 11
36.42700
 21
139.74500
  0
LINE
  8
Gravur
 62
   255
 39
0.200
  6
CONTINUOUS
 10
36.42700
 20
139.74500
 30
 0
 11
36.48500
 21
139.69900
  0
LINE
  8
Gravur
 62
   255
 39
0.200
  6
CONTINUOUS
 10
36.48500
 20
139.69900
 30
 0
 11
36.54800
 21
139.66400
  0
LINE
  8
Gravur
 62
   255
 39
0.200
  6
CONTINUOUS
 10
36.54800
 20
139.66400
 30
 0
 11
36.61700
 21
139.63900
  0
LINE
  8
Gravur
 62
   255
 39
0.200
  6
CONTINUOUS
 10
36.61700
 20
139.63900
 30
 0
 11
36.68700
 21
139.62500
  0
LINE
  8
Gravur
 62
   255
 39
0.200
  6
CONTINUOUS
 10
36.68700
 20
139.62500
 30
 0
 11
36.75400
 21
139.63300
  0
LINE
  8
Gravur
 62
   255
 39
0.200
  6
CONTINUOUS
 10
36.75400
 20
139.63300
 30
 0
 11
36.81800
 21
139.65300
  0
LINE
  8
Gravur
 62
   255
 39
0.200
  6
CONTINUOUS
 10
36.81800
 20
139.65300
 30
 0
 11
36.88000
 21
139.68200
  0
LINE
  8
Gravur
 62
   255
 39
0.200
  6
CONTINUOUS
 10
36.88000
 20
139.68200
 30
 0
 11
36.93700
 21
139.72200
  0
LINE
  8
Gravur
 62
   255
 39
0.200
  6
CONTINUOUS
 10
36.93700
 20
139.72200
 30
 0
 11
36.98800
 21
139.77100
  0
LINE
  8
Gravur
 62
   255
 39
0.200
  6
CONTINUOUS
 10
36.98800
 20
139.77100
 30
 0
 11
37.03200
 21
139.82700
  0
LINE
  8
Gravur
 62
   255
 39
0.200
  6
CONTINUOUS
 10
37.03200
 20
139.82700
 30
 0
 11
37.06800
 21
139.89000
  0
LINE
  8
Gravur
 62
   255
 39
0.200
  6
CONTINUOUS
 10
37.06800
 20
139.89000
 30
 0
 11
37.09400
 21
139.95900
  0
LINE
  8
Gravur
 62
   255
 39
0.200
  6
CONTINUOUS
 10
37.09400
 20
139.95900
 30
 0
 11
37.11200
 21
140.03100
  0
LINE
  8
Gravur
 62
   255
 39
0.200
  6
CONTINUOUS
 10
37.11200
 20
140.03100
 30
 0
 11
37.11900
 21
140.10500
  0
LINE
  8
Gravur
 62
   255
 39
0.200
  6
CONTINUOUS
 10
37.11900
 20
140.10500
 30
 0
 11
37.11900
 21
141.54500
  0
LINE
  8
Gravur
 62
   255
 39
0.200
  6
CONTINUOUS
 10
37.11900
 20
141.54500
 30
 0
 11
37.11500
 21
141.61700
  0
LINE
  8
Gravur
 62
   255
 39
0.200
  6
CONTINUOUS
 10
37.11500
 20
141.61700
 30
 0
 11
37.10000
 21
141.68600
  0
LINE
  8
Gravur
 62
   255
 39
0.200
  6
CONTINUOUS
 10
37.10000
 20
141.68600
 30
 0
 11
37.07600
 21
141.75300
  0
LINE
  8
Gravur
 62
   255
 39
0.200
  6
CONTINUOUS
 10
37.07600
 20
141.75300
 30
 0
 11
37.04400
 21
141.81500
  0
LINE
  8
Gravur
 62
   255
 39
0.200
  6
CONTINUOUS
 10
37.04400
 20
141.81500
 30
 0
 11
37.00400
 21
141.87100
  0
LINE
  8
Gravur
 62
   255
 39
0.200
  6
CONTINUOUS
 10
37.00400
 20
141.87100
 30
 0
 11
36.95600
 21
141.92000
  0
LINE
  8
Gravur
 62
   255
 39
0.200
  6
CONTINUOUS
 10
36.95600
 20
141.92000
 30
 0
 11
36.90300
 21
141.96100
  0
LINE
  8
Gravur
 62
   255
 39
0.200
  6
CONTINUOUS
 10
36.90300
 20
141.96100
 30
 0
 11
36.84500
 21
141.99200
  0
LINE
  8
Gravur
 62
   255
 39
0.200
  6
CONTINUOUS
 10
36.84500
 20
141.99200
 30
 0
 11
36.78300
 21
142.01300
  0
LINE
  8
Gravur
 62
   255
 39
0.200
  6
CONTINUOUS
 10
36.78300
 20
142.01300
 30
 0
 11
36.71900
 21
142.02400
  0
LINE
  8
Gravur
 62
   255
 39
0.200
  6
CONTINUOUS
 10
36.71900
 20
142.02400
 30
 0
 11
36.65500
 21
142.02400
  0
LINE
  8
Gravur
 62
   255
 39
0.200
  6
CONTINUOUS
 10
36.65500
 20
142.02400
 30
 0
 11
36.59100
 21
142.01300
  0
LINE
  8
Gravur
 62
   255
 39
0.200
  6
CONTINUOUS
 10
36.59100
 20
142.01300
 30
 0
 11
36.53000
 21
141.99200
  0
LINE
  8
Gravur
 62
   255
 39
0.200
  6
CONTINUOUS
 10
36.53000
 20
141.99200
 30
 0
 11
36.47100
 21
141.96100
  0
LINE
  8
Gravur
 62
   255
 39
0.200
  6
CONTINUOUS
 10
36.47100
 20
141.96100
 30
 0
 11
36.41800
 21
141.92000
  0
LINE
  8
Gravur
 62
   255
 39
0.200
  6
CONTINUOUS
 10
36.41800
 20
141.92000
 30
 0
 11
36.37000
 21
141.87100
  0
LINE
  8
Gravur
 62
   255
 39
0.200
  6
CONTINUOUS
 10
36.37000
 20
141.87100
 30
 0
 11
36.33000
 21
141.81500
  0
LINE
  8
Gravur
 62
   255
 39
0.200
  6
CONTINUOUS
 10
36.33000
 20
141.81500
 30
 0
 11
36.29800
 21
141.75300
  0
LINE
  8
Gravur
 62
   255
 39
0.200
  6
CONTINUOUS
 10
36.29800
 20
141.75300
 30
 0
 11
36.27400
 21
141.68600
  0
LINE
  8
Gravur
 62
   255
 39
0.200
  6
CONTINUOUS
 10
36.27400
 20
141.68600
 30
 0
 11
36.26000
 21
141.61700
  0
LINE
  8
Gravur
 62
   255
 39
0.200
  6
CONTINUOUS
 10
36.26000
 20
141.61700
 30
 0
 11
36.25500
 21
141.54500
  0
LINE
  8
Gravur
 62
   255
 39
0.200
  6
CONTINUOUS
 10
36.25500
 20
141.54500
 30
 0
 11
36.25500
 21
141.18500
  0
LINE
  8
Gravur
 62
   255
 39
0.200
  6
CONTINUOUS
 10
36.25500
 20
141.18500
 30
 0
 11
36.26800
 21
141.11300
  0
LINE
  8
Gravur
 62
   255
 39
0.200
  6
CONTINUOUS
 10
36.26800
 20
141.11300
 30
 0
 11
36.28900
 21
141.04300
  0
LINE
  8
Gravur
 62
   255
 39
0.200
  6
CONTINUOUS
 10
36.28900
 20
141.04300
 30
 0
 11
36.32000
 21
140.97800
  0
LINE
  8
Gravur
 62
   255
 39
0.200
  6
CONTINUOUS
 10
36.32000
 20
140.97800
 30
 0
 11
36.35900
 21
140.91900
  0
LINE
  8
Gravur
 62
   255
 39
0.200
  6
CONTINUOUS
 10
36.35900
 20
140.91900
 30
 0
 11
36.40600
 21
140.86600
  0
LINE
  8
Gravur
 62
   255
 39
0.200
  6
CONTINUOUS
 10
36.40600
 20
140.86600
 30
 0
 11
36.45900
 21
140.82200
  0
LINE
  8
Gravur
 62
   255
 39
0.200
  6
CONTINUOUS
 10
36.45900
 20
140.82200
 30
 0
 11
36.51800
 21
140.78700
  0
LINE
  8
Gravur
 62
   255
 39
0.200
  6
CONTINUOUS
 10
36.51800
 20
140.78700
 30
 0
 11
36.58000
 21
140.76200
  0
LINE
  8
Gravur
 62
   255
 39
0.200
  6
CONTINUOUS
 10
36.58000
 20
140.76200
 30
 0
 11
36.64500
 21
140.74800
  0
LINE
  8
Gravur
 62
   255
 39
0.200
  6
CONTINUOUS
 10
36.64500
 20
140.74800
 30
 0
 11
36.71100
 21
140.74400
  0
LINE
  8
Gravur
 62
   255
 39
0.200
  6
CONTINUOUS
 10
36.71100
 20
140.74400
 30
 0
 11
36.77700
 21
140.75100
  0
LINE
  8
Gravur
 62
   255
 39
0.200
  6
CONTINUOUS
 10
36.77700
 20
140.75100
 30
 0
 11
36.84100
 21
140.76900
  0
LINE
  8
Gravur
 62
   255
 39
0.200
  6
CONTINUOUS
 10
36.84100
 20
140.76900
 30
 0
 11
36.90200
 21
140.79700
  0
LINE
  8
Gravur
 62
   255
 39
0.200
  6
CONTINUOUS
 10
36.90200
 20
140.79700
 30
 0
 11
36.96000
 21
140.83500
  0
LINE
  8
Gravur
 62
   255
 39
0.200
  6
CONTINUOUS
 10
36.96000
 20
140.83500
 30
 0
 11
37.01000
 21
140.88200
  0
LINE
  8
Gravur
 62
   255
 39
0.200
  6
CONTINUOUS
 10
37.01000
 20
140.88200
 30
 0
 11
37.05500
 21
140.93700
  0
LINE
  8
Gravur
 62
   255
 39
0.200
  6
CONTINUOUS
 10
37.05500
 20
140.93700
 30
 0
 11
37.09100
 21
140.99800
  0
LINE
  8
Gravur
 62
   255
 39
0.200
  6
CONTINUOUS
 10
37.09100
 20
140.99800
 30
 0
 11
37.12000
 21
141.06500
  0
LINE
  8
Gravur
 62
   255
 39
0.200
  6
CONTINUOUS
 10
37.12000
 20
141.06500
 30
 0
 11
37.11900
 21
141.06500
  0
LINE
  8
Gravur
 62
   255
 39
0.200
  6
CONTINUOUS
 10
38.49000
 20
146.35600
 30
 0
 11
38.55700
 21
146.36100
  0
LINE
  8
Gravur
 62
   255
 39
0.200
  6
CONTINUOUS
 10
38.55700
 20
146.36100
 30
 0
 11
38.62200
 21
146.37600
  0
LINE
  8
Gravur
 62
   255
 39
0.200
  6
CONTINUOUS
 10
38.62200
 20
146.37600
 30
 0
 11
38.68500
 21
146.40200
  0
LINE
  8
Gravur
 62
   255
 39
0.200
  6
CONTINUOUS
 10
38.68500
 20
146.40200
 30
 0
 11
38.74400
 21
146.43800
  0
LINE
  8
Gravur
 62
   255
 39
0.200
  6
CONTINUOUS
 10
38.74400
 20
146.43800
 30
 0
 11
38.79700
 21
146.48200
  0
LINE
  8
Gravur
 62
   255
 39
0.200
  6
CONTINUOUS
 10
38.79700
 20
146.48200
 30
 0
 11
38.84500
 21
146.53500
  0
LINE
  8
Gravur
 62
   255
 39
0.200
  6
CONTINUOUS
 10
38.84500
 20
146.53500
 30
 0
 11
38.88400
 21
146.59400
  0
LINE
  8
Gravur
 62
   255
 39
0.200
  6
CONTINUOUS
 10
38.88400
 20
146.59400
 30
 0
 11
38.91700
 21
146.65900
  0
LINE
  8
Gravur
 62
   255
 39
0.200
  6
CONTINUOUS
 10
38.91700
 20
146.65900
 30
 0
 11
38.94000
 21
146.72900
  0
LINE
  8
Gravur
 62
   255
 39
0.200
  6
CONTINUOUS
 10
38.94000
 20
146.72900
 30
 0
 11
38.95400
 21
146.80200
  0
LINE
  8
Gravur
 62
   255
 39
0.200
  6
CONTINUOUS
 10
38.95400
 20
146.80200
 30
 0
 11
38.95800
 21
146.87600
  0
LINE
  8
Gravur
 62
   255
 39
0.200
  6
CONTINUOUS
 10
38.95800
 20
146.87600
 30
 0
 11
38.95800
 21
147.05600
  0
LINE
  8
Gravur
 62
   255
 39
0.200
  6
CONTINUOUS
 10
38.95800
 20
147.05600
 30
 0
 11
38.95300
 21
147.12900
  0
LINE
  8
Gravur
 62
   255
 39
0.200
  6
CONTINUOUS
 10
38.95300
 20
147.12900
 30
 0
 11
38.93700
 21
147.20000
  0
LINE
  8
Gravur
 62
   255
 39
0.200
  6
CONTINUOUS
 10
38.93700
 20
147.20000
 30
 0
 11
38.91400
 21
147.26700
  0
LINE
  8
Gravur
 62
   255
 39
0.200
  6
CONTINUOUS
 10
38.91400
 20
147.26700
 30
 0
 11
38.88200
 21
147.33100
  0
LINE
  8
Gravur
 62
   255
 39
0.200
  6
CONTINUOUS
 10
38.88200
 20
147.33100
 30
 0
 11
38.84100
 21
147.38800
  0
LINE
  8
Gravur
 62
   255
 39
0.200
  6
CONTINUOUS
 10
38.84100
 20
147.38800
 30
 0
 11
38.79300
 21
147.43900
  0
LINE
  8
Gravur
 62
   255
 39
0.200
  6
CONTINUOUS
 10
38.79300
 20
147.43900
 30
 0
 11
38.74000
 21
147.48100
  0
LINE
  8
Gravur
 62
   255
 39
0.200
  6
CONTINUOUS
 10
38.74000
 20
147.48100
 30
 0
 11
38.68200
 21
147.51500
  0
LINE
  8
Gravur
 62
   255
 39
0.200
  6
CONTINUOUS
 10
38.68200
 20
147.51500
 30
 0
 11
38.62000
 21
147.53900
  0
LINE
  8
Gravur
 62
   255
 39
0.200
  6
CONTINUOUS
 10
38.62000
 20
147.53900
 30
 0
 11
38.55600
 21
147.55300
  0
LINE
  8
Gravur
 62
   255
 39
0.200
  6
CONTINUOUS
 10
38.55600
 20
147.55300
 30
 0
 11
38.49000
 21
147.55600
  0
LINE
  8
Gravur
 62
   255
 39
0.200
  6
CONTINUOUS
 10
38.49000
 20
147.55600
 30
 0
 11
38.49000
 21
147.55600
  0
LINE
  8
Gravur
 62
   255
 39
0.200
  6
CONTINUOUS
 10
38.49000
 20
147.55600
 30
 0
 11
38.55100
 21
147.56100
  0
LINE
  8
Gravur
 62
   255
 39
0.200
  6
CONTINUOUS
 10
38.55100
 20
147.56100
 30
 0
 11
38.61200
 21
147.57500
  0
LINE
  8
Gravur
 62
   255
 39
0.200
  6
CONTINUOUS
 10
38.61200
 20
147.57500
 30
 0
 11
38.67000
 21
147.59900
  0
LINE
  8
Gravur
 62
   255
 39
0.200
  6
CONTINUOUS
 10
38.67000
 20
147.59900
 30
 0
 11
38.72400
 21
147.63100
  0
LINE
  8
Gravur
 62
   255
 39
0.200
  6
CONTINUOUS
 10
38.72400
 20
147.63100
 30
 0
 11
38.77400
 21
147.67200
  0
LINE
  8
Gravur
 62
   255
 39
0.200
  6
CONTINUOUS
 10
38.77400
 20
147.67200
 30
 0
 11
38.81800
 21
147.72100
  0
LINE
  8
Gravur
 62
   255
 39
0.200
  6
CONTINUOUS
 10
38.81800
 20
147.72100
 30
 0
 11
38.85500
 21
147.77600
  0
LINE
  8
Gravur
 62
   255
 39
0.200
  6
CONTINUOUS
 10
38.85500
 20
147.77600
 30
 0
 11
38.88300
 21
147.83600
  0
LINE
  8
Gravur
 62
   255
 39
0.200
  6
CONTINUOUS
 10
38.88300
 20
147.83600
 30
 0
 11
38.90500
 21
147.90000
  0
LINE
  8
Gravur
 62
   255
 39
0.200
  6
CONTINUOUS
 10
38.90500
 20
147.90000
 30
 0
 11
38.91800
 21
147.96800
  0
LINE
  8
Gravur
 62
   255
 39
0.200
  6
CONTINUOUS
 10
38.91800
 20
147.96800
 30
 0
 11
38.92200
 21
148.03600
  0
LINE
  8
Gravur
 62
   255
 39
0.200
  6
CONTINUOUS
 10
38.92200
 20
148.03600
 30
 0
 11
38.92200
 21
148.27600
  0
LINE
  8
Gravur
 62
   255
 39
0.200
  6
CONTINUOUS
 10
38.92200
 20
148.27600
 30
 0
 11
38.91800
 21
148.34800
  0
LINE
  8
Gravur
 62
   255
 39
0.200
  6
CONTINUOUS
 10
38.91800
 20
148.34800
 30
 0
 11
38.90300
 21
148.41700
  0
LINE
  8
Gravur
 62
   255
 39
0.200
  6
CONTINUOUS
 10
38.90300
 20
148.41700
 30
 0
 11
38.87900
 21
148.48400
  0
LINE
  8
Gravur
 62
   255
 39
0.200
  6
CONTINUOUS
 10
38.87900
 20
148.48400
 30
 0
 11
38.84700
 21
148.54600
  0
LINE
  8
Gravur
 62
   255
 39
0.200
  6
CONTINUOUS
 10
38.84700
 20
148.54600
 30
 0
 11
38.80700
 21
148.60200
  0
LINE
  8
Gravur
 62
   255
 39
0.200
  6
CONTINUOUS
 10
38.80700
 20
148.60200
 30
 0
 11
38.75900
 21
148.65100
  0
LINE
  8
Gravur
 62
   255
 39
0.200
  6
CONTINUOUS
 10
38.75900
 20
148.65100
 30
 0
 11
38.70600
 21
148.69200
  0
LINE
  8
Gravur
 62
   255
 39
0.200
  6
CONTINUOUS
 10
38.70600
 20
148.69200
 30
 0
 11
38.64800
 21
148.72300
  0
LINE
  8
Gravur
 62
   255
 39
0.200
  6
CONTINUOUS
 10
38.64800
 20
148.72300
 30
 0
 11
38.58600
 21
148.74400
  0
LINE
  8
Gravur
 62
   255
 39
0.200
  6
CONTINUOUS
 10
38.58600
 20
148.74400
 30
 0
 11
38.52200
 21
148.75500
  0
LINE
  8
Gravur
 62
   255
 39
0.200
  6
CONTINUOUS
 10
38.52200
 20
148.75500
 30
 0
 11
38.45800
 21
148.75500
  0
LINE
  8
Gravur
 62
   255
 39
0.200
  6
CONTINUOUS
 10
38.45800
 20
148.75500
 30
 0
 11
38.39400
 21
148.74400
  0
LINE
  8
Gravur
 62
   255
 39
0.200
  6
CONTINUOUS
 10
38.39400
 20
148.74400
 30
 0
 11
38.33200
 21
148.72300
  0
LINE
  8
Gravur
 62
   255
 39
0.200
  6
CONTINUOUS
 10
38.33200
 20
148.72300
 30
 0
 11
38.27400
 21
148.69200
  0
LINE
  8
Gravur
 62
   255
 39
0.200
  6
CONTINUOUS
 10
38.27400
 20
148.69200
 30
 0
 11
38.22100
 21
148.65100
  0
LINE
  8
Gravur
 62
   255
 39
0.200
  6
CONTINUOUS
 10
38.22100
 20
148.65100
 30
 0
 11
38.17300
 21
148.60200
  0
LINE
  8
Gravur
 62
   255
 39
0.200
  6
CONTINUOUS
 10
38.17300
 20
148.60200
 30
 0
 11
38.13300
 21
148.54600
  0
LINE
  8
Gravur
 62
   255
 39
0.200
  6
CONTINUOUS
 10
38.13300
 20
148.54600
 30
 0
 11
38.10100
 21
148.48400
  0
LINE
  8
Gravur
 62
   255
 39
0.200
  6
CONTINUOUS
 10
38.10100
 20
148.48400
 30
 0
 11
38.07700
 21
148.41700
  0
LINE
  8
Gravur
 62
   255
 39
0.200
  6
CONTINUOUS
 10
38.07700
 20
148.41700
 30
 0
 11
38.06200
 21
148.34800
  0
LINE
  8
Gravur
 62
   255
 39
0.200
  6
CONTINUOUS
 10
38.06200
 20
148.34800
 30
 0
 11
38.05800
 21
148.27600
  0
LINE
  8
Gravur
 62
   255
 39
0.200
  6
CONTINUOUS
 10
38.05800
 20
148.27600
 30
 0
 11
38.05800
 21
148.03600
  0
LINE
  8
Gravur
 62
   255
 39
0.200
  6
CONTINUOUS
 10
38.05800
 20
148.03600
 30
 0
 11
38.06200
 21
147.96800
  0
LINE
  8
Gravur
 62
   255
 39
0.200
  6
CONTINUOUS
 10
38.06200
 20
147.96800
 30
 0
 11
38.07500
 21
147.90000
  0
LINE
  8
Gravur
 62
   255
 39
0.200
  6
CONTINUOUS
 10
38.07500
 20
147.90000
 30
 0
 11
38.09700
 21
147.83600
  0
LINE
  8
Gravur
 62
   255
 39
0.200
  6
CONTINUOUS
 10
38.09700
 20
147.83600
 30
 0
 11
38.12500
 21
147.77600
  0
LINE
  8
Gravur
 62
   255
 39
0.200
  6
CONTINUOUS
 10
38.12500
 20
147.77600
 30
 0
 11
38.16200
 21
147.72100
  0
LINE
  8
Gravur
 62
   255
 39
0.200
  6
CONTINUOUS
 10
38.16200
 20
147.72100
 30
 0
 11
38.20600
 21
147.67200
  0
LINE
  8
Gravur
 62
   255
 39
0.200
  6
CONTINUOUS
 10
38.20600
 20
147.67200
 30
 0
 11
38.25600
 21
147.63100
  0
LINE
  8
Gravur
 62
   255
 39
0.200
  6
CONTINUOUS
 10
38.25600
 20
147.63100
 30
 0
 11
38.31000
 21
147.59900
  0
LINE
  8
Gravur
 62
   255
 39
0.200
  6
CONTINUOUS
 10
38.31000
 20
147.59900
 30
 0
 11
38.36800
 21
147.57500
  0
LINE
  8
Gravur
 62
   255
 39
0.200
  6
CONTINUOUS
 10
38.36800
 20
147.57500
 30
 0
 11
38.42900
 21
147.56100
  0
LINE
  8
Gravur
 62
   255
 39
0.200
  6
CONTINUOUS
 10
38.42900
 20
147.56100
 30
 0
 11
38.49000
 21
147.55600
  0
LINE
  8
Gravur
 62
   255
 39
0.200
  6
CONTINUOUS
 10
38.49000
 20
147.55600
 30
 0
 11
38.49000
 21
147.55600
  0
LINE
  8
Gravur
 62
   255
 39
0.200
  6
CONTINUOUS
 10
38.49000
 20
147.55600
 30
 0
 11
38.42400
 21
147.55300
  0
LINE
  8
Gravur
 62
   255
 39
0.200
  6
CONTINUOUS
 10
38.42400
 20
147.55300
 30
 0
 11
38.36000
 21
147.53900
  0
LINE
  8
Gravur
 62
   255
 39
0.200
  6
CONTINUOUS
 10
38.36000
 20
147.53900
 30
 0
 11
38.29800
 21
147.51500
  0
LINE
  8
Gravur
 62
   255
 39
0.200
  6
CONTINUOUS
 10
38.29800
 20
147.51500
 30
 0
 11
38.24000
 21
147.48100
  0
LINE
  8
Gravur
 62
   255
 39
0.200
  6
CONTINUOUS
 10
38.24000
 20
147.48100
 30
 0
 11
38.18700
 21
147.43900
  0
LINE
  8
Gravur
 62
   255
 39
0.200
  6
CONTINUOUS
 10
38.18700
 20
147.43900
 30
 0
 11
38.13900
 21
147.38800
  0
LINE
  8
Gravur
 62
   255
 39
0.200
  6
CONTINUOUS
 10
38.13900
 20
147.38800
 30
 0
 11
38.09800
 21
147.33100
  0
LINE
  8
Gravur
 62
   255
 39
0.200
  6
CONTINUOUS
 10
38.09800
 20
147.33100
 30
 0
 11
38.06600
 21
147.26800
  0
LINE
  8
Gravur
 62
   255
 39
0.200
  6
CONTINUOUS
 10
38.06600
 20
147.26800
 30
 0
 11
38.04300
 21
147.20000
  0
LINE
  8
Gravur
 62
   255
 39
0.200
  6
CONTINUOUS
 10
38.04300
 20
147.20000
 30
 0
 11
38.02700
 21
147.12900
  0
LINE
  8
Gravur
 62
   255
 39
0.200
  6
CONTINUOUS
 10
38.02700
 20
147.12900
 30
 0
 11
38.02200
 21
147.05600
  0
LINE
  8
Gravur
 62
   255
 39
0.200
  6
CONTINUOUS
 10
38.02200
 20
147.05600
 30
 0
 11
38.02200
 21
147.05600
  0
LINE
  8
Gravur
 62
   255
 39
0.200
  6
CONTINUOUS
 10
38.02200
 20
147.05600
 30
 0
 11
38.02200
 21
146.87600
  0
LINE
  8
Gravur
 62
   255
 39
0.200
  6
CONTINUOUS
 10
38.02200
 20
146.87600
 30
 0
 11
38.02600
 21
146.80200
  0
LINE
  8
Gravur
 62
   255
 39
0.200
  6
CONTINUOUS
 10
38.02600
 20
146.80200
 30
 0
 11
38.04000
 21
146.72900
  0
LINE
  8
Gravur
 62
   255
 39
0.200
  6
CONTINUOUS
 10
38.04000
 20
146.72900
 30
 0
 11
38.06300
 21
146.65900
  0
LINE
  8
Gravur
 62
   255
 39
0.200
  6
CONTINUOUS
 10
38.06300
 20
146.65900
 30
 0
 11
38.09600
 21
146.59400
  0
LINE
  8
Gravur
 62
   255
 39
0.200
  6
CONTINUOUS
 10
38.09600
 20
146.59400
 30
 0
 11
38.13500
 21
146.53500
  0
LINE
  8
Gravur
 62
   255
 39
0.200
  6
CONTINUOUS
 10
38.13500
 20
146.53500
 30
 0
 11
38.18300
 21
146.48200
  0
LINE
  8
Gravur
 62
   255
 39
0.200
  6
CONTINUOUS
 10
38.18300
 20
146.48200
 30
 0
 11
38.23600
 21
146.43800
  0
LINE
  8
Gravur
 62
   255
 39
0.200
  6
CONTINUOUS
 10
38.23600
 20
146.43800
 30
 0
 11
38.29500
 21
146.40200
  0
LINE
  8
Gravur
 62
   255
 39
0.200
  6
CONTINUOUS
 10
38.29500
 20
146.40200
 30
 0
 11
38.35800
 21
146.37600
  0
LINE
  8
Gravur
 62
   255
 39
0.200
  6
CONTINUOUS
 10
38.35800
 20
146.37600
 30
 0
 11
38.42300
 21
146.36100
  0
LINE
  8
Gravur
 62
   255
 39
0.200
  6
CONTINUOUS
 10
38.42300
 20
146.36100
 30
 0
 11
38.49000
 21
146.35600
  0
LINE
  8
Gravur
 62
   255
 39
0.200
  6
CONTINUOUS
 10
36.22800
 20
155.06700
 30
 0
 11
36.22800
 21
155.48700
  0
LINE
  8
Gravur
 62
   255
 39
0.200
  6
CONTINUOUS
 10
36.22800
 20
155.48700
 30
 0
 11
37.14600
 21
155.48700
  0
LINE
  8
Gravur
 62
   255
 39
0.200
  6
CONTINUOUS
 10
37.14600
 20
155.48700
 30
 0
 11
36.44400
 21
153.08700
  0
LINE
  8
Gravur
 62
   255
 39
0.200
  6
CONTINUOUS
 10
32.34500
 20
160.09300
 30
 0
 11
32.34100
 21
160.17200
  0
LINE
  8
Gravur
 62
   255
 39
0.200
  6
CONTINUOUS
 10
32.34100
 20
160.17200
 30
 0
 11
32.32700
 21
160.25000
  0
LINE
  8
Gravur
 62
   255
 39
0.200
  6
CONTINUOUS
 10
32.32700
 20
160.25000
 30
 0
 11
32.30300
 21
160.32500
  0
LINE
  8
Gravur
 62
   255
 39
0.200
  6
CONTINUOUS
 10
32.30300
 20
160.32500
 30
 0
 11
32.26800
 21
160.39400
  0
LINE
  8
Gravur
 62
   255
 39
0.200
  6
CONTINUOUS
 10
32.26800
 20
160.39400
 30
 0
 11
32.22400
 21
160.45700
  0
LINE
  8
Gravur
 62
   255
 39
0.200
  6
CONTINUOUS
 10
32.22400
 20
160.45700
 30
 0
 11
32.17300
 21
160.51300
  0
LINE
  8
Gravur
 62
   255
 39
0.200
  6
CONTINUOUS
 10
32.17300
 20
160.51300
 30
 0
 11
32.11500
 21
160.55900
  0
LINE
  8
Gravur
 62
   255
 39
0.200
  6
CONTINUOUS
 10
32.11500
 20
160.55900
 30
 0
 11
32.05200
 21
160.59400
  0
LINE
  8
Gravur
 62
   255
 39
0.200
  6
CONTINUOUS
 10
32.05200
 20
160.59400
 30
 0
 11
31.98300
 21
160.61900
  0
LINE
  8
Gravur
 62
   255
 39
0.200
  6
CONTINUOUS
 10
31.98300
 20
160.61900
 30
 0
 11
31.91300
 21
160.63300
  0
LINE
  8
Gravur
 62
   255
 39
0.200
  6
CONTINUOUS
 10
31.91300
 20
160.63300
 30
 0
 11
31.91300
 21
160.63300
  0
LINE
  8
Gravur
 62
   255
 39
0.200
  6
CONTINUOUS
 10
31.91300
 20
160.63300
 30
 0
 11
31.84600
 21
160.63400
  0
LINE
  8
Gravur
 62
   255
 39
0.200
  6
CONTINUOUS
 10
31.84600
 20
160.63400
 30
 0
 11
31.78200
 21
160.62500
  0
LINE
  8
Gravur
 62
   255
 39
0.200
  6
CONTINUOUS
 10
31.78200
 20
160.62500
 30
 0
 11
31.71800
 21
160.60400
  0
LINE
  8
Gravur
 62
   255
 39
0.200
  6
CONTINUOUS
 10
31.71800
 20
160.60400
 30
 0
 11
31.65700
 21
160.57400
  0
LINE
  8
Gravur
 62
   255
 39
0.200
  6
CONTINUOUS
 10
31.65700
 20
160.57400
 30
 0
 11
31.60200
 21
160.53300
  0
LINE
  8
Gravur
 62
   255
 39
0.200
  6
CONTINUOUS
 10
31.60200
 20
160.53300
 30
 0
 11
31.55200
 21
160.48500
  0
LINE
  8
Gravur
 62
   255
 39
0.200
  6
CONTINUOUS
 10
31.55200
 20
160.48500
 30
 0
 11
31.51000
 21
160.42800
  0
LINE
  8
Gravur
 62
   255
 39
0.200
  6
CONTINUOUS
 10
31.51000
 20
160.42800
 30
 0
 11
31.47600
 21
160.36500
  0
LINE
  8
Gravur
 62
   255
 39
0.200
  6
CONTINUOUS
 10
31.47600
 20
160.36500
 30
 0
 11
31.45000
 21
160.29700
  0
LINE
  8
Gravur
 62
   255
 39
0.200
  6
CONTINUOUS
 10
31.45000
 20
160.29700
 30
 0
 11
31.43400
 21
160.22600
  0
LINE
  8
Gravur
 62
   255
 39
0.200
  6
CONTINUOUS
 10
31.43400
 20
160.22600
 30
 0
 11
31.42700
 21
160.15300
  0
LINE
  8
Gravur
 62
   255
 39
0.200
  6
CONTINUOUS
 10
31.42700
 20
160.15300
 30
 0
 11
31.42700
 21
160.15300
  0
LINE
  8
Gravur
 62
   255
 39
0.200
  6
CONTINUOUS
 10
31.42700
 20
160.15300
 30
 0
 11
31.42700
 21
158.71300
  0
LINE
  8
Gravur
 62
   255
 39
0.200
  6
CONTINUOUS
 10
31.42700
 20
158.71300
 30
 0
 11
31.43900
 21
158.64100
  0
LINE
  8
Gravur
 62
   255
 39
0.200
  6
CONTINUOUS
 10
31.43900
 20
158.64100
 30
 0
 11
31.45800
 21
158.57100
  0
LINE
  8
Gravur
 62
   255
 39
0.200
  6
CONTINUOUS
 10
31.45800
 20
158.57100
 30
 0
 11
31.48600
 21
158.50500
  0
LINE
  8
Gravur
 62
   255
 39
0.200
  6
CONTINUOUS
 10
31.48600
 20
158.50500
 30
 0
 11
31.52300
 21
158.44300
  0
LINE
  8
Gravur
 62
   255
 39
0.200
  6
CONTINUOUS
 10
31.52300
 20
158.44300
 30
 0
 11
31.56600
 21
158.38800
  0
LINE
  8
Gravur
 62
   255
 39
0.200
  6
CONTINUOUS
 10
31.56600
 20
158.38800
 30
 0
 11
31.61600
 21
158.34000
  0
LINE
  8
Gravur
 62
   255
 39
0.200
  6
CONTINUOUS
 10
31.61600
 20
158.34000
 30
 0
 11
31.67200
 21
158.29900
  0
LINE
  8
Gravur
 62
   255
 39
0.200
  6
CONTINUOUS
 10
31.67200
 20
158.29900
 30
 0
 11
31.73100
 21
158.26800
  0
LINE
  8
Gravur
 62
   255
 39
0.200
  6
CONTINUOUS
 10
31.73100
 20
158.26800
 30
 0
 11
31.79400
 21
158.24600
  0
LINE
  8
Gravur
 62
   255
 39
0.200
  6
CONTINUOUS
 10
31.79400
 20
158.24600
 30
 0
 11
31.85900
 21
158.23300
  0
LINE
  8
Gravur
 62
   255
 39
0.200
  6
CONTINUOUS
 10
31.85900
 20
158.23300
 30
 0
 11
31.85900
 21
158.23300
  0
LINE
  8
Gravur
 62
   255
 39
0.200
  6
CONTINUOUS
 10
31.85900
 20
158.23300
 30
 0
 11
31.93000
 21
158.23700
  0
LINE
  8
Gravur
 62
   255
 39
0.200
  6
CONTINUOUS
 10
31.93000
 20
158.23700
 30
 0
 11
32.00000
 21
158.25300
  0
LINE
  8
Gravur
 62
   255
 39
0.200
  6
CONTINUOUS
 10
32.00000
 20
158.25300
 30
 0
 11
32.06800
 21
158.28000
  0
LINE
  8
Gravur
 62
   255
 39
0.200
  6
CONTINUOUS
 10
32.06800
 20
158.28000
 30
 0
 11
32.13000
 21
158.31900
  0
LINE
  8
Gravur
 62
   255
 39
0.200
  6
CONTINUOUS
 10
32.13000
 20
158.31900
 30
 0
 11
32.18700
 21
158.36700
  0
LINE
  8
Gravur
 62
   255
 39
0.200
  6
CONTINUOUS
 10
32.18700
 20
158.36700
 30
 0
 11
32.23700
 21
158.42400
  0
LINE
  8
Gravur
 62
   255
 39
0.200
  6
CONTINUOUS
 10
32.23700
 20
158.42400
 30
 0
 11
32.27800
 21
158.48900
  0
LINE
  8
Gravur
 62
   255
 39
0.200
  6
CONTINUOUS
 10
32.27800
 20
158.48900
 30
 0
 11
32.31000
 21
158.55900
  0
LINE
  8
Gravur
 62
   255
 39
0.200
  6
CONTINUOUS
 10
32.31000
 20
158.55900
 30
 0
 11
32.33200
 21
158.63500
  0
LINE
  8
Gravur
 62
   255
 39
0.200
  6
CONTINUOUS
 10
32.33200
 20
158.63500
 30
 0
 11
32.34500
 21
158.71300
  0
LINE
  8
Gravur
 62
   255
 39
0.200
  6
CONTINUOUS
 10
32.34500
 20
158.71300
 30
 0
 11
32.34500
 21
159.19300
  0
LINE
  8
Gravur
 62
   255
 39
0.200
  6
CONTINUOUS
 10
32.34500
 20
159.19300
 30
 0
 11
32.33200
 21
159.26900
  0
LINE
  8
Gravur
 62
   255
 39
0.200
  6
CONTINUOUS
 10
32.33200
 20
159.26900
 30
 0
 11
32.31000
 21
159.34200
  0
LINE
  8
Gravur
 62
   255
 39
0.200
  6
CONTINUOUS
 10
32.31000
 20
159.34200
 30
 0
 11
32.27800
 21
159.41000
  0
LINE
  8
Gravur
 62
   255
 39
0.200
  6
CONTINUOUS
 10
32.27800
 20
159.41000
 30
 0
 11
32.23900
 21
159.47300
  0
LINE
  8
Gravur
 62
   255
 39
0.200
  6
CONTINUOUS
 10
32.23900
 20
159.47300
 30
 0
 11
32.19100
 21
159.52900
  0
LINE
  8
Gravur
 62
   255
 39
0.200
  6
CONTINUOUS
 10
32.19100
 20
159.52900
 30
 0
 11
32.13700
 21
159.57700
  0
LINE
  8
Gravur
 62
   255
 39
0.200
  6
CONTINUOUS
 10
32.13700
 20
159.57700
 30
 0
 11
32.07800
 21
159.61600
  0
LINE
  8
Gravur
 62
   255
 39
0.200
  6
CONTINUOUS
 10
32.07800
 20
159.61600
 30
 0
 11
32.01400
 21
159.64500
  0
LINE
  8
Gravur
 62
   255
 39
0.200
  6
CONTINUOUS
 10
32.01400
 20
159.64500
 30
 0
 11
31.94600
 21
159.66400
  0
LINE
  8
Gravur
 62
   255
 39
0.200
  6
CONTINUOUS
 10
31.94600
 20
159.66400
 30
 0
 11
31.87700
 21
159.67200
  0
LINE
  8
Gravur
 62
   255
 39
0.200
  6
CONTINUOUS
 10
31.87700
 20
159.67200
 30
 0
 11
31.80900
 21
159.66900
  0
LINE
  8
Gravur
 62
   255
 39
0.200
  6
CONTINUOUS
 10
31.80900
 20
159.66900
 30
 0
 11
31.74000
 21
159.65500
  0
LINE
  8
Gravur
 62
   255
 39
0.200
  6
CONTINUOUS
 10
31.74000
 20
159.65500
 30
 0
 11
31.67400
 21
159.63100
  0
LINE
  8
Gravur
 62
   255
 39
0.200
  6
CONTINUOUS
 10
31.67400
 20
159.63100
 30
 0
 11
31.61200
 21
159.59600
  0
LINE
  8
Gravur
 62
   255
 39
0.200
  6
CONTINUOUS
 10
31.61200
 20
159.59600
 30
 0
 11
31.55600
 21
159.55200
  0
LINE
  8
Gravur
 62
   255
 39
0.200
  6
CONTINUOUS
 10
31.55600
 20
159.55200
 30
 0
 11
31.50500
 21
159.50000
  0
LINE
  8
Gravur
 62
   255
 39
0.200
  6
CONTINUOUS
 10
31.50500
 20
159.50000
 30
 0
 11
31.46200
 21
159.44000
  0
LINE
  8
Gravur
 62
   255
 39
0.200
  6
CONTINUOUS
 10
31.46200
 20
159.44000
 30
 0
 11
31.42700
 21
159.37300
  0
LINE
  8
Gravur
 62
   255
 39
0.200
  6
CONTINUOUS
 10
11.10400
 20
148.21600
 30
 0
 11
11.10300
 21
148.29000
  0
LINE
  8
Gravur
 62
   255
 39
0.200
  6
CONTINUOUS
 10
11.10300
 20
148.29000
 30
 0
 11
11.11200
 21
148.36400
  0
LINE
  8
Gravur
 62
   255
 39
0.200
  6
CONTINUOUS
 10
11.11200
 20
148.36400
 30
 0
 11
11.13000
 21
148.43500
  0
LINE
  8
Gravur
 62
   255
 39
0.200
  6
CONTINUOUS
 10
11.13000
 20
148.43500
 30
 0
 11
11.15900
 21
148.50200
  0
LINE
  8
Gravur
 62
   255
 39
0.200
  6
CONTINUOUS
 10
11.15900
 20
148.50200
 30
 0
 11
11.19500
 21
148.56400
  0
LINE
  8
Gravur
 62
   255
 39
0.200
  6
CONTINUOUS
 10
11.19500
 20
148.56400
 30
 0
 11
11.24000
 21
148.61900
  0
LINE
  8
Gravur
 62
   255
 39
0.200
  6
CONTINUOUS
 10
11.24000
 20
148.61900
 30
 0
 11
11.29100
 21
148.66600
  0
LINE
  8
Gravur
 62
   255
 39
0.200
  6
CONTINUOUS
 10
11.29100
 20
148.66600
 30
 0
 11
11.34900
 21
148.70400
  0
LINE
  8
Gravur
 62
   255
 39
0.200
  6
CONTINUOUS
 10
11.34900
 20
148.70400
 30
 0
 11
11.41100
 21
148.73200
  0
LINE
  8
Gravur
 62
   255
 39
0.200
  6
CONTINUOUS
 10
11.41100
 20
148.73200
 30
 0
 11
11.47600
 21
148.75000
  0
LINE
  8
Gravur
 62
   255
 39
0.200
  6
CONTINUOUS
 10
11.47600
 20
148.75000
 30
 0
 11
11.53600
 21
148.75600
  0
LINE
  8
Gravur
 62
   255
 39
0.200
  6
CONTINUOUS
 10
11.53600
 20
148.75600
 30
 0
 11
11.60600
 21
148.75400
  0
LINE
  8
Gravur
 62
   255
 39
0.200
  6
CONTINUOUS
 10
11.60600
 20
148.75400
 30
 0
 11
11.67500
 21
148.74100
  0
LINE
  8
Gravur
 62
   255
 39
0.200
  6
CONTINUOUS
 10
11.67500
 20
148.74100
 30
 0
 11
11.74100
 21
148.71600
  0
LINE
  8
Gravur
 62
   255
 39
0.200
  6
CONTINUOUS
 10
11.74100
 20
148.71600
 30
 0
 11
11.80300
 21
148.68100
  0
LINE
  8
Gravur
 62
   255
 39
0.200
  6
CONTINUOUS
 10
11.80300
 20
148.68100
 30
 0
 11
11.85900
 21
148.63600
  0
LINE
  8
Gravur
 62
   255
 39
0.200
  6
CONTINUOUS
 10
11.85900
 20
148.63600
 30
 0
 11
11.91000
 21
148.58200
  0
LINE
  8
Gravur
 62
   255
 39
0.200
  6
CONTINUOUS
 10
11.91000
 20
148.58200
 30
 0
 11
11.95200
 21
148.52100
  0
LINE
  8
Gravur
 62
   255
 39
0.200
  6
CONTINUOUS
 10
11.95200
 20
148.52100
 30
 0
 11
11.98500
 21
148.45300
  0
LINE
  8
Gravur
 62
   255
 39
0.200
  6
CONTINUOUS
 10
11.98500
 20
148.45300
 30
 0
 11
12.01000
 21
148.38100
  0
LINE
  8
Gravur
 62
   255
 39
0.200
  6
CONTINUOUS
 10
12.01000
 20
148.38100
 30
 0
 11
12.02500
 21
148.30500
  0
LINE
  8
Gravur
 62
   255
 39
0.200
  6
CONTINUOUS
 10
12.02500
 20
148.30500
 30
 0
 11
12.03000
 21
148.22800
  0
LINE
  8
Gravur
 62
   255
 39
0.200
  6
CONTINUOUS
 10
12.03000
 20
148.22800
 30
 0
 11
12.02300
 21
148.15100
  0
LINE
  8
Gravur
 62
   255
 39
0.200
  6
CONTINUOUS
 10
12.02300
 20
148.15100
 30
 0
 11
12.00700
 21
148.07600
  0
LINE
  8
Gravur
 62
   255
 39
0.200
  6
CONTINUOUS
 10
12.00700
 20
148.07600
 30
 0
 11
11.98100
 21
148.00400
  0
LINE
  8
Gravur
 62
   255
 39
0.200
  6
CONTINUOUS
 10
11.98100
 20
148.00400
 30
 0
 11
11.96800
 21
147.97600
  0
LINE
  8
Gravur
 62
   255
 39
0.200
  6
CONTINUOUS
 10
11.96800
 20
147.97600
 30
 0
 11
11.10400
 21
146.35600
  0
LINE
  8
Gravur
 62
   255
 39
0.200
  6
CONTINUOUS
 10
11.10400
 20
146.35600
 30
 0
 11
12.02200
 21
146.35600
  0
LINE
  8
Gravur
 62
   255
 39
0.200
  6
CONTINUOUS
 10
13.12600
 20
141.42500
 30
 0
 11
13.61200
 21
142.02500
  0
LINE
  8
Gravur
 62
   255
 39
0.200
  6
CONTINUOUS
 10
13.61200
 20
142.02500
 30
 0
 11
13.61200
 21
139.62500
  0
LINE
  8
Gravur
 62
   255
 39
0.200
  6
CONTINUOUS
 10
17.68400
 20
135.01900
 30
 0
 11
17.68900
 21
134.93900
  0
LINE
  8
Gravur
 62
   255
 39
0.200
  6
CONTINUOUS
 10
17.68900
 20
134.93900
 30
 0
 11
17.70600
 21
134.86000
  0
LINE
  8
Gravur
 62
   255
 39
0.200
  6
CONTINUOUS
 10
17.70600
 20
134.86000
 30
 0
 11
17.73200
 21
134.78500
  0
LINE
  8
Gravur
 62
   255
 39
0.200
  6
CONTINUOUS
 10
17.73200
 20
134.78500
 30
 0
 11
17.76900
 21
134.71500
  0
LINE
  8
Gravur
 62
   255
 39
0.200
  6
CONTINUOUS
 10
17.76900
 20
134.71500
 30
 0
 11
17.81400
 21
134.65200
  0
LINE
  8
Gravur
 62
   255
 39
0.200
  6
CONTINUOUS
 10
17.81400
 20
134.65200
 30
 0
 11
17.86700
 21
134.59700
  0
LINE
  8
Gravur
 62
   255
 39
0.200
  6
CONTINUOUS
 10
17.86700
 20
134.59700
 30
 0
 11
17.92700
 21
134.55100
  0
LINE
  8
Gravur
 62
   255
 39
0.200
  6
CONTINUOUS
 10
17.92700
 20
134.55100
 30
 0
 11
17.99300
 21
134.51600
  0
LINE
  8
Gravur
 62
   255
 39
0.200
  6
CONTINUOUS
 10
17.99300
 20
134.51600
 30
 0
 11
18.06200
 21
134.49300
  0
LINE
  8
Gravur
 62
   255
 39
0.200
  6
CONTINUOUS
 10
18.06200
 20
134.49300
 30
 0
 11
18.13400
 21
134.48100
  0
LINE
  8
Gravur
 62
   255
 39
0.200
  6
CONTINUOUS
 10
18.13400
 20
134.48100
 30
 0
 11
18.20600
 21
134.48100
  0
LINE
  8
Gravur
 62
   255
 39
0.200
  6
CONTINUOUS
 10
18.20600
 20
134.48100
 30
 0
 11
18.27800
 21
134.49300
  0
LINE
  8
Gravur
 62
   255
 39
0.200
  6
CONTINUOUS
 10
18.27800
 20
134.49300
 30
 0
 11
18.34700
 21
134.51600
  0
LINE
  8
Gravur
 62
   255
 39
0.200
  6
CONTINUOUS
 10
18.34700
 20
134.51600
 30
 0
 11
18.41300
 21
134.55100
  0
LINE
  8
Gravur
 62
   255
 39
0.200
  6
CONTINUOUS
 10
18.41300
 20
134.55100
 30
 0
 11
18.47300
 21
134.59700
  0
LINE
  8
Gravur
 62
   255
 39
0.200
  6
CONTINUOUS
 10
18.47300
 20
134.59700
 30
 0
 11
18.52600
 21
134.65200
  0
LINE
  8
Gravur
 62
   255
 39
0.200
  6
CONTINUOUS
 10
18.52600
 20
134.65200
 30
 0
 11
18.57100
 21
134.71500
  0
LINE
  8
Gravur
 62
   255
 39
0.200
  6
CONTINUOUS
 10
18.57100
 20
134.71500
 30
 0
 11
18.60800
 21
134.78500
  0
LINE
  8
Gravur
 62
   255
 39
0.200
  6
CONTINUOUS
 10
18.60800
 20
134.78500
 30
 0
 11
18.63400
 21
134.86000
  0
LINE
  8
Gravur
 62
   255
 39
0.200
  6
CONTINUOUS
 10
18.63400
 20
134.86000
 30
 0
 11
18.65100
 21
134.93900
  0
LINE
  8
Gravur
 62
   255
 39
0.200
  6
CONTINUOUS
 10
18.65100
 20
134.93900
 30
 0
 11
18.65600
 21
135.01900
  0
LINE
  8
Gravur
 62
   255
 39
0.200
  6
CONTINUOUS
 10
18.65600
 20
135.01900
 30
 0
 11
18.65600
 21
136.33900
  0
LINE
  8
Gravur
 62
   255
 39
0.200
  6
CONTINUOUS
 10
18.65600
 20
136.33900
 30
 0
 11
18.65100
 21
136.41900
  0
LINE
  8
Gravur
 62
   255
 39
0.200
  6
CONTINUOUS
 10
18.65100
 20
136.41900
 30
 0
 11
18.63400
 21
136.49800
  0
LINE
  8
Gravur
 62
   255
 39
0.200
  6
CONTINUOUS
 10
18.63400
 20
136.49800
 30
 0
 11
18.60800
 21
136.57300
  0
LINE
  8
Gravur
 62
   255
 39
0.200
  6
CONTINUOUS
 10
18.60800
 20
136.57300
 30
 0
 11
18.57100
 21
136.64300
  0
LINE
  8
Gravur
 62
   255
 39
0.200
  6
CONTINUOUS
 10
18.57100
 20
136.64300
 30
 0
 11
18.52600
 21
136.70600
  0
LINE
  8
Gravur
 62
   255
 39
0.200
  6
CONTINUOUS
 10
18.52600
 20
136.70600
 30
 0
 11
18.47300
 21
136.76100
  0
LINE
  8
Gravur
 62
   255
 39
0.200
  6
CONTINUOUS
 10
18.47300
 20
136.76100
 30
 0
 11
18.41300
 21
136.80700
  0
LINE
  8
Gravur
 62
   255
 39
0.200
  6
CONTINUOUS
 10
18.41300
 20
136.80700
 30
 0
 11
18.34700
 21
136.84200
  0
LINE
  8
Gravur
 62
   255
 39
0.200
  6
CONTINUOUS
 10
18.34700
 20
136.84200
 30
 0
 11
18.27800
 21
136.86500
  0
LINE
  8
Gravur
 62
   255
 39
0.200
  6
CONTINUOUS
 10
18.27800
 20
136.86500
 30
 0
 11
18.20600
 21
136.87700
  0
LINE
  8
Gravur
 62
   255
 39
0.200
  6
CONTINUOUS
 10
18.20600
 20
136.87700
 30
 0
 11
18.13400
 21
136.87700
  0
LINE
  8
Gravur
 62
   255
 39
0.200
  6
CONTINUOUS
 10
18.13400
 20
136.87700
 30
 0
 11
18.06200
 21
136.86500
  0
LINE
  8
Gravur
 62
   255
 39
0.200
  6
CONTINUOUS
 10
18.06200
 20
136.86500
 30
 0
 11
17.99300
 21
136.84200
  0
LINE
  8
Gravur
 62
   255
 39
0.200
  6
CONTINUOUS
 10
17.99300
 20
136.84200
 30
 0
 11
17.92700
 21
136.80700
  0
LINE
  8
Gravur
 62
   255
 39
0.200
  6
CONTINUOUS
 10
17.92700
 20
136.80700
 30
 0
 11
17.86700
 21
136.76100
  0
LINE
  8
Gravur
 62
   255
 39
0.200
  6
CONTINUOUS
 10
17.86700
 20
136.76100
 30
 0
 11
17.81400
 21
136.70600
  0
LINE
  8
Gravur
 62
   255
 39
0.200
  6
CONTINUOUS
 10
17.81400
 20
136.70600
 30
 0
 11
17.76900
 21
136.64300
  0
LINE
  8
Gravur
 62
   255
 39
0.200
  6
CONTINUOUS
 10
17.76900
 20
136.64300
 30
 0
 11
17.73200
 21
136.57300
  0
LINE
  8
Gravur
 62
   255
 39
0.200
  6
CONTINUOUS
 10
17.73200
 20
136.57300
 30
 0
 11
17.70600
 21
136.49800
  0
LINE
  8
Gravur
 62
   255
 39
0.200
  6
CONTINUOUS
 10
17.70600
 20
136.49800
 30
 0
 11
17.68900
 21
136.41900
  0
LINE
  8
Gravur
 62
   255
 39
0.200
  6
CONTINUOUS
 10
17.68900
 20
136.41900
 30
 0
 11
17.68400
 21
136.33900
  0
LINE
  8
Gravur
 62
   255
 39
0.200
  6
CONTINUOUS
 10
17.68400
 20
136.33900
 30
 0
 11
17.68400
 21
135.01900
  0
LINE
  8
Gravur
 62
   255
 39
0.200
  6
CONTINUOUS
 10
18.41300
 20
160.63300
 30
 0
 11
17.71100
 21
158.83300
  0
LINE
  8
Gravur
 62
   255
 39
0.200
  6
CONTINUOUS
 10
17.71100
 20
158.83300
 30
 0
 11
18.62900
 21
158.83300
  0
LINE
  8
Gravur
 62
   255
 39
0.200
  6
CONTINUOUS
 10
18.41300
 20
159.43300
 30
 0
 11
18.41300
 21
158.23300
  0
LINE
  8
Gravur
 62
   255
 39
0.200
  6
CONTINUOUS
 10
23.76000
 20
147.60700
 30
 0
 11
26.26000
 21
147.60700
  0
LINE
  8
Gravur
 62
   255
 39
0.200
  6
CONTINUOUS
 10
25.01000
 20
148.85700
 30
 0
 11
25.01000
 21
146.35700
  0
LINE
  8
Gravur
 62
   255
 39
0.200
  6
CONTINUOUS
 10
33.14100
 20
139.47500
 30
 0
 11
28.89900
 21
143.71700
  0
LINE
  8
Gravur
 62
   255
 39
0.200
  6
CONTINUOUS
 10
28.89900
 20
143.71700
 30
 0
 11
28.89900
 21
143.71700
  0
LINE
  8
Gravur
 62
   255
 39
0.200
  6
CONTINUOUS
 10
30.32300
 20
146.18300
 30
 0
 11
30.32300
 21
146.18300
  0
LINE
  8
Gravur
 62
   255
 39
0.200
  6
CONTINUOUS
 10
30.32300
 20
146.18300
 30
 0
 11
36.11700
 21
144.63000
  0
LINE
  8
Gravur
 62
   255
 39
0.200
  6
CONTINUOUS
 10
36.11700
 20
150.58300
 30
 0
 11
30.32300
 21
149.03000
  0
LINE
  8
Gravur
 62
   255
 39
0.200
  6
CONTINUOUS
 10
30.32300
 20
149.03000
 30
 0
 11
30.32300
 21
149.03000
  0
LINE
  8
Gravur
 62
   255
 39
0.200
  6
CONTINUOUS
 10
28.89900
 20
151.49600
 30
 0
 11
28.89900
 21
151.49600
  0
LINE
  8
Gravur
 62
   255
 39
0.200
  6
CONTINUOUS
 10
28.89900
 20
151.49600
 30
 0
 11
33.14100
 21
155.73800
  0
LINE
  8
Gravur
 62
   255
 39
0.200
  6
CONTINUOUS
 10
27.98600
 20
158.71400
 30
 0
 11
26.43300
 21
152.92000
  0
LINE
  8
Gravur
 62
   255
 39
0.200
  6
CONTINUOUS
 10
26.43300
 20
152.92000
 30
 0
 11
26.43300
 21
152.92000
  0
LINE
  8
Gravur
 62
   255
 39
0.200
  6
CONTINUOUS
 10
23.58600
 20
152.92000
 30
 0
 11
23.58600
 21
152.92000
  0
LINE
  8
Gravur
 62
   255
 39
0.200
  6
CONTINUOUS
 10
23.58600
 20
152.92000
 30
 0
 11
22.03300
 21
158.71400
  0
LINE
  8
Gravur
 62
   255
 39
0.200
  6
CONTINUOUS
 10
16.87800
 20
155.73800
 30
 0
 11
21.12000
 21
151.49600
  0
LINE
  8
Gravur
 62
   255
 39
0.200
  6
CONTINUOUS
 10
21.12000
 20
151.49600
 30
 0
 11
21.12000
 21
151.49600
  0
LINE
  8
Gravur
 62
   255
 39
0.200
  6
CONTINUOUS
 10
19.69700
 20
149.03000
 30
 0
 11
19.69700
 21
149.03000
  0
LINE
  8
Gravur
 62
   255
 39
0.200
  6
CONTINUOUS
 10
19.69700
 20
149.03000
 30
 0
 11
13.90200
 21
150.58300
  0
LINE
  8
Gravur
 62
   255
 39
0.200
  6
CONTINUOUS
 10
13.90200
 20
144.63000
 30
 0
 11
19.69700
 21
146.18300
  0
LINE
  8
Gravur
 62
   255
 39
0.200
  6
CONTINUOUS
 10
19.69700
 20
146.18300
 30
 0
 11
19.69700
 21
146.18300
  0
LINE
  8
Gravur
 62
   255
 39
0.200
  6
CONTINUOUS
 10
21.12000
 20
143.71700
 30
 0
 11
21.12000
 21
143.71700
  0
LINE
  8
Gravur
 62
   255
 39
0.200
  6
CONTINUOUS
 10
21.12000
 20
143.71700
 30
 0
 11
16.87800
 21
139.47500
  0
LINE
  8
Gravur
 62
   255
 39
0.200
  6
CONTINUOUS
 10
208.18900
 20
110.84200
 30
 0
 11
208.84300
 21
110.84200
  0
LINE
  8
Gravur
 62
   255
 39
0.200
  6
CONTINUOUS
 10
208.84300
 20
110.84200
 30
 0
 11
208.84300
 21
110.34700
  0
LINE
  8
Gravur
 62
   255
 39
0.200
  6
CONTINUOUS
 10
208.84300
 20
110.34700
 30
 0
 11
208.83200
 21
110.19000
  0
LINE
  8
Gravur
 62
   255
 39
0.200
  6
CONTINUOUS
 10
208.83200
 20
110.19000
 30
 0
 11
208.80100
 21
110.03600
  0
LINE
  8
Gravur
 62
   255
 39
0.200
  6
CONTINUOUS
 10
208.80100
 20
110.03600
 30
 0
 11
208.74800
 21
109.88900
  0
LINE
  8
Gravur
 62
   255
 39
0.200
  6
CONTINUOUS
 10
208.74800
 20
109.88900
 30
 0
 11
208.67800
 21
109.75200
  0
LINE
  8
Gravur
 62
   255
 39
0.200
  6
CONTINUOUS
 10
208.67800
 20
109.75200
 30
 0
 11
208.58900
 21
109.62900
  0
LINE
  8
Gravur
 62
   255
 39
0.200
  6
CONTINUOUS
 10
208.58900
 20
109.62900
 30
 0
 11
208.48500
 21
109.52100
  0
LINE
  8
Gravur
 62
   255
 39
0.200
  6
CONTINUOUS
 10
208.48500
 20
109.52100
 30
 0
 11
208.36800
 21
109.43200
  0
LINE
  8
Gravur
 62
   255
 39
0.200
  6
CONTINUOUS
 10
208.36800
 20
109.43200
 30
 0
 11
208.24000
 21
109.36400
  0
LINE
  8
Gravur
 62
   255
 39
0.200
  6
CONTINUOUS
 10
208.24000
 20
109.36400
 30
 0
 11
208.10400
 21
109.31700
  0
LINE
  8
Gravur
 62
   255
 39
0.200
  6
CONTINUOUS
 10
208.10400
 20
109.31700
 30
 0
 11
207.96400
 21
109.29400
  0
LINE
  8
Gravur
 62
   255
 39
0.200
  6
CONTINUOUS
 10
207.96400
 20
109.29400
 30
 0
 11
207.82100
 21
109.29400
  0
LINE
  8
Gravur
 62
   255
 39
0.200
  6
CONTINUOUS
 10
207.82100
 20
109.29400
 30
 0
 11
207.68100
 21
109.31700
  0
LINE
  8
Gravur
 62
   255
 39
0.200
  6
CONTINUOUS
 10
207.68100
 20
109.31700
 30
 0
 11
207.54500
 21
109.36400
  0
LINE
  8
Gravur
 62
   255
 39
0.200
  6
CONTINUOUS
 10
207.54500
 20
109.36400
 30
 0
 11
207.41700
 21
109.43200
  0
LINE
  8
Gravur
 62
   255
 39
0.200
  6
CONTINUOUS
 10
207.41700
 20
109.43200
 30
 0
 11
207.30000
 21
109.52100
  0
LINE
  8
Gravur
 62
   255
 39
0.200
  6
CONTINUOUS
 10
207.30000
 20
109.52100
 30
 0
 11
207.19600
 21
109.62900
  0
LINE
  8
Gravur
 62
   255
 39
0.200
  6
CONTINUOUS
 10
207.19600
 20
109.62900
 30
 0
 11
207.10700
 21
109.75200
  0
LINE
  8
Gravur
 62
   255
 39
0.200
  6
CONTINUOUS
 10
207.10700
 20
109.75200
 30
 0
 11
207.03700
 21
109.88900
  0
LINE
  8
Gravur
 62
   255
 39
0.200
  6
CONTINUOUS
 10
207.03700
 20
109.88900
 30
 0
 11
206.98400
 21
110.03600
  0
LINE
  8
Gravur
 62
   255
 39
0.200
  6
CONTINUOUS
 10
206.98400
 20
110.03600
 30
 0
 11
206.95300
 21
110.19000
  0
LINE
  8
Gravur
 62
   255
 39
0.200
  6
CONTINUOUS
 10
206.95300
 20
110.19000
 30
 0
 11
206.94200
 21
110.34700
  0
LINE
  8
Gravur
 62
   255
 39
0.200
  6
CONTINUOUS
 10
206.94200
 20
110.34700
 30
 0
 11
206.94200
 21
111.33700
  0
LINE
  8
Gravur
 62
   255
 39
0.200
  6
CONTINUOUS
 10
206.94200
 20
111.33700
 30
 0
 11
206.94800
 21
111.48600
  0
LINE
  8
Gravur
 62
   255
 39
0.200
  6
CONTINUOUS
 10
206.94800
 20
111.48600
 30
 0
 11
206.97400
 21
111.63300
  0
LINE
  8
Gravur
 62
   255
 39
0.200
  6
CONTINUOUS
 10
206.97400
 20
111.63300
 30
 0
 11
207.01900
 21
111.77300
  0
LINE
  8
Gravur
 62
   255
 39
0.200
  6
CONTINUOUS
 10
207.01900
 20
111.77300
 30
 0
 11
207.08300
 21
111.90500
  0
LINE
  8
Gravur
 62
   255
 39
0.200
  6
CONTINUOUS
 10
207.08300
 20
111.90500
 30
 0
 11
207.16300
 21
112.02500
  0
LINE
  8
Gravur
 62
   255
 39
0.200
  6
CONTINUOUS
 10
207.16300
 20
112.02500
 30
 0
 11
207.25800
 21
112.13100
  0
LINE
  8
Gravur
 62
   255
 39
0.200
  6
CONTINUOUS
 10
207.25800
 20
112.13100
 30
 0
 11
207.36500
 21
112.22000
  0
LINE
  8
Gravur
 62
   255
 39
0.200
  6
CONTINUOUS
 10
207.36500
 20
112.22000
 30
 0
 11
207.48400
 21
112.29100
  0
LINE
  8
Gravur
 62
   255
 39
0.200
  6
CONTINUOUS
 10
207.48400
 20
112.29100
 30
 0
 11
207.61000
 21
112.34200
  0
LINE
  8
Gravur
 62
   255
 39
0.200
  6
CONTINUOUS
 10
207.61000
 20
112.34200
 30
 0
 11
207.74200
 21
112.37100
  0
LINE
  8
Gravur
 62
   255
 39
0.200
  6
CONTINUOUS
 10
207.74200
 20
112.37100
 30
 0
 11
207.87600
 21
112.37900
  0
LINE
  8
Gravur
 62
   255
 39
0.200
  6
CONTINUOUS
 10
207.87600
 20
112.37900
 30
 0
 11
208.00900
 21
112.36500
  0
LINE
  8
Gravur
 62
   255
 39
0.200
  6
CONTINUOUS
 10
208.00900
 20
112.36500
 30
 0
 11
208.14000
 21
112.33000
  0
LINE
  8
Gravur
 62
   255
 39
0.200
  6
CONTINUOUS
 10
208.14000
 20
112.33000
 30
 0
 11
208.26500
 21
112.27300
  0
LINE
  8
Gravur
 62
   255
 39
0.200
  6
CONTINUOUS
 10
208.26500
 20
112.27300
 30
 0
 11
208.38000
 21
112.19700
  0
LINE
  8
Gravur
 62
   255
 39
0.200
  6
CONTINUOUS
 10
208.38000
 20
112.19700
 30
 0
 11
208.48500
 21
112.10300
  0
LINE
  8
Gravur
 62
   255
 39
0.200
  6
CONTINUOUS
 10
208.48500
 20
112.10300
 30
 0
 11
208.57600
 21
111.99300
  0
LINE
  8
Gravur
 62
   255
 39
0.200
  6
CONTINUOUS
 10
208.57600
 20
111.99300
 30
 0
 11
208.63500
 21
111.89800
  0
LINE
  8
Gravur
 62
   255
 39
0.200
  6
CONTINUOUS
 10
209.85300
 20
110.18200
 30
 0
 11
211.33800
 21
110.18200
  0
LINE
  8
Gravur
 62
   255
 39
0.200
  6
CONTINUOUS
 10
209.55600
 20
109.35700
 30
 0
 11
210.59500
 21
112.32700
  0
LINE
  8
Gravur
 62
   255
 39
0.200
  6
CONTINUOUS
 10
210.59500
 20
112.32700
 30
 0
 11
211.63500
 21
109.35700
  0
LINE
  8
Gravur
 62
   255
 39
0.200
  6
CONTINUOUS
 10
212.34700
 20
112.32700
 30
 0
 11
214.12900
 21
112.32700
  0
LINE
  8
Gravur
 62
   255
 39
0.200
  6
CONTINUOUS
 10
214.12900
 20
112.32700
 30
 0
 11
213.23800
 21
112.32700
  0
LINE
  8
Gravur
 62
   255
 39
0.200
  6
CONTINUOUS
 10
213.23800
 20
112.32700
 30
 0
 11
213.23800
 21
109.35700
  0
LINE
  8
Gravur
 62
   255
 39
0.200
  6
CONTINUOUS
 10
214.84200
 20
110.84200
 30
 0
 11
216.32700
 21
110.84200
  0
LINE
  8
Gravur
 62
   255
 39
0.200
  6
CONTINUOUS
 10
216.62400
 20
112.32700
 30
 0
 11
214.84200
 21
112.32700
  0
LINE
  8
Gravur
 62
   255
 39
0.200
  6
CONTINUOUS
 10
214.84200
 20
112.32700
 30
 0
 11
214.84200
 21
109.35700
  0
LINE
  8
Gravur
 62
   255
 39
0.200
  6
CONTINUOUS
 10
214.84200
 20
109.35700
 30
 0
 11
216.62400
 21
109.35700
  0
LINE
  8
Gravur
 62
   255
 39
0.200
  6
CONTINUOUS
 10
294.29400
 20
26.85500
 30
 0
 11
219.89400
 21
26.90100
  0
LINE
  8
Gravur
 62
   255
 39
0.200
  6
CONTINUOUS
 10
115.09200
 20
101.00000
 30
 0
 11
115.09200
 21
104.00000
  0
LINE
  8
Gravur
 62
   255
 39
0.200
  6
CONTINUOUS
 10
115.09200
 20
104.00000
 30
 0
 11
115.69900
 21
104.00000
  0
LINE
  8
Gravur
 62
   255
 39
0.200
  6
CONTINUOUS
 10
115.69900
 20
104.00000
 30
 0
 11
115.80000
 21
103.99200
  0
LINE
  8
Gravur
 62
   255
 39
0.200
  6
CONTINUOUS
 10
115.80000
 20
103.99200
 30
 0
 11
115.89800
 21
103.96700
  0
LINE
  8
Gravur
 62
   255
 39
0.200
  6
CONTINUOUS
 10
115.89800
 20
103.96700
 30
 0
 11
115.99200
 21
103.92600
  0
LINE
  8
Gravur
 62
   255
 39
0.200
  6
CONTINUOUS
 10
115.99200
 20
103.92600
 30
 0
 11
116.07900
 21
103.87000
  0
LINE
  8
Gravur
 62
   255
 39
0.200
  6
CONTINUOUS
 10
116.07900
 20
103.87000
 30
 0
 11
116.15800
 21
103.80000
  0
LINE
  8
Gravur
 62
   255
 39
0.200
  6
CONTINUOUS
 10
116.15800
 20
103.80000
 30
 0
 11
116.22700
 21
103.71800
  0
LINE
  8
Gravur
 62
   255
 39
0.200
  6
CONTINUOUS
 10
116.22700
 20
103.71800
 30
 0
 11
116.28400
 21
103.62500
  0
LINE
  8
Gravur
 62
   255
 39
0.200
  6
CONTINUOUS
 10
116.28400
 20
103.62500
 30
 0
 11
116.32700
 21
103.52400
  0
LINE
  8
Gravur
 62
   255
 39
0.200
  6
CONTINUOUS
 10
116.32700
 20
103.52400
 30
 0
 11
116.35700
 21
103.41700
  0
LINE
  8
Gravur
 62
   255
 39
0.200
  6
CONTINUOUS
 10
116.35700
 20
103.41700
 30
 0
 11
116.37200
 21
103.30600
  0
LINE
  8
Gravur
 62
   255
 39
0.200
  6
CONTINUOUS
 10
116.37200
 20
103.30600
 30
 0
 11
116.37200
 21
103.19400
  0
LINE
  8
Gravur
 62
   255
 39
0.200
  6
CONTINUOUS
 10
116.37200
 20
103.19400
 30
 0
 11
116.35700
 21
103.08300
  0
LINE
  8
Gravur
 62
   255
 39
0.200
  6
CONTINUOUS
 10
116.35700
 20
103.08300
 30
 0
 11
116.32700
 21
102.97600
  0
LINE
  8
Gravur
 62
   255
 39
0.200
  6
CONTINUOUS
 10
116.32700
 20
102.97600
 30
 0
 11
116.28400
 21
102.87500
  0
LINE
  8
Gravur
 62
   255
 39
0.200
  6
CONTINUOUS
 10
116.28400
 20
102.87500
 30
 0
 11
116.22700
 21
102.78200
  0
LINE
  8
Gravur
 62
   255
 39
0.200
  6
CONTINUOUS
 10
116.22700
 20
102.78200
 30
 0
 11
116.15800
 21
102.70000
  0
LINE
  8
Gravur
 62
   255
 39
0.200
  6
CONTINUOUS
 10
116.15800
 20
102.70000
 30
 0
 11
116.07900
 21
102.63000
  0
LINE
  8
Gravur
 62
   255
 39
0.200
  6
CONTINUOUS
 10
116.07900
 20
102.63000
 30
 0
 11
115.99200
 21
102.57400
  0
LINE
  8
Gravur
 62
   255
 39
0.200
  6
CONTINUOUS
 10
115.99200
 20
102.57400
 30
 0
 11
115.89800
 21
102.53300
  0
LINE
  8
Gravur
 62
   255
 39
0.200
  6
CONTINUOUS
 10
115.89800
 20
102.53300
 30
 0
 11
115.80000
 21
102.50800
  0
LINE
  8
Gravur
 62
   255
 39
0.200
  6
CONTINUOUS
 10
115.80000
 20
102.50800
 30
 0
 11
115.69900
 21
102.50000
  0
LINE
  8
Gravur
 62
   255
 39
0.200
  6
CONTINUOUS
 10
115.69900
 20
102.50000
 30
 0
 11
115.09200
 21
102.50000
  0
LINE
  8
Gravur
 62
   255
 39
0.200
  6
CONTINUOUS
 10
115.09200
 20
102.50000
 30
 0
 11
115.69900
 21
102.50000
  0
LINE
  8
Gravur
 62
   255
 39
0.200
  6
CONTINUOUS
 10
115.69900
 20
102.50000
 30
 0
 11
116.37400
 21
101.00000
  0
LINE
  8
Gravur
 62
   255
 39
0.200
  6
CONTINUOUS
 10
118.35400
 20
104.00000
 30
 0
 11
117.13900
 21
104.00000
  0
LINE
  8
Gravur
 62
   255
 39
0.200
  6
CONTINUOUS
 10
117.13900
 20
104.00000
 30
 0
 11
117.13900
 21
101.00000
  0
LINE
  8
Gravur
 62
   255
 39
0.200
  6
CONTINUOUS
 10
117.13900
 20
101.00000
 30
 0
 11
118.35400
 21
101.00000
  0
LINE
  8
Gravur
 62
   255
 39
0.200
  6
CONTINUOUS
 10
117.13900
 20
102.50000
 30
 0
 11
118.15200
 21
102.50000
  0
LINE
  8
Gravur
 62
   255
 39
0.200
  6
CONTINUOUS
 10
119.11900
 20
101.75000
 30
 0
 11
119.12600
 21
101.63800
  0
LINE
  8
Gravur
 62
   255
 39
0.200
  6
CONTINUOUS
 10
119.12600
 20
101.63800
 30
 0
 11
119.14900
 21
101.52900
  0
LINE
  8
Gravur
 62
   255
 39
0.200
  6
CONTINUOUS
 10
119.14900
 20
101.52900
 30
 0
 11
119.18600
 21
101.42500
  0
LINE
  8
Gravur
 62
   255
 39
0.200
  6
CONTINUOUS
 10
119.18600
 20
101.42500
 30
 0
 11
119.23600
 21
101.32800
  0
LINE
  8
Gravur
 62
   255
 39
0.200
  6
CONTINUOUS
 10
119.23600
 20
101.32800
 30
 0
 11
119.29900
 21
101.24000
  0
LINE
  8
Gravur
 62
   255
 39
0.200
  6
CONTINUOUS
 10
119.29900
 20
101.24000
 30
 0
 11
119.37300
 21
101.16400
  0
LINE
  8
Gravur
 62
   255
 39
0.200
  6
CONTINUOUS
 10
119.37300
 20
101.16400
 30
 0
 11
119.45700
 21
101.10000
  0
LINE
  8
Gravur
 62
   255
 39
0.200
  6
CONTINUOUS
 10
119.45700
 20
101.10000
 30
 0
 11
119.54800
 21
101.05200
  0
LINE
  8
Gravur
 62
   255
 39
0.200
  6
CONTINUOUS
 10
119.54800
 20
101.05200
 30
 0
 11
119.64400
 21
101.01900
  0
LINE
  8
Gravur
 62
   255
 39
0.200
  6
CONTINUOUS
 10
119.64400
 20
101.01900
 30
 0
 11
119.74400
 21
101.00200
  0
LINE
  8
Gravur
 62
   255
 39
0.200
  6
CONTINUOUS
 10
119.74400
 20
101.00200
 30
 0
 11
119.84500
 21
101.00200
  0
LINE
  8
Gravur
 62
   255
 39
0.200
  6
CONTINUOUS
 10
119.84500
 20
101.00200
 30
 0
 11
119.94400
 21
101.01900
  0
LINE
  8
Gravur
 62
   255
 39
0.200
  6
CONTINUOUS
 10
119.94400
 20
101.01900
 30
 0
 11
120.04100
 21
101.05200
  0
LINE
  8
Gravur
 62
   255
 39
0.200
  6
CONTINUOUS
 10
120.04100
 20
101.05200
 30
 0
 11
120.13200
 21
101.10000
  0
LINE
  8
Gravur
 62
   255
 39
0.200
  6
CONTINUOUS
 10
120.13200
 20
101.10000
 30
 0
 11
120.21500
 21
101.16400
  0
LINE
  8
Gravur
 62
   255
 39
0.200
  6
CONTINUOUS
 10
120.21500
 20
101.16400
 30
 0
 11
120.28900
 21
101.24000
  0
LINE
  8
Gravur
 62
   255
 39
0.200
  6
CONTINUOUS
 10
120.28900
 20
101.24000
 30
 0
 11
120.35200
 21
101.32800
  0
LINE
  8
Gravur
 62
   255
 39
0.200
  6
CONTINUOUS
 10
120.35200
 20
101.32800
 30
 0
 11
120.40300
 21
101.42500
  0
LINE
  8
Gravur
 62
   255
 39
0.200
  6
CONTINUOUS
 10
120.40300
 20
101.42500
 30
 0
 11
120.43900
 21
101.52900
  0
LINE
  8
Gravur
 62
   255
 39
0.200
  6
CONTINUOUS
 10
120.43900
 20
101.52900
 30
 0
 11
120.46200
 21
101.63800
  0
LINE
  8
Gravur
 62
   255
 39
0.200
  6
CONTINUOUS
 10
120.46200
 20
101.63800
 30
 0
 11
120.46900
 21
101.75000
  0
LINE
  8
Gravur
 62
   255
 39
0.200
  6
CONTINUOUS
 10
120.46900
 20
101.75000
 30
 0
 11
120.46300
 21
101.85700
  0
LINE
  8
Gravur
 62
   255
 39
0.200
  6
CONTINUOUS
 10
120.46300
 20
101.85700
 30
 0
 11
120.44300
 21
101.96200
  0
LINE
  8
Gravur
 62
   255
 39
0.200
  6
CONTINUOUS
 10
120.44300
 20
101.96200
 30
 0
 11
120.40900
 21
102.06200
  0
LINE
  8
Gravur
 62
   255
 39
0.200
  6
CONTINUOUS
 10
120.40900
 20
102.06200
 30
 0
 11
120.36300
 21
102.15600
  0
LINE
  8
Gravur
 62
   255
 39
0.200
  6
CONTINUOUS
 10
120.36300
 20
102.15600
 30
 0
 11
120.30500
 21
102.24200
  0
LINE
  8
Gravur
 62
   255
 39
0.200
  6
CONTINUOUS
 10
120.30500
 20
102.24200
 30
 0
 11
120.23700
 21
102.31800
  0
LINE
  8
Gravur
 62
   255
 39
0.200
  6
CONTINUOUS
 10
120.23700
 20
102.31800
 30
 0
 11
120.16000
 21
102.38200
  0
LINE
  8
Gravur
 62
   255
 39
0.200
  6
CONTINUOUS
 10
120.16000
 20
102.38200
 30
 0
 11
120.07500
 21
102.43300
  0
LINE
  8
Gravur
 62
   255
 39
0.200
  6
CONTINUOUS
 10
120.07500
 20
102.43300
 30
 0
 11
119.98500
 21
102.47100
  0
LINE
  8
Gravur
 62
   255
 39
0.200
  6
CONTINUOUS
 10
119.98500
 20
102.47100
 30
 0
 11
119.89000
 21
102.49300
  0
LINE
  8
Gravur
 62
   255
 39
0.200
  6
CONTINUOUS
 10
119.89000
 20
102.49300
 30
 0
 11
119.79400
 21
102.50000
  0
LINE
  8
Gravur
 62
   255
 39
0.200
  6
CONTINUOUS
 10
119.79400
 20
102.50000
 30
 0
 11
119.79400
 21
102.50000
  0
LINE
  8
Gravur
 62
   255
 39
0.200
  6
CONTINUOUS
 10
119.79400
 20
102.50000
 30
 0
 11
119.69300
 21
102.50800
  0
LINE
  8
Gravur
 62
   255
 39
0.200
  6
CONTINUOUS
 10
119.69300
 20
102.50800
 30
 0
 11
119.59500
 21
102.53300
  0
LINE
  8
Gravur
 62
   255
 39
0.200
  6
CONTINUOUS
 10
119.59500
 20
102.53300
 30
 0
 11
119.50200
 21
102.57400
  0
LINE
  8
Gravur
 62
   255
 39
0.200
  6
CONTINUOUS
 10
119.50200
 20
102.57400
 30
 0
 11
119.41400
 21
102.63000
  0
LINE
  8
Gravur
 62
   255
 39
0.200
  6
CONTINUOUS
 10
119.41400
 20
102.63000
 30
 0
 11
119.33500
 21
102.70000
  0
LINE
  8
Gravur
 62
   255
 39
0.200
  6
CONTINUOUS
 10
119.33500
 20
102.70000
 30
 0
 11
119.26700
 21
102.78200
  0
LINE
  8
Gravur
 62
   255
 39
0.200
  6
CONTINUOUS
 10
119.26700
 20
102.78200
 30
 0
 11
119.20900
 21
102.87500
  0
LINE
  8
Gravur
 62
   255
 39
0.200
  6
CONTINUOUS
 10
119.20900
 20
102.87500
 30
 0
 11
119.16600
 21
102.97600
  0
LINE
  8
Gravur
 62
   255
 39
0.200
  6
CONTINUOUS
 10
119.16600
 20
102.97600
 30
 0
 11
119.13600
 21
103.08300
  0
LINE
  8
Gravur
 62
   255
 39
0.200
  6
CONTINUOUS
 10
119.13600
 20
103.08300
 30
 0
 11
119.12100
 21
103.19400
  0
LINE
  8
Gravur
 62
   255
 39
0.200
  6
CONTINUOUS
 10
119.12100
 20
103.19400
 30
 0
 11
119.12100
 21
103.30600
  0
LINE
  8
Gravur
 62
   255
 39
0.200
  6
CONTINUOUS
 10
119.12100
 20
103.30600
 30
 0
 11
119.13600
 21
103.41700
  0
LINE
  8
Gravur
 62
   255
 39
0.200
  6
CONTINUOUS
 10
119.13600
 20
103.41700
 30
 0
 11
119.16600
 21
103.52400
  0
LINE
  8
Gravur
 62
   255
 39
0.200
  6
CONTINUOUS
 10
119.16600
 20
103.52400
 30
 0
 11
119.20900
 21
103.62500
  0
LINE
  8
Gravur
 62
   255
 39
0.200
  6
CONTINUOUS
 10
119.20900
 20
103.62500
 30
 0
 11
119.26700
 21
103.71800
  0
LINE
  8
Gravur
 62
   255
 39
0.200
  6
CONTINUOUS
 10
119.26700
 20
103.71800
 30
 0
 11
119.33500
 21
103.80000
  0
LINE
  8
Gravur
 62
   255
 39
0.200
  6
CONTINUOUS
 10
119.33500
 20
103.80000
 30
 0
 11
119.41400
 21
103.87000
  0
LINE
  8
Gravur
 62
   255
 39
0.200
  6
CONTINUOUS
 10
119.41400
 20
103.87000
 30
 0
 11
119.50200
 21
103.92600
  0
LINE
  8
Gravur
 62
   255
 39
0.200
  6
CONTINUOUS
 10
119.50200
 20
103.92600
 30
 0
 11
119.59500
 21
103.96700
  0
LINE
  8
Gravur
 62
   255
 39
0.200
  6
CONTINUOUS
 10
119.59500
 20
103.96700
 30
 0
 11
119.69300
 21
103.99200
  0
LINE
  8
Gravur
 62
   255
 39
0.200
  6
CONTINUOUS
 10
119.69300
 20
103.99200
 30
 0
 11
119.79400
 21
104.00000
  0
LINE
  8
Gravur
 62
   255
 39
0.200
  6
CONTINUOUS
 10
119.79400
 20
104.00000
 30
 0
 11
119.89200
 21
103.99300
  0
LINE
  8
Gravur
 62
   255
 39
0.200
  6
CONTINUOUS
 10
119.89200
 20
103.99300
 30
 0
 11
119.98900
 21
103.96900
  0
LINE
  8
Gravur
 62
   255
 39
0.200
  6
CONTINUOUS
 10
119.98900
 20
103.96900
 30
 0
 11
120.08100
 21
103.93000
  0
LINE
  8
Gravur
 62
   255
 39
0.200
  6
CONTINUOUS
 10
120.08100
 20
103.93000
 30
 0
 11
120.16700
 21
103.87700
  0
LINE
  8
Gravur
 62
   255
 39
0.200
  6
CONTINUOUS
 10
120.16700
 20
103.87700
 30
 0
 11
120.24500
 21
103.81000
  0
LINE
  8
Gravur
 62
   255
 39
0.200
  6
CONTINUOUS
 10
120.24500
 20
103.81000
 30
 0
 11
120.31300
 21
103.73200
  0
LINE
  8
Gravur
 62
   255
 39
0.200
  6
CONTINUOUS
 10
120.31300
 20
103.73200
 30
 0
 11
120.37100
 21
103.64200
  0
LINE
  8
Gravur
 62
   255
 39
0.200
  6
CONTINUOUS
 10
120.37100
 20
103.64200
 30
 0
 11
120.41600
 21
103.54500
  0
LINE
  8
Gravur
 62
   255
 39
0.200
  6
CONTINUOUS
 10
120.41600
 20
103.54500
 30
 0
 11
120.44800
 21
103.44100
  0
LINE
  8
Gravur
 62
   255
 39
0.200
  6
CONTINUOUS
 10
120.44800
 20
103.44100
 30
 0
 11
120.46600
 21
103.33400
  0
LINE
  8
Gravur
 62
   255
 39
0.200
  6
CONTINUOUS
 10
120.46600
 20
103.33400
 30
 0
 11
120.46900
 21
103.25000
  0
LINE
  8
Gravur
 62
   255
 39
0.200
  6
CONTINUOUS
 10
121.23400
 20
101.67500
 30
 0
 11
121.24100
 21
101.57400
  0
LINE
  8
Gravur
 62
   255
 39
0.200
  6
CONTINUOUS
 10
121.24100
 20
101.57400
 30
 0
 11
121.26100
 21
101.47600
  0
LINE
  8
Gravur
 62
   255
 39
0.200
  6
CONTINUOUS
 10
121.26100
 20
101.47600
 30
 0
 11
121.29400
 21
101.38200
  0
LINE
  8
Gravur
 62
   255
 39
0.200
  6
CONTINUOUS
 10
121.29400
 20
101.38200
 30
 0
 11
121.33900
 21
101.29500
  0
LINE
  8
Gravur
 62
   255
 39
0.200
  6
CONTINUOUS
 10
121.33900
 20
101.29500
 30
 0
 11
121.39600
 21
101.21600
  0
LINE
  8
Gravur
 62
   255
 39
0.200
  6
CONTINUOUS
 10
121.39600
 20
101.21600
 30
 0
 11
121.46300
 21
101.14700
  0
LINE
  8
Gravur
 62
   255
 39
0.200
  6
CONTINUOUS
 10
121.46300
 20
101.14700
 30
 0
 11
121.53800
 21
101.09000
  0
LINE
  8
Gravur
 62
   255
 39
0.200
  6
CONTINUOUS
 10
121.53800
 20
101.09000
 30
 0
 11
121.61900
 21
101.04700
  0
LINE
  8
Gravur
 62
   255
 39
0.200
  6
CONTINUOUS
 10
121.61900
 20
101.04700
 30
 0
 11
121.70700
 21
101.01700
  0
LINE
  8
Gravur
 62
   255
 39
0.200
  6
CONTINUOUS
 10
121.70700
 20
101.01700
 30
 0
 11
121.79700
 21
101.00200
  0
LINE
  8
Gravur
 62
   255
 39
0.200
  6
CONTINUOUS
 10
121.79700
 20
101.00200
 30
 0
 11
121.88700
 21
101.00200
  0
LINE
  8
Gravur
 62
   255
 39
0.200
  6
CONTINUOUS
 10
121.88700
 20
101.00200
 30
 0
 11
121.97700
 21
101.01700
  0
LINE
  8
Gravur
 62
   255
 39
0.200
  6
CONTINUOUS
 10
121.97700
 20
101.01700
 30
 0
 11
122.06400
 21
101.04700
  0
LINE
  8
Gravur
 62
   255
 39
0.200
  6
CONTINUOUS
 10
122.06400
 20
101.04700
 30
 0
 11
122.14500
 21
101.09000
  0
LINE
  8
Gravur
 62
   255
 39
0.200
  6
CONTINUOUS
 10
122.14500
 20
101.09000
 30
 0
 11
122.22100
 21
101.14700
  0
LINE
  8
Gravur
 62
   255
 39
0.200
  6
CONTINUOUS
 10
122.22100
 20
101.14700
 30
 0
 11
122.28700
 21
101.21600
  0
LINE
  8
Gravur
 62
   255
 39
0.200
  6
CONTINUOUS
 10
122.28700
 20
101.21600
 30
 0
 11
122.34400
 21
101.29500
  0
LINE
  8
Gravur
 62
   255
 39
0.200
  6
CONTINUOUS
 10
122.34400
 20
101.29500
 30
 0
 11
122.38900
 21
101.38200
  0
LINE
  8
Gravur
 62
   255
 39
0.200
  6
CONTINUOUS
 10
122.38900
 20
101.38200
 30
 0
 11
122.42200
 21
101.47600
  0
LINE
  8
Gravur
 62
   255
 39
0.200
  6
CONTINUOUS
 10
122.42200
 20
101.47600
 30
 0
 11
122.44200
 21
101.57400
  0
LINE
  8
Gravur
 62
   255
 39
0.200
  6
CONTINUOUS
 10
122.44200
 20
101.57400
 30
 0
 11
122.44900
 21
101.67500
  0
LINE
  8
Gravur
 62
   255
 39
0.200
  6
CONTINUOUS
 10
122.44900
 20
101.67500
 30
 0
 11
122.44900
 21
103.32500
  0
LINE
  8
Gravur
 62
   255
 39
0.200
  6
CONTINUOUS
 10
122.44900
 20
103.32500
 30
 0
 11
122.44200
 21
103.42600
  0
LINE
  8
Gravur
 62
   255
 39
0.200
  6
CONTINUOUS
 10
122.44200
 20
103.42600
 30
 0
 11
122.42200
 21
103.52400
  0
LINE
  8
Gravur
 62
   255
 39
0.200
  6
CONTINUOUS
 10
122.42200
 20
103.52400
 30
 0
 11
122.38900
 21
103.61800
  0
LINE
  8
Gravur
 62
   255
 39
0.200
  6
CONTINUOUS
 10
122.38900
 20
103.61800
 30
 0
 11
122.34400
 21
103.70500
  0
LINE
  8
Gravur
 62
   255
 39
0.200
  6
CONTINUOUS
 10
122.34400
 20
103.70500
 30
 0
 11
122.28700
 21
103.78400
  0
LINE
  8
Gravur
 62
   255
 39
0.200
  6
CONTINUOUS
 10
122.28700
 20
103.78400
 30
 0
 11
122.22100
 21
103.85300
  0
LINE
  8
Gravur
 62
   255
 39
0.200
  6
CONTINUOUS
 10
122.22100
 20
103.85300
 30
 0
 11
122.14500
 21
103.91000
  0
LINE
  8
Gravur
 62
   255
 39
0.200
  6
CONTINUOUS
 10
122.14500
 20
103.91000
 30
 0
 11
122.06400
 21
103.95300
  0
LINE
  8
Gravur
 62
   255
 39
0.200
  6
CONTINUOUS
 10
122.06400
 20
103.95300
 30
 0
 11
121.97700
 21
103.98300
  0
LINE
  8
Gravur
 62
   255
 39
0.200
  6
CONTINUOUS
 10
121.97700
 20
103.98300
 30
 0
 11
121.88700
 21
103.99800
  0
LINE
  8
Gravur
 62
   255
 39
0.200
  6
CONTINUOUS
 10
121.88700
 20
103.99800
 30
 0
 11
121.79700
 21
103.99800
  0
LINE
  8
Gravur
 62
   255
 39
0.200
  6
CONTINUOUS
 10
121.79700
 20
103.99800
 30
 0
 11
121.70700
 21
103.98300
  0
LINE
  8
Gravur
 62
   255
 39
0.200
  6
CONTINUOUS
 10
121.70700
 20
103.98300
 30
 0
 11
121.61900
 21
103.95300
  0
LINE
  8
Gravur
 62
   255
 39
0.200
  6
CONTINUOUS
 10
121.61900
 20
103.95300
 30
 0
 11
121.53800
 21
103.91000
  0
LINE
  8
Gravur
 62
   255
 39
0.200
  6
CONTINUOUS
 10
121.53800
 20
103.91000
 30
 0
 11
121.46300
 21
103.85300
  0
LINE
  8
Gravur
 62
   255
 39
0.200
  6
CONTINUOUS
 10
121.46300
 20
103.85300
 30
 0
 11
121.39600
 21
103.78400
  0
LINE
  8
Gravur
 62
   255
 39
0.200
  6
CONTINUOUS
 10
121.39600
 20
103.78400
 30
 0
 11
121.33900
 21
103.70500
  0
LINE
  8
Gravur
 62
   255
 39
0.200
  6
CONTINUOUS
 10
121.33900
 20
103.70500
 30
 0
 11
121.29400
 21
103.61800
  0
LINE
  8
Gravur
 62
   255
 39
0.200
  6
CONTINUOUS
 10
121.29400
 20
103.61800
 30
 0
 11
121.26100
 21
103.52400
  0
LINE
  8
Gravur
 62
   255
 39
0.200
  6
CONTINUOUS
 10
121.26100
 20
103.52400
 30
 0
 11
121.24100
 21
103.42600
  0
LINE
  8
Gravur
 62
   255
 39
0.200
  6
CONTINUOUS
 10
121.24100
 20
103.42600
 30
 0
 11
121.23400
 21
103.32500
  0
LINE
  8
Gravur
 62
   255
 39
0.200
  6
CONTINUOUS
 10
121.23400
 20
103.32500
 30
 0
 11
121.23400
 21
101.67500
  0
LINE
  8
Gravur
 62
   255
 39
0.200
  6
CONTINUOUS
 10
123.21400
 20
101.00000
 30
 0
 11
123.21400
 21
104.00000
  0
LINE
  8
Gravur
 62
   255
 39
0.200
  6
CONTINUOUS
 10
123.21400
 20
104.00000
 30
 0
 11
124.42900
 21
101.00000
  0
LINE
  8
Gravur
 62
   255
 39
0.200
  6
CONTINUOUS
 10
124.42900
 20
101.00000
 30
 0
 11
124.42900
 21
104.00000
  0
LINE
  8
Gravur
 62
   255
 39
0.200
  6
CONTINUOUS
 10
125.19400
 20
101.00000
 30
 0
 11
126.00400
 21
104.00000
  0
LINE
  8
Gravur
 62
   255
 39
0.200
  6
CONTINUOUS
 10
126.00400
 20
104.00000
 30
 0
 11
126.81400
 21
101.00000
  0
LINE
  8
Gravur
 62
   255
 39
0.200
  6
CONTINUOUS
 10
125.46400
 20
101.90000
 30
 0
 11
126.54400
 21
101.90000
  0
LINE
  8
Gravur
 62
   255
 39
0.200
  6
CONTINUOUS
 10
127.57900
 20
101.00000
 30
 0
 11
127.57900
 21
104.00000
  0
LINE
  8
Gravur
 62
   255
 39
0.200
  6
CONTINUOUS
 10
127.57900
 20
104.00000
 30
 0
 11
128.79400
 21
101.00000
  0
LINE
  8
Gravur
 62
   255
 39
0.200
  6
CONTINUOUS
 10
128.79400
 20
101.00000
 30
 0
 11
128.79400
 21
104.00000
  0
LINE
  8
Gravur
 62
   255
 39
0.200
  6
CONTINUOUS
 10
130.72900
 20
103.35000
 30
 0
 11
130.72300
 21
103.44700
  0
LINE
  8
Gravur
 62
   255
 39
0.200
  6
CONTINUOUS
 10
130.72300
 20
103.44700
 30
 0
 11
130.70300
 21
103.54200
  0
LINE
  8
Gravur
 62
   255
 39
0.200
  6
CONTINUOUS
 10
130.70300
 20
103.54200
 30
 0
 11
130.67200
 21
103.63200
  0
LINE
  8
Gravur
 62
   255
 39
0.200
  6
CONTINUOUS
 10
130.67200
 20
103.63200
 30
 0
 11
130.62800
 21
103.71600
  0
LINE
  8
Gravur
 62
   255
 39
0.200
  6
CONTINUOUS
 10
130.62800
 20
103.71600
 30
 0
 11
130.57300
 21
103.79200
  0
LINE
  8
Gravur
 62
   255
 39
0.200
  6
CONTINUOUS
 10
130.57300
 20
103.79200
 30
 0
 11
130.50900
 21
103.85800
  0
LINE
  8
Gravur
 62
   255
 39
0.200
  6
CONTINUOUS
 10
130.50900
 20
103.85800
 30
 0
 11
130.43700
 21
103.91300
  0
LINE
  8
Gravur
 62
   255
 39
0.200
  6
CONTINUOUS
 10
130.43700
 20
103.91300
 30
 0
 11
130.35800
 21
103.95500
  0
LINE
  8
Gravur
 62
   255
 39
0.200
  6
CONTINUOUS
 10
130.35800
 20
103.95500
 30
 0
 11
130.27500
 21
103.98400
  0
LINE
  8
Gravur
 62
   255
 39
0.200
  6
CONTINUOUS
 10
130.27500
 20
103.98400
 30
 0
 11
130.18800
 21
103.99800
  0
LINE
  8
Gravur
 62
   255
 39
0.200
  6
CONTINUOUS
 10
130.18800
 20
103.99800
 30
 0
 11
130.10000
 21
103.99800
  0
LINE
  8
Gravur
 62
   255
 39
0.200
  6
CONTINUOUS
 10
130.10000
 20
103.99800
 30
 0
 11
130.01400
 21
103.98400
  0
LINE
  8
Gravur
 62
   255
 39
0.200
  6
CONTINUOUS
 10
130.01400
 20
103.98400
 30
 0
 11
129.93100
 21
103.95500
  0
LINE
  8
Gravur
 62
   255
 39
0.200
  6
CONTINUOUS
 10
129.93100
 20
103.95500
 30
 0
 11
129.85200
 21
103.91300
  0
LINE
  8
Gravur
 62
   255
 39
0.200
  6
CONTINUOUS
 10
129.85200
 20
103.91300
 30
 0
 11
129.78000
 21
103.85800
  0
LINE
  8
Gravur
 62
   255
 39
0.200
  6
CONTINUOUS
 10
129.78000
 20
103.85800
 30
 0
 11
129.71600
 21
103.79200
  0
LINE
  8
Gravur
 62
   255
 39
0.200
  6
CONTINUOUS
 10
129.71600
 20
103.79200
 30
 0
 11
129.66100
 21
103.71600
  0
LINE
  8
Gravur
 62
   255
 39
0.200
  6
CONTINUOUS
 10
129.66100
 20
103.71600
 30
 0
 11
129.61700
 21
103.63200
  0
LINE
  8
Gravur
 62
   255
 39
0.200
  6
CONTINUOUS
 10
129.61700
 20
103.63200
 30
 0
 11
129.58500
 21
103.54200
  0
LINE
  8
Gravur
 62
   255
 39
0.200
  6
CONTINUOUS
 10
129.58500
 20
103.54200
 30
 0
 11
129.56600
 21
103.44700
  0
LINE
  8
Gravur
 62
   255
 39
0.200
  6
CONTINUOUS
 10
129.56600
 20
103.44700
 30
 0
 11
129.55900
 21
103.35000
  0
LINE
  8
Gravur
 62
   255
 39
0.200
  6
CONTINUOUS
 10
129.55900
 20
103.35000
 30
 0
 11
129.55900
 21
101.65000
  0
LINE
  8
Gravur
 62
   255
 39
0.200
  6
CONTINUOUS
 10
129.55900
 20
101.65000
 30
 0
 11
129.56600
 21
101.55300
  0
LINE
  8
Gravur
 62
   255
 39
0.200
  6
CONTINUOUS
 10
129.56600
 20
101.55300
 30
 0
 11
129.58500
 21
101.45800
  0
LINE
  8
Gravur
 62
   255
 39
0.200
  6
CONTINUOUS
 10
129.58500
 20
101.45800
 30
 0
 11
129.61700
 21
101.36800
  0
LINE
  8
Gravur
 62
   255
 39
0.200
  6
CONTINUOUS
 10
129.61700
 20
101.36800
 30
 0
 11
129.66100
 21
101.28400
  0
LINE
  8
Gravur
 62
   255
 39
0.200
  6
CONTINUOUS
 10
129.66100
 20
101.28400
 30
 0
 11
129.71600
 21
101.20800
  0
LINE
  8
Gravur
 62
   255
 39
0.200
  6
CONTINUOUS
 10
129.71600
 20
101.20800
 30
 0
 11
129.78000
 21
101.14200
  0
LINE
  8
Gravur
 62
   255
 39
0.200
  6
CONTINUOUS
 10
129.78000
 20
101.14200
 30
 0
 11
129.85200
 21
101.08700
  0
LINE
  8
Gravur
 62
   255
 39
0.200
  6
CONTINUOUS
 10
129.85200
 20
101.08700
 30
 0
 11
129.93100
 21
101.04500
  0
LINE
  8
Gravur
 62
   255
 39
0.200
  6
CONTINUOUS
 10
129.93100
 20
101.04500
 30
 0
 11
130.01400
 21
101.01600
  0
LINE
  8
Gravur
 62
   255
 39
0.200
  6
CONTINUOUS
 10
130.01400
 20
101.01600
 30
 0
 11
130.10000
 21
101.00200
  0
LINE
  8
Gravur
 62
   255
 39
0.200
  6
CONTINUOUS
 10
130.10000
 20
101.00200
 30
 0
 11
130.18800
 21
101.00200
  0
LINE
  8
Gravur
 62
   255
 39
0.200
  6
CONTINUOUS
 10
130.18800
 20
101.00200
 30
 0
 11
130.27500
 21
101.01600
  0
LINE
  8
Gravur
 62
   255
 39
0.200
  6
CONTINUOUS
 10
130.27500
 20
101.01600
 30
 0
 11
130.35800
 21
101.04500
  0
LINE
  8
Gravur
 62
   255
 39
0.200
  6
CONTINUOUS
 10
130.35800
 20
101.04500
 30
 0
 11
130.43700
 21
101.08700
  0
LINE
  8
Gravur
 62
   255
 39
0.200
  6
CONTINUOUS
 10
130.43700
 20
101.08700
 30
 0
 11
130.50900
 21
101.14200
  0
LINE
  8
Gravur
 62
   255
 39
0.200
  6
CONTINUOUS
 10
130.50900
 20
101.14200
 30
 0
 11
130.57300
 21
101.20800
  0
LINE
  8
Gravur
 62
   255
 39
0.200
  6
CONTINUOUS
 10
130.57300
 20
101.20800
 30
 0
 11
130.62800
 21
101.28400
  0
LINE
  8
Gravur
 62
   255
 39
0.200
  6
CONTINUOUS
 10
130.62800
 20
101.28400
 30
 0
 11
130.67200
 21
101.36800
  0
LINE
  8
Gravur
 62
   255
 39
0.200
  6
CONTINUOUS
 10
130.67200
 20
101.36800
 30
 0
 11
130.70300
 21
101.45800
  0
LINE
  8
Gravur
 62
   255
 39
0.200
  6
CONTINUOUS
 10
130.70300
 20
101.45800
 30
 0
 11
130.72300
 21
101.55300
  0
LINE
  8
Gravur
 62
   255
 39
0.200
  6
CONTINUOUS
 10
130.72300
 20
101.55300
 30
 0
 11
130.72900
 21
101.65000
  0
LINE
  8
Gravur
 62
   255
 39
0.200
  6
CONTINUOUS
 10
132.70900
 20
104.00000
 30
 0
 11
131.49400
 21
104.00000
  0
LINE
  8
Gravur
 62
   255
 39
0.200
  6
CONTINUOUS
 10
131.49400
 20
104.00000
 30
 0
 11
131.49400
 21
101.00000
  0
LINE
  8
Gravur
 62
   255
 39
0.200
  6
CONTINUOUS
 10
131.49400
 20
101.00000
 30
 0
 11
132.70900
 21
101.00000
  0
LINE
  8
Gravur
 62
   255
 39
0.200
  6
CONTINUOUS
 10
131.49400
 20
102.50000
 30
 0
 11
132.50700
 21
102.50000
  0
ARC
  8
Gravur
 62
   255
 39
0.200
  6
CONTINUOUS
 10
105.38000
 20
83.15500
 30
 0
 40
0.49500
 50
91.50439
 51
-174.78461
  0
ARC
  8
Gravur
 62
   255
 39
0.200
  6
CONTINUOUS
 10
105.39200
 20
83.12800
 30
 0
 40
0.52300
 50
330.44533
 51
92.74196
  0
LINE
  8
Gravur
 62
   255
 39
0.200
  6
CONTINUOUS
 10
105.84700
 20
82.87000
 30
 0
 11
104.88700
 21
81.25000
  0
LINE
  8
Gravur
 62
   255
 39
0.200
  6
CONTINUOUS
 10
104.88700
 20
81.25000
 30
 0
 11
105.90700
 21
81.25000
  0
ARC
  8
Gravur
 62
   255
 39
0.200
  6
CONTINUOUS
 10
107.84400
 20
92.13500
 30
 0
 40
0.49200
 50
434.80614
 51
175.92268
  0
ARC
  8
Gravur
 62
   255
 39
0.200
  6
CONTINUOUS
 10
107.83400
 20
92.09700
 30
 0
 40
0.53100
 50
263.39742
 51
74.83943
  0
ARC
  8
Gravur
 62
   255
 39
0.200
  6
CONTINUOUS
 10
107.85400
 20
90.92000
 30
 0
 40
0.65500
 50
285.86128
 51
97.10332
  0
ARC
  8
Gravur
 62
   255
 39
0.200
  6
CONTINUOUS
 10
107.86800
 20
90.84400
 30
 0
 40
0.57800
 50
185.36509
 51
-73.41468
  0
LINE
  8
Gravur
 62
   255
 39
0.200
  6
CONTINUOUS
 10
115.17000
 20
99.65000
 30
 0
 11
114.39000
 21
97.85000
  0
LINE
  8
Gravur
 62
   255
 39
0.200
  6
CONTINUOUS
 10
114.39000
 20
97.85000
 30
 0
 11
115.41000
 21
97.85000
  0
LINE
  8
Gravur
 62
   255
 39
0.200
  6
CONTINUOUS
 10
115.17000
 20
98.45000
 30
 0
 11
115.17000
 21
97.25000
  0
LINE
  8
Gravur
 62
   255
 39
0.200
  6
CONTINUOUS
 10
107.63000
 20
73.55000
 30
 0
 11
108.17000
 21
74.15000
  0
LINE
  8
Gravur
 62
   255
 39
0.200
  6
CONTINUOUS
 10
108.17000
 20
74.15000
 30
 0
 11
108.17000
 21
71.75000
  0
ARC
  8
Gravur
 62
   255
 39
0.200
  6
CONTINUOUS
 10
140.45000
 20
72.27800
 30
 0
 40
0.53000
 50
178.70296
 51
264.59040
  0
ARC
  8
Gravur
 62
   255
 39
0.200
  6
CONTINUOUS
 10
140.38200
 20
72.24800
 30
 0
 40
0.49800
 50
-87.92997
 51
-2.07003
  0
LINE
  8
Gravur
 62
   255
 39
0.200
  6
CONTINUOUS
 10
140.88000
 20
72.23000
 30
 0
 11
140.88000
 21
73.67000
  0
ARC
  8
Gravur
 62
   255
 39
0.200
  6
CONTINUOUS
 10
140.40000
 20
73.67000
 30
 0
 40
0.48000
 50
0.00000
 51
180.00000
  0
LINE
  8
Gravur
 62
   255
 39
0.200
  6
CONTINUOUS
 10
139.92000
 20
73.67000
 30
 0
 11
139.92000
 21
73.31000
  0
ARC
  8
Gravur
 62
   255
 39
0.200
  6
CONTINUOUS
 10
140.41500
 20
73.36700
 30
 0
 40
0.49800
 50
-173.43124
 51
-20.83908
  0
ARC
  8
Gravur
 62
   255
 39
0.200
  6
CONTINUOUS
 10
142.90300
 20
81.76700
 30
 0
 40
0.51700
 50
-90.33247
 51
0.33247
  0
LINE
  8
Gravur
 62
   255
 39
0.200
  6
CONTINUOUS
 10
143.42000
 20
81.77000
 30
 0
 11
143.42000
 21
81.95000
  0
ARC
  8
Gravur
 62
   255
 39
0.200
  6
CONTINUOUS
 10
142.91300
 20
81.94300
 30
 0
 40
0.50700
 50
0.79102
 51
91.46880
  0
ARC
  8
Gravur
 62
   255
 39
0.200
  6
CONTINUOUS
 10
142.90300
 20
82.92700
 30
 0
 40
0.47700
 50
-90.36035
 51
0.36035
  0
LINE
  8
Gravur
 62
   255
 39
0.200
  6
CONTINUOUS
 10
143.38000
 20
82.93000
 30
 0
 11
143.38000
 21
83.17000
  0
ARC
  8
Gravur
 62
   255
 39
0.200
  6
CONTINUOUS
 10
142.90000
 20
83.17000
 30
 0
 40
0.48000
 50
0.00000
 51
180.00000
  0
LINE
  8
Gravur
 62
   255
 39
0.200
  6
CONTINUOUS
 10
142.42000
 20
83.17000
 30
 0
 11
142.42000
 21
82.93000
  0
ARC
  8
Gravur
 62
   255
 39
0.200
  6
CONTINUOUS
 10
142.89700
 20
82.92700
 30
 0
 40
0.47700
 50
179.63965
 51
270.36035
  0
ARC
  8
Gravur
 62
   255
 39
0.200
  6
CONTINUOUS
 10
142.88700
 20
81.94300
 30
 0
 40
0.50700
 50
88.53120
 51
179.20898
  0
LINE
  8
Gravur
 62
   255
 39
0.200
  6
CONTINUOUS
 10
142.38000
 20
81.95000
 30
 0
 11
142.38000
 21
81.77000
  0
ARC
  8
Gravur
 62
   255
 39
0.200
  6
CONTINUOUS
 10
142.89700
 20
81.76700
 30
 0
 40
0.51700
 50
179.66753
 51
270.33247
  0
LINE
  8
Gravur
 62
   255
 39
0.200
  6
CONTINUOUS
 10
139.89000
 20
92.23000
 30
 0
 11
139.89000
 21
92.65000
  0
LINE
  8
Gravur
 62
   255
 39
0.200
  6
CONTINUOUS
 10
139.89000
 20
92.65000
 30
 0
 11
140.91000
 21
92.65000
  0
LINE
  8
Gravur
 62
   255
 39
0.200
  6
CONTINUOUS
 10
140.91000
 20
92.65000
 30
 0
 11
140.13000
 21
90.25000
  0
ARC
  8
Gravur
 62
   255
 39
0.200
  6
CONTINUOUS
 10
133.38000
 20
99.12200
 30
 0
 40
0.53000
 50
-1.29704
 51
84.59040
  0
ARC
  8
Gravur
 62
   255
 39
0.200
  6
CONTINUOUS
 10
133.38500
 20
99.15700
 30
 0
 40
0.49500
 50
84.78461
 51
178.49561
  0
LINE
  8
Gravur
 62
   255
 39
0.200
  6
CONTINUOUS
 10
132.89000
 20
99.17000
 30
 0
 11
132.89000
 21
97.73000
  0
ARC
  8
Gravur
 62
   255
 39
0.200
  6
CONTINUOUS
 10
133.42600
 20
97.78600
 30
 0
 40
0.53900
 50
-174.03551
 51
-95.96449
  0
ARC
  8
Gravur
 62
   255
 39
0.200
  6
CONTINUOUS
 10
133.38200
 20
97.78000
 30
 0
 40
0.53000
 50
-91.29704
 51
-5.40960
  0
LINE
  8
Gravur
 62
   255
 39
0.200
  6
CONTINUOUS
 10
133.91000
 20
97.73000
 30
 0
 11
133.91000
 21
98.21000
  0
ARC
  8
Gravur
 62
   255
 39
0.200
  6
CONTINUOUS
 10
133.37300
 20
98.14900
 30
 0
 40
0.54000
 50
6.48068
 51
153.48242
  0
LINE
  8
Gravur
 62
   255
 39
0.400
  6
CONTINUOUS
 10
123.15000
 20
82.42800
 30
 0
 11
125.65000
 21
82.42800
  0
LINE
  8
Gravur
 62
   255
 39
0.400
  6
CONTINUOUS
 10
124.40000
 20
83.67800
 30
 0
 11
124.40000
 21
81.17800
  0
LINE
  8
Gravur
 62
   255
 39
0.400
  6
CONTINUOUS
 10
116.40000
 20
68.57200
 30
 0
 11
120.64900
 21
75.93200
  0
LINE
  8
Gravur
 62
   255
 39
0.400
  6
CONTINUOUS
 10
120.64900
 20
75.93200
 30
 0
 11
120.65000
 21
75.93200
  0
LINE
  8
Gravur
 62
   255
 39
0.400
  6
CONTINUOUS
 10
132.40000
 20
68.57200
 30
 0
 11
128.15000
 21
75.93200
  0
LINE
  8
Gravur
 62
   255
 39
0.400
  6
CONTINUOUS
 10
128.15000
 20
75.93200
 30
 0
 11
128.15000
 21
75.93200
  0
LINE
  8
Gravur
 62
   255
 39
0.400
  6
CONTINUOUS
 10
130.89500
 20
78.67700
 30
 0
 11
130.89500
 21
78.67700
  0
LINE
  8
Gravur
 62
   255
 39
0.400
  6
CONTINUOUS
 10
130.89500
 20
78.67700
 30
 0
 11
138.25600
 21
74.42700
  0
LINE
  8
Gravur
 62
   255
 39
0.400
  6
CONTINUOUS
 10
140.40000
 20
82.42800
 30
 0
 11
131.90000
 21
82.42800
  0
LINE
  8
Gravur
 62
   255
 39
0.400
  6
CONTINUOUS
 10
131.90000
 20
82.42800
 30
 0
 11
131.90000
 21
82.42800
  0
LINE
  8
Gravur
 62
   255
 39
0.400
  6
CONTINUOUS
 10
130.89500
 20
86.17800
 30
 0
 11
130.89500
 21
86.17800
  0
LINE
  8
Gravur
 62
   255
 39
0.400
  6
CONTINUOUS
 10
130.89500
 20
86.17800
 30
 0
 11
138.25600
 21
90.42800
  0
LINE
  8
Gravur
 62
   255
 39
0.400
  6
CONTINUOUS
 10
132.39900
 20
96.28400
 30
 0
 11
128.15000
 21
88.92300
  0
LINE
  8
Gravur
 62
   255
 39
0.400
  6
CONTINUOUS
 10
128.15000
 20
88.92300
 30
 0
 11
128.14900
 21
88.92300
  0
LINE
  8
Gravur
 62
   255
 39
0.400
  6
CONTINUOUS
 10
124.40000
 20
89.92800
 30
 0
 11
124.40000
 21
89.92800
  0
LINE
  8
Gravur
 62
   255
 39
0.400
  6
CONTINUOUS
 10
124.40000
 20
89.92800
 30
 0
 11
124.40000
 21
98.42800
  0
LINE
  8
Gravur
 62
   255
 39
0.400
  6
CONTINUOUS
 10
116.40000
 20
96.28400
 30
 0
 11
120.65000
 21
88.92300
  0
LINE
  8
Gravur
 62
   255
 39
0.400
  6
CONTINUOUS
 10
120.65000
 20
88.92300
 30
 0
 11
120.65000
 21
88.92300
  0
LINE
  8
Gravur
 62
   255
 39
0.400
  6
CONTINUOUS
 10
117.90400
 20
86.17800
 30
 0
 11
117.90400
 21
86.17800
  0
LINE
  8
Gravur
 62
   255
 39
0.400
  6
CONTINUOUS
 10
117.90400
 20
86.17800
 30
 0
 11
110.54400
 21
90.42700
  0
LINE
  8
Gravur
 62
   255
 39
0.400
  6
CONTINUOUS
 10
108.40000
 20
82.42800
 30
 0
 11
116.90000
 21
82.42800
  0
LINE
  8
Gravur
 62
   255
 39
0.400
  6
CONTINUOUS
 10
116.90000
 20
82.42800
 30
 0
 11
116.90000
 21
82.42800
  0
LINE
  8
Gravur
 62
   255
 39
0.400
  6
CONTINUOUS
 10
117.90400
 20
78.67800
 30
 0
 11
117.90400
 21
78.67800
  0
LINE
  8
Gravur
 62
   255
 39
0.400
  6
CONTINUOUS
 10
117.90400
 20
78.67800
 30
 0
 11
110.54400
 21
74.42800
  0
LINE
  8
Gravur
 62
   255
 39
0.200
  6
CONTINUOUS
 10
123.15100
 20
82.49500
 30
 0
 11
125.65100
 21
82.49500
  0
LINE
  8
Gravur
 62
   255
 39
0.200
  6
CONTINUOUS
 10
124.40100
 20
83.74500
 30
 0
 11
124.40100
 21
81.24500
  0
LINE
  8
Gravur
 62
   255
 39
0.200
  6
CONTINUOUS
 10
135.36100
 20
71.53400
 30
 0
 11
129.70400
 21
77.19100
  0
LINE
  8
Gravur
 62
   255
 39
0.200
  6
CONTINUOUS
 10
129.70400
 20
77.19100
 30
 0
 11
129.70400
 21
77.19100
  0
LINE
  8
Gravur
 62
   255
 39
0.200
  6
CONTINUOUS
 10
131.64500
 20
80.55400
 30
 0
 11
131.64500
 21
80.55400
  0
LINE
  8
Gravur
 62
   255
 39
0.200
  6
CONTINUOUS
 10
131.64500
 20
80.55400
 30
 0
 11
139.37300
 21
78.48300
  0
LINE
  8
Gravur
 62
   255
 39
0.200
  6
CONTINUOUS
 10
139.37300
 20
86.50600
 30
 0
 11
131.64500
 21
84.43500
  0
LINE
  8
Gravur
 62
   255
 39
0.200
  6
CONTINUOUS
 10
131.64500
 20
84.43500
 30
 0
 11
131.64500
 21
84.43500
  0
LINE
  8
Gravur
 62
   255
 39
0.200
  6
CONTINUOUS
 10
129.70400
 20
87.79800
 30
 0
 11
129.70400
 21
87.79800
  0
LINE
  8
Gravur
 62
   255
 39
0.200
  6
CONTINUOUS
 10
129.70400
 20
87.79800
 30
 0
 11
135.36100
 21
93.45500
  0
LINE
  8
Gravur
 62
   255
 39
0.200
  6
CONTINUOUS
 10
128.41200
 20
97.46700
 30
 0
 11
126.34100
 21
89.73900
  0
LINE
  8
Gravur
 62
   255
 39
0.200
  6
CONTINUOUS
 10
126.34100
 20
89.73900
 30
 0
 11
126.34100
 21
89.73900
  0
LINE
  8
Gravur
 62
   255
 39
0.200
  6
CONTINUOUS
 10
122.46000
 20
89.73900
 30
 0
 11
122.46000
 21
89.73900
  0
LINE
  8
Gravur
 62
   255
 39
0.200
  6
CONTINUOUS
 10
122.46000
 20
89.73900
 30
 0
 11
120.38900
 21
97.46700
  0
LINE
  8
Gravur
 62
   255
 39
0.200
  6
CONTINUOUS
 10
113.44000
 20
93.45500
 30
 0
 11
119.09700
 21
87.79800
  0
LINE
  8
Gravur
 62
   255
 39
0.200
  6
CONTINUOUS
 10
119.09700
 20
87.79800
 30
 0
 11
119.09700
 21
87.79800
  0
LINE
  8
Gravur
 62
   255
 39
0.200
  6
CONTINUOUS
 10
117.15600
 20
84.43500
 30
 0
 11
117.15600
 21
84.43500
  0
LINE
  8
Gravur
 62
   255
 39
0.200
  6
CONTINUOUS
 10
117.15600
 20
84.43500
 30
 0
 11
109.42800
 21
86.50600
  0
LINE
  8
Gravur
 62
   255
 39
0.200
  6
CONTINUOUS
 10
109.42800
 20
78.48300
 30
 0
 11
117.15600
 21
80.55400
  0
LINE
  8
Gravur
 62
   255
 39
0.200
  6
CONTINUOUS
 10
117.15600
 20
80.55400
 30
 0
 11
117.15600
 21
80.55400
  0
LINE
  8
Gravur
 62
   255
 39
0.200
  6
CONTINUOUS
 10
119.09700
 20
77.19100
 30
 0
 11
119.09700
 21
77.19100
  0
LINE
  8
Gravur
 62
   255
 39
0.200
  6
CONTINUOUS
 10
119.09700
 20
77.19100
 30
 0
 11
113.44000
 21
71.53400
  0
LINE
  8
Gravur
 62
   255
 39
0.200
  6
CONTINUOUS
 10
168.07000
 20
101.00000
 30
 0
 11
168.88000
 21
104.00000
  0
LINE
  8
Gravur
 62
   255
 39
0.200
  6
CONTINUOUS
 10
168.88000
 20
104.00000
 30
 0
 11
169.69000
 21
101.00000
  0
LINE
  8
Gravur
 62
   255
 39
0.200
  6
CONTINUOUS
 10
168.34000
 20
101.90000
 30
 0
 11
169.42000
 21
101.90000
  0
LINE
  8
Gravur
 62
   255
 39
0.200
  6
CONTINUOUS
 10
170.45500
 20
101.00000
 30
 0
 11
170.45500
 21
104.00000
  0
LINE
  8
Gravur
 62
   255
 39
0.200
  6
CONTINUOUS
 10
170.45500
 20
104.00000
 30
 0
 11
171.33200
 21
101.90000
  0
LINE
  8
Gravur
 62
   255
 39
0.200
  6
CONTINUOUS
 10
171.33200
 20
101.90000
 30
 0
 11
172.21000
 21
104.00000
  0
LINE
  8
Gravur
 62
   255
 39
0.200
  6
CONTINUOUS
 10
172.21000
 20
104.00000
 30
 0
 11
172.21000
 21
101.00000
  0
LINE
  8
Gravur
 62
   255
 39
0.200
  6
CONTINUOUS
 10
172.97500
 20
101.67500
 30
 0
 11
172.98200
 21
101.57400
  0
LINE
  8
Gravur
 62
   255
 39
0.200
  6
CONTINUOUS
 10
172.98200
 20
101.57400
 30
 0
 11
173.00200
 21
101.47600
  0
LINE
  8
Gravur
 62
   255
 39
0.200
  6
CONTINUOUS
 10
173.00200
 20
101.47600
 30
 0
 11
173.03500
 21
101.38200
  0
LINE
  8
Gravur
 62
   255
 39
0.200
  6
CONTINUOUS
 10
173.03500
 20
101.38200
 30
 0
 11
173.08000
 21
101.29500
  0
LINE
  8
Gravur
 62
   255
 39
0.200
  6
CONTINUOUS
 10
173.08000
 20
101.29500
 30
 0
 11
173.13700
 21
101.21600
  0
LINE
  8
Gravur
 62
   255
 39
0.200
  6
CONTINUOUS
 10
173.13700
 20
101.21600
 30
 0
 11
173.20400
 21
101.14700
  0
LINE
  8
Gravur
 62
   255
 39
0.200
  6
CONTINUOUS
 10
173.20400
 20
101.14700
 30
 0
 11
173.27900
 21
101.09000
  0
LINE
  8
Gravur
 62
   255
 39
0.200
  6
CONTINUOUS
 10
173.27900
 20
101.09000
 30
 0
 11
173.36000
 21
101.04700
  0
LINE
  8
Gravur
 62
   255
 39
0.200
  6
CONTINUOUS
 10
173.36000
 20
101.04700
 30
 0
 11
173.44700
 21
101.01700
  0
LINE
  8
Gravur
 62
   255
 39
0.200
  6
CONTINUOUS
 10
173.44700
 20
101.01700
 30
 0
 11
173.53700
 21
101.00200
  0
LINE
  8
Gravur
 62
   255
 39
0.200
  6
CONTINUOUS
 10
173.53700
 20
101.00200
 30
 0
 11
173.62700
 21
101.00200
  0
LINE
  8
Gravur
 62
   255
 39
0.200
  6
CONTINUOUS
 10
173.62700
 20
101.00200
 30
 0
 11
173.71700
 21
101.01700
  0
LINE
  8
Gravur
 62
   255
 39
0.200
  6
CONTINUOUS
 10
173.71700
 20
101.01700
 30
 0
 11
173.80500
 21
101.04700
  0
LINE
  8
Gravur
 62
   255
 39
0.200
  6
CONTINUOUS
 10
173.80500
 20
101.04700
 30
 0
 11
173.88600
 21
101.09000
  0
LINE
  8
Gravur
 62
   255
 39
0.200
  6
CONTINUOUS
 10
173.88600
 20
101.09000
 30
 0
 11
173.96100
 21
101.14700
  0
LINE
  8
Gravur
 62
   255
 39
0.200
  6
CONTINUOUS
 10
173.96100
 20
101.14700
 30
 0
 11
174.02800
 21
101.21600
  0
LINE
  8
Gravur
 62
   255
 39
0.200
  6
CONTINUOUS
 10
174.02800
 20
101.21600
 30
 0
 11
174.08500
 21
101.29500
  0
LINE
  8
Gravur
 62
   255
 39
0.200
  6
CONTINUOUS
 10
174.08500
 20
101.29500
 30
 0
 11
174.13000
 21
101.38200
  0
LINE
  8
Gravur
 62
   255
 39
0.200
  6
CONTINUOUS
 10
174.13000
 20
101.38200
 30
 0
 11
174.16300
 21
101.47600
  0
LINE
  8
Gravur
 62
   255
 39
0.200
  6
CONTINUOUS
 10
174.16300
 20
101.47600
 30
 0
 11
174.18300
 21
101.57400
  0
LINE
  8
Gravur
 62
   255
 39
0.200
  6
CONTINUOUS
 10
174.18300
 20
101.57400
 30
 0
 11
174.19000
 21
101.67500
  0
LINE
  8
Gravur
 62
   255
 39
0.200
  6
CONTINUOUS
 10
174.19000
 20
101.67500
 30
 0
 11
174.19000
 21
103.32500
  0
LINE
  8
Gravur
 62
   255
 39
0.200
  6
CONTINUOUS
 10
174.19000
 20
103.32500
 30
 0
 11
174.18300
 21
103.42600
  0
LINE
  8
Gravur
 62
   255
 39
0.200
  6
CONTINUOUS
 10
174.18300
 20
103.42600
 30
 0
 11
174.16300
 21
103.52400
  0
LINE
  8
Gravur
 62
   255
 39
0.200
  6
CONTINUOUS
 10
174.16300
 20
103.52400
 30
 0
 11
174.13000
 21
103.61800
  0
LINE
  8
Gravur
 62
   255
 39
0.200
  6
CONTINUOUS
 10
174.13000
 20
103.61800
 30
 0
 11
174.08500
 21
103.70500
  0
LINE
  8
Gravur
 62
   255
 39
0.200
  6
CONTINUOUS
 10
174.08500
 20
103.70500
 30
 0
 11
174.02800
 21
103.78400
  0
LINE
  8
Gravur
 62
   255
 39
0.200
  6
CONTINUOUS
 10
174.02800
 20
103.78400
 30
 0
 11
173.96100
 21
103.85300
  0
LINE
  8
Gravur
 62
   255
 39
0.200
  6
CONTINUOUS
 10
173.96100
 20
103.85300
 30
 0
 11
173.88600
 21
103.91000
  0
LINE
  8
Gravur
 62
   255
 39
0.200
  6
CONTINUOUS
 10
173.88600
 20
103.91000
 30
 0
 11
173.80500
 21
103.95300
  0
LINE
  8
Gravur
 62
   255
 39
0.200
  6
CONTINUOUS
 10
173.80500
 20
103.95300
 30
 0
 11
173.71700
 21
103.98300
  0
LINE
  8
Gravur
 62
   255
 39
0.200
  6
CONTINUOUS
 10
173.71700
 20
103.98300
 30
 0
 11
173.62700
 21
103.99800
  0
LINE
  8
Gravur
 62
   255
 39
0.200
  6
CONTINUOUS
 10
173.62700
 20
103.99800
 30
 0
 11
173.53700
 21
103.99800
  0
LINE
  8
Gravur
 62
   255
 39
0.200
  6
CONTINUOUS
 10
173.53700
 20
103.99800
 30
 0
 11
173.44700
 21
103.98300
  0
LINE
  8
Gravur
 62
   255
 39
0.200
  6
CONTINUOUS
 10
173.44700
 20
103.98300
 30
 0
 11
173.36000
 21
103.95300
  0
LINE
  8
Gravur
 62
   255
 39
0.200
  6
CONTINUOUS
 10
173.36000
 20
103.95300
 30
 0
 11
173.27900
 21
103.91000
  0
LINE
  8
Gravur
 62
   255
 39
0.200
  6
CONTINUOUS
 10
173.27900
 20
103.91000
 30
 0
 11
173.20400
 21
103.85300
  0
LINE
  8
Gravur
 62
   255
 39
0.200
  6
CONTINUOUS
 10
173.20400
 20
103.85300
 30
 0
 11
173.13700
 21
103.78400
  0
LINE
  8
Gravur
 62
   255
 39
0.200
  6
CONTINUOUS
 10
173.13700
 20
103.78400
 30
 0
 11
173.08000
 21
103.70500
  0
LINE
  8
Gravur
 62
   255
 39
0.200
  6
CONTINUOUS
 10
173.08000
 20
103.70500
 30
 0
 11
173.03500
 21
103.61800
  0
LINE
  8
Gravur
 62
   255
 39
0.200
  6
CONTINUOUS
 10
173.03500
 20
103.61800
 30
 0
 11
173.00200
 21
103.52400
  0
LINE
  8
Gravur
 62
   255
 39
0.200
  6
CONTINUOUS
 10
173.00200
 20
103.52400
 30
 0
 11
172.98200
 21
103.42600
  0
LINE
  8
Gravur
 62
   255
 39
0.200
  6
CONTINUOUS
 10
172.98200
 20
103.42600
 30
 0
 11
172.97500
 21
103.32500
  0
LINE
  8
Gravur
 62
   255
 39
0.200
  6
CONTINUOUS
 10
172.97500
 20
103.32500
 30
 0
 11
172.97500
 21
101.67500
  0
LINE
  8
Gravur
 62
   255
 39
0.200
  6
CONTINUOUS
 10
174.95500
 20
104.00000
 30
 0
 11
174.95500
 21
101.67500
  0
LINE
  8
Gravur
 62
   255
 39
0.200
  6
CONTINUOUS
 10
174.95500
 20
101.67500
 30
 0
 11
174.96200
 21
101.57400
  0
LINE
  8
Gravur
 62
   255
 39
0.200
  6
CONTINUOUS
 10
174.96200
 20
101.57400
 30
 0
 11
174.98200
 21
101.47600
  0
LINE
  8
Gravur
 62
   255
 39
0.200
  6
CONTINUOUS
 10
174.98200
 20
101.47600
 30
 0
 11
175.01500
 21
101.38200
  0
LINE
  8
Gravur
 62
   255
 39
0.200
  6
CONTINUOUS
 10
175.01500
 20
101.38200
 30
 0
 11
175.06000
 21
101.29500
  0
LINE
  8
Gravur
 62
   255
 39
0.200
  6
CONTINUOUS
 10
175.06000
 20
101.29500
 30
 0
 11
175.11700
 21
101.21600
  0
LINE
  8
Gravur
 62
   255
 39
0.200
  6
CONTINUOUS
 10
175.11700
 20
101.21600
 30
 0
 11
175.18400
 21
101.14700
  0
LINE
  8
Gravur
 62
   255
 39
0.200
  6
CONTINUOUS
 10
175.18400
 20
101.14700
 30
 0
 11
175.25900
 21
101.09000
  0
LINE
  8
Gravur
 62
   255
 39
0.200
  6
CONTINUOUS
 10
175.25900
 20
101.09000
 30
 0
 11
175.34000
 21
101.04700
  0
LINE
  8
Gravur
 62
   255
 39
0.200
  6
CONTINUOUS
 10
175.34000
 20
101.04700
 30
 0
 11
175.42800
 21
101.01700
  0
LINE
  8
Gravur
 62
   255
 39
0.200
  6
CONTINUOUS
 10
175.42800
 20
101.01700
 30
 0
 11
175.51800
 21
101.00200
  0
LINE
  8
Gravur
 62
   255
 39
0.200
  6
CONTINUOUS
 10
175.51800
 20
101.00200
 30
 0
 11
175.60800
 21
101.00200
  0
LINE
  8
Gravur
 62
   255
 39
0.200
  6
CONTINUOUS
 10
175.60800
 20
101.00200
 30
 0
 11
175.69800
 21
101.01700
  0
LINE
  8
Gravur
 62
   255
 39
0.200
  6
CONTINUOUS
 10
175.69800
 20
101.01700
 30
 0
 11
175.78500
 21
101.04700
  0
LINE
  8
Gravur
 62
   255
 39
0.200
  6
CONTINUOUS
 10
175.78500
 20
101.04700
 30
 0
 11
175.86600
 21
101.09000
  0
LINE
  8
Gravur
 62
   255
 39
0.200
  6
CONTINUOUS
 10
175.86600
 20
101.09000
 30
 0
 11
175.94100
 21
101.14700
  0
LINE
  8
Gravur
 62
   255
 39
0.200
  6
CONTINUOUS
 10
175.94100
 20
101.14700
 30
 0
 11
176.00800
 21
101.21600
  0
LINE
  8
Gravur
 62
   255
 39
0.200
  6
CONTINUOUS
 10
176.00800
 20
101.21600
 30
 0
 11
176.06500
 21
101.29500
  0
LINE
  8
Gravur
 62
   255
 39
0.200
  6
CONTINUOUS
 10
176.06500
 20
101.29500
 30
 0
 11
176.11000
 21
101.38200
  0
LINE
  8
Gravur
 62
   255
 39
0.200
  6
CONTINUOUS
 10
176.11000
 20
101.38200
 30
 0
 11
176.14300
 21
101.47600
  0
LINE
  8
Gravur
 62
   255
 39
0.200
  6
CONTINUOUS
 10
176.14300
 20
101.47600
 30
 0
 11
176.16300
 21
101.57400
  0
LINE
  8
Gravur
 62
   255
 39
0.200
  6
CONTINUOUS
 10
176.16300
 20
101.57400
 30
 0
 11
176.17000
 21
101.67500
  0
LINE
  8
Gravur
 62
   255
 39
0.200
  6
CONTINUOUS
 10
176.17000
 20
101.67500
 30
 0
 11
176.17000
 21
104.00000
  0
LINE
  8
Gravur
 62
   255
 39
0.200
  6
CONTINUOUS
 10
176.93500
 20
101.00000
 30
 0
 11
176.93500
 21
104.00000
  0
LINE
  8
Gravur
 62
   255
 39
0.200
  6
CONTINUOUS
 10
176.93500
 20
104.00000
 30
 0
 11
178.15000
 21
101.00000
  0
LINE
  8
Gravur
 62
   255
 39
0.200
  6
CONTINUOUS
 10
178.15000
 20
101.00000
 30
 0
 11
178.15000
 21
104.00000
  0
LINE
  8
Gravur
 62
   255
 39
0.200
  6
CONTINUOUS
 10
178.91500
 20
104.00000
 30
 0
 11
180.13000
 21
104.00000
  0
LINE
  8
Gravur
 62
   255
 39
0.200
  6
CONTINUOUS
 10
180.13000
 20
104.00000
 30
 0
 11
179.52300
 21
104.00000
  0
LINE
  8
Gravur
 62
   255
 39
0.200
  6
CONTINUOUS
 10
179.52300
 20
104.00000
 30
 0
 11
179.52300
 21
101.00000
  0
ARC
  8
Gravur
 62
   255
 39
0.200
  6
CONTINUOUS
 10
155.58000
 20
83.15500
 30
 0
 40
0.49500
 50
91.50439
 51
-174.78461
  0
ARC
  8
Gravur
 62
   255
 39
0.200
  6
CONTINUOUS
 10
155.59200
 20
83.12800
 30
 0
 40
0.52300
 50
330.44533
 51
92.74196
  0
LINE
  8
Gravur
 62
   255
 39
0.200
  6
CONTINUOUS
 10
156.04700
 20
82.87000
 30
 0
 11
155.08700
 21
81.25000
  0
LINE
  8
Gravur
 62
   255
 39
0.200
  6
CONTINUOUS
 10
155.08700
 20
81.25000
 30
 0
 11
156.10700
 21
81.25000
  0
ARC
  8
Gravur
 62
   255
 39
0.200
  6
CONTINUOUS
 10
158.04400
 20
92.13500
 30
 0
 40
0.49200
 50
434.80614
 51
175.92268
  0
ARC
  8
Gravur
 62
   255
 39
0.200
  6
CONTINUOUS
 10
158.03400
 20
92.09700
 30
 0
 40
0.53100
 50
263.39742
 51
74.83943
  0
ARC
  8
Gravur
 62
   255
 39
0.200
  6
CONTINUOUS
 10
158.05400
 20
90.92000
 30
 0
 40
0.65500
 50
285.86128
 51
97.10332
  0
ARC
  8
Gravur
 62
   255
 39
0.200
  6
CONTINUOUS
 10
158.06800
 20
90.84400
 30
 0
 40
0.57800
 50
185.36509
 51
-73.41468
  0
LINE
  8
Gravur
 62
   255
 39
0.200
  6
CONTINUOUS
 10
164.87000
 20
99.65000
 30
 0
 11
164.09000
 21
97.85000
  0
LINE
  8
Gravur
 62
   255
 39
0.200
  6
CONTINUOUS
 10
164.09000
 20
97.85000
 30
 0
 11
165.11000
 21
97.85000
  0
LINE
  8
Gravur
 62
   255
 39
0.200
  6
CONTINUOUS
 10
164.87000
 20
98.45000
 30
 0
 11
164.87000
 21
97.25000
  0
LINE
  8
Gravur
 62
   255
 39
0.200
  6
CONTINUOUS
 10
157.83000
 20
73.55000
 30
 0
 11
158.37000
 21
74.15000
  0
LINE
  8
Gravur
 62
   255
 39
0.200
  6
CONTINUOUS
 10
158.37000
 20
74.15000
 30
 0
 11
158.37000
 21
71.75000
  0
ARC
  8
Gravur
 62
   255
 39
0.200
  6
CONTINUOUS
 10
190.15000
 20
72.27800
 30
 0
 40
0.53000
 50
178.70296
 51
264.59040
  0
ARC
  8
Gravur
 62
   255
 39
0.200
  6
CONTINUOUS
 10
190.08200
 20
72.24800
 30
 0
 40
0.49800
 50
-87.92997
 51
-2.07003
  0
LINE
  8
Gravur
 62
   255
 39
0.200
  6
CONTINUOUS
 10
190.58000
 20
72.23000
 30
 0
 11
190.58000
 21
73.67000
  0
ARC
  8
Gravur
 62
   255
 39
0.200
  6
CONTINUOUS
 10
190.10000
 20
73.67000
 30
 0
 40
0.48000
 50
0.00000
 51
180.00000
  0
LINE
  8
Gravur
 62
   255
 39
0.200
  6
CONTINUOUS
 10
189.62000
 20
73.67000
 30
 0
 11
189.62000
 21
73.31000
  0
ARC
  8
Gravur
 62
   255
 39
0.200
  6
CONTINUOUS
 10
190.11500
 20
73.36700
 30
 0
 40
0.49800
 50
-173.43124
 51
-20.83908
  0
ARC
  8
Gravur
 62
   255
 39
0.200
  6
CONTINUOUS
 10
192.60300
 20
81.76700
 30
 0
 40
0.51700
 50
-90.33247
 51
0.33247
  0
LINE
  8
Gravur
 62
   255
 39
0.200
  6
CONTINUOUS
 10
193.12000
 20
81.77000
 30
 0
 11
193.12000
 21
81.95000
  0
ARC
  8
Gravur
 62
   255
 39
0.200
  6
CONTINUOUS
 10
192.61300
 20
81.94300
 30
 0
 40
0.50700
 50
0.79102
 51
91.46880
  0
ARC
  8
Gravur
 62
   255
 39
0.200
  6
CONTINUOUS
 10
192.60300
 20
82.92700
 30
 0
 40
0.47700
 50
-90.36035
 51
0.36035
  0
LINE
  8
Gravur
 62
   255
 39
0.200
  6
CONTINUOUS
 10
193.08000
 20
82.93000
 30
 0
 11
193.08000
 21
83.17000
  0
ARC
  8
Gravur
 62
   255
 39
0.200
  6
CONTINUOUS
 10
192.60000
 20
83.17000
 30
 0
 40
0.48000
 50
0.00000
 51
180.00000
  0
LINE
  8
Gravur
 62
   255
 39
0.200
  6
CONTINUOUS
 10
192.12000
 20
83.17000
 30
 0
 11
192.12000
 21
82.93000
  0
ARC
  8
Gravur
 62
   255
 39
0.200
  6
CONTINUOUS
 10
192.59700
 20
82.92700
 30
 0
 40
0.47700
 50
179.63965
 51
270.36035
  0
ARC
  8
Gravur
 62
   255
 39
0.200
  6
CONTINUOUS
 10
192.58700
 20
81.94300
 30
 0
 40
0.50700
 50
88.53120
 51
179.20898
  0
LINE
  8
Gravur
 62
   255
 39
0.200
  6
CONTINUOUS
 10
192.08000
 20
81.95000
 30
 0
 11
192.08000
 21
81.77000
  0
ARC
  8
Gravur
 62
   255
 39
0.200
  6
CONTINUOUS
 10
192.59700
 20
81.76700
 30
 0
 40
0.51700
 50
179.66753
 51
270.33247
  0
LINE
  8
Gravur
 62
   255
 39
0.200
  6
CONTINUOUS
 10
189.59000
 20
92.23000
 30
 0
 11
189.59000
 21
92.65000
  0
LINE
  8
Gravur
 62
   255
 39
0.200
  6
CONTINUOUS
 10
189.59000
 20
92.65000
 30
 0
 11
190.61000
 21
92.65000
  0
LINE
  8
Gravur
 62
   255
 39
0.200
  6
CONTINUOUS
 10
190.61000
 20
92.65000
 30
 0
 11
189.83000
 21
90.25000
  0
ARC
  8
Gravur
 62
   255
 39
0.200
  6
CONTINUOUS
 10
183.08000
 20
99.12200
 30
 0
 40
0.53000
 50
-1.29704
 51
84.59040
  0
ARC
  8
Gravur
 62
   255
 39
0.200
  6
CONTINUOUS
 10
183.08500
 20
99.15700
 30
 0
 40
0.49500
 50
84.78461
 51
178.49561
  0
LINE
  8
Gravur
 62
   255
 39
0.200
  6
CONTINUOUS
 10
182.59000
 20
99.17000
 30
 0
 11
182.59000
 21
97.73000
  0
ARC
  8
Gravur
 62
   255
 39
0.200
  6
CONTINUOUS
 10
183.12600
 20
97.78600
 30
 0
 40
0.53900
 50
-174.03551
 51
-95.96449
  0
ARC
  8
Gravur
 62
   255
 39
0.200
  6
CONTINUOUS
 10
183.08200
 20
97.78000
 30
 0
 40
0.53000
 50
-91.29704
 51
-5.40960
  0
LINE
  8
Gravur
 62
   255
 39
0.200
  6
CONTINUOUS
 10
183.61000
 20
97.73000
 30
 0
 11
183.61000
 21
98.21000
  0
ARC
  8
Gravur
 62
   255
 39
0.200
  6
CONTINUOUS
 10
183.07300
 20
98.14900
 30
 0
 40
0.54000
 50
6.48068
 51
153.48242
  0
LINE
  8
Gravur
 62
   255
 39
0.400
  6
CONTINUOUS
 10
172.85000
 20
82.42800
 30
 0
 11
175.35000
 21
82.42800
  0
LINE
  8
Gravur
 62
   255
 39
0.400
  6
CONTINUOUS
 10
174.10000
 20
83.67800
 30
 0
 11
174.10000
 21
81.17800
  0
LINE
  8
Gravur
 62
   255
 39
0.400
  6
CONTINUOUS
 10
166.10000
 20
68.57200
 30
 0
 11
170.34900
 21
75.93200
  0
LINE
  8
Gravur
 62
   255
 39
0.400
  6
CONTINUOUS
 10
170.34900
 20
75.93200
 30
 0
 11
170.35000
 21
75.93200
  0
LINE
  8
Gravur
 62
   255
 39
0.400
  6
CONTINUOUS
 10
182.10000
 20
68.57200
 30
 0
 11
177.85000
 21
75.93200
  0
LINE
  8
Gravur
 62
   255
 39
0.400
  6
CONTINUOUS
 10
177.85000
 20
75.93200
 30
 0
 11
177.85000
 21
75.93200
  0
LINE
  8
Gravur
 62
   255
 39
0.400
  6
CONTINUOUS
 10
180.59500
 20
78.67700
 30
 0
 11
180.59500
 21
78.67700
  0
LINE
  8
Gravur
 62
   255
 39
0.400
  6
CONTINUOUS
 10
180.59500
 20
78.67700
 30
 0
 11
187.95600
 21
74.42700
  0
LINE
  8
Gravur
 62
   255
 39
0.400
  6
CONTINUOUS
 10
190.10000
 20
82.42800
 30
 0
 11
181.60000
 21
82.42800
  0
LINE
  8
Gravur
 62
   255
 39
0.400
  6
CONTINUOUS
 10
181.60000
 20
82.42800
 30
 0
 11
181.60000
 21
82.42800
  0
LINE
  8
Gravur
 62
   255
 39
0.400
  6
CONTINUOUS
 10
180.59500
 20
86.17800
 30
 0
 11
180.59500
 21
86.17800
  0
LINE
  8
Gravur
 62
   255
 39
0.400
  6
CONTINUOUS
 10
180.59500
 20
86.17800
 30
 0
 11
187.95600
 21
90.42800
  0
LINE
  8
Gravur
 62
   255
 39
0.400
  6
CONTINUOUS
 10
182.09900
 20
96.28400
 30
 0
 11
177.85000
 21
88.92300
  0
LINE
  8
Gravur
 62
   255
 39
0.400
  6
CONTINUOUS
 10
177.85000
 20
88.92300
 30
 0
 11
177.84900
 21
88.92300
  0
LINE
  8
Gravur
 62
   255
 39
0.400
  6
CONTINUOUS
 10
174.10000
 20
89.92800
 30
 0
 11
174.10000
 21
89.92800
  0
LINE
  8
Gravur
 62
   255
 39
0.400
  6
CONTINUOUS
 10
174.10000
 20
89.92800
 30
 0
 11
174.10000
 21
98.42800
  0
LINE
  8
Gravur
 62
   255
 39
0.400
  6
CONTINUOUS
 10
166.10000
 20
96.28400
 30
 0
 11
170.35000
 21
88.92300
  0
LINE
  8
Gravur
 62
   255
 39
0.400
  6
CONTINUOUS
 10
170.35000
 20
88.92300
 30
 0
 11
170.35000
 21
88.92300
  0
LINE
  8
Gravur
 62
   255
 39
0.400
  6
CONTINUOUS
 10
167.60400
 20
86.17800
 30
 0
 11
167.60400
 21
86.17800
  0
LINE
  8
Gravur
 62
   255
 39
0.400
  6
CONTINUOUS
 10
167.60400
 20
86.17800
 30
 0
 11
160.24400
 21
90.42700
  0
LINE
  8
Gravur
 62
   255
 39
0.400
  6
CONTINUOUS
 10
158.10000
 20
82.42800
 30
 0
 11
166.60000
 21
82.42800
  0
LINE
  8
Gravur
 62
   255
 39
0.400
  6
CONTINUOUS
 10
166.60000
 20
82.42800
 30
 0
 11
166.60000
 21
82.42800
  0
LINE
  8
Gravur
 62
   255
 39
0.400
  6
CONTINUOUS
 10
167.60400
 20
78.67800
 30
 0
 11
167.60400
 21
78.67800
  0
LINE
  8
Gravur
 62
   255
 39
0.400
  6
CONTINUOUS
 10
167.60400
 20
78.67800
 30
 0
 11
160.24400
 21
74.42800
  0
LINE
  8
Gravur
 62
   255
 39
0.200
  6
CONTINUOUS
 10
172.85100
 20
82.49500
 30
 0
 11
175.35100
 21
82.49500
  0
LINE
  8
Gravur
 62
   255
 39
0.200
  6
CONTINUOUS
 10
174.10100
 20
83.74500
 30
 0
 11
174.10100
 21
81.24500
  0
LINE
  8
Gravur
 62
   255
 39
0.200
  6
CONTINUOUS
 10
185.06100
 20
71.53400
 30
 0
 11
179.40400
 21
77.19100
  0
LINE
  8
Gravur
 62
   255
 39
0.200
  6
CONTINUOUS
 10
179.40400
 20
77.19100
 30
 0
 11
179.40400
 21
77.19100
  0
LINE
  8
Gravur
 62
   255
 39
0.200
  6
CONTINUOUS
 10
181.34500
 20
80.55400
 30
 0
 11
181.34500
 21
80.55400
  0
LINE
  8
Gravur
 62
   255
 39
0.200
  6
CONTINUOUS
 10
181.34500
 20
80.55400
 30
 0
 11
189.07300
 21
78.48300
  0
LINE
  8
Gravur
 62
   255
 39
0.200
  6
CONTINUOUS
 10
189.07300
 20
86.50600
 30
 0
 11
181.34500
 21
84.43500
  0
LINE
  8
Gravur
 62
   255
 39
0.200
  6
CONTINUOUS
 10
181.34500
 20
84.43500
 30
 0
 11
181.34500
 21
84.43500
  0
LINE
  8
Gravur
 62
   255
 39
0.200
  6
CONTINUOUS
 10
179.40400
 20
87.79800
 30
 0
 11
179.40400
 21
87.79800
  0
LINE
  8
Gravur
 62
   255
 39
0.200
  6
CONTINUOUS
 10
179.40400
 20
87.79800
 30
 0
 11
185.06100
 21
93.45500
  0
LINE
  8
Gravur
 62
   255
 39
0.200
  6
CONTINUOUS
 10
178.11200
 20
97.46700
 30
 0
 11
176.04100
 21
89.73900
  0
LINE
  8
Gravur
 62
   255
 39
0.200
  6
CONTINUOUS
 10
176.04100
 20
89.73900
 30
 0
 11
176.04100
 21
89.73900
  0
LINE
  8
Gravur
 62
   255
 39
0.200
  6
CONTINUOUS
 10
172.16000
 20
89.73900
 30
 0
 11
172.16000
 21
89.73900
  0
LINE
  8
Gravur
 62
   255
 39
0.200
  6
CONTINUOUS
 10
172.16000
 20
89.73900
 30
 0
 11
170.08900
 21
97.46700
  0
LINE
  8
Gravur
 62
   255
 39
0.200
  6
CONTINUOUS
 10
163.14000
 20
93.45500
 30
 0
 11
168.79700
 21
87.79800
  0
LINE
  8
Gravur
 62
   255
 39
0.200
  6
CONTINUOUS
 10
168.79700
 20
87.79800
 30
 0
 11
168.79700
 21
87.79800
  0
LINE
  8
Gravur
 62
   255
 39
0.200
  6
CONTINUOUS
 10
166.85600
 20
84.43500
 30
 0
 11
166.85600
 21
84.43500
  0
LINE
  8
Gravur
 62
   255
 39
0.200
  6
CONTINUOUS
 10
166.85600
 20
84.43500
 30
 0
 11
159.12800
 21
86.50600
  0
LINE
  8
Gravur
 62
   255
 39
0.200
  6
CONTINUOUS
 10
159.12800
 20
78.48300
 30
 0
 11
166.85600
 21
80.55400
  0
LINE
  8
Gravur
 62
   255
 39
0.200
  6
CONTINUOUS
 10
166.85600
 20
80.55400
 30
 0
 11
166.85600
 21
80.55400
  0
LINE
  8
Gravur
 62
   255
 39
0.200
  6
CONTINUOUS
 10
168.79700
 20
77.19100
 30
 0
 11
168.79700
 21
77.19100
  0
LINE
  8
Gravur
 62
   255
 39
0.200
  6
CONTINUOUS
 10
168.79700
 20
77.19100
 30
 0
 11
163.14000
 21
71.53400
  0
LINE
  8
Gravur
 62
   255
 39
0.200
  6
CONTINUOUS
 10
215.09200
 20
104.00000
 30
 0
 11
215.70000
 21
101.00000
  0
LINE
  8
Gravur
 62
   255
 39
0.200
  6
CONTINUOUS
 10
215.70000
 20
101.00000
 30
 0
 11
216.30700
 21
104.00000
  0
LINE
  8
Gravur
 62
   255
 39
0.200
  6
CONTINUOUS
 10
218.24200
 20
103.35000
 30
 0
 11
218.23600
 21
103.44700
  0
LINE
  8
Gravur
 62
   255
 39
0.200
  6
CONTINUOUS
 10
218.23600
 20
103.44700
 30
 0
 11
218.21600
 21
103.54200
  0
LINE
  8
Gravur
 62
   255
 39
0.200
  6
CONTINUOUS
 10
218.21600
 20
103.54200
 30
 0
 11
218.18500
 21
103.63200
  0
LINE
  8
Gravur
 62
   255
 39
0.200
  6
CONTINUOUS
 10
218.18500
 20
103.63200
 30
 0
 11
218.14100
 21
103.71600
  0
LINE
  8
Gravur
 62
   255
 39
0.200
  6
CONTINUOUS
 10
218.14100
 20
103.71600
 30
 0
 11
218.08600
 21
103.79200
  0
LINE
  8
Gravur
 62
   255
 39
0.200
  6
CONTINUOUS
 10
218.08600
 20
103.79200
 30
 0
 11
218.02200
 21
103.85800
  0
LINE
  8
Gravur
 62
   255
 39
0.200
  6
CONTINUOUS
 10
218.02200
 20
103.85800
 30
 0
 11
217.95000
 21
103.91300
  0
LINE
  8
Gravur
 62
   255
 39
0.200
  6
CONTINUOUS
 10
217.95000
 20
103.91300
 30
 0
 11
217.87100
 21
103.95500
  0
LINE
  8
Gravur
 62
   255
 39
0.200
  6
CONTINUOUS
 10
217.87100
 20
103.95500
 30
 0
 11
217.78800
 21
103.98400
  0
LINE
  8
Gravur
 62
   255
 39
0.200
  6
CONTINUOUS
 10
217.78800
 20
103.98400
 30
 0
 11
217.70200
 21
103.99800
  0
LINE
  8
Gravur
 62
   255
 39
0.200
  6
CONTINUOUS
 10
217.70200
 20
103.99800
 30
 0
 11
217.61300
 21
103.99800
  0
LINE
  8
Gravur
 62
   255
 39
0.200
  6
CONTINUOUS
 10
217.61300
 20
103.99800
 30
 0
 11
217.52700
 21
103.98400
  0
LINE
  8
Gravur
 62
   255
 39
0.200
  6
CONTINUOUS
 10
217.52700
 20
103.98400
 30
 0
 11
217.44400
 21
103.95500
  0
LINE
  8
Gravur
 62
   255
 39
0.200
  6
CONTINUOUS
 10
217.44400
 20
103.95500
 30
 0
 11
217.36500
 21
103.91300
  0
LINE
  8
Gravur
 62
   255
 39
0.200
  6
CONTINUOUS
 10
217.36500
 20
103.91300
 30
 0
 11
217.29300
 21
103.85800
  0
LINE
  8
Gravur
 62
   255
 39
0.200
  6
CONTINUOUS
 10
217.29300
 20
103.85800
 30
 0
 11
217.22900
 21
103.79200
  0
LINE
  8
Gravur
 62
   255
 39
0.200
  6
CONTINUOUS
 10
217.22900
 20
103.79200
 30
 0
 11
217.17400
 21
103.71600
  0
LINE
  8
Gravur
 62
   255
 39
0.200
  6
CONTINUOUS
 10
217.17400
 20
103.71600
 30
 0
 11
217.13000
 21
103.63200
  0
LINE
  8
Gravur
 62
   255
 39
0.200
  6
CONTINUOUS
 10
217.13000
 20
103.63200
 30
 0
 11
217.09900
 21
103.54200
  0
LINE
  8
Gravur
 62
   255
 39
0.200
  6
CONTINUOUS
 10
217.09900
 20
103.54200
 30
 0
 11
217.07900
 21
103.44700
  0
LINE
  8
Gravur
 62
   255
 39
0.200
  6
CONTINUOUS
 10
217.07900
 20
103.44700
 30
 0
 11
217.07200
 21
103.35000
  0
LINE
  8
Gravur
 62
   255
 39
0.200
  6
CONTINUOUS
 10
217.07200
 20
103.35000
 30
 0
 11
217.07200
 21
101.65000
  0
LINE
  8
Gravur
 62
   255
 39
0.200
  6
CONTINUOUS
 10
217.07200
 20
101.65000
 30
 0
 11
217.07900
 21
101.55300
  0
LINE
  8
Gravur
 62
   255
 39
0.200
  6
CONTINUOUS
 10
217.07900
 20
101.55300
 30
 0
 11
217.09900
 21
101.45800
  0
LINE
  8
Gravur
 62
   255
 39
0.200
  6
CONTINUOUS
 10
217.09900
 20
101.45800
 30
 0
 11
217.13000
 21
101.36800
  0
LINE
  8
Gravur
 62
   255
 39
0.200
  6
CONTINUOUS
 10
217.13000
 20
101.36800
 30
 0
 11
217.17400
 21
101.28400
  0
LINE
  8
Gravur
 62
   255
 39
0.200
  6
CONTINUOUS
 10
217.17400
 20
101.28400
 30
 0
 11
217.22900
 21
101.20800
  0
LINE
  8
Gravur
 62
   255
 39
0.200
  6
CONTINUOUS
 10
217.22900
 20
101.20800
 30
 0
 11
217.29300
 21
101.14200
  0
LINE
  8
Gravur
 62
   255
 39
0.200
  6
CONTINUOUS
 10
217.29300
 20
101.14200
 30
 0
 11
217.36500
 21
101.08700
  0
LINE
  8
Gravur
 62
   255
 39
0.200
  6
CONTINUOUS
 10
217.36500
 20
101.08700
 30
 0
 11
217.44400
 21
101.04500
  0
LINE
  8
Gravur
 62
   255
 39
0.200
  6
CONTINUOUS
 10
217.44400
 20
101.04500
 30
 0
 11
217.52700
 21
101.01600
  0
LINE
  8
Gravur
 62
   255
 39
0.200
  6
CONTINUOUS
 10
217.52700
 20
101.01600
 30
 0
 11
217.61300
 21
101.00200
  0
LINE
  8
Gravur
 62
   255
 39
0.200
  6
CONTINUOUS
 10
217.61300
 20
101.00200
 30
 0
 11
217.70200
 21
101.00200
  0
LINE
  8
Gravur
 62
   255
 39
0.200
  6
CONTINUOUS
 10
217.70200
 20
101.00200
 30
 0
 11
217.78800
 21
101.01600
  0
LINE
  8
Gravur
 62
   255
 39
0.200
  6
CONTINUOUS
 10
217.78800
 20
101.01600
 30
 0
 11
217.87100
 21
101.04500
  0
LINE
  8
Gravur
 62
   255
 39
0.200
  6
CONTINUOUS
 10
217.87100
 20
101.04500
 30
 0
 11
217.95000
 21
101.08700
  0
LINE
  8
Gravur
 62
   255
 39
0.200
  6
CONTINUOUS
 10
217.95000
 20
101.08700
 30
 0
 11
218.02200
 21
101.14200
  0
LINE
  8
Gravur
 62
   255
 39
0.200
  6
CONTINUOUS
 10
218.02200
 20
101.14200
 30
 0
 11
218.08600
 21
101.20800
  0
LINE
  8
Gravur
 62
   255
 39
0.200
  6
CONTINUOUS
 10
218.08600
 20
101.20800
 30
 0
 11
218.14100
 21
101.28400
  0
LINE
  8
Gravur
 62
   255
 39
0.200
  6
CONTINUOUS
 10
218.14100
 20
101.28400
 30
 0
 11
218.18500
 21
101.36800
  0
LINE
  8
Gravur
 62
   255
 39
0.200
  6
CONTINUOUS
 10
218.18500
 20
101.36800
 30
 0
 11
218.21600
 21
101.45800
  0
LINE
  8
Gravur
 62
   255
 39
0.200
  6
CONTINUOUS
 10
218.21600
 20
101.45800
 30
 0
 11
218.23600
 21
101.55300
  0
LINE
  8
Gravur
 62
   255
 39
0.200
  6
CONTINUOUS
 10
218.23600
 20
101.55300
 30
 0
 11
218.24200
 21
101.65000
  0
LINE
  8
Gravur
 62
   255
 39
0.200
  6
CONTINUOUS
 10
220.08700
 20
104.00000
 30
 0
 11
219.00700
 21
104.00000
  0
LINE
  8
Gravur
 62
   255
 39
0.200
  6
CONTINUOUS
 10
219.00700
 20
104.00000
 30
 0
 11
219.00700
 21
101.00000
  0
LINE
  8
Gravur
 62
   255
 39
0.200
  6
CONTINUOUS
 10
219.00700
 20
101.00000
 30
 0
 11
219.00700
 21
102.50000
  0
LINE
  8
Gravur
 62
   255
 39
0.200
  6
CONTINUOUS
 10
219.00700
 20
102.50000
 30
 0
 11
219.68200
 21
102.50000
  0
LINE
  8
Gravur
 62
   255
 39
0.200
  6
CONTINUOUS
 10
223.01200
 20
101.00000
 30
 0
 11
223.01200
 21
104.00000
  0
LINE
  8
Gravur
 62
   255
 39
0.200
  6
CONTINUOUS
 10
223.01200
 20
104.00000
 30
 0
 11
223.55200
 21
104.00000
  0
LINE
  8
Gravur
 62
   255
 39
0.200
  6
CONTINUOUS
 10
223.55200
 20
104.00000
 30
 0
 11
223.65100
 21
103.99300
  0
LINE
  8
Gravur
 62
   255
 39
0.200
  6
CONTINUOUS
 10
223.65100
 20
103.99300
 30
 0
 11
223.74700
 21
103.96900
  0
LINE
  8
Gravur
 62
   255
 39
0.200
  6
CONTINUOUS
 10
223.74700
 20
103.96900
 30
 0
 11
223.84000
 21
103.93000
  0
LINE
  8
Gravur
 62
   255
 39
0.200
  6
CONTINUOUS
 10
223.84000
 20
103.93000
 30
 0
 11
223.92500
 21
103.87700
  0
LINE
  8
Gravur
 62
   255
 39
0.200
  6
CONTINUOUS
 10
223.92500
 20
103.87700
 30
 0
 11
224.00300
 21
103.81000
  0
LINE
  8
Gravur
 62
   255
 39
0.200
  6
CONTINUOUS
 10
224.00300
 20
103.81000
 30
 0
 11
224.07200
 21
103.73200
  0
LINE
  8
Gravur
 62
   255
 39
0.200
  6
CONTINUOUS
 10
224.07200
 20
103.73200
 30
 0
 11
224.12900
 21
103.64200
  0
LINE
  8
Gravur
 62
   255
 39
0.200
  6
CONTINUOUS
 10
224.12900
 20
103.64200
 30
 0
 11
224.17400
 21
103.54500
  0
LINE
  8
Gravur
 62
   255
 39
0.200
  6
CONTINUOUS
 10
224.17400
 20
103.54500
 30
 0
 11
224.20600
 21
103.44100
  0
LINE
  8
Gravur
 62
   255
 39
0.200
  6
CONTINUOUS
 10
224.20600
 20
103.44100
 30
 0
 11
224.22400
 21
103.33400
  0
LINE
  8
Gravur
 62
   255
 39
0.200
  6
CONTINUOUS
 10
224.22400
 20
103.33400
 30
 0
 11
224.22800
 21
103.25000
  0
LINE
  8
Gravur
 62
   255
 39
0.200
  6
CONTINUOUS
 10
224.22800
 20
103.25000
 30
 0
 11
224.22800
 21
101.75000
  0
LINE
  8
Gravur
 62
   255
 39
0.200
  6
CONTINUOUS
 10
224.22800
 20
101.75000
 30
 0
 11
224.22100
 21
101.64100
  0
LINE
  8
Gravur
 62
   255
 39
0.200
  6
CONTINUOUS
 10
224.22100
 20
101.64100
 30
 0
 11
224.20000
 21
101.53400
  0
LINE
  8
Gravur
 62
   255
 39
0.200
  6
CONTINUOUS
 10
224.20000
 20
101.53400
 30
 0
 11
224.16500
 21
101.43100
  0
LINE
  8
Gravur
 62
   255
 39
0.200
  6
CONTINUOUS
 10
224.16500
 20
101.43100
 30
 0
 11
224.11700
 21
101.33600
  0
LINE
  8
Gravur
 62
   255
 39
0.200
  6
CONTINUOUS
 10
224.11700
 20
101.33600
 30
 0
 11
224.05700
 21
101.24900
  0
LINE
  8
Gravur
 62
   255
 39
0.200
  6
CONTINUOUS
 10
224.05700
 20
101.24900
 30
 0
 11
223.98600
 21
101.17300
  0
LINE
  8
Gravur
 62
   255
 39
0.200
  6
CONTINUOUS
 10
223.98600
 20
101.17300
 30
 0
 11
223.90500
 21
101.10900
  0
LINE
  8
Gravur
 62
   255
 39
0.200
  6
CONTINUOUS
 10
223.90500
 20
101.10900
 30
 0
 11
223.81800
 21
101.05900
  0
LINE
  8
Gravur
 62
   255
 39
0.200
  6
CONTINUOUS
 10
223.81800
 20
101.05900
 30
 0
 11
223.72400
 21
101.02400
  0
LINE
  8
Gravur
 62
   255
 39
0.200
  6
CONTINUOUS
 10
223.72400
 20
101.02400
 30
 0
 11
223.62800
 21
101.00400
  0
LINE
  8
Gravur
 62
   255
 39
0.200
  6
CONTINUOUS
 10
223.62800
 20
101.00400
 30
 0
 11
223.55200
 21
101.00000
  0
LINE
  8
Gravur
 62
   255
 39
0.200
  6
CONTINUOUS
 10
223.55200
 20
101.00000
 30
 0
 11
223.01200
 21
101.00000
  0
LINE
  8
Gravur
 62
   255
 39
0.200
  6
CONTINUOUS
 10
226.20800
 20
104.00000
 30
 0
 11
224.99300
 21
104.00000
  0
LINE
  8
Gravur
 62
   255
 39
0.200
  6
CONTINUOUS
 10
224.99300
 20
104.00000
 30
 0
 11
224.99300
 21
101.00000
  0
LINE
  8
Gravur
 62
   255
 39
0.200
  6
CONTINUOUS
 10
224.99300
 20
101.00000
 30
 0
 11
226.20800
 21
101.00000
  0
LINE
  8
Gravur
 62
   255
 39
0.200
  6
CONTINUOUS
 10
224.99300
 20
102.50000
 30
 0
 11
226.00500
 21
102.50000
  0
LINE
  8
Gravur
 62
   255
 39
0.200
  6
CONTINUOUS
 10
228.14300
 20
103.35000
 30
 0
 11
228.13600
 21
103.44700
  0
LINE
  8
Gravur
 62
   255
 39
0.200
  6
CONTINUOUS
 10
228.13600
 20
103.44700
 30
 0
 11
228.11600
 21
103.54200
  0
LINE
  8
Gravur
 62
   255
 39
0.200
  6
CONTINUOUS
 10
228.11600
 20
103.54200
 30
 0
 11
228.08500
 21
103.63200
  0
LINE
  8
Gravur
 62
   255
 39
0.200
  6
CONTINUOUS
 10
228.08500
 20
103.63200
 30
 0
 11
228.04100
 21
103.71600
  0
LINE
  8
Gravur
 62
   255
 39
0.200
  6
CONTINUOUS
 10
228.04100
 20
103.71600
 30
 0
 11
227.98600
 21
103.79200
  0
LINE
  8
Gravur
 62
   255
 39
0.200
  6
CONTINUOUS
 10
227.98600
 20
103.79200
 30
 0
 11
227.92200
 21
103.85800
  0
LINE
  8
Gravur
 62
   255
 39
0.200
  6
CONTINUOUS
 10
227.92200
 20
103.85800
 30
 0
 11
227.85000
 21
103.91300
  0
LINE
  8
Gravur
 62
   255
 39
0.200
  6
CONTINUOUS
 10
227.85000
 20
103.91300
 30
 0
 11
227.77100
 21
103.95500
  0
LINE
  8
Gravur
 62
   255
 39
0.200
  6
CONTINUOUS
 10
227.77100
 20
103.95500
 30
 0
 11
227.68800
 21
103.98400
  0
LINE
  8
Gravur
 62
   255
 39
0.200
  6
CONTINUOUS
 10
227.68800
 20
103.98400
 30
 0
 11
227.60200
 21
103.99800
  0
LINE
  8
Gravur
 62
   255
 39
0.200
  6
CONTINUOUS
 10
227.60200
 20
103.99800
 30
 0
 11
227.51300
 21
103.99800
  0
LINE
  8
Gravur
 62
   255
 39
0.200
  6
CONTINUOUS
 10
227.51300
 20
103.99800
 30
 0
 11
227.42700
 21
103.98400
  0
LINE
  8
Gravur
 62
   255
 39
0.200
  6
CONTINUOUS
 10
227.42700
 20
103.98400
 30
 0
 11
227.34400
 21
103.95500
  0
LINE
  8
Gravur
 62
   255
 39
0.200
  6
CONTINUOUS
 10
227.34400
 20
103.95500
 30
 0
 11
227.26500
 21
103.91300
  0
LINE
  8
Gravur
 62
   255
 39
0.200
  6
CONTINUOUS
 10
227.26500
 20
103.91300
 30
 0
 11
227.19300
 21
103.85800
  0
LINE
  8
Gravur
 62
   255
 39
0.200
  6
CONTINUOUS
 10
227.19300
 20
103.85800
 30
 0
 11
227.12900
 21
103.79200
  0
LINE
  8
Gravur
 62
   255
 39
0.200
  6
CONTINUOUS
 10
227.12900
 20
103.79200
 30
 0
 11
227.07400
 21
103.71600
  0
LINE
  8
Gravur
 62
   255
 39
0.200
  6
CONTINUOUS
 10
227.07400
 20
103.71600
 30
 0
 11
227.03000
 21
103.63200
  0
LINE
  8
Gravur
 62
   255
 39
0.200
  6
CONTINUOUS
 10
227.03000
 20
103.63200
 30
 0
 11
226.99900
 21
103.54200
  0
LINE
  8
Gravur
 62
   255
 39
0.200
  6
CONTINUOUS
 10
226.99900
 20
103.54200
 30
 0
 11
226.97900
 21
103.44700
  0
LINE
  8
Gravur
 62
   255
 39
0.200
  6
CONTINUOUS
 10
226.97900
 20
103.44700
 30
 0
 11
226.97300
 21
103.35000
  0
LINE
  8
Gravur
 62
   255
 39
0.200
  6
CONTINUOUS
 10
226.97300
 20
103.35000
 30
 0
 11
226.97300
 21
101.65000
  0
LINE
  8
Gravur
 62
   255
 39
0.200
  6
CONTINUOUS
 10
226.97300
 20
101.65000
 30
 0
 11
226.97900
 21
101.55300
  0
LINE
  8
Gravur
 62
   255
 39
0.200
  6
CONTINUOUS
 10
226.97900
 20
101.55300
 30
 0
 11
226.99900
 21
101.45800
  0
LINE
  8
Gravur
 62
   255
 39
0.200
  6
CONTINUOUS
 10
226.99900
 20
101.45800
 30
 0
 11
227.03000
 21
101.36800
  0
LINE
  8
Gravur
 62
   255
 39
0.200
  6
CONTINUOUS
 10
227.03000
 20
101.36800
 30
 0
 11
227.07400
 21
101.28400
  0
LINE
  8
Gravur
 62
   255
 39
0.200
  6
CONTINUOUS
 10
227.07400
 20
101.28400
 30
 0
 11
227.12900
 21
101.20800
  0
LINE
  8
Gravur
 62
   255
 39
0.200
  6
CONTINUOUS
 10
227.12900
 20
101.20800
 30
 0
 11
227.19300
 21
101.14200
  0
LINE
  8
Gravur
 62
   255
 39
0.200
  6
CONTINUOUS
 10
227.19300
 20
101.14200
 30
 0
 11
227.26500
 21
101.08700
  0
LINE
  8
Gravur
 62
   255
 39
0.200
  6
CONTINUOUS
 10
227.26500
 20
101.08700
 30
 0
 11
227.34400
 21
101.04500
  0
LINE
  8
Gravur
 62
   255
 39
0.200
  6
CONTINUOUS
 10
227.34400
 20
101.04500
 30
 0
 11
227.42700
 21
101.01600
  0
LINE
  8
Gravur
 62
   255
 39
0.200
  6
CONTINUOUS
 10
227.42700
 20
101.01600
 30
 0
 11
227.51300
 21
101.00200
  0
LINE
  8
Gravur
 62
   255
 39
0.200
  6
CONTINUOUS
 10
227.51300
 20
101.00200
 30
 0
 11
227.60200
 21
101.00200
  0
LINE
  8
Gravur
 62
   255
 39
0.200
  6
CONTINUOUS
 10
227.60200
 20
101.00200
 30
 0
 11
227.68800
 21
101.01600
  0
LINE
  8
Gravur
 62
   255
 39
0.200
  6
CONTINUOUS
 10
227.68800
 20
101.01600
 30
 0
 11
227.77100
 21
101.04500
  0
LINE
  8
Gravur
 62
   255
 39
0.200
  6
CONTINUOUS
 10
227.77100
 20
101.04500
 30
 0
 11
227.85000
 21
101.08700
  0
LINE
  8
Gravur
 62
   255
 39
0.200
  6
CONTINUOUS
 10
227.85000
 20
101.08700
 30
 0
 11
227.92200
 21
101.14200
  0
LINE
  8
Gravur
 62
   255
 39
0.200
  6
CONTINUOUS
 10
227.92200
 20
101.14200
 30
 0
 11
227.98600
 21
101.20800
  0
LINE
  8
Gravur
 62
   255
 39
0.200
  6
CONTINUOUS
 10
227.98600
 20
101.20800
 30
 0
 11
228.04100
 21
101.28400
  0
LINE
  8
Gravur
 62
   255
 39
0.200
  6
CONTINUOUS
 10
228.04100
 20
101.28400
 30
 0
 11
228.08500
 21
101.36800
  0
LINE
  8
Gravur
 62
   255
 39
0.200
  6
CONTINUOUS
 10
228.08500
 20
101.36800
 30
 0
 11
228.11600
 21
101.45800
  0
LINE
  8
Gravur
 62
   255
 39
0.200
  6
CONTINUOUS
 10
228.11600
 20
101.45800
 30
 0
 11
228.13600
 21
101.55300
  0
LINE
  8
Gravur
 62
   255
 39
0.200
  6
CONTINUOUS
 10
228.13600
 20
101.55300
 30
 0
 11
228.14300
 21
101.65000
  0
LINE
  8
Gravur
 62
   255
 39
0.200
  6
CONTINUOUS
 10
228.90800
 20
101.00000
 30
 0
 11
229.71800
 21
104.00000
  0
LINE
  8
Gravur
 62
   255
 39
0.200
  6
CONTINUOUS
 10
229.71800
 20
104.00000
 30
 0
 11
230.52800
 21
101.00000
  0
LINE
  8
Gravur
 62
   255
 39
0.200
  6
CONTINUOUS
 10
229.17800
 20
101.90000
 30
 0
 11
230.25800
 21
101.90000
  0
LINE
  8
Gravur
 62
   255
 39
0.200
  6
CONTINUOUS
 10
231.29300
 20
104.00000
 30
 0
 11
231.90000
 21
102.12500
  0
LINE
  8
Gravur
 62
   255
 39
0.200
  6
CONTINUOUS
 10
231.90000
 20
102.12500
 30
 0
 11
231.90000
 21
101.00000
  0
LINE
  8
Gravur
 62
   255
 39
0.200
  6
CONTINUOUS
 10
231.90000
 20
101.00000
 30
 0
 11
231.90000
 21
102.12500
  0
LINE
  8
Gravur
 62
   255
 39
0.200
  6
CONTINUOUS
 10
231.90000
 20
102.12500
 30
 0
 11
232.50800
 21
104.00000
  0
ARC
  8
Gravur
 62
   255
 39
0.200
  6
CONTINUOUS
 10
205.28000
 20
83.15500
 30
 0
 40
0.49500
 50
91.50439
 51
-174.78461
  0
ARC
  8
Gravur
 62
   255
 39
0.200
  6
CONTINUOUS
 10
205.29200
 20
83.12800
 30
 0
 40
0.52300
 50
330.44533
 51
92.74196
  0
LINE
  8
Gravur
 62
   255
 39
0.200
  6
CONTINUOUS
 10
205.74700
 20
82.87000
 30
 0
 11
204.78700
 21
81.25000
  0
LINE
  8
Gravur
 62
   255
 39
0.200
  6
CONTINUOUS
 10
204.78700
 20
81.25000
 30
 0
 11
205.80700
 21
81.25000
  0
ARC
  8
Gravur
 62
   255
 39
0.200
  6
CONTINUOUS
 10
207.74400
 20
92.13500
 30
 0
 40
0.49200
 50
434.80614
 51
175.92268
  0
ARC
  8
Gravur
 62
   255
 39
0.200
  6
CONTINUOUS
 10
207.73400
 20
92.09700
 30
 0
 40
0.53100
 50
263.39742
 51
74.83943
  0
ARC
  8
Gravur
 62
   255
 39
0.200
  6
CONTINUOUS
 10
207.75400
 20
90.92000
 30
 0
 40
0.65500
 50
285.86128
 51
97.10332
  0
ARC
  8
Gravur
 62
   255
 39
0.200
  6
CONTINUOUS
 10
207.76800
 20
90.84400
 30
 0
 40
0.57800
 50
185.36509
 51
-73.41468
  0
LINE
  8
Gravur
 62
   255
 39
0.200
  6
CONTINUOUS
 10
215.07000
 20
99.65000
 30
 0
 11
214.29000
 21
97.85000
  0
LINE
  8
Gravur
 62
   255
 39
0.200
  6
CONTINUOUS
 10
214.29000
 20
97.85000
 30
 0
 11
215.31000
 21
97.85000
  0
LINE
  8
Gravur
 62
   255
 39
0.200
  6
CONTINUOUS
 10
215.07000
 20
98.45000
 30
 0
 11
215.07000
 21
97.25000
  0
LINE
  8
Gravur
 62
   255
 39
0.200
  6
CONTINUOUS
 10
207.53000
 20
73.55000
 30
 0
 11
208.07000
 21
74.15000
  0
LINE
  8
Gravur
 62
   255
 39
0.200
  6
CONTINUOUS
 10
208.07000
 20
74.15000
 30
 0
 11
208.07000
 21
71.75000
  0
ARC
  8
Gravur
 62
   255
 39
0.200
  6
CONTINUOUS
 10
240.35000
 20
72.27800
 30
 0
 40
0.53000
 50
178.70296
 51
264.59040
  0
ARC
  8
Gravur
 62
   255
 39
0.200
  6
CONTINUOUS
 10
240.28200
 20
72.24800
 30
 0
 40
0.49800
 50
-87.92997
 51
-2.07003
  0
LINE
  8
Gravur
 62
   255
 39
0.200
  6
CONTINUOUS
 10
240.78000
 20
72.23000
 30
 0
 11
240.78000
 21
73.67000
  0
ARC
  8
Gravur
 62
   255
 39
0.200
  6
CONTINUOUS
 10
240.30000
 20
73.67000
 30
 0
 40
0.48000
 50
0.00000
 51
180.00000
  0
LINE
  8
Gravur
 62
   255
 39
0.200
  6
CONTINUOUS
 10
239.82000
 20
73.67000
 30
 0
 11
239.82000
 21
73.31000
  0
ARC
  8
Gravur
 62
   255
 39
0.200
  6
CONTINUOUS
 10
240.31500
 20
73.36700
 30
 0
 40
0.49800
 50
-173.43124
 51
-20.83908
  0
ARC
  8
Gravur
 62
   255
 39
0.200
  6
CONTINUOUS
 10
242.80300
 20
81.76700
 30
 0
 40
0.51700
 50
-90.33247
 51
0.33247
  0
LINE
  8
Gravur
 62
   255
 39
0.200
  6
CONTINUOUS
 10
243.32000
 20
81.77000
 30
 0
 11
243.32000
 21
81.95000
  0
ARC
  8
Gravur
 62
   255
 39
0.200
  6
CONTINUOUS
 10
242.81300
 20
81.94300
 30
 0
 40
0.50700
 50
0.79102
 51
91.46880
  0
ARC
  8
Gravur
 62
   255
 39
0.200
  6
CONTINUOUS
 10
242.80300
 20
82.92700
 30
 0
 40
0.47700
 50
-90.36035
 51
0.36035
  0
LINE
  8
Gravur
 62
   255
 39
0.200
  6
CONTINUOUS
 10
243.28000
 20
82.93000
 30
 0
 11
243.28000
 21
83.17000
  0
ARC
  8
Gravur
 62
   255
 39
0.200
  6
CONTINUOUS
 10
242.80000
 20
83.17000
 30
 0
 40
0.48000
 50
0.00000
 51
180.00000
  0
LINE
  8
Gravur
 62
   255
 39
0.200
  6
CONTINUOUS
 10
242.32000
 20
83.17000
 30
 0
 11
242.32000
 21
82.93000
  0
ARC
  8
Gravur
 62
   255
 39
0.200
  6
CONTINUOUS
 10
242.79700
 20
82.92700
 30
 0
 40
0.47700
 50
179.63965
 51
270.36035
  0
ARC
  8
Gravur
 62
   255
 39
0.200
  6
CONTINUOUS
 10
242.78700
 20
81.94300
 30
 0
 40
0.50700
 50
88.53120
 51
179.20898
  0
LINE
  8
Gravur
 62
   255
 39
0.200
  6
CONTINUOUS
 10
242.28000
 20
81.95000
 30
 0
 11
242.28000
 21
81.77000
  0
ARC
  8
Gravur
 62
   255
 39
0.200
  6
CONTINUOUS
 10
242.79700
 20
81.76700
 30
 0
 40
0.51700
 50
179.66753
 51
270.33247
  0
LINE
  8
Gravur
 62
   255
 39
0.200
  6
CONTINUOUS
 10
239.79000
 20
92.23000
 30
 0
 11
239.79000
 21
92.65000
  0
LINE
  8
Gravur
 62
   255
 39
0.200
  6
CONTINUOUS
 10
239.79000
 20
92.65000
 30
 0
 11
240.81000
 21
92.65000
  0
LINE
  8
Gravur
 62
   255
 39
0.200
  6
CONTINUOUS
 10
240.81000
 20
92.65000
 30
 0
 11
240.03000
 21
90.25000
  0
ARC
  8
Gravur
 62
   255
 39
0.200
  6
CONTINUOUS
 10
233.28000
 20
99.12200
 30
 0
 40
0.53000
 50
-1.29704
 51
84.59040
  0
ARC
  8
Gravur
 62
   255
 39
0.200
  6
CONTINUOUS
 10
233.28500
 20
99.15700
 30
 0
 40
0.49500
 50
84.78461
 51
178.49561
  0
LINE
  8
Gravur
 62
   255
 39
0.200
  6
CONTINUOUS
 10
232.79000
 20
99.17000
 30
 0
 11
232.79000
 21
97.73000
  0
ARC
  8
Gravur
 62
   255
 39
0.200
  6
CONTINUOUS
 10
233.32600
 20
97.78600
 30
 0
 40
0.53900
 50
-174.03551
 51
-95.96449
  0
ARC
  8
Gravur
 62
   255
 39
0.200
  6
CONTINUOUS
 10
233.28200
 20
97.78000
 30
 0
 40
0.53000
 50
-91.29704
 51
-5.40960
  0
LINE
  8
Gravur
 62
   255
 39
0.200
  6
CONTINUOUS
 10
233.81000
 20
97.73000
 30
 0
 11
233.81000
 21
98.21000
  0
ARC
  8
Gravur
 62
   255
 39
0.200
  6
CONTINUOUS
 10
233.27300
 20
98.14900
 30
 0
 40
0.54000
 50
6.48068
 51
153.48242
  0
LINE
  8
Gravur
 62
   255
 39
0.400
  6
CONTINUOUS
 10
223.05000
 20
82.42800
 30
 0
 11
225.55000
 21
82.42800
  0
LINE
  8
Gravur
 62
   255
 39
0.400
  6
CONTINUOUS
 10
224.30000
 20
83.67800
 30
 0
 11
224.30000
 21
81.17800
  0
LINE
  8
Gravur
 62
   255
 39
0.400
  6
CONTINUOUS
 10
216.30000
 20
68.57200
 30
 0
 11
220.54900
 21
75.93200
  0
LINE
  8
Gravur
 62
   255
 39
0.400
  6
CONTINUOUS
 10
220.54900
 20
75.93200
 30
 0
 11
220.55000
 21
75.93200
  0
LINE
  8
Gravur
 62
   255
 39
0.400
  6
CONTINUOUS
 10
232.30000
 20
68.57200
 30
 0
 11
228.05000
 21
75.93200
  0
LINE
  8
Gravur
 62
   255
 39
0.400
  6
CONTINUOUS
 10
228.05000
 20
75.93200
 30
 0
 11
228.05000
 21
75.93200
  0
LINE
  8
Gravur
 62
   255
 39
0.400
  6
CONTINUOUS
 10
230.79500
 20
78.67700
 30
 0
 11
230.79500
 21
78.67700
  0
LINE
  8
Gravur
 62
   255
 39
0.400
  6
CONTINUOUS
 10
230.79500
 20
78.67700
 30
 0
 11
238.15600
 21
74.42700
  0
LINE
  8
Gravur
 62
   255
 39
0.400
  6
CONTINUOUS
 10
240.30000
 20
82.42800
 30
 0
 11
231.80000
 21
82.42800
  0
LINE
  8
Gravur
 62
   255
 39
0.400
  6
CONTINUOUS
 10
231.80000
 20
82.42800
 30
 0
 11
231.80000
 21
82.42800
  0
LINE
  8
Gravur
 62
   255
 39
0.400
  6
CONTINUOUS
 10
230.79500
 20
86.17800
 30
 0
 11
230.79500
 21
86.17800
  0
LINE
  8
Gravur
 62
   255
 39
0.400
  6
CONTINUOUS
 10
230.79500
 20
86.17800
 30
 0
 11
238.15600
 21
90.42800
  0
LINE
  8
Gravur
 62
   255
 39
0.400
  6
CONTINUOUS
 10
232.29900
 20
96.28400
 30
 0
 11
228.05000
 21
88.92300
  0
LINE
  8
Gravur
 62
   255
 39
0.400
  6
CONTINUOUS
 10
228.05000
 20
88.92300
 30
 0
 11
228.04900
 21
88.92300
  0
LINE
  8
Gravur
 62
   255
 39
0.400
  6
CONTINUOUS
 10
224.30000
 20
89.92800
 30
 0
 11
224.30000
 21
89.92800
  0
LINE
  8
Gravur
 62
   255
 39
0.400
  6
CONTINUOUS
 10
224.30000
 20
89.92800
 30
 0
 11
224.30000
 21
98.42800
  0
LINE
  8
Gravur
 62
   255
 39
0.400
  6
CONTINUOUS
 10
216.30000
 20
96.28400
 30
 0
 11
220.55000
 21
88.92300
  0
LINE
  8
Gravur
 62
   255
 39
0.400
  6
CONTINUOUS
 10
220.55000
 20
88.92300
 30
 0
 11
220.55000
 21
88.92300
  0
LINE
  8
Gravur
 62
   255
 39
0.400
  6
CONTINUOUS
 10
217.80400
 20
86.17800
 30
 0
 11
217.80400
 21
86.17800
  0
LINE
  8
Gravur
 62
   255
 39
0.400
  6
CONTINUOUS
 10
217.80400
 20
86.17800
 30
 0
 11
210.44400
 21
90.42700
  0
LINE
  8
Gravur
 62
   255
 39
0.400
  6
CONTINUOUS
 10
208.30000
 20
82.42800
 30
 0
 11
216.80000
 21
82.42800
  0
LINE
  8
Gravur
 62
   255
 39
0.400
  6
CONTINUOUS
 10
216.80000
 20
82.42800
 30
 0
 11
216.80000
 21
82.42800
  0
LINE
  8
Gravur
 62
   255
 39
0.400
  6
CONTINUOUS
 10
217.80400
 20
78.67800
 30
 0
 11
217.80400
 21
78.67800
  0
LINE
  8
Gravur
 62
   255
 39
0.400
  6
CONTINUOUS
 10
217.80400
 20
78.67800
 30
 0
 11
210.44400
 21
74.42800
  0
LINE
  8
Gravur
 62
   255
 39
0.200
  6
CONTINUOUS
 10
223.05100
 20
82.49500
 30
 0
 11
225.55100
 21
82.49500
  0
LINE
  8
Gravur
 62
   255
 39
0.200
  6
CONTINUOUS
 10
224.30100
 20
83.74500
 30
 0
 11
224.30100
 21
81.24500
  0
LINE
  8
Gravur
 62
   255
 39
0.200
  6
CONTINUOUS
 10
235.26100
 20
71.53400
 30
 0
 11
229.60400
 21
77.19100
  0
LINE
  8
Gravur
 62
   255
 39
0.200
  6
CONTINUOUS
 10
229.60400
 20
77.19100
 30
 0
 11
229.60400
 21
77.19100
  0
LINE
  8
Gravur
 62
   255
 39
0.200
  6
CONTINUOUS
 10
231.54500
 20
80.55400
 30
 0
 11
231.54500
 21
80.55400
  0
LINE
  8
Gravur
 62
   255
 39
0.200
  6
CONTINUOUS
 10
231.54500
 20
80.55400
 30
 0
 11
239.27300
 21
78.48300
  0
LINE
  8
Gravur
 62
   255
 39
0.200
  6
CONTINUOUS
 10
239.27300
 20
86.50600
 30
 0
 11
231.54500
 21
84.43500
  0
LINE
  8
Gravur
 62
   255
 39
0.200
  6
CONTINUOUS
 10
231.54500
 20
84.43500
 30
 0
 11
231.54500
 21
84.43500
  0
LINE
  8
Gravur
 62
   255
 39
0.200
  6
CONTINUOUS
 10
229.60400
 20
87.79800
 30
 0
 11
229.60400
 21
87.79800
  0
LINE
  8
Gravur
 62
   255
 39
0.200
  6
CONTINUOUS
 10
229.60400
 20
87.79800
 30
 0
 11
235.26100
 21
93.45500
  0
LINE
  8
Gravur
 62
   255
 39
0.200
  6
CONTINUOUS
 10
228.31200
 20
97.46700
 30
 0
 11
226.24100
 21
89.73900
  0
LINE
  8
Gravur
 62
   255
 39
0.200
  6
CONTINUOUS
 10
226.24100
 20
89.73900
 30
 0
 11
226.24100
 21
89.73900
  0
LINE
  8
Gravur
 62
   255
 39
0.200
  6
CONTINUOUS
 10
222.36000
 20
89.73900
 30
 0
 11
222.36000
 21
89.73900
  0
LINE
  8
Gravur
 62
   255
 39
0.200
  6
CONTINUOUS
 10
222.36000
 20
89.73900
 30
 0
 11
220.28900
 21
97.46700
  0
LINE
  8
Gravur
 62
   255
 39
0.200
  6
CONTINUOUS
 10
213.34000
 20
93.45500
 30
 0
 11
218.99700
 21
87.79800
  0
LINE
  8
Gravur
 62
   255
 39
0.200
  6
CONTINUOUS
 10
218.99700
 20
87.79800
 30
 0
 11
218.99700
 21
87.79800
  0
LINE
  8
Gravur
 62
   255
 39
0.200
  6
CONTINUOUS
 10
217.05600
 20
84.43500
 30
 0
 11
217.05600
 21
84.43500
  0
LINE
  8
Gravur
 62
   255
 39
0.200
  6
CONTINUOUS
 10
217.05600
 20
84.43500
 30
 0
 11
209.32800
 21
86.50600
  0
LINE
  8
Gravur
 62
   255
 39
0.200
  6
CONTINUOUS
 10
209.32800
 20
78.48300
 30
 0
 11
217.05600
 21
80.55400
  0
LINE
  8
Gravur
 62
   255
 39
0.200
  6
CONTINUOUS
 10
217.05600
 20
80.55400
 30
 0
 11
217.05600
 21
80.55400
  0
LINE
  8
Gravur
 62
   255
 39
0.200
  6
CONTINUOUS
 10
218.99700
 20
77.19100
 30
 0
 11
218.99700
 21
77.19100
  0
LINE
  8
Gravur
 62
   255
 39
0.200
  6
CONTINUOUS
 10
218.99700
 20
77.19100
 30
 0
 11
213.34000
 21
71.53400
  0
LINE
  8
Gravur
 62
   255
 39
0.200
  6
CONTINUOUS
 10
268.28500
 20
101.00000
 30
 0
 11
269.09500
 21
104.00000
  0
LINE
  8
Gravur
 62
   255
 39
0.200
  6
CONTINUOUS
 10
269.09500
 20
104.00000
 30
 0
 11
269.90500
 21
101.00000
  0
LINE
  8
Gravur
 62
   255
 39
0.200
  6
CONTINUOUS
 10
268.55500
 20
101.90000
 30
 0
 11
269.63500
 21
101.90000
  0
LINE
  8
Gravur
 62
   255
 39
0.200
  6
CONTINUOUS
 10
271.84000
 20
103.35000
 30
 0
 11
271.83400
 21
103.44700
  0
LINE
  8
Gravur
 62
   255
 39
0.200
  6
CONTINUOUS
 10
271.83400
 20
103.44700
 30
 0
 11
271.81400
 21
103.54200
  0
LINE
  8
Gravur
 62
   255
 39
0.200
  6
CONTINUOUS
 10
271.81400
 20
103.54200
 30
 0
 11
271.78200
 21
103.63200
  0
LINE
  8
Gravur
 62
   255
 39
0.200
  6
CONTINUOUS
 10
271.78200
 20
103.63200
 30
 0
 11
271.73800
 21
103.71600
  0
LINE
  8
Gravur
 62
   255
 39
0.200
  6
CONTINUOUS
 10
271.73800
 20
103.71600
 30
 0
 11
271.68300
 21
103.79200
  0
LINE
  8
Gravur
 62
   255
 39
0.200
  6
CONTINUOUS
 10
271.68300
 20
103.79200
 30
 0
 11
271.61900
 21
103.85800
  0
LINE
  8
Gravur
 62
   255
 39
0.200
  6
CONTINUOUS
 10
271.61900
 20
103.85800
 30
 0
 11
271.54700
 21
103.91300
  0
LINE
  8
Gravur
 62
   255
 39
0.200
  6
CONTINUOUS
 10
271.54700
 20
103.91300
 30
 0
 11
271.46800
 21
103.95500
  0
LINE
  8
Gravur
 62
   255
 39
0.200
  6
CONTINUOUS
 10
271.46800
 20
103.95500
 30
 0
 11
271.38500
 21
103.98400
  0
LINE
  8
Gravur
 62
   255
 39
0.200
  6
CONTINUOUS
 10
271.38500
 20
103.98400
 30
 0
 11
271.29900
 21
103.99800
  0
LINE
  8
Gravur
 62
   255
 39
0.200
  6
CONTINUOUS
 10
271.29900
 20
103.99800
 30
 0
 11
271.21100
 21
103.99800
  0
LINE
  8
Gravur
 62
   255
 39
0.200
  6
CONTINUOUS
 10
271.21100
 20
103.99800
 30
 0
 11
271.12400
 21
103.98400
  0
LINE
  8
Gravur
 62
   255
 39
0.200
  6
CONTINUOUS
 10
271.12400
 20
103.98400
 30
 0
 11
271.04200
 21
103.95500
  0
LINE
  8
Gravur
 62
   255
 39
0.200
  6
CONTINUOUS
 10
271.04200
 20
103.95500
 30
 0
 11
270.96200
 21
103.91300
  0
LINE
  8
Gravur
 62
   255
 39
0.200
  6
CONTINUOUS
 10
270.96200
 20
103.91300
 30
 0
 11
270.89000
 21
103.85800
  0
LINE
  8
Gravur
 62
   255
 39
0.200
  6
CONTINUOUS
 10
270.89000
 20
103.85800
 30
 0
 11
270.82700
 21
103.79200
  0
LINE
  8
Gravur
 62
   255
 39
0.200
  6
CONTINUOUS
 10
270.82700
 20
103.79200
 30
 0
 11
270.77200
 21
103.71600
  0
LINE
  8
Gravur
 62
   255
 39
0.200
  6
CONTINUOUS
 10
270.77200
 20
103.71600
 30
 0
 11
270.72800
 21
103.63200
  0
LINE
  8
Gravur
 62
   255
 39
0.200
  6
CONTINUOUS
 10
270.72800
 20
103.63200
 30
 0
 11
270.69600
 21
103.54200
  0
LINE
  8
Gravur
 62
   255
 39
0.200
  6
CONTINUOUS
 10
270.69600
 20
103.54200
 30
 0
 11
270.67600
 21
103.44700
  0
LINE
  8
Gravur
 62
   255
 39
0.200
  6
CONTINUOUS
 10
270.67600
 20
103.44700
 30
 0
 11
270.67000
 21
103.35000
  0
LINE
  8
Gravur
 62
   255
 39
0.200
  6
CONTINUOUS
 10
270.67000
 20
103.35000
 30
 0
 11
270.67000
 21
101.65000
  0
LINE
  8
Gravur
 62
   255
 39
0.200
  6
CONTINUOUS
 10
270.67000
 20
101.65000
 30
 0
 11
270.67600
 21
101.55300
  0
LINE
  8
Gravur
 62
   255
 39
0.200
  6
CONTINUOUS
 10
270.67600
 20
101.55300
 30
 0
 11
270.69600
 21
101.45800
  0
LINE
  8
Gravur
 62
   255
 39
0.200
  6
CONTINUOUS
 10
270.69600
 20
101.45800
 30
 0
 11
270.72800
 21
101.36800
  0
LINE
  8
Gravur
 62
   255
 39
0.200
  6
CONTINUOUS
 10
270.72800
 20
101.36800
 30
 0
 11
270.77200
 21
101.28400
  0
LINE
  8
Gravur
 62
   255
 39
0.200
  6
CONTINUOUS
 10
270.77200
 20
101.28400
 30
 0
 11
270.82700
 21
101.20800
  0
LINE
  8
Gravur
 62
   255
 39
0.200
  6
CONTINUOUS
 10
270.82700
 20
101.20800
 30
 0
 11
270.89000
 21
101.14200
  0
LINE
  8
Gravur
 62
   255
 39
0.200
  6
CONTINUOUS
 10
270.89000
 20
101.14200
 30
 0
 11
270.96200
 21
101.08700
  0
LINE
  8
Gravur
 62
   255
 39
0.200
  6
CONTINUOUS
 10
270.96200
 20
101.08700
 30
 0
 11
271.04200
 21
101.04500
  0
LINE
  8
Gravur
 62
   255
 39
0.200
  6
CONTINUOUS
 10
271.04200
 20
101.04500
 30
 0
 11
271.12400
 21
101.01600
  0
LINE
  8
Gravur
 62
   255
 39
0.200
  6
CONTINUOUS
 10
271.12400
 20
101.01600
 30
 0
 11
271.21100
 21
101.00200
  0
LINE
  8
Gravur
 62
   255
 39
0.200
  6
CONTINUOUS
 10
271.21100
 20
101.00200
 30
 0
 11
271.29900
 21
101.00200
  0
LINE
  8
Gravur
 62
   255
 39
0.200
  6
CONTINUOUS
 10
271.29900
 20
101.00200
 30
 0
 11
271.38500
 21
101.01600
  0
LINE
  8
Gravur
 62
   255
 39
0.200
  6
CONTINUOUS
 10
271.38500
 20
101.01600
 30
 0
 11
271.46800
 21
101.04500
  0
LINE
  8
Gravur
 62
   255
 39
0.200
  6
CONTINUOUS
 10
271.46800
 20
101.04500
 30
 0
 11
271.54700
 21
101.08700
  0
LINE
  8
Gravur
 62
   255
 39
0.200
  6
CONTINUOUS
 10
271.54700
 20
101.08700
 30
 0
 11
271.61900
 21
101.14200
  0
LINE
  8
Gravur
 62
   255
 39
0.200
  6
CONTINUOUS
 10
271.61900
 20
101.14200
 30
 0
 11
271.68300
 21
101.20800
  0
LINE
  8
Gravur
 62
   255
 39
0.200
  6
CONTINUOUS
 10
271.68300
 20
101.20800
 30
 0
 11
271.73800
 21
101.28400
  0
LINE
  8
Gravur
 62
   255
 39
0.200
  6
CONTINUOUS
 10
271.73800
 20
101.28400
 30
 0
 11
271.78200
 21
101.36800
  0
LINE
  8
Gravur
 62
   255
 39
0.200
  6
CONTINUOUS
 10
271.78200
 20
101.36800
 30
 0
 11
271.81400
 21
101.45800
  0
LINE
  8
Gravur
 62
   255
 39
0.200
  6
CONTINUOUS
 10
271.81400
 20
101.45800
 30
 0
 11
271.83400
 21
101.55300
  0
LINE
  8
Gravur
 62
   255
 39
0.200
  6
CONTINUOUS
 10
271.83400
 20
101.55300
 30
 0
 11
271.84000
 21
101.65000
  0
LINE
  8
Gravur
 62
   255
 39
0.200
  6
CONTINUOUS
 10
273.77500
 20
103.35000
 30
 0
 11
273.76900
 21
103.44700
  0
LINE
  8
Gravur
 62
   255
 39
0.200
  6
CONTINUOUS
 10
273.76900
 20
103.44700
 30
 0
 11
273.74900
 21
103.54200
  0
LINE
  8
Gravur
 62
   255
 39
0.200
  6
CONTINUOUS
 10
273.74900
 20
103.54200
 30
 0
 11
273.71700
 21
103.63200
  0
LINE
  8
Gravur
 62
   255
 39
0.200
  6
CONTINUOUS
 10
273.71700
 20
103.63200
 30
 0
 11
273.67300
 21
103.71600
  0
LINE
  8
Gravur
 62
   255
 39
0.200
  6
CONTINUOUS
 10
273.67300
 20
103.71600
 30
 0
 11
273.61800
 21
103.79200
  0
LINE
  8
Gravur
 62
   255
 39
0.200
  6
CONTINUOUS
 10
273.61800
 20
103.79200
 30
 0
 11
273.55400
 21
103.85800
  0
LINE
  8
Gravur
 62
   255
 39
0.200
  6
CONTINUOUS
 10
273.55400
 20
103.85800
 30
 0
 11
273.48200
 21
103.91300
  0
LINE
  8
Gravur
 62
   255
 39
0.200
  6
CONTINUOUS
 10
273.48200
 20
103.91300
 30
 0
 11
273.40300
 21
103.95500
  0
LINE
  8
Gravur
 62
   255
 39
0.200
  6
CONTINUOUS
 10
273.40300
 20
103.95500
 30
 0
 11
273.32000
 21
103.98400
  0
LINE
  8
Gravur
 62
   255
 39
0.200
  6
CONTINUOUS
 10
273.32000
 20
103.98400
 30
 0
 11
273.23400
 21
103.99800
  0
LINE
  8
Gravur
 62
   255
 39
0.200
  6
CONTINUOUS
 10
273.23400
 20
103.99800
 30
 0
 11
273.14600
 21
103.99800
  0
LINE
  8
Gravur
 62
   255
 39
0.200
  6
CONTINUOUS
 10
273.14600
 20
103.99800
 30
 0
 11
273.05900
 21
103.98400
  0
LINE
  8
Gravur
 62
   255
 39
0.200
  6
CONTINUOUS
 10
273.05900
 20
103.98400
 30
 0
 11
272.97700
 21
103.95500
  0
LINE
  8
Gravur
 62
   255
 39
0.200
  6
CONTINUOUS
 10
272.97700
 20
103.95500
 30
 0
 11
272.89700
 21
103.91300
  0
LINE
  8
Gravur
 62
   255
 39
0.200
  6
CONTINUOUS
 10
272.89700
 20
103.91300
 30
 0
 11
272.82500
 21
103.85800
  0
LINE
  8
Gravur
 62
   255
 39
0.200
  6
CONTINUOUS
 10
272.82500
 20
103.85800
 30
 0
 11
272.76200
 21
103.79200
  0
LINE
  8
Gravur
 62
   255
 39
0.200
  6
CONTINUOUS
 10
272.76200
 20
103.79200
 30
 0
 11
272.70700
 21
103.71600
  0
LINE
  8
Gravur
 62
   255
 39
0.200
  6
CONTINUOUS
 10
272.70700
 20
103.71600
 30
 0
 11
272.66300
 21
103.63200
  0
LINE
  8
Gravur
 62
   255
 39
0.200
  6
CONTINUOUS
 10
272.66300
 20
103.63200
 30
 0
 11
272.63100
 21
103.54200
  0
LINE
  8
Gravur
 62
   255
 39
0.200
  6
CONTINUOUS
 10
272.63100
 20
103.54200
 30
 0
 11
272.61100
 21
103.44700
  0
LINE
  8
Gravur
 62
   255
 39
0.200
  6
CONTINUOUS
 10
272.61100
 20
103.44700
 30
 0
 11
272.60500
 21
103.35000
  0
LINE
  8
Gravur
 62
   255
 39
0.200
  6
CONTINUOUS
 10
272.60500
 20
103.35000
 30
 0
 11
272.60500
 21
101.65000
  0
LINE
  8
Gravur
 62
   255
 39
0.200
  6
CONTINUOUS
 10
272.60500
 20
101.65000
 30
 0
 11
272.61100
 21
101.55300
  0
LINE
  8
Gravur
 62
   255
 39
0.200
  6
CONTINUOUS
 10
272.61100
 20
101.55300
 30
 0
 11
272.63100
 21
101.45800
  0
LINE
  8
Gravur
 62
   255
 39
0.200
  6
CONTINUOUS
 10
272.63100
 20
101.45800
 30
 0
 11
272.66300
 21
101.36800
  0
LINE
  8
Gravur
 62
   255
 39
0.200
  6
CONTINUOUS
 10
272.66300
 20
101.36800
 30
 0
 11
272.70700
 21
101.28400
  0
LINE
  8
Gravur
 62
   255
 39
0.200
  6
CONTINUOUS
 10
272.70700
 20
101.28400
 30
 0
 11
272.76200
 21
101.20800
  0
LINE
  8
Gravur
 62
   255
 39
0.200
  6
CONTINUOUS
 10
272.76200
 20
101.20800
 30
 0
 11
272.82500
 21
101.14200
  0
LINE
  8
Gravur
 62
   255
 39
0.200
  6
CONTINUOUS
 10
272.82500
 20
101.14200
 30
 0
 11
272.89700
 21
101.08700
  0
LINE
  8
Gravur
 62
   255
 39
0.200
  6
CONTINUOUS
 10
272.89700
 20
101.08700
 30
 0
 11
272.97700
 21
101.04500
  0
LINE
  8
Gravur
 62
   255
 39
0.200
  6
CONTINUOUS
 10
272.97700
 20
101.04500
 30
 0
 11
273.05900
 21
101.01600
  0
LINE
  8
Gravur
 62
   255
 39
0.200
  6
CONTINUOUS
 10
273.05900
 20
101.01600
 30
 0
 11
273.14600
 21
101.00200
  0
LINE
  8
Gravur
 62
   255
 39
0.200
  6
CONTINUOUS
 10
273.14600
 20
101.00200
 30
 0
 11
273.23400
 21
101.00200
  0
LINE
  8
Gravur
 62
   255
 39
0.200
  6
CONTINUOUS
 10
273.23400
 20
101.00200
 30
 0
 11
273.32000
 21
101.01600
  0
LINE
  8
Gravur
 62
   255
 39
0.200
  6
CONTINUOUS
 10
273.32000
 20
101.01600
 30
 0
 11
273.40300
 21
101.04500
  0
LINE
  8
Gravur
 62
   255
 39
0.200
  6
CONTINUOUS
 10
273.40300
 20
101.04500
 30
 0
 11
273.48200
 21
101.08700
  0
LINE
  8
Gravur
 62
   255
 39
0.200
  6
CONTINUOUS
 10
273.48200
 20
101.08700
 30
 0
 11
273.55400
 21
101.14200
  0
LINE
  8
Gravur
 62
   255
 39
0.200
  6
CONTINUOUS
 10
273.55400
 20
101.14200
 30
 0
 11
273.61800
 21
101.20800
  0
LINE
  8
Gravur
 62
   255
 39
0.200
  6
CONTINUOUS
 10
273.61800
 20
101.20800
 30
 0
 11
273.67300
 21
101.28400
  0
LINE
  8
Gravur
 62
   255
 39
0.200
  6
CONTINUOUS
 10
273.67300
 20
101.28400
 30
 0
 11
273.71700
 21
101.36800
  0
LINE
  8
Gravur
 62
   255
 39
0.200
  6
CONTINUOUS
 10
273.71700
 20
101.36800
 30
 0
 11
273.74900
 21
101.45800
  0
LINE
  8
Gravur
 62
   255
 39
0.200
  6
CONTINUOUS
 10
273.74900
 20
101.45800
 30
 0
 11
273.76900
 21
101.55300
  0
LINE
  8
Gravur
 62
   255
 39
0.200
  6
CONTINUOUS
 10
273.76900
 20
101.55300
 30
 0
 11
273.77500
 21
101.65000
  0
LINE
  8
Gravur
 62
   255
 39
0.200
  6
CONTINUOUS
 10
275.75500
 20
104.00000
 30
 0
 11
274.54000
 21
104.00000
  0
LINE
  8
Gravur
 62
   255
 39
0.200
  6
CONTINUOUS
 10
274.54000
 20
104.00000
 30
 0
 11
274.54000
 21
101.00000
  0
LINE
  8
Gravur
 62
   255
 39
0.200
  6
CONTINUOUS
 10
274.54000
 20
101.00000
 30
 0
 11
275.75500
 21
101.00000
  0
LINE
  8
Gravur
 62
   255
 39
0.200
  6
CONTINUOUS
 10
274.54000
 20
102.50000
 30
 0
 11
275.55300
 21
102.50000
  0
LINE
  8
Gravur
 62
   255
 39
0.200
  6
CONTINUOUS
 10
276.52000
 20
101.00000
 30
 0
 11
276.52000
 21
104.00000
  0
LINE
  8
Gravur
 62
   255
 39
0.200
  6
CONTINUOUS
 10
276.52000
 20
104.00000
 30
 0
 11
277.73500
 21
101.00000
  0
LINE
  8
Gravur
 62
   255
 39
0.200
  6
CONTINUOUS
 10
277.73500
 20
101.00000
 30
 0
 11
277.73500
 21
104.00000
  0
LINE
  8
Gravur
 62
   255
 39
0.200
  6
CONTINUOUS
 10
278.50000
 20
104.00000
 30
 0
 11
279.71500
 21
104.00000
  0
LINE
  8
Gravur
 62
   255
 39
0.200
  6
CONTINUOUS
 10
279.71500
 20
104.00000
 30
 0
 11
279.10800
 21
104.00000
  0
LINE
  8
Gravur
 62
   255
 39
0.200
  6
CONTINUOUS
 10
279.10800
 20
104.00000
 30
 0
 11
279.10800
 21
101.00000
  0
ARC
  8
Gravur
 62
   255
 39
0.200
  6
CONTINUOUS
 10
255.48000
 20
83.15500
 30
 0
 40
0.49500
 50
91.50439
 51
-174.78461
  0
ARC
  8
Gravur
 62
   255
 39
0.200
  6
CONTINUOUS
 10
255.49200
 20
83.12800
 30
 0
 40
0.52300
 50
330.44533
 51
92.74196
  0
LINE
  8
Gravur
 62
   255
 39
0.200
  6
CONTINUOUS
 10
255.94700
 20
82.87000
 30
 0
 11
254.98700
 21
81.25000
  0
LINE
  8
Gravur
 62
   255
 39
0.200
  6
CONTINUOUS
 10
254.98700
 20
81.25000
 30
 0
 11
256.00700
 21
81.25000
  0
ARC
  8
Gravur
 62
   255
 39
0.200
  6
CONTINUOUS
 10
257.94400
 20
92.13500
 30
 0
 40
0.49200
 50
434.80614
 51
175.92268
  0
ARC
  8
Gravur
 62
   255
 39
0.200
  6
CONTINUOUS
 10
257.93400
 20
92.09700
 30
 0
 40
0.53100
 50
263.39742
 51
74.83943
  0
ARC
  8
Gravur
 62
   255
 39
0.200
  6
CONTINUOUS
 10
257.95400
 20
90.92000
 30
 0
 40
0.65500
 50
285.86128
 51
97.10332
  0
ARC
  8
Gravur
 62
   255
 39
0.200
  6
CONTINUOUS
 10
257.96800
 20
90.84400
 30
 0
 40
0.57800
 50
185.36509
 51
-73.41468
  0
LINE
  8
Gravur
 62
   255
 39
0.200
  6
CONTINUOUS
 10
264.77000
 20
99.65000
 30
 0
 11
263.99000
 21
97.85000
  0
LINE
  8
Gravur
 62
   255
 39
0.200
  6
CONTINUOUS
 10
263.99000
 20
97.85000
 30
 0
 11
265.01000
 21
97.85000
  0
LINE
  8
Gravur
 62
   255
 39
0.200
  6
CONTINUOUS
 10
264.77000
 20
98.45000
 30
 0
 11
264.77000
 21
97.25000
  0
LINE
  8
Gravur
 62
   255
 39
0.200
  6
CONTINUOUS
 10
257.73000
 20
73.55000
 30
 0
 11
258.27000
 21
74.15000
  0
LINE
  8
Gravur
 62
   255
 39
0.200
  6
CONTINUOUS
 10
258.27000
 20
74.15000
 30
 0
 11
258.27000
 21
71.75000
  0
ARC
  8
Gravur
 62
   255
 39
0.200
  6
CONTINUOUS
 10
290.05000
 20
72.27800
 30
 0
 40
0.53000
 50
178.70296
 51
264.59040
  0
ARC
  8
Gravur
 62
   255
 39
0.200
  6
CONTINUOUS
 10
289.98200
 20
72.24800
 30
 0
 40
0.49800
 50
-87.92997
 51
-2.07003
  0
LINE
  8
Gravur
 62
   255
 39
0.200
  6
CONTINUOUS
 10
290.48000
 20
72.23000
 30
 0
 11
290.48000
 21
73.67000
  0
ARC
  8
Gravur
 62
   255
 39
0.200
  6
CONTINUOUS
 10
290.00000
 20
73.67000
 30
 0
 40
0.48000
 50
0.00000
 51
180.00000
  0
LINE
  8
Gravur
 62
   255
 39
0.200
  6
CONTINUOUS
 10
289.52000
 20
73.67000
 30
 0
 11
289.52000
 21
73.31000
  0
ARC
  8
Gravur
 62
   255
 39
0.200
  6
CONTINUOUS
 10
290.01500
 20
73.36700
 30
 0
 40
0.49800
 50
-173.43124
 51
-20.83908
  0
ARC
  8
Gravur
 62
   255
 39
0.200
  6
CONTINUOUS
 10
292.50300
 20
81.76700
 30
 0
 40
0.51700
 50
-90.33247
 51
0.33247
  0
LINE
  8
Gravur
 62
   255
 39
0.200
  6
CONTINUOUS
 10
293.02000
 20
81.77000
 30
 0
 11
293.02000
 21
81.95000
  0
ARC
  8
Gravur
 62
   255
 39
0.200
  6
CONTINUOUS
 10
292.51300
 20
81.94300
 30
 0
 40
0.50700
 50
0.79102
 51
91.46880
  0
ARC
  8
Gravur
 62
   255
 39
0.200
  6
CONTINUOUS
 10
292.50300
 20
82.92700
 30
 0
 40
0.47700
 50
-90.36035
 51
0.36035
  0
LINE
  8
Gravur
 62
   255
 39
0.200
  6
CONTINUOUS
 10
292.98000
 20
82.93000
 30
 0
 11
292.98000
 21
83.17000
  0
ARC
  8
Gravur
 62
   255
 39
0.200
  6
CONTINUOUS
 10
292.50000
 20
83.17000
 30
 0
 40
0.48000
 50
0.00000
 51
180.00000
  0
LINE
  8
Gravur
 62
   255
 39
0.200
  6
CONTINUOUS
 10
292.02000
 20
83.17000
 30
 0
 11
292.02000
 21
82.93000
  0
ARC
  8
Gravur
 62
   255
 39
0.200
  6
CONTINUOUS
 10
292.49700
 20
82.92700
 30
 0
 40
0.47700
 50
179.63965
 51
270.36035
  0
ARC
  8
Gravur
 62
   255
 39
0.200
  6
CONTINUOUS
 10
292.48700
 20
81.94300
 30
 0
 40
0.50700
 50
88.53120
 51
179.20898
  0
LINE
  8
Gravur
 62
   255
 39
0.200
  6
CONTINUOUS
 10
291.98000
 20
81.95000
 30
 0
 11
291.98000
 21
81.77000
  0
ARC
  8
Gravur
 62
   255
 39
0.200
  6
CONTINUOUS
 10
292.49700
 20
81.76700
 30
 0
 40
0.51700
 50
179.66753
 51
270.33247
  0
LINE
  8
Gravur
 62
   255
 39
0.200
  6
CONTINUOUS
 10
289.49000
 20
92.23000
 30
 0
 11
289.49000
 21
92.65000
  0
LINE
  8
Gravur
 62
   255
 39
0.200
  6
CONTINUOUS
 10
289.49000
 20
92.65000
 30
 0
 11
290.51000
 21
92.65000
  0
LINE
  8
Gravur
 62
   255
 39
0.200
  6
CONTINUOUS
 10
290.51000
 20
92.65000
 30
 0
 11
289.73000
 21
90.25000
  0
ARC
  8
Gravur
 62
   255
 39
0.200
  6
CONTINUOUS
 10
283.48000
 20
99.12200
 30
 0
 40
0.53000
 50
-1.29704
 51
84.59040
  0
ARC
  8
Gravur
 62
   255
 39
0.200
  6
CONTINUOUS
 10
283.48500
 20
99.15700
 30
 0
 40
0.49500
 50
84.78461
 51
178.49561
  0
LINE
  8
Gravur
 62
   255
 39
0.200
  6
CONTINUOUS
 10
282.99000
 20
99.17000
 30
 0
 11
282.99000
 21
97.73000
  0
ARC
  8
Gravur
 62
   255
 39
0.200
  6
CONTINUOUS
 10
283.52600
 20
97.78600
 30
 0
 40
0.53900
 50
-174.03551
 51
-95.96449
  0
ARC
  8
Gravur
 62
   255
 39
0.200
  6
CONTINUOUS
 10
283.48200
 20
97.78000
 30
 0
 40
0.53000
 50
-91.29704
 51
-5.40960
  0
LINE
  8
Gravur
 62
   255
 39
0.200
  6
CONTINUOUS
 10
284.01000
 20
97.73000
 30
 0
 11
284.01000
 21
98.21000
  0
ARC
  8
Gravur
 62
   255
 39
0.200
  6
CONTINUOUS
 10
283.47300
 20
98.14900
 30
 0
 40
0.54000
 50
6.48068
 51
153.48242
  0
LINE
  8
Gravur
 62
   255
 39
0.400
  6
CONTINUOUS
 10
272.75000
 20
82.42800
 30
 0
 11
275.25000
 21
82.42800
  0
LINE
  8
Gravur
 62
   255
 39
0.400
  6
CONTINUOUS
 10
274.00000
 20
83.67800
 30
 0
 11
274.00000
 21
81.17800
  0
LINE
  8
Gravur
 62
   255
 39
0.400
  6
CONTINUOUS
 10
266.00000
 20
68.57200
 30
 0
 11
270.24900
 21
75.93200
  0
LINE
  8
Gravur
 62
   255
 39
0.400
  6
CONTINUOUS
 10
270.24900
 20
75.93200
 30
 0
 11
270.25000
 21
75.93200
  0
LINE
  8
Gravur
 62
   255
 39
0.400
  6
CONTINUOUS
 10
282.00000
 20
68.57200
 30
 0
 11
277.75000
 21
75.93200
  0
LINE
  8
Gravur
 62
   255
 39
0.400
  6
CONTINUOUS
 10
277.75000
 20
75.93200
 30
 0
 11
277.75000
 21
75.93200
  0
LINE
  8
Gravur
 62
   255
 39
0.400
  6
CONTINUOUS
 10
280.49500
 20
78.67700
 30
 0
 11
280.49500
 21
78.67700
  0
LINE
  8
Gravur
 62
   255
 39
0.400
  6
CONTINUOUS
 10
280.49500
 20
78.67700
 30
 0
 11
287.85600
 21
74.42700
  0
LINE
  8
Gravur
 62
   255
 39
0.400
  6
CONTINUOUS
 10
290.00000
 20
82.42800
 30
 0
 11
281.50000
 21
82.42800
  0
LINE
  8
Gravur
 62
   255
 39
0.400
  6
CONTINUOUS
 10
281.50000
 20
82.42800
 30
 0
 11
281.50000
 21
82.42800
  0
LINE
  8
Gravur
 62
   255
 39
0.400
  6
CONTINUOUS
 10
280.49500
 20
86.17800
 30
 0
 11
280.49500
 21
86.17800
  0
LINE
  8
Gravur
 62
   255
 39
0.400
  6
CONTINUOUS
 10
280.49500
 20
86.17800
 30
 0
 11
287.85600
 21
90.42800
  0
LINE
  8
Gravur
 62
   255
 39
0.400
  6
CONTINUOUS
 10
281.99900
 20
96.28400
 30
 0
 11
277.75000
 21
88.92300
  0
LINE
  8
Gravur
 62
   255
 39
0.400
  6
CONTINUOUS
 10
277.75000
 20
88.92300
 30
 0
 11
277.74900
 21
88.92300
  0
LINE
  8
Gravur
 62
   255
 39
0.400
  6
CONTINUOUS
 10
274.00000
 20
89.92800
 30
 0
 11
274.00000
 21
89.92800
  0
LINE
  8
Gravur
 62
   255
 39
0.400
  6
CONTINUOUS
 10
274.00000
 20
89.92800
 30
 0
 11
274.00000
 21
98.42800
  0
LINE
  8
Gravur
 62
   255
 39
0.400
  6
CONTINUOUS
 10
266.00000
 20
96.28400
 30
 0
 11
270.25000
 21
88.92300
  0
LINE
  8
Gravur
 62
   255
 39
0.400
  6
CONTINUOUS
 10
270.25000
 20
88.92300
 30
 0
 11
270.25000
 21
88.92300
  0
LINE
  8
Gravur
 62
   255
 39
0.400
  6
CONTINUOUS
 10
267.50400
 20
86.17800
 30
 0
 11
267.50400
 21
86.17800
  0
LINE
  8
Gravur
 62
   255
 39
0.400
  6
CONTINUOUS
 10
267.50400
 20
86.17800
 30
 0
 11
260.14400
 21
90.42700
  0
LINE
  8
Gravur
 62
   255
 39
0.400
  6
CONTINUOUS
 10
258.00000
 20
82.42800
 30
 0
 11
266.50000
 21
82.42800
  0
LINE
  8
Gravur
 62
   255
 39
0.400
  6
CONTINUOUS
 10
266.50000
 20
82.42800
 30
 0
 11
266.50000
 21
82.42800
  0
LINE
  8
Gravur
 62
   255
 39
0.400
  6
CONTINUOUS
 10
267.50400
 20
78.67800
 30
 0
 11
267.50400
 21
78.67800
  0
LINE
  8
Gravur
 62
   255
 39
0.400
  6
CONTINUOUS
 10
267.50400
 20
78.67800
 30
 0
 11
260.14400
 21
74.42800
  0
LINE
  8
Gravur
 62
   255
 39
0.200
  6
CONTINUOUS
 10
272.75100
 20
82.49500
 30
 0
 11
275.25100
 21
82.49500
  0
LINE
  8
Gravur
 62
   255
 39
0.200
  6
CONTINUOUS
 10
274.00100
 20
83.74500
 30
 0
 11
274.00100
 21
81.24500
  0
LINE
  8
Gravur
 62
   255
 39
0.200
  6
CONTINUOUS
 10
284.96100
 20
71.53400
 30
 0
 11
279.30400
 21
77.19100
  0
LINE
  8
Gravur
 62
   255
 39
0.200
  6
CONTINUOUS
 10
279.30400
 20
77.19100
 30
 0
 11
279.30400
 21
77.19100
  0
LINE
  8
Gravur
 62
   255
 39
0.200
  6
CONTINUOUS
 10
281.24500
 20
80.55400
 30
 0
 11
281.24500
 21
80.55400
  0
LINE
  8
Gravur
 62
   255
 39
0.200
  6
CONTINUOUS
 10
281.24500
 20
80.55400
 30
 0
 11
288.97300
 21
78.48300
  0
LINE
  8
Gravur
 62
   255
 39
0.200
  6
CONTINUOUS
 10
288.97300
 20
86.50600
 30
 0
 11
281.24500
 21
84.43500
  0
LINE
  8
Gravur
 62
   255
 39
0.200
  6
CONTINUOUS
 10
281.24500
 20
84.43500
 30
 0
 11
281.24500
 21
84.43500
  0
LINE
  8
Gravur
 62
   255
 39
0.200
  6
CONTINUOUS
 10
279.30400
 20
87.79800
 30
 0
 11
279.30400
 21
87.79800
  0
LINE
  8
Gravur
 62
   255
 39
0.200
  6
CONTINUOUS
 10
279.30400
 20
87.79800
 30
 0
 11
284.96100
 21
93.45500
  0
LINE
  8
Gravur
 62
   255
 39
0.200
  6
CONTINUOUS
 10
278.01200
 20
97.46700
 30
 0
 11
275.94100
 21
89.73900
  0
LINE
  8
Gravur
 62
   255
 39
0.200
  6
CONTINUOUS
 10
275.94100
 20
89.73900
 30
 0
 11
275.94100
 21
89.73900
  0
LINE
  8
Gravur
 62
   255
 39
0.200
  6
CONTINUOUS
 10
272.06000
 20
89.73900
 30
 0
 11
272.06000
 21
89.73900
  0
LINE
  8
Gravur
 62
   255
 39
0.200
  6
CONTINUOUS
 10
272.06000
 20
89.73900
 30
 0
 11
269.98900
 21
97.46700
  0
LINE
  8
Gravur
 62
   255
 39
0.200
  6
CONTINUOUS
 10
263.04000
 20
93.45500
 30
 0
 11
268.69700
 21
87.79800
  0
LINE
  8
Gravur
 62
   255
 39
0.200
  6
CONTINUOUS
 10
268.69700
 20
87.79800
 30
 0
 11
268.69700
 21
87.79800
  0
LINE
  8
Gravur
 62
   255
 39
0.200
  6
CONTINUOUS
 10
266.75600
 20
84.43500
 30
 0
 11
266.75600
 21
84.43500
  0
LINE
  8
Gravur
 62
   255
 39
0.200
  6
CONTINUOUS
 10
266.75600
 20
84.43500
 30
 0
 11
259.02800
 21
86.50600
  0
LINE
  8
Gravur
 62
   255
 39
0.200
  6
CONTINUOUS
 10
259.02800
 20
78.48300
 30
 0
 11
266.75600
 21
80.55400
  0
LINE
  8
Gravur
 62
   255
 39
0.200
  6
CONTINUOUS
 10
266.75600
 20
80.55400
 30
 0
 11
266.75600
 21
80.55400
  0
LINE
  8
Gravur
 62
   255
 39
0.200
  6
CONTINUOUS
 10
268.69700
 20
77.19100
 30
 0
 11
268.69700
 21
77.19100
  0
LINE
  8
Gravur
 62
   255
 39
0.200
  6
CONTINUOUS
 10
268.69700
 20
77.19100
 30
 0
 11
263.04000
 21
71.53400
  0
LINE
  8
Gravur
 62
   255
 39
0.200
  6
CONTINUOUS
 10
66.79700
 20
103.75000
 30
 0
 11
65.71700
 21
103.75000
  0
LINE
  8
Gravur
 62
   255
 39
0.200
  6
CONTINUOUS
 10
65.71700
 20
103.75000
 30
 0
 11
65.71700
 21
100.75000
  0
LINE
  8
Gravur
 62
   255
 39
0.200
  6
CONTINUOUS
 10
65.71700
 20
100.75000
 30
 0
 11
65.71700
 21
102.25000
  0
LINE
  8
Gravur
 62
   255
 39
0.200
  6
CONTINUOUS
 10
65.71700
 20
102.25000
 30
 0
 11
66.39200
 21
102.25000
  0
LINE
  8
Gravur
 62
   255
 39
0.200
  6
CONTINUOUS
 10
67.54000
 20
100.75000
 30
 0
 11
67.54000
 21
103.75000
  0
LINE
  8
Gravur
 62
   255
 39
0.200
  6
CONTINUOUS
 10
67.54000
 20
103.75000
 30
 0
 11
68.14700
 21
103.75000
  0
LINE
  8
Gravur
 62
   255
 39
0.200
  6
CONTINUOUS
 10
68.14700
 20
103.75000
 30
 0
 11
68.24800
 21
103.74200
  0
LINE
  8
Gravur
 62
   255
 39
0.200
  6
CONTINUOUS
 10
68.24800
 20
103.74200
 30
 0
 11
68.34600
 21
103.71700
  0
LINE
  8
Gravur
 62
   255
 39
0.200
  6
CONTINUOUS
 10
68.34600
 20
103.71700
 30
 0
 11
68.44000
 21
103.67600
  0
LINE
  8
Gravur
 62
   255
 39
0.200
  6
CONTINUOUS
 10
68.44000
 20
103.67600
 30
 0
 11
68.52700
 21
103.62000
  0
LINE
  8
Gravur
 62
   255
 39
0.200
  6
CONTINUOUS
 10
68.52700
 20
103.62000
 30
 0
 11
68.60600
 21
103.55000
  0
LINE
  8
Gravur
 62
   255
 39
0.200
  6
CONTINUOUS
 10
68.60600
 20
103.55000
 30
 0
 11
68.67500
 21
103.46800
  0
LINE
  8
Gravur
 62
   255
 39
0.200
  6
CONTINUOUS
 10
68.67500
 20
103.46800
 30
 0
 11
68.73200
 21
103.37500
  0
LINE
  8
Gravur
 62
   255
 39
0.200
  6
CONTINUOUS
 10
68.73200
 20
103.37500
 30
 0
 11
68.77600
 21
103.27400
  0
LINE
  8
Gravur
 62
   255
 39
0.200
  6
CONTINUOUS
 10
68.77600
 20
103.27400
 30
 0
 11
68.80500
 21
103.16700
  0
LINE
  8
Gravur
 62
   255
 39
0.200
  6
CONTINUOUS
 10
68.80500
 20
103.16700
 30
 0
 11
68.82100
 21
103.05600
  0
LINE
  8
Gravur
 62
   255
 39
0.200
  6
CONTINUOUS
 10
68.82100
 20
103.05600
 30
 0
 11
68.82100
 21
102.94400
  0
LINE
  8
Gravur
 62
   255
 39
0.200
  6
CONTINUOUS
 10
68.82100
 20
102.94400
 30
 0
 11
68.80500
 21
102.83300
  0
LINE
  8
Gravur
 62
   255
 39
0.200
  6
CONTINUOUS
 10
68.80500
 20
102.83300
 30
 0
 11
68.77600
 21
102.72600
  0
LINE
  8
Gravur
 62
   255
 39
0.200
  6
CONTINUOUS
 10
68.77600
 20
102.72600
 30
 0
 11
68.73200
 21
102.62500
  0
LINE
  8
Gravur
 62
   255
 39
0.200
  6
CONTINUOUS
 10
68.73200
 20
102.62500
 30
 0
 11
68.67500
 21
102.53200
  0
LINE
  8
Gravur
 62
   255
 39
0.200
  6
CONTINUOUS
 10
68.67500
 20
102.53200
 30
 0
 11
68.60600
 21
102.45000
  0
LINE
  8
Gravur
 62
   255
 39
0.200
  6
CONTINUOUS
 10
68.60600
 20
102.45000
 30
 0
 11
68.52700
 21
102.38000
  0
LINE
  8
Gravur
 62
   255
 39
0.200
  6
CONTINUOUS
 10
68.52700
 20
102.38000
 30
 0
 11
68.44000
 21
102.32400
  0
LINE
  8
Gravur
 62
   255
 39
0.200
  6
CONTINUOUS
 10
68.44000
 20
102.32400
 30
 0
 11
68.34600
 21
102.28300
  0
LINE
  8
Gravur
 62
   255
 39
0.200
  6
CONTINUOUS
 10
68.34600
 20
102.28300
 30
 0
 11
68.24800
 21
102.25800
  0
LINE
  8
Gravur
 62
   255
 39
0.200
  6
CONTINUOUS
 10
68.24800
 20
102.25800
 30
 0
 11
68.14700
 21
102.25000
  0
LINE
  8
Gravur
 62
   255
 39
0.200
  6
CONTINUOUS
 10
68.14700
 20
102.25000
 30
 0
 11
67.54000
 21
102.25000
  0
LINE
  8
Gravur
 62
   255
 39
0.200
  6
CONTINUOUS
 10
67.54000
 20
102.25000
 30
 0
 11
68.14700
 21
102.25000
  0
LINE
  8
Gravur
 62
   255
 39
0.200
  6
CONTINUOUS
 10
68.14700
 20
102.25000
 30
 0
 11
68.82200
 21
100.75000
  0
LINE
  8
Gravur
 62
   255
 39
0.200
  6
CONTINUOUS
 10
70.80200
 20
103.75000
 30
 0
 11
69.58700
 21
103.75000
  0
LINE
  8
Gravur
 62
   255
 39
0.200
  6
CONTINUOUS
 10
69.58700
 20
103.75000
 30
 0
 11
69.58700
 21
100.75000
  0
LINE
  8
Gravur
 62
   255
 39
0.200
  6
CONTINUOUS
 10
69.58700
 20
100.75000
 30
 0
 11
70.80200
 21
100.75000
  0
LINE
  8
Gravur
 62
   255
 39
0.200
  6
CONTINUOUS
 10
69.58700
 20
102.25000
 30
 0
 11
70.60000
 21
102.25000
  0
LINE
  8
Gravur
 62
   255
 39
0.200
  6
CONTINUOUS
 10
71.54500
 20
101.42500
 30
 0
 11
71.55200
 21
101.32400
  0
LINE
  8
Gravur
 62
   255
 39
0.200
  6
CONTINUOUS
 10
71.55200
 20
101.32400
 30
 0
 11
71.57200
 21
101.22600
  0
LINE
  8
Gravur
 62
   255
 39
0.200
  6
CONTINUOUS
 10
71.57200
 20
101.22600
 30
 0
 11
71.60500
 21
101.13200
  0
LINE
  8
Gravur
 62
   255
 39
0.200
  6
CONTINUOUS
 10
71.60500
 20
101.13200
 30
 0
 11
71.65000
 21
101.04500
  0
LINE
  8
Gravur
 62
   255
 39
0.200
  6
CONTINUOUS
 10
71.65000
 20
101.04500
 30
 0
 11
71.70700
 21
100.96600
  0
LINE
  8
Gravur
 62
   255
 39
0.200
  6
CONTINUOUS
 10
71.70700
 20
100.96600
 30
 0
 11
71.77400
 21
100.89700
  0
LINE
  8
Gravur
 62
   255
 39
0.200
  6
CONTINUOUS
 10
71.77400
 20
100.89700
 30
 0
 11
71.84900
 21
100.84000
  0
LINE
  8
Gravur
 62
   255
 39
0.200
  6
CONTINUOUS
 10
71.84900
 20
100.84000
 30
 0
 11
71.93000
 21
100.79700
  0
LINE
  8
Gravur
 62
   255
 39
0.200
  6
CONTINUOUS
 10
71.93000
 20
100.79700
 30
 0
 11
72.01700
 21
100.76700
  0
LINE
  8
Gravur
 62
   255
 39
0.200
  6
CONTINUOUS
 10
72.01700
 20
100.76700
 30
 0
 11
72.10700
 21
100.75200
  0
LINE
  8
Gravur
 62
   255
 39
0.200
  6
CONTINUOUS
 10
72.10700
 20
100.75200
 30
 0
 11
72.19700
 21
100.75200
  0
LINE
  8
Gravur
 62
   255
 39
0.200
  6
CONTINUOUS
 10
72.19700
 20
100.75200
 30
 0
 11
72.28700
 21
100.76700
  0
LINE
  8
Gravur
 62
   255
 39
0.200
  6
CONTINUOUS
 10
72.28700
 20
100.76700
 30
 0
 11
72.37500
 21
100.79700
  0
LINE
  8
Gravur
 62
   255
 39
0.200
  6
CONTINUOUS
 10
72.37500
 20
100.79700
 30
 0
 11
72.45600
 21
100.84000
  0
LINE
  8
Gravur
 62
   255
 39
0.200
  6
CONTINUOUS
 10
72.45600
 20
100.84000
 30
 0
 11
72.53100
 21
100.89700
  0
LINE
  8
Gravur
 62
   255
 39
0.200
  6
CONTINUOUS
 10
72.53100
 20
100.89700
 30
 0
 11
72.59800
 21
100.96600
  0
LINE
  8
Gravur
 62
   255
 39
0.200
  6
CONTINUOUS
 10
72.59800
 20
100.96600
 30
 0
 11
72.65500
 21
101.04500
  0
LINE
  8
Gravur
 62
   255
 39
0.200
  6
CONTINUOUS
 10
72.65500
 20
101.04500
 30
 0
 11
72.70000
 21
101.13200
  0
LINE
  8
Gravur
 62
   255
 39
0.200
  6
CONTINUOUS
 10
72.70000
 20
101.13200
 30
 0
 11
72.73300
 21
101.22600
  0
LINE
  8
Gravur
 62
   255
 39
0.200
  6
CONTINUOUS
 10
72.73300
 20
101.22600
 30
 0
 11
72.75300
 21
101.32400
  0
LINE
  8
Gravur
 62
   255
 39
0.200
  6
CONTINUOUS
 10
72.75300
 20
101.32400
 30
 0
 11
72.76000
 21
101.42500
  0
LINE
  8
Gravur
 62
   255
 39
0.200
  6
CONTINUOUS
 10
72.76000
 20
101.42500
 30
 0
 11
72.76000
 21
103.07500
  0
LINE
  8
Gravur
 62
   255
 39
0.200
  6
CONTINUOUS
 10
72.76000
 20
103.07500
 30
 0
 11
72.75300
 21
103.17600
  0
LINE
  8
Gravur
 62
   255
 39
0.200
  6
CONTINUOUS
 10
72.75300
 20
103.17600
 30
 0
 11
72.73300
 21
103.27400
  0
LINE
  8
Gravur
 62
   255
 39
0.200
  6
CONTINUOUS
 10
72.73300
 20
103.27400
 30
 0
 11
72.70000
 21
103.36800
  0
LINE
  8
Gravur
 62
   255
 39
0.200
  6
CONTINUOUS
 10
72.70000
 20
103.36800
 30
 0
 11
72.65500
 21
103.45500
  0
LINE
  8
Gravur
 62
   255
 39
0.200
  6
CONTINUOUS
 10
72.65500
 20
103.45500
 30
 0
 11
72.59800
 21
103.53400
  0
LINE
  8
Gravur
 62
   255
 39
0.200
  6
CONTINUOUS
 10
72.59800
 20
103.53400
 30
 0
 11
72.53100
 21
103.60300
  0
LINE
  8
Gravur
 62
   255
 39
0.200
  6
CONTINUOUS
 10
72.53100
 20
103.60300
 30
 0
 11
72.45600
 21
103.66000
  0
LINE
  8
Gravur
 62
   255
 39
0.200
  6
CONTINUOUS
 10
72.45600
 20
103.66000
 30
 0
 11
72.37500
 21
103.70300
  0
LINE
  8
Gravur
 62
   255
 39
0.200
  6
CONTINUOUS
 10
72.37500
 20
103.70300
 30
 0
 11
72.28700
 21
103.73300
  0
LINE
  8
Gravur
 62
   255
 39
0.200
  6
CONTINUOUS
 10
72.28700
 20
103.73300
 30
 0
 11
72.19700
 21
103.74800
  0
LINE
  8
Gravur
 62
   255
 39
0.200
  6
CONTINUOUS
 10
72.19700
 20
103.74800
 30
 0
 11
72.10700
 21
103.74800
  0
LINE
  8
Gravur
 62
   255
 39
0.200
  6
CONTINUOUS
 10
72.10700
 20
103.74800
 30
 0
 11
72.01700
 21
103.73300
  0
LINE
  8
Gravur
 62
   255
 39
0.200
  6
CONTINUOUS
 10
72.01700
 20
103.73300
 30
 0
 11
71.93000
 21
103.70300
  0
LINE
  8
Gravur
 62
   255
 39
0.200
  6
CONTINUOUS
 10
71.93000
 20
103.70300
 30
 0
 11
71.84900
 21
103.66000
  0
LINE
  8
Gravur
 62
   255
 39
0.200
  6
CONTINUOUS
 10
71.84900
 20
103.66000
 30
 0
 11
71.77400
 21
103.60300
  0
LINE
  8
Gravur
 62
   255
 39
0.200
  6
CONTINUOUS
 10
71.77400
 20
103.60300
 30
 0
 11
71.70700
 21
103.53400
  0
LINE
  8
Gravur
 62
   255
 39
0.200
  6
CONTINUOUS
 10
71.70700
 20
103.53400
 30
 0
 11
71.65000
 21
103.45500
  0
LINE
  8
Gravur
 62
   255
 39
0.200
  6
CONTINUOUS
 10
71.65000
 20
103.45500
 30
 0
 11
71.60500
 21
103.36800
  0
LINE
  8
Gravur
 62
   255
 39
0.200
  6
CONTINUOUS
 10
71.60500
 20
103.36800
 30
 0
 11
71.57200
 21
103.27400
  0
LINE
  8
Gravur
 62
   255
 39
0.200
  6
CONTINUOUS
 10
71.57200
 20
103.27400
 30
 0
 11
71.55200
 21
103.17600
  0
LINE
  8
Gravur
 62
   255
 39
0.200
  6
CONTINUOUS
 10
71.55200
 20
103.17600
 30
 0
 11
71.54500
 21
103.07500
  0
LINE
  8
Gravur
 62
   255
 39
0.200
  6
CONTINUOUS
 10
71.54500
 20
103.07500
 30
 0
 11
71.54500
 21
101.42500
  0
LINE
  8
Gravur
 62
   255
 39
0.200
  6
CONTINUOUS
 10
72.42200
 20
101.20000
 30
 0
 11
72.82700
 21
100.75000
  0
LINE
  8
Gravur
 62
   255
 39
0.200
  6
CONTINUOUS
 10
73.59200
 20
103.75000
 30
 0
 11
73.59200
 21
101.42500
  0
LINE
  8
Gravur
 62
   255
 39
0.200
  6
CONTINUOUS
 10
73.59200
 20
101.42500
 30
 0
 11
73.60000
 21
101.32400
  0
LINE
  8
Gravur
 62
   255
 39
0.200
  6
CONTINUOUS
 10
73.60000
 20
101.32400
 30
 0
 11
73.61900
 21
101.22600
  0
LINE
  8
Gravur
 62
   255
 39
0.200
  6
CONTINUOUS
 10
73.61900
 20
101.22600
 30
 0
 11
73.65300
 21
101.13200
  0
LINE
  8
Gravur
 62
   255
 39
0.200
  6
CONTINUOUS
 10
73.65300
 20
101.13200
 30
 0
 11
73.69800
 21
101.04500
  0
LINE
  8
Gravur
 62
   255
 39
0.200
  6
CONTINUOUS
 10
73.69800
 20
101.04500
 30
 0
 11
73.75400
 21
100.96600
  0
LINE
  8
Gravur
 62
   255
 39
0.200
  6
CONTINUOUS
 10
73.75400
 20
100.96600
 30
 0
 11
73.82100
 21
100.89700
  0
LINE
  8
Gravur
 62
   255
 39
0.200
  6
CONTINUOUS
 10
73.82100
 20
100.89700
 30
 0
 11
73.89700
 21
100.84000
  0
LINE
  8
Gravur
 62
   255
 39
0.200
  6
CONTINUOUS
 10
73.89700
 20
100.84000
 30
 0
 11
73.97800
 21
100.79700
  0
LINE
  8
Gravur
 62
   255
 39
0.200
  6
CONTINUOUS
 10
73.97800
 20
100.79700
 30
 0
 11
74.06500
 21
100.76700
  0
LINE
  8
Gravur
 62
   255
 39
0.200
  6
CONTINUOUS
 10
74.06500
 20
100.76700
 30
 0
 11
74.15500
 21
100.75200
  0
LINE
  8
Gravur
 62
   255
 39
0.200
  6
CONTINUOUS
 10
74.15500
 20
100.75200
 30
 0
 11
74.24500
 21
100.75200
  0
LINE
  8
Gravur
 62
   255
 39
0.200
  6
CONTINUOUS
 10
74.24500
 20
100.75200
 30
 0
 11
74.33500
 21
100.76700
  0
LINE
  8
Gravur
 62
   255
 39
0.200
  6
CONTINUOUS
 10
74.33500
 20
100.76700
 30
 0
 11
74.42200
 21
100.79700
  0
LINE
  8
Gravur
 62
   255
 39
0.200
  6
CONTINUOUS
 10
74.42200
 20
100.79700
 30
 0
 11
74.50300
 21
100.84000
  0
LINE
  8
Gravur
 62
   255
 39
0.200
  6
CONTINUOUS
 10
74.50300
 20
100.84000
 30
 0
 11
74.57900
 21
100.89700
  0
LINE
  8
Gravur
 62
   255
 39
0.200
  6
CONTINUOUS
 10
74.57900
 20
100.89700
 30
 0
 11
74.64600
 21
100.96600
  0
LINE
  8
Gravur
 62
   255
 39
0.200
  6
CONTINUOUS
 10
74.64600
 20
100.96600
 30
 0
 11
74.70200
 21
101.04500
  0
LINE
  8
Gravur
 62
   255
 39
0.200
  6
CONTINUOUS
 10
74.70200
 20
101.04500
 30
 0
 11
74.74700
 21
101.13200
  0
LINE
  8
Gravur
 62
   255
 39
0.200
  6
CONTINUOUS
 10
74.74700
 20
101.13200
 30
 0
 11
74.78100
 21
101.22600
  0
LINE
  8
Gravur
 62
   255
 39
0.200
  6
CONTINUOUS
 10
74.78100
 20
101.22600
 30
 0
 11
74.80000
 21
101.32400
  0
LINE
  8
Gravur
 62
   255
 39
0.200
  6
CONTINUOUS
 10
74.80000
 20
101.32400
 30
 0
 11
74.80800
 21
101.42500
  0
LINE
  8
Gravur
 62
   255
 39
0.200
  6
CONTINUOUS
 10
74.80800
 20
101.42500
 30
 0
 11
74.80800
 21
103.75000
  0
LINE
  8
Gravur
 62
   255
 39
0.200
  6
CONTINUOUS
 10
76.78800
 20
103.75000
 30
 0
 11
75.57300
 21
103.75000
  0
LINE
  8
Gravur
 62
   255
 39
0.200
  6
CONTINUOUS
 10
75.57300
 20
103.75000
 30
 0
 11
75.57300
 21
100.75000
  0
LINE
  8
Gravur
 62
   255
 39
0.200
  6
CONTINUOUS
 10
75.57300
 20
100.75000
 30
 0
 11
76.78800
 21
100.75000
  0
LINE
  8
Gravur
 62
   255
 39
0.200
  6
CONTINUOUS
 10
75.57300
 20
102.25000
 30
 0
 11
76.58500
 21
102.25000
  0
LINE
  8
Gravur
 62
   255
 39
0.200
  6
CONTINUOUS
 10
77.55300
 20
100.75000
 30
 0
 11
77.55300
 21
103.75000
  0
LINE
  8
Gravur
 62
   255
 39
0.200
  6
CONTINUOUS
 10
77.55300
 20
103.75000
 30
 0
 11
78.76800
 21
100.75000
  0
LINE
  8
Gravur
 62
   255
 39
0.200
  6
CONTINUOUS
 10
78.76800
 20
100.75000
 30
 0
 11
78.76800
 21
103.75000
  0
LINE
  8
Gravur
 62
   255
 39
0.200
  6
CONTINUOUS
 10
80.70300
 20
103.10000
 30
 0
 11
80.69600
 21
103.19700
  0
LINE
  8
Gravur
 62
   255
 39
0.200
  6
CONTINUOUS
 10
80.69600
 20
103.19700
 30
 0
 11
80.67600
 21
103.29200
  0
LINE
  8
Gravur
 62
   255
 39
0.200
  6
CONTINUOUS
 10
80.67600
 20
103.29200
 30
 0
 11
80.64500
 21
103.38200
  0
LINE
  8
Gravur
 62
   255
 39
0.200
  6
CONTINUOUS
 10
80.64500
 20
103.38200
 30
 0
 11
80.60100
 21
103.46600
  0
LINE
  8
Gravur
 62
   255
 39
0.200
  6
CONTINUOUS
 10
80.60100
 20
103.46600
 30
 0
 11
80.54600
 21
103.54200
  0
LINE
  8
Gravur
 62
   255
 39
0.200
  6
CONTINUOUS
 10
80.54600
 20
103.54200
 30
 0
 11
80.48200
 21
103.60800
  0
LINE
  8
Gravur
 62
   255
 39
0.200
  6
CONTINUOUS
 10
80.48200
 20
103.60800
 30
 0
 11
80.41000
 21
103.66300
  0
LINE
  8
Gravur
 62
   255
 39
0.200
  6
CONTINUOUS
 10
80.41000
 20
103.66300
 30
 0
 11
80.33100
 21
103.70500
  0
LINE
  8
Gravur
 62
   255
 39
0.200
  6
CONTINUOUS
 10
80.33100
 20
103.70500
 30
 0
 11
80.24800
 21
103.73400
  0
LINE
  8
Gravur
 62
   255
 39
0.200
  6
CONTINUOUS
 10
80.24800
 20
103.73400
 30
 0
 11
80.16200
 21
103.74800
  0
LINE
  8
Gravur
 62
   255
 39
0.200
  6
CONTINUOUS
 10
80.16200
 20
103.74800
 30
 0
 11
80.07300
 21
103.74800
  0
LINE
  8
Gravur
 62
   255
 39
0.200
  6
CONTINUOUS
 10
80.07300
 20
103.74800
 30
 0
 11
79.98700
 21
103.73400
  0
LINE
  8
Gravur
 62
   255
 39
0.200
  6
CONTINUOUS
 10
79.98700
 20
103.73400
 30
 0
 11
79.90400
 21
103.70500
  0
LINE
  8
Gravur
 62
   255
 39
0.200
  6
CONTINUOUS
 10
79.90400
 20
103.70500
 30
 0
 11
79.82500
 21
103.66300
  0
LINE
  8
Gravur
 62
   255
 39
0.200
  6
CONTINUOUS
 10
79.82500
 20
103.66300
 30
 0
 11
79.75300
 21
103.60800
  0
LINE
  8
Gravur
 62
   255
 39
0.200
  6
CONTINUOUS
 10
79.75300
 20
103.60800
 30
 0
 11
79.68900
 21
103.54200
  0
LINE
  8
Gravur
 62
   255
 39
0.200
  6
CONTINUOUS
 10
79.68900
 20
103.54200
 30
 0
 11
79.63400
 21
103.46600
  0
LINE
  8
Gravur
 62
   255
 39
0.200
  6
CONTINUOUS
 10
79.63400
 20
103.46600
 30
 0
 11
79.59000
 21
103.38200
  0
LINE
  8
Gravur
 62
   255
 39
0.200
  6
CONTINUOUS
 10
79.59000
 20
103.38200
 30
 0
 11
79.55900
 21
103.29200
  0
LINE
  8
Gravur
 62
   255
 39
0.200
  6
CONTINUOUS
 10
79.55900
 20
103.29200
 30
 0
 11
79.53900
 21
103.19700
  0
LINE
  8
Gravur
 62
   255
 39
0.200
  6
CONTINUOUS
 10
79.53900
 20
103.19700
 30
 0
 11
79.53300
 21
103.10000
  0
LINE
  8
Gravur
 62
   255
 39
0.200
  6
CONTINUOUS
 10
79.53300
 20
103.10000
 30
 0
 11
79.53300
 21
101.40000
  0
LINE
  8
Gravur
 62
   255
 39
0.200
  6
CONTINUOUS
 10
79.53300
 20
101.40000
 30
 0
 11
79.53900
 21
101.30300
  0
LINE
  8
Gravur
 62
   255
 39
0.200
  6
CONTINUOUS
 10
79.53900
 20
101.30300
 30
 0
 11
79.55900
 21
101.20800
  0
LINE
  8
Gravur
 62
   255
 39
0.200
  6
CONTINUOUS
 10
79.55900
 20
101.20800
 30
 0
 11
79.59000
 21
101.11800
  0
LINE
  8
Gravur
 62
   255
 39
0.200
  6
CONTINUOUS
 10
79.59000
 20
101.11800
 30
 0
 11
79.63400
 21
101.03400
  0
LINE
  8
Gravur
 62
   255
 39
0.200
  6
CONTINUOUS
 10
79.63400
 20
101.03400
 30
 0
 11
79.68900
 21
100.95800
  0
LINE
  8
Gravur
 62
   255
 39
0.200
  6
CONTINUOUS
 10
79.68900
 20
100.95800
 30
 0
 11
79.75300
 21
100.89200
  0
LINE
  8
Gravur
 62
   255
 39
0.200
  6
CONTINUOUS
 10
79.75300
 20
100.89200
 30
 0
 11
79.82500
 21
100.83700
  0
LINE
  8
Gravur
 62
   255
 39
0.200
  6
CONTINUOUS
 10
79.82500
 20
100.83700
 30
 0
 11
79.90400
 21
100.79500
  0
LINE
  8
Gravur
 62
   255
 39
0.200
  6
CONTINUOUS
 10
79.90400
 20
100.79500
 30
 0
 11
79.98700
 21
100.76600
  0
LINE
  8
Gravur
 62
   255
 39
0.200
  6
CONTINUOUS
 10
79.98700
 20
100.76600
 30
 0
 11
80.07300
 21
100.75200
  0
LINE
  8
Gravur
 62
   255
 39
0.200
  6
CONTINUOUS
 10
80.07300
 20
100.75200
 30
 0
 11
80.16200
 21
100.75200
  0
LINE
  8
Gravur
 62
   255
 39
0.200
  6
CONTINUOUS
 10
80.16200
 20
100.75200
 30
 0
 11
80.24800
 21
100.76600
  0
LINE
  8
Gravur
 62
   255
 39
0.200
  6
CONTINUOUS
 10
80.24800
 20
100.76600
 30
 0
 11
80.33100
 21
100.79500
  0
LINE
  8
Gravur
 62
   255
 39
0.200
  6
CONTINUOUS
 10
80.33100
 20
100.79500
 30
 0
 11
80.41000
 21
100.83700
  0
LINE
  8
Gravur
 62
   255
 39
0.200
  6
CONTINUOUS
 10
80.41000
 20
100.83700
 30
 0
 11
80.48200
 21
100.89200
  0
LINE
  8
Gravur
 62
   255
 39
0.200
  6
CONTINUOUS
 10
80.48200
 20
100.89200
 30
 0
 11
80.54600
 21
100.95800
  0
LINE
  8
Gravur
 62
   255
 39
0.200
  6
CONTINUOUS
 10
80.54600
 20
100.95800
 30
 0
 11
80.60100
 21
101.03400
  0
LINE
  8
Gravur
 62
   255
 39
0.200
  6
CONTINUOUS
 10
80.60100
 20
101.03400
 30
 0
 11
80.64500
 21
101.11800
  0
LINE
  8
Gravur
 62
   255
 39
0.200
  6
CONTINUOUS
 10
80.64500
 20
101.11800
 30
 0
 11
80.67600
 21
101.20800
  0
LINE
  8
Gravur
 62
   255
 39
0.200
  6
CONTINUOUS
 10
80.67600
 20
101.20800
 30
 0
 11
80.69600
 21
101.30300
  0
LINE
  8
Gravur
 62
   255
 39
0.200
  6
CONTINUOUS
 10
80.69600
 20
101.30300
 30
 0
 11
80.70300
 21
101.40000
  0
LINE
  8
Gravur
 62
   255
 39
0.200
  6
CONTINUOUS
 10
81.46800
 20
103.75000
 30
 0
 11
82.07500
 21
101.87500
  0
LINE
  8
Gravur
 62
   255
 39
0.200
  6
CONTINUOUS
 10
82.07500
 20
101.87500
 30
 0
 11
82.07500
 21
100.75000
  0
LINE
  8
Gravur
 62
   255
 39
0.200
  6
CONTINUOUS
 10
82.07500
 20
100.75000
 30
 0
 11
82.07500
 21
101.87500
  0
LINE
  8
Gravur
 62
   255
 39
0.200
  6
CONTINUOUS
 10
82.07500
 20
101.87500
 30
 0
 11
82.68300
 21
103.75000
  0
ARC
  8
Gravur
 62
   255
 39
0.200
  6
CONTINUOUS
 10
55.68000
 20
82.90500
 30
 0
 40
0.49500
 50
91.50439
 51
-174.78461
  0
ARC
  8
Gravur
 62
   255
 39
0.200
  6
CONTINUOUS
 10
55.69200
 20
82.87800
 30
 0
 40
0.52300
 50
330.44533
 51
92.74196
  0
LINE
  8
Gravur
 62
   255
 39
0.200
  6
CONTINUOUS
 10
56.14700
 20
82.62000
 30
 0
 11
55.18700
 21
81.00000
  0
LINE
  8
Gravur
 62
   255
 39
0.200
  6
CONTINUOUS
 10
55.18700
 20
81.00000
 30
 0
 11
56.20700
 21
81.00000
  0
ARC
  8
Gravur
 62
   255
 39
0.200
  6
CONTINUOUS
 10
58.14400
 20
92.38500
 30
 0
 40
0.49200
 50
434.80614
 51
175.92268
  0
ARC
  8
Gravur
 62
   255
 39
0.200
  6
CONTINUOUS
 10
58.13400
 20
92.34700
 30
 0
 40
0.53100
 50
263.39742
 51
74.83943
  0
ARC
  8
Gravur
 62
   255
 39
0.200
  6
CONTINUOUS
 10
58.15400
 20
91.17000
 30
 0
 40
0.65500
 50
285.86128
 51
97.10332
  0
ARC
  8
Gravur
 62
   255
 39
0.200
  6
CONTINUOUS
 10
58.16800
 20
91.09400
 30
 0
 40
0.57800
 50
185.36509
 51
-73.41468
  0
LINE
  8
Gravur
 62
   255
 39
0.200
  6
CONTINUOUS
 10
65.47000
 20
99.90000
 30
 0
 11
64.69000
 21
98.10000
  0
LINE
  8
Gravur
 62
   255
 39
0.200
  6
CONTINUOUS
 10
64.69000
 20
98.10000
 30
 0
 11
65.71000
 21
98.10000
  0
LINE
  8
Gravur
 62
   255
 39
0.200
  6
CONTINUOUS
 10
65.47000
 20
98.70000
 30
 0
 11
65.47000
 21
97.50000
  0
LINE
  8
Gravur
 62
   255
 39
0.200
  6
CONTINUOUS
 10
57.93000
 20
73.80000
 30
 0
 11
58.47000
 21
74.40000
  0
LINE
  8
Gravur
 62
   255
 39
0.200
  6
CONTINUOUS
 10
58.47000
 20
74.40000
 30
 0
 11
58.47000
 21
72.00000
  0
ARC
  8
Gravur
 62
   255
 39
0.200
  6
CONTINUOUS
 10
90.25000
 20
72.52800
 30
 0
 40
0.53000
 50
178.70296
 51
264.59040
  0
ARC
  8
Gravur
 62
   255
 39
0.200
  6
CONTINUOUS
 10
90.18200
 20
72.49800
 30
 0
 40
0.49800
 50
-87.92997
 51
-2.07003
  0
LINE
  8
Gravur
 62
   255
 39
0.200
  6
CONTINUOUS
 10
90.68000
 20
72.48000
 30
 0
 11
90.68000
 21
73.92000
  0
ARC
  8
Gravur
 62
   255
 39
0.200
  6
CONTINUOUS
 10
90.20000
 20
73.92000
 30
 0
 40
0.48000
 50
0.00000
 51
180.00000
  0
LINE
  8
Gravur
 62
   255
 39
0.200
  6
CONTINUOUS
 10
89.72000
 20
73.92000
 30
 0
 11
89.72000
 21
73.56000
  0
ARC
  8
Gravur
 62
   255
 39
0.200
  6
CONTINUOUS
 10
90.21500
 20
73.61700
 30
 0
 40
0.49800
 50
-173.43124
 51
-20.83908
  0
ARC
  8
Gravur
 62
   255
 39
0.200
  6
CONTINUOUS
 10
92.70300
 20
81.51700
 30
 0
 40
0.51700
 50
-90.33247
 51
0.33247
  0
LINE
  8
Gravur
 62
   255
 39
0.200
  6
CONTINUOUS
 10
93.22000
 20
81.52000
 30
 0
 11
93.22000
 21
81.70000
  0
ARC
  8
Gravur
 62
   255
 39
0.200
  6
CONTINUOUS
 10
92.71300
 20
81.69300
 30
 0
 40
0.50700
 50
0.79102
 51
91.46880
  0
ARC
  8
Gravur
 62
   255
 39
0.200
  6
CONTINUOUS
 10
92.70300
 20
82.67700
 30
 0
 40
0.47700
 50
-90.36035
 51
0.36035
  0
LINE
  8
Gravur
 62
   255
 39
0.200
  6
CONTINUOUS
 10
93.18000
 20
82.68000
 30
 0
 11
93.18000
 21
82.92000
  0
ARC
  8
Gravur
 62
   255
 39
0.200
  6
CONTINUOUS
 10
92.70000
 20
82.92000
 30
 0
 40
0.48000
 50
0.00000
 51
180.00000
  0
LINE
  8
Gravur
 62
   255
 39
0.200
  6
CONTINUOUS
 10
92.22000
 20
82.92000
 30
 0
 11
92.22000
 21
82.68000
  0
ARC
  8
Gravur
 62
   255
 39
0.200
  6
CONTINUOUS
 10
92.69700
 20
82.67700
 30
 0
 40
0.47700
 50
179.63965
 51
270.36035
  0
ARC
  8
Gravur
 62
   255
 39
0.200
  6
CONTINUOUS
 10
92.68700
 20
81.69300
 30
 0
 40
0.50700
 50
88.53120
 51
179.20898
  0
LINE
  8
Gravur
 62
   255
 39
0.200
  6
CONTINUOUS
 10
92.18000
 20
81.70000
 30
 0
 11
92.18000
 21
81.52000
  0
ARC
  8
Gravur
 62
   255
 39
0.200
  6
CONTINUOUS
 10
92.69700
 20
81.51700
 30
 0
 40
0.51700
 50
179.66753
 51
270.33247
  0
LINE
  8
Gravur
 62
   255
 39
0.200
  6
CONTINUOUS
 10
89.69000
 20
92.48000
 30
 0
 11
89.69000
 21
92.90000
  0
LINE
  8
Gravur
 62
   255
 39
0.200
  6
CONTINUOUS
 10
89.69000
 20
92.90000
 30
 0
 11
90.71000
 21
92.90000
  0
LINE
  8
Gravur
 62
   255
 39
0.200
  6
CONTINUOUS
 10
90.71000
 20
92.90000
 30
 0
 11
89.93000
 21
90.50000
  0
ARC
  8
Gravur
 62
   255
 39
0.200
  6
CONTINUOUS
 10
83.68000
 20
99.37200
 30
 0
 40
0.53000
 50
-1.29704
 51
84.59040
  0
ARC
  8
Gravur
 62
   255
 39
0.200
  6
CONTINUOUS
 10
83.68500
 20
99.40700
 30
 0
 40
0.49500
 50
84.78461
 51
178.49561
  0
LINE
  8
Gravur
 62
   255
 39
0.200
  6
CONTINUOUS
 10
83.19000
 20
99.42000
 30
 0
 11
83.19000
 21
97.98000
  0
ARC
  8
Gravur
 62
   255
 39
0.200
  6
CONTINUOUS
 10
83.72600
 20
98.03600
 30
 0
 40
0.53900
 50
-174.03551
 51
-95.96449
  0
ARC
  8
Gravur
 62
   255
 39
0.200
  6
CONTINUOUS
 10
83.68200
 20
98.03000
 30
 0
 40
0.53000
 50
-91.29704
 51
-5.40960
  0
LINE
  8
Gravur
 62
   255
 39
0.200
  6
CONTINUOUS
 10
84.21000
 20
97.98000
 30
 0
 11
84.21000
 21
98.46000
  0
ARC
  8
Gravur
 62
   255
 39
0.200
  6
CONTINUOUS
 10
83.67300
 20
98.39900
 30
 0
 40
0.54000
 50
6.48068
 51
153.48242
  0
LINE
  8
Gravur
 62
   255
 39
0.400
  6
CONTINUOUS
 10
72.95000
 20
82.67800
 30
 0
 11
75.45000
 21
82.67800
  0
LINE
  8
Gravur
 62
   255
 39
0.400
  6
CONTINUOUS
 10
74.20000
 20
83.92800
 30
 0
 11
74.20000
 21
81.42800
  0
LINE
  8
Gravur
 62
   255
 39
0.400
  6
CONTINUOUS
 10
66.20000
 20
68.82200
 30
 0
 11
70.44900
 21
76.18200
  0
LINE
  8
Gravur
 62
   255
 39
0.400
  6
CONTINUOUS
 10
70.44900
 20
76.18200
 30
 0
 11
70.45000
 21
76.18200
  0
LINE
  8
Gravur
 62
   255
 39
0.400
  6
CONTINUOUS
 10
82.20000
 20
68.82200
 30
 0
 11
77.95000
 21
76.18200
  0
LINE
  8
Gravur
 62
   255
 39
0.400
  6
CONTINUOUS
 10
77.95000
 20
76.18200
 30
 0
 11
77.95000
 21
76.18200
  0
LINE
  8
Gravur
 62
   255
 39
0.400
  6
CONTINUOUS
 10
80.69500
 20
78.92700
 30
 0
 11
80.69500
 21
78.92700
  0
LINE
  8
Gravur
 62
   255
 39
0.400
  6
CONTINUOUS
 10
80.69500
 20
78.92700
 30
 0
 11
88.05600
 21
74.67700
  0
LINE
  8
Gravur
 62
   255
 39
0.400
  6
CONTINUOUS
 10
90.20000
 20
82.67800
 30
 0
 11
81.70000
 21
82.67800
  0
LINE
  8
Gravur
 62
   255
 39
0.400
  6
CONTINUOUS
 10
81.70000
 20
82.67800
 30
 0
 11
81.70000
 21
82.67800
  0
LINE
  8
Gravur
 62
   255
 39
0.400
  6
CONTINUOUS
 10
80.69500
 20
86.42800
 30
 0
 11
80.69500
 21
86.42800
  0
LINE
  8
Gravur
 62
   255
 39
0.400
  6
CONTINUOUS
 10
80.69500
 20
86.42800
 30
 0
 11
88.05600
 21
90.67800
  0
LINE
  8
Gravur
 62
   255
 39
0.400
  6
CONTINUOUS
 10
82.19900
 20
96.53400
 30
 0
 11
77.95000
 21
89.17300
  0
LINE
  8
Gravur
 62
   255
 39
0.400
  6
CONTINUOUS
 10
77.95000
 20
89.17300
 30
 0
 11
77.94900
 21
89.17300
  0
LINE
  8
Gravur
 62
   255
 39
0.400
  6
CONTINUOUS
 10
74.20000
 20
90.17800
 30
 0
 11
74.20000
 21
90.17800
  0
LINE
  8
Gravur
 62
   255
 39
0.400
  6
CONTINUOUS
 10
74.20000
 20
90.17800
 30
 0
 11
74.20000
 21
98.67800
  0
LINE
  8
Gravur
 62
   255
 39
0.400
  6
CONTINUOUS
 10
66.20000
 20
96.53400
 30
 0
 11
70.45000
 21
89.17300
  0
LINE
  8
Gravur
 62
   255
 39
0.400
  6
CONTINUOUS
 10
70.45000
 20
89.17300
 30
 0
 11
70.45000
 21
89.17300
  0
LINE
  8
Gravur
 62
   255
 39
0.400
  6
CONTINUOUS
 10
67.70400
 20
86.42800
 30
 0
 11
67.70400
 21
86.42800
  0
LINE
  8
Gravur
 62
   255
 39
0.400
  6
CONTINUOUS
 10
67.70400
 20
86.42800
 30
 0
 11
60.34400
 21
90.67700
  0
LINE
  8
Gravur
 62
   255
 39
0.400
  6
CONTINUOUS
 10
58.20000
 20
82.67800
 30
 0
 11
66.70000
 21
82.67800
  0
LINE
  8
Gravur
 62
   255
 39
0.400
  6
CONTINUOUS
 10
66.70000
 20
82.67800
 30
 0
 11
66.70000
 21
82.67800
  0
LINE
  8
Gravur
 62
   255
 39
0.400
  6
CONTINUOUS
 10
67.70400
 20
78.92800
 30
 0
 11
67.70400
 21
78.92800
  0
LINE
  8
Gravur
 62
   255
 39
0.400
  6
CONTINUOUS
 10
67.70400
 20
78.92800
 30
 0
 11
60.34400
 21
74.67800
  0
LINE
  8
Gravur
 62
   255
 39
0.200
  6
CONTINUOUS
 10
72.95100
 20
82.74500
 30
 0
 11
75.45100
 21
82.74500
  0
LINE
  8
Gravur
 62
   255
 39
0.200
  6
CONTINUOUS
 10
74.20100
 20
83.99500
 30
 0
 11
74.20100
 21
81.49500
  0
LINE
  8
Gravur
 62
   255
 39
0.200
  6
CONTINUOUS
 10
85.16100
 20
71.78400
 30
 0
 11
79.50400
 21
77.44100
  0
LINE
  8
Gravur
 62
   255
 39
0.200
  6
CONTINUOUS
 10
79.50400
 20
77.44100
 30
 0
 11
79.50400
 21
77.44100
  0
LINE
  8
Gravur
 62
   255
 39
0.200
  6
CONTINUOUS
 10
81.44500
 20
80.80400
 30
 0
 11
81.44500
 21
80.80400
  0
LINE
  8
Gravur
 62
   255
 39
0.200
  6
CONTINUOUS
 10
81.44500
 20
80.80400
 30
 0
 11
89.17300
 21
78.73300
  0
LINE
  8
Gravur
 62
   255
 39
0.200
  6
CONTINUOUS
 10
89.17300
 20
86.75600
 30
 0
 11
81.44500
 21
84.68500
  0
LINE
  8
Gravur
 62
   255
 39
0.200
  6
CONTINUOUS
 10
81.44500
 20
84.68500
 30
 0
 11
81.44500
 21
84.68500
  0
LINE
  8
Gravur
 62
   255
 39
0.200
  6
CONTINUOUS
 10
79.50400
 20
88.04800
 30
 0
 11
79.50400
 21
88.04800
  0
LINE
  8
Gravur
 62
   255
 39
0.200
  6
CONTINUOUS
 10
79.50400
 20
88.04800
 30
 0
 11
85.16100
 21
93.70500
  0
LINE
  8
Gravur
 62
   255
 39
0.200
  6
CONTINUOUS
 10
78.21200
 20
97.71700
 30
 0
 11
76.14100
 21
89.98900
  0
LINE
  8
Gravur
 62
   255
 39
0.200
  6
CONTINUOUS
 10
76.14100
 20
89.98900
 30
 0
 11
76.14100
 21
89.98900
  0
LINE
  8
Gravur
 62
   255
 39
0.200
  6
CONTINUOUS
 10
72.26000
 20
89.98900
 30
 0
 11
72.26000
 21
89.98900
  0
LINE
  8
Gravur
 62
   255
 39
0.200
  6
CONTINUOUS
 10
72.26000
 20
89.98900
 30
 0
 11
70.18900
 21
97.71700
  0
LINE
  8
Gravur
 62
   255
 39
0.200
  6
CONTINUOUS
 10
63.24000
 20
93.70500
 30
 0
 11
68.89700
 21
88.04800
  0
LINE
  8
Gravur
 62
   255
 39
0.200
  6
CONTINUOUS
 10
68.89700
 20
88.04800
 30
 0
 11
68.89700
 21
88.04800
  0
LINE
  8
Gravur
 62
   255
 39
0.200
  6
CONTINUOUS
 10
66.95600
 20
84.68500
 30
 0
 11
66.95600
 21
84.68500
  0
LINE
  8
Gravur
 62
   255
 39
0.200
  6
CONTINUOUS
 10
66.95600
 20
84.68500
 30
 0
 11
59.22800
 21
86.75600
  0
LINE
  8
Gravur
 62
   255
 39
0.200
  6
CONTINUOUS
 10
59.22800
 20
78.73300
 30
 0
 11
66.95600
 21
80.80400
  0
LINE
  8
Gravur
 62
   255
 39
0.200
  6
CONTINUOUS
 10
66.95600
 20
80.80400
 30
 0
 11
66.95600
 21
80.80400
  0
LINE
  8
Gravur
 62
   255
 39
0.200
  6
CONTINUOUS
 10
68.89700
 20
77.44100
 30
 0
 11
68.89700
 21
77.44100
  0
LINE
  8
Gravur
 62
   255
 39
0.200
  6
CONTINUOUS
 10
68.89700
 20
77.44100
 30
 0
 11
63.24000
 21
71.78400
  0
LINE
  8
Gravur
 62
   255
 39
0.200
  6
CONTINUOUS
 10
203.13800
 20
160.60500
 30
 0
 11
203.13800
 21
163.57500
  0
LINE
  8
Gravur
 62
   255
 39
0.200
  6
CONTINUOUS
 10
203.13800
 20
163.57500
 30
 0
 11
204.17800
 21
161.43000
  0
LINE
  8
Gravur
 62
   255
 39
0.200
  6
CONTINUOUS
 10
204.17800
 20
161.43000
 30
 0
 11
205.21700
 21
163.57500
  0
LINE
  8
Gravur
 62
   255
 39
0.200
  6
CONTINUOUS
 10
205.21700
 20
163.57500
 30
 0
 11
205.21700
 21
160.60500
  0
LINE
  8
Gravur
 62
   255
 39
0.200
  6
CONTINUOUS
 10
205.93000
 20
163.57500
 30
 0
 11
205.93000
 21
160.60500
  0
LINE
  8
Gravur
 62
   255
 39
0.200
  6
CONTINUOUS
 10
206.64300
 20
163.57500
 30
 0
 11
207.56300
 21
163.57500
  0
LINE
  8
Gravur
 62
   255
 39
0.200
  6
CONTINUOUS
 10
207.56300
 20
163.57500
 30
 0
 11
207.69600
 21
163.55800
  0
LINE
  8
Gravur
 62
   255
 39
0.200
  6
CONTINUOUS
 10
207.69600
 20
163.55800
 30
 0
 11
207.82300
 21
163.52000
  0
LINE
  8
Gravur
 62
   255
 39
0.200
  6
CONTINUOUS
 10
207.82300
 20
163.52000
 30
 0
 11
207.94600
 21
163.46100
  0
LINE
  8
Gravur
 62
   255
 39
0.200
  6
CONTINUOUS
 10
207.94600
 20
163.46100
 30
 0
 11
208.05800
 21
163.38300
  0
LINE
  8
Gravur
 62
   255
 39
0.200
  6
CONTINUOUS
 10
208.05800
 20
163.38300
 30
 0
 11
208.15900
 21
163.28700
  0
LINE
  8
Gravur
 62
   255
 39
0.200
  6
CONTINUOUS
 10
208.15900
 20
163.28700
 30
 0
 11
208.24600
 21
163.17600
  0
LINE
  8
Gravur
 62
   255
 39
0.200
  6
CONTINUOUS
 10
208.24600
 20
163.17600
 30
 0
 11
208.31800
 21
163.05100
  0
LINE
  8
Gravur
 62
   255
 39
0.200
  6
CONTINUOUS
 10
208.31800
 20
163.05100
 30
 0
 11
208.37200
 21
162.91600
  0
LINE
  8
Gravur
 62
   255
 39
0.200
  6
CONTINUOUS
 10
208.37200
 20
162.91600
 30
 0
 11
208.40800
 21
162.77400
  0
LINE
  8
Gravur
 62
   255
 39
0.200
  6
CONTINUOUS
 10
208.40800
 20
162.77400
 30
 0
 11
208.42400
 21
162.62800
  0
LINE
  8
Gravur
 62
   255
 39
0.200
  6
CONTINUOUS
 10
208.42400
 20
162.62800
 30
 0
 11
208.42500
 21
162.58500
  0
LINE
  8
Gravur
 62
   255
 39
0.200
  6
CONTINUOUS
 10
208.42500
 20
162.58500
 30
 0
 11
208.42500
 21
161.59500
  0
LINE
  8
Gravur
 62
   255
 39
0.200
  6
CONTINUOUS
 10
208.42500
 20
161.59500
 30
 0
 11
208.42000
 21
161.45600
  0
LINE
  8
Gravur
 62
   255
 39
0.200
  6
CONTINUOUS
 10
208.42000
 20
161.45600
 30
 0
 11
208.39700
 21
161.31800
  0
LINE
  8
Gravur
 62
   255
 39
0.200
  6
CONTINUOUS
 10
208.39700
 20
161.31800
 30
 0
 11
208.35600
 21
161.18700
  0
LINE
  8
Gravur
 62
   255
 39
0.200
  6
CONTINUOUS
 10
208.35600
 20
161.18700
 30
 0
 11
208.29900
 21
161.06300
  0
LINE
  8
Gravur
 62
   255
 39
0.200
  6
CONTINUOUS
 10
208.29900
 20
161.06300
 30
 0
 11
208.22600
 21
160.94900
  0
LINE
  8
Gravur
 62
   255
 39
0.200
  6
CONTINUOUS
 10
208.22600
 20
160.94900
 30
 0
 11
208.13800
 21
160.84900
  0
LINE
  8
Gravur
 62
   255
 39
0.200
  6
CONTINUOUS
 10
208.13800
 20
160.84900
 30
 0
 11
208.03900
 21
160.76400
  0
LINE
  8
Gravur
 62
   255
 39
0.200
  6
CONTINUOUS
 10
208.03900
 20
160.76400
 30
 0
 11
207.93000
 21
160.69500
  0
LINE
  8
Gravur
 62
   255
 39
0.200
  6
CONTINUOUS
 10
207.93000
 20
160.69500
 30
 0
 11
207.81300
 21
160.64600
  0
LINE
  8
Gravur
 62
   255
 39
0.200
  6
CONTINUOUS
 10
207.81300
 20
160.64600
 30
 0
 11
207.69000
 21
160.61500
  0
LINE
  8
Gravur
 62
   255
 39
0.200
  6
CONTINUOUS
 10
207.69000
 20
160.61500
 30
 0
 11
207.56400
 21
160.60500
  0
LINE
  8
Gravur
 62
   255
 39
0.200
  6
CONTINUOUS
 10
207.56400
 20
160.60500
 30
 0
 11
207.56300
 21
160.60500
  0
LINE
  8
Gravur
 62
   255
 39
0.200
  6
CONTINUOUS
 10
207.56300
 20
160.60500
 30
 0
 11
206.64300
 21
160.60500
  0
LINE
  8
Gravur
 62
   255
 39
0.200
  6
CONTINUOUS
 10
206.64300
 20
160.60500
 30
 0
 11
206.64300
 21
163.57500
  0
LINE
  8
Gravur
 62
   255
 39
0.200
  6
CONTINUOUS
 10
209.13700
 20
163.57500
 30
 0
 11
209.13700
 21
160.60500
  0
LINE
  8
Gravur
 62
   255
 39
0.200
  6
CONTINUOUS
 10
211.75100
 20
163.57500
 30
 0
 11
211.75100
 21
160.60500
  0
LINE
  8
Gravur
 62
   255
 39
0.200
  6
CONTINUOUS
 10
212.46400
 20
160.60500
 30
 0
 11
212.46400
 21
163.57500
  0
LINE
  8
Gravur
 62
   255
 39
0.200
  6
CONTINUOUS
 10
212.46400
 20
163.57500
 30
 0
 11
214.24600
 21
160.60500
  0
LINE
  8
Gravur
 62
   255
 39
0.200
  6
CONTINUOUS
 10
214.24600
 20
160.60500
 30
 0
 11
214.24600
 21
163.57500
  0
LINE
  8
Gravur
 62
   255
 39
0.200
  6
CONTINUOUS
 10
228.26400
 20
160.60500
 30
 0
 11
228.26400
 21
163.57500
  0
LINE
  8
Gravur
 62
   255
 39
0.200
  6
CONTINUOUS
 10
228.26400
 20
163.57500
 30
 0
 11
229.30400
 21
161.43000
  0
LINE
  8
Gravur
 62
   255
 39
0.200
  6
CONTINUOUS
 10
229.30400
 20
161.43000
 30
 0
 11
230.34300
 21
163.57500
  0
LINE
  8
Gravur
 62
   255
 39
0.200
  6
CONTINUOUS
 10
230.34300
 20
163.57500
 30
 0
 11
230.34300
 21
160.60500
  0
LINE
  8
Gravur
 62
   255
 39
0.200
  6
CONTINUOUS
 10
231.05600
 20
163.57500
 30
 0
 11
231.05600
 21
160.60500
  0
LINE
  8
Gravur
 62
   255
 39
0.200
  6
CONTINUOUS
 10
231.76900
 20
163.57500
 30
 0
 11
232.69000
 21
163.57500
  0
LINE
  8
Gravur
 62
   255
 39
0.200
  6
CONTINUOUS
 10
232.69000
 20
163.57500
 30
 0
 11
232.82200
 21
163.55800
  0
LINE
  8
Gravur
 62
   255
 39
0.200
  6
CONTINUOUS
 10
232.82200
 20
163.55800
 30
 0
 11
232.95000
 21
163.52000
  0
LINE
  8
Gravur
 62
   255
 39
0.200
  6
CONTINUOUS
 10
232.95000
 20
163.52000
 30
 0
 11
233.07200
 21
163.46100
  0
LINE
  8
Gravur
 62
   255
 39
0.200
  6
CONTINUOUS
 10
233.07200
 20
163.46100
 30
 0
 11
233.18500
 21
163.38300
  0
LINE
  8
Gravur
 62
   255
 39
0.200
  6
CONTINUOUS
 10
233.18500
 20
163.38300
 30
 0
 11
233.28500
 21
163.28700
  0
LINE
  8
Gravur
 62
   255
 39
0.200
  6
CONTINUOUS
 10
233.28500
 20
163.28700
 30
 0
 11
233.37300
 21
163.17600
  0
LINE
  8
Gravur
 62
   255
 39
0.200
  6
CONTINUOUS
 10
233.37300
 20
163.17600
 30
 0
 11
233.44500
 21
163.05100
  0
LINE
  8
Gravur
 62
   255
 39
0.200
  6
CONTINUOUS
 10
233.44500
 20
163.05100
 30
 0
 11
233.49800
 21
162.91600
  0
LINE
  8
Gravur
 62
   255
 39
0.200
  6
CONTINUOUS
 10
233.49800
 20
162.91600
 30
 0
 11
233.53400
 21
162.77400
  0
LINE
  8
Gravur
 62
   255
 39
0.200
  6
CONTINUOUS
 10
233.53400
 20
162.77400
 30
 0
 11
233.55000
 21
162.62800
  0
LINE
  8
Gravur
 62
   255
 39
0.200
  6
CONTINUOUS
 10
233.55000
 20
162.62800
 30
 0
 11
233.55100
 21
162.58500
  0
LINE
  8
Gravur
 62
   255
 39
0.200
  6
CONTINUOUS
 10
233.55100
 20
162.58500
 30
 0
 11
233.55100
 21
161.59500
  0
LINE
  8
Gravur
 62
   255
 39
0.200
  6
CONTINUOUS
 10
233.55100
 20
161.59500
 30
 0
 11
233.54600
 21
161.45600
  0
LINE
  8
Gravur
 62
   255
 39
0.200
  6
CONTINUOUS
 10
233.54600
 20
161.45600
 30
 0
 11
233.52300
 21
161.31800
  0
LINE
  8
Gravur
 62
   255
 39
0.200
  6
CONTINUOUS
 10
233.52300
 20
161.31800
 30
 0
 11
233.48200
 21
161.18700
  0
LINE
  8
Gravur
 62
   255
 39
0.200
  6
CONTINUOUS
 10
233.48200
 20
161.18700
 30
 0
 11
233.42500
 21
161.06300
  0
LINE
  8
Gravur
 62
   255
 39
0.200
  6
CONTINUOUS
 10
233.42500
 20
161.06300
 30
 0
 11
233.35200
 21
160.94900
  0
LINE
  8
Gravur
 62
   255
 39
0.200
  6
CONTINUOUS
 10
233.35200
 20
160.94900
 30
 0
 11
233.26500
 21
160.84900
  0
LINE
  8
Gravur
 62
   255
 39
0.200
  6
CONTINUOUS
 10
233.26500
 20
160.84900
 30
 0
 11
233.16600
 21
160.76400
  0
LINE
  8
Gravur
 62
   255
 39
0.200
  6
CONTINUOUS
 10
233.16600
 20
160.76400
 30
 0
 11
233.05600
 21
160.69500
  0
LINE
  8
Gravur
 62
   255
 39
0.200
  6
CONTINUOUS
 10
233.05600
 20
160.69500
 30
 0
 11
232.93900
 21
160.64600
  0
LINE
  8
Gravur
 62
   255
 39
0.200
  6
CONTINUOUS
 10
232.93900
 20
160.64600
 30
 0
 11
232.81600
 21
160.61500
  0
LINE
  8
Gravur
 62
   255
 39
0.200
  6
CONTINUOUS
 10
232.81600
 20
160.61500
 30
 0
 11
232.69000
 21
160.60500
  0
LINE
  8
Gravur
 62
   255
 39
0.200
  6
CONTINUOUS
 10
232.69000
 20
160.60500
 30
 0
 11
232.69000
 21
160.60500
  0
LINE
  8
Gravur
 62
   255
 39
0.200
  6
CONTINUOUS
 10
232.69000
 20
160.60500
 30
 0
 11
231.76900
 21
160.60500
  0
LINE
  8
Gravur
 62
   255
 39
0.200
  6
CONTINUOUS
 10
231.76900
 20
160.60500
 30
 0
 11
231.76900
 21
163.57500
  0
LINE
  8
Gravur
 62
   255
 39
0.200
  6
CONTINUOUS
 10
234.26400
 20
163.57500
 30
 0
 11
234.26400
 21
160.60500
  0
LINE
  8
Gravur
 62
   255
 39
0.200
  6
CONTINUOUS
 10
236.87700
 20
163.57500
 30
 0
 11
238.65900
 21
163.57500
  0
LINE
  8
Gravur
 62
   255
 39
0.200
  6
CONTINUOUS
 10
238.65900
 20
163.57500
 30
 0
 11
237.76800
 21
163.57500
  0
LINE
  8
Gravur
 62
   255
 39
0.200
  6
CONTINUOUS
 10
237.76800
 20
163.57500
 30
 0
 11
237.76800
 21
160.60500
  0
LINE
  8
Gravur
 62
   255
 39
0.200
  6
CONTINUOUS
 10
239.37200
 20
163.57500
 30
 0
 11
239.37200
 21
160.60500
  0
LINE
  8
Gravur
 62
   255
 39
0.200
  6
CONTINUOUS
 10
239.37200
 20
160.60500
 30
 0
 11
239.37200
 21
162.09000
  0
LINE
  8
Gravur
 62
   255
 39
0.200
  6
CONTINUOUS
 10
239.37200
 20
162.09000
 30
 0
 11
241.15400
 21
162.09000
  0
LINE
  8
Gravur
 62
   255
 39
0.200
  6
CONTINUOUS
 10
241.15400
 20
162.09000
 30
 0
 11
241.15400
 21
160.60500
  0
LINE
  8
Gravur
 62
   255
 39
0.200
  6
CONTINUOUS
 10
241.15400
 20
160.60500
 30
 0
 11
241.15400
 21
163.57500
  0
LINE
  8
Gravur
 62
   255
 39
0.200
  6
CONTINUOUS
 10
241.86700
 20
160.60500
 30
 0
 11
241.86700
 21
163.57500
  0
LINE
  8
Gravur
 62
   255
 39
0.200
  6
CONTINUOUS
 10
241.86700
 20
163.57500
 30
 0
 11
242.84700
 21
163.57500
  0
LINE
  8
Gravur
 62
   255
 39
0.200
  6
CONTINUOUS
 10
242.84700
 20
163.57500
 30
 0
 11
242.94400
 21
163.56300
  0
LINE
  8
Gravur
 62
   255
 39
0.200
  6
CONTINUOUS
 10
242.94400
 20
163.56300
 30
 0
 11
243.03900
 21
163.53600
  0
LINE
  8
Gravur
 62
   255
 39
0.200
  6
CONTINUOUS
 10
243.03900
 20
163.53600
 30
 0
 11
243.12800
 21
163.49300
  0
LINE
  8
Gravur
 62
   255
 39
0.200
  6
CONTINUOUS
 10
243.12800
 20
163.49300
 30
 0
 11
243.21100
 21
163.43700
  0
LINE
  8
Gravur
 62
   255
 39
0.200
  6
CONTINUOUS
 10
243.21100
 20
163.43700
 30
 0
 11
243.28600
 21
163.36800
  0
LINE
  8
Gravur
 62
   255
 39
0.200
  6
CONTINUOUS
 10
243.28600
 20
163.36800
 30
 0
 11
243.35200
 21
163.28700
  0
LINE
  8
Gravur
 62
   255
 39
0.200
  6
CONTINUOUS
 10
243.35200
 20
163.28700
 30
 0
 11
243.40500
 21
163.19700
  0
LINE
  8
Gravur
 62
   255
 39
0.200
  6
CONTINUOUS
 10
243.40500
 20
163.19700
 30
 0
 11
243.44600
 21
163.09800
  0
LINE
  8
Gravur
 62
   255
 39
0.200
  6
CONTINUOUS
 10
243.44600
 20
163.09800
 30
 0
 11
243.47500
 21
162.99500
  0
LINE
  8
Gravur
 62
   255
 39
0.200
  6
CONTINUOUS
 10
243.47500
 20
162.99500
 30
 0
 11
243.48900
 21
162.88700
  0
LINE
  8
Gravur
 62
   255
 39
0.200
  6
CONTINUOUS
 10
243.48900
 20
162.88700
 30
 0
 11
243.49000
 21
162.77900
  0
LINE
  8
Gravur
 62
   255
 39
0.200
  6
CONTINUOUS
 10
243.49000
 20
162.77900
 30
 0
 11
243.47500
 21
162.67200
  0
LINE
  8
Gravur
 62
   255
 39
0.200
  6
CONTINUOUS
 10
243.47500
 20
162.67200
 30
 0
 11
243.44700
 21
162.56800
  0
LINE
  8
Gravur
 62
   255
 39
0.200
  6
CONTINUOUS
 10
243.44700
 20
162.56800
 30
 0
 11
243.40600
 21
162.47000
  0
LINE
  8
Gravur
 62
   255
 39
0.200
  6
CONTINUOUS
 10
243.40600
 20
162.47000
 30
 0
 11
243.35200
 21
162.37900
  0
LINE
  8
Gravur
 62
   255
 39
0.200
  6
CONTINUOUS
 10
243.35200
 20
162.37900
 30
 0
 11
243.28700
 21
162.29900
  0
LINE
  8
Gravur
 62
   255
 39
0.200
  6
CONTINUOUS
 10
243.28700
 20
162.29900
 30
 0
 11
243.21100
 21
162.22900
  0
LINE
  8
Gravur
 62
   255
 39
0.200
  6
CONTINUOUS
 10
243.21100
 20
162.22900
 30
 0
 11
243.12900
 21
162.17300
  0
LINE
  8
Gravur
 62
   255
 39
0.200
  6
CONTINUOUS
 10
243.12900
 20
162.17300
 30
 0
 11
243.03900
 21
162.13000
  0
LINE
  8
Gravur
 62
   255
 39
0.200
  6
CONTINUOUS
 10
243.03900
 20
162.13000
 30
 0
 11
242.94400
 21
162.10300
  0
LINE
  8
Gravur
 62
   255
 39
0.200
  6
CONTINUOUS
 10
242.94400
 20
162.10300
 30
 0
 11
242.84700
 21
162.09100
  0
LINE
  8
Gravur
 62
   255
 39
0.200
  6
CONTINUOUS
 10
242.84700
 20
162.09100
 30
 0
 11
242.84700
 21
162.09000
  0
LINE
  8
Gravur
 62
   255
 39
0.200
  6
CONTINUOUS
 10
242.84700
 20
162.09000
 30
 0
 11
241.86700
 21
162.09000
  0
LINE
  8
Gravur
 62
   255
 39
0.200
  6
CONTINUOUS
 10
241.86700
 20
162.09000
 30
 0
 11
242.90600
 21
162.09000
  0
LINE
  8
Gravur
 62
   255
 39
0.200
  6
CONTINUOUS
 10
242.90600
 20
162.09000
 30
 0
 11
243.50000
 21
160.60500
  0
LINE
  8
Gravur
 62
   255
 39
0.200
  6
CONTINUOUS
 10
244.18300
 20
163.57500
 30
 0
 11
244.18300
 21
161.52900
  0
LINE
  8
Gravur
 62
   255
 39
0.200
  6
CONTINUOUS
 10
244.18300
 20
161.52900
 30
 0
 11
244.19300
 21
161.38100
  0
LINE
  8
Gravur
 62
   255
 39
0.200
  6
CONTINUOUS
 10
244.19300
 20
161.38100
 30
 0
 11
244.22300
 21
161.23700
  0
LINE
  8
Gravur
 62
   255
 39
0.200
  6
CONTINUOUS
 10
244.22300
 20
161.23700
 30
 0
 11
244.27200
 21
161.09900
  0
LINE
  8
Gravur
 62
   255
 39
0.200
  6
CONTINUOUS
 10
244.27200
 20
161.09900
 30
 0
 11
244.33800
 21
160.97100
  0
LINE
  8
Gravur
 62
   255
 39
0.200
  6
CONTINUOUS
 10
244.33800
 20
160.97100
 30
 0
 11
244.42100
 21
160.85600
  0
LINE
  8
Gravur
 62
   255
 39
0.200
  6
CONTINUOUS
 10
244.42100
 20
160.85600
 30
 0
 11
244.51900
 21
160.75500
  0
LINE
  8
Gravur
 62
   255
 39
0.200
  6
CONTINUOUS
 10
244.51900
 20
160.75500
 30
 0
 11
244.62900
 21
160.67200
  0
LINE
  8
Gravur
 62
   255
 39
0.200
  6
CONTINUOUS
 10
244.62900
 20
160.67200
 30
 0
 11
244.74900
 21
160.60700
  0
LINE
  8
Gravur
 62
   255
 39
0.200
  6
CONTINUOUS
 10
244.74900
 20
160.60700
 30
 0
 11
244.87600
 21
160.56400
  0
LINE
  8
Gravur
 62
   255
 39
0.200
  6
CONTINUOUS
 10
244.87600
 20
160.56400
 30
 0
 11
245.00800
 21
160.54200
  0
LINE
  8
Gravur
 62
   255
 39
0.200
  6
CONTINUOUS
 10
245.00800
 20
160.54200
 30
 0
 11
245.14100
 21
160.54200
  0
LINE
  8
Gravur
 62
   255
 39
0.200
  6
CONTINUOUS
 10
245.14100
 20
160.54200
 30
 0
 11
245.27200
 21
160.56400
  0
LINE
  8
Gravur
 62
   255
 39
0.200
  6
CONTINUOUS
 10
245.27200
 20
160.56400
 30
 0
 11
245.40000
 21
160.60700
  0
LINE
  8
Gravur
 62
   255
 39
0.200
  6
CONTINUOUS
 10
245.40000
 20
160.60700
 30
 0
 11
245.52000
 21
160.67200
  0
LINE
  8
Gravur
 62
   255
 39
0.200
  6
CONTINUOUS
 10
245.52000
 20
160.67200
 30
 0
 11
245.63000
 21
160.75500
  0
LINE
  8
Gravur
 62
   255
 39
0.200
  6
CONTINUOUS
 10
245.63000
 20
160.75500
 30
 0
 11
245.72800
 21
160.85600
  0
LINE
  8
Gravur
 62
   255
 39
0.200
  6
CONTINUOUS
 10
245.72800
 20
160.85600
 30
 0
 11
245.81100
 21
160.97100
  0
LINE
  8
Gravur
 62
   255
 39
0.200
  6
CONTINUOUS
 10
245.81100
 20
160.97100
 30
 0
 11
245.87700
 21
161.09900
  0
LINE
  8
Gravur
 62
   255
 39
0.200
  6
CONTINUOUS
 10
245.87700
 20
161.09900
 30
 0
 11
245.92600
 21
161.23700
  0
LINE
  8
Gravur
 62
   255
 39
0.200
  6
CONTINUOUS
 10
245.92600
 20
161.23700
 30
 0
 11
245.95600
 21
161.38100
  0
LINE
  8
Gravur
 62
   255
 39
0.200
  6
CONTINUOUS
 10
245.95600
 20
161.38100
 30
 0
 11
245.96500
 21
161.52900
  0
LINE
  8
Gravur
 62
   255
 39
0.200
  6
CONTINUOUS
 10
245.96500
 20
161.52900
 30
 0
 11
245.96500
 21
163.57500
  0
LINE
  8
Gravur
 62
   255
 39
0.200
  6
CONTINUOUS
 10
20.92200
 20
104.00000
 30
 0
 11
22.13700
 21
104.00000
  0
LINE
  8
Gravur
 62
   255
 39
0.200
  6
CONTINUOUS
 10
22.13700
 20
104.00000
 30
 0
 11
21.53000
 21
104.00000
  0
LINE
  8
Gravur
 62
   255
 39
0.200
  6
CONTINUOUS
 10
21.53000
 20
104.00000
 30
 0
 11
21.53000
 21
101.00000
  0
LINE
  8
Gravur
 62
   255
 39
0.200
  6
CONTINUOUS
 10
22.90200
 20
104.00000
 30
 0
 11
22.90200
 21
101.67500
  0
LINE
  8
Gravur
 62
   255
 39
0.200
  6
CONTINUOUS
 10
22.90200
 20
101.67500
 30
 0
 11
22.91000
 21
101.57400
  0
LINE
  8
Gravur
 62
   255
 39
0.200
  6
CONTINUOUS
 10
22.91000
 20
101.57400
 30
 0
 11
22.92900
 21
101.47600
  0
LINE
  8
Gravur
 62
   255
 39
0.200
  6
CONTINUOUS
 10
22.92900
 20
101.47600
 30
 0
 11
22.96300
 21
101.38200
  0
LINE
  8
Gravur
 62
   255
 39
0.200
  6
CONTINUOUS
 10
22.96300
 20
101.38200
 30
 0
 11
23.00800
 21
101.29500
  0
LINE
  8
Gravur
 62
   255
 39
0.200
  6
CONTINUOUS
 10
23.00800
 20
101.29500
 30
 0
 11
23.06400
 21
101.21600
  0
LINE
  8
Gravur
 62
   255
 39
0.200
  6
CONTINUOUS
 10
23.06400
 20
101.21600
 30
 0
 11
23.13100
 21
101.14700
  0
LINE
  8
Gravur
 62
   255
 39
0.200
  6
CONTINUOUS
 10
23.13100
 20
101.14700
 30
 0
 11
23.20700
 21
101.09000
  0
LINE
  8
Gravur
 62
   255
 39
0.200
  6
CONTINUOUS
 10
23.20700
 20
101.09000
 30
 0
 11
23.28800
 21
101.04700
  0
LINE
  8
Gravur
 62
   255
 39
0.200
  6
CONTINUOUS
 10
23.28800
 20
101.04700
 30
 0
 11
23.37500
 21
101.01700
  0
LINE
  8
Gravur
 62
   255
 39
0.200
  6
CONTINUOUS
 10
23.37500
 20
101.01700
 30
 0
 11
23.46500
 21
101.00200
  0
LINE
  8
Gravur
 62
   255
 39
0.200
  6
CONTINUOUS
 10
23.46500
 20
101.00200
 30
 0
 11
23.55500
 21
101.00200
  0
LINE
  8
Gravur
 62
   255
 39
0.200
  6
CONTINUOUS
 10
23.55500
 20
101.00200
 30
 0
 11
23.64500
 21
101.01700
  0
LINE
  8
Gravur
 62
   255
 39
0.200
  6
CONTINUOUS
 10
23.64500
 20
101.01700
 30
 0
 11
23.73200
 21
101.04700
  0
LINE
  8
Gravur
 62
   255
 39
0.200
  6
CONTINUOUS
 10
23.73200
 20
101.04700
 30
 0
 11
23.81300
 21
101.09000
  0
LINE
  8
Gravur
 62
   255
 39
0.200
  6
CONTINUOUS
 10
23.81300
 20
101.09000
 30
 0
 11
23.88900
 21
101.14700
  0
LINE
  8
Gravur
 62
   255
 39
0.200
  6
CONTINUOUS
 10
23.88900
 20
101.14700
 30
 0
 11
23.95500
 21
101.21600
  0
LINE
  8
Gravur
 62
   255
 39
0.200
  6
CONTINUOUS
 10
23.95500
 20
101.21600
 30
 0
 11
24.01200
 21
101.29500
  0
LINE
  8
Gravur
 62
   255
 39
0.200
  6
CONTINUOUS
 10
24.01200
 20
101.29500
 30
 0
 11
24.05700
 21
101.38200
  0
LINE
  8
Gravur
 62
   255
 39
0.200
  6
CONTINUOUS
 10
24.05700
 20
101.38200
 30
 0
 11
24.09000
 21
101.47600
  0
LINE
  8
Gravur
 62
   255
 39
0.200
  6
CONTINUOUS
 10
24.09000
 20
101.47600
 30
 0
 11
24.11000
 21
101.57400
  0
LINE
  8
Gravur
 62
   255
 39
0.200
  6
CONTINUOUS
 10
24.11000
 20
101.57400
 30
 0
 11
24.11700
 21
101.67500
  0
LINE
  8
Gravur
 62
   255
 39
0.200
  6
CONTINUOUS
 10
24.11700
 20
101.67500
 30
 0
 11
24.11700
 21
104.00000
  0
LINE
  8
Gravur
 62
   255
 39
0.200
  6
CONTINUOUS
 10
24.88300
 20
101.00000
 30
 0
 11
24.88300
 21
104.00000
  0
LINE
  8
Gravur
 62
   255
 39
0.200
  6
CONTINUOUS
 10
24.88300
 20
104.00000
 30
 0
 11
26.09800
 21
101.00000
  0
LINE
  8
Gravur
 62
   255
 39
0.200
  6
CONTINUOUS
 10
26.09800
 20
101.00000
 30
 0
 11
26.09800
 21
104.00000
  0
LINE
  8
Gravur
 62
   255
 39
0.200
  6
CONTINUOUS
 10
28.07800
 20
104.00000
 30
 0
 11
26.86300
 21
104.00000
  0
LINE
  8
Gravur
 62
   255
 39
0.200
  6
CONTINUOUS
 10
26.86300
 20
104.00000
 30
 0
 11
26.86300
 21
101.00000
  0
LINE
  8
Gravur
 62
   255
 39
0.200
  6
CONTINUOUS
 10
26.86300
 20
101.00000
 30
 0
 11
28.07800
 21
101.00000
  0
LINE
  8
Gravur
 62
   255
 39
0.200
  6
CONTINUOUS
 10
26.86300
 20
102.50000
 30
 0
 11
27.87500
 21
102.50000
  0
ARC
  8
Gravur
 62
   255
 39
0.200
  6
CONTINUOUS
 10
5.98000
 20
83.15500
 30
 0
 40
0.49500
 50
91.50439
 51
-174.78461
  0
ARC
  8
Gravur
 62
   255
 39
0.200
  6
CONTINUOUS
 10
5.99200
 20
83.12800
 30
 0
 40
0.52300
 50
330.44533
 51
92.74196
  0
LINE
  8
Gravur
 62
   255
 39
0.200
  6
CONTINUOUS
 10
6.44700
 20
82.87000
 30
 0
 11
5.48700
 21
81.25000
  0
LINE
  8
Gravur
 62
   255
 39
0.200
  6
CONTINUOUS
 10
5.48700
 20
81.25000
 30
 0
 11
6.50700
 21
81.25000
  0
ARC
  8
Gravur
 62
   255
 39
0.200
  6
CONTINUOUS
 10
8.44400
 20
92.63500
 30
 0
 40
0.49200
 50
434.80614
 51
175.92268
  0
ARC
  8
Gravur
 62
   255
 39
0.200
  6
CONTINUOUS
 10
8.43400
 20
92.59700
 30
 0
 40
0.53100
 50
263.39742
 51
74.83943
  0
ARC
  8
Gravur
 62
   255
 39
0.200
  6
CONTINUOUS
 10
8.45400
 20
91.42000
 30
 0
 40
0.65500
 50
285.86128
 51
97.10332
  0
ARC
  8
Gravur
 62
   255
 39
0.200
  6
CONTINUOUS
 10
8.46800
 20
91.34400
 30
 0
 40
0.57800
 50
185.36509
 51
-73.41468
  0
LINE
  8
Gravur
 62
   255
 39
0.200
  6
CONTINUOUS
 10
15.27000
 20
99.65000
 30
 0
 11
14.49000
 21
97.85000
  0
LINE
  8
Gravur
 62
   255
 39
0.200
  6
CONTINUOUS
 10
14.49000
 20
97.85000
 30
 0
 11
15.51000
 21
97.85000
  0
LINE
  8
Gravur
 62
   255
 39
0.200
  6
CONTINUOUS
 10
15.27000
 20
98.45000
 30
 0
 11
15.27000
 21
97.25000
  0
LINE
  8
Gravur
 62
   255
 39
0.200
  6
CONTINUOUS
 10
8.23000
 20
74.05000
 30
 0
 11
8.77000
 21
74.65000
  0
LINE
  8
Gravur
 62
   255
 39
0.200
  6
CONTINUOUS
 10
8.77000
 20
74.65000
 30
 0
 11
8.77000
 21
72.25000
  0
ARC
  8
Gravur
 62
   255
 39
0.200
  6
CONTINUOUS
 10
40.55000
 20
72.77800
 30
 0
 40
0.53000
 50
178.70296
 51
264.59040
  0
ARC
  8
Gravur
 62
   255
 39
0.200
  6
CONTINUOUS
 10
40.48200
 20
72.74800
 30
 0
 40
0.49800
 50
-87.92997
 51
-2.07003
  0
LINE
  8
Gravur
 62
   255
 39
0.200
  6
CONTINUOUS
 10
40.98000
 20
72.73000
 30
 0
 11
40.98000
 21
74.17000
  0
ARC
  8
Gravur
 62
   255
 39
0.200
  6
CONTINUOUS
 10
40.50000
 20
74.17000
 30
 0
 40
0.48000
 50
0.00000
 51
180.00000
  0
LINE
  8
Gravur
 62
   255
 39
0.200
  6
CONTINUOUS
 10
40.02000
 20
74.17000
 30
 0
 11
40.02000
 21
73.81000
  0
ARC
  8
Gravur
 62
   255
 39
0.200
  6
CONTINUOUS
 10
40.51500
 20
73.86700
 30
 0
 40
0.49800
 50
-173.43124
 51
-20.83908
  0
ARC
  8
Gravur
 62
   255
 39
0.200
  6
CONTINUOUS
 10
43.00300
 20
81.76700
 30
 0
 40
0.51700
 50
-90.33247
 51
0.33247
  0
LINE
  8
Gravur
 62
   255
 39
0.200
  6
CONTINUOUS
 10
43.52000
 20
81.77000
 30
 0
 11
43.52000
 21
81.95000
  0
ARC
  8
Gravur
 62
   255
 39
0.200
  6
CONTINUOUS
 10
43.01300
 20
81.94300
 30
 0
 40
0.50700
 50
0.79102
 51
91.46880
  0
ARC
  8
Gravur
 62
   255
 39
0.200
  6
CONTINUOUS
 10
43.00300
 20
82.92700
 30
 0
 40
0.47700
 50
-90.36035
 51
0.36035
  0
LINE
  8
Gravur
 62
   255
 39
0.200
  6
CONTINUOUS
 10
43.48000
 20
82.93000
 30
 0
 11
43.48000
 21
83.17000
  0
ARC
  8
Gravur
 62
   255
 39
0.200
  6
CONTINUOUS
 10
43.00000
 20
83.17000
 30
 0
 40
0.48000
 50
0.00000
 51
180.00000
  0
LINE
  8
Gravur
 62
   255
 39
0.200
  6
CONTINUOUS
 10
42.52000
 20
83.17000
 30
 0
 11
42.52000
 21
82.93000
  0
ARC
  8
Gravur
 62
   255
 39
0.200
  6
CONTINUOUS
 10
42.99700
 20
82.92700
 30
 0
 40
0.47700
 50
179.63965
 51
270.36035
  0
ARC
  8
Gravur
 62
   255
 39
0.200
  6
CONTINUOUS
 10
42.98700
 20
81.94300
 30
 0
 40
0.50700
 50
88.53120
 51
179.20898
  0
LINE
  8
Gravur
 62
   255
 39
0.200
  6
CONTINUOUS
 10
42.48000
 20
81.95000
 30
 0
 11
42.48000
 21
81.77000
  0
ARC
  8
Gravur
 62
   255
 39
0.200
  6
CONTINUOUS
 10
42.99700
 20
81.76700
 30
 0
 40
0.51700
 50
179.66753
 51
270.33247
  0
LINE
  8
Gravur
 62
   255
 39
0.200
  6
CONTINUOUS
 10
39.99000
 20
92.73000
 30
 0
 11
39.99000
 21
93.15000
  0
LINE
  8
Gravur
 62
   255
 39
0.200
  6
CONTINUOUS
 10
39.99000
 20
93.15000
 30
 0
 11
41.01000
 21
93.15000
  0
LINE
  8
Gravur
 62
   255
 39
0.200
  6
CONTINUOUS
 10
41.01000
 20
93.15000
 30
 0
 11
40.23000
 21
90.75000
  0
ARC
  8
Gravur
 62
   255
 39
0.200
  6
CONTINUOUS
 10
33.48000
 20
99.12200
 30
 0
 40
0.53000
 50
-1.29704
 51
84.59040
  0
ARC
  8
Gravur
 62
   255
 39
0.200
  6
CONTINUOUS
 10
33.48500
 20
99.15700
 30
 0
 40
0.49500
 50
84.78461
 51
178.49561
  0
LINE
  8
Gravur
 62
   255
 39
0.200
  6
CONTINUOUS
 10
32.99000
 20
99.17000
 30
 0
 11
32.99000
 21
97.73000
  0
ARC
  8
Gravur
 62
   255
 39
0.200
  6
CONTINUOUS
 10
33.52600
 20
97.78600
 30
 0
 40
0.53900
 50
-174.03551
 51
-95.96449
  0
ARC
  8
Gravur
 62
   255
 39
0.200
  6
CONTINUOUS
 10
33.48200
 20
97.78000
 30
 0
 40
0.53000
 50
-91.29704
 51
-5.40960
  0
LINE
  8
Gravur
 62
   255
 39
0.200
  6
CONTINUOUS
 10
34.01000
 20
97.73000
 30
 0
 11
34.01000
 21
98.21000
  0
ARC
  8
Gravur
 62
   255
 39
0.200
  6
CONTINUOUS
 10
33.47300
 20
98.14900
 30
 0
 40
0.54000
 50
6.48068
 51
153.48242
  0
LINE
  8
Gravur
 62
   255
 39
0.400
  6
CONTINUOUS
 10
23.25000
 20
82.42800
 30
 0
 11
25.75000
 21
82.42800
  0
LINE
  8
Gravur
 62
   255
 39
0.400
  6
CONTINUOUS
 10
24.50000
 20
83.67800
 30
 0
 11
24.50000
 21
81.17800
  0
LINE
  8
Gravur
 62
   255
 39
0.400
  6
CONTINUOUS
 10
16.50000
 20
68.57200
 30
 0
 11
20.74900
 21
75.93200
  0
LINE
  8
Gravur
 62
   255
 39
0.400
  6
CONTINUOUS
 10
20.74900
 20
75.93200
 30
 0
 11
20.75000
 21
75.93200
  0
LINE
  8
Gravur
 62
   255
 39
0.400
  6
CONTINUOUS
 10
32.50000
 20
68.57200
 30
 0
 11
28.25000
 21
75.93200
  0
LINE
  8
Gravur
 62
   255
 39
0.400
  6
CONTINUOUS
 10
28.25000
 20
75.93200
 30
 0
 11
28.25000
 21
75.93200
  0
LINE
  8
Gravur
 62
   255
 39
0.400
  6
CONTINUOUS
 10
30.99500
 20
78.67700
 30
 0
 11
30.99500
 21
78.67700
  0
LINE
  8
Gravur
 62
   255
 39
0.400
  6
CONTINUOUS
 10
30.99500
 20
78.67700
 30
 0
 11
38.35600
 21
74.42700
  0
LINE
  8
Gravur
 62
   255
 39
0.400
  6
CONTINUOUS
 10
40.50000
 20
82.42800
 30
 0
 11
32.00000
 21
82.42800
  0
LINE
  8
Gravur
 62
   255
 39
0.400
  6
CONTINUOUS
 10
32.00000
 20
82.42800
 30
 0
 11
32.00000
 21
82.42800
  0
LINE
  8
Gravur
 62
   255
 39
0.400
  6
CONTINUOUS
 10
30.99500
 20
86.17800
 30
 0
 11
30.99500
 21
86.17800
  0
LINE
  8
Gravur
 62
   255
 39
0.400
  6
CONTINUOUS
 10
30.99500
 20
86.17800
 30
 0
 11
38.35600
 21
90.42800
  0
LINE
  8
Gravur
 62
   255
 39
0.400
  6
CONTINUOUS
 10
32.49900
 20
96.28400
 30
 0
 11
28.25000
 21
88.92300
  0
LINE
  8
Gravur
 62
   255
 39
0.400
  6
CONTINUOUS
 10
28.25000
 20
88.92300
 30
 0
 11
28.24900
 21
88.92300
  0
LINE
  8
Gravur
 62
   255
 39
0.400
  6
CONTINUOUS
 10
24.50000
 20
89.92800
 30
 0
 11
24.50000
 21
89.92800
  0
LINE
  8
Gravur
 62
   255
 39
0.400
  6
CONTINUOUS
 10
24.50000
 20
89.92800
 30
 0
 11
24.50000
 21
98.42800
  0
LINE
  8
Gravur
 62
   255
 39
0.400
  6
CONTINUOUS
 10
16.50000
 20
96.28400
 30
 0
 11
20.75000
 21
88.92300
  0
LINE
  8
Gravur
 62
   255
 39
0.400
  6
CONTINUOUS
 10
20.75000
 20
88.92300
 30
 0
 11
20.75000
 21
88.92300
  0
LINE
  8
Gravur
 62
   255
 39
0.400
  6
CONTINUOUS
 10
18.00400
 20
86.17800
 30
 0
 11
18.00400
 21
86.17800
  0
LINE
  8
Gravur
 62
   255
 39
0.400
  6
CONTINUOUS
 10
18.00400
 20
86.17800
 30
 0
 11
10.64400
 21
90.42700
  0
LINE
  8
Gravur
 62
   255
 39
0.400
  6
CONTINUOUS
 10
8.50000
 20
82.42800
 30
 0
 11
17.00000
 21
82.42800
  0
LINE
  8
Gravur
 62
   255
 39
0.400
  6
CONTINUOUS
 10
17.00000
 20
82.42800
 30
 0
 11
17.00000
 21
82.42800
  0
LINE
  8
Gravur
 62
   255
 39
0.400
  6
CONTINUOUS
 10
18.00400
 20
78.67800
 30
 0
 11
18.00400
 21
78.67800
  0
LINE
  8
Gravur
 62
   255
 39
0.400
  6
CONTINUOUS
 10
18.00400
 20
78.67800
 30
 0
 11
10.64400
 21
74.42800
  0
LINE
  8
Gravur
 62
   255
 39
0.200
  6
CONTINUOUS
 10
23.25100
 20
82.49500
 30
 0
 11
25.75100
 21
82.49500
  0
LINE
  8
Gravur
 62
   255
 39
0.200
  6
CONTINUOUS
 10
24.50100
 20
83.74500
 30
 0
 11
24.50100
 21
81.24500
  0
LINE
  8
Gravur
 62
   255
 39
0.200
  6
CONTINUOUS
 10
35.46100
 20
71.53400
 30
 0
 11
29.80400
 21
77.19100
  0
LINE
  8
Gravur
 62
   255
 39
0.200
  6
CONTINUOUS
 10
29.80400
 20
77.19100
 30
 0
 11
29.80400
 21
77.19100
  0
LINE
  8
Gravur
 62
   255
 39
0.200
  6
CONTINUOUS
 10
31.74500
 20
80.55400
 30
 0
 11
31.74500
 21
80.55400
  0
LINE
  8
Gravur
 62
   255
 39
0.200
  6
CONTINUOUS
 10
31.74500
 20
80.55400
 30
 0
 11
39.47300
 21
78.48300
  0
LINE
  8
Gravur
 62
   255
 39
0.200
  6
CONTINUOUS
 10
39.47300
 20
86.50600
 30
 0
 11
31.74500
 21
84.43500
  0
LINE
  8
Gravur
 62
   255
 39
0.200
  6
CONTINUOUS
 10
31.74500
 20
84.43500
 30
 0
 11
31.74500
 21
84.43500
  0
LINE
  8
Gravur
 62
   255
 39
0.200
  6
CONTINUOUS
 10
29.80400
 20
87.79800
 30
 0
 11
29.80400
 21
87.79800
  0
LINE
  8
Gravur
 62
   255
 39
0.200
  6
CONTINUOUS
 10
29.80400
 20
87.79800
 30
 0
 11
35.46100
 21
93.45500
  0
LINE
  8
Gravur
 62
   255
 39
0.200
  6
CONTINUOUS
 10
28.51200
 20
97.46700
 30
 0
 11
26.44100
 21
89.73900
  0
LINE
  8
Gravur
 62
   255
 39
0.200
  6
CONTINUOUS
 10
26.44100
 20
89.73900
 30
 0
 11
26.44100
 21
89.73900
  0
LINE
  8
Gravur
 62
   255
 39
0.200
  6
CONTINUOUS
 10
22.56000
 20
89.73900
 30
 0
 11
22.56000
 21
89.73900
  0
LINE
  8
Gravur
 62
   255
 39
0.200
  6
CONTINUOUS
 10
22.56000
 20
89.73900
 30
 0
 11
20.48900
 21
97.46700
  0
LINE
  8
Gravur
 62
   255
 39
0.200
  6
CONTINUOUS
 10
13.54000
 20
93.45500
 30
 0
 11
19.19700
 21
87.79800
  0
LINE
  8
Gravur
 62
   255
 39
0.200
  6
CONTINUOUS
 10
19.19700
 20
87.79800
 30
 0
 11
19.19700
 21
87.79800
  0
LINE
  8
Gravur
 62
   255
 39
0.200
  6
CONTINUOUS
 10
17.25600
 20
84.43500
 30
 0
 11
17.25600
 21
84.43500
  0
LINE
  8
Gravur
 62
   255
 39
0.200
  6
CONTINUOUS
 10
17.25600
 20
84.43500
 30
 0
 11
9.52800
 21
86.50600
  0
LINE
  8
Gravur
 62
   255
 39
0.200
  6
CONTINUOUS
 10
9.52800
 20
78.48300
 30
 0
 11
17.25600
 21
80.55400
  0
LINE
  8
Gravur
 62
   255
 39
0.200
  6
CONTINUOUS
 10
17.25600
 20
80.55400
 30
 0
 11
17.25600
 21
80.55400
  0
LINE
  8
Gravur
 62
   255
 39
0.200
  6
CONTINUOUS
 10
19.19700
 20
77.19100
 30
 0
 11
19.19700
 21
77.19100
  0
LINE
  8
Gravur
 62
   255
 39
0.200
  6
CONTINUOUS
 10
19.19700
 20
77.19100
 30
 0
 11
13.54000
 21
71.53400
  0
LINE
  8
Gravur
 62
   255
 39
0.200
  6
CONTINUOUS
 10
219.96300
 20
8.91300
 30
 0
 11
219.96300
 21
6.76800
  0
ARC
  8
Gravur
 62
   255
 39
0.200
  6
CONTINUOUS
 10
220.78800
 20
6.76800
 30
 0
 40
0.82500
 50
180.00000
 51
360.00000
  0
LINE
  8
Gravur
 62
   255
 39
0.200
  6
CONTINUOUS
 10
221.61300
 20
6.76800
 30
 0
 11
221.61300
 21
7.09800
  0
ARC
  8
Gravur
 62
   255
 39
0.200
  6
CONTINUOUS
 10
220.78800
 20
7.09800
 30
 0
 40
0.82500
 50
0.00000
 51
180.00000
  0
LINE
  8
Gravur
 62
   255
 39
0.200
  6
CONTINUOUS
 10
219.96300
 20
7.09800
 30
 0
 11
219.96300
 21
5.94300
  0
LINE
  8
Gravur
 62
   255
 39
0.200
  6
CONTINUOUS
 10
222.40500
 20
7.92300
 30
 0
 11
222.40500
 21
6.76800
  0
ARC
  8
Gravur
 62
   255
 39
0.200
  6
CONTINUOUS
 10
223.23000
 20
6.76800
 30
 0
 40
0.82500
 50
180.00000
 51
360.00000
  0
LINE
  8
Gravur
 62
   255
 39
0.200
  6
CONTINUOUS
 10
224.05500
 20
6.76800
 30
 0
 11
224.05500
 21
5.94300
  0
LINE
  8
Gravur
 62
   255
 39
0.200
  6
CONTINUOUS
 10
224.05500
 20
5.94300
 30
 0
 11
224.05500
 21
7.92300
  0
LINE
  8
Gravur
 62
   255
 39
0.200
  6
CONTINUOUS
 10
224.84700
 20
8.91300
 30
 0
 11
224.84700
 21
8.74800
  0
LINE
  8
Gravur
 62
   255
 39
0.200
  6
CONTINUOUS
 10
224.84700
 20
7.92300
 30
 0
 11
224.84700
 21
5.94300
  0
LINE
  8
Gravur
 62
   255
 39
0.200
  6
CONTINUOUS
 10
225.63900
 20
8.91300
 30
 0
 11
225.63900
 21
6.33900
  0
ARC
  8
Gravur
 62
   255
 39
0.200
  6
CONTINUOUS
 10
226.04100
 20
6.33800
 30
 0
 40
0.40200
 50
179.85747
 51
259.66963
  0
LINE
  8
Gravur
 62
   255
 39
0.200
  6
CONTINUOUS
 10
228.41100
 20
8.91300
 30
 0
 11
228.41100
 21
6.76800
  0
ARC
  8
Gravur
 62
   255
 39
0.200
  6
CONTINUOUS
 10
227.58500
 20
6.75900
 30
 0
 40
0.82600
 50
183.95712
 51
0.62426
  0
LINE
  8
Gravur
 62
   255
 39
0.200
  6
CONTINUOUS
 10
226.76100
 20
6.70200
 30
 0
 11
226.76100
 21
7.09800
  0
ARC
  8
Gravur
 62
   255
 39
0.200
  6
CONTINUOUS
 10
227.58600
 20
7.09800
 30
 0
 40
0.82500
 50
360.00000
 51
180.00000
  0
LINE
  8
Gravur
 62
   255
 39
0.200
  6
CONTINUOUS
 10
228.41100
 20
7.09800
 30
 0
 11
228.41100
 21
5.94300
  0
LINE
  8
Gravur
 62
   255
 39
0.200
  6
CONTINUOUS
 10
231.31500
 20
8.91300
 30
 0
 11
231.31500
 21
6.76800
  0
ARC
  8
Gravur
 62
   255
 39
0.200
  6
CONTINUOUS
 10
232.14000
 20
6.76800
 30
 0
 40
0.82500
 50
180.00000
 51
360.00000
  0
LINE
  8
Gravur
 62
   255
 39
0.200
  6
CONTINUOUS
 10
232.96500
 20
6.76800
 30
 0
 11
232.96500
 21
7.09800
  0
ARC
  8
Gravur
 62
   255
 39
0.200
  6
CONTINUOUS
 10
232.14000
 20
7.09800
 30
 0
 40
0.82500
 50
0.00000
 51
180.00000
  0
LINE
  8
Gravur
 62
   255
 39
0.200
  6
CONTINUOUS
 10
231.31500
 20
7.09800
 30
 0
 11
231.31500
 21
5.94300
  0
LINE
  8
Gravur
 62
   255
 39
0.200
  6
CONTINUOUS
 10
233.75700
 20
7.92300
 30
 0
 11
234.54900
 21
6.04200
  0
LINE
  8
Gravur
 62
   255
 39
0.200
  6
CONTINUOUS
 10
235.40700
 20
7.92300
 30
 0
 11
234.21900
 21
5.25000
  0
ARC
  8
Gravur
 62
   255
 39
0.200
  6
CONTINUOUS
 10
233.76200
 20
5.45300
 30
 0
 40
0.50000
 50
269.42706
 51
-23.95086
  0
LINE
  8
Gravur
 62
   255
 39
0.200
  6
CONTINUOUS
 10
238.31100
 20
8.91300
 30
 0
 11
239.33400
 21
8.91300
  0
ARC
  8
Gravur
 62
   255
 39
0.200
  6
CONTINUOUS
 10
239.29600
 20
7.91900
 30
 0
 40
0.99500
 50
360.23033
 51
87.81068
  0
LINE
  8
Gravur
 62
   255
 39
0.200
  6
CONTINUOUS
 10
240.29100
 20
7.92300
 30
 0
 11
240.29100
 21
6.93300
  0
ARC
  8
Gravur
 62
   255
 39
0.200
  6
CONTINUOUS
 10
239.33600
 20
6.89900
 30
 0
 40
0.95600
 50
269.88013
 51
2.03899
  0
LINE
  8
Gravur
 62
   255
 39
0.200
  6
CONTINUOUS
 10
239.33400
 20
5.94300
 30
 0
 11
238.31100
 21
5.94300
  0
LINE
  8
Gravur
 62
   255
 39
0.200
  6
CONTINUOUS
 10
238.31100
 20
5.94300
 30
 0
 11
238.31100
 21
8.91300
  0
ARC
  8
Gravur
 62
   255
 39
0.200
  6
CONTINUOUS
 10
242.36900
 20
8.14800
 30
 0
 40
0.78300
 50
36.69432
 51
77.75699
  0
ARC
  8
Gravur
 62
   255
 39
0.200
  6
CONTINUOUS
 10
242.13700
 20
7.09200
 30
 0
 40
1.86400
 50
77.67123
 51
106.39301
  0
ARC
  8
Gravur
 62
   255
 39
0.200
  6
CONTINUOUS
 10
241.86500
 20
8.03500
 30
 0
 40
0.88200
 50
106.73034
 51
144.27353
  0
ARC
  8
Gravur
 62
   255
 39
0.200
  6
CONTINUOUS
 10
241.64000
 20
8.19800
 30
 0
 40
0.60400
 50
144.36310
 51
251.26508
  0
LINE
  8
Gravur
 62
   255
 39
0.200
  6
CONTINUOUS
 10
241.44600
 20
7.62600
 30
 0
 11
242.60100
 21
7.23000
  0
ARC
  8
Gravur
 62
   255
 39
0.200
  6
CONTINUOUS
 10
242.40700
 20
6.65800
 30
 0
 40
0.60400
 50
324.36310
 51
71.26508
  0
ARC
  8
Gravur
 62
   255
 39
0.200
  6
CONTINUOUS
 10
242.18200
 20
6.82100
 30
 0
 40
0.88200
 50
286.73034
 51
-35.72647
  0
ARC
  8
Gravur
 62
   255
 39
0.200
  6
CONTINUOUS
 10
241.91000
 20
7.76400
 30
 0
 40
1.86400
 50
257.67123
 51
-73.60699
  0
ARC
  8
Gravur
 62
   255
 39
0.200
  6
CONTINUOUS
 10
241.67800
 20
6.70800
 30
 0
 40
0.78300
 50
216.69432
 51
-102.24301
  0
LINE
  8
Gravur
 62
   255
 39
0.200
  6
CONTINUOUS
 10
243.78900
 20
8.91300
 30
 0
 11
243.78900
 21
5.94300
  0
LINE
  8
Gravur
 62
   255
 39
0.200
  6
CONTINUOUS
 10
243.78900
 20
5.94300
 30
 0
 11
245.43900
 21
5.94300
  0
LINE
  8
Gravur
 62
   255
 39
0.200
  6
CONTINUOUS
 10
246.23100
 20
7.42800
 30
 0
 11
247.94700
 21
7.42800
  0
LINE
  8
Gravur
 62
   255
 39
0.200
  6
CONTINUOUS
 10
248.73900
 20
5.94300
 30
 0
 11
248.73900
 21
7.92300
  0
LINE
  8
Gravur
 62
   255
 39
0.200
  6
CONTINUOUS
 10
248.73900
 20
7.92300
 30
 0
 11
248.73900
 21
7.26300
  0
ARC
  8
Gravur
 62
   255
 39
0.200
  6
CONTINUOUS
 10
249.39900
 20
7.26300
 30
 0
 40
0.66000
 50
360.00000
 51
180.00000
  0
LINE
  8
Gravur
 62
   255
 39
0.200
  6
CONTINUOUS
 10
250.05900
 20
7.26300
 30
 0
 11
250.05900
 21
5.94300
  0
LINE
  8
Gravur
 62
   255
 39
0.200
  6
CONTINUOUS
 10
250.05900
 20
5.94300
 30
 0
 11
250.05900
 21
7.26300
  0
ARC
  8
Gravur
 62
   255
 39
0.200
  6
CONTINUOUS
 10
250.71900
 20
7.26300
 30
 0
 40
0.66000
 50
360.00000
 51
180.00000
  0
LINE
  8
Gravur
 62
   255
 39
0.200
  6
CONTINUOUS
 10
251.37900
 20
7.26300
 30
 0
 11
251.37900
 21
5.94300
  0
LINE
  8
Gravur
 62
   255
 39
0.200
  6
CONTINUOUS
 10
253.88700
 20
7.92300
 30
 0
 11
253.88700
 21
6.76800
  0
ARC
  8
Gravur
 62
   255
 39
0.200
  6
CONTINUOUS
 10
253.02900
 20
6.76800
 30
 0
 40
0.85800
 50
180.00000
 51
0.00000
  0
LINE
  8
Gravur
 62
   255
 39
0.200
  6
CONTINUOUS
 10
252.17100
 20
6.76800
 30
 0
 11
252.17100
 21
7.09800
  0
ARC
  8
Gravur
 62
   255
 39
0.200
  6
CONTINUOUS
 10
253.02900
 20
7.09800
 30
 0
 40
0.85800
 50
360.00000
 51
180.00000
  0
LINE
  8
Gravur
 62
   255
 39
0.200
  6
CONTINUOUS
 10
253.88700
 20
7.09800
 30
 0
 11
253.88700
 21
6.30600
  0
ARC
  8
Gravur
 62
   255
 39
0.200
  6
CONTINUOUS
 10
254.36600
 20
6.35100
 30
 0
 40
0.48100
 50
-174.63306
 51
-99.93211
  0
LINE
  8
Gravur
 62
   255
 39
0.200
  6
CONTINUOUS
 10
255.07500
 20
5.94300
 30
 0
 11
255.07500
 21
7.92300
  0
LINE
  8
Gravur
 62
   255
 39
0.200
  6
CONTINUOUS
 10
255.07500
 20
7.92300
 30
 0
 11
255.07500
 21
7.09800
  0
ARC
  8
Gravur
 62
   255
 39
0.200
  6
CONTINUOUS
 10
255.90000
 20
7.09800
 30
 0
 40
0.82500
 50
360.00000
 51
180.00000
  0
LINE
  8
Gravur
 62
   255
 39
0.200
  6
CONTINUOUS
 10
256.72500
 20
7.09800
 30
 0
 11
256.72500
 21
5.94300
  0
CIRCLE
  8
Kontur
 62
   7
 39
0.100
  6
CONTINUOUS
 10
101.92600
 20
110.81000
 30
 0
 40
2.50000
  0
CIRCLE
  8
Kontur
 62
   7
 39
0.100
  6
CONTINUOUS
 10
247.66300
 20
110.81000
 30
 0
 40
2.50000
  0
CIRCLE
  8
Kontur
 62
   7
 39
0.100
  6
CONTINUOUS
 10
272.77000
 20
161.68000
 30
 0
 40
1.50000
  0
CIRCLE
  8
Kontur
 62
   7
 39
0.100
  6
CONTINUOUS
 10
25.00900
 20
147.59300
 30
 0
 40
4.76200
  0
CIRCLE
  8
Kontur
 62
   7
 39
0.100
  6
CONTINUOUS
 10
200.77200
 20
110.81000
 30
 0
 40
2.50000
  0
CIRCLE
  8
Kontur
 62
   7
 39
0.100
  6
CONTINUOUS
 10
124.40000
 20
82.50000
 30
 0
 40
4.76200
  0
CIRCLE
  8
Kontur
 62
   7
 39
0.100
  6
CONTINUOUS
 10
174.10000
 20
82.50000
 30
 0
 40
4.76200
  0
CIRCLE
  8
Kontur
 62
   7
 39
0.100
  6
CONTINUOUS
 10
224.30000
 20
82.50000
 30
 0
 40
4.76200
  0
CIRCLE
  8
Kontur
 62
   7
 39
0.100
  6
CONTINUOUS
 10
274.00000
 20
82.50000
 30
 0
 40
4.76200
  0
CIRCLE
  8
Kontur
 62
   7
 39
0.100
  6
CONTINUOUS
 10
74.20000
 20
82.25000
 30
 0
 40
4.76200
  0
CIRCLE
  8
Kontur
 62
   7
 39
0.100
  6
CONTINUOUS
 10
59.77600
 20
145.89500
 30
 0
 40
2.50000
  0
CIRCLE
  8
Kontur
 62
   7
 39
0.100
  6
CONTINUOUS
 10
24.50000
 20
82.50000
 30
 0
 40
4.76200
  0
LINE
  8
Bezugspunkte
 62
   1
 39
0.100
  6
CONTINUOUS
 10
-1.00000
 20
0.00000
 30
 0
 11
1.00000
 21
0.00000
  0
LINE
  8
Bezugspunkte
 62
   1
 39
0.100
  6
CONTINUOUS
 10
0.00000
 20
-1.00000
 30
 0
 11
0.00000
 21
1.00000
  0
LINE
  8
Bezugspunkte
 62
   1
 39
0.100
  6
CONTINUOUS
 10
16.52200
 20
18.50900
 30
 0
 11
18.52200
 21
18.50900
  0
LINE
  8
Bezugspunkte
 62
   1
 39
0.100
  6
CONTINUOUS
 10
17.52200
 20
17.50900
 30
 0
 11
17.52200
 21
19.50900
  0
LINE
  8
Bezugspunkte
 62
   1
 39
0.100
  6
CONTINUOUS
 10
219.38800
 20
32.82400
 30
 0
 11
221.38800
 21
32.82400
  0
LINE
  8
Bezugspunkte
 62
   1
 39
0.100
  6
CONTINUOUS
 10
220.38800
 20
31.82400
 30
 0
 11
220.38800
 21
33.82400
  0
LINE
  8
Bezugspunkte
 62
   1
 39
0.100
  6
CONTINUOUS
 10
54.41400
 20
161.99200
 30
 0
 11
56.41400
 21
161.99200
  0
LINE
  8
Bezugspunkte
 62
   1
 39
0.100
  6
CONTINUOUS
 10
55.41400
 20
160.99200
 30
 0
 11
55.41400
 21
162.99200
  0
LINE
  8
Bezugspunkte
 62
   1
 39
0.100
  6
CONTINUOUS
 10
100.92600
 20
110.81000
 30
 0
 11
102.92600
 21
110.81000
  0
LINE
  8
Bezugspunkte
 62
   1
 39
0.100
  6
CONTINUOUS
 10
101.92600
 20
109.81000
 30
 0
 11
101.92600
 21
111.81000
  0
LINE
  8
Bezugspunkte
 62
   1
 39
0.100
  6
CONTINUOUS
 10
107.09600
 20
110.85100
 30
 0
 11
109.09600
 21
110.85100
  0
LINE
  8
Bezugspunkte
 62
   1
 39
0.100
  6
CONTINUOUS
 10
108.09600
 20
109.85100
 30
 0
 11
108.09600
 21
111.85100
  0
LINE
  8
Bezugspunkte
 62
   1
 39
0.100
  6
CONTINUOUS
 10
246.66300
 20
110.81000
 30
 0
 11
248.66300
 21
110.81000
  0
LINE
  8
Bezugspunkte
 62
   1
 39
0.100
  6
CONTINUOUS
 10
247.66300
 20
109.81000
 30
 0
 11
247.66300
 21
111.81000
  0
LINE
  8
Bezugspunkte
 62
   1
 39
0.100
  6
CONTINUOUS
 10
252.83300
 20
110.84600
 30
 0
 11
254.83300
 21
110.84600
  0
LINE
  8
Bezugspunkte
 62
   1
 39
0.100
  6
CONTINUOUS
 10
253.83300
 20
109.84600
 30
 0
 11
253.83300
 21
111.84600
  0
LINE
  8
Bezugspunkte
 62
   1
 39
0.100
  6
CONTINUOUS
 10
271.77000
 20
161.68000
 30
 0
 11
273.77000
 21
161.68000
  0
LINE
  8
Bezugspunkte
 62
   1
 39
0.100
  6
CONTINUOUS
 10
272.77000
 20
160.68000
 30
 0
 11
272.77000
 21
162.68000
  0
LINE
  8
Bezugspunkte
 62
   1
 39
0.100
  6
CONTINUOUS
 10
278.44600
 20
161.92100
 30
 0
 11
280.44600
 21
161.92100
  0
LINE
  8
Bezugspunkte
 62
   1
 39
0.100
  6
CONTINUOUS
 10
279.44600
 20
160.92100
 30
 0
 11
279.44600
 21
162.92100
  0
LINE
  8
Bezugspunkte
 62
   1
 39
0.100
  6
CONTINUOUS
 10
24.00900
 20
148.38300
 30
 0
 11
26.00900
 21
148.38300
  0
LINE
  8
Bezugspunkte
 62
   1
 39
0.100
  6
CONTINUOUS
 10
25.00900
 20
147.38300
 30
 0
 11
25.00900
 21
149.38300
  0
LINE
  8
Bezugspunkte
 62
   1
 39
0.100
  6
CONTINUOUS
 10
12.36900
 20
154.33700
 30
 0
 11
14.36900
 21
154.33700
  0
LINE
  8
Bezugspunkte
 62
   1
 39
0.100
  6
CONTINUOUS
 10
13.36900
 20
153.33700
 30
 0
 11
13.36900
 21
155.33700
  0
LINE
  8
Bezugspunkte
 62
   1
 39
0.100
  6
CONTINUOUS
 10
24.00900
 20
161.86500
 30
 0
 11
26.00900
 21
161.86500
  0
LINE
  8
Bezugspunkte
 62
   1
 39
0.100
  6
CONTINUOUS
 10
25.00900
 20
160.86500
 30
 0
 11
25.00900
 21
162.86500
  0
LINE
  8
Bezugspunkte
 62
   1
 39
0.100
  6
CONTINUOUS
 10
24.00900
 20
147.59300
 30
 0
 11
26.00900
 21
147.59300
  0
LINE
  8
Bezugspunkte
 62
   1
 39
0.100
  6
CONTINUOUS
 10
25.00900
 20
146.59300
 30
 0
 11
25.00900
 21
148.59300
  0
LINE
  8
Bezugspunkte
 62
   1
 39
0.100
  6
CONTINUOUS
 10
30.88600
 20
135.72900
 30
 0
 11
32.88600
 21
135.72900
  0
LINE
  8
Bezugspunkte
 62
   1
 39
0.100
  6
CONTINUOUS
 10
31.88600
 20
134.72900
 30
 0
 11
31.88600
 21
136.72900
  0
LINE
  8
Bezugspunkte
 62
   1
 39
0.100
  6
CONTINUOUS
 10
35.68700
 20
140.87500
 30
 0
 11
37.68700
 21
140.87500
  0
LINE
  8
Bezugspunkte
 62
   1
 39
0.100
  6
CONTINUOUS
 10
36.68700
 20
139.87500
 30
 0
 11
36.68700
 21
141.87500
  0
LINE
  8
Bezugspunkte
 62
   1
 39
0.100
  6
CONTINUOUS
 10
37.49000
 20
147.60600
 30
 0
 11
39.49000
 21
147.60600
  0
LINE
  8
Bezugspunkte
 62
   1
 39
0.100
  6
CONTINUOUS
 10
38.49000
 20
146.60600
 30
 0
 11
38.49000
 21
148.60600
  0
LINE
  8
Bezugspunkte
 62
   1
 39
0.100
  6
CONTINUOUS
 10
35.68700
 20
154.33700
 30
 0
 11
37.68700
 21
154.33700
  0
LINE
  8
Bezugspunkte
 62
   1
 39
0.100
  6
CONTINUOUS
 10
36.68700
 20
153.33700
 30
 0
 11
36.68700
 21
155.33700
  0
LINE
  8
Bezugspunkte
 62
   1
 39
0.100
  6
CONTINUOUS
 10
30.88600
 20
159.48300
 30
 0
 11
32.88600
 21
159.48300
  0
LINE
  8
Bezugspunkte
 62
   1
 39
0.100
  6
CONTINUOUS
 10
31.88600
 20
158.48300
 30
 0
 11
31.88600
 21
160.48300
  0
LINE
  8
Bezugspunkte
 62
   1
 39
0.100
  6
CONTINUOUS
 10
10.56600
 20
147.60600
 30
 0
 11
12.56600
 21
147.60600
  0
LINE
  8
Bezugspunkte
 62
   1
 39
0.100
  6
CONTINUOUS
 10
11.56600
 20
146.60600
 30
 0
 11
11.56600
 21
148.60600
  0
LINE
  8
Bezugspunkte
 62
   1
 39
0.100
  6
CONTINUOUS
 10
12.36900
 20
140.87500
 30
 0
 11
14.36900
 21
140.87500
  0
LINE
  8
Bezugspunkte
 62
   1
 39
0.100
  6
CONTINUOUS
 10
13.36900
 20
139.87500
 30
 0
 11
13.36900
 21
141.87500
  0
LINE
  8
Bezugspunkte
 62
   1
 39
0.100
  6
CONTINUOUS
 10
17.17000
 20
135.72900
 30
 0
 11
19.17000
 21
135.72900
  0
LINE
  8
Bezugspunkte
 62
   1
 39
0.100
  6
CONTINUOUS
 10
18.17000
 20
134.72900
 30
 0
 11
18.17000
 21
136.72900
  0
LINE
  8
Bezugspunkte
 62
   1
 39
0.100
  6
CONTINUOUS
 10
17.17000
 20
159.48300
 30
 0
 11
19.17000
 21
159.48300
  0
LINE
  8
Bezugspunkte
 62
   1
 39
0.100
  6
CONTINUOUS
 10
18.17000
 20
158.48300
 30
 0
 11
18.17000
 21
160.48300
  0
LINE
  8
Bezugspunkte
 62
   1
 39
0.100
  6
CONTINUOUS
 10
24.00900
 20
149.09400
 30
 0
 11
26.00900
 21
149.09400
  0
LINE
  8
Bezugspunkte
 62
   1
 39
0.100
  6
CONTINUOUS
 10
25.00900
 20
148.09400
 30
 0
 11
25.00900
 21
150.09400
  0
LINE
  8
Bezugspunkte
 62
   1
 39
0.100
  6
CONTINUOUS
 10
199.77200
 20
110.81000
 30
 0
 11
201.77200
 21
110.81000
  0
LINE
  8
Bezugspunkte
 62
   1
 39
0.100
  6
CONTINUOUS
 10
200.77200
 20
109.81000
 30
 0
 11
200.77200
 21
111.81000
  0
LINE
  8
Bezugspunkte
 62
   1
 39
0.100
  6
CONTINUOUS
 10
205.94200
 20
110.85700
 30
 0
 11
207.94200
 21
110.85700
  0
LINE
  8
Bezugspunkte
 62
   1
 39
0.100
  6
CONTINUOUS
 10
206.94200
 20
109.85700
 30
 0
 11
206.94200
 21
111.85700
  0
LINE
  8
Bezugspunkte
 62
   1
 39
0.100
  6
CONTINUOUS
 10
256.09400
 20
26.87800
 30
 0
 11
258.09400
 21
26.87800
  0
LINE
  8
Bezugspunkte
 62
   1
 39
0.100
  6
CONTINUOUS
 10
257.09400
 20
25.87800
 30
 0
 11
257.09400
 21
27.87800
  0
LINE
  8
Bezugspunkte
 62
   1
 39
0.100
  6
CONTINUOUS
 10
122.90000
 20
102.50000
 30
 0
 11
124.90000
 21
102.50000
  0
LINE
  8
Bezugspunkte
 62
   1
 39
0.100
  6
CONTINUOUS
 10
123.90000
 20
101.50000
 30
 0
 11
123.90000
 21
103.50000
  0
LINE
  8
Bezugspunkte
 62
   1
 39
0.100
  6
CONTINUOUS
 10
123.40000
 20
82.50000
 30
 0
 11
125.40000
 21
82.50000
  0
LINE
  8
Bezugspunkte
 62
   1
 39
0.100
  6
CONTINUOUS
 10
124.40000
 20
81.50000
 30
 0
 11
124.40000
 21
83.50000
  0
LINE
  8
Bezugspunkte
 62
   1
 39
0.100
  6
CONTINUOUS
 10
104.40000
 20
82.50000
 30
 0
 11
106.40000
 21
82.50000
  0
LINE
  8
Bezugspunkte
 62
   1
 39
0.100
  6
CONTINUOUS
 10
105.40000
 20
81.50000
 30
 0
 11
105.40000
 21
83.50000
  0
LINE
  8
Bezugspunkte
 62
   1
 39
0.100
  6
CONTINUOUS
 10
106.90000
 20
91.50000
 30
 0
 11
108.90000
 21
91.50000
  0
LINE
  8
Bezugspunkte
 62
   1
 39
0.100
  6
CONTINUOUS
 10
107.90000
 20
90.50000
 30
 0
 11
107.90000
 21
92.50000
  0
LINE
  8
Bezugspunkte
 62
   1
 39
0.100
  6
CONTINUOUS
 10
113.90000
 20
98.50000
 30
 0
 11
115.90000
 21
98.50000
  0
LINE
  8
Bezugspunkte
 62
   1
 39
0.100
  6
CONTINUOUS
 10
114.90000
 20
97.50000
 30
 0
 11
114.90000
 21
99.50000
  0
LINE
  8
Bezugspunkte
 62
   1
 39
0.100
  6
CONTINUOUS
 10
106.90000
 20
73.00000
 30
 0
 11
108.90000
 21
73.00000
  0
LINE
  8
Bezugspunkte
 62
   1
 39
0.100
  6
CONTINUOUS
 10
107.90000
 20
72.00000
 30
 0
 11
107.90000
 21
74.00000
  0
LINE
  8
Bezugspunkte
 62
   1
 39
0.100
  6
CONTINUOUS
 10
139.40000
 20
73.00000
 30
 0
 11
141.40000
 21
73.00000
  0
LINE
  8
Bezugspunkte
 62
   1
 39
0.100
  6
CONTINUOUS
 10
140.40000
 20
72.00000
 30
 0
 11
140.40000
 21
74.00000
  0
LINE
  8
Bezugspunkte
 62
   1
 39
0.100
  6
CONTINUOUS
 10
141.90000
 20
82.50000
 30
 0
 11
143.90000
 21
82.50000
  0
LINE
  8
Bezugspunkte
 62
   1
 39
0.100
  6
CONTINUOUS
 10
142.90000
 20
81.50000
 30
 0
 11
142.90000
 21
83.50000
  0
LINE
  8
Bezugspunkte
 62
   1
 39
0.100
  6
CONTINUOUS
 10
139.40000
 20
91.50000
 30
 0
 11
141.40000
 21
91.50000
  0
LINE
  8
Bezugspunkte
 62
   1
 39
0.100
  6
CONTINUOUS
 10
140.40000
 20
90.50000
 30
 0
 11
140.40000
 21
92.50000
  0
LINE
  8
Bezugspunkte
 62
   1
 39
0.100
  6
CONTINUOUS
 10
132.40000
 20
98.50000
 30
 0
 11
134.40000
 21
98.50000
  0
LINE
  8
Bezugspunkte
 62
   1
 39
0.100
  6
CONTINUOUS
 10
133.40000
 20
97.50000
 30
 0
 11
133.40000
 21
99.50000
  0
LINE
  8
Bezugspunkte
 62
   1
 39
0.100
  6
CONTINUOUS
 10
123.40000
 20
83.50000
 30
 0
 11
125.40000
 21
83.50000
  0
LINE
  8
Bezugspunkte
 62
   1
 39
0.100
  6
CONTINUOUS
 10
124.40000
 20
82.50000
 30
 0
 11
124.40000
 21
84.50000
  0
LINE
  8
Bezugspunkte
 62
   1
 39
0.100
  6
CONTINUOUS
 10
123.40000
 20
84.50000
 30
 0
 11
125.40000
 21
84.50000
  0
LINE
  8
Bezugspunkte
 62
   1
 39
0.100
  6
CONTINUOUS
 10
124.40000
 20
83.50000
 30
 0
 11
124.40000
 21
85.50000
  0
LINE
  8
Bezugspunkte
 62
   1
 39
0.100
  6
CONTINUOUS
 10
123.15300
 20
86.28600
 30
 0
 11
125.15300
 21
86.28600
  0
LINE
  8
Bezugspunkte
 62
   1
 39
0.100
  6
CONTINUOUS
 10
124.15300
 20
85.28600
 30
 0
 11
124.15300
 21
87.28600
  0
LINE
  8
Bezugspunkte
 62
   1
 39
0.100
  6
CONTINUOUS
 10
173.10000
 20
102.50000
 30
 0
 11
175.10000
 21
102.50000
  0
LINE
  8
Bezugspunkte
 62
   1
 39
0.100
  6
CONTINUOUS
 10
174.10000
 20
101.50000
 30
 0
 11
174.10000
 21
103.50000
  0
LINE
  8
Bezugspunkte
 62
   1
 39
0.100
  6
CONTINUOUS
 10
173.10000
 20
82.50000
 30
 0
 11
175.10000
 21
82.50000
  0
LINE
  8
Bezugspunkte
 62
   1
 39
0.100
  6
CONTINUOUS
 10
174.10000
 20
81.50000
 30
 0
 11
174.10000
 21
83.50000
  0
LINE
  8
Bezugspunkte
 62
   1
 39
0.100
  6
CONTINUOUS
 10
154.60000
 20
82.50000
 30
 0
 11
156.60000
 21
82.50000
  0
LINE
  8
Bezugspunkte
 62
   1
 39
0.100
  6
CONTINUOUS
 10
155.60000
 20
81.50000
 30
 0
 11
155.60000
 21
83.50000
  0
LINE
  8
Bezugspunkte
 62
   1
 39
0.100
  6
CONTINUOUS
 10
157.10000
 20
91.50000
 30
 0
 11
159.10000
 21
91.50000
  0
LINE
  8
Bezugspunkte
 62
   1
 39
0.100
  6
CONTINUOUS
 10
158.10000
 20
90.50000
 30
 0
 11
158.10000
 21
92.50000
  0
LINE
  8
Bezugspunkte
 62
   1
 39
0.100
  6
CONTINUOUS
 10
163.60000
 20
98.50000
 30
 0
 11
165.60000
 21
98.50000
  0
LINE
  8
Bezugspunkte
 62
   1
 39
0.100
  6
CONTINUOUS
 10
164.60000
 20
97.50000
 30
 0
 11
164.60000
 21
99.50000
  0
LINE
  8
Bezugspunkte
 62
   1
 39
0.100
  6
CONTINUOUS
 10
157.10000
 20
73.00000
 30
 0
 11
159.10000
 21
73.00000
  0
LINE
  8
Bezugspunkte
 62
   1
 39
0.100
  6
CONTINUOUS
 10
158.10000
 20
72.00000
 30
 0
 11
158.10000
 21
74.00000
  0
LINE
  8
Bezugspunkte
 62
   1
 39
0.100
  6
CONTINUOUS
 10
189.10000
 20
73.00000
 30
 0
 11
191.10000
 21
73.00000
  0
LINE
  8
Bezugspunkte
 62
   1
 39
0.100
  6
CONTINUOUS
 10
190.10000
 20
72.00000
 30
 0
 11
190.10000
 21
74.00000
  0
LINE
  8
Bezugspunkte
 62
   1
 39
0.100
  6
CONTINUOUS
 10
191.60000
 20
82.50000
 30
 0
 11
193.60000
 21
82.50000
  0
LINE
  8
Bezugspunkte
 62
   1
 39
0.100
  6
CONTINUOUS
 10
192.60000
 20
81.50000
 30
 0
 11
192.60000
 21
83.50000
  0
LINE
  8
Bezugspunkte
 62
   1
 39
0.100
  6
CONTINUOUS
 10
189.10000
 20
91.50000
 30
 0
 11
191.10000
 21
91.50000
  0
LINE
  8
Bezugspunkte
 62
   1
 39
0.100
  6
CONTINUOUS
 10
190.10000
 20
90.50000
 30
 0
 11
190.10000
 21
92.50000
  0
LINE
  8
Bezugspunkte
 62
   1
 39
0.100
  6
CONTINUOUS
 10
182.10000
 20
98.50000
 30
 0
 11
184.10000
 21
98.50000
  0
LINE
  8
Bezugspunkte
 62
   1
 39
0.100
  6
CONTINUOUS
 10
183.10000
 20
97.50000
 30
 0
 11
183.10000
 21
99.50000
  0
LINE
  8
Bezugspunkte
 62
   1
 39
0.100
  6
CONTINUOUS
 10
173.10000
 20
83.50000
 30
 0
 11
175.10000
 21
83.50000
  0
LINE
  8
Bezugspunkte
 62
   1
 39
0.100
  6
CONTINUOUS
 10
174.10000
 20
82.50000
 30
 0
 11
174.10000
 21
84.50000
  0
LINE
  8
Bezugspunkte
 62
   1
 39
0.100
  6
CONTINUOUS
 10
173.10000
 20
84.50000
 30
 0
 11
175.10000
 21
84.50000
  0
LINE
  8
Bezugspunkte
 62
   1
 39
0.100
  6
CONTINUOUS
 10
174.10000
 20
83.50000
 30
 0
 11
174.10000
 21
85.50000
  0
LINE
  8
Bezugspunkte
 62
   1
 39
0.100
  6
CONTINUOUS
 10
173.10300
 20
86.28600
 30
 0
 11
175.10300
 21
86.28600
  0
LINE
  8
Bezugspunkte
 62
   1
 39
0.100
  6
CONTINUOUS
 10
174.10300
 20
85.28600
 30
 0
 11
174.10300
 21
87.28600
  0
LINE
  8
Bezugspunkte
 62
   1
 39
0.100
  6
CONTINUOUS
 10
222.80000
 20
102.50000
 30
 0
 11
224.80000
 21
102.50000
  0
LINE
  8
Bezugspunkte
 62
   1
 39
0.100
  6
CONTINUOUS
 10
223.80000
 20
101.50000
 30
 0
 11
223.80000
 21
103.50000
  0
LINE
  8
Bezugspunkte
 62
   1
 39
0.100
  6
CONTINUOUS
 10
223.30000
 20
82.50000
 30
 0
 11
225.30000
 21
82.50000
  0
LINE
  8
Bezugspunkte
 62
   1
 39
0.100
  6
CONTINUOUS
 10
224.30000
 20
81.50000
 30
 0
 11
224.30000
 21
83.50000
  0
LINE
  8
Bezugspunkte
 62
   1
 39
0.100
  6
CONTINUOUS
 10
204.30000
 20
82.50000
 30
 0
 11
206.30000
 21
82.50000
  0
LINE
  8
Bezugspunkte
 62
   1
 39
0.100
  6
CONTINUOUS
 10
205.30000
 20
81.50000
 30
 0
 11
205.30000
 21
83.50000
  0
LINE
  8
Bezugspunkte
 62
   1
 39
0.100
  6
CONTINUOUS
 10
206.80000
 20
91.50000
 30
 0
 11
208.80000
 21
91.50000
  0
LINE
  8
Bezugspunkte
 62
   1
 39
0.100
  6
CONTINUOUS
 10
207.80000
 20
90.50000
 30
 0
 11
207.80000
 21
92.50000
  0
LINE
  8
Bezugspunkte
 62
   1
 39
0.100
  6
CONTINUOUS
 10
213.80000
 20
98.50000
 30
 0
 11
215.80000
 21
98.50000
  0
LINE
  8
Bezugspunkte
 62
   1
 39
0.100
  6
CONTINUOUS
 10
214.80000
 20
97.50000
 30
 0
 11
214.80000
 21
99.50000
  0
LINE
  8
Bezugspunkte
 62
   1
 39
0.100
  6
CONTINUOUS
 10
206.80000
 20
73.00000
 30
 0
 11
208.80000
 21
73.00000
  0
LINE
  8
Bezugspunkte
 62
   1
 39
0.100
  6
CONTINUOUS
 10
207.80000
 20
72.00000
 30
 0
 11
207.80000
 21
74.00000
  0
LINE
  8
Bezugspunkte
 62
   1
 39
0.100
  6
CONTINUOUS
 10
239.30000
 20
73.00000
 30
 0
 11
241.30000
 21
73.00000
  0
LINE
  8
Bezugspunkte
 62
   1
 39
0.100
  6
CONTINUOUS
 10
240.30000
 20
72.00000
 30
 0
 11
240.30000
 21
74.00000
  0
LINE
  8
Bezugspunkte
 62
   1
 39
0.100
  6
CONTINUOUS
 10
241.80000
 20
82.50000
 30
 0
 11
243.80000
 21
82.50000
  0
LINE
  8
Bezugspunkte
 62
   1
 39
0.100
  6
CONTINUOUS
 10
242.80000
 20
81.50000
 30
 0
 11
242.80000
 21
83.50000
  0
LINE
  8
Bezugspunkte
 62
   1
 39
0.100
  6
CONTINUOUS
 10
239.30000
 20
91.50000
 30
 0
 11
241.30000
 21
91.50000
  0
LINE
  8
Bezugspunkte
 62
   1
 39
0.100
  6
CONTINUOUS
 10
240.30000
 20
90.50000
 30
 0
 11
240.30000
 21
92.50000
  0
LINE
  8
Bezugspunkte
 62
   1
 39
0.100
  6
CONTINUOUS
 10
232.30000
 20
98.50000
 30
 0
 11
234.30000
 21
98.50000
  0
LINE
  8
Bezugspunkte
 62
   1
 39
0.100
  6
CONTINUOUS
 10
233.30000
 20
97.50000
 30
 0
 11
233.30000
 21
99.50000
  0
LINE
  8
Bezugspunkte
 62
   1
 39
0.100
  6
CONTINUOUS
 10
223.30000
 20
83.50000
 30
 0
 11
225.30000
 21
83.50000
  0
LINE
  8
Bezugspunkte
 62
   1
 39
0.100
  6
CONTINUOUS
 10
224.30000
 20
82.50000
 30
 0
 11
224.30000
 21
84.50000
  0
LINE
  8
Bezugspunkte
 62
   1
 39
0.100
  6
CONTINUOUS
 10
223.30000
 20
84.50000
 30
 0
 11
225.30000
 21
84.50000
  0
LINE
  8
Bezugspunkte
 62
   1
 39
0.100
  6
CONTINUOUS
 10
224.30000
 20
83.50000
 30
 0
 11
224.30000
 21
85.50000
  0
LINE
  8
Bezugspunkte
 62
   1
 39
0.100
  6
CONTINUOUS
 10
223.05300
 20
86.28600
 30
 0
 11
225.05300
 21
86.28600
  0
LINE
  8
Bezugspunkte
 62
   1
 39
0.100
  6
CONTINUOUS
 10
224.05300
 20
85.28600
 30
 0
 11
224.05300
 21
87.28600
  0
LINE
  8
Bezugspunkte
 62
   1
 39
0.100
  6
CONTINUOUS
 10
273.00000
 20
102.50000
 30
 0
 11
275.00000
 21
102.50000
  0
LINE
  8
Bezugspunkte
 62
   1
 39
0.100
  6
CONTINUOUS
 10
274.00000
 20
101.50000
 30
 0
 11
274.00000
 21
103.50000
  0
LINE
  8
Bezugspunkte
 62
   1
 39
0.100
  6
CONTINUOUS
 10
273.00000
 20
82.50000
 30
 0
 11
275.00000
 21
82.50000
  0
LINE
  8
Bezugspunkte
 62
   1
 39
0.100
  6
CONTINUOUS
 10
274.00000
 20
81.50000
 30
 0
 11
274.00000
 21
83.50000
  0
LINE
  8
Bezugspunkte
 62
   1
 39
0.100
  6
CONTINUOUS
 10
254.50000
 20
82.50000
 30
 0
 11
256.50000
 21
82.50000
  0
LINE
  8
Bezugspunkte
 62
   1
 39
0.100
  6
CONTINUOUS
 10
255.50000
 20
81.50000
 30
 0
 11
255.50000
 21
83.50000
  0
LINE
  8
Bezugspunkte
 62
   1
 39
0.100
  6
CONTINUOUS
 10
257.00000
 20
91.50000
 30
 0
 11
259.00000
 21
91.50000
  0
LINE
  8
Bezugspunkte
 62
   1
 39
0.100
  6
CONTINUOUS
 10
258.00000
 20
90.50000
 30
 0
 11
258.00000
 21
92.50000
  0
LINE
  8
Bezugspunkte
 62
   1
 39
0.100
  6
CONTINUOUS
 10
263.50000
 20
98.50000
 30
 0
 11
265.50000
 21
98.50000
  0
LINE
  8
Bezugspunkte
 62
   1
 39
0.100
  6
CONTINUOUS
 10
264.50000
 20
97.50000
 30
 0
 11
264.50000
 21
99.50000
  0
LINE
  8
Bezugspunkte
 62
   1
 39
0.100
  6
CONTINUOUS
 10
257.00000
 20
73.00000
 30
 0
 11
259.00000
 21
73.00000
  0
LINE
  8
Bezugspunkte
 62
   1
 39
0.100
  6
CONTINUOUS
 10
258.00000
 20
72.00000
 30
 0
 11
258.00000
 21
74.00000
  0
LINE
  8
Bezugspunkte
 62
   1
 39
0.100
  6
CONTINUOUS
 10
289.00000
 20
73.00000
 30
 0
 11
291.00000
 21
73.00000
  0
LINE
  8
Bezugspunkte
 62
   1
 39
0.100
  6
CONTINUOUS
 10
290.00000
 20
72.00000
 30
 0
 11
290.00000
 21
74.00000
  0
LINE
  8
Bezugspunkte
 62
   1
 39
0.100
  6
CONTINUOUS
 10
291.50000
 20
82.50000
 30
 0
 11
293.50000
 21
82.50000
  0
LINE
  8
Bezugspunkte
 62
   1
 39
0.100
  6
CONTINUOUS
 10
292.50000
 20
81.50000
 30
 0
 11
292.50000
 21
83.50000
  0
LINE
  8
Bezugspunkte
 62
   1
 39
0.100
  6
CONTINUOUS
 10
289.00000
 20
91.50000
 30
 0
 11
291.00000
 21
91.50000
  0
LINE
  8
Bezugspunkte
 62
   1
 39
0.100
  6
CONTINUOUS
 10
290.00000
 20
90.50000
 30
 0
 11
290.00000
 21
92.50000
  0
LINE
  8
Bezugspunkte
 62
   1
 39
0.100
  6
CONTINUOUS
 10
282.50000
 20
98.50000
 30
 0
 11
284.50000
 21
98.50000
  0
LINE
  8
Bezugspunkte
 62
   1
 39
0.100
  6
CONTINUOUS
 10
283.50000
 20
97.50000
 30
 0
 11
283.50000
 21
99.50000
  0
LINE
  8
Bezugspunkte
 62
   1
 39
0.100
  6
CONTINUOUS
 10
273.00000
 20
83.50000
 30
 0
 11
275.00000
 21
83.50000
  0
LINE
  8
Bezugspunkte
 62
   1
 39
0.100
  6
CONTINUOUS
 10
274.00000
 20
82.50000
 30
 0
 11
274.00000
 21
84.50000
  0
LINE
  8
Bezugspunkte
 62
   1
 39
0.100
  6
CONTINUOUS
 10
273.00000
 20
84.50000
 30
 0
 11
275.00000
 21
84.50000
  0
LINE
  8
Bezugspunkte
 62
   1
 39
0.100
  6
CONTINUOUS
 10
274.00000
 20
83.50000
 30
 0
 11
274.00000
 21
85.50000
  0
LINE
  8
Bezugspunkte
 62
   1
 39
0.100
  6
CONTINUOUS
 10
273.00300
 20
86.28600
 30
 0
 11
275.00300
 21
86.28600
  0
LINE
  8
Bezugspunkte
 62
   1
 39
0.100
  6
CONTINUOUS
 10
274.00300
 20
85.28600
 30
 0
 11
274.00300
 21
87.28600
  0
LINE
  8
Bezugspunkte
 62
   1
 39
0.100
  6
CONTINUOUS
 10
73.20000
 20
102.25000
 30
 0
 11
75.20000
 21
102.25000
  0
LINE
  8
Bezugspunkte
 62
   1
 39
0.100
  6
CONTINUOUS
 10
74.20000
 20
101.25000
 30
 0
 11
74.20000
 21
103.25000
  0
LINE
  8
Bezugspunkte
 62
   1
 39
0.100
  6
CONTINUOUS
 10
73.20000
 20
82.25000
 30
 0
 11
75.20000
 21
82.25000
  0
LINE
  8
Bezugspunkte
 62
   1
 39
0.100
  6
CONTINUOUS
 10
74.20000
 20
81.25000
 30
 0
 11
74.20000
 21
83.25000
  0
LINE
  8
Bezugspunkte
 62
   1
 39
0.100
  6
CONTINUOUS
 10
54.70000
 20
82.25000
 30
 0
 11
56.70000
 21
82.25000
  0
LINE
  8
Bezugspunkte
 62
   1
 39
0.100
  6
CONTINUOUS
 10
55.70000
 20
81.25000
 30
 0
 11
55.70000
 21
83.25000
  0
LINE
  8
Bezugspunkte
 62
   1
 39
0.100
  6
CONTINUOUS
 10
57.20000
 20
91.75000
 30
 0
 11
59.20000
 21
91.75000
  0
LINE
  8
Bezugspunkte
 62
   1
 39
0.100
  6
CONTINUOUS
 10
58.20000
 20
90.75000
 30
 0
 11
58.20000
 21
92.75000
  0
LINE
  8
Bezugspunkte
 62
   1
 39
0.100
  6
CONTINUOUS
 10
64.20000
 20
98.75000
 30
 0
 11
66.20000
 21
98.75000
  0
LINE
  8
Bezugspunkte
 62
   1
 39
0.100
  6
CONTINUOUS
 10
65.20000
 20
97.75000
 30
 0
 11
65.20000
 21
99.75000
  0
LINE
  8
Bezugspunkte
 62
   1
 39
0.100
  6
CONTINUOUS
 10
57.20000
 20
73.25000
 30
 0
 11
59.20000
 21
73.25000
  0
LINE
  8
Bezugspunkte
 62
   1
 39
0.100
  6
CONTINUOUS
 10
58.20000
 20
72.25000
 30
 0
 11
58.20000
 21
74.25000
  0
LINE
  8
Bezugspunkte
 62
   1
 39
0.100
  6
CONTINUOUS
 10
89.20000
 20
73.25000
 30
 0
 11
91.20000
 21
73.25000
  0
LINE
  8
Bezugspunkte
 62
   1
 39
0.100
  6
CONTINUOUS
 10
90.20000
 20
72.25000
 30
 0
 11
90.20000
 21
74.25000
  0
LINE
  8
Bezugspunkte
 62
   1
 39
0.100
  6
CONTINUOUS
 10
91.70000
 20
82.25000
 30
 0
 11
93.70000
 21
82.25000
  0
LINE
  8
Bezugspunkte
 62
   1
 39
0.100
  6
CONTINUOUS
 10
92.70000
 20
81.25000
 30
 0
 11
92.70000
 21
83.25000
  0
LINE
  8
Bezugspunkte
 62
   1
 39
0.100
  6
CONTINUOUS
 10
89.20000
 20
91.75000
 30
 0
 11
91.20000
 21
91.75000
  0
LINE
  8
Bezugspunkte
 62
   1
 39
0.100
  6
CONTINUOUS
 10
90.20000
 20
90.75000
 30
 0
 11
90.20000
 21
92.75000
  0
LINE
  8
Bezugspunkte
 62
   1
 39
0.100
  6
CONTINUOUS
 10
82.70000
 20
98.75000
 30
 0
 11
84.70000
 21
98.75000
  0
LINE
  8
Bezugspunkte
 62
   1
 39
0.100
  6
CONTINUOUS
 10
83.70000
 20
97.75000
 30
 0
 11
83.70000
 21
99.75000
  0
LINE
  8
Bezugspunkte
 62
   1
 39
0.100
  6
CONTINUOUS
 10
73.20000
 20
83.75000
 30
 0
 11
75.20000
 21
83.75000
  0
LINE
  8
Bezugspunkte
 62
   1
 39
0.100
  6
CONTINUOUS
 10
74.20000
 20
82.75000
 30
 0
 11
74.20000
 21
84.75000
  0
LINE
  8
Bezugspunkte
 62
   1
 39
0.100
  6
CONTINUOUS
 10
73.20000
 20
84.75000
 30
 0
 11
75.20000
 21
84.75000
  0
LINE
  8
Bezugspunkte
 62
   1
 39
0.100
  6
CONTINUOUS
 10
74.20000
 20
83.75000
 30
 0
 11
74.20000
 21
85.75000
  0
LINE
  8
Bezugspunkte
 62
   1
 39
0.100
  6
CONTINUOUS
 10
202.13800
 20
162.10500
 30
 0
 11
204.13800
 21
162.10500
  0
LINE
  8
Bezugspunkte
 62
   1
 39
0.100
  6
CONTINUOUS
 10
203.13800
 20
161.10500
 30
 0
 11
203.13800
 21
163.10500
  0
LINE
  8
Bezugspunkte
 62
   1
 39
0.100
  6
CONTINUOUS
 10
58.77600
 20
145.89500
 30
 0
 11
60.77600
 21
145.89500
  0
LINE
  8
Bezugspunkte
 62
   1
 39
0.100
  6
CONTINUOUS
 10
59.77600
 20
144.89500
 30
 0
 11
59.77600
 21
146.89500
  0
LINE
  8
Bezugspunkte
 62
   1
 39
0.100
  6
CONTINUOUS
 10
23.50000
 20
102.50000
 30
 0
 11
25.50000
 21
102.50000
  0
LINE
  8
Bezugspunkte
 62
   1
 39
0.100
  6
CONTINUOUS
 10
24.50000
 20
101.50000
 30
 0
 11
24.50000
 21
103.50000
  0
LINE
  8
Bezugspunkte
 62
   1
 39
0.100
  6
CONTINUOUS
 10
23.50000
 20
82.50000
 30
 0
 11
25.50000
 21
82.50000
  0
LINE
  8
Bezugspunkte
 62
   1
 39
0.100
  6
CONTINUOUS
 10
24.50000
 20
81.50000
 30
 0
 11
24.50000
 21
83.50000
  0
LINE
  8
Bezugspunkte
 62
   1
 39
0.100
  6
CONTINUOUS
 10
5.00000
 20
82.50000
 30
 0
 11
7.00000
 21
82.50000
  0
LINE
  8
Bezugspunkte
 62
   1
 39
0.100
  6
CONTINUOUS
 10
6.00000
 20
81.50000
 30
 0
 11
6.00000
 21
83.50000
  0
LINE
  8
Bezugspunkte
 62
   1
 39
0.100
  6
CONTINUOUS
 10
7.50000
 20
92.00000
 30
 0
 11
9.50000
 21
92.00000
  0
LINE
  8
Bezugspunkte
 62
   1
 39
0.100
  6
CONTINUOUS
 10
8.50000
 20
91.00000
 30
 0
 11
8.50000
 21
93.00000
  0
LINE
  8
Bezugspunkte
 62
   1
 39
0.100
  6
CONTINUOUS
 10
14.00000
 20
98.50000
 30
 0
 11
16.00000
 21
98.50000
  0
LINE
  8
Bezugspunkte
 62
   1
 39
0.100
  6
CONTINUOUS
 10
15.00000
 20
97.50000
 30
 0
 11
15.00000
 21
99.50000
  0
LINE
  8
Bezugspunkte
 62
   1
 39
0.100
  6
CONTINUOUS
 10
7.50000
 20
73.50000
 30
 0
 11
9.50000
 21
73.50000
  0
LINE
  8
Bezugspunkte
 62
   1
 39
0.100
  6
CONTINUOUS
 10
8.50000
 20
72.50000
 30
 0
 11
8.50000
 21
74.50000
  0
LINE
  8
Bezugspunkte
 62
   1
 39
0.100
  6
CONTINUOUS
 10
39.50000
 20
73.50000
 30
 0
 11
41.50000
 21
73.50000
  0
LINE
  8
Bezugspunkte
 62
   1
 39
0.100
  6
CONTINUOUS
 10
40.50000
 20
72.50000
 30
 0
 11
40.50000
 21
74.50000
  0
LINE
  8
Bezugspunkte
 62
   1
 39
0.100
  6
CONTINUOUS
 10
42.00000
 20
82.50000
 30
 0
 11
44.00000
 21
82.50000
  0
LINE
  8
Bezugspunkte
 62
   1
 39
0.100
  6
CONTINUOUS
 10
43.00000
 20
81.50000
 30
 0
 11
43.00000
 21
83.50000
  0
LINE
  8
Bezugspunkte
 62
   1
 39
0.100
  6
CONTINUOUS
 10
39.50000
 20
92.00000
 30
 0
 11
41.50000
 21
92.00000
  0
LINE
  8
Bezugspunkte
 62
   1
 39
0.100
  6
CONTINUOUS
 10
40.50000
 20
91.00000
 30
 0
 11
40.50000
 21
93.00000
  0
LINE
  8
Bezugspunkte
 62
   1
 39
0.100
  6
CONTINUOUS
 10
32.50000
 20
98.50000
 30
 0
 11
34.50000
 21
98.50000
  0
LINE
  8
Bezugspunkte
 62
   1
 39
0.100
  6
CONTINUOUS
 10
33.50000
 20
97.50000
 30
 0
 11
33.50000
 21
99.50000
  0
LINE
  8
Bezugspunkte
 62
   1
 39
0.100
  6
CONTINUOUS
 10
23.50000
 20
83.50000
 30
 0
 11
25.50000
 21
83.50000
  0
LINE
  8
Bezugspunkte
 62
   1
 39
0.100
  6
CONTINUOUS
 10
24.50000
 20
82.50000
 30
 0
 11
24.50000
 21
84.50000
  0
LINE
  8
Bezugspunkte
 62
   1
 39
0.100
  6
CONTINUOUS
 10
23.50000
 20
84.50000
 30
 0
 11
25.50000
 21
84.50000
  0
LINE
  8
Bezugspunkte
 62
   1
 39
0.100
  6
CONTINUOUS
 10
24.50000
 20
83.50000
 30
 0
 11
24.50000
 21
85.50000
  0
LINE
  8
Bezugspunkte
 62
   1
 39
0.100
  6
CONTINUOUS
 10
218.96300
 20
7.44300
 30
 0
 11
220.96300
 21
7.44300
  0
LINE
  8
Bezugspunkte
 62
   1
 39
0.100
  6
CONTINUOUS
 10
219.96300
 20
6.44300
 30
 0
 11
219.96300
 21
8.44300
  0
ENDSEC
  0
EOF
