:100000000C9449010C9474010C9474010C947401C7
:100010000C9474010C9474010C9474010C9474018C
:100020000C9474010C9474010C9474010C9474017C
:100030000C9474010C943F3B0C9474010C94740167
:100040000C9474010C9474010C945A480C9474012F
:100050000C94454A0C94DB4A0C9474010C94740182
:100060000C9474010C9474010C9444400C9474012D
:100070000C947E4A0C94284B0C9474010C947401DB
:100080000C9474010C9474010C9474014D093E0994
:100090003E096309410950094109440953096309AB
:1000A000630947095609470947095C094A0959097B
:1000B00063095F095F095F096309630963096309EC
:1000C00062093D362E362E3683363136403631368D
:1000D0003436433683368336373646363736373608
:1000E0004C363A36493683364F364F364F3683369E
:1000F00083368336833652367136673667368336B3
:100100006936733669366B367536833683366D36A7
:1001100077366D366D367B366F36793683367D367B
:100120007D367D368336833683368336823620426B
:10013000440020534400204C5400204D54002048DB
:10014000540020524D0020435000204342002043E1
:100150005900204F4800204348005043320041439B
:1001600043004558540054523100545232002D334C
:10017000002D32002D31002B30002B31002B3200AE
:100180002B33002B34002043004323002044004441
:100190002300204500204600462300204700472337
:1001A000002041004123002042004D535400534C95
:1001B000560053594E0046524500AA01AE01B60101
:1001C000B2012E01320136013A013E0142014601DF
:1001D0004A014E01520156015A015E016201660157
:1001E0006A016E017101740177017A017D0180015C
:1001F0008301860189018C018F019201950198018B
:100200009B019E01A101A401A7010000210024007F
:1002100027002A0000002200250028002B000000F3
:10022000200023002600290002020202020202022C
:100230000404040404040404030303030303030386
:1002400001010101010101010102040810204080A7
:1002500001020408102040800102040810204080A0
:10026000010204081020408000000001020008097B
:10027000000000000403070600000000000000006A
:1002800000000000000000005A0EDC3EF743A34CC3
:10029000FC4311241FBECFEFD0E4DEBFCDBF13E07F
:1002A000A0E0B1E0E8ECFFE900E00BBF02C007907E
:1002B0000D92A63EB107D9F71BBE14E2A6EEB3E03D
:1002C00001C01D92A43DB107E1F712E0C0E9D2E000
:1002D00004C02297FE010E949C4FC838D107C9F77D
:1002E0000E94394D0C94D74F0C940000A0E0B0E070
:1002F000ECE7F1E00C94A84FEC01A880B980CA802B
:10030000DB80A114B104C104D10441F484E2A82E1D
:1003100089EDB82E8BE5C82E87E0D82EC601B50131
:100320002DE133EF41E050E00E947F4F27EA31E4B6
:1003300040E050E00E940B4F7B018C01C601B501EB
:100340002DE133EF41E050E00E947F4FCA01B90137
:100350002CEE34EF4FEF5FEF0E940B4F6E0D7F1DC1
:10036000801F911F97FF04C06150704080409048EB
:10037000688379838A839B839B01AC015F77B90192
:10038000CA01CDB7DEB7EAE00C94C44F0E947601F3
:1003900008958FE792E00E947601089560937F02AE
:1003A0007093800280938102909382020895FB01F2
:1003B000DC0105900D920020E1F70895FC01148204
:1003C000138290E0672B09F091E090838181981768
:1003D00079F08281882319F4913009F49383928112
:1003E000913021F48081882309F494838081828371
:1003F000808181830895AF92BF92CF92DF92EF9276
:10040000FF920F931F93482F9091E70380E0209174
:10041000E60330E0282B392B442321F0413009F04A
:1004200056C056C040919C1E50919D1EE9EFF3E0CE
:1004300060E070E081E0E82EF12C012D112D138297
:10044000C901062E02C0969587950A94E2F7982F67
:10045000917090838181981761F18281882349F599
:10046000913039F5938386818F5F8683813019F0CF
:100470008230F9F40DC057016801062E04C0AA0CA1
:10048000BB1CCC1CDD1C0A94D2F74A295B2911C085
:10049000168257016801062E04C0AA0CBB1CCC1C96
:1004A000DD1C0A94D2F7D601C501809590954823AA
:1004B0005923808181836F5F7F4F3B966031710547
:1004C00009F0BDCF40939C1E50939D1E02C002C0F8
:1004D000A901CA011F910F91FF90EF90DF90CF907B
:1004E000BF90AF9008952F923F924F925F926F927C
:1004F0007F928F929F92AF92BF92CF92DF92EF92B4
:10050000FF920F931F93DF93CF9300D000D000D0C2
:10051000CDB7DEB7BC019091E70380E02091E60300
:10052000222E3324282A392A009199060983402F44
:1005300050E01091DC151E83E9EFF3E09A01A4E08E
:10054000220F331FAA95E1F73D832C838091DB15A1
:1005500090E029E035E0DC01A29FC001A39F900D4F
:10056000B29F900D11240C811D81080F191F0B5F84
:10057000184F1D830C832801380148015801CC24F1
:10058000DD2491E0E92EF12C012D112D9A01275146
:100590003D4F3B832A8347505D4F3C2D1382C10161
:1005A0000C2C02C0969587950A94E2F7282F2170AB
:1005B00020838181281709F48EC08281882309F065
:1005C00088C0213009F085C0238389818C3031F0C7
:1005D0008E3021F08F3011F08D30A1F5CB01032E3C
:1005E00002C0969587950A94E2F780FF03C092E0D7
:1005F000968302C0A1E0A6838681813021F08230FB
:1006000009F065C010C0D801C70104C0880F991F48
:10061000AA1FBB1F3A95D2F7682B792BAA81BB8101
:100620008C91D2013DC01682D801C70104C0880F49
:10063000991FAA1FBB1F3A95D2F780959095682302
:10064000792345C0CB010C2C02C0969587950A945E
:10065000E2F780FF0AC0D5019C91DA018C918917DD
:1006600018F4B3E0B68302C022E02683868182308C
:1006700099F08330C9F0813051F5D801C70104C029
:10068000880F991FAA1FBB1F3A95D2F7682B792BA9
:10069000DA018C91D30104C0AA81BB818C91D40171
:1006A0008C93B1E0BE8315C01682D801C70104C087
:1006B000880F991FAA1FBB1F3A95D2F78095909576
:1006C00068237923DA018C91AC81BD81E9CF21E0E7
:1006D0002E83808181830894C11CD11C3B96089491
:1006E000411C511C0894611C711C0894811C911CB4
:1006F0008C819D8101969D838C830894A11CB11CE3
:1007000090E1C916D10409F048CFAE81A093DC1561
:10071000CB0126960FB6F894DEBF0FBECDBFCF91AA
:10072000DF911F910F91FF90EF90DF90CF90BF90DE
:10073000AF909F908F907F906F905F904F903F9081
:100740002F900895BF92CF92DF92EF92FF920F9376
:100750001F93CF93DF939091E70380E02091E6030E
:10076000C22EDD24C82AD92A2091BE054091051643
:1007700050910616C9EAD4E060E070E0B1E0EB2EDB
:10078000F12C012D112DBB24B3941B82C601062E22
:1007900002C0969587950A94E2F7982F91709883F6
:1007A0008981981709F444C08A81882309F040C0E0
:1007B0009130F1F59B838E818F5F8E832223B9F078
:1007C000D801C701062E04C0880F991FAA1FBB1F9E
:1007D0000A94D2F7AC0140955095EFEAF4E0B0826C
:1007E0003B9685E0EF35F807D1F71E8221C08130B6
:1007F00019F08230E9F40DC0D801C701062E04C0FB
:10080000880F991FAA1FBB1F0A94D2F7482B592B98
:100810000FC01E82D801C701062E04C0880F991F81
:10082000AA1FBB1F0A94D2F780959095482359239D
:10083000888189836F5F7F4F2B966031710509F046
:10084000A4CF5093061640930516DF91CF911F91C8
:100850000F91FF90EF90DF90CF90BF90089581E0CF
:100860000E94FB01AC0190939B1E80939A1E20E096
:1008700030E0CA01022E02C0969587950A94E2F7ED
:1008800080FF02C0822F08952F5F3F4F2031310536
:1008900081F7089581E00E94FB01AC019093991EBD
:1008A0008093981E60E020E030E0CA01022E02C072
:1008B000969587950A94E2F780FF05C0613011F4A0
:1008C000822F089561E02F5F3F4F2031310569F796
:1008D00080E00895F82FE92F50911C1E30911D1EC5
:1008E00020919E1E222381F0213051F48DB38093FC
:1008F000A01E9DB380919F1E809589238DBB04C04F
:100900008FB7F8948093A01E5CBD3DBD2C98EEBDC2
:1009100000000DB407FEFDCF8EB5FEBD00000DB486
:1009200007FEFDCF8EB57EBD00000DB407FEFDCFE6
:100930008EB56EBD00000DB407FEFDCF8EB54EBD69
:1009400000000DB407FEFDCF8EB52C9A222339F09E
:100950008091A01E213011F48DBB08958FBF0895A2
:10096000AC015F7060911C1E30911D1E20919E1E77
:10097000222381F0213051F48DB38093A01E9DB3CA
:1009800080919F1E809589238DBB04C08FB7F894FA
:100990008093A01E6CBD3DBD2B985EBD00000DB4C4
:1009A00007FEFDCF8EB54EBD00000DB407FEFDCF96
:1009B0008EB52B9A222339F08091A01E213011F49C
:1009C0008DBB08958FBF089540911C1E30911D1E50
:1009D00020919E1E222381F0213051F48DB380930B
:1009E000A01E9DB380919F1E809589238DBB04C05E
:1009F0008FB7F8948093A01E4CBD3DBD2B981EBCB4
:100A000000000DB407FEFDCF8EB51EBC00000DB476
:100A100007FEFDCF8EB52B9A222339F08091A01EC0
:100A2000213011F48DBB08958FBF089540911C1E95
:100A300030911D1E20919E1E222381F0213051F401
:100A40008DB38093A01E9DB380919F1E80958923B6
:100A50008DBB04C08FB7F8948093A01E4CBD3DBDE4
:100A60005C9A1EBC00000DB407FEFDCF8EB51EBC07
:100A700000000DB407FEFDCF8EB51EBC00000DB406
:100A800007FEFDCF8EB580933F1E1EBC00000DB447
:100A900007FEFDCF8EB51EBC00000DB407FEFDCFD6
:100AA0008EB58093401E5C98222339F08091A01E61
:100AB000213011F48DBB08958FBF08956F927F92FE
:100AC0008F929F92AF92BF92CF92DF92EF92FF925E
:100AD0000F931F93CF93DF934091BE0540935A0627
:100AE00000914006009359063091370630935B061B
:100AF0009091B30590935C062091870520935D0645
:100B00008091DF0580935E061091960650E0602F7D
:100B100070E0E32FF0E0A92FB0E0C82FD0E030E084
:100B2000112351F0440F551F660F771F660F771F73
:100B3000842F862B80680EC080919302879588272A
:100B40008795440F551F842B8160660F771F660FB2
:100B5000771F862B43E0EE0FFF1F4A95E1F78E2BA0
:100B600094E0AA0FBB1F9A95E1F78A2BB5E0CC0F52
:100B7000DD1FBA95E1F78C2BA6E0220F331FAA9553
:100B8000E1F7822B80934A06A091C702B091C80278
:100B9000A130B10519F45091930204C050E01097B0
:100BA00009F451E050934E06A330B10519F4409179
:100BB000930205C040E0A230B10509F441E0409342
:100BC0005206A430B10519F46091930205C08091DA
:100BD0009205811181E0682F6093530680911A1E5F
:100BE000882321F081E080934F0606C08091EA05BA
:100BF00080934F068091F5058093500620919D05C6
:100C00002093540681E090E000908B0502C0880F8D
:100C1000991F0A94E2F7782F80935F0680918005F0
:100C200080935506A330B10541F4809199068D302B
:100C300021F4809193028093550630910B063093F6
:100C40005606002331F0809199068C3011F481E032
:100C50000EC08091DF15882341F48091131E8823F4
:100C600021F480917006882329F08091930280936B
:100C7000600602C010926006A530B10521F481E043
:100C80008093570602C01092570680916F06882302
:100C900019F08091930202C08091A80580935806B4
:100CA00080914F06E82EFF24F6E0EE0CFF1CFA952B
:100CB000E1F78091500690E09695982F88279795B8
:100CC0008795E82AF92A8091510690E0E82AF92AC6
:100CD0009091600680E0E82AF92A922F990F990FE7
:100CE000990F80E0E82AF92A20915506922F9295D3
:100CF000907F80E0E82AF92A932F9295990F907EB1
:100D000080E0E82AF92A20915706922F9295990FB0
:100D1000990F907C80E0E82AF92A20915806922FBA
:100D200097959927979580E0E82AF92A872F90E0F0
:100D3000880F991FE82AF92A852F90E025E0880F6F
:100D4000991F2A95E1F7E82AF92A942F990F80E054
:100D5000E82AF92A962F990F990F80E0E82AF92AB4
:100D6000F0924C06E0924B0680919906C82FD0E095
:100D700041E050E0CA010C2E02C0880F991F0A946E
:100D8000E2F79093620680936106A230B10509F400
:100D900076C0A330B1053CF4109789F0A130B105BD
:100DA00009F035C22EC0A430B10509F41DC2A4302B
:100DB000B1050CF409C1159709F029C21AC2112313
:100DC000A9F0FE01EC56FD4F8081CE58D94F288105
:100DD00090E002C0880F991F2A95E2F700900C1E40
:100DE00002C0440F551F0A94E2F7CDC080919302D0
:100DF00090E000900C1E02C0880F991F0A94E2F741
:100E000002C2332341F000909A0602C0AA0FBB1F12
:100E10000A94E2F70BC08091D405882361F000901A
:100E20000C1E02C0AA0FBB1F0A94E2F7B09345063E
:100E3000A0934406ECC130919B061123B1F0FE0152
:100E4000EC56FD4F8081CE58D94F288190E002C0EA
:100E5000880F991F2A95E2F73F7002C0AA0FBB1FA7
:100E60003A95E2F78A279B27CEC18091930290E0C2
:100E70003F7002C0880F991F3A95E2F7C4C133232F
:100E800009F07AC11123A1F48091E115682F70E077
:100E90008091E215482F50E04F705070E0E0F0E094
:100EA00020E030E081E0A82EB12CC12CD12C6EC006
:100EB0009091E115992309F44EC08091E215482FD5
:100EC00050E04F70507060E070E020E030E0E92FBB
:100ED000F0E001E0A02EB12CC12CD12C10C0C90132
:100EE000840F951F3501460104C0660C771C881CD1
:100EF000991C8A95D2F7662977292F5F3F4FE21711
:100F0000F3076CF780919302FE01EC56FD4FE081F0
:100F1000CE58D94F288140E050E0882311F441E0B9
:100F200050E080919C068F7002C0440F551F8A9537
:100F3000E2F740955095642375238E2F90E002C010
:100F4000880F991F2A95E2F768277927709345063D
:100F5000609344065CC140919302FE01EC56FD4F44
:100F60008081CE58D94F288190E002C0880F991F08
:100F70002A95E2F750E020919C062F7002C0440FA2
:100F8000551F2A95E2F7842795273DC1C901840F93
:100F9000951F3501460104C0660C771C881C991CFE
:100FA0008A95D2F7E629F7292F5F3F4F621773071B
:100FB0006CF78091930220E030E0882311F421E067
:100FC00030E080919C0601C1002379F020916306F6
:100FD000283008F0A2C085759D7D909345068093CA
:100FE00044062F5F2093630612C1112309F4AEC09B
:100FF0002091DB1530E0FE01E750FD4F9080FE01AF
:1010000014E0EE0FFF1F1A95E1F789E095E0AC01BF
:10101000249FC001259F900D349F900D1124E80F4F
:10102000F91FEB5FF84F20E030E060E070E040E057
:1010300050E08E01000F111FA1E0AA2EB12CC12C8F
:10104000D12C080F191F0B53194F80819816C0F42B
:10105000D8018D919C91022E02C0969587950A9495
:10106000E2F780FF25C0D601C501022E04C0880F1B
:10107000991FAA1FBB1F0A94D2F7482B592B28C0CF
:10108000D8018D919C91022E02C0969587950A9465
:10109000E2F780FF0DC0D601C501022E04C0880F03
:1010A000991FAA1FBB1F0A94D2F7682B792B10C077
:1010B000D601C501022E04C0880F991FAA1FBB1FAD
:1010C0000A94D2F780959095482359236823792371
:1010D0002F5F3F4F31962031310509F0B6CF609335
:1010E0004806709349064093460650934706309150
:1010F0006306DE01AC56BD4FFE01EE58F94F3830A5
:1011000098F08C91208190E002C0880F991F2A9559
:10111000E2F786279727842B952B9093450680939B
:1011200044061092630673C08C91208190E002C047
:10113000880F991F2A95E2F78427952790934506F3
:10114000809344063F5F3093630661C03323A1F46C
:101150008091E115682F70E08091E215482F50E0F2
:101160004F705070E0E0F0E020E030E011E0A12EA0
:10117000B12CC12CD12C0CC000909A0602C0440F97
:10118000551F0A94E2F750934506409344063FC02A
:10119000C901840F951F3501460104C0660C771CF8
:1011A000881C991C8A95D2F7E629F7292F5F3F4FB3
:1011B000621773076CF78091930220E030E0882378
:1011C00011F421E030E080919B068F7002C0220F65
:1011D000331F8A95E2F720953095E223F323F093AD
:1011E0004506E093440613C08091930690919406BF
:1011F0000AC0809193069091940620910516309133
:101200000616822793279093450680934406809183
:10121000440690914506B70140914A060E946A042F
:10122000DF91CF911F910F91FF90EF90DF90CF90C2
:10123000BF90AF909F908F907F906F90089581E0C6
:101240008093231E089581E08093241E089581E0F9
:101250008093251E0895909168068917A1F5862F21
:1012600090E0FC01B297EB31F10568F5EA5BFF4FC6
:10127000EE0FFF1F0590F491E02D09941092261EA9
:1012800008951092271E08951092281E0895109216
:10129000291E089510922A1E089510922B1E08955B
:1012A00010922C1E08951092301E089510922F1E39
:1012B000089510922E1E089510922D1E08951092DA
:1012C000311E0895129A08954F925F926F927F9205
:1012D0008F929F92AF92BF92CF92DF92EF92FF9246
:1012E0000F931F93CF93DF938091DB15882E992462
:1012F00089E095E09C01829EC001839E900D929EA4
:10130000900D1124B5ECEB2EB6E0FB2EE80EF91E85
:1013100067ED70E1EC01C756D44FABEA4A2EA5E168
:101320005A2E40E050E03C01D7018D919C91FB0189
:10133000918380838881D2018C93888950968C9385
:10134000509788A190968C93E0EFFFEF4E0E5F1EB2
:10135000609788816096D2018C93E0E1F0E04E0EB8
:101360005F1E9A01F4E0220F331FFA95E1F7C901DD
:10137000860D971DE5E0AE2EE7E0BE2EA80EB91E45
:10138000F901E95EFE4E25E0C22E28E0D22EC80EFD
:10139000D91E8C010B5F164F9C012B5F354F90E0DF
:1013A000D5018D915D018083E050FF4FD6018D9175
:1013B0006D018083E050FF4FD8018D918D018083B6
:1013C000E050FF4FD9018D919D0180839F5FEF5FBA
:1013D000F240903129F74F5F5F4FE2E0F0E0EE0E10
:1013E000FF1E6E5F7F4F21960894411C511C4031B7
:1013F000510509F099CF89E095E0889E9001899E7A
:10140000300D989E300D1124F901E054F94F808180
:101410008093D21081818093D31083818093D510E3
:1014200082818093D410EA53FB4F81918093981569
:101430008081809399153297908190939715339678
:10144000808180939A15D901AB5FB44FE7E1F5E154
:10145000292F30E02E0F3F1F02C08D918193E2179C
:10146000F307D9F7DF91CF911F910F91FF90EF9084
:10147000DF90CF90BF90AF909F908F907F906F90B4
:101480005F904F9008954F925F926F927F928F92EC
:101490009F92AF92BF92CF92DF92EF92FF920F9303
:1014A0001F93CF93DF938091DB15882E992467EDEE
:1014B000E62E60E1F62E89E095E09C01829EC00157
:1014C000839E900D929E900D1124BC016B53794F19
:1014D000CBEAD5E159E9452E5BE0552E480E591E61
:1014E00020E030E03C01D7018D919C91FB0191837C
:1014F00080838881D2018C93888950968C935097F1
:1015000088A190968C93E0EFFFEF4E0E5F1E6097E0
:1015100088816096D2018C93E0E1F0E04E0E5F1E70
:10152000C90144E0880F991F4A95E1F7FC01E95E83
:10153000FE4E860D971D05E0A02E07E0B02EA80EEA
:10154000B91E15E0C12E18E0D12EC80ED91E8C018F
:101550000B5F164FAC014B5F554F90E08081D5017A
:101560008D935D01E050FF4F8081D6018D936D0119
:10157000E050FF4F8081D8018D938D01E050FF4FE7
:101580008081DA018D93AD019F5FEF5FF240903172
:1015900029F72F5F3F4FE2E0F0E0EE0EFF1E6E5F97
:1015A0007F4F21960894411C511C2031310509F0D0
:1015B0009ACF89E095E0889E9001899E300D989E93
:1015C000300D1124F901E054F94F8091D21080833D
:1015D0008091D31081838091D51083838091D41022
:1015E0008283EA53FB4F80919815819380919915DE
:1015F00080839091971532979083339680919A15B6
:101600008083E7E1F5E1D901AB5FB44F292F30E0EA
:101610002E0F3F1F02C081918D93E217F307D9F778
:10162000DF91CF911F910F91FF90EF90DF90CF90BE
:10163000BF90AF909F908F907F906F905F904F90F2
:1016400008958091E4158823C9F48091DB1590E01A
:1016500029E035E0829FF001839FF00D929FF00D0D
:101660001124E054F94FE953FB4F80818093E11539
:1016700080919B069291891B8093E2154091990677
:101680008091DB1590E029E035E0829FF001839F97
:10169000F00D929FF00D1124E054F94FE40FF11D6D
:1016A000E751FB4FE081E03199F0E13118F4EC3083
:1016B00091F408C0E83119F0E03269F405C01092E5
:1016C0008B05089581E001C082E080938B05089529
:1016D00083E080938B0508958F929F92AF92BF9283
:1016E000CF92DF92EF92FF920F931F93CF93DF93EE
:1016F0008091DB1590E029E035E0AC01429FC0010C
:10170000439F900D529F900D1124DC01AB51B94FB6
:10171000C0E0D0E0F1E08F2E912CE5ECAE2EE6E0BB
:10172000BE2EA80EB91E71E0C72ED12CE12CF12CD3
:1017300011961C921E9284010C2E02C0000F111FE4
:101740000A94E2F7F50160E070E0808191818023E6
:101750009123892B91F0A7019601062E04C0220F38
:10176000331F441F551F0A94D2F78D919C911197F6
:10177000822B932B11969C938E936F5F7F4F3296A3
:101780006031710511F721961296C031D10581F6AD
:10179000DF91CF911F910F91FF90EF90DF90CF904D
:1017A000BF90AF909F908F900895CF92DF92FF925D
:1017B0000F931F93CF93DF9381E08093DC1580918B
:1017C0004006882309F477C08091BE05882309F07C
:1017D00072C08091DB15C82FD0E080919906482F08
:1017E00050E0FA01A4E0EE0FFF1FAA95E1F789E0AF
:1017F00095E0C89F9001C99F300DD89F300D1124EE
:10180000E20FF31FEB5FF84F1081DA01AA0FBB1F45
:10181000A20FB31FA054B94F15968D919C911697A6
:10182000BC017695679580FF14C0F901E40FF51FA0
:10183000E756F44F81E090E0008002C0880F991FC6
:101840000A94E2F7862B972B16969C938E93159706
:1018500004C016967C936E931597DA0134E0AA0FB4
:10186000BB1F3A95E1F789E095E09C01C29FC0015A
:10187000C39F900DD29F900D1124A80FB91FAB5F8D
:10188000B84F20E030E0FA01E80FF91FE756F44FB7
:101890000CC02817390711F41C9304C011968C91C1
:1018A00011978C932F5F3F4F1196808190E08217A4
:1018B00093077CF75BC08091DB1590E029E035E071
:1018C000AC01429FC001439F900D529F900D112487
:1018D000BC016B5F784FDC01AB53B94FEC01C756CD
:1018E000D44F40E050E021E0C22ED12C8C01FB010E
:1018F000F0808D919C9111979C013695279580FFE2
:101900000DC0C601088002C0880F991F0A94E2F733
:10191000822B932B11969C938E9303C011963C932C
:101920002E93FA0184E0EE0FFF1F8A95E1F7E00F96
:10193000F11FEB5FF84F20E030E00AC028173907AD
:1019400011F4F08202C0818180832F5F3F4F319676
:10195000888190E0821793078CF74F5F5F4F605F3D
:101960007F4F129621964031510509F6DF91CF91B4
:101970001F910F91FF90DF90CF9008954F925F924B
:101980006F927F928F929F92AF92BF92CF92DF928F
:10199000EF92FF920F931F93DF93CF93CDB7DEB7F4
:1019A000A0970FB6F894DEBF0FBECDBF81E0809345
:1019B000DC1580914006882309F492C08091BE0511
:1019C000882309F08DC08091DB15E82EFF248091DB
:1019D0009906082F10E0F801EE0FFF1F89E095E04F
:1019E0009C01E29EC001E39E900DF29E900D112499
:1019F000E80FF91FE054F94F25813681F801E80F0F
:101A0000F91FE756F44FD0804D2D50E0F801A4E0C7
:101A1000EE0FFF1FAA95E1F7E80FF91FE40FF51F7E
:101A2000EB5FF84FC080C9010D2C02C096958795D9
:101A30000A94E2F7220F331F80FF17C021604F5F27
:101A40005F4F81E090E0A0E0B0E0042E04C0880F7A
:101A5000991FAA1FBB1F0A94D2F741505040BC01E6
:101A6000609570956223732301C0B901000F111FA7
:101A700089E095E0DC01EA9EC001EB9E900DFA9EA4
:101A8000900D1124F801E80FF91FE054F94F768307
:101A90006583980163E0220F331F6A95E1F7FA012D
:101AA000E20FF31FE80FF91FEC5FF84F40E050E042
:101AB0006D2D70E0D901A80FB91FAB5FB84F9B0126
:101AC0002F5F3F4F6417750711F4CC9202C08081DD
:101AD00081834F5F5F4F31974217530799F7A2C039
:101AE0008091DB1590E029E035E0FC01E29FC00128
:101AF000E39F900DF29F900D112455ECC52E56E0FA
:101B0000D52EC80ED91E8E010F5F1F4F49E9842EB6
:101B10004BE0942E880E991E35E0A32E37E0B32EAD
:101B2000A80EB91EEE24FF243C01D6018D919C9194
:101B3000F80191838083D4015C90452D50E0F7013A
:101B400024E0EE0FFF1F2A95E1F7E60DF71DE40FE5
:101B5000F51FEB5FF84F40809C01052C02C03695C5
:101B600027950A94E2F7BC01660F771F20FF19C082
:101B700061604F5F5F4F81E090E0A0E0B0E0042E35
:101B800004C0880F991FAA1FBB1F0A94D2F74150A7
:101B900050408095909586239723F8019183808308
:101BA00003C0D8016D937C93F80180819181D601A7
:101BB0008D939C93D70184E0AA0FBB1F8A95E1F710
:101BC000A40FB51FA60DB71DAC5FB84F20E030E0E5
:101BD000452D50E0BA016F5F7F4F4217530719F44C
:101BE000F501408204C08C9111968C9311972F5F60
:101BF0003F4F11972617370781F70894E11CF11C16
:101C000022E030E0C20ED31E0E5F1F4F0894811CED
:101C1000911C40E150E0A40EB51E50E1E516F10420
:101C200009F083CFA0960FB6F894DEBF0FBECDBFEC
:101C3000CF91DF911F910F91FF90EF90DF90CF90A8
:101C4000BF90AF909F908F907F906F905F904F90DC
:101C500008952091690630916A0680E690E0AC0113
:101C6000249FC001259F900D349F900D11246CE39B
:101C700070E00E94364F9B0140E050E060E874E85D
:101C80008EE190E00E947F4F30938900209388007E
:101C90000895E1E8F0E010828081809380008081E7
:101CA0008A6080830E94290EEFE6F0E080818260E6
:101CB00080830895CF92EF920F9380E580931C1E4E
:101CC00010921D1E83E49EE162E143E124E105E1FF
:101CD00056E1E52E37E1C32E0E94693E0F91EF9049
:101CE000CF9008958091381E882389F080913E1E00
:101CF000882369F40E94A24860933A1E70933B1EA9
:101D000080933C1E90933D1E81E080933E1E0E9476
:101D1000A24820913A1E30913B1E40913C1E5091AA
:101D20003D1E621B730B840B950B6A307105810598
:101D3000910528F0129A10923E1E1092381E0895B6
:101D40000E94A2482091F5033091F6034091F703D9
:101D50005091F803621B730B840B950B6630710571
:101D60008105910508F470C00E94A2486093F503B4
:101D70007093F6038093F7039093F80340911C1E31
:101D800030911D1E20919E1E222381F0213051F49E
:101D90008DB38093A01E9DB380919F1E8095892353
:101DA0008DBB04C08FB7F8948093A01E4CBD3DBD81
:101DB0005C9A1EBC00000DB407FEFDCF8EB580936B
:101DC000EB031EBC00000DB407FEFDCF8EB5809363
:101DD000ED031EBC00000DB407FEFDCF8EB5809351
:101DE000EF031EBC00000DB407FEFDCF8EB580933F
:101DF000F1031EBC00000DB407FEFDCF8EB580932D
:101E0000F3035C98222339F08091A01E213011F455
:101E10008DBB01C08FBF93B1947090931E1EEBEEEB
:101E2000F3E0A6EEB3E020818181281709F42C931A
:101E30003296119683E0E53FF807A9F780911F1EBF
:101E4000981711F49093201E40911C1E30911D1E76
:101E500020919E1E222381F0213051F48DB3809376
:101E6000A01E9DB380919F1E809589238DBB04C0C9
:101E70008FB7F8948093A01E4CBD3DBD5C9A1EBCEC
:101E800000000DB407FEFDCF8EB58093EC031EBCA1
:101E900000000DB407FEFDCF8EB58093EE031EBC8F
:101EA00000000DB407FEFDCF8EB58093F0031EBC7D
:101EB00000000DB407FEFDCF8EB58093F2031EBC6B
:101EC00000000DB407FEFDCF8EB58093F4035C983F
:101ED000222339F08091A01E213011F48DBB01C066
:101EE0008FBF83B1847080931F1E0895DF92EF929D
:101EF000FF920F931F93CF93DF930E94A00E009148
:101F0000E803E090E903D090EA0310E0C80174E030
:101F1000969587957A95E1F7817080934006B80190
:101F2000687070708CEB95E00E94DE01B8016470FF
:101F3000707085E396E00E94DE01FF24B7016870AF
:101F400070708AE296E00E94DE01B70160787070DE
:101F50008FE196E00E94DE01B7016074707080E945
:101F600095E00E94DE01B701607270708BE995E028
:101F70000E94DE01B8016078707089E595E00E94EA
:101F8000DE01B8016170707084E695E00E94DE01A8
:101F9000B701607170708AE795E00E94DE01B801B8
:101FA0006270707085E895E00E94DE01B80160748F
:101FB00070708DED95E00E94DE010072107081EB73
:101FC00095E0B8010E94DE01B7016470707088EE80
:101FD00095E00E94DE01B7016270707083EF95E0BA
:101FE0000E94DE01CD2DD0E0BE016470707086EAE3
:101FF00095E00E94DE0121E0E222FF2482ED95E0DF
:10200000B7010E94DE01BE01627070708EEF95E034
:102010000E94DE01BE016170707089E096E00E944E
:10202000DE016091201E8FE695E070E00E94DE01E7
:102030007091E70360E08091E60390E0682B792BD4
:1020400084E196E00E94DE011092CB051092CA0551
:1020500063E0D695C7956A95E1F7CE018170682F48
:102060008093C7058091C805681711F18091C90553
:10207000882371F4613061F46093CA050E94A2481C
:102080006093CE057093CF058093D0059093D105D2
:102090009091C905913041F48091C705882321F4BE
:1020A0009093CB051092CC058091C7058093C9050C
:1020B0008091C7058093C8058091C9058823B1F038
:1020C0000E94A2482091CE053091CF054091D005C5
:1020D0005091D105621B730B840B950B695E7340A5
:1020E0008040904018F081E08093CC05ECEFF3E065
:1020F000108211823B9684E0EC3AF807C9F7DF9131
:10210000CF911F910F91FF90EF90DF9008950F9363
:102110001F9303E41EE1C80164E040E00E947C3D9F
:10212000C80160E071E00E94774E1F910F91089501
:1021300083E49EE169E071E00E94774E08950F9379
:102140001F9303E41EE1C80160E040E00E947C3D73
:10215000C8016AE171E00E94774EC80160E041E089
:102160000E947C3D0E949810C80160E041E00E94FE
:102170007C3DC8016BE271E00E94774E1F910F9188
:1021800008950F931F9303E41EE1C80160E040E04F
:102190000E947C3DC8016AE371E00E94774EC8014D
:1021A00060E041E00E947C3D0E949810C80160E020
:1021B00041E00E947C3DC8016CE471E00E94774ED2
:1021C0001F910F9108952F923F924F925F926F92BD
:1021D0007F928F929F92AF92BF92CF92DF92EF92B7
:1021E000FF920F931F93DF93CF93CDB7DEB7AC97DA
:1021F0000FB6F894DEBF0FBECDBFDE015D96E5E9F8
:10220000F3E080E101900D928150E1F7DE0111963B
:10221000EDE8F3E088E001900D928150E1F783E46E
:102220009EE160E040E00E947C3D83E49EE16DE53C
:1022300071E00E94774E83E49EE160E041E00E94FD
:102240007C3D83E49EE16EE671E00E94774EDD24E2
:1022500001E0E02EF12C1DE1412E512C4C0E5D1EB3
:10226000BDE26B2E712C6C0E7D1E4E010894811CFC
:10227000911CA9E0AA2EB12CAC0EBD1E4CC0C7010A
:10228000002E02C0880F991F0A94E2F760E070E008
:1022900040E00E946A0464EF71E080E090E00E94F8
:1022A000B0480F5F1F4F0031110549F78201F80157
:1022B000B701019002C0660F771F0A94E2F78F0101
:1022C00080E090E040E00E946A0464EF71E080E00A
:1022D00090E00E94B0480615170549F78401F801FF
:1022E000A701019002C0440F551F0A94E2F78F0125
:1022F00080E090E060E070E00E946A0464EF71E0CA
:1023000080E090E00E94B0480A151B0541F7D39485
:10231000F2E0DF1619F000E010E0B1CFF1E16F2E2E
:10232000712C6C0E7D1EE1E0AE2EB12CC12CD12C97
:10233000DE011996E5E8F3E088E001900D92815006
:10234000E1F7D301E9E7F3E08CE001900D928150D1
:10235000E1F70E94A00E1091EA0300E08091E903EA
:10236000482F50E0402B512B9090E803F30160E0A0
:1023700070E020E030E0CA01022E02C096958795F9
:102380000A94E2F7908180FF0CC01501260104C079
:10239000220C331C441C551C9A95D2F762297329D0
:1023A0000FC01501260104C0220C331C441C551C0F
:1023B0009A95D2F7D201C10180959095682379232F
:1023C0002F5F3F4F31962C303105A9F6FE0139962B
:1023D00040E050E020E030E0892C9924C401022E36
:1023E00002C0959587950A94E2F7908180FF0CC012
:1023F0001501260104C0220C331C441C551C9A955F
:10240000D2F7422953290FC01501260104C0220C1E
:10241000331C441C551C9A95D2F7D201C1018095FA
:102420009095482359232F5F3F4F3196283031052F
:10243000A9F6F090E703EE248091E60390E08E2960
:102440009F290E946A0474CF8FE090E00E9409499E
:102450005E985F9A85E090E00E94094908958FE0B8
:1024600090E00E9409495F985E9A85E090E00E94A2
:10247000094908958BE491E26BE740E020916706FB
:102480000E94FF4708950F931F930BE411E2C801C8
:1024900068EF70E00E944642C8016AEF70E00E9457
:1024A0004642C8016CEF70E00E944642C8016BEFE3
:1024B00070E00E9446421F910F910895282F645F9B
:1024C0008BE491E20E9417480895282F645F8BE403
:1024D00091E240E00E940B4808958091221E8823DB
:1024E000D1F11092221E809195062091DB15882350
:1024F000C1F04091950630E089E095E0289FF00119
:10250000299FF00D389FF00D1124E054F94FE40F8E
:10251000F11DEC5BFB4F8091670660810E946512A4
:10252000089530E089E095E0289FF001299FF00DA3
:10253000389FF00D1124E054F94FEB53FB4F80818D
:10254000E55CF440E80FF11DEB5BFB4F8091670603
:1025500060810E94651208959F92AF92BF92CF92C0
:10256000DF92EF92FF920F931F93CF93DF938091AF
:102570009606882349F080911A1E882329F010922C
:102580001A1E81E0809313038091D505882331F1D1
:10259000809199068D3011F58091C7029091C80203
:1025A0000397E1F490E080911A1E882309F491E0EA
:1025B00090931A1E992379F00E946D1211E01093E6
:1025C000C602109296068BE491E26CEF70E00E94D6
:1025D000064610936A0581E08093130380911A1ECA
:1025E000882309F442C180918805882369F080918D
:1025F00009038F5F80930903883018F087E0809388
:10260000090381E0809313038091E005882361F042
:1026100080910903815080930903883010F0109253
:10262000090381E0809313038091EB05882331F146
:1026300080911B1E815080931B1E833610F01092D8
:102640001B1E40911B1E8091DB1590E029E035E0B8
:10265000829FF001839FF00D929FF00D1124E054B2
:10266000F94FE40FF11DEB5BFB4F80916706608132
:1026700040E50E945E1281E0809313038091EC0597
:102680008823C9F040911B1E8091DB1590E029E062
:1026900035E0829FF001839FF00D929FF00D112491
:1026A000E054F94FE40FF11DEB5BFB4F809167069F
:1026B00060810E9465128091F605882339F180912E
:1026C0001B1E8F5F80931B1E833618F083E680935A
:1026D0001B1E40911B1E8091DB1590E029E035E028
:1026E000829FF001839FF00D929FF00D1124E05422
:1026F000F94FE40FF11DEB5BFB4F809167066081A2
:1027000040E50E945E1281E0809313038091F705FB
:102710008823C9F040911B1E8091DB1590E029E0D1
:1027200035E0829FF001839FF00D929FF00D112400
:10273000E054F94FE40FF11DEB5BFB4F809167060E
:1027400060810E94651280913806882329F01092DA
:102750001B1E81E0809313038091C602882309F435
:1027600084C0C9EFD3E0EE24FF242CE0B22E99E020
:10277000C92E95E0D92E9924939483E6A82E0E2D88
:1027800080914206909143060E2C02C09695879543
:102790000A94E2F7182F117018838981181709F429
:1027A00059C08A81882309F042C0113009F03FC026
:1027B000809109038B9DC00111246E2D680F20911B
:1027C0001B1E8091DB1590E08C9DF0018D9DF00D1E
:1027D0009C9DF00D1124E054F94FE20FF11DEB5BCD
:1027E000FB4F60838091670640E50E945E128091F6
:1027F0001B1E8F5F80931B1E1093DC15843610F018
:10280000A0921B1E8091DB1590E020911B1E215091
:102810008C9DF0018D9DF00D9C9DF00D1124EB57CA
:10282000F44F2083243608F01082909213038A819B
:10283000813071F48881882359F4809109038B9D3C
:10284000C0011124080F80916706602F0E94651255
:1028500088818A83888189830894E11CF11C2B96E6
:1028600080E1E816F10409F08ACFDF91CF911F9142
:102870000F91FF90EF90DF90CF90BF90AF909F901F
:1028800008950F931F93CF93DF93C0E0D0E0082FFC
:1028900010E006C083E49EE161EA0E94724D219639
:1028A000C017D107BCF3DF91CF911F910F9108950D
:1028B0000F931F9303E41EE1C80160E040E00E9413
:1028C0007C3DC8016FE771E00E94774EC80160E06F
:1028D00041E00E947C3D0E949810C80160E041E008
:1028E0000E947C3DC80160E971E00E94774EC801FA
:1028F00061E041E00E947C3D8EE00E944114C801ED
:102900006FE041E00E947C3DC80162E971E00E94F5
:10291000774E8091DB1590E029E035E0829FF00151
:10292000839FF00D929FF00D1124E857F44F6081C2
:102930006F5FC80141E00E947C3DC8016BED0E94C1
:10294000724D1F910F910895409199068091DB156A
:1029500090E029E035E0829FF001839FF00D929F87
:10296000F00D1124E054F94FE40FF11DE751FB4F36
:10297000E081E03199F0E13118F4EC30B9F505C0AF
:10298000E831D1F0E03291F522C083E49EE160E0CD
:102990000E94403D83E49EE164E016C083E49EE132
:1029A00060E00E94403D83E49EE161E00E94403D82
:1029B00083E49EE162E008C083E49EE160E00E945F
:1029C000403D83E49EE161E00E94403D089583E440
:1029D0009EE160E00E94403D83E49EE163E00E944E
:1029E000403D83E49EE162E00E94403D089583E41F
:1029F0009EE165E00E94403D83E49EE160E971E074
:102A00000E94774E80916506882359F4609169068B
:102A100070916A0683E49EE14AE050E00E94014E14
:102A2000089583E49EE16BED0E94724D83E49EE184
:102A30006BED0E94724D83E49EE16BED0E94724D3E
:102A40000895EF92FF920F931F93DF93CF93CDB72B
:102A5000DEB727970FB6F894DEBF0FBECDBF8091CB
:102A6000A805882391F08091C7029091C80202972F
:102A700061F08091BE05882341F483E49EE16BE020
:102A800041E00E947C3D0E94F7148091130388234B
:102A900009F4C5C38091A805882309F0C0C310922A
:102AA000130380916F06882309F4E0C083E49EE15C
:102AB00060E040E00E947C3D80916E06813021F014
:102AC000823009F0ACC36EC083E49EE164E971E03A
:102AD0000E94774EE091211EF0E0EC5EFC4F83E413
:102AE0009EE1608140E00E947C3DE091211EF0E08B
:102AF000EE0FFF1FE85DFC4F6081718183E49EE172
:102B00000E94774E83E49EE160E041E00E947C3DBC
:102B10000E94981083E49EE160E041E00E947C3DC9
:102B200080916506E82FF0E0EE0FFF1FE654FE4FA0
:102B3000659174918E010D5F1F4FC8010E94D701EE
:102B400083E49EE1B8010E94774E83E49EE164E055
:102B500041E00E947C3D60916B0670916C0683E4BD
:102B60009EE14AE050E00E94014E83E49EE169E06C
:102B700041E00E947C3D83E49EE1609167064AE06B
:102B800050E00E94124E83E49EE16DE041E00E941D
:102B90007C3D83E49EE1609168064AE050E00E943B
:102BA000124E3DC383E49EE165EA71E00E94774ED8
:102BB000E091211EF0E0EC5EFC4F83E49EE1608139
:102BC00040E00E947C3DE091211EF0E0EE0FFF1FEF
:102BD000E05DFC4F6081718183E49EE10E94774E4D
:102BE00083E49EE160E041E00E947C3D0E949810F9
:102BF00083E49EE160E041E00E947C3D80916406B8
:102C0000E82FF0E0EE0FFF1FE254FE4F6591749144
:102C10008E010F5F1F4FC8010E94D70183E49EE120
:102C2000B8010E94774E83E49EE164E041E00E9497
:102C30007C3D83E49EE166EB71E00E94774E83E485
:102C40009EE168E041E00E947C3D83E49EE166EB0A
:102C500071E00E94774E83E49EE16CE041E00E94C7
:102C60007C3D83E49EE166EB71E0F4C18091C70294
:102C70009091C8028230910571F0833091053CF447
:102C8000009709F476C2019709F0C9C2E6C1059719
:102C90000CF0C5C23FC083E49EE160E040E00E94CA
:102CA0007C3D83E49EE16AEB71E00E94774E83E411
:102CB0009EE160E041E00E947C3D0E94981083E428
:102CC0009EE162E041E00E947C3D60919A066F5B6C
:102CD00083E49EE10E94724D60919B0670E06F5FFD
:102CE0007F4F80919A0690E024E0880F991F2A95E3
:102CF000E1F7681B790B83E49EE14AE050E00E9413
:102D0000644E83E49EE169E041E00E947C3D0E94C4
:102D1000F71485C2809199068C3019F40E945814DA
:102D20007EC28091B305882309F456C083E49EE1F6
:102D300060E040E00E947C3D83E49EE16BEC71E04A
:102D40000E94774E83E49EE160E041E00E947C3D7A
:102D50000E94981083E49EE162E041E00E947C3D85
:102D600083E49EE160E971E00E94774E83E49EE196
:102D700065E041E00E947C3D87E00E94411483E4CD
:102D80009EE16EE041E00E947C3D83E49EE162E9C9
:102D900071E00E94774E409199068091DB1590E09A
:102DA00029E035E0829FF001839FF00D929FF00DA6
:102DB0001124E054F94FE40FF11DE750FB4F6081FF
:102DC0006C5F83E49EE141E00E947C3D83E49EE1F0
:102DD0006BED0E94724D23C280911A1E882309F464
:102DE000BEC083E49EE160E040E00E947C3D83E45D
:102DF0009EE16CED71E00E94774EE091211EF0E0C3
:102E0000EC5EFC4F83E49EE1608140E00E947C3DEB
:102E1000E091211EF0E0EE0FFF1FE05EFC4F6081AD
:102E2000718183E49EE10E94774E83E49EE160E03D
:102E300041E00E947C3D0E94981083E49EE161E0A5
:102E400041E00E947C3D60911B1E70E06F5F7F4FF0
:102E500083E49EE14AE050E00E94644E83E49EE1F8
:102E600064E041E00E947C3D20911B1E8091DB15B7
:102E700090E019E0E12E15E0F12E8E9DF0018F9D7E
:102E8000F00D9E9DF00D1124E054F94FE20FF11D5D
:102E9000EB5BFB4F80816CE00E942A4FE92FF0E052
:102EA000EE0FFF1FEE50FE4F659174918E010F5F84
:102EB0001F4FC8010E94D70183E49EE1B8010E9420
:102EC000774E20911B1E8091DB1590E08E9DF001C6
:102ED0008F9DF00D9E9DF00D1124E054F94FE20FEF
:102EE000F11DEB5BFB4F80816CE00E942A4F682F45
:102EF00083E49EE170E04AE050E00E94644E83E487
:102F00009EE169E041E00E947C3D8091DB1590E00C
:102F10008E9DF0018F9DF00D9E9DF00D1124EB57BD
:102F2000F44F608170E06F5F7F4F83E49EE14AE081
:102F300050E00E94644E83E49EE16DE041E00E9417
:102F40007C3D80910903E82FF0E0EE0FFF1FEE516A
:102F5000FE4F659174918E010D5F1F4F75C083E424
:102F60009EE160E040E00E947C3D83E49EE16DEEE6
:102F700071E00E94774E83E49EE160E041E00E94B0
:102F80007C3D0E94981083E49EE160E041E00E9455
:102F90007C3D60919A066F5B83E49EE10E94724DD6
:102FA00060919B0670E06F5F7F4F80919A0690E082
:102FB000E4E0880F991FEA95E1F7681B790B83E439
:102FC0009EE14AE050E00E94644E83E49EE165E0A9
:102FD00041E00E947C3D409199068091DB1590E094
:102FE00029E035E0829FF001839FF00D929FF00D64
:102FF0001124E054F94FE40FF11DE752FB4F6081BB
:1030000070E06F5F7F4F83E49EE14AE050E00E94F2
:10301000644E83E49EE168E041E00E947C3D0E94B2
:10302000A41483E49EE16CE041E00E947C3D809129
:103030009906E82FF0E0EE0FFF1FEE53FE4F65916B
:1030400074918E010B5F1F4FC8010E94D70183E46A
:103050009EE1B8010E94774EE2C083E49EE160E009
:1030600040E00E947C3D83E49EE16EEF71E00E94AF
:10307000774EE091211EF0E0EC5EFC4F83E49EE190
:10308000608140E00E947C3DE091211EF0E0EE0F67
:10309000FF1FE85EFC4F6081718183E49EE10E9426
:1030A000774E83E49EE160E041E00E947C3D0E9417
:1030B000981083E49EE160E041E00E947C3D6091D5
:1030C0000D1E70910E1E6F5F7F4F83E49EE14AE0FC
:1030D00050E00E94014E83E49EE164E041E00E94E2
:1030E0007C3D60919B0662956F706F5B83E49EE10F
:1030F0000E94724D20919B06622F70E06F5F7F4FA0
:10310000822F82958F7090E044E0880F991F4A9536
:10311000E1F7681B790B83E49EE14AE050E00E94EE
:10312000644E83E49EE168E041E00E947C3D809132
:10313000121E90E022E034E0829FF001839FF00DA8
:10314000929FF00D1124E95FF94E6081718183E453
:103150009EE14AE050E00E94014E83E49EE16DE072
:1031600041E00E947C3D60910C1E70E06F5F7F4FDC
:1031700050C083E49EE160E040E00E947C3D83E437
:103180009EE16FE072E00E94774E83E49EE160E092
:1031900041E00E947C3D0E94981083E49EE160E043
:1031A00041E00E947C3D83E49EE160E272E00E9487
:1031B000774E60910D1E70910E1E83E49EE14AE0F1
:1031C00050E00E94014E83E49EE168E041E00E94ED
:1031D0007C3D83E49EE165E272E00E94774E60915F
:1031E0009B0662956F706F5B83E49EE10E94724D57
:1031F00020919B06622F70E06F5F7F4F822F829538
:103200008F7090E034E0880F991F3A95E1F7681BC2
:10321000790B83E49EE14AE050E00E94644E2796D9
:103220000FB6F894DEBF0FBECDBFCF91DF911F91D7
:103230000F91FF90EF900895EF92FF921F93CF931D
:10324000DF93EC017B0181E00E94144A182F80E09B
:103250000E94144A880F991F282F212B80910A035E
:10326000821769F1E22FF0E090E0880F991F880F34
:10327000991FE82BF92BEB55FC4FE081E13019F455
:10328000CE0DDF1D1AC0EF3FC1F4809140068823A8
:1032900081F08091211E813041F0813010F0823028
:1032A00061F4CA30D1054CF006C0C031D1052CF014
:1032B00002C0209711F0CE19DF0920930A03CE0136
:1032C000DF91CF911F91FF90EF900895EF92FF92C1
:1032D0000F931F93CF93DF938091B305882309F455
:1032E000DBC08091C7029091C802039709F0D4C057
:1032F0008091BE052091DB15882309F46BC0822FD5
:1033000090E0B9E0EB2EB5E0FB2E8E9D80018F9D05
:10331000100D9E9D100D11240054194FF80183814A
:1033200090E061E070E00E941C19F80183838091B5
:10333000DB15482F50E04E9DF0014F9DF00D5E9D36
:10334000F00D1124E054F94F8381823010F481E0B4
:10335000838389E095E0489FF001499FF00D589FD5
:10336000F00D1124E054F94F8381873010F087E08D
:103370008383C9E0D5E04C9F90014D9F300D5C9F49
:10338000300D1124F901E054F94FBF016D5F7F4FFB
:1033900093818091931E981709F47EC09093931E99
:1033A00081E0809313038093DC15F901E754F44F17
:1033B000DB014F5F5F4F4C9F90014D9F300D5C9F35
:1033C000300D11242054394F8C918193E217F3076B
:1033D000D9F762C0822F90E020919906A9E0EA2EE9
:1033E000A5E0FA2E8E9D80018F9D100D9E9D100DE3
:1033F00011240054194F020F111D07501B4FF801E3
:10340000808190E061E070E00E941C19F8018083E7
:103410008091DB15482F50E080919906282F30E0ED
:103420004E9DF0014F9DF00D5E9DF00D1124E20FB9
:10343000F31FE754F44F8081823010F481E08083E1
:1034400089E095E0489FF001499FF00D589FF00DED
:103450001124E20FF31FE754F44F8081873010F0FE
:1034600087E0808389E095E0489FF001499FF00D57
:10347000589FF00D1124E20FF31FE754F44F908191
:10348000F901ED57F14E8081981731F0908381E07A
:10349000809313038093DC15809199068C3009F09A
:1034A00048C08091C7029091C802039709F041C0BB
:1034B0008091DB1590E0F9E0EF2EF5E0FF2E8E9D78
:1034C00080018F9D100D9E9D100D11240857144FE3
:1034D000F801808190E061E070E00E941C19F80121
:1034E00080838091DB15482F50E04E9DF0014F9D69
:1034F000F00D5E9DF00D1124E857F44F20812E3021
:1035000008F02DE089E095E0489FF001499FF00D1B
:10351000589FF00D1124E857F44F20838091821EAC
:10352000281709F415C32093821E81E08093DC15CF
:103530000DC38091C7029091C802019709F0F7C0AE
:103540008091A805882309F0F2C080916F06882336
:1035500009F0EDC08091211E813009F44FC0813007
:1035600020F0823009F0F4C279C0809140068823AF
:1035700039F080910D1E90910E1E6AE070E006C039
:1035800080910D1E90910E1E61E070E00E941C194A
:1035900090930E1E80930D1E40910D1E50910E1E95
:1035A000F3E0483E5F0710F047EE53E050930E1EE5
:1035B00040930D1E8091801E9091811E48175907DF
:1035C00009F4C6C25093811E4093801E8091121E42
:1035D00090E022E034E0829FF001839FF00D929F03
:1035E000F00D1124E95FF94EE40FF51F92819093DD
:1035F0009C0680919B06891769F5A7C280914006B9
:1036000090919C06882329F0892F90E060E170E07A
:1036100004C0892F90E061E070E00E941C19809343
:103620009C0640919C0647FD4FE740939C06242F43
:1036300030E080917E1E90917F1E2817390709F493
:1036400087C230937F1E20937E1E80919B06841735
:1036500009F47BC281E08093DD1577C2809140063A
:103660009091121E882399F0892F90E022E034E097
:10367000829F8001839F100D929F100D1124095F7E
:10368000194EF801808191816AE070E012C0892FA3
:1036900090E022E034E0829F8001839F100D929F92
:1036A000100D1124095F194EF8018081918161E0AC
:1036B00070E00E941C19F801918380838091121E92
:1036C00090E022E034E0829FF001839FF00D929F12
:1036D000F00D1124E95FF94E8081918123E0883E4D
:1036E000920710F087EE93E0918380838091121E01
:1036F00090E022E034E0829FF001839FF00D929FE2
:10370000F00D1124E95FF94E0190F081E02D8091D8
:103710007C1E90917D1EE817F90709F419C2F093F9
:103720007D1EE0937C1E81E08093131E0FC280916A
:103730001A1E882309F41DC18091211E813091F148
:10374000813038F0823009F499C0833009F000C22A
:10375000F5C08091400640911B1E882329F0842FDC
:1037600090E06AE070E004C0842F90E061E070E0D7
:103770000E941C1980931B1E80911B1E843608F02A
:1037800083E680931B1E282F30E080917A1E909153
:103790007B1E2817390709F4DBC130937B1E209369
:1037A0007A1ED3C1809140062091DB1540911B1EEB
:1037B0008823B1F030E089E095E0289F8001299FBF
:1037C000100D389F100D11240054194F040F111DB6
:1037D0000B5B1B4FF801808190E06CE070E015C03E
:1037E00030E089E095E0289F8001299F100D389FE7
:1037F000100D11240054194F040F111D0B5B1B4FAA
:10380000F801808190E061E070E00E941C19F801ED
:1038100080838091DB15282F30E080911B1EA82F1C
:10382000B0E089E095E0289FF001299FF00D389FD6
:10383000F00D1124EA0FFB1FEB5FF44FE081E7FD71
:10384000EFE789E095E0AC01249FC001259F900D32
:10385000349F900D1124A80FB91FAB5FB44FEC93A8
:10386000F0E08091781E9091791EE817F90709F42D
:103870006FC1F093791EE093781E67C18091400676
:103880002091DB15882399F0822F90E029E035E024
:10389000829F8001839F100D929F100D11240B5762
:1038A000144FF801808190E06AE070E012C0822F2E
:1038B00090E029E035E0829F8001839F100D929F68
:1038C000100D11240B57144FF801808190E061E036
:1038D00070E00E941C19F80180838091DB15482F4D
:1038E00050E089E095E0489FF001499FF00D589F16
:1038F000F00D1124EB57F44F2081243608F023E615
:1039000089E095E0489FF001499FF00D589FF00D28
:103910001124EB57F44F2083E22FF0E08091761EC4
:103920009091771EE817F90709F412C1F093771EFA
:10393000E093761E81E08093DF1508C18091090332
:1039400090E061E070E00E941C19883008F087E088
:1039500080930903282F30E08091741E9091751E8A
:103960002817390709F4F4C03093751E2093741E8C
:10397000ECC080916F06882309F4AAC08091211EB3
:103980008130D9F1813038F0823009F45BC0833066
:1039900009F0DEC076C080916E068130B9F4809166
:1039A000650690E061E070E00E941C19982F81117B
:1039B00091E09093650680916D1E981709F4C8C038
:1039C00090936D1E81E0809366067FC0823009F07F
:1039D000BFC08091640690E061E070E00E941C1915
:1039E000982F811191E09093640680916C1E981736
:1039F00009F4AEC090936C1E67C080916B069091E5
:103A00006C0661E070E00E941C199C018E319105EA
:103A100018F42EE130E005C08B3F910510F02AEF3D
:103A200030E030936C0620936B068091721E90916B
:103A3000731E2817390709F48BC03093731E209327
:103A4000721E42C08091670690E061E070E00E94C3
:103A50001C19882311F481E003C0813108F080E152
:103A600080936706282F30E08091701E9091711E20
:103A70002817390709F46CC03093711E2093701E0B
:103A800023C08091680690E061E070E00E941C19FC
:103A9000682F882311F461E003C0813108F060E1F0
:103AA00060936806262F30E080916E1E90916F1E05
:103AB0002817390709F44CC030936F1E20936E1EEF
:103AC0008BE491E20E941F4281E0809370063EC029
:103AD0008091690690916A0661E070E00E941C196D
:103AE00090936A06809369068F31910530F48EE1D8
:103AF00090E090936A0680936906809169069091A0
:103B00006A068A3F910530F08AEF90E090936A064A
:103B1000809369062091690630916A0680916A1E39
:103B200090916B1E2817390799F030936B1E2093E4
:103B30006A1E0E94290E8091C7029091C8020297C6
:103B400021F08091A805882319F081E08093130368
:103B5000DF91CF911F910F91FF90EF900895CF9239
:103B6000DF92EF92FF920F931F937B018C012BEA60
:103B7000C22E2FE1D22E980144275527205BC60183
:103B8000622F0E94A23E5527412F302F2F2DC601B4
:103B9000622F0E94243FC6016E2D0E94243F1F9178
:103BA0000F91FF90EF90DF90CF9008952F923F926A
:103BB0004F925F926F927F928F929F92AF92BF923D
:103BC000CF92DF92EF92FF920F931F93DF93CF93E9
:103BD00000D00F92CDB7DEB73324C32CDD24EE2402
:103BE000FF24C701B60120E035E040E050E00E942C
:103BF0000B4F262E79838A839B830E94AF1D10E092
:103C00008BEA9FE160E00E94243F8BEA9FE160E045
:103C10000E94243F8BEA9FE16FE00E94243F8BEAE1
:103C20009FE168E10E94243F8BEA9FE161E00E94EE
:103C3000243F8BEA9FE160E00E94243F1F5F103128
:103C4000F9F68BEA9FE16FE00E94243F8BEA9FE147
:103C500068E10E94243F8BEA9FE161E00E94243FDB
:103C60008BEA9FE160E00E94243F8BEA9FE160E0E5
:103C70000E94243F8BEA9FE160E00E94243F00E025
:103C800010E08BEA9FE160E00E94243F0F5F1F4F2E
:103C90000A311105B1F78BEA9FE10E94673F6AE0A4
:103CA00070E080E090E00E94B048C701B6012AE0D1
:103CB00030E040E050E00E940B4F5B016C01089443
:103CC000A11CB11CC11CD11C86017501B7E0EE0C12
:103CD000FF1C001F111FBA95D1F782E090E0A0E011
:103CE000B0E0A80EB91ECA1EDB1E25013601A7E0F2
:103CF000440C551C661C771CAA95D1F78DEF9FEFDD
:103D0000AFEFBFEFA80EB91ECA1EDB1EC801B70178
:103D10000E94AF1D88240DC08BEA9FE168E20E94DB
:103D2000243F939490E19916B9F78394A8E08A16FA
:103D300011F09924F1CF8BEA9FE10E94673F6AE07E
:103D400070E080E090E00E94B04880E890E0A0E061
:103D5000B0E0E80EF91E0A1F1B1FE414F504060567
:103D60001705A1F6F5E06F2E712C812C912C6A0CB1
:103D70007B1C8C1C9D1CE7E0660C771C881C991C26
:103D8000EA95D1F7C801B7010E94AF1D44240DC0C8
:103D90008BEA9FE160E00E94243F539490E1591622
:103DA000B9F74394A8E04A1611F05524F1CF8BEAF5
:103DB0009FE10E94673F6AE070E080E090E00E942F
:103DC000B04880E890E0A0E0B0E0E80EF91E0A1FDD
:103DD0001B1FE614F70408051905A1F677E0672E06
:103DE000712C812C912C6A0C7B1C8C1C9D1C67E017
:103DF000660C771C881C991C6A95D1F7C801B7011D
:103E00000E94AF1D44240DC08BEA9FE160E00E9438
:103E1000243F539490E15916B9F74394A8E04A1609
:103E200011F05524F1CF8BEA9FE10E94673F6AE0D1
:103E300070E080E090E00E94B04880E890E0A0E070
:103E4000B0E0E80EF91E0A1F1B1FE614F704080570
:103E50001905A1F6370148018601750189E090E056
:103E6000A0E0B0E0E80EF91E0A1F1B1F57E0EE0CA1
:103E7000FF1C001F111F5A95D1F7C401B3010E9406
:103E8000AF1DCC240DC08BEA9FE160E00E94243F6F
:103E9000D39490E1D916B9F7C394A8E0CA1611F0EB
:103EA000DD24F1CF8BEA9FE10E94673F6AE070E07A
:103EB00080E090E00E94B04880E890E0A0E0B0E0B0
:103EC000680E791E8A1E9B1E6E147F048006910662
:103ED000A1F6622D79818A819B8160587B4F8F4F3B
:103EE0009F4F0E94AF1D10E08BEA9FE160E00E94AF
:103EF000243F1F5F1038C1F78BEA9FE10E94673FA4
:103F00006AE070E080E090E00E94B048232D2695A2
:103F10002695269581E090E0A0E0B0E004C0880FEF
:103F2000991FAA1FBB1F2A95D2F79C01AD01809152
:103F3000961E9091971E822B932B9093971E8093A1
:103F4000961E60E070E040E00E946A04339490E8BE
:103F5000391609F042CE22243324812C40E8942ED5
:103F600042E0A42EB12C31E0432E512C612C712C57
:103F70004CC0C801B7010E94AF1DDD248BEA9FE150
:103F800060E00E94243FD394A0E8DA16B9F78BEAE8
:103F90009FE10E94673F6AE070E080E090E00E944D
:103FA000B048C39480E890E0A0E0B0E0E80EF91ECD
:103FB0000A1F1B1F98E0C916E1F6A3019201022C0B
:103FC00004C0220F331F441F551F0A94D2F780915B
:103FD000941E9091951E822B932B9093951E809307
:103FE000941E60E070E040E00E946A040894211C86
:103FF000311C80E094E0A0E0B0E0880E991EAA1E7B
:10400000BB1E90E12916310421F085017401CC24F6
:10401000B0CF60E070EC82E090E00E94AF1D8BEAD0
:104020009FE160E00E94243F8BEA9FE168E70E94E5
:10403000243F8BEA9FE161E00E94243F8BEA9FE1ED
:1040400061E00E94243F8BEA9FE10E94673F6AE0A3
:1040500070E080E090E00E94B04869EF7FEF83E07D
:1040600090E00E94AF1D8BEA9FE160E00E94243F38
:104070008BEA9FE161E00E94243F8BEA9FE162E0CE
:104080000E94243F8BEA9FE10E94673F6AE070E054
:1040900080E090E00E94B0480F900F900F90CF9179
:1040A000DF911F910F91FF90EF90DF90CF90BF9025
:1040B000AF909F908F907F906F905F904F903F90C8
:1040C0002F900895CF92DF92EF92FF920F931F935C
:1040D000CF93DF93162F90E0A0E0B0E0BC01CD01BC
:1040E00020E035E040E050E00E940B4F6B017C0186
:1040F00085E290E0A0E0B0E0C80ED91EEA1EFB1EEB
:10410000C0E0D0E0012F10E021C0C701B6010E943D
:10411000AF1D8BEA9FE160E00E94243F8BEA9FE1A4
:1041200060E00E94243F8BEA9FE10E94673F6AE0C3
:1041300070E080E090E00E94B048219680E095E039
:10414000A0E0B0E0C80ED91EEA1EFB1E0C171D072A
:10415000E4F6DF91CF911F910F91FF90EF90DF90E8
:10416000CF900895BF92CF92DF92EF92FF920F937C
:104170001F93CF93DF93B62E90E0A0E0B0E0BC0198
:10418000CD0120E035E040E050E00E940B4F7B0184
:104190008C0185E290E0A0E0B0E0E80EF91E0A1F75
:1041A0001B1FC0E0D0E0CB2CDD2421C0C801B7012B
:1041B0000E94AF1D8BEA9FE16C2F0E94243F8BEA87
:1041C0009FE16B2D0E94243F8BEA9FE10E94673F95
:1041D0006AE070E080E090E00E94B048219680E0C4
:1041E00095E0A0E0B0E0E80EF91E0A1F1B1FCC16F8
:1041F000DD06E4F6DF91CF911F910F91FF90EF90D4
:10420000DF90CF90BF9008950F931F9360E070EC04
:1042100082E090E00E94AF1D0BEA1FE1C8016091AF
:1042200065060E94243FC80160916B060E94243FEE
:10423000C801609167060E94243FC801609168062A
:104240000E94243FC801609164060E94243FC80177
:104250000E94673F6AE070E080E090E00E94B04812
:104260001F910F910895809166068823A9F180918E
:104270006506882319F0813069F505C00E94431254
:104280000E94490E27C080916F008D7F80936F0040
:104290001092890010928800109281008091810014
:1042A000809380008BE491E260E37BE30E942E42E6
:1042B0008BE491E26FE179E00E9434428BE491E279
:1042C00063E279E00E9440428BE491E267E279E0A8
:1042D0000E943A421092660680917006882351F03F
:1042E0008091CA05882331F00E9404211092700643
:1042F0000E94871080916F06882311F41092700637
:1043000008959F92AF92BF92CF92DF92EF92FF9269
:104310000F931F93CF93DF932091121E30E042E062
:1043200054E0249FF001259FF00D349FF00D1124DF
:10433000E95FF94E90812181E250FC4F91932083F7
:10434000E82EFF2400E010E080EA90E0A0E0B0E07A
:10435000E80EF91E0A1F1B1F8AE0EE0CFF1C001F4F
:10436000111F8A95D1F7AA24BB246501C2E0D4E0CD
:10437000C801B7010E94AF1D9924D601C501890D5E
:10438000911DA11DB11D2091121E30E02C9FF00146
:104390002D9FF00D3C9FF00D1124E95FF94EE80FC1
:1043A000F91F8BEA9FE162810E94243F939490E879
:1043B000991619F78BEA9FE10E94673F6AE070E067
:1043C00080E090E00E94B04880E890E0A0E0B0E09B
:1043D000E80EF91E0A1F1B1FA80EB91ECA1EDB1EFF
:1043E00090E0A91694E0B90690E0C90690E0D906DD
:1043F00009F0BECFDF91CF911F910F91FF90EF9009
:10440000DF90CF90BF90AF909F9008950F931F9330
:10441000162F90E0A0E0B0E0BC01CD0120E035E037
:1044200040E050E00E940B4F610F711D811D911DF6
:104430006B5D7F4F8F4F9F4F0E94AF1D0BEA1FE1B7
:10444000C8010E94673FC80160E570E041E050E0AC
:104450000E94783FC8010E94B53E1F910F910895B8
:1044600060E070EC82E090E00E94AF1D8BEA9FE17B
:104470000E94673F8BEA9FE162E540E40E947C3F37
:104480008BEA9FE10E94B53E811181E08093650631
:104490008BEA9FE10E94B53E90E08E31910518F4C1
:1044A0008EE190E005C08B3F910510F08AEF90E01F
:1044B00090936C0680936B068BEA9FE10E94B53E59
:1044C000882311F481E003C0813108F080E18093FA
:1044D00067068BEA9FE10E94B53E882311F481E0D4
:1044E00003C0813108F080E1809368068BEA9FE188
:1044F0000E94B53E811181E08093640608950E9478
:104500003022109271061092A5021092A40210920D
:104510006E0610926F0680E00E945B490E94034F76
:1045200010926D0680916B0690916C0690936A06CE
:104530008093690680916506882319F0813069F5BA
:1045400005C00E9443120E94490E089580916F0099
:104550008D7F80936F0010928900109288001092D6
:10456000810080918100809380008BE491E260E380
:104570007BE30E942E428BE491E26FE179E00E949E
:1045800034428BE491E263E279E00E9440428BE4A2
:1045900091E267E279E00E943A4208956F927F9239
:1045A0008F929F92AF92BF92CF92DF92EF92FF9243
:1045B0000F931F93CF93DF93C82EDD24EE24FF24A7
:1045C00080EA90E0A0E0B0E0C80ED91EEA1EFB1E13
:1045D0003AE0CC0CDD1CEE1CFF1C3A95D1F7882488
:1045E0009924540122E0622E24E0722EC701B60104
:1045F0000E94AF1D8BEA9FE10E94673F970144270D
:104600005527205B8BEA9FE1622F40E80E947C3FA8
:1046100010E00091121EC02FD0E08BEA9FE10E94B3
:10462000B53EA5019401210F311D411D511DC69DAF
:10463000F001C79DF00DD69DF00D1124E95FF94EF4
:10464000E20FF31F82831F5F103819F780E890E0B4
:10465000A0E0B0E0C80ED91EEA1EFB1E880E991E0F
:10466000AA1EBB1E90E0891694E0990690E0A90668
:1046700090E0B90609F0BACF8091121E90E022E0D6
:1046800034E0829FF001839FF00D929FF00D112482
:10469000E95FF94EE150FC4F908180E02291EE5F9E
:1046A000F34030E0822B932B91838083DF91CF9175
:1046B0001F910F91FF90EF90DF90CF90BF90AF9040
:1046C0009F908F907F906F9008952F923F924F927E
:1046D0005F926F927F928F929F92AF92BF92CF9292
:1046E000DF92EF92FF920F931F93DF93CF9300D04F
:1046F00000D000D0CDB7DEB7682E77248824992467
:10470000C401B30120E035E040E050E00E940B4FCF
:1047100069837A838B839C830E94AF1D8BEA9FE120
:104720000E94673F89819A81AB81BC819D014427AA
:104730005527205B8BEA9FE1622F40E80E947C3F77
:104740004424552409E0A02E05E0B02EEE24FF24D9
:104750008091DB15882319F411E0E12EF12C8BEA0E
:104760009FE10E94B53E8C018BEA9FE10E94B53E1D
:10477000F201EE0FFF1FEA9C9001EB9C300DFA9CBA
:10478000300D1124E20FF31FE054F94FD82ECC2442
:1047900010700C291D291683058300E010E080911C
:1047A000DB15882311F401E010E08BEA9FE10E9401
:1047B000B53E0A9DF0010B9DF00D1A9DF00D1124E0
:1047C000E40DF51DE756F44F808300E010E0809182
:1047D000DB15882311F401E010E08BEA9FE10E94D1
:1047E000B53E0A9DF0010B9DF00D1A9DF00D1124B0
:1047F000E40DF51DE755F44F808300E010E0809153
:10480000DB15882311F401E010E08BEA9FE10E94A0
:10481000B53E0A9DF0010B9DF00D1A9DF00D11247F
:10482000E40DF51DE754F44F808300E010E0809123
:10483000DB15882311F401E010E08BEA9FE10E9470
:10484000B53E0A9DF0010B9DF00D1A9DF00D11244F
:10485000E40DF51DE757F44F80830894411C511C6B
:1048600090E14916510409F071CF00E010E0809109
:10487000DB15882311F401E010E08BEA9FE10E9430
:10488000B53E29E035E0029FF001039FF00D129F35
:10489000F00D1124E054F94F808300E010E0809186
:1048A000DB15882311F401E010E08BEA9FE10E9400
:1048B000B53E29E035E0029FF001039FF00D129F05
:1048C000F00D1124E054F94F818300E010E0809155
:1048D000DB15882311F401E010E08BEA9FE10E94D0
:1048E000B53E29E035E0029FF001039FF00D129FD5
:1048F000F00D1124E054F94F838300E010E0809123
:10490000DB15882311F401E010E08BEA9FE10E949F
:10491000B53E29E035E0029FF001039FF00D129FA4
:10492000F00D1124E054F94F828300E010E08091F3
:10493000DB15882311F401E010E08BEA9FE10E946F
:10494000B53E29E035E0029FF001039FF00D129F74
:10495000F00D1124EA57F44F808300E010E08091BD
:10496000DB15882311F401E010E08BEA9FE10E943F
:10497000B53E29E035E0029FF001039FF00D129F44
:10498000F00D1124E957F44F808300E010E080918E
:10499000DB15882311F401E010E08BEA9FE10E940F
:1049A000B53E29E035E0029FF001039FF00D129F14
:1049B000F00D1124E857F44F8083C401B3012AE0BD
:1049C00030E040E050E00E940B4F7B018C010894E6
:1049D000E11CF11C011D111DA7E0EE0CFF1C001FC6
:1049E000111FAA95D1F788249924F9E02F2EF5E01C
:1049F0003F2EC801B7010E94AF1D8BEA9FE10E94C4
:104A0000673F980144275527205B8BEA9FE1622F7F
:104A100040E80E947C3F5401772429C0CC24DD2447
:104A20008091DB15882319F471E0C72ED12C8BEA15
:104A30009FE10E94B53EC29CF001C39CF00DD29C48
:104A4000F00D1124E40DF51DAD81BE81EA0FFB1FB1
:104A5000EB5FF84F80831196BE83AD835097F1F6DC
:104A600073940894A11CB11CB8E07B1649F01E8217
:104A70001D82250164E0440C551C6A95E1F7CECFF8
:104A800080E890E0A0E0B0E0E80EF91E0A1F1B1FCE
:104A9000A8E0B0E08A0E9B1EB0E18B16910409F0ED
:104AA000A8CF69817A818B819C8160587B4F8F4F21
:104AB0009F4F0E94AF1D8BEA9FE10E94673F8BEAE8
:104AC0009FE160E570E040E850E00E94783F10E030
:104AD00059E0E52E55E0F52ECC24DD248091DB1540
:104AE000882319F441E0C42ED12C8BEA9FE10E9467
:104AF000B53ECE9CF001CF9CF00DDE9CF00D112454
:104B0000E054F94FE10FF11DEB5BFB4F80831F5F1A
:104B1000103811F726960FB6F894DEBF0FBECDBF42
:104B2000CF91DF911F910F91FF90EF90DF90CF9089
:104B3000BF90AF909F908F907F906F905F904F90BD
:104B40003F902F9008952F923F924F925F926F92D5
:104B50007F928F929F92AF92BF92CF92DF92EF920D
:104B6000FF920F931F93DF93CF9300D000D0CDB768
:104B7000DEB7882E9924AA24BB24C501B40120E005
:104B800035E040E050E00E940B4F362E272E8983FF
:104B90009A830E94AF1D66247724B9E0CB2EB5E03E
:104BA000DB2E8091DB1590E0F301EE0FFF1F79E023
:104BB000E72E75E0F72E9C012C9DC0012D9D900DD8
:104BC0003C9D900D1124E80FF91FE054F94F6581C9
:104BD00016818BEA9FE10E94243F8BEA9FE1612FBF
:104BE0000E94243F8091DB1590E08C9DF0018D9D0B
:104BF000F00D9C9DF00D1124E60DF71DE756F44FC6
:104C00008BEA9FE160810E94243F8091DB1590E058
:104C10008C9DF0018D9DF00D9C9DF00D1124E60DF5
:104C2000F71DE755F44F8BEA9FE160810E94243F16
:104C30008091DB1590E08C9DF0018D9DF00D9C9D89
:104C4000F00D1124E60DF71DE754F44F8BEA9FE1B8
:104C500060810E94243F8091DB1590E08C9DF001E3
:104C60008D9DF00D9C9DF00D1124E60DF71DE7576D
:104C7000F44F8BEA9FE160810E94243F8BE491E234
:104C80000E94FA470894611C711C30E1631671049C
:104C900009F087CF8091DB1590E08E9DF0018F9D0C
:104CA000F00D9E9DF00D1124E054F94F8BEA9FE129
:104CB00060810E94243F8091DB1590E08E9DF00181
:104CC0008F9DF00D9E9DF00D1124E054F94F8BEA5D
:104CD0009FE161810E94243F8091DB1590E08E9DD1
:104CE000F0018F9DF00D9E9DF00D1124E054F94FC1
:104CF0008BEA9FE163810E94243F8091DB1590E065
:104D00008E9DF0018F9DF00D9E9DF00D1124E054BD
:104D1000F94F8BEA9FE162810E94243F8091DB156D
:104D200090E08E9DF0018F9DF00D9E9DF00D112461
:104D3000EA57F44F8BEA9FE160810E94243F809103
:104D4000DB1590E08E9DF0018F9DF00D9E9DF00D86
:104D50001124E957F44F8BEA9FE160810E94243FC0
:104D60008091DB1590E08E9DF0018F9DF00D9E9D52
:104D7000F00D1124E857F44F8BEA9FE160810E9407
:104D8000243F8BEA9FE10E94673F6AE070E080E089
:104D900090E00E94B0488BE491E20E94FA47C5017E
:104DA000B4012AE030E040E050E00E940B4F7B016C
:104DB0008C010894E11CF11C011D111D67E0EE0C33
:104DC000FF1C001F111F6A95D1F7AA24BB2459E0CC
:104DD000452E55E0552EC801B7010E94AF1D650153
:104DE000992429C08091DB1590E0849DF001859D78
:104DF000F00D949DF00D1124E60DF71D8B819C8123
:104E0000E80FF91FEB5FF84F8BEA9FE160810E948A
:104E1000243FAB81BC811196BC83AB83509711F7C3
:104E20008BE491E20E94FA4793940894C11CD11C30
:104E3000B8E09B1649F01C821B82360144E0660CE8
:104E4000771C4A95E1F7CECF8BEA9FE10E94673F3E
:104E50006AE070E080E090E00E94B04880E890E076
:104E6000A0E0B0E0E80EF91E0A1F1B1FA8E0B0E0AA
:104E7000AA0EBB1EB0E1AB16B10409F0ACCF632D96
:104E8000722D89819A8160587B4F8F4F9F4F0E946E
:104E9000AF1D10E039E0E32E35E0F32E8091DB15F5
:104EA00090E08E9DF0018F9DF00D9E9DF00D1124E0
:104EB000E054F94FE10FF11DEB5BFB4F8BEA9FE1F3
:104EC00060810E94243F1F5F103841F78BE491E21C
:104ED0000E94FA478BEA9FE10E94673F6AE070E018
:104EE00080E090E00E94B0480F900F900F900F90DC
:104EF000CF91DF911F910F91FF90EF90DF90CF90B6
:104F0000BF90AF909F908F907F906F905F904F90E9
:104F10003F902F900895AF92BF92CF92DF92EF9281
:104F2000FF920F931F938F3708F08FE700D000D0C8
:104F3000682F70E080E090E02AEF3FE040E050E032
:104F4000EDB7FEB7218332834383548320E030E002
:104F500040E050E01FE7E12EF12C012D112DAA2495
:104F6000BB2465010E947A4E8B011F701061309145
:104F70001C1E20911D1E80919E1E0F900F900F9061
:104F80000F90882381F0813051F48DB38093A01E5F
:104F90009DB380919F1E809589238DBB04C08FB7E0
:104FA000F8948093A01E3CBD2DBD5D9885E090E0F7
:104FB0000E9409491EBD00000DB407FEFDCF8EB54D
:104FC0000EBD00000DB407FEFDCF8EB55D9A809139
:104FD0009E1E882339F09091A01E813011F49DBB54
:104FE00001C09FBF1F910F91FF90EF90DF90CF9076
:104FF000BF90AF9008956F927F928F929F92AF92E1
:10500000BF92CF92DF92EF92FF920F931F93CF93B5
:10501000DF9381E00E94FB01909343068093420658
:1050200080919606882349F080916F06882329F0A5
:1050300010926F0681E0809313038091C7029091D4
:10504000C802059711F01092040680916F0688231C
:1050500011F410926E0680917205882361F08091A0
:10506000211E8F5F8093211E843010F01092211E2C
:1050700081E08093130380915C05882321F4809163
:10508000231E882399F181E0809396061092C60230
:10509000109271061092A5021092A40280E090E096
:1050A00011E0FC01EE0FFF1FEA55FD4F1182108247
:1050B000FC01E055F94F1082FC01E356F94F1083D3
:1050C00001968031910569F71092820610926A0567
:1050D000109295068BE491E26AEF70E00E9406461A
:1050E000109A1093361E119A1093371E80916705FF
:1050F000882321F080914006882341F08091241E6E
:10510000882321F48091251E8823D1F10E943A1230
:105110008091241E882319F010926A0507C080919F
:10512000251E882319F081E080936A0580916A0525
:105130008F5F80936A05813019F0823009F50EC0C7
:105140008093C602109296068BE491E26CEF70E0B9
:105150000E94064610981092361E12C01092C60287
:1051600011E01093960610926A05109271068BE476
:1051700091E26BEF70E00E940646109A1093361E83
:105180008091BE05882309F442C08091930588234D
:1051900079F084E090E09093C8028093C70281E0A8
:1051A0008093130310921A1E10926F061092131E12
:1051B00080910C06882321F080919B060E9464094F
:1051C00080910106882339F080919B060E94430A52
:1051D00081E08093DC158091A905882309F4E5C05E
:1051E00080919606882309F0E0C081E080936F06E5
:1051F00080916E068F5F80936E061092211E833021
:1052000008F4D0C010926E0610926F06CBC0809149
:105210002D068823C1F08091C7029091C8020197A2
:1052200029F41092C8021092C70206C081E090E0F3
:105230009093C8028093C70281E080931303109279
:105240001A1E10926F06809122068823C1F0809169
:10525000C7029091C802039719F482E090E002C05F
:1052600083E090E09093C8028093C70281E080932E
:10527000130310921A1E10926F061092131E809143
:105280009305882311F00E94D50B80919E058823F9
:1052900011F00E94BE0C80917D05882309F449C05D
:1052A000809180058F5F80938005813021F082306E
:1052B00009F03FC020C081E191E19093AF06809357
:1052C000AE068091DB1590E029E035E0829FF00189
:1052D000839FF00D929FF00D1124E054F94FEB568F
:1052E000FF4F8FE7808334968EE1808334968083EE
:1052F000349680831EC01092AF061092AE06809145
:10530000DB1590E029E035E0829FF001839FF00DEE
:10531000929FF00D1124E054F94FEB56FF4F80E5BA
:105320008083349680833496808334968083109271
:10533000800580910106882319F1809104068F5F12
:1053400080930406813019F08230D1F40FC080912F
:10535000C7029091C802909398068093970685E0C3
:1053600090E09093C8028093C7020AC0809197068C
:10537000909198069093C8028093C70210920406F9
:105380008091C7029091C802059711F0109204060F
:1053900080916F06882311F410926E068091AA0501
:1053A000882319F081E0809313038091C7029091C4
:1053B000C8020397029708F033C780914206909184
:1053C0004306892B11F410924106809140068823F0
:1053D00079F08091420690914306892B49F081E053
:1053E0008093691E10921A1E0E942F0480939906C2
:1053F0008091691E882349F080911806882329F03E
:1054000081E0809313031092691E809140068823E7
:1054100051F08091CA05882331F08CE08093990681
:1054200081E0809313038091BE05882351F0809121
:105430007D05882331F08DE08093990681E080938B
:10544000130380913706882309F457C080911A1EF0
:10545000882309F052C08091C7029091C802049736
:1054600009F44BC080919606882309F446C0209128
:10547000DB1530E060919906C62FD0E0BE016E5872
:10548000794FDB011C91FE01EE0FFF1F89E095E0D3
:10549000289FA001299F500D389F500D1124E40F23
:1054A000F51FE054F94F81E090E0A0E0B0E004C0C7
:1054B000880F991FAA1FBB1F1A95D2F78095909548
:1054C000258136818223932396838583FB01808106
:1054D000FE0194E0EE0FFF1F9A95E1F7E40FF51F30
:1054E000E054F94FE80FF11DEB5BFF4FC750DD4F64
:1054F0008881808381E08093DC1580913806882341
:1055000009F444C080911A1E882309F03FC080919D
:10551000C7029091C8020497C9F18091960688232A
:10552000A9F520E030E069E075E041E01FE058E1D6
:105530008091DB1590E0D901AA0FBB1F869FF00177
:10554000879FF00D969FF00D1124AE0FBF1FA05442
:10555000B94F16961C921E921597E054F94FE20F20
:10556000F31FE750FB4F4083B09710837096508332
:10557000B09710822F5F3F4F20313105C9F683E08D
:10558000809309034093DC15409313038091B40585
:10559000882321F48091B505882319F081E0809358
:1055A000130380918805882309F45FC080911A1E37
:1055B000882309F05AC081E0809313038093DC159F
:1055C00080918B058F5F80938B05843011F410924E
:1055D0008B05E0918B05F0E0EB51FD4F5081809100
:1055E000BE050091DB15882361F1202F30E089E0B2
:1055F00095E0289FF001299FF00D389FF00D1124B0
:10560000E054F94F518320E030E049E055E08091CB
:10561000DB1590E0849FD001859FB00D949FB00D65
:105620001124A054B94FFD01E20FF31FE751FB4FC6
:1056300011968C9180832F5F3F4F2031310539F7D0
:1056400014C040919906202F30E089E095E0289F12
:10565000F001299FF00D389FF00D1124E054F94F0F
:10566000E40FF11DE751FB4F508340919906809163
:10567000DB1590E029E035E0829FF001839FF00D7B
:10568000929FF00D1124E054F94FE40FF11DE75102
:10569000FB4F9081E0918B05F0E0EB51FD4F808155
:1056A0009817B1F0903189F0913118F49C3081F461
:1056B00008C0983119F0903259F405C010928B054A
:1056C00007C081E003C082E001C083E080938B05C6
:1056D0008091DF05882309F47EC080911706882316
:1056E00009F479C08091BE050091DB15882309F08B
:1056F00042C010E080919906C82FD0E00E942F048C
:1057000049E055E0049F9001059F300D149F300D36
:105710001124C20FD31FC756D44F88838091DB1545
:1057200090E0849FF001859FF00D949FF00D11246F
:10573000E054F94F108220E030E08091DB1590E0DA
:10574000849FD001859FB00D949FB00D1124A0546B
:10575000B94FFD01E20FF31FE752FB4FE0818C913F
:105760008E1718F4EC932093E0152F5F3F4F2031F4
:10577000310519F72BC010E00E942F0429E035E015
:10578000029FF001039FF00D129FF00D1124E054D1
:10579000F94F808320E030E049E055E08091DB154F
:1057A00090E0849FD001859FB00D949FB00D11248F
:1057B000A054B94FFD01E20FF31FE752FB4F8C914C
:1057C00080832F5F3F4F2031310541F781E0809387
:1057D00013038093DC158091C7029091C802833037
:1057E000910509F08AC180911806882311F0109262
:1057F00041068091DF05882309F0E9C080914006C9
:10580000882309F0E4C080911A1E882309F0DFC0C4
:1058100080919606882311F12091DB1530E080916C
:105820009906C82FD0E0CC0FDD1F89E095E0AC01D0
:10583000249FC001259F900D349F900D1124C80F07
:10584000D91FC054D94F8D819E810E9473029E83BF
:105850008D8380919B0680939C06B9C0809116062B
:10586000882309F4B4C080910B068823E9F00E94D4
:105870002F04873010F087E002C00E942F0480932D
:105880009A0680919A068295807F20919B06922F9E
:105890009F70890F80939C06281719F081E08093F0
:1058A000DD151092E11593C00E944A04882309F483
:1058B00049C01092151E0E944A04182F0E942F04FE
:1058C000181B1093E1150E942F0490919A0692954F
:1058D000907F980F9093E21590939C0681E08093BF
:1058E00041068093E4158091CA05882309F466C0B7
:1058F0001092E415C0E0D0E019C01C2F8091E21591
:105900008C0F61E00E940622082F882371F080919D
:10591000E2158C0F60E00E9406229091E215190FAB
:10592000181B812F602F0E94622021966091E11543
:10593000862F90E08C179D0704F78091E2150E9456
:10594000B2203CC0809141068823C1F51092E41535
:105950000E942F0440919A064295407F480F409341
:105960009C068091CA058823C1F08091DB1590E0E8
:1059700029E035E0829FF001839FF00D929FF00DAA
:105980001124E054F94FEA53FB4F8191481B842FB7
:1059900060810E9462201092E1158091DB1590E0F9
:1059A00029E035E0829FF001839FF00D929FF00D7A
:1059B0001124EA57F44F80818093E31590919B0660
:1059C00080919C06981719F081E08093DD158091F5
:1059D000151E882301F19091E1159923E1F0809142
:1059E000E3158F5F8093E315981710F41092E31579
:1059F0008091E3159091E215890F80939C06909118
:105A00009B06981719F081E08093DD151092151E02
:105A100081E0809313038091BE05882309F400C4BC
:105A200080919E05882309F4FBC380914006009174
:105A3000DB15409199068823D1F0802F90E029E072
:105A400035E0829FF001839FF00D929FF00D1124AD
:105A5000E054F94FE40FF11DE753FB4F80818F5F56
:105A600080838150833008F4DBC31082D9C3802F38
:105A700090E029E035E0829FF001839FF00D929F36
:105A8000F00D1124E054F94FE40FF11DE753FB4FE3
:105A900080818F5F80838150833008F01082409135
:105AA00099068091DB1590E029E035E0829FF001B6
:105AB000839FF00D929FF00D1124E054F94FE40FF5
:105AC000F11DE753FB4F608120E030E049E055E0F5
:105AD0008091DB1590E0849FF001859FF00D949FED
:105AE000F00D1124E20FF31FE757F44F60832F5F8F
:105AF0003F4F2031310561F793C3049709F090C3FC
:105B000080913706882381F12091DB1530E0E09108
:105B10009906F0E0DF01AE58B94F4C91EE0FFF1F30
:105B200089E095E0BC01269FC001279F900D369F1C
:105B3000900D1124E80FF91FE054F94F81E090E037
:105B4000A0E0B0E004C0880F991FAA1FBB1F4A95B0
:105B5000D2F7809590952581368182239323968371
:105B6000858381E08093DC158091DF05882309F02F
:105B700023C380914006882309F01EC3809142060A
:105B80009091430694FF06C095FF04C081E0809386
:105B9000681E02C01092681E09EF13E0C3E8D2E04D
:105BA000CC24DD24A1E06A2E712CF1E08F2E912C03
:105BB000A12CB12CE9E0EE2EE5E0FE2E2C2D8091FB
:105BC0004206909143060C2C02C0969587950A9444
:105BD000E2F7982F9170D8019C9311968C911197B0
:105BE000981709F4DAC212968C91882309F0D5C26D
:105BF000913009F0D2C2253009F442C1263090F428
:105C0000223009F475C0233030F4CC2009F1213062
:105C100009F0FDC145C0233009F492C0243009F0D9
:105C2000F6C1B6C0283009F47BC1293038F42630DB
:105C300009F44EC1273009F0EAC1C2C12A3009F483
:105C4000F7C02A3008F494C12B3009F0E0C1C8C075
:105C5000809196068823F9F020918206E881F0E091
:105C60008091DB1590E074E0EE0FFF1F7A95E1F76D
:105C7000AC014E9DC0014F9D900D5E9D900D112475
:105C8000E80FF91FE054F94FE20FF11DEB5BFF4FF6
:105C90008091E90280838091E9028093581EB7C108
:105CA000809196068823F9F020918206E881F0E041
:105CB0008091DB1590E064E0EE0FFF1F6A95E1F73D
:105CC000BC016E9DC0016F9D900D7E9D900D1124B5
:105CD000E80FF91FE054F94FE20FF11DEB5BFF4FA6
:105CE0008091EA0280838091EA028093591E8FC1DD
:105CF000809196068823F9F020918206E881F0E0F1
:105D00008091DB1590E054E0EE0FFF1F5A95E1F70C
:105D1000DC01AE9DC001AF9D900DBE9D900D112484
:105D2000E80FF91FE054F94FE20FF11DEB5BFF4F55
:105D30008091EB0280838091EB0280935A1E67C1B1
:105D4000809196068823F9F020918206E881F0E0A0
:105D50008091DB1590E044E0EE0FFF1F4A95E1F7DC
:105D6000AC014E9DC0014F9D900D5E9D900D112484
:105D7000E80FF91FE054F94FE20FF11DEB5BFF4F05
:105D80008091EC0280838091EC0280935B1E3FC186
:105D9000809196068823F9F020918206E881F0E050
:105DA0008091DB1590E034E0EE0FFF1F3A95E1F7AC
:105DB000BC016E9DC0016F9D900D7E9D900D1124C4
:105DC000E80FF91FE054F94FE20FF11DEB5BFF4FB5
:105DD0008091ED0280838091ED0280935C1E17C15B
:105DE000809196068823F9F020918206E881F0E000
:105DF0008091DB1590E0B4E0EE0FFF1FBA95E1F75C
:105E0000DC01AE9DC001AF9D900DBE9D900D112493
:105E1000E80FF91FE054F94FE20FF11DEB5BFF4F64
:105E20008091F40280838091F4028093631EEFC01E
:105E3000809196068823F9F020918206E881F0E0AF
:105E40008091DB1590E0A4E0EE0FFF1FAA95E1F72B
:105E5000AC014E9DC0014F9D900D5E9D900D112493
:105E6000E80FF91FE054F94FE20FF11DEB5BFF4F14
:105E70008091F30280838091F3028093621EC7C0F9
:105E8000809196068823F9F020918206E881F0E05F
:105E90008091DB1590E074E0EE0FFF1F7A95E1F73B
:105EA000BC016E9DC0016F9D900D7E9D900D1124D3
:105EB000E80FF91FE054F94FE20FF11DEB5BFF4FC4
:105EC0008091EE0280838091EE0280935D1E9FC0E0
:105ED000809196068823F9F020918206E881F0E00F
:105EE0008091DB1590E064E0EE0FFF1F6A95E1F70B
:105EF000DC01AE9DC001AF9D900DBE9D900D1124A3
:105F0000E80FF91FE054F94FE20FF11DEB5BFF4F73
:105F10008091EF0280838091EF0280935E1E77C0B4
:105F2000809196068823F9F020918206E881F0E0BE
:105F30008091DB1590E054E0EE0FFF1F5A95E1F7DA
:105F4000AC014E9DC0014F9D900D5E9D900D1124A2
:105F5000E80FF91FE054F94FE20FF11DEB5BFF4F23
:105F60008091F10280838091F1028093601E4FC086
:105F7000809196068823F9F020918206E881F0E06E
:105F80008091DB1590E044E0EE0FFF1F4A95E1F7AA
:105F9000BC016E9DC0016F9D900D7E9D900D1124E2
:105FA000E80FF91FE054F94FE20FF11DEB5BFF4FD3
:105FB0008091F20280838091F2028093611E27C05B
:105FC000809196068823F9F020918206E881F0E01E
:105FD0008091DB1590E034E0EE0FFF1F3A95E1F77A
:105FE000DC01AE9DC001AF9D900DBE9D900D1124B2
:105FF000E80FF91FE054F94FE20FF11DEB5BFF4F83
:106000008091F00280838091F00280935F1E5E9801
:106010005F9A8091601E0E948B279091361E946E2D
:106020008091371E880F892B82B98091611E0E9452
:106030008B279091361E94668091371E880F892B8E
:1060400082B98091621E0E948B279091361E946ABD
:106050008091371E880F892B82B98091631E0E9420
:106060008B279091361E94628091371E880F892B62
:1060700082B984E690E00E9409495E9A5F98809117
:10608000581E0E948B279091361E946E8091371E69
:10609000880F892B82B98091591E0E948B2790917D
:1060A000361E94668091371E880F892B82B98091A5
:1060B0005A1E0E948B279091361E946A8091371E3B
:1060C000880F892B82B980915B1E0E948B2790914B
:1060D000361E94628091371E880F892B82B9809179
:1060E0005C1E0E948B279091361E946C8091371E07
:1060F000880F892B82B980915D1E0E948B27909119
:10610000361E94648091371E880F892B82B9809146
:106110005E1E0E948B279091361E94688091371ED8
:10612000880F892B82B980915F1E0E948B279091E6
:10613000361E94608091371E880F892B82B9C30167
:10614000088002C0880F991F0A94E2F70E94B004E9
:10615000809196068823C9F0E881F0E020918206BC
:10616000EE0FFF1FEB51FA4EC501B40104C0660FDC
:10617000771F881F991F2A95D2F79B01AC01808158
:106180009181822B932B9183808380ED97E00E94F5
:10619000094980E090E00E94B004D8018C911196EA
:1061A0008C930894C11CD11C055F1F4F2196B0E150
:1061B000CB16D10409F002CD8091AD06882381F180
:1061C000A5EEB5E120E030E069E075E011E04D9129
:1061D0005C91119741155105E9F08091DB1590E034
:1061E000F901EE0FFF1FEC01C69FC001C79F900D84
:1061F000D69F900D1124E80FF91FE054F94F8581C7
:106200009681842B952B9683858311961C921E92E2
:106210001093DC152F5F3F4F129620313105B9F6F0
:106220008091C7029091C802029709F0CDC0809179
:106230001806882311F01092410680914206909131
:106240004306892B09F48AC080910B068823E9F064
:106250000E942F04873010F087E002C00E942F04B4
:1062600080939A0680919A068295807F20919B0662
:10627000922F9F70890F80939C061092E11528172A
:1062800009F46CC08091960664C00E944A04882379
:1062900029F10E944A04182F0E942F04181B109302
:1062A000E1150E942F0490919A069295907F980F85
:1062B0009093E21590939C0680919606882341F076
:1062C00080916406813021F48091E1158093E3157B
:1062D00081E0809341068093E41522C080914106BD
:1062E0008823F1F41092E4151092E1150E942F0416
:1062F00090919A069295907F980F90939C0680912A
:10630000DB1590E029E035E0829FF001839FF00DDE
:10631000929FF00D1124EA57F44F80818093E3158A
:1063200090919B0680919C069817C1F0809117066A
:106330008823A1F090916406913049F480919606EB
:10634000882319F09093130302C09093DD15809178
:106350006406882319F481E08093DD158091151E71
:10636000882309F4BFC39091E115992309F4BAC3B6
:106370008091E315981710F41092E3158091E315BE
:106380009091E215980F90939C068F5F8093E31590
:1063900080919B06891719F081E08093DD1510929A
:1063A000151E81E0809313030FC08091E1158823AF
:1063B00059F490919B0680919C06981719F081E002
:1063C0008093DD151092151E8091C7029091C8022E
:1063D000019709F034C2809117068823D1F180918A
:1063E0000B068823C1F00E942F04873010F087E04D
:1063F00002C00E942F0480939A0680919A0682958B
:10640000807F20919B06922F9F70890F80939C061E
:106410002817E1F41EC08091D405882351F00E9412
:106420002F0480930B1E81E08093111E8093130331
:1064300010C00E942F0490919A069295907F980F19
:1064400090939C0680919B06891719F081E08093B8
:10645000DD158091EB05882389F180910D1E9091C7
:106460000E1E019790930E1E80930D1E8150944036
:1064700020F010920E1E10920D1E8091121E90E0C0
:1064800022E034E0829FF001839FF00D929FF00D97
:106490001124E95FF94E80910D1E90910E1EE80FB8
:1064A000F91F928190939C0680919B06891719F0A1
:1064B00081E08093DD1581E0809313038091F605E0
:1064C000882399F180910D1E90910E1E0196909354
:1064D0000E1E80930D1E8150944030F080E094E0B9
:1064E00090930E1E80930D1E8091121E90E022E06C
:1064F00034E0829FF001839FF00D929FF00D1124F4
:10650000E95FF94E80910D1E90910E1EE80FF91F64
:10651000928190939C0680919B06891719F081E0E7
:106520008093DD1581E080931303809138068823E2
:1065300009F110920E1E10920D1E8091121E90E015
:1065400021E032E0829FF001839FF00D929FF00DD9
:106550001124EE0FFF1FE75FF94E908190939C0688
:1065600080919B06891719F081E08093DD1581E009
:10657000809313038091BE05882309F4FAC08091AB
:10658000D405882319F18091121E90E022E034E0B6
:10659000829FF001839FF00D929FF00D1124E95F1F
:1065A000F94E8081918190930E1E80930D1EE80F0D
:1065B000F91F928190939C0680919B06891719F090
:1065C00081E08093DD1581E0809313038091EB05DA
:1065D000882309F463C08091121E90E022E034E029
:1065E000829FF001839FF00D929FF00D1124E95FCF
:1065F000F94E0190F081E02D309709F44FC0809161
:106600000D1E90910E1E31979C012F5F3F4F8E17EC
:106610009F0708F03FC0E90142E054E00AC0CE0104
:106620000196CA0FDB1FFD01E80FF91F22812A83A3
:10663000EC018091121E90E0849FD001859FB00DE7
:10664000949FB00D1124A95FB94E8D919C91119723
:10665000C817D90720F3E0910D1EF0910E1E319658
:10666000F0930E1EE0930D1E019711969C938E934E
:10667000EA0FFB1F928190939C0680919B068917DD
:1066800019F081E08093DD1581E08093131E8093E3
:10669000130304C030930E1E20930D1E8091F60547
:1066A000882309F466C040910D1E50910E1E809102
:1066B000121E90E022E034E0829FF001839FF00DF3
:1066C000929FF00D1124E95FF94E208131812F5FF7
:1066D0003F4F4217530708F046C0E90142E054E03B
:1066E00015C0822F90E09E0121503040849FF00120
:1066F000859FF00D949FF00D1124E95FF94ECE0FA8
:10670000DF1FE20FF31F82818A83E901A0910D1E32
:10671000B0910E1E2091121ECA17DB0710F71197B9
:10672000B0930E1EA0930D1E30E082E094E0289FEF
:10673000F001299FF00D389FF00D1124E95FF94E0B
:10674000AE0FBF1F20919B0612962C9380819181E2
:1067500001969183808320939C0681E08093131E91
:106760008093130306C04150504050930E1E409337
:106770000D1E8091CB05882309F461C08091141E01
:10678000882309F05CC08091121E90E022E034E082
:10679000829FF001839FF00D929FF00D1124E95F1D
:1067A000F94E80910D1E90910E1EE80FF91F209159
:1067B0009B062283019690930E1E80930D1E81509E
:1067C000944030F080E094E090930E1E80930D1E74
:1067D0008091121E90E022E034E0829FF001839FBE
:1067E000F00D929FF00D1124E95FF94E80910D1E7E
:1067F00090910E1EE80FF91F928190939C06809154
:106800009B06891719F081E08093DD158091121E97
:1068100090E022E034E0829FF001839FF00D929F90
:10682000F00D1124E95FF94E80910D1E90910E1E1E
:106830009183808381E08093131E80931303809162
:10684000C7029091C802892B09F07DC08091151E66
:10685000882309F444C040910D1E50910E1E4F5FD5
:106860005F4F50930E1E40930D1E8091121E90E0BC
:1068700022E034E0829FF001839FF00D929FF00DA3
:106880001124E95FF94E808191814817590720F062
:1068900010920E1E10920D1E8091121E90E022E0AA
:1068A00034E0829FF001839FF00D929FF00D112440
:1068B000E95FF94E80910D1E90910E1EE80FF91FB1
:1068C000928190939C0680919B06891719F081E034
:1068D0008093DD151092151E81E080931303809143
:1068E0003806882309F110920E1E10920D1E809119
:1068F000121E90E021E032E0829FF001839FF00DB4
:10690000929FF00D1124EE0FFF1FE75FF94E90816B
:1069100090939C0680919B06891719F081E08093E3
:10692000DD1581E080931303809142069091430628
:10693000892B49F00E942F0480930B1E81E08093E5
:10694000111E809313038091111E882361F1109210
:10695000111E11E0109313031092131E80910B1E51
:106960000E94CE2280910B1E80930C1E8091121EDD
:1069700090E022E034E0829FF001839FF00D929F2F
:10698000F00D1124E95FF94E80910D1E90910E1EBD
:10699000E80FF91F928190939C0680919B068917BE
:1069A00011F01093DD158091131E8823C9F080919A
:1069B000CC058823A9F01092131E80910C1E0E9412
:1069C00081210E94871081E08093141E0E94A248BA
:1069D0006093161E7093171E8093181E9093191EB5
:1069E0000E94A2482091161E3091171E4091181E39
:1069F0005091191E621B730B840B950B695E7340DB
:106A00008040904010F01092141E8091DD15882374
:106A100089F01092DD1511E0109313031092DF1529
:106A200080919C060E94652380919C0680939B0622
:106A30001093DE158091DE158823A9F01092DE15E3
:106A400083E08093090310921B1E0E946D1290E058
:106A50008091DB15882309F491E09093DB150E9467
:106A6000210B0E946C0B8091DC15882339F0109269
:106A7000DC150E946C0B81E08093DF158091DF159F
:106A8000882381F08091CA05882361F080914006B7
:106A9000882341F41092DF1580919B060E94A32564
:106AA0000E9487108091CB05882319F081E08093A4
:106AB00013038091C7029091C8020597C9F40E9400
:106AC000A20380917105882399F010920616109206
:106AD0000516EFEAF4E010823B9655E0EF35F50736
:106AE000D1F706C08091151E882309F46DCC5DCCCA
:106AF000DF91CF911F910F91FF90EF90DF90CF909A
:106B0000BF90AF909F908F907F906F90089510925C
:106B1000231E1092241E1092251E8BE491E20E94E7
:106B2000FA470E94760F0E9466190E945E050E9435
:106B300033210E94FB270E94AC120E9421150E9463
:106B4000720E08950F931F93CF93DF93E82FF0E019
:106B5000E85CFC4F60830E942412CBE0D3E000E4A9
:106B600013E082B18F7182B992B189918295880FB9
:106B7000807E892B82B9F80181918F010E948B2739
:106B800085E090E00E940949F3E0CF30DF0749F744
:106B90000E942F12C0E0D0E082B18F7182B992B111
:106BA000FE01E55FFC4F80818295880F807E892BF6
:106BB00082B9FE01E85CFC4F80810E948B2785E052
:106BC00090E00E9409492196C830D10529F7DF914C
:106BD000CF911F910F9108950F931F93CF93DF9340
:106BE000982FC82FD0E08E010A5D114EF8018081E8
:106BF0008823B9F4892F0E94A23581E090E002C079
:106C0000880F991FCA95E2F70E94B00488EE93E0BE
:106C10000E94094980E090E00E94B00481E0F80100
:106C20008083DF91CF911F910F910895282F4423E6
:106C3000D9F580916806281709F065C0862F90E085
:106C4000FC01B297EB31F10508F05DC0EF59FF4F41
:106C5000EE0FFF1F0590F491E02D09941092261E6F
:106C600008951092271E08951092281E08951092DC
:106C7000291E089510922A1E089510922B1E089521
:106C800010922C1E08951092301E089510922F1EFF
:106C9000089510922E1E089510922D1E08951092A0
:106CA000311E0895129A089580916806281759F5A3
:106CB000862F90E0FC01B297EB31F10520F5E45806
:106CC000FF4FEE0FFF1F0590F491E02D099480E037
:106CD00015C081E013C082E011C083E00FC084E0E2
:106CE0000DC085E00BC086E009C08AE007C089E0DE
:106CF00005C088E003C087E001C08BE0642F0E94DC
:106D0000EC350895129808950F931F93CF93DF9356
:106D10000E9424120BE013E0E80182B18F7182B966
:106D200092B189918295880F807E892B82B98FE7F5
:106D30000E948B2785E090E00E94094983E0CF30D4
:106D4000D80759F70E942F1282B18F7182B992B180
:106D5000F80181918F018295880F807E892B82B9FD
:106D60008FE70E948B2785E090E00E940949F3E0BD
:106D700003311F0749F7DF91CF911F910F910895BC
:106D800083E49EE160E040E00E947C3D83E49EE17C
:106D90006BE272E00E94774E83E49EE160E041E0A6
:106DA0000E947C3D83E49EE16CE372E00E94774E9A
:106DB0000E9484368FEF9FEF0E94B00488EE93E02C
:106DC0000E9409490E94E40468EE73E080E090E0CC
:106DD0000E94B048D5CFEF92FF920F931F93CF93AD
:106DE000DF930E94241208E010E0B9E0EB2EB5E03A
:106DF000FB2E82B18F7182B992B1F801ED5FFC4F29
:106E000080818295880F807E892B82B98091DB15E5
:106E100090E0F801EE58F94F2081F801A4E0EE0F60
:106E2000FF1FAA95E1F7AC014E9DC0014F9D900D4B
:106E30005E9D900D1124E80FF91FE054F94FE20F09
:106E4000F11DEB5BFF4F508140917E06FC01E05449
:106E5000F94F258D368D02C0369527954A95E2F774
:106E60002170307080910616682F62956F70EB016B
:106E7000D0E0CE01817090708095909528233923C1
:106E8000232B11F480E005C0E853FB4F8081880F6D
:106E9000880F850F0E948B2785E090E00E940949AA
:106EA0000F5F1F4F0C30110509F0A3CF0E942F1266
:106EB00000E010E0E9E0EE2EE5E0FE2E82B18F71F9
:106EC00082B992B1F801E55FFC4F80818295880F0D
:106ED000807E892B82B98091DB1590E0F801EE5815
:106EE000F94F2081F80164E0EE0FFF1F6A95E1F78A
:106EF000AC014E9DC0014F9D900D5E9D900D1124E3
:106F0000E80FF91FE054F94FE20FF11DEB5BFF4F63
:106F1000508140917E06FC01E054F94F258D368D5D
:106F200002C0369527954A95E2F72170307080911E
:106F30000616682F62956F70EB01D0E0CE0181706C
:106F400090708095909528233923232B11F480E0AD
:106F500005C0E853FB4F8081880F880F850F0E9482
:106F60008B2785E090E00E9409490F5F1F4F083092
:106F7000110509F0A3CFDF91CF911F910F91FF90E1
:106F8000EF9008958BE160E00E947D498BE161E024
:106F90000E94E1498CE160E00E947D498CE161E062
:106FA0000E94E149089584B1886184B98AB1806FF3
:106FB0008AB981B18C6E81B9129A88E161E00E9430
:106FC0007D4989E161E00E947D490E94733C8FEF19
:106FD0000E94513C8BEA9FE10E94803F08959F925E
:106FE000AF92BF92CF92DF92EF92FF920F931F93D7
:106FF000CF93DF9380914D0690E0882309F491E0D0
:1070000090934D068091710660E30E942A4F992368
:1070100039F480919302882309F491E090939302CC
:10702000809171069091DB15092F10E090919906DF
:10703000C92FD0E029E035E0029FF001039FF00D59
:10704000129FF00D1124EC0FFD1FE755F44F6081E6
:10705000669590E070E00E94364F892B19F4CC566B
:10706000DD4F18828091710690E083709070892BBB
:1070700039F48091C80085FFFCCF88EF8093CE0063
:10708000809165068823A1F48091710690E0837059
:107090009070892B29F4119A81E08093371E08C0E3
:1070A000809171068370823019F411981092371E06
:1070B00080919606882309F4B3C28091710629E075
:1070C00035E0029FF001039FF00D129FF00D112497
:1070D000E054F94F218190E0622F70E00E94364F1A
:1070E000269530E08217930729F4809182068F5FFE
:1070F000809382062091820689E095E0089FF00146
:10710000099FF00D189FF00D1124E054F94F808174
:10711000821710F410928206109294061092930631
:107120006DE9E62E66E0F62EC0E0D0E059E0A52E2F
:1071300055E0B52E99249394809171069091DB15BA
:10714000092F10E00A9DF0010B9DF00D1A9DF00D26
:107150001124EC0FFD1FE755F44F308190E0632FB1
:1071600070E00E94364F892B21F4FE01ED57F94F54
:1071700090822091710640EBC42E46E0D42ECC0EB6
:10718000DD1EF60180810A9DF0010B9DF00D1A9D18
:10719000F00D1124EC0FFD1FE754F44FE081F0E0F7
:1071A0003197EE0FFF1FE80FF11DEE0FFF1FE753A2
:1071B000FD4F80819181820F911D632F70E00E94AD
:1071C0004A4F892B09F0C4C0FE01ED57F94F808169
:1071D000882309F4BDC01082F601808190E08823E5
:1071E00009F491E0FE01E055F94F9083FE01EC5661
:1071F000FD4F90820A9DD0010B9DB00D1A9DB00DE0
:107200001124A054B94FAC0FBD1FA753BB4F8C9195
:10721000A95CB440813081F0813030F08230E1F0FF
:10722000833009F05AC045C0FE01EE0FFF1FEA553A
:10723000FD4F808191810BC0FE01EE0FFF1FEA55CB
:10724000FD4F20813181A752BB4F8C91821BFE01E3
:10725000EE58F94F808341C0FE01EE58F94F80810E
:10726000A752BB4F2C91821709F0E6C1F70180812C
:10727000813009F0E1C1108205C0F70180818823C7
:1072800009F49082F7018081FE01EE0FFF1FDE01FD
:10729000AE58B94F882331F0EA55FD4F8081918176
:1072A0008C931BC0EA55FD4F80819181281B2C9344
:1072B00014C0A752BB4F2C9130E02F5F3F4F4427A3
:1072C00037FD4095542F60E070E080E090E00E9430
:1072D000E54EFE01EE58F94F6083CC3079F12091F4
:1072E000930630919406FE01EE58F94F408180914B
:1072F000DB1590E0FE01EE0FFF1FBC016A9DC0018F
:107300006B9D900D7A9D900D1124E80FF91FE054AC
:10731000F94F8581968102C0969587954A95E2F747
:10732000817090700C2E02C0880F991F0A94E2F7AA
:10733000822B932B9093940680939306FE01EE0F7D
:10734000FF1FEA55FD4F80819181019691838083D3
:1073500021960894E11CF11CC031D10509F0ECCE56
:10736000809171069091DB15C92FD0E09091E015C6
:1073700029E035E0C29FF001C39FF00DD29FF00DD0
:107380001124E054F94FE90FF11DE751FB4F6081E3
:1073900090E070E00E94364F892B49F48091A4025E
:1073A0009091A50201969093A5028093A4028091EA
:1073B000710629E035E0C29FF001C39FF00DD29F16
:1073C000F00D1124E054F94F618190E070E00E94CB
:1073D000364F892B01F540919306509194062091E8
:1073E000A4023091A502215030408091AE069091C8
:1073F000AF0602C0969587952A95E2F78170907046
:1074000025E0880F991F2A95E1F7842B952B9093FF
:107410009406809393068091930690919406209110
:107420000516309106162095309528233923309380
:107430009406209393068091930690919406892B4D
:1074400009F461C0809193069091940696FF04C060
:10745000129881E08093381E809193069091940653
:1074600097FF04C0139A81E08093391E0E94EB3687
:1074700080919306909194060E94B00480ED97E06D
:107480000E9409490E94E404809193069091940619
:1074900095FF24C00E946D12409195068091DB15E6
:1074A00090E029E035E0829FF001839FF00D929FEC
:1074B000F00D1124E054F94FE40FF11DEB5BFB4F8D
:1074C00080916706608140E50E945E1281E08093B2
:1074D000221E809195068F5F8093950640919506B8
:1074E0008091DB1590E029E035E0829FF001839FD9
:1074F000F00D929FF00D1124EB57F44F808184170B
:1075000010F4109295068091DB15682F70E089E0E9
:1075100095E0689FD001699FB00D789FB00D112450
:10752000A756B44F40E050E0FA01EE0FFF1FEA55B6
:10753000FD4F208131818C9190E08217930714F4E4
:10754000118210824F5F5F4F11964031510561F7F4
:107550002091A4023091A50289E095E0689FF00196
:10756000699FF00D789FF00D1124E054F94F808150
:1075700090E082179307ACF581E08093AD0680938D
:10758000151E1092A5021092A4028091DE15882388
:1075900041F18091C7029091C802029711F51092B3
:1075A000DE1583E08093090310921B1E0E946D126A
:1075B00080E090E0FC01EE0FFF1FEA55FD4F1182C5
:1075C0001082019680319105A9F790E08091DB153A
:1075D000882309F491E09093DB150E94210B0E940F
:1075E0006C0B809171062091DB1530E049E055E08D
:1075F000249FF001259FF00D349FF00D1124E054DD
:10760000F94F618190E070E00E94364F049741F499
:107610008091A4029091A502892B11F41092AD06DD
:10762000809171068F5F809371068150803660F083
:1076300081E08093710608C0FE01EE58F94F808109
:10764000882309F01FCE19CEDF91CF911F910F91A2
:10765000FF90EF90DF90CF90BF90AF909F900895F4
:10766000119A0E94EF370E94EF3780ED97E00E9459
:1076700009490E94EF370E94EF37119808951F9231
:107680000F920FB60F920BB60F9211242F933F93C8
:107690004F935F936F937F938F939F93AF93BF931A
:1076A000EF93FF930E94EF37FF91EF91BF91AF915E
:1076B0009F918F917F916F915F914F913F912F910A
:1076C0000F900BBE0F900FBE0F901F901895FF925A
:1076D0000F931F930E94C237039903C081E08093E8
:1076E000421E049903C081E08093411E0E94D3375B
:1076F000EFEFF3E010823B9684E0EF3AF807D1F722
:1077000010926A051092800510928B0510927505F3
:107710001092040683E49EE160E142E020E00E94D2
:10772000B33D83E49EE160E048E453E00E944A3DBB
:1077300083E49EE161E040E553E00E944A3D83E43A
:107740009EE162E048E553E00E944A3D83E49EE109
:1077500063E040E653E00E944A3D83E49EE164E03A
:1077600048E653E00E944A3D83E49EE165E040E73D
:1077700053E00E944A3D69EF7FEF83E090E00E9472
:10778000AF1D8BEA9FE10E94673F8BEA9FE163E5B3
:1077900070E043E050E00E94783F8BEA9FE10E9456
:1077A000B53E082F8BEA9FE10E94B53EF82E8BEA8A
:1077B0009FE10E94B53E10E00F0D111D080F111D35
:1077C0000330110521F00E94C1100E94D61D0E94B5
:1077D00016058091401E883031F40E949F108FE77B
:1077E0000E948B27FCCF0E947F2280E00E94CE2245
:1077F00080E00E94652390E08091DB15882309F4E6
:1078000091E09093DB150E94210B0E946C0B80E0AD
:1078100090E00E94B0048BE491E261E00E94234872
:107820008BE491E266E176E30E9428428BE491E2E8
:107830006BE279E00E9422428BE491E2609168065B
:107840000E941F4278948091421E882311F00E946A
:10785000C0368091411E882311F00E94E31083E41A
:107860009EE160E040E00E947C3D83E49EE16EE4A6
:1078700072E00E94774E83E49EE160E041E00E9466
:107880007C3D83E49EE16EE572E00E94774E68EEF7
:1078900073E080E090E00E94B0481F910F91FF904C
:1078A0000895982F80919E1E8230E0F42FB7F894AF
:1078B000913029F0913060F0923029F402C092E0CA
:1078C00008C094E006C082E080939E1E2FBF0895FA
:1078D00091E081E080939E1E80919F1E892B809372
:1078E0009F1E2FBF089584E061E00E94E14984E07B
:1078F00061E00E947D498CB580618CBD8CB580644F
:107900008CBD87E061E00E947D4985E061E00E94D6
:107910007D4908950F931F938C01FC01868160E0DF
:107920000E94E14981E090E00E940949F8018681C6
:1079300061E00E94E14981E090E00E940949F8017C
:10794000868160E00E94E14984E690E00E94094956
:107950001F910F910895CF92DF92EF92FF920F93B4
:107960001F93CF93DF93D82EC92E282F392FC9010B
:107970008C01C0E0D0E0E62EFF24F801878161E0B1
:107980000E947D49B7010C2E02C0759567950A9437
:10799000E2F76170F80187810E94E14921960F5F4B
:1079A0001F4FC830D10549F78D2D9C2D0E948A3C70
:1079B000DF91CF911F910F91FF90EF90DF90CF90CB
:1079C0000895CF92DF92EF92FF920F931F93CF9380
:1079D000DF93D82EC92E282F392FC9018C01C0E082
:1079E000D0E0E62EFF24F801878161E00E947D4906
:1079F000B7010C2E02C0759567950A94E2F7617085
:107A0000F80187810E94E14921960F5F1F4FC43022
:107A1000D10549F78D2D9C2D0E948A3CDF91CF9195
:107A20001F910F91FF90EF90DF90CF9008951F93DB
:107A3000CF93DF93EC01162F8C81642F0E94E149D4
:107A40008D818F3F19F060E00E94E1498F8584FFAE
:107A500005C0CE01612F0E94AB3C0EC0612F70E0CB
:107A600084E0759567958A95E1F7CE010E94E13C27
:107A7000CE01612F0E94E13CDF91CF911F910895CB
:107A800041E00E94173D81E090E0089540E00E94AF
:107A9000173D0895EF92FF920F931F93CF93DF93BB
:107AA0008C017A016770660F660F660F60640E9432
:107AB000463DC0E0D0E0D801ED91FC91D701AC0F7C
:107AC000BD1F0190F081E02DC8016C9109952196B0
:107AD000C830D10581F7DF91CF911F910F91FF90B1
:107AE000EF900895FC016089862F8460808B6C6024
:107AF000CF010E94463D0895DF93CF93CDB7DEB707
:107B000028970FB6F894DEBF0FBECDBF9C01FE01D3
:107B10003196ADEBB3E088E00D9001928150E1F732
:107B2000F9018389481710F0482F4150E42FF0E005
:107B3000EE0FFF1FEC0FFD1F8181680F6068C90108
:107B40000E94463D28960FB6F894DEBF0FBECDBF0B
:107B5000CF91DF91089561E00E94463D80ED97E06E
:107B60000E9409490895CF93DF93EC01423018F049
:107B70008F8588608F874B8B1C8A222329F04130A8
:107B800019F48F8584608F8780E593EC0E94094902
:107B90008C8160E00E94E1498E8160E00E94E149B1
:107BA0008D818F3F19F060E00E94E1496F8564FD8F
:107BB0001DC0CE0163E00E94E13C84E991E10E9496
:107BC0000949CE0163E00E94E13C84E991E10E9411
:107BD0000949CE0163E00E94E13C86E990E00E9401
:107BE0000949CE0162E00E94E13C16C06062CE010C
:107BF0000E94463D84E991E10E9409496F856062D7
:107C0000CE010E94463D86E990E00E9409496F85B9
:107C10006062CE010E94463D6F856062CE010E9487
:107C2000463D84E0888BCE010E94723DCE010E94C9
:107C3000AB3D82E0898BCE0166E00E94463DDF913C
:107C4000CF9108956F927F928F92AF92CF92EF92E1
:107C50000F931F93DF93CF93CDB7DEB73C01162F61
:107C6000842FF301448325830683E782C086A1869F
:107C700082869D8593879E8594879F859587988921
:107C8000968761E00E947D49F30185818F3F19F05D
:107C900061E00E947D49F301868161E00E947D4997
:107CA000112319F0F301178603C080E1F3018787E0
:107CB000C30160E141E020E00E94B33DCF91DF913C
:107CC0001F910F91EF90CF90AF908F907F906F901A
:107CD00008958F92AF92CF92EF920F931F93CF930D
:107CE000DF93DC01362F542F722F102FAE2C8C2CEB
:107CF00013961C921E92129789EB93E011969C9317
:107D00008E9300D000D0EDB7FEB73196CDB7DEB779
:107D10001982118212821382CD0161E0432F2FEF6D
:107D2000052FE72EC12E0E94223E0F900F900F903C
:107D30000F90DF91CF911F910F91EF90CF90AF9067
:107D40008F90089581E08093AA1F6093251F109261
:107D5000A81F1092A91F08952091241F30E0809140
:107D6000231F281B3109C90108954091231F8091C9
:107D7000241F481718F02FEF3FEF0AC0E42FF0E060
:107D8000EF55F14E8081282F30E04F5F4093231F45
:107D9000C9010895E091231F8091241FE81718F06E
:107DA000EFEFFFEF06C0F0E0EF55F14E8081E82FD6
:107DB000F0E0CF01089508951092AE1F1092AD1F0C
:107DC00088EE93E0A0E0B0E08093AF1F9093B01FE7
:107DD000A093B11FB093B21F89EC93E09093AC1FB6
:107DE0008093AB1F0895CF92DF92EF92FF920F9393
:107DF0001F93CF93DF937C016B018A018091AA1FAF
:107E00008823A1F0C0E0D0E00DC0D701ED91FC9136
:107E1000D601AC0FBD1F0190F081E02DC7016C9120
:107E200009952196C017D10780F304C0CB01642FB8
:107E30000E942940C801DF91CF911F910F91FF90BF
:107E4000EF90DF90CF900895DF93CF930F92CDB74F
:107E5000DEB7FC0169838091AA1F8823C9F0809155
:107E6000A91F823838F081E090E09383828320E07C
:107E700030E015C08091A81FE82FF0E0EA5DF04ED9
:107E8000998190838F5F8093A81F8093A91F05C05D
:107E9000CE01019661E00E94294021E030E0C90155
:107EA0000F90CF91DF9108950F93062F8091251F9A
:107EB00066E27FE14091A91F21E00E94D43F109229
:107EC000A81F1092A91F1092AA1F0F91089561E098
:107ED0000E94543F0895433808F042E8862F61EA33
:107EE0007EE10E948B3F1092231F8093241F0895F0
:107EF00021E00E946B3F089521E00E946B3F0895AE
:107F00001092231F1092241F1092A81F1092A91FD5
:107F10000E94D9410895382F433810F040E042C004
:107F20008091B71F8823E1F791E09093B71F2093CA
:107F3000B91F8FEF80934A21109241204150409306
:107F400042204F5F9093B81F8091B81F330F832B4F
:107F50008093B81F8091BA1F813041F41092BA1FEC
:107F60008091B81F8093BB0085EC01C085EE8093A3
:107F7000BC008091B71F8130E1F3809141208417CC
:107F800010F44091412020E030E00AC0FB01E20FF4
:107F9000F31FD901A154B04E8C9180832F5F3F4FC6
:107FA0002417A0F3842F08950F931F93582F122F97
:107FB000433810F081E04AC08091B71F8823E1F771
:107FC00082E08093B71F0093B91F8FEF80934A21FF
:107FD0001092412040934220AFEBBFE1FB0102C071
:107FE00081918D938E2F861B8417D0F31092B81F2A
:107FF0008091B81F550F852B8093B81F8091BA1FB1
:10800000813041F41092BA1F8091B81F8093BB0059
:1080100085EC01C085EE8093BC00112321F0809196
:10802000B71F8230E1F380914A218F3F11F480E045
:108030000DC080914A21803211F482E007C0809106
:108040004A21803311F084E001C083E01F910F9139
:108050000895482F633810F081E008958091B71F8C
:10806000843011F082E008956093C620A3E4B0E26A
:10807000842F9C01F90102C081918D938E2F841B66
:108080008617D0F380E008951F920F920FB60F92DB
:108090000BB60F9211242F933F934F935F936F93DF
:1080A0007F938F939F93AF93BF93EF93FF938091B1
:1080B000B90090E0887F90708036910509F4F2C095
:1080C00081369105CCF58832910509F47BC089325F
:1080D0009105B4F48031910509F46FC081319105A7
:1080E0003CF4009709F447C1089709F04FC165C0F7
:1080F0008831910509F466C0809709F047C182C0B4
:108100008034910509F4A4C08134910544F480338E
:10811000910509F482C0C89709F038C189C080353B
:10812000910509F489C08835910509F496C0883411
:10813000910509F02BC1AEC08839910509F413C12E
:1081400089399105ECF48837910509F4ABC089377A
:1081500091054CF48836910509F4A4C08037910547
:1081600009F014C19FC08838910509F4FCC080391A
:10817000910509F49DC08038910509F007C198C0A8
:10818000803B910509F4C6C0813B91054CF4803ACF
:10819000910509F49FC0883A910509F0F7C0BAC06B
:1081A000803C910509F4E3C0883C910509F4DFC0E7
:1081B000883B910509F0EAC0C2C08091B81F809346
:1081C000BB00CFC09091412080914220981768F465
:1081D00090914120E92FF0E0E154F04E80818093AE
:1081E000BB009F5F90934120BCC08091B91F882342
:1081F00009F44BC085ED8093BC008091BC0084FDE8
:10820000FCCFC2C080E280934A2185ED8093BC0000
:108210008091BC0084FDFCCFB7C080E380934A21ED
:1082200085ED8093BC008091BC0084FDFCCFACC088
:1082300088E380934A219BC0809141209091BB00AC
:10824000E82FF0E0E154F04E90838F5F809341205F
:10825000909141208091422082C080914120909154
:10826000BB00E82FF0E0E154F04E90838F5F8093E5
:1082700041208091B91F882341F085ED8093BC0097
:108280008091BC0084FDFCCF7FC081E08093BA1F49
:1082900084EA6EC085ED8093BC008091BC0084FDB3
:1082A000FCCF72C083E08093B71F1092492159C060
:1082B00080914921823808F056C0809149219091DF
:1082C000BB00E82FF0E0E953FF4D90838F5F809370
:1082D000492147C080914921823830F4E0914921F9
:1082E000F0E0E953FF4D108285ED8093BC00809152
:1082F000BC0084FDFCCF1092B71F60914921E09132
:10830000BD1FF091BE1F87EC90E270E009951092BE
:1083100049212DC084E08093B71F1092C520109290
:10832000C620E091BB1FF091BC1F09958091C6202B
:10833000882329F481E08093C620109243209091F5
:10834000C520E92FF0E0ED5BFF4D80818093BB00FD
:108350009F5F9093C5209091C5208091C62098176B
:1083600010F485EC01C085E88093BC000FC085EC5B
:108370008093BC0009C010924A2185ED8093BC0017
:108380008091BC0084FDFCCF1092B71FFF91EF914C
:10839000BF91AF919F918F917F916F915F914F911D
:1083A0003F912F910F900BBE0F900FBE0F901F901B
:1083B00018951092B71F81E08093B91F1092BA1FD1
:1083C00081E161E00E94E14980E161E00E94E149D0
:1083D000E9EBF0E080818E7F808380818D7F8083D8
:1083E00088E48093B80085E48093BC000895FC0184
:1083F000E55FFD4F1192119211921192119211921B
:108400001192119211921192119211921192119254
:108410001192119211921192119211921192119244
:108420001192119211921192119211921192119234
:108430001192119211921192118210820895FC01F1
:1084400062830895FC01E55FFD4F718360830895A9
:10845000FC01E35FFD4F718360830895FC01ED5DD6
:10846000FD4F718360830895FC01EB5DFD4F7183C7
:1084700060830895FC01E95DFD4F71836083089579
:10848000FC01E75DFD4F718360830895FC01613F4E
:10849000710509F465C0623F710544F5603B7105E3
:1084A00009F44FC0613B71056CF46039710509F442
:1084B00042C0603A710509F441C06038710509F0A5
:1084C00070C036C0603D710509F441C0613D710561
:1084D0002CF4603C710509F064C036C0603E710543
:1084E000C9F1603F710509F05CC037C06A3F710592
:1084F00009F445C06B3F710574F4633F7105B1F138
:10850000633F710584F1663F710599F1683F71051C
:1085100009F047C031C06C3F7105B9F16C3F71057E
:108520008CF16E3F7105A1F16F3F7105D1F535C03A
:10853000E55FFD4F2FC0E35FFD4F2CC0E15FFD4FB6
:1085400029C0EF5EFD4F26C0ED5EFD4F23C0EB5E00
:10855000FD4F20C0E95EFD4F1DC0E75EFD4F1AC014
:10856000E55EFD4F17C0E35EFD4F14C0E15EFD4FB9
:1085700011C0EF5DFD4F0EC0ED5DFD4F0BC0EB5D1B
:10858000FD4F08C0E95DFD4F05C0E75DFD4F02C02E
:10859000E55DFD4F118210820895E35DFD4F11826C
:1085A00010820895CF93DF93EC01C95FDE4F88817D
:1085B0009981C750D140813F910509F4D9C0823FCC
:1085C00091054CF5803B910509F467C0813B91050D
:1085D0006CF48039910509F44AC0803A910509F498
:1085E00083C08038910509F0FFC03AC0803D9105F5
:1085F00009F492C0813D91052CF4803C910509F06D
:10860000F3C091C0803E910509F44EC0803F9105B2
:1086100009F0EAC09CC08A3F910599F18B3F910512
:108620008CF4833F910509F4C8C0833F91050CF495
:10863000A6C0863F910509F4CDC0883F910509F099
:10864000D3C01CC08C3F910511F18C3F9105E4F023
:108650008E3F9105F9F08F3F910509F0C5C0BDC06F
:10866000C55FDD4F28813981CB50D24043C0C35F05
:10867000DD4F28813981CD50D2403CC0CD5DDD4FEA
:10868000AEC0CB5DDD4FABC0C95DDD4FA8C0C75DDF
:10869000DD4FA5C0C55DDD4FA2C0CF5EDD4F288197
:1086A0003981C151D24026C0C95EDD4FE881F981D0
:1086B000C751D240309709F497C0C65FDE4F68813A
:1086C00070E06F7770707695762F6627779567954F
:1086D0008A9190E08F779070682B792B6050704270
:1086E00023978881099580C0C15FDD4F288139813A
:1086F000CF50D2402115310509F476C0FE01E75F65
:10870000FE4FDE01A65FBE4FCA5FDE4F88816081EB
:108710004C91F901099568C0CB5EDD4F2881398104
:10872000C551D24006C0CD5EDD4F28813981C3518D
:10873000D2402115310509F457C0FE01E75FFE4F15
:10874000CA5FDE4F88816081F90109954DC0C75E1F
:10875000DD4FE881F981C951D240309709F444C016
:10876000CE01855F9E4FC75FDE4F688109953CC093
:10877000C55EDD4FE881F981CB51D24024C0C35E94
:10878000DD4F48815981CD51D2404115510561F1EC
:10879000C65FDE4F888190E08F7790709695982F16
:1087A000882797958795FE01229130E02F773070CA
:1087B000822B932BFA01099517C0C15EDD4FE8812A
:1087C000F981CF51D240309779F0C75FDE4F888171
:1087D00009950AC0CF5DDD4F02C0C35DDD4FE88162
:1087E000F981309709F00995DF91CF9108958BE4D5
:1087F00091E20E94F74108950895CF93DF93EC0131
:1088000085EB94E20E94FB4B181619060CF0FAC196
:108810008038910529F485EB94E20E94554CF2C111
:1088200085EB94E20E942C4CCC5FDE4FE881F9810D
:10883000C450D140309709F0EBC08B83998197FFEA
:108840000FC0943F69F0953F59F0993F49F09D3F23
:1088500039F0292F30E0903F28F4207F307002C09B
:1088600020E030E0203B3105B1F0213B310554F4EC
:108870002039310581F0203A310569F02038310581
:10888000B1F409C0203D310531F0203E310519F029
:10889000203C310561F487FD0AC09B838C83CC5F4B
:1088A000DE4F81E090E099838883C450D1402B81D2
:1088B00027FF0FC0243F69F0253F59F0293F49F0B9
:1088C0002D3F39F0822F90E0203F28F4807F907078
:1088D00002C080E090E0813F910509F473C0FE0181
:1088E000EE5FFE4F823F91054CF5803B910509F408
:1088F00072C0813B91056CF48039910509F46BC01D
:10890000803A910509F467C08038910509F06EC07E
:1089100062C0803D910509F455C0813D91052CF45C
:10892000803C910509F062C04DC0803E910509F47C
:1089300052C0803F910509F059C052C0883F91054F
:10894000D1F0893F910564F4833F9105D9F1833FCC
:1089500091050CF440C0863F910509F047C00BC05B
:108960008A3F91050CF442C08D3F910524F08E5F43
:1089700090400297D8F527FF0FC0243F69F0253FAC
:1089800059F0293F49F02D3F39F0822F90E0203FE8
:1089900028F4807F907002C080E090E0C95FDE4FD5
:1089A000998388831A92239619921882C050DF4FB8
:1089B00081E08883C650D14019821882FE0112924C
:1089C000129221C1CE5FDE4F82E090E099838883CE
:1089D000C250D14014C083E090E0918380830FC0E7
:1089E0008FEF90E091838083198209C0CC5FDE4FC6
:1089F00019821882C450D14011821082A3C0FE0196
:108A0000EC5FFE4F80819181019691838083FAC053
:108A100087FF69C08D3F40F48A3F48F4873FB9F033
:108A2000883F09F060C003C08E3F08F45CC0FE01BF
:108A3000E95FFE4F80831182C75FDE4F1992188273
:108A400024971882CC5FDE4F81E08883DCC08B8165
:108A500087FF70C0843F09F46DC0853F09F46AC088
:108A6000893F09F467C08D3F09F464C0282F30E0C6
:108A7000803F20F4C901807F907001C0C901803F10
:108A8000910509F057C0FE0190E08381E55FFE4F3C
:108A900080839F5FEA50F1409F3FB9F7C95FDE4F87
:108AA00080EF90E099838883C750D140FE01EC5F4E
:108AB000FE4F80818F5FC75FDE4F88832196808164
:108AC00091810196988324971882CC5FDE4F81E0D4
:108AD000888311821082C850D14019821882C250F6
:108AE000D140198290C0EC0FFD1F8383FE01EC5F23
:108AF000FE4F20813181CE5FDE4F88819981C25047
:108B0000D14001972817390708F478C02B8127FF37
:108B100024C0243F11F1253F01F1293FF1F02D3F01
:108B200099F0822F90E0203F10F4807F9070803F7A
:108B3000910551F4CC5FDE4F198218821A921A9275
:108B4000C250D14019825EC02D3F39F0822F90E093
:108B5000203F28F4807F907002C080E090E0C95FE1
:108B6000DE4F99838883C750D1408B818F708F5F90
:108B7000CA5FDE4F8883C650D1408C81C75FDE4F0D
:108B80008883279788819981C250D140FE01E65F92
:108B9000FE4F039719F48D81808301C01082CC5F52
:108BA000DE4F198218821A921A92C85FDE4F81E056
:108BB0008883C350D14088819981C750D140803B80
:108BC0009105B1F0813B910554F48039910581F014
:108BD000803A910569F08038910569F409C0803DBB
:108BE000910531F0803E910519F0803C910519F412
:108BF0008B81898301C0198281E005C02F5F3F4FBF
:108C00003183208380E0DF91CF9108950F931F93EC
:108C1000CF93DF938C01EB016D3F710554F46A3FF4
:108C2000710564F4663F710549F0683F710559F4B8
:108C300005C0CB018E5F9040029728F485EB94E24B
:108C40006C2F0E94674CC63FD10511F4F8011082C9
:108C5000DF91CF911F910F910895CF92DF92FF92F4
:108C60000F931F936C01F62E05EB14E2C80163EF1E
:108C70000E94674C8FE7F822C8016F2D0E94674C55
:108C8000F60110821F910F91FF90DF90CF90089511
:108C9000CF92DF92EF92FF920F931F936C018B01A3
:108CA00055EBE52E54E2F52EC70162EF0E94674CAA
:108CB000602F6F77C7010E94674C000F012F001FC4
:108CC000110B11950F77C701602F0E94674CF601B9
:108CD00010821F910F91FF90EF90DF90CF90089539
:108CE000DF92EF92FF920F931F938C01D62E65EBCC
:108CF000E62E64E2F62EC70161EF0E94674CC701C1
:108D00006D2D0E94674CF80110821F910F91FF900A
:108D1000EF90DF90089570E067707070E4E0660F88
:108D2000771FEA95E1F74F70462B642F0E9470463B
:108D30000895CF92DF92EF92FF920F931F93CF93FC
:108D4000DF936C017B018A01222319F0C0E0D0E09F
:108D500023C085EB94E260EF0E94674CC0E0D0E056
:108D600009C0F801EC0FFD1F85EB94E260810E94C1
:108D7000674C2196CE15DF05A4F385EB94E267EFEF
:108D80000E94674C0CC0F801EC0FFD1F85EB94E2CC
:108D900060810E94674C2196CE15DF05A4F3F60191
:108DA0001082DF91CF911F910F91FF90EF90DF9094
:108DB000CF900895FF920F931F93CF93DF93FC0101
:108DC000EB01142FF22E0150003118F460387105B8
:108DD00014F410822BC0613E7105FCF4602F6F709B
:108DE0006C2B8081861729F0608385EB94E20E94CA
:108DF000674C1F7785EB94E2612F0E94674CC03C63
:108E0000D105A1F0C03DD10589F08FE7F82285EBAF
:108E100094E26F2D0E94674C09C0663F710534F0E3
:108E20006F3F710509F014F40E940646DF91CF915F
:108E30001F910F91FF9008950F93DC01A15DBD4F2D
:108E40008C91AF52B240882309F4A2C0A05DBD4FFF
:108E50002D913C911197A053B2402115310509F491
:108E600097C0A95FBE4F6D917C911197A750B140FB
:108E7000CB01805890408136910558F5AA5FBE4FCE
:108E80000C91A650B14012969C911297091719F0B7
:108E900080E0992309F481E02230310541F023304C
:108EA000310549F02130310509F072C007C088232F
:108EB00009F46EC003C0882309F06AC0FD01E65FB3
:108EC000FE4FCD01A75FBE4F4C9120810E94DA4634
:108ED0005FC0663F710531F1673F7105A4F4613FE2
:108EE000710509F44BC0623F71052CF4603F7105B8
:108EF00009F04EC01BC0623F710569F1633F710507
:108F000009F046C021C06D3F71053CF46A3F710510
:108F10004CF4683F7105E1F505C0CB018E5F9040D0
:108F20000297B0F5CD010E94064632C0A75FBE4F42
:108F30006C91A950B140CD0170E0A55FBE4FAD016D
:108F400021E00E94994624C0CD01A75FBE4F6C91DD
:108F50000E942D461DC0A65FBE4F6C9170E07695B5
:108F6000762F6627779567958E91A950B14090E04E
:108F7000682B792BCD010E9448460AC0FD01E65FAF
:108F8000FE4FCD01A75FBE4F6C9140810E948B4682
:108F90000F9108951F93CF93DF93EC01162F61314A
:108FA000D8F40E94FD438823B9F0C95FDE4F888161
:108FB0009981C750D140009779F080589040813610
:108FC000910578F49A81CA5FDE4F8881C650D140FE
:108FD000891739F0992329F080E0DF91CF911F9113
:108FE0000895CE01612F0E941C47CE010E94D242FB
:108FF00081E0F3CFFC0162810E94CA4708950F937C
:10900000362F542F022F60EB70E0432F252F0E9444
:10901000DA460F9108950F93362F542F022F60E8F0
:1090200070E0432F252F0E94DA460F9108950F9389
:10903000362F542F022F60E970E0432F252F0E9416
:10904000DA460F910895FF920F931F938C01F62E2D
:1090500085EB94E242E15AE760E070E00E94754BD4
:10906000F8011082F28211820C5F1E4FF80111820A
:109070001082129212928F01085F1E4FF801108227
:1090800003501140F8011182108212928F010D5F7E
:109090001F4FF80111928F0110820A5D1E4F81E06F
:1090A00090E0F8019183808381E082931F910F917A
:1090B000FF9008951F920F920FB60F9211242F93D5
:1090C0003F938F939F93AF93BF9380918123909110
:1090D0008223A0918323B09184233091852301962C
:1090E000A11DB11D232F2D5F2D3720F02D57019687
:1090F000A11DB11D2093852380938123909382230A
:10910000A0938323B093842380917D2390917E2329
:10911000A0917F23B09180230196A11DB11D809362
:109120007D2390937E23A0937F23B0938023BF91D0
:10913000AF919F918F913F912F910F900FBE0F9004
:109140001F9018958FB7F894209181233091822336
:1091500040918323509184238FBFB901CA010895A0
:109160009B01AC017FB7F89480917D2390917E2381
:10917000A0917F23B091802366B5A89B05C06F3F67
:1091800019F00196A11DB11D7FBFBA2FA92F982FED
:109190008827860F911DA11DB11D62E0880F991FC0
:1091A000AA1FBB1F6A95D1F7BC012DC0FFB7F89469
:1091B00080917D2390917E23A0917F23B091802385
:1091C000E6B5A89B05C0EF3F19F00196A11DB11DA2
:1091D000FFBFBA2FA92F982F88278E0F911DA11D91
:1091E000B11DE2E0880F991FAA1FBB1FEA95D1F7B6
:1091F000861B970B885E9340C8F221503040404058
:10920000504068517C4F211531054105510571F6DB
:109210000895019739F0880F991F880F991F0297B9
:109220000197F1F70895789484B5826084BD84B580
:10923000816084BD85B5826085BD85B5816085BD51
:10924000EEE6F0E0808181608083E1E8F0E010826A
:10925000808182608083808181608083E0E8F0E0AB
:10926000808181608083E1EBF0E080818460808395
:10927000E0EBF0E0808181608083E1E9F0E08081D3
:1092800082608083808181608083E0E9F0E080817A
:1092900081608083EAE7F0E0808184608083808160
:1092A0008260808380818160808380818068808308
:1092B0001092C1000895982F883108F09851977046
:1092C000809178038295880F880F807C892B80930A
:1092D0007C0080917A00806480937A0080917A008B
:1092E00086FDFCCF2091780040917900942F80E09A
:1092F00030E0282B392BC9010895482F50E0CA01CE
:10930000885B9D4FFC012491485D5D4FFA0184917B
:109310008823C1F0E82FF0E0EE0FFF1FE65FFD4F5E
:10932000A591B491662341F49FB7F8948C91209550
:1093300082238C939FBF08959FB7F8948C91822BC2
:109340008C939FBF08958430C9F0853038F4823003
:10935000F1F0833078F4813099F516C08730F9F058
:10936000883018F4863061F516C08830F1F0893005
:1093700039F521C0809180008F7703C080918000F3
:109380008F7D80938000089584B58F7702C084B567
:109390008F7D84BD08958091B0008F7703C0809148
:1093A000B0008F7D8093B0000895809190008F77FA
:1093B000809390000895809190008F7D809390001D
:1093C0000895FF920F931F93F62E482F50E0CA0185
:1093D00088599D4FFC012491CA01885B9D4FFC0177
:1093E0001491485D5D4FFA0104910023C9F02223D6
:1093F00019F0822F0E94A349E02FF0E0EE0FFF1F2B
:10940000EC5EFD4FA591B4919FB7F894FF2021F435
:109410008C911095812302C08C91812B8C939FBFDE
:109420001F910F91FF9008950F931F93482F50E0C5
:10943000CA0188599D4FFC012491CA01885B9D4F48
:10944000FC010491485D5D4FFA011491112319F458
:1094500020E030E015C0222319F0822F0E94A3499A
:10946000812F90E0880F991F825E9D4FFC01A5918E
:10947000B4918C9120E030E0802311F021E030E0C5
:10948000C9011F910F91089508951F920F920FB671
:109490000F920BB60F9211242F933F934F938F93FC
:1094A0009F93EF93FF934091C6002091C623309184
:1094B000C7232F5F3F4F2F7330708091C823909147
:1094C000C9232817390759F0E091C623F091C72323
:1094D000EA57FC4D40833093C7232093C623FF9166
:1094E000EF919F918F914F913F912F910F900BBED4
:1094F0000F900FBE0F901F90189508951F920F9216
:109500000FB60F920BB60F9211242F933F934F93E8
:109510008F939F93EF93FF934091CE0020914E2421
:1095200030914F242F5F3F4F2F7330708091502424
:10953000909151242817390759F0E0914E24F09169
:109540004F24E25FFB4D408330934F2420934E2401
:10955000FF91EF919F918F914F913F912F910F909C
:109560000BBE0F900FBE0F901F901895E091A22494
:10957000F091A324E05CFF4F819191912081318192
:10958000821B930B8F739070892B11F00E94444AB9
:10959000E091C124F091C224E05CFF4F8191919150
:1095A00020813181821B930B8F739070892B11F076
:1095B0000E947D4A08951F920F920FB60F920BB62C
:1095C0000F9211242F933F934F935F936F937F9349
:1095D0008F939F93AF93BF93EF93FF9320910A24B0
:1095E00030910B2480910C2490910D242817390779
:1095F00031F48091C1008F7D8093C10016C0E0914D
:109600000C24F0910D24E653FC4D408180910C24F4
:1096100090910D24019660E470E00E944A4F90936F
:109620000D2480930C244093C600FF91EF91BF91CD
:10963000AF919F918F917F916F915F914F913F91EA
:109640002F910F900BBE0F900FBE0F901F9018958B
:109650001F920F920FB60F920BB60F9211242F93F9
:109660003F934F935F936F937F938F939F93AF93AA
:10967000BF93EF93FF932091922430919324809194
:109680009424909195242817390731F48091C900CA
:109690008F7D8093C90016C0E0919424F0919524A9
:1096A000EE5AFB4D4081809194249091952401962F
:1096B00060E470E00E944A4F909395248093942434
:1096C0004093CE00FF91EF91BF91AF919F918F9109
:1096D0007F916F915F914F913F912F910F900BBEB2
:1096E0000F900FBE0F901F901895AF92BF92DF9210
:1096F000EF92FF920F931F93CF93DF93EC017A01C8
:109700008B01DD24403081EE580780E0680780E05F
:10971000780711F0DD24D39491E0A92EB12CEC89C7
:10972000FD89DD2069F0C5010E8C02C0880F991FEC
:109730000A94E2F7808360E079E08DE390E005C071
:10974000108260E874E88EE190E0A80197010E9421
:109750005D4F2150304040405040569547953795D9
:10976000279580E12030380720F0DD2011F0DD243E
:10977000D6CFE889F9893083EA89FB892083EE898D
:10978000FF89408121E030E0C9010A8C02C0880FC6
:10979000991F0A94E2F7482B4083EE89FF894081A4
:1097A000C9010B8C02C0880F991F0A94E2F7482B5D
:1097B0004083EE89FF894081C9010C8C02C0880F6B
:1097C000991F0A94E2F7482B4083EE89FF89808134
:1097D0000D8C02C0220F331F0A94E2F72095282334
:1097E0002083DF91CF911F910F91FF90EF90DF9039
:1097F000BF90AF900895DC011C96ED91FC911D97F0
:10980000E05CFF4F2191319180819181281B390BC0
:109810002F733070C9010895DC011C96ED91FC9105
:109820001D97E05CFF4F20813181E054F040DF0163
:10983000AE5BBF4F8D919C9111972817390719F492
:109840002FEF3FEF07C08D919C91E80FF91F8081AA
:10985000282F30E0C9010895DC011C96ED91FC91A0
:109860001D97E05CFF4F20813181E054F040DF0123
:10987000AE5BBF4F8D919C9111972817390719F452
:109880002FEF3FEF10C08D919C911197E80FF91FBA
:1098900020818D919C91119701968F7390701196F4
:1098A0009C938E9330E0C9010895FC0186859785CD
:1098B000DC01A05CBF4FFC01EE5BFF4F2D913C91A2
:1098C00011978081918128173907C1F70895CF93A7
:1098D000DF93EC01462FEE85FF85E05CFF4F808132
:1098E0009181E054F040019660E470E00E944A4F9C
:1098F0009C01DF01AE5BBF4F8D919C9111972817A2
:109900003907D1F3E05CFF4F80819181E054F04052
:10991000E80FF91F4083EE85FF85E05CFF4F318340
:109920002083EE89FF89208181E090E00D8C02C0C8
:10993000880F991F0A94E2F7282B208381E090E09A
:10994000DF91CF9108951F9310929924109298243B
:1099500028EE33E040E050E020939A2430939B249B
:1099600040939C2450939D2469ED73E07093972459
:109970006093962486E893E29093A3248093A22494
:109980008AEC93E29093A5248093A42485EC90E044
:109990009093A7248093A62484EC90E09093A9242C
:1099A0008093A82480EC90E09093AB248093AA2429
:1099B00081EC90E09093AD248093AC2486EC90E011
:1099C0009093AF248093AE2414E01093B024B3E0BE
:1099D000B093B124A7E0A093B224F5E0F093B324B0
:1099E000E1E0E093B4241092B8241092B7242093BD
:1099F000B9243093BA244093BB245093BC24709371
:109A0000B6246093B5248EE094E29093C2248093B0
:109A1000C12482E594E29093C4248093C3248DEC06
:109A200090E09093C6248093C5248CEC90E09093B2
:109A3000C8248093C72488EC90E09093CA24809334
:109A4000C92489EC90E09093CC248093CB248EECB5
:109A500090E09093CE248093CD241093CF24B093A4
:109A6000D024A093D124F093D224E093D3241F9147
:109A70000895CF93DF930E9413490E94673BC6EB82
:109A8000DAE40E9487352097E1F30E94B64AF9CFC5
:109A9000CF92DF92EF92FF920F931F93CF93DF93BA
:109AA0007C016B018A01C0E0D0E00FC0D6016D914E
:109AB0006D01D701ED91FC910190F081E02DC7017E
:109AC0000995C80FD91F015010400115110571F7F4
:109AD000CE01DF91CF911F910F91FF90EF90DF901A
:109AE000CF900895DC01ED91FC910190F081E02D83
:109AF00009950895CF93DF93DB010D900020E9F7DE
:109B00001197A61BB70BEC01E881F9810280F38164
:109B1000E02DAD010995DF91CF9108954F925F92AD
:109B20007F928F929F92AF92BF92CF92DF92EF92ED
:109B3000FF920F931F93DF93CF93CDB7DEB7A1971B
:109B40000FB6F894DEBF0FBECDBF2C01742ECB0133
:109B5000223008F42AE019A231E2C32ED12CCC0E17
:109B6000DD1E822E9924AA24BB24672D752FA50102
:109B700094010E945D4F79018A01C801B701A501D6
:109B800094010E940B4F472D461B0894C108D10831
:109B90004A3014F4405D01C0495CF6014083E11491
:109BA000F1040105110521F07E2C5F2DC801DDCFE8
:109BB000C201B6010E947A4DA1960FB6F894DEBF9D
:109BC0000FBECDBFCF91DF911F910F91FF90EF900E
:109BD000DF90CF90BF90AF909F908F907F905F90DD
:109BE0004F900895DC012115310541F4ED91FC9170
:109BF0000190F081E02D642F099508950E948E4D0B
:109C00000895EF92FF920F931F939A017B0100E05A
:109C100010E0B801A7010E94F24D1F910F91FF9033
:109C2000EF900895EF92FF920F931F939A01E62E03
:109C3000FF2400E010E0B801A7010E94F24D1F913F
:109C40000F91FF90EF900895CF92DF92EF92FF92E5
:109C50000F931F93CF93DF93EC016A017B012115D2
:109C6000310541F4E881F9810190F081E02D642F04
:109C700009951FC02A303105D1F477FF17C0E8815C
:109C8000F9810190F081E02D6DE209958C01442766
:109C90005527BA014C195D096E097F09CE012AE0EA
:109CA0000E948E4D9801280F391F04C02AE00E949F
:109CB0008E4D9C01C901DF91CF911F910F91FF90B3
:109CC000EF90DF90CF900895EF92FF920F931F9344
:109CD0007B019A010027F7FC0095102FB801A7011E
:109CE0000E94244E1F910F91FF90EF9008950E94C3
:109CF0007A4D08952F923F924F925F926F927F928A
:109D00008F929F92AF92BF92CF92DF92EF92FF928B
:109D10000F931F93DF93CF93CDB7DEB73B014C0179
:109D200019012A016D897E898F89988D6A197B09AD
:109D30008C099D09621A730A840A950AA401930189
:109D40000E940B4FE218F30804091509A8019701B6
:109D50000E947F4F2A0D3B1D4C1D5D1DB901CA019C
:109D6000CF91DF911F910F91FF90EF90DF90CF90F7
:109D7000BF90AF909F908F907F906F905F904F902B
:109D80003F902F900895EF92FF920F931F937B01C6
:109D90008C01611571058105910529F420E030E001
:109DA00040E050E00BC00E94C901A80197010E9449
:109DB0007F4FAC01CB01DA019C01AD01B901CA01B1
:109DC0001F910F91FF90EF900895EF92FF920F93E4
:109DD0001F937B018C01621773078407950764F456
:109DE000261B370B480B590BCA01B9010E94C34E01
:109DF000E60EF71E081F191FB701C8011F910F912A
:109E0000FF90EF900895009729F0BC0180E090E06A
:109E10000E94CE010895629FD001739FF001829F3E
:109E2000E00DF11D649FE00DF11D929FF00D839FE9
:109E3000F00D749FF00D659FF00D9927729FB00D86
:109E4000E11DF91F639FB00DE11DF91FBD01CF0199
:109E500011240895991B79E004C0991F961708F002
:109E6000961B881F7A95C9F780950895AA1BBB1B7E
:109E700051E107C0AA1FBB1FA617B70710F0A61B0A
:109E8000B70B881F991F5A95A9F780959095BC012B
:109E9000CD01089597FB092E07260AD077FD04D03F
:109EA000E5DF06D000201AF4709561957F4F089584
:109EB000F6F7909581959F4F0895A1E21A2EAA1B5F
:109EC000BB1BFD010DC0AA1FBB1FEE1FFF1FA2176A
:109ED000B307E407F50720F0A21BB30BE40BF50B67
:109EE000661F771F881F991F1A9469F760957095F0
:109EF000809590959B01AC01BD01CF01089597FB22
:109F0000092E05260ED057FD04D0D7DF0AD0001C3D
:109F100038F450954095309521953F4F4F4F5F4F06
:109F20000895F6F790958095709561957F4F8F4FC6
:109F30009F4F0895EE0FFF1F0590F491E02D0994B7
:109F40002F923F924F925F926F927F928F929F9249
:109F5000AF92BF92CF92DF92EF92FF920F931F9337
:109F6000CF93DF93CDB7DEB7CA1BDB0B0FB6F894E8
:109F7000DEBF0FBECDBF09942A88398848885F8428
:109F80006E847D848C849B84AA84B984C884DF8099
:109F9000EE80FD800C811B81AA81B981CE0FD11D7D
:109FA0000FB6F894DEBF0FBECDBFED01089512E0ED
:109FB000C0E9D2E004C0FE010E949C4F2296C23943
:089FC000D107C9F7F894FFCFA7
:109FC8005B5341564544215D00202020202020205D
:109FD8002020202020202020200041646A757374EE
:109FE80020544D3220756E74696C005450312069CC
:109FF80073202B3133562E2E2E0020454570726F5C
:10A008006D206973206265696E6720002020696E83
:10A01800697469616C697A696E67202000205573DC
:10A02800657220496E746572666163652000202040
:10A038002054657374206D6F6465202020200054BF
:10A048006F74616C204163632076616C75652000D4
:10A058002D002B0073796E2062706D206D5458208E
:10A068006D52582000704368206E632E206E632E58
:10A07800206E632E20007878780020205061747458
:10A0880065726E20506C617920200020205368751D
:10A0980066666C652076616C756520006964782059
:10A0A8006E6F74206C656E206F637420007074721C
:10A0B800206C656E2073636C20696E732000706F6E
:10A0C8007320707472206C656E206E756D20002090
:10A0D8002020547261636B20506C6179202020002D
:10A0E800706F733A007074726E3A00566F696365E8
:10A0F800732054657374204D6F6465002020202000
:10A108002020202020202020202020202000202067
:10A11800596F63746F2076322E30303320006279A5
:10A1280020652D6C69636B74726F6E6963200050D3
:10A13800004C004E0049004F00530042004D000102
:10A14800000000000102030405060708090A0B00C5
:10A1580000000001010000000000000000000000F5
:10A1680000000000FFFFFFFF0000000000000000EB
:10A1780000000000000000000000000000000000D7
:10A18800000000000000010300000000000000FFC4
:10A19800FF0000FEFF0000FDFF0000FCFF0000FBC9
:10A1A800FF0000FAFF180C2010505050505050502B
:10A1B80050505050505050505028282828282828AF
:10A1C800283C3C3C142828282803030703050106DB
:10A1D800020400010004080C6F026F02710273028E
:10A1E800750273027102770279027B027D027D0299
:10A1F8006F02730273027302640000000000000023
:10A2080000000000000000001010111204081000E7
:10A2180000001714171517000000101810100C0074
:10A2280000000E0A0E0A0E0000001B091B0A1B0084
:10A2380001010101010F1F0E01000706050C0B0AA1
:10A24800090D0E0F080006030102040507020104A8
:10A25800030506070005060700090A0B0C0D0E0F7B
:10A26800080102030400FF0100010000FFFF0000D5
:10A27800010001FF0000000000403D484D00004083
:10A28800001400540000000000243FF33EAC3EB52B
:10A298003ECA3EDB3E00000000674C484DFB4B2C9D
:06A2A8004C0C4C554C006B
:00000001FF
