:100000000C9449010C9474010C9474010C947401C7
:100010000C9474010C9474010C9474010C9474018C
:100020000C9474010C9474010C9474010C9474017C
:100030000C9474010C94473B0C9474010C9474015F
:100040000C9474010C9474010C94C4480C947401C5
:100050000C94AF4A0C94454B0C9474010C947401AD
:100060000C9474010C9474010C94AE400C947401C3
:100070000C94E84A0C94924B0C9474010C94740107
:100080000C9474010C9474010C9474014D093E0994
:100090003E096309410950094109440953096309AB
:1000A000630947095609470947095C094A0959097B
:1000B00063095F095F095F096309630963096309EC
:1000C00062093D362E362E3683363136403631368D
:1000D0003436433683368336373646363736373608
:1000E0004C363A36493683364F364F364F3683369E
:1000F00083368336833652367136673667368336B3
:100100006936733669366B367536833683366D36A7
:1001100077366D366D367B366F36793683367D367B
:100120007D367D368336833683368336823620426B
:10013000440020534400204C5400204D54002048DB
:10014000540020524D0020435000204342002043E1
:100150005900204F4800204348005043320041439B
:1001600043004558540054523100545232002D334C
:10017000002D32002D31002B30002B31002B3200AE
:100180002B33002B34002043004323002044004441
:100190002300204500204600462300204700472337
:1001A000002041004123002042004D535400534C95
:1001B000560053594E0046524500AA01AE01B60101
:1001C000B2012E01320136013A013E0142014601DF
:1001D0004A014E01520156015A015E016201660157
:1001E0006A016E017101740177017A017D0180015C
:1001F0008301860189018C018F019201950198018B
:100200009B019E01A101A401A7010000210024007F
:1002100027002A0000002200250028002B000000F3
:10022000200023002600290002020202020202022C
:100230000404040404040404030303030303030386
:1002400001010101010101010102040810204080A7
:1002500001020408102040800102040810204080A0
:10026000010204081020408000000001020008097B
:10027000000000000403070600000000000000006A
:1002800000000000000000005A0E463F61440D4D82
:10029000664411241FBECFEFD0E4DEBFCDBF13E014
:1002A000A0E0B1E0EEE9F0EA00E00BBF02C0079089
:1002B0000D92AE3FB107D9F71BBE14E2AEEFB3E02B
:1002C00001C01D92AE3EB107E1F712E0C0E9D2E0F5
:1002D00004C02297FE010E940750C838D107C9F711
:1002E0000E94A34D0C9442500C940000A0E0B0E09A
:1002F000ECE7F1E00C941350EC01A880B980CA80BF
:10030000DB80A114B104C104D10441F484E2A82E1D
:1003100089EDB82E8BE5C82E87E0D82EC601B50131
:100320002DE133EF41E050E00E94EA4F27EA31E44B
:1003300040E050E00E94764F7B018C01C601B50180
:100340002DE133EF41E050E00E94EA4FCA01B901CC
:100350002CEE34EF4FEF5FEF0E94764F6E0D7F1D56
:10036000801F911F97FF04C06150704080409048EB
:10037000688379838A839B839B01AC015F77B90192
:10038000CA01CDB7DEB7EAE00C942F500E94760187
:10039000089580E892E00E947601089560938002BB
:1003A0007093810280938202909383020895FB01EF
:1003B000DC0105900D920020E1F70895FC01148204
:1003C000138290E0672B09F091E090838181981768
:1003D00079F08281882319F4913009F49383928112
:1003E000913021F48081882309F494838081828371
:1003F000808181830895AF92BF92CF92DF92EF9276
:10040000FF920F931F93482F9091FF0380E020915C
:10041000FE0330E0282B392B442321F0413009F032
:1004200056C056C04091B61E5091B71EE1E1F4E0AF
:1004300060E070E081E0E82EF12C012D112D138297
:10044000C901062E02C0969587950A94E2F7982F67
:10045000917090838181981761F18281882349F599
:10046000913039F5938386818F5F8683813019F0CF
:100470008230F9F40DC057016801062E04C0AA0CA1
:10048000BB1CCC1CDD1C0A94D2F74A295B2911C085
:10049000168257016801062E04C0AA0CBB1CCC1C96
:1004A000DD1C0A94D2F7D601C501809590954823AA
:1004B0005923808181836F5F7F4F3B966031710547
:1004C00009F0BDCF4093B61E5093B71E02C002C0C4
:1004D000A901CA011F910F91FF90EF90DF90CF907B
:1004E000BF90AF9008952F923F924F925F926F927C
:1004F0007F928F929F92AF92BF92CF92DF92EF92B4
:10050000FF920F931F93DF93CF9300D000D000D0C2
:10051000CDB7DEB7BC019091FF0380E02091FE03D0
:10052000222E3324282A392A0091B1060983402F2C
:1005300050E01091F4151E83E1E1F4E09A01A4E08B
:10054000220F331FAA95E1F73D832C838091F31589
:1005500090E029E035E0DC01A29FC001A39F900D4F
:10056000B29F900D11240C811D81080F191F035E8D
:10057000184F1D830C832801380148015801CC24F1
:10058000DD2491E0E92EF12C012D112D9A01265147
:100590003D4F3B832A8346505D4F3C2D1382C10162
:1005A0000C2C02C0969587950A94E2F7282F2170AB
:1005B00020838181281709F48EC08281882309F065
:1005C00088C0213009F085C0238389818C3031F0C7
:1005D0008E3021F08F3011F08D30A1F5CB01032E3C
:1005E00002C0969587950A94E2F780FF03C092E0D7
:1005F000968302C0A1E0A6838681813021F08230FB
:1006000009F065C010C0D801C70104C0880F991F48
:10061000AA1FBB1F3A95D2F7682B792BAA81BB8101
:100620008C91D2013DC01682D801C70104C0880F49
:10063000991FAA1FBB1F3A95D2F780959095682302
:10064000792345C0CB010C2C02C0969587950A945E
:10065000E2F780FF0AC0D5019C91DA018C918917DD
:1006600018F4B3E0B68302C022E02683868182308C
:1006700099F08330C9F0813051F5D801C70104C029
:10068000880F991FAA1FBB1F3A95D2F7682B792BA9
:10069000DA018C91D30104C0AA81BB818C91D40171
:1006A0008C93B1E0BE8315C01682D801C70104C087
:1006B000880F991FAA1FBB1F3A95D2F78095909576
:1006C00068237923DA018C91AC81BD81E9CF21E0E7
:1006D0002E83808181830894C11CD11C3B96089491
:1006E000411C511C0894611C711C0894811C911CB4
:1006F0008C819D8101969D838C830894A11CB11CE3
:1007000090E1C916D10409F048CFAE81A093F41549
:10071000CB0126960FB6F894DEBF0FBECDBFCF91AA
:10072000DF911F910F91FF90EF90DF90CF90BF90DE
:10073000AF909F908F907F906F905F904F903F9081
:100740002F900895BF92CF92DF92EF92FF920F9376
:100750001F93CF93DF939091FF0380E02091FE03DE
:10076000C22EDD24C82AD92A2091D60540911D1613
:1007700050911E16C1ECD4E060E070E0B1E0EB2EC9
:10078000F12C012D112DBB24B3941B82C601062E22
:1007900002C0969587950A94E2F7982F91709883F6
:1007A0008981981709F444C08A81882309F040C0E0
:1007B0009130F1F59B838E818F5F8E832223B9F078
:1007C000D801C701062E04C0880F991FAA1FBB1F9E
:1007D0000A94D2F7AC0140955095E7ECF4E0B08272
:1007E0003B9685E0E737F807D1F71E8221C08130BC
:1007F00019F08230E9F40DC0D801C701062E04C0FB
:10080000880F991FAA1FBB1F0A94D2F7482B592B98
:100810000FC01E82D801C701062E04C0880F991F81
:10082000AA1FBB1F0A94D2F780959095482359239D
:10083000888189836F5F7F4F2B966031710509F046
:10084000A4CF50931E1640931D16DF91CF911F9198
:100850000F91FF90EF90DF90CF90BF90089581E0CF
:100860000E94FB01AC019093B51E8093B41E20E062
:1008700030E0CA01022E02C0969587950A94E2F7ED
:1008800080FF02C0822F08952F5F3F4F2031310536
:1008900081F7089581E00E94FB01AC019093B31EA3
:1008A0008093B21E60E020E030E0CA01022E02C058
:1008B000969587950A94E2F780FF05C0613011F4A0
:1008C000822F089561E02F5F3F4F2031310569F796
:1008D00080E00895F82FE92F5091341E3091351E95
:1008E0002091B81E222381F0213051F48DB38093E2
:1008F000BA1E9DB38091B91E809589238DBB04C01B
:100900008FB7F8948093BA1E5CBD3DBD2C98EEBDA8
:1009100000000DB407FEFDCF8EB5FEBD00000DB486
:1009200007FEFDCF8EB57EBD00000DB407FEFDCFE6
:100930008EB56EBD00000DB407FEFDCF8EB54EBD69
:1009400000000DB407FEFDCF8EB52C9A222339F09E
:100950008091BA1E213011F48DBB08958FBF089588
:10096000AC015F706091341E3091351E2091B81E2D
:10097000222381F0213051F48DB38093BA1E9DB3B0
:100980008091B91E809589238DBB04C08FB7F894E0
:100990008093BA1E6CBD3DBD2B985EBD00000DB4AA
:1009A00007FEFDCF8EB54EBD00000DB407FEFDCF96
:1009B0008EB52B9A222339F08091BA1E213011F482
:1009C0008DBB08958FBF08954091341E3091351E20
:1009D0002091B81E222381F0213051F48DB38093F1
:1009E000BA1E9DB38091B91E809589238DBB04C02A
:1009F0008FB7F8948093BA1E4CBD3DBD2B981EBC9A
:100A000000000DB407FEFDCF8EB51EBC00000DB476
:100A100007FEFDCF8EB52B9A222339F08091BA1EA6
:100A2000213011F48DBB08958FBF08954091341E7D
:100A30003091351E2091B81E222381F0213051F4CF
:100A40008DB38093BA1E9DB38091B91E8095892382
:100A50008DBB04C08FB7F8948093BA1E4CBD3DBDCA
:100A60005C9A1EBC00000DB407FEFDCF8EB51EBC07
:100A700000000DB407FEFDCF8EB51EBC00000DB406
:100A800007FEFDCF8EB58093571E1EBC00000DB42F
:100A900007FEFDCF8EB51EBC00000DB407FEFDCFD6
:100AA0008EB58093581E5C98222339F08091BA1E2F
:100AB000213011F48DBB08958FBF08956F927F92FE
:100AC0008F929F92AF92BF92CF92DF92EF92FF925E
:100AD0000F931F93CF93DF934091D60540937206F7
:100AE000009158060093710630914F0630937306BB
:100AF0009091CB059093740620919F0520937506E5
:100B00008091F705809376061091AE0650E0602F35
:100B100070E0E32FF0E0A92FB0E0C82FD0E030E084
:100B2000112351F0440F551F660F771F660F771F73
:100B3000842F862B80680EC0809194028795882729
:100B40008795440F551F842B8160660F771F660FB2
:100B5000771F862B43E0EE0FFF1F4A95E1F78E2BA0
:100B600094E0AA0FBB1F9A95E1F78A2BB5E0CC0F52
:100B7000DD1FBA95E1F78C2BA6E0220F331FAA9553
:100B8000E1F7822B80936206A091C802B091C9025E
:100B9000A130B10519F45091940204C050E01097AF
:100BA00009F451E050936606A330B10519F4409161
:100BB000940205C040E0A230B10509F441E0409341
:100BC0006A06A430B10519F46091940205C08091C1
:100BD000AA05811181E0682F60936B068091321E17
:100BE000882321F081E08093670606C08091020689
:100BF0008093670680910D06809368062091B50565
:100C000020936C0681E090E00090A30502C0880F5D
:100C1000991F0A94E2F7782F8093770680919805C0
:100C200080936D06A330B10541F48091B1068D30FB
:100C300021F48091940280936D06309123063093C5
:100C40006E06002331F08091B1068C3011F481E002
:100C50000EC08091F715882341F480912B1E8823C4
:100C600021F480918806882329F080919402809352
:100C7000780602C010927806A530B10521F481E013
:100C800080936F0602C010926F06809187068823BA
:100C900019F08091940202C08091C0058093700683
:100CA00080916706E82EFF24F6E0EE0CFF1CFA9513
:100CB000E1F78091680690E09695982F88279795A0
:100CC0008795E82AF92A8091690690E0E82AF92AAE
:100CD0009091780680E0E82AF92A922F990F990FCF
:100CE000990F80E0E82AF92A20916D06922F9295BB
:100CF000907F80E0E82AF92A932F9295990F907EB1
:100D000080E0E82AF92A20916F06922F9295990F98
:100D1000990F907C80E0E82AF92A20917006922FA2
:100D200097959927979580E0E82AF92A872F90E0F0
:100D3000880F991FE82AF92A852F90E025E0880F6F
:100D4000991F2A95E1F7E82AF92A942F990F80E054
:100D5000E82AF92A962F990F990F80E0E82AF92AB4
:100D6000F0926406E09263068091B106C82FD0E04D
:100D700041E050E0CA010C2E02C0880F991F0A946E
:100D8000E2F790937A0680937906A230B10509F4D0
:100D900076C0A330B1053CF4109789F0A130B105BD
:100DA00009F035C22EC0A430B10509F41DC2A4302B
:100DB000B1050CF409C1159709F029C21AC2112313
:100DC000A9F0FE01EB56FD4F8081C657D94F28810F
:100DD00090E002C0880F991F2A95E2F70090241E28
:100DE00002C0440F551F0A94E2F7CDC080919402CF
:100DF00090E00090241E02C0880F991F0A94E2F729
:100E000002C2332341F00090B20602C0AA0FBB1FFA
:100E10000A94E2F70BC08091EC05882361F0009002
:100E2000241E02C0AA0FBB1F0A94E2F7B0935D060E
:100E3000A0935C06ECC13091B3061123B1F0FE0122
:100E4000EB56FD4F8081C657D94F288190E002C0F4
:100E5000880F991F2A95E2F73F7002C0AA0FBB1FA7
:100E60003A95E2F78A279B27CEC18091940290E0C1
:100E70003F7002C0880F991F3A95E2F7C4C133232F
:100E800009F07AC11123A1F48091F915682F70E05F
:100E90008091FA15482F50E04F705070E0E0F0E07C
:100EA00020E030E081E0A82EB12CC12CD12C6EC006
:100EB0009091F915992309F44EC08091FA15482FA5
:100EC00050E04F70507060E070E020E030E0E92FBB
:100ED000F0E001E0A02EB12CC12CD12C10C0C90132
:100EE000840F951F3501460104C0660C771C881CD1
:100EF000991C8A95D2F7662977292F5F3F4FE21711
:100F0000F3076CF780919402FE01EB56FD4FE081F0
:100F1000C657D94F288140E050E0882311F441E0C2
:100F200050E08091B4068F7002C0440F551F8A951F
:100F3000E2F740955095642375238E2F90E002C010
:100F4000880F991F2A95E2F76827792770935D0625
:100F500060935C065CC140919402FE01EB56FD4F2C
:100F60008081C657D94F288190E002C0880F991F11
:100F70002A95E2F750E02091B4062F7002C0440F8A
:100F8000551F2A95E2F7842795273DC1C901840F93
:100F9000951F3501460104C0660C771C881C991CFE
:100FA0008A95D2F7E629F7292F5F3F4F621773071B
:100FB0006CF78091940220E030E0882311F421E066
:100FC00030E08091B40601C1002379F020917B06C6
:100FD000283008F0A2C085759D7D90935D068093B2
:100FE0005C062F5F20937B0612C1112309F4AEC06B
:100FF0002091F31530E0FE01E650FD4F9080FE0198
:1010000014E0EE0FFF1F1A95E1F789E095E0AC01BF
:10101000249FC001259F900D349F900D1124E80F4F
:10102000F91FE35EF84F20E030E060E070E040E060
:1010300050E08E01000F111FA1E0AA2EB12CC12C8F
:10104000D12C080F191F0352194F80819816C0F434
:10105000D8018D919C91022E02C0969587950A9495
:10106000E2F780FF25C0D601C501022E04C0880F1B
:10107000991FAA1FBB1F0A94D2F7482B592B28C0CF
:10108000D8018D919C91022E02C0969587950A9465
:10109000E2F780FF0DC0D601C501022E04C0880F03
:1010A000991FAA1FBB1F0A94D2F7682B792B10C077
:1010B000D601C501022E04C0880F991FAA1FBB1FAD
:1010C0000A94D2F780959095482359236823792371
:1010D0002F5F3F4F31962031310509F0B6CF609335
:1010E00060067093610640935E0650935F063091F0
:1010F0007B06DE01AB56BD4FFE01E657F94F383097
:1011000098F08C91208190E002C0880F991F2A9559
:10111000E2F786279727842B952B90935D06809383
:101120005C0610927B0673C08C91208190E002C017
:10113000880F991F2A95E2F78427952790935D06DB
:1011400080935C063F5F30937B0661C03323A1F43C
:101150008091F915682F70E08091FA15482F50E0C2
:101160004F705070E0E0F0E020E030E011E0A12EA0
:10117000B12CC12CD12C0CC00090B20602C0440F7F
:10118000551F0A94E2F750935D0640935C063FC0FA
:10119000C901840F951F3501460104C0660C771CF8
:1011A000881C991C8A95D2F7E629F7292F5F3F4FB3
:1011B000621773076CF78091940220E030E0882377
:1011C00011F421E030E08091B3068F7002C0220F4D
:1011D000331F8A95E2F720953095E223F323F093AD
:1011E0005D06E0935C0613C08091AB069091AC065F
:1011F0000AC08091AB069091AC0620911D163091EB
:101200001E168227932790935D0680935C0680913B
:101210005C0690915D06B701409162060E946A04E7
:10122000DF91CF911F910F91FF90EF90DF90CF90C2
:10123000BF90AF909F908F907F906F90089581E0C6
:1012400080933B1E089581E080933C1E089581E0C9
:1012500080933D1E0895909180068917A1F5862FF1
:1012600090E0FC01B297EB31F10568F5EA5BFF4FC6
:10127000EE0FFF1F0590F491E02D099410923E1E91
:10128000089510923F1E08951092401E08951092E6
:10129000411E08951092421E08951092431E089513
:1012A0001092441E08951092481E08951092471EF1
:1012B00008951092461E08951092451E08951092AA
:1012C000491E0895129A08954F925F926F927F92ED
:1012D0008F929F92AF92BF92CF92DF92EF92FF9246
:1012E0000F931F93CF93DF938091F315882E99244A
:1012F00089E095E09C01829EC001839E900D929EA4
:10130000900D1124BDEDEB2EB6E0FB2EE80EF91E7C
:101310006FEE70E1EC01CF54D44FA3EC4A2EA5E15F
:101320005A2E40E050E03C01D7018D919C91FB0189
:10133000918380838881D2018C93888950968C9385
:10134000509788A190968C93E0EFFFEF4E0E5F1EB2
:10135000609788816096D2018C93E0E1F0E04E0EB8
:101360005F1E9A01F4E0220F331FFA95E1F7C901DD
:10137000860D971DEDE1AE2EE7E0BE2EA80EB91E3C
:10138000F901E15DFE4E2DE1C22E28E0D22EC80EFD
:10139000D91E8C01035E164F9C01235E354F90E0F1
:1013A000D5018D915D018083E050FF4FD6018D9175
:1013B0006D018083E050FF4FD8018D918D018083B6
:1013C000E050FF4FD9018D919D0180839F5FEF5FBA
:1013D000F240903129F74F5F5F4FE2E0F0E0EE0E10
:1013E000FF1E6E5F7F4F21960894411C511C4031B7
:1013F000510509F099CF89E095E0889E9001899E7A
:10140000300D989E300D1124F901E852F94F80817A
:101410008093EA1081818093EB1083818093ED109B
:1014200082818093EC10EA53FB4F81918093B01539
:1014300080818093B115329790819093AF15339648
:1014400080818093B215D901A35EB44FEFE2F5E13C
:10145000292F30E02E0F3F1F02C08D918193E2179C
:10146000F307D9F7DF91CF911F910F91FF90EF9084
:10147000DF90CF90BF90AF909F908F907F906F90B4
:101480005F904F9008954F925F926F927F928F92EC
:101490009F92AF92BF92CF92DF92EF92FF920F9303
:1014A0001F93CF93DF938091F315882E99246FEECD
:1014B000E62E60E1F62E89E095E09C01829EC00157
:1014C000839E900D929E900D1124BC016352794F22
:1014D000C3ECD5E151EB452E5BE0552E480E591E6D
:1014E00020E030E03C01D7018D919C91FB0191837C
:1014F00080838881D2018C93888950968C935097F1
:1015000088A190968C93E0EFFFEF4E0E5F1E6097E0
:1015100088816096D2018C93E0E1F0E04E0E5F1E70
:10152000C90144E0880F991F4A95E1F7FC01E15D8C
:10153000FE4E860D971D0DE1A02E07E0B02EA80EE1
:10154000B91E1DE1C12E18E0D12EC80ED91E8C0186
:10155000035E164FAC01435E554F90E08081D5018C
:101560008D935D01E050FF4F8081D6018D936D0119
:10157000E050FF4F8081D8018D938D01E050FF4FE7
:101580008081DA018D93AD019F5FEF5FF240903172
:1015900029F72F5F3F4FE2E0F0E0EE0EFF1E6E5F97
:1015A0007F4F21960894411C511C2031310509F0D0
:1015B0009ACF89E095E0889E9001899E300D989E93
:1015C000300D1124F901E852F94F8091EA1080831F
:1015D0008091EB1081838091ED1083838091EC10DA
:1015E0008283EA53FB4F8091B01581938091B115AE
:1015F00080839091AF153297908333968091B21586
:101600008083EFE2F5E1D901A35EB44F292F30E0EA
:101610002E0F3F1F02C081918D93E217F307D9F778
:10162000DF91CF911F910F91FF90EF90DF90CF90BE
:10163000BF90AF909F908F907F906F905F904F90F2
:1016400008958091FC158823C9F48091F31590E0EA
:1016500029E035E0829FF001839FF00D929FF00D0D
:101660001124E852F94FE953FB4F80818093F9151B
:101670008091B3069291891B8093FA154091B1062F
:101680008091F31590E029E035E0829FF001839F7F
:10169000F00D929FF00D1124E852F94FE40FF11D67
:1016A000E751FB4FE081E03199F0E13118F4EC3083
:1016B00091F408C0E83119F0E03269F405C01092E5
:1016C000A305089581E001C082E08093A3050895F9
:1016D00083E08093A30508958F929F92AF92BF926B
:1016E000CF92DF92EF92FF920F931F93CF93DF93EE
:1016F0008091F31590E029E035E0AC01429FC001F4
:10170000439F900D529F900D1124DC01A350B94FBF
:10171000C0E0D0E0F1E08F2E912CEDEDAE2EE6E0B2
:10172000BE2EA80EB91E71E0C72ED12CE12CF12CD3
:1017300011961C921E9284010C2E02C0000F111FE4
:101740000A94E2F7F50160E070E0808191818023E6
:101750009123892B91F0A7019601062E04C0220F38
:10176000331F441F551F0A94D2F78D919C911197F6
:10177000822B932B11969C938E936F5F7F4F3296A3
:101780006031710511F721961296C031D10581F6AD
:10179000DF91CF911F910F91FF90EF90DF90CF904D
:1017A000BF90AF909F908F900895CF92DF92FF925D
:1017B0000F931F93CF93DF9381E08093F415809173
:1017C0005806882309F477C08091D605882309F04C
:1017D00072C08091F315C82FD0E08091B106482FD8
:1017E00050E0FA01A4E0EE0FFF1FAA95E1F789E0AF
:1017F00095E0C89F9001C99F300DD89F300D1124EE
:10180000E20FF31FE35EF84F1081DA01AA0FBB1F4E
:10181000A20FB31FA852B94F15968D919C911697A0
:10182000BC017695679580FF14C0F901E40FF51FA0
:10183000EF54F44F81E090E0008002C0880F991FC0
:101840000A94E2F7862B972B16969C938E93159706
:1018500004C016967C936E931597DA0134E0AA0FB4
:10186000BB1F3A95E1F789E095E09C01C29FC0015A
:10187000C39F900DD29F900D1124A80FB91FA35E96
:10188000B84F20E030E0FA01E80FF91FEF54F44FB1
:101890000CC02817390711F41C9304C011968C91C1
:1018A00011978C932F5F3F4F1196808190E08217A4
:1018B00093077CF75BC08091F31590E029E035E059
:1018C000AC01429FC001439F900D529F900D112487
:1018D000BC01635E784FDC01A352B94FEC01CF54D9
:1018E000D44F40E050E021E0C22ED12C8C01FB010E
:1018F000F0808D919C9111979C013695279580FFE2
:101900000DC0C601088002C0880F991F0A94E2F733
:10191000822B932B11969C938E9303C011963C932C
:101920002E93FA0184E0EE0FFF1F8A95E1F7E00F96
:10193000F11FE35EF84F20E030E00AC028173907B6
:1019400011F4F08202C0818180832F5F3F4F319676
:10195000888190E0821793078CF74F5F5F4F605F3D
:101960007F4F129621964031510509F6DF91CF91B4
:101970001F910F91FF90DF90CF9008954F925F924B
:101980006F927F928F929F92AF92BF92CF92DF928F
:10199000EF92FF920F931F93DF93CF93CDB7DEB7F4
:1019A000A0970FB6F894DEBF0FBECDBF81E0809345
:1019B000F41580915806882309F492C08091D605C9
:1019C000882309F08DC08091F315E82EFF248091C3
:1019D000B106082F10E0F801EE0FFF1F89E095E037
:1019E0009C01E29EC001E39E900DF29E900D112499
:1019F000E80FF91FE852F94F25813681F801E80F09
:101A0000F91FEF54F44FD0804D2D50E0F801A4E0C1
:101A1000EE0FFF1FAA95E1F7E80FF91FE40FF51F7E
:101A2000E35EF84FC080C9010D2C02C096958795E2
:101A30000A94E2F7220F331F80FF17C021604F5F27
:101A40005F4F81E090E0A0E0B0E0042E04C0880F7A
:101A5000991FAA1FBB1F0A94D2F741505040BC01E6
:101A6000609570956223732301C0B901000F111FA7
:101A700089E095E0DC01EA9EC001EB9E900DFA9EA4
:101A8000900D1124F801E80FF91FE852F94F768301
:101A90006583980163E0220F331F6A95E1F7FA012D
:101AA000E20FF31FE80FF91FE45EF84F40E050E04B
:101AB0006D2D70E0D901A80FB91FA35EB84F9B012F
:101AC0002F5F3F4F6417750711F4CC9202C08081DD
:101AD00081834F5F5F4F31974217530799F7A2C039
:101AE0008091F31590E029E035E0FC01E29FC00110
:101AF000E39F900DF29F900D11245DEDC52E56E0F1
:101B0000D52EC80ED91E8E010F5F1F4F41EB842EBC
:101B10004BE0942E880E991E3DE1A32E37E0B32EA4
:101B2000A80EB91EEE24FF243C01D6018D919C9194
:101B3000F80191838083D4015C90452D50E0F7013A
:101B400024E0EE0FFF1F2A95E1F7E60DF71DE40FE5
:101B5000F51FE35EF84F40809C01052C02C03695CE
:101B600027950A94E2F7BC01660F771F20FF19C082
:101B700061604F5F5F4F81E090E0A0E0B0E0042E35
:101B800004C0880F991FAA1FBB1F0A94D2F74150A7
:101B900050408095909586239723F8019183808308
:101BA00003C0D8016D937C93F80180819181D601A7
:101BB0008D939C93D70184E0AA0FBB1F8A95E1F710
:101BC000A40FB51FA60DB71DA45EB84F20E030E0EE
:101BD000452D50E0BA016F5F7F4F4217530719F44C
:101BE000F501408204C08C9111968C9311972F5F60
:101BF0003F4F11972617370781F70894E11CF11C16
:101C000022E030E0C20ED31E0E5F1F4F0894811CED
:101C1000911C40E150E0A40EB51E50E1E516F10420
:101C200009F083CFA0960FB6F894DEBF0FBECDBFEC
:101C3000CF91DF911F910F91FF90EF90DF90CF90A8
:101C4000BF90AF909F908F907F906F905F904F90DC
:101C50000895209181063091820680E690E0AC01E3
:101C6000249FC001259F900D349F900D11246CE39B
:101C700070E00E94A14F9B0140E050E060E874E8F2
:101C80008EE190E00E94EA4F309389002093880013
:101C90000895E1E8F0E010828081809380008081E7
:101CA0008A6080830E94290EEFE6F0E080818260E6
:101CB00080830895CF92EF920F9380E58093341E36
:101CC0001092351E8BE59EE162E143E124E105E1DE
:101CD00056E1E52E37E1C32E0E94CE3E0F91EF90E4
:101CE000CF9008958091501E882389F08091561ED0
:101CF000882369F40E940C496093521E7093531E0E
:101D00008093541E9093551E81E08093561E0E942E
:101D10000C492091521E3091531E4091541E5091F7
:101D2000551E621B730B840B950B6A307105810580
:101D3000910528F0129A1092561E1092501E089586
:101D40000E940C4920910D0430910E0440910F0423
:101D500050911004621B730B840B950B6630710558
:101D60008105910508F470C00E940C4960930D0430
:101D700070930E0480930F04909310044091341ECE
:101D80003091351E2091B81E222381F0213051F46C
:101D90008DB38093BA1E9DB38091B91E809589231F
:101DA0008DBB04C08FB7F8948093BA1E4CBD3DBD67
:101DB0005C9A1EBC00000DB407FEFDCF8EB580936B
:101DC00003041EBC00000DB407FEFDCF8EB580934A
:101DD00005041EBC00000DB407FEFDCF8EB5809338
:101DE00007041EBC00000DB407FEFDCF8EB5809326
:101DF00009041EBC00000DB407FEFDCF8EB5809314
:101E00000B045C98222339F08091BA1E213011F422
:101E10008DBB01C08FBF93B194709093361EE3E0E9
:101E2000F4E0AEEFB3E020818181281709F42C9310
:101E30003296119684E0ED30F807A9F78091371EAD
:101E4000981711F49093381E4091341E3091351E2E
:101E50002091B81E222381F0213051F48DB380935C
:101E6000BA1E9DB38091B91E809589238DBB04C095
:101E70008FB7F8948093BA1E4CBD3DBD5C9A1EBCD2
:101E800000000DB407FEFDCF8EB5809304041EBC88
:101E900000000DB407FEFDCF8EB5809306041EBC76
:101EA00000000DB407FEFDCF8EB5809308041EBC64
:101EB00000000DB407FEFDCF8EB580930A041EBC52
:101EC00000000DB407FEFDCF8EB580930C045C9826
:101ED000222339F08091BA1E213011F48DBB01C04C
:101EE0008FBF83B184708093371E0895DF92EF9285
:101EF000FF920F931F93CF93DF930E94A00E009148
:101F00000004E0900104D090020410E0C80174E0E5
:101F1000969587957A95E1F7817080935806B80178
:101F20006870707084ED95E00E94DE01B801647005
:101F300070708DE496E00E94DE01FF24B7016870A6
:101F4000707082E496E00E94DE01B70160787070E4
:101F500087E396E00E94DE01B7016074707088EA42
:101F600095E00E94DE01B7016072707083EB95E02E
:101F70000E94DE01B8016078707081E795E00E94F0
:101F8000DE01B801617070708CE795E00E94DE019F
:101F9000B7016071707082E995E00E94DE01B801BE
:101FA000627070708DE995E00E94DE01B801607486
:101FB000707085EF95E00E94DE010072107089EC70
:101FC00095E0B8010E94DE01B7016470707080E096
:101FD00096E00E94DE01B701627070708BE096E0BF
:101FE0000E94DE01CD2DD0E0BE01647070708EEBDA
:101FF00095E00E94DE0121E0E222FF248AEE95E0D6
:10200000B7010E94DE01BE016270707086E196E049
:102010000E94DE01BE016170707081E296E00E9454
:10202000DE016091381E87E895E070E00E94DE01D5
:102030007091FF0360E08091FE0390E0682B792BA4
:102040008CE296E00E94DE011092E3051092E20518
:1020500063E0D695C7956A95E1F7CE018170682F48
:102060008093DF058091E005681711F18091E1050B
:10207000882371F4613061F46093E2050E940C4999
:102080006093E6057093E7058093E8059093E90572
:102090009091E105913041F48091DF05882321F48E
:1020A0009093E3051092E4058091DF058093E105AC
:1020B0008091DF058093E0058091E1058823B1F0F0
:1020C0000E940C492091E6053091E7054091E80512
:1020D0005091E905621B730B840B950B695E73408D
:1020E0008040904018F081E08093E405E4E1F4E062
:1020F000108211823B9684E0E43CF807C9F7DF9137
:10210000CF911F910F91FF90EF90DF9008950F9363
:102110001F930BE51EE1C80164E040E00E94BA3C59
:10212000C80160E071E00E94E24E1F910F91089596
:102130008BE59EE169E071E00E94E24E08950F9305
:102140001F930BE51EE1C80160E040E00E94BA3C2D
:10215000C8016AE171E00E94E24EC80160E041E01E
:102160000E94BA3C0E949810C80160E041E00E94C1
:10217000BA3CC8016BE271E00E94E24E1F910F91E0
:1021800008950F931F930BE51EE1C80160E040E046
:102190000E94BA3CC8016AE371E00E94E24EC801A5
:1021A00060E041E00E94BA3C0E949810C80160E0E3
:1021B00041E00E94BA3CC8016CE471E00E94E24E2A
:1021C0001F910F9108952F923F924F925F926F92BD
:1021D0007F928F929F92AF92BF92CF92DF92EF92B7
:1021E000FF920F931F93DF93CF93CDB7DEB7AC97DA
:1021F0000FB6F894DEBF0FBECDBFDE015D96E6E9F7
:10220000F3E080E101900D928150E1F7DE0111963B
:10221000EEE8F3E088E001900D928150E1F78BE564
:102220009EE160E040E00E94BA3C8BE59EE16DE5F6
:1022300071E00E94E24E8BE59EE160E041E00E9489
:10224000BA3C8BE59EE16EE671E00E94E24EDD2431
:1022500001E0E02EF12C1DE1412E512C4C0E5D1EB3
:10226000BDE26B2E712C6C0E7D1E4E010894811CFC
:10227000911CA9E0AA2EB12CAC0EBD1E4CC0C7010A
:10228000002E02C0880F991F0A94E2F760E070E008
:1022900040E00E946A0464EF71E080E090E00E94F8
:1022A0001A490F5F1F4F0031110549F78201F801EC
:1022B000B701019002C0660F771F0A94E2F78F0101
:1022C00080E090E040E00E946A0464EF71E080E00A
:1022D00090E00E941A490615170549F78401F80194
:1022E000A701019002C0440F551F0A94E2F78F0125
:1022F00080E090E060E070E00E946A0464EF71E0CA
:1023000080E090E00E941A490A151B0541F7D3941A
:10231000F2E0DF1619F000E010E0B1CFF1E16F2E2E
:10232000712C6C0E7D1EE1E0AE2EB12CC12CD12C97
:10233000DE011996E6E8F3E088E001900D92815005
:10234000E1F7D301EAE7F3E08CE001900D928150D0
:10235000E1F70E94A00E1091020400E080910104B8
:10236000482F50E0402B512B90900004F30160E087
:1023700070E020E030E0CA01022E02C096958795F9
:102380000A94E2F7908180FF0CC01501260104C079
:10239000220C331C441C551C9A95D2F762297329D0
:1023A0000FC01501260104C0220C331C441C551C0F
:1023B0009A95D2F7D201C10180959095682379232F
:1023C0002F5F3F4F31962C303105A9F6FE0139962B
:1023D00040E050E020E030E0892C9924C401022E36
:1023E00002C0959587950A94E2F7908180FF0CC012
:1023F0001501260104C0220C331C441C551C9A955F
:10240000D2F7422953290FC01501260104C0220C1E
:10241000331C441C551C9A95D2F7D201C1018095FA
:102420009095482359232F5F3F4F3196283031052F
:10243000A9F6F090FF03EE248091FE0390E08E2930
:102440009F290E946A0474CF8FE090E00E94734934
:102450005E985F9A85E090E00E94734908958FE04E
:1024600090E00E9473495F985E9A85E090E00E9438
:102470007349089585E691E26BE740E020917F067D
:102480000E94694808950F931F9305E611E2C80161
:1024900068EF70E00E94B042C8016AEF70E00E94ED
:1024A000B042C8016CEF70E00E94B042C8016BEF0F
:1024B00070E00E94B0421F910F910895282F645F31
:1024C00085E691E20E9481480895282F645F85E6A1
:1024D00091E240E00E947548089580913A1E882359
:1024E000D1F110923A1E8091AD062091F315882308
:1024F000C1F04091AD0630E089E095E0289FF00101
:10250000299FF00D389FF00D1124E852F94FE40F88
:10251000F11DEC5BFB4F80917F0660810E9465128C
:10252000089530E089E095E0289FF001299FF00DA3
:10253000389FF00D1124E852F94FEB53FB4F808187
:10254000E55CF440E80FF11DEB5BFB4F80917F06EB
:1025500060810E94651208959F92AF92BF92CF92C0
:10256000DF92EF92FF920F931F93CF93DF938091AF
:10257000AE06882349F08091321E882329F01092FC
:10258000321E81E0809314038091ED05882331F1A0
:102590008091B1068D3011F58091C8029091C902E9
:1025A0000397E1F490E08091321E882309F491E0D2
:1025B0009093321E992379F00E946D1211E01093CE
:1025C000C7021092AE0685E691E26CEF70E00E94C1
:1025D00070461093820581E0809314038091321E2F
:1025E000882309F442C18091A005882369F0809175
:1025F0000A038F5F80930A03883018F087E0809386
:102600000A0381E0809314038091F805882361F028
:1026100080910A03815080930A03883010F0109251
:102620000A0381E08093140380910306882331F12B
:102630008091331E81508093331E833610F01092A8
:10264000331E4091331E8091F31590E029E035E070
:10265000829FF001839FF00D929FF00D1124E852AC
:10266000F94FE40FF11DEB5BFB4F80917F0660811A
:1026700040E50E945E1281E080931403809104067D
:102680008823C9F04091331E8091F31590E029E032
:1026900035E0829FF001839FF00D929FF00D112491
:1026A000E852F94FE40FF11DEB5BFB4F80917F0681
:1026B00060810E94651280910E06882339F1809115
:1026C000331E8F5F8093331E833618F083E680932A
:1026D000331E4091331E8091F31590E029E035E0E0
:1026E000829FF001839FF00D929FF00D1124E8521C
:1026F000F94FE40FF11DEB5BFB4F80917F0660818A
:1027000040E50E945E1281E08093140380910F06E1
:102710008823C9F04091331E8091F31590E029E0A1
:1027200035E0829FF001839FF00D929FF00D112400
:10273000E852F94FE40FF11DEB5BFB4F80917F06F0
:1027400060810E94651280915006882329F01092C2
:10275000331E81E0809314038091C702882309F41B
:1027600084C0C1E1D4E0EE24FF242CE0B22E99E035
:10277000C92E95E0D92E9924939483E6A82E0E2D88
:1027800080915A0690915B060E2C02C09695879513
:102790000A94E2F7182F117018838981181709F429
:1027A00059C08A81882309F042C0113009F03FC026
:1027B00080910A038B9DC00111246E2D680F20911A
:1027C000331E8091F31590E08C9DF0018D9DF00DEE
:1027D0009C9DF00D1124E852F94FE20FF11DEB5BC7
:1027E000FB4F608380917F0640E50E945E128091DE
:1027F000331E8F5F8093331E1093F415843610F0D0
:10280000A092331E8091F31590E02091331E215049
:102810008C9DF0018D9DF00D9C9DF00D1124E356D3
:10282000F44F2083243608F01082909214038A819A
:10283000813071F48881882359F480910A038B9D3B
:10284000C0011124080F80917F06602F0E9465123D
:1028500088818A83888189830894E11CF11C2B96E6
:1028600080E1E816F10409F08ACFDF91CF911F9142
:102870000F91FF90EF90DF90CF90BF90AF909F901F
:1028800008950F931F93CF93DF93C0E0D0E0082FFC
:1028900010E006C08BE59EE161EA0E94DD4D2196C5
:1028A000C017D107BCF3DF91CF911F910F9108950D
:1028B0000F931F930BE51EE1C80160E040E00E940A
:1028C000BA3CC8016FE771E00E94E24EC80160E0C7
:1028D00041E00E94BA3C0E949810C80160E041E0CB
:1028E0000E94BA3CC80160E971E00E94E24EC80152
:1028F00061E041E00E94BA3C8EE00E944114C801B0
:102900006FE041E00E94BA3CC80162E971E00E94B8
:10291000E24E8091F31590E029E035E0829FF001CE
:10292000839FF00D929FF00D1124E056F44F6081CB
:102930006F5FC80141E00E94BA3CC8016BED0E9484
:10294000DD4D1F910F9108954091B1068091F315CF
:1029500090E029E035E0829FF001839FF00D929F87
:10296000F00D1124E852F94FE40FF11DE751FB4F30
:10297000E081E03199F0E13118F4EC30B9F505C0AF
:10298000E831D1F0E03291F522C08BE59EE160E0C4
:102990000E94D93C8BE59EE164E016C08BE59EE188
:1029A00060E00E94D93C8BE59EE161E00E94D93C49
:1029B0008BE59EE162E008C08BE59EE160E00E944D
:1029C000D93C8BE59EE161E00E94D93C08958BE5FE
:1029D0009EE160E00E94D93C8BE59EE163E00E94AD
:1029E000D93C8BE59EE162E00E94D93C08958BE5DD
:1029F0009EE165E00E94D93C8BE59EE160E971E0D3
:102A00000E94E24E80917D06882359F460918106F0
:102A1000709182068BE59EE14AE050E00E946C4E88
:102A200008958BE59EE16BED0E94DD4D8BE59EE107
:102A30006BED0E94DD4D8BE59EE16BED0E94DD4D5F
:102A40000895EF92FF920F931F93DF93CF93CDB72B
:102A5000DEB727970FB6F894DEBF0FBECDBF8091CB
:102A6000C005882391F08091C8029091C902029715
:102A700061F08091D605882341F48BE59EE16BE0FF
:102A800041E00E94BA3C0E94F7148091140388230D
:102A900009F4C5C38091C005882309F0C0C3109212
:102AA000140380918706882309F4E0C08BE59EE13A
:102AB00060E040E00E94BA3C80918606813021F0BF
:102AC000823009F0ACC36EC08BE59EE164E971E031
:102AD0000E94E24EE091391EF0E0EB5EFC4F8BE588
:102AE0009EE1608140E00E94BA3CE091391EF0E036
:102AF000EE0FFF1FE75DFC4F608171818BE59EE16A
:102B00000E94E24E8BE59EE160E041E00E94BA3C0B
:102B10000E9498108BE59EE160E041E00E94BA3C83
:102B200080917D06E82FF0E0EE0FFF1FE654FE4F88
:102B3000659174918E010D5F1F4FC8010E94D701EE
:102B40008BE59EE1B8010E94E24E8BE59EE164E0D8
:102B500041E00E94BA3C60918306709184068BE547
:102B60009EE14AE050E00E946C4E8BE59EE169E0F8
:102B700041E00E94BA3C8BE59EE160917F064AE00D
:102B800050E00E947D4E8BE59EE16DE041E00E94A9
:102B9000BA3C8BE59EE1609180064AE050E00E94DD
:102BA0007D4E3DC38BE59EE165EA71E00E94E24EF9
:102BB000E091391EF0E0EB5EFC4F8BE59EE1608119
:102BC00040E00E94BA3CE091391EF0E0EE0FFF1F9A
:102BD000EF5CFC4F608171818BE59EE10E94E24ECB
:102BE0008BE59EE160E041E00E94BA3C0E949810B3
:102BF0008BE59EE160E041E00E94BA3C80917C065A
:102C0000E82FF0E0EE0FFF1FE254FE4F6591749144
:102C10008E010F5F1F4FC8010E94D7018BE59EE117
:102C2000B8010E94E24E8BE59EE164E041E00E9423
:102C3000BA3C8BE59EE166EB71E00E94E24E8BE5CB
:102C40009EE168E041E00E94BA3C8BE59EE166EBC4
:102C500071E00E94E24E8BE59EE16CE041E00E9453
:102C6000BA3C8BE59EE166EB71E0F4C18091C8024D
:102C70009091C9028230910571F0833091053CF446
:102C8000009709F476C2019709F0C9C2E6C1059719
:102C90000CF0C5C23FC08BE59EE160E040E00E94C1
:102CA000BA3C8BE59EE16AEB71E00E94E24E8BE557
:102CB0009EE160E041E00E94BA3C0E9498108BE5E2
:102CC0009EE162E041E00E94BA3C6091B2066F5B17
:102CD0008BE59EE10E94DD4D6091B30670E06F5F71
:102CE0007F4F8091B20690E024E0880F991F2A95CB
:102CF000E1F7681B790B8BE59EE14AE050E00E940A
:102D0000CF4E8BE59EE169E041E00E94BA3C0E9413
:102D1000F71485C28091B1068C3019F40E945814C2
:102D20007EC28091CB05882309F456C08BE59EE1D5
:102D300060E040E00E94BA3C8BE59EE16BEC71E004
:102D40000E94E24E8BE59EE160E041E00E94BA3CC9
:102D50000E9498108BE59EE162E041E00E94BA3C3F
:102D60008BE59EE160E971E00E94E24E8BE59EE119
:102D700065E041E00E94BA3C87E00E9441148BE587
:102D80009EE16EE041E00E94BA3C8BE59EE162E983
:102D900071E00E94E24E4091B1068091F31590E0FF
:102DA00029E035E0829FF001839FF00D929FF00DA6
:102DB0001124E852F94FE40FF11DE750FB4F6081F9
:102DC0006C5F8BE59EE141E00E94BA3C8BE59EE1A1
:102DD0006BED0E94DD4D23C28091321E882309F4E1
:102DE000BEC08BE59EE160E040E00E94BA3C8BE50E
:102DF0009EE16CED71E00E94E24EE091391EF0E040
:102E0000EB5EFC4F8BE59EE1608140E00E94BA3CA6
:102E1000E091391EF0E0EE0FFF1FEF5DFC4F608187
:102E200071818BE59EE10E94E24E8BE59EE160E0C0
:102E300041E00E94BA3C0E9498108BE59EE161E05F
:102E400041E00E94BA3C6091331E70E06F5F7F4F9B
:102E50008BE59EE14AE050E00E94CF4E8BE59EE17B
:102E600064E041E00E94BA3C2091331E8091F3154A
:102E700090E019E0E12E15E0F12E8E9DF0018F9D7E
:102E8000F00D9E9DF00D1124E852F94FE20FF11D57
:102E9000EB5BFB4F80816CE00E94954FE92FF0E0E7
:102EA000EE0FFF1FEE50FE4F659174918E010F5F84
:102EB0001F4FC8010E94D7018BE59EE1B8010E9417
:102EC000E24E2091331E8091F31590E08E9DF0012B
:102ED0008F9DF00D9E9DF00D1124E852F94FE20FE9
:102EE000F11DEB5BFB4F80816CE00E94954F682FDA
:102EF0008BE59EE170E04AE050E00E94CF4E8BE50A
:102F00009EE169E041E00E94BA3C8091F31590E0B7
:102F10008E9DF0018F9DF00D9E9DF00D1124E356C6
:102F2000F44F608170E06F5F7F4F8BE59EE14AE078
:102F300050E00E94CF4E8BE59EE16DE041E00E94A3
:102F4000BA3C80910A03E82FF0E0EE0FFF1FEE512C
:102F5000FE4F659174918E010D5F1F4F75C08BE51B
:102F60009EE160E040E00E94BA3C8BE59EE16DEEA0
:102F700071E00E94E24E8BE59EE160E041E00E943C
:102F8000BA3C0E9498108BE59EE160E041E00E940F
:102F9000BA3C6091B2066F5B8BE59EE10E94DD4D0D
:102FA0006091B30670E06F5F7F4F8091B20690E052
:102FB000E4E0880F991FEA95E1F7681B790B8BE530
:102FC0009EE14AE050E00E94CF4E8BE59EE165E035
:102FD00041E00E94BA3C4091B1068091F31590E027
:102FE00029E035E0829FF001839FF00D929FF00D64
:102FF0001124E852F94FE40FF11DE752FB4F6081B5
:1030000070E06F5F7F4F8BE59EE14AE050E00E94E9
:10301000CF4E8BE59EE168E041E00E94BA3C0E9401
:10302000A4148BE59EE16CE041E00E94BA3C8091E3
:10303000B106E82FF0E0EE0FFF1FEE53FE4F659153
:1030400074918E010B5F1F4FC8010E94D7018BE561
:103050009EE1B8010E94E24EE2C08BE59EE160E095
:1030600040E00E94BA3C8BE59EE16EEF71E00E9469
:10307000E24EE091391EF0E0EB5EFC4F8BE59EE105
:10308000608140E00E94BA3CE091391EF0E0EE0F12
:10309000FF1FE75EFC4F608171818BE59EE10E941E
:1030A000E24E8BE59EE160E041E00E94BA3C0E9466
:1030B00098108BE59EE160E041E00E94BA3C60918F
:1030C000251E7091261E6F5F7F4F8BE59EE14AE0C3
:1030D00050E00E946C4E8BE59EE164E041E00E946E
:1030E000BA3C6091B30662956F706F5B8BE59EE1B1
:1030F0000E94DD4D2091B306622F70E06F5F7F4F1D
:10310000822F82958F7090E044E0880F991F4A9536
:10311000E1F7681B790B8BE59EE14AE050E00E94E5
:10312000CF4E8BE59EE168E041E00E94BA3C809181
:103130002A1E90E022E034E0829FF001839FF00D90
:10314000929FF00D1124E15EF94E608171818BE553
:103150009EE14AE050E00E946C4E8BE59EE16DE0FE
:1031600041E00E94BA3C6091241E70E06F5F7F4F87
:1031700050C08BE59EE160E040E00E94BA3C8BE5E8
:103180009EE16FE072E00E94E24E8BE59EE160E01E
:1031900041E00E94BA3C0E9498108BE59EE160E0FD
:1031A00041E00E94BA3C8BE59EE160E272E00E9441
:1031B000E24E6091251E7091261E8BE59EE14AE04D
:1031C00050E00E946C4E8BE59EE168E041E00E9479
:1031D000BA3C8BE59EE165E272E00E94E24E6091AE
:1031E000B30662956F706F5B8BE59EE10E94DD4DCB
:1031F0002091B306622F70E06F5F7F4F822F829520
:103200008F7090E034E0880F991F3A95E1F7681BC2
:10321000790B8BE59EE14AE050E00E94CF4E279665
:103220000FB6F894DEBF0FBECDBFCF91DF911F91D7
:103230000F91FF90EF900895EF92FF921F93CF931D
:10324000DF93EC017B0181E00E947E4A182F80E031
:103250000E947E4A880F991F282F212B80910B03F3
:10326000821769F1E22FF0E090E0880F991F880F34
:10327000991FE82BF92BEA55FC4FE081E13019F456
:10328000CE0DDF1D1AC0EF3FC1F480915806882390
:1032900081F08091391E813041F0813010F0823010
:1032A00061F4CA30D1054CF006C0C031D1052CF014
:1032B00002C0209711F0CE19DF0920930B03CE0135
:1032C000DF91CF911F91FF90EF900895EF92FF92C1
:1032D0000F931F93CF93DF938091CB05882309F43D
:1032E000DBC08091C8029091C902039709F0D4C055
:1032F0008091D6052091F315882309F46BC0822FA5
:1033000090E0B9E0EB2EB5E0FB2E8E9D80018F9D05
:10331000100D9E9D100D11240852194FF801838144
:1033200090E061E070E00E941C19F80183838091B5
:10333000F315482F50E04E9DF0014F9DF00D5E9D1E
:10334000F00D1124E852F94F8381823010F481E0AE
:10335000838389E095E0489FF001499FF00D589FD5
:10336000F00D1124E852F94F8381873010F087E087
:103370008383C9E0D5E04C9F90014D9F300D5C9F49
:10338000300D1124F901E852F94FBF016D5F7F4FF5
:1033900093818091AD1E981709F47EC09093AD1E65
:1033A00081E0809314038093F415F901EF52F44FF8
:1033B000DB014F5F5F4F4C9F90014D9F300D5C9F35
:1033C000300D11242852394F8C918193E217F30765
:1033D000D9F762C0822F90E02091B106A9E0EA2ED1
:1033E000A5E0FA2E8E9D80018F9D100D9E9D100DE3
:1033F00011240852194F020F111D07501B4FF801DD
:10340000808190E061E070E00E941C19F8018083E7
:103410008091F315482F50E08091B106282F30E0BD
:103420004E9DF0014F9DF00D5E9DF00D1124E20FB9
:10343000F31FEF52F44F8081823010F481E08083DB
:1034400089E095E0489FF001499FF00D589FF00DED
:103450001124E20FF31FEF52F44F8081873010F0F8
:1034600087E0808389E095E0489FF001499FF00D57
:10347000589FF00D1124E20FF31FEF52F44F90818B
:10348000F901E356F14E8081981731F0908381E085
:10349000809314038093F4158091B1068C3009F069
:1034A00048C08091C8029091C902039709F041C0B9
:1034B0008091F31590E0F9E0EF2EF5E0FF2E8E9D60
:1034C00080018F9D100D9E9D100D11240056144FEC
:1034D000F801808190E061E070E00E941C19F80121
:1034E00080838091F315482F50E04E9DF0014F9D51
:1034F000F00D5E9DF00D1124E056F44F20812E302A
:1035000008F02DE089E095E0489FF001499FF00D1B
:10351000589FF00D1124E056F44F208380919C1E9B
:10352000281709F415C320939C1E81E08093F4159D
:103530000DC38091C8029091C902019709F0F7C0AC
:103540008091C005882309F0F2C080918706882306
:1035500009F0EDC08091391E813009F44FC08130EF
:1035600020F0823009F0F4C279C080915806882397
:1035700039F08091251E9091261E6AE070E006C009
:103580008091251E9091261E61E070E00E941C191A
:103590009093261E8093251E4091251E5091261E35
:1035A000F3E0483E5F0710F047EE53E05093261ECD
:1035B0004093251E80919A1E90919B1E4817590793
:1035C00009F4C6C250939B1E40939A1E80912A1EF6
:1035D00090E022E034E0829FF001839FF00D929F03
:1035E000F00D1124E15EF94EE40FF51F92819093E6
:1035F000B4068091B306891769F5A7C28091580671
:103600009091B406882329F0892F90E060E170E062
:1036100004C0892F90E061E070E00E941C19809343
:10362000B4064091B40647FD4FE74093B406242FFB
:1036300030E08091981E9091991E2817390709F45F
:1036400087C23093991E2093981E8091B3068417E9
:1036500009F47BC281E08093F51577C2809158060A
:1036600090912A1E882399F0892F90E022E034E07F
:10367000829F8001839F100D929F100D1124015E87
:10368000194EF801808191816AE070E012C0892FA3
:1036900090E022E034E0829F8001839F100D929F92
:1036A000100D1124015E194EF8018081918161E0B5
:1036B00070E00E941C19F8019183808380912A1E7A
:1036C00090E022E034E0829FF001839FF00D929F12
:1036D000F00D1124E15EF94E8081918123E0883E56
:1036E000920710F087EE93E09183808380912A1EE9
:1036F00090E022E034E0829FF001839FF00D929FE2
:10370000F00D1124E15EF94E0190F081E02D8091E1
:10371000961E9091971EE817F90709F419C2F093C5
:10372000971EE093961E81E080932B1E0FC280911E
:10373000321E882309F41DC18091391E813091F118
:10374000813038F0823009F499C0833009F000C22A
:10375000F5C0809158064091331E882329F0842FAC
:1037600090E06AE070E004C0842F90E061E070E0D7
:103770000E941C198093331E8091331E843608F0FA
:1037800083E68093331E282F30E08091941E909121
:10379000951E2817390709F4DBC13093951E209335
:1037A000941ED3C1809158062091F3154091331E89
:1037B0008823B1F030E089E095E0289F8001299FBF
:1037C000100D389F100D11240852194F040F111DB0
:1037D0000B5B1B4FF801808190E06CE070E015C03E
:1037E00030E089E095E0289F8001299F100D389FE7
:1037F000100D11240852194F040F111D0B5B1B4FA4
:10380000F801808190E061E070E00E941C19F801ED
:1038100080838091F315282F30E08091331EA82FEC
:10382000B0E089E095E0289FF001299FF00D389FD6
:10383000F00D1124EA0FFB1FE35EF44FE081E7FD7A
:10384000EFE789E095E0AC01249FC001259F900D32
:10385000349F900D1124A80FB91FA35EB44FEC93B1
:10386000F0E08091921E9091931EE817F90709F4F9
:103870006FC1F093931EE093921E67C1809158062A
:103880002091F315882399F0822F90E029E035E00C
:10389000829F8001839F100D929F100D112403566B
:1038A000144FF801808190E06AE070E012C0822F2E
:1038B00090E029E035E0829F8001839F100D929F68
:1038C000100D11240356144FF801808190E061E03F
:1038D00070E00E941C19F80180838091F315482F35
:1038E00050E089E095E0489FF001499FF00D589F16
:1038F000F00D1124E356F44F2081243608F023E61E
:1039000089E095E0489FF001499FF00D589FF00D28
:103910001124E356F44F2083E22FF0E08091901EB3
:103920009091911EE817F90709F412C1F093911EC6
:10393000E093901E81E08093F71508C180910A03FF
:1039400090E061E070E00E941C19883008F087E088
:1039500080930A03282F30E080918E1E90918F1E55
:103960002817390709F4F4C030938F1E20938E1E58
:10397000ECC080918706882309F4AAC08091391E83
:103980008130D9F1813038F0823009F45BC0833066
:1039900009F0DEC076C0809186068130B9F480914E
:1039A0007D0690E061E070E00E941C19982F811163
:1039B00091E090937D068091871E981709F4C8C006
:1039C0009093871E81E080937E067FC0823009F04D
:1039D000BFC080917C0690E061E070E00E941C19FD
:1039E000982F811191E090937C068091861E981704
:1039F00009F4AEC09093861E67C0809183069091B3
:103A0000840661E070E00E941C199C018E319105D2
:103A100018F42EE130E005C08B3F910510F02AEF3D
:103A200030E0309384062093830680918C1E909121
:103A30008D1E2817390709F48BC030938D1E2093F3
:103A40008C1E42C080917F0690E061E070E00E9491
:103A50001C19882311F481E003C0813108F080E152
:103A600080937F06282F30E080918A1E90918B1ED4
:103A70002817390709F46CC030938B1E20938A1ED7
:103A800023C08091800690E061E070E00E941C19E4
:103A9000682F882311F461E003C0813108F060E1F0
:103AA00060938006262F30E08091881E9091891EB9
:103AB0002817390709F44CC03093891E2093881EBB
:103AC00085E691E20E94894281E0809388063EC0AB
:103AD000809181069091820661E070E00E941C193D
:103AE00090938206809381068F31910530F48EE1A8
:103AF00090E0909382068093810680918106909158
:103B000082068A3F910530F08AEF90E0909382061A
:103B10008093810620918106309182068091841ED7
:103B20009091851E2817390799F03093851E2093B0
:103B3000841E0E94290E8091C8029091C9020297AA
:103B400021F08091C005882319F081E0809314034F
:103B5000DF91CF911F910F91FF90EF900895CF9239
:103B6000DF92EF92FF920F931F937B018C0125EC64
:103B7000C22E2FE1D22E980144275527205BC60183
:103B8000622F0E940C3F5527412F302F2F2DC60149
:103B9000622F0E948E3FC6016E2D0E948E3F1F91A4
:103BA0000F91FF90EF90DF90CF9008952F923F926A
:103BB0004F925F926F927F928F929F92AF92BF923D
:103BC000CF92DF92EF92FF920F931F93DF93CF93E9
:103BD00000D00F92CDB7DEB73324C32CDD24EE2402
:103BE000FF24C701B60120E035E040E050E00E942C
:103BF000764F262E79838A839B830E94AF1D10E027
:103C000085EC9FE160E00E948E3F85EC9FE160E0E3
:103C10000E948E3F85EC9FE16FE00E948E3F85EC15
:103C20009FE168E10E948E3F85EC9FE161E00E9488
:103C30008E3F85EC9FE160E00E948E3F1F5F103158
:103C4000F9F685EC9FE16FE00E948E3F85EC9FE1E5
:103C500068E10E948E3F85EC9FE161E00E948E3F0B
:103C600085EC9FE160E00E948E3F85EC9FE160E083
:103C70000E948E3F85EC9FE160E00E948E3F00E055
:103C800010E085EC9FE160E00E948E3F0F5F1F4FC8
:103C90000A311105B1F785EC9FE10E94D13F6AE03E
:103CA00070E080E090E00E941A49C701B6012AE066
:103CB00030E040E050E00E94764F5B016C010894D8
:103CC000A11CB11CC11CD11C86017501B7E0EE0C12
:103CD000FF1C001F111FBA95D1F782E090E0A0E011
:103CE000B0E0A80EB91ECA1EDB1E25013601A7E0F2
:103CF000440C551C661C771CAA95D1F78DEF9FEFDD
:103D0000AFEFBFEFA80EB91ECA1EDB1EC801B70178
:103D10000E94AF1D88240DC085EC9FE168E20E94DF
:103D20008E3F939490E19916B9F78394A8E08A1690
:103D300011F09924F1CF85EC9FE10E94D13F6AE018
:103D400070E080E090E00E941A4980E890E0A0E0F6
:103D5000B0E0E80EF91E0A1F1B1FE414F504060567
:103D60001705A1F6F5E06F2E712C812C912C6A0CB1
:103D70007B1C8C1C9D1CE7E0660C771C881C991C26
:103D8000EA95D1F7C801B7010E94AF1D44240DC0C8
:103D900085EC9FE160E00E948E3F539490E15916BC
:103DA000B9F74394A8E04A1611F05524F1CF85ECF9
:103DB0009FE10E94D13F6AE070E080E090E00E94C5
:103DC0001A4980E890E0A0E0B0E0E80EF91E0A1F72
:103DD0001B1FE614F70408051905A1F677E0672E06
:103DE000712C812C912C6A0C7B1C8C1C9D1C67E017
:103DF000660C771C881C991C6A95D1F7C801B7011D
:103E00000E94AF1D44240DC085EC9FE160E00E943C
:103E10008E3F539490E15916B9F74394A8E04A169F
:103E200011F05524F1CF85EC9FE10E94D13F6AE06B
:103E300070E080E090E00E941A4980E890E0A0E005
:103E4000B0E0E80EF91E0A1F1B1FE614F704080570
:103E50001905A1F6370148018601750189E090E056
:103E6000A0E0B0E0E80EF91E0A1F1B1F57E0EE0CA1
:103E7000FF1C001F111F5A95D1F7C401B3010E9406
:103E8000AF1DCC240DC085EC9FE160E00E948E3F09
:103E9000D39490E1D916B9F7C394A8E0CA1611F0EB
:103EA000DD24F1CF85EC9FE10E94D13F6AE070E014
:103EB00080E090E00E941A4980E890E0A0E0B0E045
:103EC000680E791E8A1E9B1E6E147F048006910662
:103ED000A1F6622D79818A819B8160587B4F8F4F3B
:103EE0009F4F0E94AF1D10E085EC9FE160E00E94B3
:103EF0008E3F1F5F1038C1F785EC9FE10E94D13FD4
:103F00006AE070E080E090E00E941A49232D269537
:103F10002695269581E090E0A0E0B0E004C0880FEF
:103F2000991FAA1FBB1F2A95D2F79C01AD01809152
:103F3000B01E9091B11E822B932B9093B11E809353
:103F4000B01E60E070E040E00E946A04339490E8A4
:103F5000391609F042CE22243324812C40E8942ED5
:103F600042E0A42EB12C31E0432E512C612C712C57
:103F70004CC0C801B7010E94AF1DDD2485EC9FE154
:103F800060E00E948E3FD394A0E8DA16B9F785EC82
:103F90009FE10E94D13F6AE070E080E090E00E94E3
:103FA0001A49C39480E890E0A0E0B0E0E80EF91E62
:103FB0000A1F1B1F98E0C916E1F6A3019201022C0B
:103FC00004C0220F331F441F551F0A94D2F780915B
:103FD000AE1E9091AF1E822B932B9093AF1E8093B9
:103FE000AE1E60E070E040E00E946A040894211C6C
:103FF000311C80E094E0A0E0B0E0880E991EAA1E7B
:10400000BB1E90E12916310421F085017401CC24F6
:10401000B0CF60E070EC82E090E00E94AF1D85ECD4
:104020009FE160E00E948E3F85EC9FE168E70E947F
:104030008E3F85EC9FE161E00E948E3F85EC9FE121
:1040400061E00E948E3F85EC9FE10E94D13F6AE0D3
:1040500070E080E090E00E941A4969EF7FEF83E012
:1040600090E00E94AF1D85EC9FE160E00E948E3FD2
:1040700085EC9FE161E00E948E3F85EC9FE162E06C
:104080000E948E3F85EC9FE10E94D13F6AE070E084
:1040900080E090E00E941A490F900F900F90CF910E
:1040A000DF911F910F91FF90EF90DF90CF90BF9025
:1040B000AF909F908F907F906F905F904F903F90C8
:1040C0002F900895CF92DF92EF92FF920F931F935C
:1040D000CF93DF93162F90E0A0E0B0E0BC01CD01BC
:1040E00020E035E040E050E00E94764F6B017C011B
:1040F00085E290E0A0E0B0E0C80ED91EEA1EFB1EEB
:10410000C0E0D0E0012F10E021C0C701B6010E943D
:10411000AF1D85EC9FE160E00E948E3F85EC9FE142
:1041200060E00E948E3F85EC9FE10E94D13F6AE0F3
:1041300070E080E090E00E941A49219680E095E0CE
:10414000A0E0B0E0C80ED91EEA1EFB1E0C171D072A
:10415000E4F6DF91CF911F910F91FF90EF90DF90E8
:10416000CF900895BF92CF92DF92EF92FF920F937C
:104170001F93CF93DF93B62E90E0A0E0B0E0BC0198
:10418000CD0120E035E040E050E00E94764F7B0119
:104190008C0185E290E0A0E0B0E0E80EF91E0A1F75
:1041A0001B1FC0E0D0E0CB2CDD2421C0C801B7012B
:1041B0000E94AF1D85EC9FE16C2F0E948E3F85EC25
:1041C0009FE16B2D0E948E3F85EC9FE10E94D13FC5
:1041D0006AE070E080E090E00E941A49219680E059
:1041E00095E0A0E0B0E0E80EF91E0A1F1B1FCC16F8
:1041F000DD06E4F6DF91CF911F910F91FF90EF90D4
:10420000DF90CF90BF9008950F931F9360E070EC04
:1042100082E090E00E94AF1D05EC1FE1C8016091B3
:104220007D060E948E3FC801609183060E948E3FEA
:10423000C80160917F060E948E3FC8016091800690
:104240000E948E3FC80160917C060E948E3FC8018B
:104250000E94D13F6AE070E080E090E00E941A493D
:104260001F910F91089580917E068823A9F1809176
:104270007D06882319F0813069F505C00E9443123C
:104280000E94490E27C080916F008D7F80936F0040
:104290001092890010928800109281008091810014
:1042A0008093800085E691E268E37BE30E94984278
:1042B00085E691E26FE179E00E949E4285E691E217
:1042C00063E279E00E94AA4285E691E267E279E042
:1042D0000E94A44210927E0680918806882351F0A5
:1042E0008091E205882331F00E9404211092880613
:1042F0000E94871080918706882311F41092880607
:1043000008959F92AF92BF92CF92DF92EF92FF9269
:104310000F931F93CF93DF9320912A1E30E042E04A
:1043200054E0249FF001259FF00D349FF00D1124DF
:10433000E15EF94E90812181E250FC4F9193208300
:10434000E82EFF2400E010E080EA90E0A0E0B0E07A
:10435000E80EF91E0A1F1B1F8AE0EE0CFF1C001F4F
:10436000111F8A95D1F7AA24BB246501C2E0D4E0CD
:10437000C801B7010E94AF1D9924D601C501890D5E
:10438000911DA11DB11D20912A1E30E02C9FF0012E
:104390002D9FF00D3C9FF00D1124E15EF94EE80FCA
:1043A000F91F85EC9FE162810E948E3F939490E813
:1043B000991619F785EC9FE10E94D13F6AE070E001
:1043C00080E090E00E941A4980E890E0A0E0B0E030
:1043D000E80EF91E0A1F1B1FA80EB91ECA1EDB1EFF
:1043E00090E0A91694E0B90690E0C90690E0D906DD
:1043F00009F0BECFDF91CF911F910F91FF90EF9009
:10440000DF90CF90BF90AF909F9008950F931F9330
:10441000162F90E0A0E0B0E0BC01CD0120E035E037
:1044200040E050E00E94764F610F711D811D911D8B
:104430006B5D7F4F8F4F9F4F0E94AF1D05EC1FE1BB
:10444000C8010E94D13FC80160E570E041E050E042
:104450000E94E23FC8010E941F3F1F910F910895E3
:1044600060E070EC82E090E00E94AF1D85EC9FE17F
:104470000E94D13F85EC9FE162E540E40E94E63F67
:1044800085EC9FE10E941F3F811181E080937D06B2
:1044900085EC9FE10E941F3F90E08E31910518F45A
:1044A0008EE190E005C08B3F910510F08AEF90E01F
:1044B000909384068093830685EC9FE10E941F3FC2
:1044C000882311F481E003C0813108F080E18093FA
:1044D0007F0685EC9FE10E941F3F882311F481E055
:1044E00003C0813108F080E18093800685EC9FE174
:1044F0000E941F3F811181E080937C0608950E94F5
:104500003022109289061092A6021092A5021092F3
:1045100086061092870680E00E94C5490E946E4F71
:10452000109285068091830690918406909382066E
:104530008093810680917D06882319F0813069F58A
:1045400005C00E9443120E94490E089580916F0099
:104550008D7F80936F0010928900109288001092D6
:104560008100809181008093800085E691E268E37C
:104570007BE30E94984285E691E26FE179E00E9438
:104580009E4285E691E263E279E00E94AA4285E6D6
:1045900091E267E279E00E94A44208956F927F92CF
:1045A0008F929F92AF92BF92CF92DF92EF92FF9243
:1045B0000F931F93CF93DF93C82EDD24EE24FF24A7
:1045C00080EA90E0A0E0B0E0C80ED91EEA1EFB1E13
:1045D0003AE0CC0CDD1CEE1CFF1C3A95D1F7882488
:1045E0009924540122E0622E24E0722EC701B60104
:1045F0000E94AF1D85EC9FE10E94D13F97014427A7
:104600005527205B85EC9FE1622F40E80E94E63F42
:1046100010E000912A1EC02FD0E085EC9FE10E949F
:104620001F3FA5019401210F311D411D511DC69D44
:10463000F001C79DF00DD69DF00D1124E15EF94EFD
:10464000E20FF31F82831F5F103819F780E890E0B4
:10465000A0E0B0E0C80ED91EEA1EFB1E880E991E0F
:10466000AA1EBB1E90E0891694E0990690E0A90668
:1046700090E0B90609F0BACF80912A1E90E022E0BE
:1046800034E0829FF001839FF00D929FF00D112482
:10469000E15EF94EE150FC4F908180E02291EE5FA7
:1046A000F34030E0822B932B91838083DF91CF9175
:1046B0001F910F91FF90EF90DF90CF90BF90AF9040
:1046C0009F908F907F906F9008952F923F924F927E
:1046D0005F926F927F928F929F92AF92BF92CF9292
:1046E000DF92EF92FF920F931F93DF93CF9300D04F
:1046F00000D000D0CDB7DEB7682E77248824992467
:10470000C401B30120E035E040E050E00E94764F64
:1047100069837A838B839C830E94AF1D85EC9FE124
:104720000E94D13F89819A81AB81BC819D01442740
:104730005527205B85EC9FE1622F40E80E94E63F11
:104740004424552409E0A02E05E0B02EEE24FF24D9
:104750008091F315882319F411E0E12EF12C85ECFA
:104760009FE10E941F3F8C0185EC9FE10E941F3F4B
:10477000F201EE0FFF1FEA9C9001EB9C300DFA9CBA
:10478000300D1124E20FF31FE852F94FD82ECC243C
:1047900010700C291D291683058300E010E080911C
:1047A000F315882311F401E010E085EC9FE10E94ED
:1047B0001F3F0A9DF0010B9DF00D1A9DF00D112475
:1047C000E40DF51DEF54F44F808300E010E080917C
:1047D000F315882311F401E010E085EC9FE10E94BD
:1047E0001F3F0A9DF0010B9DF00D1A9DF00D112445
:1047F000E40DF51DEF53F44F808300E010E080914D
:10480000F315882311F401E010E085EC9FE10E948C
:104810001F3F0A9DF0010B9DF00D1A9DF00D112414
:10482000E40DF51DEF52F44F808300E010E080911D
:10483000F315882311F401E010E085EC9FE10E945C
:104840001F3F0A9DF0010B9DF00D1A9DF00D1124E4
:10485000E40DF51DEF55F44F80830894411C511C65
:1048600090E14916510409F071CF00E010E0809109
:10487000F315882311F401E010E085EC9FE10E941C
:104880001F3F29E035E0029FF001039FF00D129FCA
:10489000F00D1124E852F94F808300E010E0809180
:1048A000F315882311F401E010E085EC9FE10E94EC
:1048B0001F3F29E035E0029FF001039FF00D129F9A
:1048C000F00D1124E852F94F818300E010E080914F
:1048D000F315882311F401E010E085EC9FE10E94BC
:1048E0001F3F29E035E0029FF001039FF00D129F6A
:1048F000F00D1124E852F94F838300E010E080911D
:10490000F315882311F401E010E085EC9FE10E948B
:104910001F3F29E035E0029FF001039FF00D129F39
:10492000F00D1124E852F94F828300E010E08091ED
:10493000F315882311F401E010E085EC9FE10E945B
:104940001F3F29E035E0029FF001039FF00D129F09
:10495000F00D1124E256F44F808300E010E08091C6
:10496000F315882311F401E010E085EC9FE10E942B
:104970001F3F29E035E0029FF001039FF00D129FD9
:10498000F00D1124E156F44F808300E010E0809197
:10499000F315882311F401E010E085EC9FE10E94FB
:1049A0001F3F29E035E0029FF001039FF00D129FA9
:1049B000F00D1124E056F44F8083C401B3012AE0C6
:1049C00030E040E050E00E94764F7B018C0108947B
:1049D000E11CF11C011D111DA7E0EE0CFF1C001FC6
:1049E000111FAA95D1F788249924F9E02F2EF5E01C
:1049F0003F2EC801B7010E94AF1D85EC9FE10E94C8
:104A0000D13F980144275527205B85EC9FE1622F19
:104A100040E80E94E63F5401772429C0CC24DD24DD
:104A20008091F315882319F471E0C72ED12C85EC01
:104A30009FE10E941F3FC29CF001C39CF00DD29CDD
:104A4000F00D1124E40DF51DAD81BE81EA0FFB1FB1
:104A5000E35EF84F80831196BE83AD835097F1F6E5
:104A600073940894A11CB11CB8E07B1649F01E8217
:104A70001D82250164E0440C551C6A95E1F7CECFF8
:104A800080E890E0A0E0B0E0E80EF91E0A1F1B1FCE
:104A9000A8E0B0E08A0E9B1EB0E18B16910409F0ED
:104AA000A8CF69817A818B819C8160587B4F8F4F21
:104AB0009F4F0E94AF1D85EC9FE10E94D13F85EC86
:104AC0009FE160E570E040E850E00E94E23F10E0C6
:104AD00059E0E52E55E0F52ECC24DD248091F31528
:104AE000882319F441E0C42ED12C85EC9FE10E946B
:104AF0001F3FCE9CF001CF9CF00DDE9CF00D1124E9
:104B0000E852F94FE10FF11DEB5BFB4F80831F5F14
:104B1000103811F726960FB6F894DEBF0FBECDBF42
:104B2000CF91DF911F910F91FF90EF90DF90CF9089
:104B3000BF90AF909F908F907F906F905F904F90BD
:104B40003F902F9008952F923F924F925F926F92D5
:104B50007F928F929F92AF92BF92CF92DF92EF920D
:104B6000FF920F931F93DF93CF9300D000D0CDB768
:104B7000DEB7882E9924AA24BB24C501B40120E005
:104B800035E040E050E00E94764F362E272E898394
:104B90009A830E94AF1D66247724B9E0CB2EB5E03E
:104BA000DB2E8091F31590E0F301EE0FFF1F79E00B
:104BB000E72E75E0F72E9C012C9DC0012D9D900DD8
:104BC0003C9D900D1124E80FF91FE852F94F6581C3
:104BD000168185EC9FE10E948E3F85EC9FE1612F5D
:104BE0000E948E3F8091F31590E08C9DF0018D9D89
:104BF000F00D9C9DF00D1124E60DF71DEF54F44FC0
:104C000085EC9FE160810E948E3F8091F31590E0DA
:104C10008C9DF0018D9DF00D9C9DF00D1124E60DF5
:104C2000F71DEF53F44F85EC9FE160810E948E3FAA
:104C30008091F31590E08C9DF0018D9DF00D9C9D71
:104C4000F00D1124E60DF71DEF52F44F85EC9FE1B6
:104C500060810E948E3F8091F31590E08C9DF00161
:104C60008D9DF00D9C9DF00D1124E60DF71DEF5567
:104C7000F44F85EC9FE160810E948E3F85E691E2D2
:104C80000E9464480894611C711C30E16316710431
:104C900009F087CF8091F31590E08E9DF0018F9DF4
:104CA000F00D9E9DF00D1124E852F94F85EC9FE127
:104CB00060810E948E3F8091F31590E08E9DF001FF
:104CC0008F9DF00D9E9DF00D1124E852F94F85EC5B
:104CD0009FE161810E948E3F8091F31590E08E9D4F
:104CE000F0018F9DF00D9E9DF00D1124E852F94FBB
:104CF00085EC9FE163810E948E3F8091F31590E0E7
:104D00008E9DF0018F9DF00D9E9DF00D1124E852B7
:104D1000F94F85EC9FE162810E948E3F8091F315EF
:104D200090E08E9DF0018F9DF00D9E9DF00D112461
:104D3000E256F44F85EC9FE160810E948E3F8091A6
:104D4000F31590E08E9DF0018F9DF00D9E9DF00D6E
:104D50001124E156F44F85EC9FE160810E948E3F63
:104D60008091F31590E08E9DF0018F9DF00D9E9D3A
:104D7000F00D1124E056F44F85EC9FE160810E9414
:104D80008E3F85EC9FE10E94D13F6AE070E080E0B9
:104D900090E00E941A4985E691E20E946448C501AC
:104DA000B4012AE030E040E050E00E94764F7B0101
:104DB0008C010894E11CF11C011D111D67E0EE0C33
:104DC000FF1C001F111F6A95D1F7AA24BB2459E0CC
:104DD000452E55E0552EC801B7010E94AF1D650153
:104DE000992429C08091F31590E0849DF001859D60
:104DF000F00D949DF00D1124E60DF71D8B819C8123
:104E0000E80FF91FE35EF84F85EC9FE160810E9497
:104E10008E3FAB81BC811196BC83AB83509711F759
:104E200085E691E20E94644893940894C11CD11CC9
:104E3000B8E09B1649F01C821B82360144E0660CE8
:104E4000771C4A95E1F7CECF85EC9FE10E94D13FD8
:104E50006AE070E080E090E00E941A4980E890E00B
:104E6000A0E0B0E0E80EF91E0A1F1B1FA8E0B0E0AA
:104E7000AA0EBB1EB0E1AB16B10409F0ACCF632D96
:104E8000722D89819A8160587B4F8F4F9F4F0E946E
:104E9000AF1D10E039E0E32E35E0F32E8091F315DD
:104EA00090E08E9DF0018F9DF00D9E9DF00D1124E0
:104EB000E852F94FE10FF11DEB5BFB4F85EC9FE1F1
:104EC00060810E948E3F1F5F103841F785E691E2B6
:104ED0000E94644885EC9FE10E94D13F6AE070E047
:104EE00080E090E00E941A490F900F900F900F9071
:104EF000CF91DF911F910F91FF90EF90DF90CF90B6
:104F0000BF90AF909F908F907F906F905F904F90E9
:104F10003F902F900895AF92BF92CF92DF92EF9281
:104F2000FF920F931F938F3708F08FE700D000D0C8
:104F3000682F70E080E090E02AEF3FE040E050E032
:104F4000EDB7FEB7218332834383548320E030E002
:104F500040E050E01FE7E12EF12C012D112DAA2495
:104F6000BB2465010E94E54E8B011F7010613091DA
:104F7000341E2091351E8091B81E0F900F900F9017
:104F80000F90882381F0813051F48DB38093BA1E45
:104F90009DB38091B91E809589238DBB04C08FB7C6
:104FA000F8948093BA1E3CBD2DBD5D9885E090E0DD
:104FB0000E9473491EBD00000DB407FEFDCF8EB5E3
:104FC0000EBD00000DB407FEFDCF8EB55D9A809139
:104FD000B81E882339F09091BA1E813011F49DBB20
:104FE00001C09FBF1F910F91FF90EF90DF90CF9076
:104FF000BF90AF9008956F927F928F929F92AF92E1
:10500000BF92CF92DF92EF92FF920F931F93CF93B5
:10501000DF9381E00E94FB0190935B0680935A0628
:105020008091AE06882349F080918706882329F075
:105030001092870681E0809314038091C8029091BA
:10504000C902059711F010921C06809187068823EB
:1050500011F41092860680918A05882361F0809170
:10506000391E8F5F8093391E843010F01092391EE4
:1050700081E08093140380917405882321F480914A
:105080003B1E882399F181E08093AE061092C702FF
:10509000109289061092A6021092A50280E090E07C
:1050A00011E0FC01EE0FFF1FE955FD4F1182108248
:1050B000FC01E853F94F1082FC01EB54F94F1083C7
:1050C00001968031910569F710929A061092820537
:1050D0001092AD0685E691E26AEF70E00E9470469C
:1050E000109A10934E1E119A10934F1E80917F05B7
:1050F000882321F080915806882341F080913C1E3E
:10510000882321F480913D1E8823D1F10E943A1218
:1051100080913C1E882319F01092820507C080916F
:105120003D1E882319F081E08093820580918205DD
:105130008F5F80938205813019F0823009F50EC0AF
:105140008093C7021092AE0685E691E26CEF70E0A4
:105150000E947046109810924E1E12C01092C70204
:1051600011E01093AE06109282051092890685E632
:1051700091E26BEF70E00E947046109A10934E1E01
:105180008091D605882309F442C08091AB0588231D
:1051900079F084E090E09093C9028093C80281E0A6
:1051A000809314031092321E1092870610922B1EC9
:1051B00080912406882321F08091B3060E9464091F
:1051C00080911906882339F08091B3060E94430A22
:1051D00081E08093F4158091C105882309F4E5C02E
:1051E0008091AE06882309F0E0C081E080938706B5
:1051F000809186068F5F809386061092391E8330D9
:1052000008F4D0C01092860610928706CBC0809119
:1052100045068823C1F08091C8029091C902019788
:1052200029F41092C9021092C80206C081E090E0F1
:105230009093C9028093C80281E080931403109276
:10524000321E1092870680913A068823C1F0809121
:10525000C8029091C902039719F482E090E002C05D
:1052600083E090E09093C9028093C80281E080932C
:1052700014031092321E1092870610922B1E8091FA
:10528000AB05882311F00E94D50B8091B6058823C9
:1052900011F00E94BE0C80919505882309F449C045
:1052A000809198058F5F80939805813021F082303E
:1052B00009F03FC020C081E191E19093C70680933F
:1052C000C6068091F31590E029E035E0829FF00159
:1052D000839FF00D929FF00D1124E852F94FEB5689
:1052E000FF4F8FE7808334968EE1808334968083EE
:1052F000349680831EC01092C7061092C606809115
:10530000F31590E029E035E0829FF001839FF00DD6
:10531000929FF00D1124E852F94FEB56FF4F80E5B4
:105320008083349680833496808334968083109271
:10533000980580911906882319F180911C068F5FCA
:1053400080931C06813019F08230D1F40FC0809117
:10535000C8029091C9029093B0068093AF0685E091
:1053600090E09093C9028093C8020AC08091AF0672
:105370009091B0069093C9028093C80210921C06C7
:105380008091C8029091C902059711F010921C06F5
:1053900080918706882311F4109286068091C205B9
:1053A000882319F081E0809314038091C8029091C2
:1053B000C9020397029708F033C780915A0690916B
:1053C0005B06892B11F410925906809158068823A8
:1053D00079F080915A0690915B06892B49F081E023
:1053E0008093831E1092321E0E942F048093B10678
:1053F0008091831E882349F080913006882329F00C
:1054000081E0809314031092831E809158068823B4
:1054100051F08091E205882331F08CE08093B10651
:1054200081E0809314038091D605882351F0809108
:105430009505882331F08DE08093B10681E080935B
:10544000140380914F06882309F457C08091321EBF
:10545000882309F052C08091C8029091C902049734
:1054600009F44BC08091AE06882309F446C0209110
:10547000F31530E06091B106C62FD0E0BE0166574B
:10548000794FDB011C91FE01EE0FFF1F89E095E0D3
:10549000289FA001299F500D389F500D1124E40F23
:1054A000F51FE852F94F81E090E0A0E0B0E004C0C1
:1054B000880F991FAA1FBB1F1A95D2F78095909548
:1054C000258136818223932396838583FB01808106
:1054D000FE0194E0EE0FFF1F9A95E1F7E40FF51F30
:1054E000E852F94FE80FF11DEB5BFF4FC650DD4F5F
:1054F0008881808381E08093F41580915006882311
:1055000009F444C08091321E882309F03FC0809185
:10551000C8029091C9020497C9F18091AE06882310
:10552000A9F520E030E069E075E041E01FE058E1D6
:105530008091F31590E0D901AA0FBB1F869FF0015F
:10554000879FF00D969FF00D1124AE0FBF1FA8523C
:10555000B94F16961C921E921597E852F94FE20F1A
:10556000F31FE750FB4F4083B09710837096508332
:10557000B09710822F5F3F4F20313105C9F683E08D
:1055800080930A034093F415409314038091CC0553
:10559000882321F48091CD05882319F081E0809340
:1055A00014038091A005882309F45FC08091321E06
:1055B000882309F05AC081E0809314038093F41586
:1055C0008091A3058F5F8093A305843011F410921E
:1055D000A305E091A305F0E0EA51FD4F50818091D1
:1055E000D6050091F315882361F1202F30E089E082
:1055F00095E0289FF001299FF00D389FF00D1124B0
:10560000E852F94F518320E030E049E055E08091C5
:10561000F31590E0849FD001859FB00D949FB00D4D
:105620001124A852B94FFD01E20FF31FE751FB4FC0
:1056300011968C9180832F5F3F4F2031310539F7D0
:1056400014C04091B106202F30E089E095E0289FFA
:10565000F001299FF00D389FF00D1124E852F94F09
:10566000E40FF11DE751FB4F50834091B10680914B
:10567000F31590E029E035E0829FF001839FF00D63
:10568000929FF00D1124E852F94FE40FF11DE751FC
:10569000FB4F9081E091A305F0E0EA51FD4F80813E
:1056A0009817B1F0903189F0913118F49C3081F461
:1056B00008C0983119F0903259F405C01092A30532
:1056C00007C081E003C082E001C083E08093A305AE
:1056D0008091F705882309F47EC080912F068823E6
:1056E00009F479C08091D6050091F315882309F05B
:1056F00042C010E08091B106C82FD0E00E942F0474
:1057000049E055E0049F9001059F300D149F300D36
:105710001124C20FD31FCF54D44F88838091F31527
:1057200090E0849FF001859FF00D949FF00D11246F
:10573000E852F94F108220E030E08091F31590E0BC
:10574000849FD001859FB00D949FB00D1124A85265
:10575000B94FFD01E20FF31FE752FB4FE0818C913F
:105760008E1718F4EC932093F8152F5F3F4F2031DC
:10577000310519F72BC010E00E942F0429E035E015
:10578000029FF001039FF00D129FF00D1124E852CB
:10579000F94F808320E030E049E055E08091F31537
:1057A00090E0849FD001859FB00D949FB00D11248F
:1057B000A852B94FFD01E20FF31FE752FB4F8C9146
:1057C00080832F5F3F4F2031310541F781E0809387
:1057D00014038093F4158091C8029091C90283301C
:1057E000910509F08AC180913006882311F010924A
:1057F00059068091F705882309F0E9C08091580681
:10580000882309F0E4C08091321E882309F0DFC0AC
:105810008091AE06882311F12091F31530E080913C
:10582000B106C82FD0E0CC0FDD1F89E095E0AC01B8
:10583000249FC001259F900D349F900D1124C80F07
:10584000D91FC852D94F8D819E810E9473029E83B9
:105850008D838091B3068093B406B9C080912E06E3
:10586000882309F4B4C0809123068823E9F00E94BC
:105870002F04873010F087E002C00E942F0480932D
:10588000B2068091B2068295807F2091B306922F56
:105890009F70890F8093B406281719F081E08093D8
:1058A000F5151092F91593C00E944A04882309F453
:1058B00049C010922D1E0E944A04182F0E942F04E6
:1058C000181B1093F9150E942F049091B20692951F
:1058D000907F980F9093FA159093B40681E080938F
:1058E00059068093FC158091E205882309F466C06F
:1058F0001092FC15C0E0D0E019C01C2F8091FA1561
:105900008C0F61E00E940622082F882371F080919D
:10591000FA158C0F60E00E9406229091FA15190F7B
:10592000181B812F602F0E94622021966091F9152B
:10593000862F90E08C179D0704F78091FA150E943E
:10594000B2203CC0809159068823C1F51092FC1505
:105950000E942F044091B2064295407F480F409329
:10596000B4068091E2058823C1F08091F31590E0A0
:1059700029E035E0829FF001839FF00D929FF00DAA
:105980001124E852F94FEA53FB4F8191481B842FB1
:1059900060810E9462201092F9158091F31590E0C9
:1059A00029E035E0829FF001839FF00D929FF00D7A
:1059B0001124E256F44F80818093FB159091B30639
:1059C0008091B406981719F081E08093F5158091C5
:1059D0002D1E882301F19091F9159923E1F0809112
:1059E000FB158F5F8093FB15981710F41092FB1531
:1059F0008091FB159091FA15890F8093B4069091D0
:105A0000B306981719F081E08093F51510922D1EBA
:105A100081E0809314038091D605882309F400C4A3
:105A20008091B605882309F4FBC380915806009144
:105A3000F3154091B1068823D1F0802F90E029E042
:105A400035E0829FF001839FF00D929FF00D1124AD
:105A5000E852F94FE40FF11DE753FB4F80818F5F50
:105A600080838150833008F4DBC31082D9C3802F38
:105A700090E029E035E0829FF001839FF00D929F36
:105A8000F00D1124E852F94FE40FF11DE753FB4FDD
:105A900080818F5F80838150833008F01082409135
:105AA000B1068091F31590E029E035E0829FF00186
:105AB000839FF00D929FF00D1124E852F94FE40FEF
:105AC000F11DE753FB4F608120E030E049E055E0F5
:105AD0008091F31590E0849FF001859FF00D949FD5
:105AE000F00D1124E20FF31FEF55F44F60832F5F89
:105AF0003F4F2031310561F793C3049709F090C3FC
:105B000080914F06882381F12091F31530E0E091D8
:105B1000B106F0E0DF01A657B94F4C91EE0FFF1F21
:105B200089E095E0BC01269FC001279F900D369F1C
:105B3000900D1124E80FF91FE852F94F81E090E031
:105B4000A0E0B0E004C0880F991FAA1FBB1F4A95B0
:105B5000D2F7809590952581368182239323968371
:105B6000858381E08093F4158091F705882309F0FF
:105B700023C380915806882309F01EC380915A06DA
:105B800090915B0694FF06C095FF04C081E080936E
:105B9000821E02C01092821E01E114E0C4E8D2E02D
:105BA000CC24DD24A1E06A2E712CF1E08F2E912C03
:105BB000A12CB12CE9E0EE2EE5E0FE2E2C2D8091FB
:105BC0005A0690915B060C2C02C0969587950A9414
:105BD000E2F7982F9170D8019C9311968C911197B0
:105BE000981709F4DAC212968C91882309F0D5C26D
:105BF000913009F0D2C2253009F442C1263090F428
:105C0000223009F475C0233030F4CC2009F1213062
:105C100009F0FDC145C0233009F492C0243009F0D9
:105C2000F6C1B6C0283009F47BC1293038F42630DB
:105C300009F44EC1273009F0EAC1C2C12A3009F483
:105C4000F7C02A3008F494C12B3009F0E0C1C8C075
:105C50008091AE068823F9F020919A06E881F0E061
:105C60008091F31590E074E0EE0FFF1F7A95E1F755
:105C7000AC014E9DC0014F9D900D5E9D900D112475
:105C8000E80FF91FE852F94FE20FF11DEB5BFF4FF0
:105C90008091EA0280838091EA028093721EB7C1EC
:105CA0008091AE068823F9F020919A06E881F0E011
:105CB0008091F31590E064E0EE0FFF1F6A95E1F725
:105CC000BC016E9DC0016F9D900D7E9D900D1124B5
:105CD000E80FF91FE852F94FE20FF11DEB5BFF4FA0
:105CE0008091EB0280838091EB028093731E8FC1C1
:105CF0008091AE068823F9F020919A06E881F0E0C1
:105D00008091F31590E054E0EE0FFF1F5A95E1F7F4
:105D1000DC01AE9DC001AF9D900DBE9D900D112484
:105D2000E80FF91FE852F94FE20FF11DEB5BFF4F4F
:105D30008091EC0280838091EC028093741E67C195
:105D40008091AE068823F9F020919A06E881F0E070
:105D50008091F31590E044E0EE0FFF1F4A95E1F7C4
:105D6000AC014E9DC0014F9D900D5E9D900D112484
:105D7000E80FF91FE852F94FE20FF11DEB5BFF4FFF
:105D80008091ED0280838091ED028093751E3FC16A
:105D90008091AE068823F9F020919A06E881F0E020
:105DA0008091F31590E034E0EE0FFF1F3A95E1F794
:105DB000BC016E9DC0016F9D900D7E9D900D1124C4
:105DC000E80FF91FE852F94FE20FF11DEB5BFF4FAF
:105DD0008091EE0280838091EE028093761E17C13F
:105DE0008091AE068823F9F020919A06E881F0E0D0
:105DF0008091F31590E0B4E0EE0FFF1FBA95E1F744
:105E0000DC01AE9DC001AF9D900DBE9D900D112493
:105E1000E80FF91FE852F94FE20FF11DEB5BFF4F5E
:105E20008091F50280838091F50280937D1EEFC002
:105E30008091AE068823F9F020919A06E881F0E07F
:105E40008091F31590E0A4E0EE0FFF1FAA95E1F713
:105E5000AC014E9DC0014F9D900D5E9D900D112493
:105E6000E80FF91FE852F94FE20FF11DEB5BFF4F0E
:105E70008091F40280838091F40280937C1EC7C0DD
:105E80008091AE068823F9F020919A06E881F0E02F
:105E90008091F31590E074E0EE0FFF1F7A95E1F723
:105EA000BC016E9DC0016F9D900D7E9D900D1124D3
:105EB000E80FF91FE852F94FE20FF11DEB5BFF4FBE
:105EC0008091EF0280838091EF028093771E9FC0C4
:105ED0008091AE068823F9F020919A06E881F0E0DF
:105EE0008091F31590E064E0EE0FFF1F6A95E1F7F3
:105EF000DC01AE9DC001AF9D900DBE9D900D1124A3
:105F0000E80FF91FE852F94FE20FF11DEB5BFF4F6D
:105F10008091F00280838091F0028093781E77C098
:105F20008091AE068823F9F020919A06E881F0E08E
:105F30008091F31590E054E0EE0FFF1F5A95E1F7C2
:105F4000AC014E9DC0014F9D900D5E9D900D1124A2
:105F5000E80FF91FE852F94FE20FF11DEB5BFF4F1D
:105F60008091F20280838091F20280937A1E4FC06A
:105F70008091AE068823F9F020919A06E881F0E03E
:105F80008091F31590E044E0EE0FFF1F4A95E1F792
:105F9000BC016E9DC0016F9D900D7E9D900D1124E2
:105FA000E80FF91FE852F94FE20FF11DEB5BFF4FCD
:105FB0008091F30280838091F30280937B1E27C03F
:105FC0008091AE068823F9F020919A06E881F0E0EE
:105FD0008091F31590E034E0EE0FFF1F3A95E1F762
:105FE000DC01AE9DC001AF9D900DBE9D900D1124B2
:105FF000E80FF91FE852F94FE20FF11DEB5BFF4F7D
:106000008091F10280838091F1028093791E5E98E5
:106010005F9A80917A1E0E948B2790914E1E946EFB
:1060200080914F1E880F892B82B980917B1E0E9420
:106030008B2790914E1E946680914F1E880F892B5E
:1060400082B980917C1E0E948B2790914E1E946A8B
:1060500080914F1E880F892B82B980917D1E0E94EE
:106060008B2790914E1E946280914F1E880F892B32
:1060700082B984E690E00E9473495E9A5F988091AD
:10608000721E0E948B2790914E1E946E80914F1E1F
:10609000880F892B82B98091731E0E948B27909163
:1060A0004E1E946680914F1E880F892B82B9809175
:1060B000741E0E948B2790914E1E946A80914F1EF1
:1060C000880F892B82B98091751E0E948B27909131
:1060D0004E1E946280914F1E880F892B82B9809149
:1060E000761E0E948B2790914E1E946C80914F1EBD
:1060F000880F892B82B98091771E0E948B279091FF
:106100004E1E946480914F1E880F892B82B9809116
:10611000781E0E948B2790914E1E946880914F1E8E
:10612000880F892B82B98091791E0E948B279091CC
:106130004E1E946080914F1E880F892B82B9C30137
:10614000088002C0880F991F0A94E2F70E94B004E9
:106150008091AE068823C9F0E881F0E020919A068C
:10616000EE0FFF1FE350FA4EC501B40104C0660FE5
:10617000771F881F991F2A95D2F79B01AC01808158
:106180009181822B932B9183808380ED97E00E94F5
:10619000734980E090E00E94B004D8018C91119680
:1061A0008C930894C11CD11C055F1F4F2196B0E150
:1061B000CB16D10409F002CD8091C506882381F168
:1061C000ADEFB5E120E030E069E075E011E04D9120
:1061D0005C91119741155105E9F08091F31590E01C
:1061E000F901EE0FFF1FEC01C69FC001C79F900D84
:1061F000D69F900D1124E80FF91FE852F94F8581C1
:106200009681842B952B9683858311961C921E92E2
:106210001093F4152F5F3F4F129620313105B9F6D8
:106220008091C8029091C902029709F0CDC0809177
:106230003006882311F01092590680915A069091E9
:106240005B06892B09F48AC0809123068823E9F034
:106250000E942F04873010F087E002C00E942F04B4
:106260008093B2068091B2068295807F2091B3061A
:10627000922F9F70890F8093B4061092F9152817FA
:1062800009F46CC08091AE0664C00E944A04882361
:1062900029F10E944A04182F0E942F04181B109302
:1062A000F9150E942F049091B2069295907F980F55
:1062B0009093FA159093B4068091AE06882341F02E
:1062C00080917C06813021F48091F9158093FB1533
:1062D00081E0809359068093FC1522C08091590675
:1062E0008823F1F41092FC151092F9150E942F04E6
:1062F0009091B2069295907F980F9093B4068091FA
:10630000F31590E029E035E0829FF001839FF00DC6
:10631000929FF00D1124E256F44F80818093FB157B
:106320009091B3068091B4069817C1F080912F0622
:106330008823A1F090917C06913049F48091AE06BB
:10634000882319F09093140302C09093F51580915F
:106350007C06882319F481E08093F51580912D1E29
:10636000882309F4BFC39091F915992309F4BAC39E
:106370008091FB15981710F41092FB158091FB1576
:106380009091FA15980F9093B4068F5F8093FB1548
:106390008091B306891719F081E08093F51510926A
:1063A0002D1E81E0809314030FC08091F91588237E
:1063B00059F49091B3068091B406981719F081E0D2
:1063C0008093F51510922D1E8091C8029091C902FC
:1063D000019709F034C280912F068823D1F1809172
:1063E00023068823C1F00E942F04873010F087E035
:1063F00002C00E942F048093B2068091B20682955B
:10640000807F2091B306922F9F70890F8093B406EE
:106410002817E1F41EC08091EC05882351F00E94FA
:106420002F048093231E81E08093291E8093140300
:1064300010C00E942F049091B2069295907F980F01
:106440009093B4068091B306891719F081E0809388
:10645000F51580910306882389F18091251E90917E
:10646000261E01979093261E8093251E81509440EE
:1064700020F01092261E1092251E80912A1E90E078
:1064800022E034E0829FF001839FF00D929FF00D97
:106490001124E15EF94E8091251E9091261EE80F91
:1064A000F91F92819093B4068091B306891719F071
:1064B00081E08093F51581E08093140380910E06AE
:1064C000882399F18091251E9091261E0196909324
:1064D000261E8093251E8150944030F080E094E089
:1064E0009093261E8093251E80912A1E90E022E024
:1064F00034E0829FF001839FF00D929FF00D1124F4
:10650000E15EF94E8091251E9091261EE80FF91F3D
:1065100092819093B4068091B306891719F081E0B7
:106520008093F51581E080931403809150068823B1
:1065300009F11092261E1092251E80912A1E90E0CD
:1065400021E032E0829FF001839FF00D929FF00DD9
:106550001124EE0FFF1FEF5DF94E90819093B4066A
:106560008091B306891719F081E08093F51581E0D9
:10657000809314038091D605882309F4FAC0809192
:10658000EC05882319F180912A1E90E022E034E086
:10659000829FF001839FF00D929FF00D1124E15E28
:1065A000F94E808191819093261E8093251EE80FDD
:1065B000F91F92819093B4068091B306891719F060
:1065C00081E08093F51581E08093140380910306A8
:1065D000882309F463C080912A1E90E022E034E011
:1065E000829FF001839FF00D929FF00D1124E15ED8
:1065F000F94E0190F081E02D309709F44FC0809161
:10660000251E9091261E31979C012F5F3F4F8E17BC
:106610009F0708F03FC0E90142E054E00AC0CE0104
:106620000196CA0FDB1FFD01E80FF91F22812A83A3
:10663000EC0180912A1E90E0849FD001859FB00DCF
:10664000949FB00D1124A15EB94E8D919C9111972C
:10665000C817D90720F3E091251EF091261E319628
:10666000F093261EE093251E019711969C938E931E
:10667000EA0FFB1F92819093B4068091B3068917AD
:1066800019F081E08093F51581E080932B1E8093B3
:10669000140304C03093261E2093251E80910E06FD
:1066A000882309F466C04091251E5091261E8091D2
:1066B0002A1E90E022E034E0829FF001839FF00DDB
:1066C000929FF00D1124E15EF94E208131812F5F00
:1066D0003F4F4217530708F046C0E90142E054E03B
:1066E00015C0822F90E09E0121503040849FF00120
:1066F000859FF00D949FF00D1124E15EF94ECE0FB1
:10670000DF1FE20FF31F82818A83E901A091251E1A
:10671000B091261E20912A1ECA17DB0710F7119789
:10672000B093261EA093251E30E082E094E0289FBF
:10673000F001299FF00D389FF00D1124E15EF94E14
:10674000AE0FBF1F2091B30612962C9380819181CA
:106750000196918380832093B40681E080932B1E61
:106760008093140306C0415050405093261E40931E
:10677000251E8091E305882309F461C080912C1EB9
:10678000882309F05CC080912A1E90E022E034E06A
:10679000829FF001839FF00D929FF00D1124E15E26
:1067A000F94E8091251E9091261EE80FF91F209129
:1067B000B306228301969093261E8093251E815056
:1067C000944030F080E094E09093261E8093251E44
:1067D00080912A1E90E022E034E0829FF001839FA6
:1067E000F00D929FF00D1124E15EF94E8091251E6F
:1067F0009091261EE80FF91F92819093B406809124
:10680000B306891719F081E08093F51580912A1E4F
:1068100090E022E034E0829FF001839FF00D929F90
:10682000F00D1124E15EF94E8091251E9091261EF7
:106830009183808381E080932B1E80931403809149
:10684000C8029091C902892B09F07DC080912D1E4C
:10685000882309F444C04091251E5091261E4F5FA5
:106860005F4F5093261E4093251E80912A1E90E074
:1068700022E034E0829FF001839FF00D929FF00DA3
:106880001124E15EF94E808191814817590720F06B
:106890001092261E1092251E80912A1E90E022E062
:1068A00034E0829FF001839FF00D929FF00D112440
:1068B000E15EF94E8091251E9091261EE80FF91F8A
:1068C00092819093B4068091B306891719F081E004
:1068D0008093F51510922D1E81E080931403809112
:1068E0005006882309F11092261E1092251E8091D1
:1068F0002A1E90E021E032E0829FF001839FF00D9C
:10690000929FF00D1124EE0FFF1FEF5DF94E908165
:106910009093B4068091B306891719F081E08093B3
:10692000F51581E08093140380915A0690915B06DF
:10693000892B49F00E942F048093231E81E08093CD
:10694000291E809314038091291E882361F11092DF
:10695000291E11E01093140310922B1E8091231E08
:106960000E94CE228091231E8093241E80912A1E95
:1069700090E022E034E0829FF001839FF00D929F2F
:10698000F00D1124E15EF94E8091251E9091261E96
:10699000E80FF91F92819093B4068091B30689178E
:1069A00011F01093F51580912B1E8823C9F080916A
:1069B000E4058823A9F010922B1E8091241E0E94CA
:1069C00081210E94871081E080932C1E0E940C4937
:1069D00060932E1E70932F1E8093301E9093311E55
:1069E0000E940C4920912E1E30912F1E4091301E86
:1069F0005091311E621B730B840B950B695E7340C3
:106A00008040904010F010922C1E8091F515882344
:106A100089F01092F51511E0109314031092F715F8
:106A20008091B4060E9465238091B4068093B306DA
:106A30001093F6158091F6158823A9F01092F6159B
:106A400083E080930A031092331E0E946D1290E03F
:106A50008091F315882309F491E09093F3150E9437
:106A6000210B0E946C0B8091F415882339F0109251
:106A7000F4150E946C0B81E08093F7158091F71557
:106A8000882381F08091E205882361F08091580687
:106A9000882341F41092F7158091B3060E94A32534
:106AA0000E9487108091E305882319F081E080938C
:106AB00014038091C8029091C9020597C9F40E94FD
:106AC000A20380918905882399F010921E161092D6
:106AD0001D16E7ECF4E010823B9655E0E737F5072A
:106AE000D1F706C080912D1E882309F46DCC5DCCB2
:106AF000DF91CF911F910F91FF90EF90DF90CF909A
:106B0000BF90AF909F908F907F906F90089510925C
:106B10003B1E10923C1E10923D1E85E691E20E94A3
:106B200064480E94760F0E9466190E945E050E94CA
:106B300033210E94FB270E94AC120E9421150E9463
:106B4000720E08950F931F93CF93DF93E82FF0E019
:106B5000E75CFC4F60830E942412CCE0D3E001E4A8
:106B600013E082B18F7182B992B189918295880FB9
:106B7000807E892B82B9F80181918F010E948B2739
:106B800085E090E00E947349F3E0C031DF0749F7E8
:106B90000E942F12C0E0D0E082B18F7182B992B111
:106BA000FE01E45FFC4F80818295880F807E892BF7
:106BB00082B9FE01E75CFC4F80810E948B2785E053
:106BC00090E00E9473492196C830D10529F7DF91E2
:106BD000CF911F910F9108950F931F93CF93DF9340
:106BE000982FC82FD0E08E01025C114EF8018081F1
:106BF0008823B9F4892F0E94A23581E090E002C079
:106C0000880F991FCA95E2F70E94B00488EE93E0BE
:106C10000E94734980E090E00E94B00481E0F80196
:106C20008083DF91CF911F910F910895282F4423E6
:106C3000D9F580918006281709F065C0862F90E06D
:106C4000FC01B297EB31F10508F05DC0EF59FF4F41
:106C5000EE0FFF1F0590F491E02D099410923E1E57
:106C6000089510923F1E08951092401E08951092AC
:106C7000411E08951092421E08951092431E0895D9
:106C80001092441E08951092481E08951092471EB7
:106C900008951092461E08951092451E0895109270
:106CA000491E0895129A089580918006281759F573
:106CB000862F90E0FC01B297EB31F10520F5E45806
:106CC000FF4FEE0FFF1F0590F491E02D099480E037
:106CD00015C081E013C082E011C083E00FC084E0E2
:106CE0000DC085E00BC086E009C08AE007C089E0DE
:106CF00005C088E003C087E001C08BE0642F0E94DC
:106D0000EC350895129808950F931F93CF93DF9356
:106D10000E9424120CE013E0E80182B18F7182B965
:106D200092B189918295880F807E892B82B98FE7F5
:106D30000E948B2785E090E00E94734983E0C03178
:106D4000D80759F70E942F1282B18F7182B992B180
:106D5000F80181918F018295880F807E892B82B9FD
:106D60008FE70E948B2785E090E00E947349F3E053
:106D700004311F0749F7DF91CF911F910F910895BB
:106D80008BE59EE160E040E00E94BA3C8BE59EE12D
:106D90006BE272E00E94E24E8BE59EE160E041E032
:106DA0000E94BA3C8BE59EE16CE372E00E94E24EE9
:106DB0000E9484368FEF9FEF0E94B00488EE93E02C
:106DC0000E9473490E94E40468EE73E080E090E062
:106DD0000E941A49D5CFEF92FF920F931F93CF9342
:106DE000DF930E94241208E010E0B9E0EB2EB5E03A
:106DF000FB2E82B18F7182B992B1F801EC5FFC4F2A
:106E000080818295880F807E892B82B98091F315CD
:106E100090E0F801E657F94F2081F801A4E0EE0F69
:106E2000FF1FAA95E1F7AC014E9DC0014F9D900D4B
:106E30005E9D900D1124E80FF91FE852F94FE20F03
:106E4000F11DEB5BFF4F508140919606FC01E8522B
:106E5000F94F258D368D02C0369527954A95E2F774
:106E60002170307080911E16682F62956F70EB0153
:106E7000D0E0CE01817090708095909528233923C1
:106E8000232B11F480E005C0E853FB4F8081880F6D
:106E9000880F850F0E948B2785E090E00E94734940
:106EA0000F5F1F4F0C30110509F0A3CF0E942F1266
:106EB00000E010E0E9E0EE2EE5E0FE2E82B18F71F9
:106EC00082B992B1F801E45FFC4F80818295880F0E
:106ED000807E892B82B98091F31590E0F801E65706
:106EE000F94F2081F80164E0EE0FFF1F6A95E1F78A
:106EF000AC014E9DC0014F9D900D5E9D900D1124E3
:106F0000E80FF91FE852F94FE20FF11DEB5BFF4F5D
:106F1000508140919606FC01E852F94F258D368D3F
:106F200002C0369527954A95E2F72170307080911E
:106F30001E16682F62956F70EB01D0E0CE01817054
:106F400090708095909528233923232B11F480E0AD
:106F500005C0E853FB4F8081880F880F850F0E9482
:106F60008B2785E090E00E9473490F5F1F4F083028
:106F7000110509F0A3CFDF91CF911F910F91FF90E1
:106F8000EF9008958BE160E00E94E7498BE161E0BA
:106F90000E944B4A8CE160E00E94E7498CE161E08D
:106FA0000E944B4A089584B1886184B98AB1806F88
:106FB0008AB981B18C6E81B9129A88E161E00E9430
:106FC000E74989E161E00E94E74980E060E00E94D2
:106FD000E74981E060E00E94E7490E947B3C8FEF37
:106FE0000E94593C85EC9FE10E94EA3F08959F92E0
:106FF000AF92BF92CF92DF92EF92FF920F931F93C7
:10700000CF93DF938091650690E0882309F491E0A7
:10701000909365068091890660E30E94954F9923BD
:1070200039F480919402882309F491E090939402BA
:10703000809189069091F315092F10E09091B10687
:10704000C92FD0E029E035E0029FF001039FF00D49
:10705000129FF00D1124EC0FFD1FEF53F44F6081D0
:10706000669590E070E00E94A14F892B19F4CB56F1
:10707000DD4F18828091890690E083709070892B93
:1070800039F48091C80085FFFCCF88EF8093CE0053
:1070900080917D068823A1F48091890690E0837019
:1070A0009070892B29F4119A81E080934F1E08C0BB
:1070B000809189068370823019F4119810924F1EC6
:1070C0008091AE06882309F4B3C28091890629E035
:1070D00035E0029FF001039FF00D129FF00D112487
:1070E000E852F94F218190E0622F70E00E94A14F99
:1070F000269530E08217930729F480919A068F5FD6
:1071000080939A0620919A0689E095E0089FF00105
:10711000099FF00D189FF00D1124E852F94F80815E
:10712000821710F410929A061092AC061092AB06D9
:1071300065EBE62E66E0F62EC0E0D0E059E0A52E25
:1071400055E0B52E99249394809189069091F3157A
:10715000092F10E00A9DF0010B9DF00D1A9DF00D16
:107160001124EC0FFD1FEF53F44F308190E0632F9B
:1071700070E00E94A14F892B21F4FE01E556F94FE2
:1071800090822091890648ECC42E46E0D42ECC0E85
:10719000DD1EF60180810A9DF0010B9DF00D1A9D08
:1071A000F00D1124EC0FFD1FEF52F44FE081F0E0E1
:1071B0003197EE0FFF1FE80FF11DEE0FFF1FE65393
:1071C000FD4F80819181820F911D632F70E00E949D
:1071D000B54F892B09F0C4C0FE01E556F94F8081F7
:1071E000882309F4BDC01082F601808190E08823D5
:1071F00009F491E0FE01E853F94F9083FE01EB564C
:10720000FD4F90820A9DD0010B9DB00D1A9DB00DCF
:107210001124A852B94FAC0FBD1FA753BB4F8C917F
:10722000A95CB440813081F0813030F08230E1F0EF
:10723000833009F05AC045C0FE01EE0FFF1FE9552B
:10724000FD4F808191810BC0FE01EE0FFF1FE955BC
:10725000FD4F20813181A752BB4F8C91821BFE01D3
:10726000E657F94F808341C0FE01E657F94F808110
:10727000A752BB4F2C91821709F0E6C1F70180811C
:10728000813009F0E1C1108205C0F70180818823B7
:1072900009F49082F7018081FE01EE0FFF1FDE01ED
:1072A000A657B94F882331F0E955FD4F8081918170
:1072B0008C931BC0E955FD4F80819181281B2C9335
:1072C00014C0A752BB4F2C9130E02F5F3F4F442793
:1072D00037FD4095542F60E070E080E090E00E9420
:1072E000504FFE01E657F94F6083CC3079F1209181
:1072F000AB063091AC06FE01E657F94F4081809114
:10730000F31590E0FE01EE0FFF1FBC016A9DC00166
:107310006B9D900D7A9D900D1124E80FF91FE85296
:10732000F94F8581968102C0969587954A95E2F737
:10733000817090700C2E02C0880F991F0A94E2F79A
:10734000822B932B9093AC068093AB06FE01EE0F3D
:10735000FF1FE955FD4F80819181019691838083C4
:1073600021960894E11CF11CC031D10509F0ECCE46
:10737000809189069091F315C92FD0E09091F8156E
:1073800029E035E0C29FF001C39FF00DD29FF00DC0
:107390001124E852F94FE90FF11DE751FB4F6081CD
:1073A00090E070E00E94A14F892B49F48091A502E2
:1073B0009091A60201969093A6028093A5028091D7
:1073C000890629E035E0C29FF001C39FF00DD29FEE
:1073D000F00D1124E852F94F618190E070E00E94B5
:1073E000A14F892B01F54091AB065091AC0620913D
:1073F000A5023091A602215030408091C60690919E
:10740000C70602C0969587952A95E2F7817090701D
:1074100025E0880F991F2A95E1F7842B952B9093EF
:10742000AC068093AB068091AB069091AC062091A0
:107430001D1630911E162095309528233923309340
:10744000AC062093AB068091AB069091AC06892BDD
:1074500009F461C08091AB069091AC0696FF04C020
:10746000129881E08093501E8091AB069091AC06FB
:1074700097FF04C0139A81E08093511E0E94EB365F
:107480008091AB069091AC060E94B00480ED97E02D
:107490000E9473490E94E4048091AB069091AC066F
:1074A00095FF24C00E946D124091AD068091F315A6
:1074B00090E029E035E0829FF001839FF00D929FDC
:1074C000F00D1124E852F94FE40FF11DEB5BFB4F77
:1074D00080917F06608140E50E945E1281E080938A
:1074E0003A1E8091AD068F5F8093AD064091AD0648
:1074F0008091F31590E029E035E0829FF001839FB1
:10750000F00D929FF00D1124E356F44F8081841703
:1075100010F41092AD068091F315682F70E089E0A9
:1075200095E0689FD001699FB00D789FB00D112440
:10753000AF54B44F40E050E0FA01EE0FFF1FE955A1
:10754000FD4F208131818C9190E08217930714F4D4
:10755000118210824F5F5F4F11964031510561F7E4
:107560002091A5023091A60289E095E0689FF00184
:10757000699FF00D789FF00D1124E852F94F80813A
:1075800090E082179307ACF581E08093C506809365
:107590002D1E1092A6021092A5028091F615882346
:1075A00041F18091C8029091C902029711F51092A1
:1075B000F61583E080930A031092331E0E946D1229
:1075C00080E090E0FC01EE0FFF1FE955FD4F1182B6
:1075D0001082019680319105A9F790E08091F31512
:1075E000882309F491E09093F3150E94210B0E94E7
:1075F0006C0B809189062091F31530E049E055E04D
:10760000249FF001259FF00D349FF00D1124E852C6
:10761000F94F618190E070E00E94A14F049741F41E
:107620008091A5029091A602892B11F41092C506B3
:10763000809189068F5F809389068150803660F043
:1076400081E08093890608C0FE01E657F94F8081EA
:10765000882309F01FCE19CEDF91CF911F910F9192
:10766000FF90EF90DF90CF90BF90AF909F900895E4
:10767000119A0E94F7370E94F73780ED97E00E9439
:1076800073490E94F7370E94F737119808951F92A7
:107690000F920FB60F920BB60F9211242F933F93B8
:1076A0004F935F936F937F938F939F93AF93BF930A
:1076B000EF93FF930E94F737FF91EF91BF91AF9146
:1076C0009F918F917F916F915F914F913F912F91FA
:1076D0000F900BBE0F900FBE0F901F901895FF924A
:1076E0000F931F930E94C237039903C081E08093D8
:1076F0005A1E049903C081E08093591E0E94D3371B
:10770000E7E1F4E010823B9684E0E73CF807D1F72C
:1077100010928205109298051092A30510928D0583
:1077200010921C068BE59EE160E142E020E00E94A1
:107730001C3D8BE59EE160E049E453E00E94E43C9F
:107740008BE59EE161E041E553E00E94E43C8BE57E
:107750009EE162E049E553E00E94E43C8BE59EE156
:1077600063E041E653E00E94E43C8BE59EE164E087
:1077700049E653E00E94E43C8BE59EE165E041E789
:1077800053E00E94E43C69EF7FEF83E090E00E94C9
:10779000AF1D85EC9FE10E94D13F85EC9FE163E541
:1077A00070E043E050E00E94E23F85EC9FE10E94E0
:1077B0001F3F082F85EC9FE10E941F3FF82E85ECAC
:1077C0009FE10E941F3F10E00F0D111D080F111DBA
:1077D0000330110521F00E94C1100E94D61D0E94A5
:1077E00016058091581E883031F40E949F108FE753
:1077F0000E948B27FCCF0E947F2280E00E94CE2235
:1078000080E00E94652390E08091F315882309F4BD
:1078100091E09093F3150E94210B0E946C0B80E085
:1078200090E00E94B00485E691E261E00E948D48FC
:1078300085E691E266E176E30E94924285E691E276
:107840006BE279E00E948C4285E691E260918006CD
:107850000E948942789480915A1E882311F00E94D8
:10786000C0368091591E882311F00E94E3108BE5E9
:107870009EE160E040E00E94BA3C8BE59EE16EE450
:1078800072E00E94E24E8BE59EE160E041E00E94E2
:10789000BA3C8BE59EE16FE572E00E94E24E68EE35
:1078A00073E080E090E00E941A491F910F91FF90D1
:1078B0000895982F8091B81E8230E0F42FB7F89485
:1078C000913029F0913060F0923029F402C092E0BA
:1078D00008C094E006C082E08093B81E2FBF0895D0
:1078E00091E081E08093B81E8091B91E892B80932E
:1078F000B91E2FBF089584E061E00E944B4A84E0E6
:1079000061E00E94E7498CB580618CBD8CB58064D4
:107910008CBD87E061E00E94E74985E061E00E945C
:10792000E749089508950895FC01138212828AEBB5
:1079300093E0918380830895FC01A081B181189622
:107940002D913C9119976FEFF90109950895DC018C
:10795000ED91FC910284F385E02D40E009950895B6
:10796000FC016581862F846085836C60CF010E9455
:10797000A73C0895DC0117969C911797491710F0C2
:10798000492F415018968C911897803139F49430D2
:1079900029F4E42FF0E0EA53FC4F04C0E42FF0E0B8
:1079A000E653FC4F8081680F6068CD010E94A73CC0
:1079B0000895DC01ED91FC910284F385E02D41E016
:1079C000099581E090E00895EF92FF920F931F9345
:1079D000CF93DF938C017A016770660F660F660F95
:1079E00060640E94A73C8EE190E00E947349C0E071
:1079F000D0E0D801ED91FC91D701AC0FBD1F0190F3
:107A0000F081E02DC8016C91099588E290E00E9418
:107A100073492196C830D10561F7DF91CF911F914D
:107A20000F91FF90EF90089561E00E94A73C80EDD8
:107A300097E00E9473490895CF93DF93EC014230A1
:107A400018F08C8188608C834F836887222329F00B
:107A5000413019F48C8184608C8364E670E080E0AE
:107A600090E00E941A496C8164FD31C0E881F9817F
:107A70000284F385E02DCE0163E042E0099584E9BC
:107A800091E10E947349E881F9810284F385E02D38
:107A9000CE0163E042E0099586E990E00E947349D7
:107AA000E881F9810284F385E02DCE0163E042E0B4
:107AB000099586E990E00E947349E881F981028482
:107AC000F385E02DCE0162E042E0099516C06062C8
:107AD000CE010E94A73C84E991E10E9473496C8128
:107AE0006062CE010E94A73C86E990E00E94734943
:107AF0006C816062CE010E94A73C86E990E00E9402
:107B000073496C816062CE010E94A73C8CE390E0D7
:107B10000E94734984E08D83CE010E94B03CCE0167
:107B20000E94143D82E08E83CE0166E00E94A73C55
:107B3000CE010E949C3CDF91CF9108950F931F933B
:107B40008C01FC01858561E00E944B4AF801858526
:107B500060E00E944B4A1F910F910895BF92CF920F
:107B6000DF92EF92FF920F931F93CF93DF93D82E64
:107B7000C92EB42E282F392FC9018C01C0E0D0E0C6
:107B8000E62EFF240DC0B7010C2E02C07595679537
:107B90000A94E2F76170F80185850E944B4A2196AC
:107BA0000F5F1F4FCB1578F38D2D9C2D0E949E3DAE
:107BB000DF91CF911F910F91FF90EF90DF90CF90C9
:107BC000BF900895FC0126892F3F91F08185928511
:107BD000662319F0892B41F402C0019729F4822F02
:107BE00061E00E944B4A0895822F60E00E944B4A58
:107BF00008950F931F93CF93DF93EC01162F042F5B
:107C000060E0413009F461E08B850E944B4A8C852D
:107C10008F3F19F060E00E944B4A023091F08C8156
:107C200084FF04C0CE01612F48E00EC0612F70E0D8
:107C300084E0759567958A95E1F7CE0144E00E944E
:107C4000AE3DCE01612F44E00E94AE3DDF91CF9169
:107C50001F910F9108956F927F928F92AF92CF9262
:107C6000EF920F931F93DF93CF93CDB7DEB73C0115
:107C7000162F8E2DF301438724870587E686C78656
:107C8000A08A818A9D85928B9E85938B9F85948BFC
:107C90009889958B61E00E94E749F301878561E04F
:107CA0000E94E749F301808961E00E94E749F301FE
:107CB000818961E00E94E7491123A1F4F3018289DF
:107CC00061E00E94E749F301838961E00E94E7498E
:107CD000F301848961E00E94E749F301858961E04D
:107CE0000E94E749F301838561E00E94E749F301BF
:107CF00084858F3F19F061E00E94E749F301858593
:107D000061E00E94E749112319F0F301148203C0D6
:107D100080E1F3018483F301838560E00E944B4A94
:107D2000F301858560E00E944B4AF30184858F3F13
:107D300019F060E00E944B4A8FEFF301868B1286A8
:107D40001186CF91DF911F910F91EF90CF90AF905F
:107D50008F907F906F900895DF92EF92FF920F9334
:107D60001F938C01D62E7A01862F61E00E94E7498D
:107D7000D8015696DC9256971A96FC92EE92199775
:107D8000ED91FC910084F185E02DC80160E009953A
:107D90001F910F91FF90EF90DF9008956F927F9267
:107DA0008F92AF92BF92CF92DF92EF92FF920F939A
:107DB0001F933C01162FF42ED22EB02EAE2C8C2CFD
:107DC0000E94943C82ED93E0D3018D939C9300D06C
:107DD00000D0EDB7FEB73196ADB7BEB711961C9285
:107DE000118212821382C30161E0412F2FEF0F2D08
:107DF000ED2CCB2C0E942B3E0F900F900F900F90EC
:107E00001F910F91FF90EF90DF90CF90BF90AF90B8
:107E10008F907F906F90089581E08093C41F60934E
:107E20003F1F1092C21F1092C31F089520913E1F42
:107E300030E080913D1F281B3109C9010895409110
:107E40003D1F80913E1F481718F02FEF3FEF0AC0EB
:107E5000E42FF0E0E554F14E8081282F30E04F5FB1
:107E600040933D1FC9010895E0913D1F80913E1F41
:107E7000E81718F0EFEFFFEF06C0F0E0E554F14E21
:107E80008081E82FF0E0CF01089508951092C81F77
:107E90001092C71F88EE93E0A0E0B0E08093C91F66
:107EA0009093CA1FA093CB1FB093CC1F82EE93E098
:107EB0009093C61F8093C51F0895CF92DF92EF92D3
:107EC000FF920F931F93CF93DF937C016B018A0185
:107ED0008091C41F8823A1F0C0E0D0E00DC0D7017D
:107EE000ED91FC91D601AC0FBD1F0190F081E02D0A
:107EF000C7016C9109952196C017D10780F304C082
:107F0000CB01642F0E949340C801DF91CF911F9154
:107F10000F91FF90EF90DF90CF900895DF93CF9374
:107F20000F92CDB7DEB7FC0169838091C41F88230F
:107F3000C9F08091C31F823838F081E090E09383CC
:107F4000828320E030E015C08091C21FE82FF0E06E
:107F5000E05CF04E998190838F5F8093C21F809385
:107F6000C31F05C0CE01019661E00E94934021E04D
:107F700030E0C9010F90CF91DF9108950F93062F44
:107F800080913F1F60E47FE14091C31F21E00E9488
:107F90003E401092C21F1092C31F1092C41F0F9137
:107FA000089561E00E94BE3F0895433808F042E81A
:107FB000862F6BEB7EE10E94F53F10923D1F809370
:107FC0003E1F089521E00E94D53F089521E00E94C0
:107FD000D53F089510923D1F10923E1F1092C21F70
:107FE0001092C31F0E9443420895382F433810F067
:107FF00040E042C08091D11F8823E1F791E0909347
:10800000D11F2093D31F8FEF8093642110925B20A8
:10801000415040935C204F5F9093D21F8091D21FBC
:10802000330F832B8093D21F8091D41F813041F472
:108030001092D41F8091D21F8093BB0085EC01C0A9
:1080400085EE8093BC008091D11F8130E1F3809157
:108050005B20841710F440915B2020E030E00AC0E0
:10806000FB01E20FF31FD901A752B04E8C91808320
:108070002F5F3F4F2417A0F3842F08950F931F9372
:10808000582F122F433810F081E04AC08091D11F41
:108090008823E1F782E08093D11F0093D31F8FEFF5
:1080A0008093642110925B2040935C20A9EDBFE196
:1080B000FB0102C081918D938E2F861B8417D0F314
:1080C0001092D21F8091D21F550F852B8093D21F03
:1080D0008091D41F813041F41092D41F8091D21F1F
:1080E0008093BB0085EC01C085EE8093BC0011231A
:1080F00021F08091D11F8230E1F3809164218F3F84
:1081000011F480E00DC080916421803211F482E08E
:1081100007C080916421803311F084E001C083E0C6
:108120001F910F910895482F633810F081E0089552
:108130008091D11F843011F082E008956093E02097
:10814000ADE5B0E2842F9C01F90102C081918D93CD
:108150008E2F841B8617D0F380E008951F920F9214
:108160000FB60F920BB60F9211242F933F934F939C
:108170005F936F937F938F939F93AF93BF93EF938F
:10818000FF938091B90090E0887F907080369105D0
:1081900009F4F2C081369105CCF58832910509F4D5
:1081A0007BC089329105B4F48031910509F46FC028
:1081B000813191053CF4009709F447C1089709F013
:1081C0004FC165C08831910509F466C0809709F0F8
:1081D00047C182C08034910509F4A4C0813491055F
:1081E00044F48033910509F482C0C89709F038C17E
:1081F00089C08035910509F489C08835910509F455
:1082000096C08834910509F02BC1AEC0883991051C
:1082100009F413C189399105ECF48837910509F403
:10822000ABC0893791054CF48836910509F4A4C098
:108230008037910509F014C19FC08838910509F471
:10824000FCC08039910509F49DC08038910509F082
:1082500007C198C0803B910509F4C6C0813B9105D8
:108260004CF4803A910509F49FC0883A910509F0D1
:10827000F7C0BAC0803C910509F4E3C0883C910581
:1082800009F4DFC0883B910509F0EAC0C2C08091C3
:10829000D21F8093BB00CFC090915B2080915C2067
:1082A000981768F490915B20E92FF0E0E752F04EC8
:1082B00080818093BB009F5F90935B20BCC08091C6
:1082C000D31F882309F44BC085ED8093BC008091B7
:1082D000BC0084FDFCCFC2C080E28093642185EDA8
:1082E0008093BC008091BC0084FDFCCFB7C080E3CC
:1082F0008093642185ED8093BC008091BC0084FD57
:10830000FCCFACC088E3809364219BC080915B204C
:108310009091BB00E82FF0E0E752F04E90838F5F22
:1083200080935B2090915B2080915C2082C0809143
:108330005B209091BB00E82FF0E0E752F04E908375
:108340008F5F80935B208091D31F882341F085ED60
:108350008093BC008091BC0084FDFCCF7FC081E095
:108360008093D41F84EA6EC085ED8093BC00809119
:10837000BC0084FDFCCF72C083E08093D11F1092BB
:10838000632159C080916321823808F056C08091E2
:1083900063219091BB00E82FF0E0EF51FF4D9083F7
:1083A0008F5F8093632147C080916321823830F4CE
:1083B000E0916321F0E0EF51FF4D108285ED809355
:1083C000BC008091BC0084FDFCCF1092D11F609155
:1083D0006321E091D71FF091D81F81EE90E270E009
:1083E0000995109263212DC084E08093D11F1092D3
:1083F000DF201092E020E091D51FF091D61F099563
:108400008091E020882329F481E08093E02010927D
:108410005D209091DF20E92FF0E0E35AFF4D80814D
:108420008093BB009F5F9093DF209091DF2080912D
:10843000E020981710F485EC01C085E88093BC001B
:108440000FC085EC8093BC0009C01092642185EDBB
:108450008093BC008091BC0084FDFCCF1092D11FA2
:10846000FF91EF91BF91AF919F918F917F916F910C
:108470005F914F913F912F910F900BBE0F900FBEC8
:108480000F901F9018951092D11F81E08093D31FF9
:108490001092D41F81E161E00E944B4A80E161E0CB
:1084A0000E944B4AE9EBF0E080818E7F80838081DF
:1084B0008D7F808388E48093B80085E48093BC003E
:1084C0000895FC01E55FFD4F1192119211921192F6
:1084D0001192119211921192119211921192119284
:1084E0001192119211921192119211921192119274
:1084F0001192119211921192119211921192119264
:108500001192119211921192119211921182108274
:108510000895FC0162830895FC01E55FFD4F7183BE
:1085200060830895FC01E35FFD4F718360830895CC
:10853000FC01ED5DFD4F718360830895FC01EB5DEF
:10854000FD4F718360830895FC01E95DFD4F7183E8
:1085500060830895FC01E75DFD4F7183608308959A
:10856000FC01613F710509F465C0623F710544F586
:10857000603B710509F44FC0613B71056CF46039D3
:10858000710509F442C0603A710509F441C06038D0
:10859000710509F070C036C0603D710509F441C035
:1085A000613D71052CF4603C710509F064C036C072
:1085B000603E7105C9F1603F710509F05CC037C0CC
:1085C0006A3F710509F445C06B3F710574F4633F60
:1085D0007105B1F1633F710584F1663F710599F151
:1085E000683F710509F047C031C06C3F7105B9F1B2
:1085F0006C3F71058CF16E3F7105A1F16F3F710504
:10860000D1F535C0E55FFD4F2FC0E35FFD4F2CC0B6
:10861000E15FFD4F29C0EF5EFD4F26C0ED5EFD4FCF
:1086200023C0EB5EFD4F20C0E95EFD4F1DC0E75E3D
:10863000FD4F1AC0E55EFD4F17C0E35EFD4F14C04D
:10864000E15EFD4F11C0EF5DFD4F0EC0ED5DFD4FD2
:108650000BC0EB5DFD4F08C0E95DFD4F05C0E75D58
:10866000FD4F02C0E55DFD4F118210820895E35D6C
:10867000FD4F118210820895CF93DF93EC01C95F03
:10868000DE4F88819981C750D140813F910509F41F
:10869000D9C0823F91054CF5803B910509F467C034
:1086A000813B91056CF48039910509F44AC0803A08
:1086B000910509F483C08038910509F0FFC03AC0E4
:1086C000803D910509F492C0813D91052CF4803CD8
:1086D000910509F0F3C091C0803E910509F44EC0A8
:1086E000803F910509F0EAC09CC08A3F910599F14D
:1086F0008B3F91058CF4833F910509F4C8C0833FFB
:1087000091050CF4A6C0863F910509F4CDC0883FC1
:10871000910509F0D3C01CC08C3F910511F18C3F2D
:108720009105E4F08E3F9105F9F08F3F910509F036
:10873000C5C0BDC0C55FDD4F28813981CB50D24057
:1087400043C0C35FDD4F28813981CD50D2403CC04A
:10875000CD5DDD4FAEC0CB5DDD4FABC0C95DDD4F44
:10876000A8C0C75DDD4FA5C0C55DDD4FA2C0CF5E0F
:10877000DD4F28813981C151D24026C0C95EDD4F0D
:10878000E881F981C751D240309709F497C0C65F9C
:10879000DE4F688170E06F7770707695762F662770
:1087A000779567958A9190E08F779070682B792BF9
:1087B0006050704223978881099580C0C15FDD4F6A
:1087C00028813981CF50D2402115310509F476C076
:1087D000FE01E75FFE4FDE01A65FBE4FCA5FDE4FC0
:1087E000888160814C91F901099568C0CB5EDD4FAD
:1087F00028813981C551D24006C0CD5EDD4F288128
:108800003981C351D2402115310509F457C0FE0109
:10881000E75FFE4FCA5FDE4F88816081F9010995ED
:108820004DC0C75EDD4FE881F981C951D240309714
:1088300009F444C0CE01855F9E4FC75FDE4F68815B
:1088400009953CC0C55EDD4FE881F981CB51D2402E
:1088500024C0C35EDD4F48815981CD51D2404115BE
:10886000510561F1C65FDE4F888190E08F7790708F
:108870009695982F882797958795FE01229130E04D
:108880002F773070822B932BFA01099517C0C15EA8
:10889000DD4FE881F981CF51D240309779F0C75F41
:1088A000DE4F888109950AC0CF5DDD4F02C0C35DF0
:1088B000DD4FE881F981309709F00995DF91CF917B
:1088C000089585E691E20E94614208950895CF934C
:1088D000DF93EC018FEC94E20E94654C18161906A8
:1088E0000CF0FAC18038910529F48FEC94E20E94D3
:1088F000BF4CF2C18FEC94E20E94964CCC5FDE4FED
:10890000E881F981C450D140309709F0EBC08B83E6
:10891000998197FF0FC0943F69F0953F59F0993FB7
:1089200049F09D3F39F0292F30E0903F28F4207F17
:10893000307002C020E030E0203B3105B1F0213B37
:10894000310554F42039310581F0203A310569F0C0
:1089500020383105B1F409C0203D310531F0203E09
:10896000310519F0203C310561F487FD0AC09B8375
:108970008C83CC5FDE4F81E090E099838883C45084
:10898000D1402B8127FF0FC0243F69F0253F59F0CC
:10899000293F49F02D3F39F0822F90E0203F28F405
:1089A000807F907002C080E090E0813F910509F4E3
:1089B00073C0FE01EE5FFE4F823F91054CF5803B98
:1089C000910509F472C0813B91056CF480399105E1
:1089D00009F46BC0803A910509F467C080389105AD
:1089E00009F06EC062C0803D910509F455C0813D1B
:1089F00091052CF4803C910509F062C04DC0803E89
:108A0000910509F452C0803F910509F059C052C048
:108A1000883F9105D1F0893F910564F4833F91052A
:108A2000D9F1833F91050CF440C0863F910509F0D0
:108A300047C00BC08A3F91050CF442C08D3F9105A1
:108A400024F08E5F90400297D8F527FF0FC0243F97
:108A500069F0253F59F0293F49F02D3F39F0822F29
:108A600090E0203F28F4807F907002C080E090E08A
:108A7000C95FDE4F998388831A92239619921882D0
:108A8000C050DF4F81E08883C650D14019821882E0
:108A9000FE011292129221C1CE5FDE4F82E090E081
:108AA00099838883C250D14014C083E090E09183C1
:108AB00080830FC08FEF90E091838083198209C07B
:108AC000CC5FDE4F19821882C450D14011821082CF
:108AD000A3C0FE01EC5FFE4F8081918101969183DE
:108AE0008083FAC087FF69C08D3F40F48A3F48F415
:108AF000873FB9F0883F09F060C003C08E3F08F49B
:108B00005CC0FE01E95FFE4F80831182C75FDE4FCC
:108B10001992188224971882CC5FDE4F81E08883F7
:108B2000DCC08B8187FF70C0843F09F46DC0853F36
:108B300009F46AC0893F09F467C08D3F09F464C035
:108B4000282F30E0803F20F4C901807F907001C061
:108B5000C901803F910509F057C0FE0190E0838173
:108B6000E55FFE4F80839F5FEA50F1409F3FB9F77A
:108B7000C95FDE4F80EF90E099838883C750D14072
:108B8000FE01EC5FFE4F80818F5FC75FDE4F888301
:108B90002196808191810196988324971882CC5FD9
:108BA000DE4F81E0888311821082C850D140198243
:108BB0001882C250D140198290C0EC0FFD1F8383F0
:108BC000FE01EC5FFE4F20813181CE5FDE4F888158
:108BD0009981C250D14001972817390708F478C00D
:108BE0002B8127FF24C0243F11F1253F01F1293FAC
:108BF000F1F02D3F99F0822F90E0203F10F4807F1C
:108C00009070803F910551F4CC5FDE4F198218823D
:108C10001A921A92C250D14019825EC02D3F39F08B
:108C2000822F90E0203F28F4807F907002C080E087
:108C300090E0C95FDE4F99838883C750D1408B8114
:108C40008F708F5FCA5FDE4F8883C650D1408C81A2
:108C5000C75FDE4F8883279788819981C250D140B2
:108C6000FE01E65FFE4F039719F48D81808301C0FA
:108C70001082CC5FDE4F198218821A921A92C85F56
:108C8000DE4F81E08883C350D14088819981C750ED
:108C9000D140803B9105B1F0813B910554F480397E
:108CA000910581F0803A910569F08038910569F469
:108CB00009C0803D910531F0803E910519F0803C5E
:108CC000910519F48B81898301C0198281E005C067
:108CD0002F5F3F4F3183208380E0DF91CF91089554
:108CE0000F931F93CF93DF938C01EB016D3F7105C1
:108CF00054F46A3F710564F4663F710549F0683FBA
:108D0000710559F405C0CB018E5F9040029728F49D
:108D10008FEC94E26C2F0E94D14CC63FD10511F428
:108D2000F8011082DF91CF911F910F910895CF929A
:108D3000DF92FF920F931F936C01F62E0FEC14E25B
:108D4000C80163EF0E94D14C8FE7F822C8016F2D54
:108D50000E94D14CF60110821F910F91FF90DF907D
:108D6000CF900895CF92DF92EF92FF920F931F93CF
:108D70006C018B015FECE52E54E2F52EC70162EF2A
:108D80000E94D14C602F6F77C7010E94D14C000F19
:108D9000012F001F110B11950F77C701602F0E9443
:108DA000D14CF60110821F910F91FF90EF90DF9050
:108DB000CF900895DF92EF92FF920F931F938C0153
:108DC000D62E6FECE62E64E2F62EC70161EF0E940C
:108DD000D14CC7016D2D0E94D14CF80110821F911A
:108DE0000F91FF90EF90DF90089570E067707070C2
:108DF000E4E0660F771FEA95E1F74F70462B642F8A
:108E00000E94DA460895CF92DF92EF92FF920F937D
:108E10001F93CF93DF936C017B018A01222319F00A
:108E2000C0E0D0E023C08FEC94E260EF0E94D14C10
:108E3000C0E0D0E009C0F801EC0FFD1F8FEC94E218
:108E400060810E94D14C2196CE15DF05A4F38FECF2
:108E500094E267EF0E94D14C0CC0F801EC0FFD1FAB
:108E60008FEC94E260810E94D14C2196CE15DF05F3
:108E7000A4F3F6011082DF91CF911F910F91FF9023
:108E8000EF90DF90CF900895FF920F931F93CF93B1
:108E9000DF93FC01EB01142FF22E0150003118F486
:108EA0006038710514F410822BC0613E7105FCF42A
:108EB000602F6F706C2B8081861729F060838FEC98
:108EC00094E20E94D14C1F778FEC94E2612F0E94B4
:108ED000D14CC03CD105A1F0C03DD10589F08FE750
:108EE000F8228FEC94E26F2D0E94D14C09C0663FAE
:108EF000710534F06F3F710509F014F40E9470465B
:108F0000DF91CF911F910F91FF9008950F93DC0196
:108F1000A15DBD4F8C91AF52B240882309F4A2C02D
:108F2000A05DBD4F2D913C911197A053B2402115EA
:108F3000310509F497C0A95FBE4F6D917C911197DF
:108F4000A750B140CB01805890408136910558F52B
:108F5000AA5FBE4F0C91A650B14012969C911297F9
:108F6000091719F080E0992309F481E022303105D6
:108F700041F02330310549F02130310509F072C04C
:108F800007C0882309F46EC003C0882309F06AC0B3
:108F9000FD01E65FFE4FCD01A75FBE4F4C912081E2
:108FA0000E9444475FC0663F710531F1673F71051C
:108FB000A4F4613F710509F44BC0623F71052CF4C4
:108FC000603F710509F04EC01BC0623F710569F139
:108FD000633F710509F046C021C06D3F71053CF447
:108FE0006A3F71054CF4683F7105E1F505C0CB019E
:108FF0008E5F90400297B0F5CD010E94704632C05E
:10900000A75FBE4F6C91A950B140CD0170E0A55F44
:10901000BE4FAD0121E00E94034724C0CD01A75FF0
:10902000BE4F6C910E9497461DC0A65FBE4F6C91CB
:1090300070E07695762F6627779567958E91A95083
:10904000B14090E0682B792BCD010E94B2460AC056
:10905000FD01E65FFE4FCD01A75FBE4F6C914081E1
:109060000E94F5460F9108951F93CF93DF93EC0173
:10907000162F6131D8F40E9467448823B9F0C95F84
:10908000DE4F88819981C750D140009779F0805890
:1090900090408136910578F49A81CA5FDE4F8881CD
:1090A000C650D140891739F0992329F080E0DF912B
:1090B000CF911F910895CE01612F0E948647CE0166
:1090C0000E943C4381E0F3CFFC0162810E9434485E
:1090D00008950F93362F542F022F60EB70E0432F2B
:1090E000252F0E9444470F9108950F93362F542F38
:1090F000022F60E870E0432F252F0E9444470F9114
:1091000008950F93362F542F022F60E970E0432FFC
:10911000252F0E9444470F910895FF920F931F93AC
:109120008C01F62E8FEC94E242E15AE760E070E0A9
:109130000E94DF4BF8011082F28211820C5F1E4FF9
:10914000F80111821082129212928F01085F1E4F55
:10915000F801108203501140F8011182108212921E
:109160008F010D5F1F4FF80111928F0110820A5D70
:109170001E4F81E090E0F8019183808381E082932B
:109180001F910F91FF9008951F920F920FB60F92AB
:1091900011242F933F938F939F93AF93BF9380910D
:1091A0009B2390919C23A0919D23B0919E2330916D
:1091B0009F230196A11DB11D232F2D5F2D3720F078
:1091C0002D570196A11DB11D20939F2380939B23B2
:1091D00090939C23A0939D23B0939E2380919723EB
:1091E00090919823A0919923B0919A230196A11D63
:1091F000B11D8093972390939823A0939923B093C4
:109200009A23BF91AF919F918F913F912F910F9092
:109210000FBE0F901F9018958FB7F89420919B2345
:1092200030919C2340919D2350919E238FBFB90183
:10923000CA0108959B01AC017FB7F89480919723F0
:1092400090919823A0919923B0919A2366B5A89BF9
:1092500005C06F3F19F00196A11DB11D7FBFBA2F48
:10926000A92F982F8827860F911DA11DB11D62E09F
:10927000880F991FAA1FBB1F6A95D1F7BC012DC08B
:10928000FFB7F8948091972390919823A091992308
:10929000B0919A23E6B5A89B05C0EF3F19F001965F
:1092A000A11DB11DFFBFBA2FA92F982F88278E0FA0
:1092B000911DA11DB11DE2E0880F991FAA1FBB1FC0
:1092C000EA95D1F7861B970B885E9340C8F2215030
:1092D00030404040504068517C4F211531054105D8
:1092E000510571F60895019739F0880F991F880F7D
:1092F000991F02970197F1F70895789484B58260D9
:1093000084BD84B5816084BD85B5826085BD85B529
:10931000816085BDEEE6F0E0808181608083E1E8D8
:10932000F0E0108280818260808380818160808310
:10933000E0E8F0E0808181608083E1EBF0E0808113
:1093400084608083E0EBF0E0808181608083E1E9EC
:10935000F0E0808182608083808181608083E0E9A9
:10936000F0E0808181608083EAE7F0E080818460C2
:10937000808380818260808380818160808380811E
:10938000806880831092C1000895982F883108F07A
:1093900098519770809179038295880F880F807C0F
:1093A000892B80937C0080917A00806480937A007E
:1093B00080917A0086FDFCCF209178004091790061
:1093C000942F80E030E0282B392BC9010895482FD5
:1093D00050E0CA01885B9D4FFC012491485D5D4FC0
:1093E000FA0184918823C1F0E82FF0E0EE0FFF1F0F
:1093F000E65FFD4FA591B491662341F49FB7F894C1
:109400008C91209582238C939FBF08959FB7F894E9
:109410008C91822B8C939FBF08958430C9F0853046
:1094200038F48230F1F0833078F4813099F516C049
:109430008730F9F0883018F4863061F516C088302E
:10944000F1F0893039F521C0809180008F7703C019
:10945000809180008F7D80938000089584B58F7700
:1094600002C084B58F7D84BD08958091B0008F7750
:1094700003C08091B0008F7D8093B00008958091EB
:1094800090008F77809390000895809190008F7D59
:10949000809390000895FF920F931F93F62E482F0C
:1094A00050E0CA0188599D4FFC012491CA01885B94
:1094B0009D4FFC011491485D5D4FFA01049100231A
:1094C000C9F0222319F0822F0E940D4AE02FF0E00C
:1094D000EE0FFF1FEC5EFD4FA591B4919FB7F8947E
:1094E000FF2021F48C911095812302C08C91812B57
:1094F0008C939FBF1F910F91FF9008950F931F931F
:10950000482F50E0CA0188599D4FFC012491CA019F
:10951000885B9D4FFC010491485D5D4FFA011491F9
:10952000112319F420E030E015C0222319F0822F16
:109530000E940D4A812F90E0880F991F825E9D4FF7
:10954000FC01A591B4918C9120E030E0802311F0D2
:1095500021E030E0C9011F910F91089508951F92F5
:109560000F920FB60F920BB60F9211242F933F93C9
:109570004F938F939F93EF93FF934091C600209159
:10958000E0233091E1232F5F3F4F2F7330708091A4
:10959000E2239091E3232817390759F0E091E02363
:1095A000F091E123E056FC4D40833093E12320937A
:1095B000E023FF91EF919F918F914F913F912F91D8
:1095C0000F900BBE0F900FBE0F901F90189508952F
:1095D0001F920F920FB60F920BB60F9211242F937A
:1095E0003F934F938F939F93EF93FF934091CE00C0
:1095F00020916824309169242F5F3F4F2F73307082
:1096000080916A2490916B242817390759F0E091D2
:109610006824F0916924E85DFB4D40833093692410
:1096200020936824FF91EF919F918F914F913F91EB
:109630002F910F900BBE0F900FBE0F901F9018959B
:10964000E091BC24F091BD24E05CFF4F81919191A9
:1096500020813181821B930B8F739070892B11F0C5
:109660000E94AE4AE091DB24F091DC24E05CFF4FE5
:109670008191919120813181821B930B8F73907026
:10968000892B11F00E94E74A08951F920F920FB69E
:109690000F920BB60F9211242F933F934F935F932A
:1096A0006F937F938F939F93AF93BF93EF93FF93AA
:1096B00020912424309125248091262490912724E0
:1096C0002817390731F48091C1008F7D8093C10044
:1096D00016C0E0912624F0912724EC51FC4D4081E6
:1096E0008091262490912724019660E470E00E94E6
:1096F000B54F90932724809326244093C600FF9172
:10970000EF91BF91AF919F918F917F916F915F91F9
:109710004F913F912F910F900BBE0F900FBE0F9066
:109720001F9018951F920F920FB60F920BB60F92C3
:1097300011242F933F934F935F936F937F938F9356
:109740009F93AF93BF93EF93FF932091AC243091FD
:10975000AD248091AE249091AF242817390731F4BD
:109760008091C9008F7D8093C90016C0E091AE241E
:10977000F091AF24E459FB4D40818091AE2490914B
:10978000AF24019660E470E00E94B54F9093AF243F
:109790008093AE244093CE00FF91EF91BF91AF91A3
:1097A0009F918F917F916F915F914F913F912F91F9
:1097B0000F900BBE0F900FBE0F901F901895AF9299
:1097C000BF92DF92EF92FF920F931F93CF93DF939D
:1097D000EC017A018B01DD24403081EE580780E0F6
:1097E000680780E0780711F0DD24D39491E0A92E7A
:1097F000B12CEC89FD89DD2069F0C5010E8C02C019
:10980000880F991F0A94E2F7808360E079E08DE386
:1098100090E005C0108260E874E88EE190E0A80155
:1098200097010E94C84F215030404040504056950B
:1098300047953795279580E12030380720F0DD20C7
:1098400011F0DD24D6CFE889F9893083EA89FB89D4
:109850002083EE89FF89408121E030E0C9010A8C34
:1098600002C0880F991F0A94E2F7482B4083EE89C3
:10987000FF894081C9010B8C02C0880F991F0A948F
:10988000E2F7482B4083EE89FF894081C9010C8CA7
:1098900002C0880F991F0A94E2F7482B4083EE8993
:1098A000FF8980810D8C02C0220F331F0A94E2F7DA
:1098B000209528232083DF91CF911F910F91FF9056
:1098C000EF90DF90BF90AF900895DC011C96ED9172
:1098D000FC911D97E05CFF4F219131918081918136
:1098E000281B390B2F733070C9010895DC011C96B9
:1098F000ED91FC911D97E05CFF4F20813181E05498
:10990000F040DF01AE5BBF4F8D919C9111972817FE
:10991000390719F42FEF3FEF07C08D919C91E80FA5
:10992000F91F8081282F30E0C9010895DC011C96C1
:10993000ED91FC911D97E05CFF4F20813181E05457
:10994000F040DF01AE5BBF4F8D919C9111972817BE
:10995000390719F42FEF3FEF10C08D919C911197AB
:10996000E80FF91F20818D919C91119701968F73BB
:10997000907011969C938E9330E0C9010895FC017C
:1099800086859785DC01A05CBF4FFC01EE5BFF4F35
:109990002D913C9111978081918128173907C1F74A
:1099A0000895CF93DF93EC01462FEE85FF85E05CB1
:1099B000FF4F80819181E054F040019660E470E0B7
:1099C0000E94B54F9C01DF01AE5BBF4F8D919C9112
:1099D000119728173907D1F3E05CFF4F80819181FF
:1099E000E054F040E80FF91F4083EE85FF85E05C0E
:1099F000FF4F31832083EE89FF89208181E090E051
:109A00000D8C02C0880F991F0A94E2F7282B20833F
:109A100081E090E0DF91CF9108951F931092B324DD
:109A20001092B22428EE33E040E050E02093B424BA
:109A30003093B5244093B6245093B72462EF73E07B
:109A40007093B1246093B02480EA93E29093BD2494
:109A50008093BC2484EE93E29093BF248093BE2431
:109A600085EC90E09093C1248093C02484EC90E036
:109A70009093C3248093C22480EC90E09093C524FB
:109A80008093C42481EC90E09093C7248093C624F3
:109A900086EC90E09093C9248093C82414E010933E
:109AA000CA24B3E0B093CB24A7E0A093CC24F5E084
:109AB000F093CD24E1E0E093CE241092D2241092D2
:109AC000D1242093D3243093D4244093D52450938D
:109AD000D6247093D0246093CF2488E294E29093AC
:109AE000DC248093DB248CE694E29093DE24809344
:109AF000DD248DEC90E09093E0248093DF248CECC7
:109B000090E09093E2248093E12488EC90E090939D
:109B1000E4248093E32489EC90E09093E6248093FE
:109B2000E5248EEC90E09093E8248093E724109352
:109B3000E924B093EA24A093EB24F093EC24E0937F
:109B4000ED241F910895CF93DF930E947D490E94D9
:109B50006F3BC0E2DBE40E9487352097E1F30E946F
:109B6000204BF9CF0895CF92DF92EF92FF920F939F
:109B70001F93CF93DF937C016B018A01C0E0D0E09B
:109B80000FC0D6016D916D01D701ED91FC9101904F
:109B9000F081E02DC7010995C80FD91F0150104071
:109BA0000115110571F7CE01DF91CF911F910F9132
:109BB000FF90EF90DF90CF900895DC01ED91FC9144
:109BC0000190F081E02D09950895CF93DF93DB019B
:109BD0000D900020E9F71197A61BB70BEC01E88167
:109BE000F9810280F381E02DAD010995DF91CF91DC
:109BF00008954F925F927F928F929F92AF92BF9201
:109C0000CF92DF92EF92FF920F931F93DF93CF9348
:109C1000CDB7DEB7A1970FB6F894DEBF0FBECDBFAC
:109C20002C01742ECB01223008F42AE019A231E273
:109C3000C32ED12CCC0EDD1E822E9924AA24BB2447
:109C4000672D752FA50194010E94C84F79018A01E3
:109C5000C801B701A50194010E94764F472D461B0C
:109C60000894C108D1084A3014F4405D01C0495C31
:109C7000F6014083E114F1040105110521F07E2C69
:109C80005F2DC801DDCFC201B6010E94E54DA1964E
:109C90000FB6F894DEBF0FBECDBFCF91DF911F91FD
:109CA0000F91FF90EF90DF90CF90BF90AF909F907B
:109CB0008F907F905F904F900895DC0121153105C2
:109CC00041F4ED91FC910190F081E02D642F099514
:109CD00008950E94F94D0895EF92FF920F931F93FC
:109CE0009A017B0100E010E0B801A7010E945D4EDF
:109CF0001F910F91FF90EF900895EF92FF920F93B5
:109D00001F939A01E62EFF2400E010E0B801A7019E
:109D10000E945D4E1F910F91FF90EF900895CF929A
:109D2000DF92EF92FF920F931F93CF93DF93EC019B
:109D30006A017B012115310541F4E881F981019027
:109D4000F081E02D642F09951FC02A303105D1F430
:109D500077FF17C0E881F9810190F081E02D6DE275
:109D600009958C0144275527BA014C195D096E09E4
:109D70007F09CE012AE00E94F94D9801280F391F72
:109D800004C02AE00E94F94D9C01C901DF91CF91E6
:109D90001F910F91FF90EF90DF90CF900895EF9279
:109DA000FF920F931F937B019A010027F7FC009508
:109DB000102FB801A7010E948F4E1F910F91FF90A5
:109DC000EF9008950E94E54D08952F923F924F9293
:109DD0005F926F927F928F929F92AF92BF92CF923B
:109DE000DF92EF92FF920F931F93DF93CF93CDB744
:109DF000DEB73B014C0119012A016D897E898F89EB
:109E0000988D6A197B098C099D09621A730A840A64
:109E1000950AA40193010E94764FE218F308040901
:109E20001509A80197010E94EA4F2A0D3B1D4C1D00
:109E30005D1DB901CA01CF91DF911F910F91FF9074
:109E4000EF90DF90CF90BF90AF909F908F907F90DA
:109E50006F905F904F903F902F900895EF92FF92F8
:109E60000F931F937B018C0161157105810591058D
:109E700029F420E030E040E050E00BC00E94C9012E
:109E8000A80197010E94EA4FAC01CB01DA019C01C5
:109E9000AD01B901CA011F910F91FF90EF90089594
:109EA000EF92FF920F931F937B018C016217730750
:109EB0008407950764F4261B370B480B590BCA011E
:109EC000B9010E942E4FE60EF71E081F191FB70199
:109ED000C8011F910F91FF90EF900895009729F00E
:109EE000BC0180E090E00E94CE010895629FD00105
:109EF000739FF001829FE00DF11D649FE00DF11D45
:109F0000929FF00D839FF00D749FF00D659FF00DF3
:109F10009927729FB00DE11DF91F639FB00DE11DE0
:109F2000F91FBD01CF0111240895991B79E004C0E8
:109F3000991F961708F0961B881F7A95C9F7809588
:109F40000895AA1BBB1B51E107C0AA1FBB1FA61780
:109F5000B70710F0A61BB70B881F991F5A95A9F7D2
:109F600080959095BC01CD01089597FB092E072699
:109F70000AD077FD04D0E5DF06D000201AF47095F2
:109F800061957F4F0895F6F7909581959F4F0895BD
:109F9000A1E21A2EAA1BBB1BFD010DC0AA1FBB1FED
:109FA000EE1FFF1FA217B307E407F50720F0A21B5F
:109FB000B30BE40BF50B661F771F881F991F1A94CC
:109FC00069F760957095809590959B01AC01BD01F6
:109FD000CF01089597FB092E05260ED057FD04D01A
:109FE000D7DF0AD0001C38F4509540953095219564
:109FF0003F4F4F4F5F4F0895F6F7909580957095BE
:10A0000061957F4F8F4F9F4F0895EE0FFF1F059073
:10A01000F491E02D09942F923F924F925F926F92AC
:10A020007F928F929F92AF92BF92CF92DF92EF92E8
:10A03000FF920F931F93CF93DF93CDB7DEB7CA1B69
:10A04000DB0B0FB6F894DEBF0FBECDBF09942A8894
:10A05000398848885F846E847D848C849B84AA843C
:10A06000B984C884DF80EE80FD800C811B81AA81C9
:10A07000B981CE0FD11D0FB6F894DEBF0FBECDBF94
:10A08000ED01089512E0C0E9D2E004C0FE010E9493
:0EA0900007502296C239D107C9F7F894FFCFC6
:10A09E005B5341564544215D002020202020202086
:10A0AE002020202020202020200041646A75737417
:10A0BE0020544D3220756E74696C005450312069F5
:10A0CE0073202B3133562E2E2E0020454570726F85
:10A0DE006D206973206265696E6720002020696EAD
:10A0EE00697469616C697A696E6720200020557306
:10A0FE00657220496E74657266616365200020206A
:10A10E002054657374206D6F6465202020200054E8
:10A11E006F74616C204163632076616C75652000FD
:10A12E002D002B0073796E2062706D206D545820B7
:10A13E006D52582000704368206E632E206E632E81
:10A14E00206E632E20007878780020205061747481
:10A15E0065726E20506C6179202000202053687546
:10A16E0066666C652076616C756520006964782082
:10A17E006E6F74206C656E206F6374200070747245
:10A18E00206C656E2073636C20696E732000706F97
:10A19E007320707472206C656E206E756D200020B9
:10A1AE002020547261636B20506C61792020200056
:10A1BE00706F733A007074726E3A00566F69636511
:10A1CE00732054657374204D6F6465002020202029
:10A1DE002020202020202020202020202000596F09
:10A1EE0063746F2076322E30303362657461006294
:10A1FE007920652D6C69636B74726F6E69632000D4
:10A20E0050004C004E0049004F00530042004D00DC
:10A21E0001000000000102030405060708090A0BED
:10A22E00000000000101000000000000000000001E
:10A23E000000000000FFFFFFFF0000000000000014
:10A24E000000000000000000000000000000000000
:10A25E0000000000000000010300000000000000EC
:10A26E00FFFF0000FEFF0000FDFF0000FCFF0000EE
:10A27E00FBFF0000FAFF180C2010505050505050A9
:10A28E0050505050505050505050282828282828B0
:10A29E0028283C3C3C1428282828030307030501E2
:10A2AE0006020400010004080C70027002720274AF
:10A2BE000276027402720278027A027C027E027EBA
:10A2CE000270027402740274026400000000000046
:10A2DE000000000000000000001010111204081011
:10A2EE000000001714171517000000101810100C9E
:10A2FE000000000E0A0E0A0E0000001B091B0A1BAE
:10A30E000001010101010F1F0E01000706050C0BD4
:10A31E000A090D0E0F0800060301020405070201CB
:10A32E0004030506070005060700090A0B0C0D0EAF
:10A33E000F080102030400FF0100010000FFFF00EF
:10A34E0000010001FF0000000000D93CB34D1C3D90
:10A35E00923C933CB24D004010500040145400000B
:10A36E000000D93CB34D1C3DAC3EE23DF93D000032
:10A37E0000008E3F5D3F163F1F3F343F453F0000BC
:0EA38E000000D14CB34D654C964C764CBF4C44
:00000001FF
