:020000040800F2
:10000000106100207902000841210008511B0008FE
:100010003D210008B50700087F5B000800000000D4
:100020000000000000000000000000004332000853
:10003000AB170008000000000D2200084D33000837
:10004000930200089302000893020008930200083C
:10005000930200089302000893020008930200082C
:10006000930200089302000893020008930200081C
:10007000930200089302000893020008930200080C
:1000800093020008930200089302000893020008FC
:1000900093020008930200089302000893020008EC
:1000A000B933000893020008930200089302000885
:1000B00093020008930200089302000893020008CC
:1000C00093020008930200089302000893020008BC
:1000D00093020008930200089302000893020008AC
:1000E000930200089302000893020008930200089C
:1000F00093020008D9330008930200088D14000809
:10010000930200089302000893020008930200087B
:10011000930200089302000893020008930200086B
:10012000930200089302000893020008930200085B
:10013000930200089302000893020008930200084B
:10014000930200089302000893020008FD210008B2
:10015000930200089302000893020008930200082B
:10016000930200089302000893020008930200081B
:10017000930200089302000893020008930200080B
:10018000930200089302000800F002F800F065F8FE
:100190000AA090E8000C82448344AAF10107DA45E2
:1001A00001D100F05AF8AFF2090EBAE80F0013F0CF
:1001B000010F18BFFB1A43F00103184784D2000057
:1001C000A4D2000010F8013B0A4413F0030408BF56
:1001D00010F8014B1D1108BF10F8015B641E05D01B
:1001E00010F8016B641E01F8016BF9D1002D15D0D8
:1001F00010F8014B03F00C030C2BA1EB04040ABF15
:1002000010F8013BA4EB8314A4EB032405F10103D4
:1002100014F8016B5B1E01F8016BF9D5914238BFF0
:1002200010F8013BD1D3704700230024002500269D
:10023000103A28BF78C1FBD8520728BF30C148BF49
:100240000B607047642900F07F80002070471FB565
:1002500007F089F91FBD10B510BD00F005FA114671
:10026000FFF7F5FF06F07CFE00F023FA03B4FFF77A
:10027000F2FF03BC00F02AFA09488047094800470A
:10028000FEE7FEE7FEE7FEE7FEE7FEE7FEE7FEE746
:10029000FEE7FEE704480549054A064B70470000A3
:1002A0005133000889010008105B00201061002014
:1002B000105D0020105D00200FB41CB5074B06AA8E
:1002C0007B4469460090059800F03BF900206946A0
:1002D00000F04AF91CBC5DF814FB0000A502000008
:1002E0002DE9F0410E460446002020622046E168D8
:1002F000884730B3252805D0D4E901219047206AEA
:10030000401CF2E7E168204600278847050018D026
:10031000A5F14100192802D820354FF40067324674
:10032000294620462760FFF78DFF40B1012804D001
:10033000F61D26F007060836D8E7361DD6E728460C
:10034000DAE7206ABDE8F0812DE9F0410646002495
:1003500010687529314616A510D0AFF3008000282B
:1003600002DA404213A507E031688A0701D512A5D9
:1003700002E0490704D511A5012401E0AFF3008094
:1003800000210A2206F1240709E0B0FBF2FCB0FBD1
:10039000F2F302FB1C00303078541846491C002848
:1003A000F3D123462A463046BDE8F04100F06AB852
:1003B000000000002D0000002B00000020000000C5
:1003C00030B505460B462A4613F8014B12F8010BCF
:1003D00008B1A042F8D01CB1002802D06D1CF1E792
:1003E000284630BD032A40F2308010F0030C00F0A4
:1003F000158011F8013BBCF1020F624498BF11F85F
:1004000001CB00F8013B38BF11F8013BA2F1040217
:1004100098BF00F801CB38BF00F8013B11F003038F
:1004200000F0A780083AC0F0088051F8043B083A71
:1004300051F804CBA0E80810F5E7121D5CBF51F895
:10044000043B40F8043BAFF30080D20724BF11F80F
:10045000013B11F801CB48BF11F8012B24BF00F874
:10046000013B00F801CB48BF00F8012B704702F0B8
:10047000FF0343EA032242EA024200F0AEB87047AB
:10048000704770472DE9F0470D469946924604465D
:1004900000F124080168880604D5E06921F0100104
:1004A000216000E00120A84201DD471B00E0002799
:1004B000A1697A1902EB0900081AA0612078C00628
:1004C00002D42046AFF30080002608E0D4E90121E1
:1004D0001AF806009047206A401C761C20624E45A0
:1004E000F4DB2078C0060AD52046AFF3008006E092
:1004F000D4E9012130209047206A401C2062381E38
:10050000A7F10107F4DC07E0D4E9012118F80500A0
:100510009047206A401C2062281EA5F10105F3DCEB
:100520002046AFF300802078000602D50220BDE807
:10053000F0870120FBE7000001694A1C026108788E
:10054000704700B58FB0CDE9013100210591054913
:100550007944CDE9031011466846FFF7C1FE0FB09C
:1005600000BD0000E5FFFFFF0A6802F8010B0A600A
:10057000704710B5203AC0F00B80B1E81850203A0F
:10058000A0E81850B1E81850A0E81850BFF4F5AF33
:100590005FEA027C24BFB1E81850A0E8185044BFBD
:1005A00018C918C0BDE810405FEA827C24BF51F82A
:1005B000043B40F8043B08BF7047D20728BF31F81E
:1005C000023B48BF11F8012B28BF20F8023B48BF6F
:1005D00000F8012B70474FF000020429C0F0128090
:1005E00010F0030C00F01B80CCF1040CBCF1020FE6
:1005F00018BF00F8012BA8BF20F8022BA1EB0C01BB
:1006000000F00DB85FEAC17C24BF00F8012B00F8B0
:10061000012B48BF00F8012B70474FF0000200B5D6
:10062000134694469646203922BFA0E80C50A0E815
:100630000C50B1F12001BFF4F7AF090728BFA0E8C3
:100640000C5048BF0CC05DF804EB890028BF40F88F
:10065000042B08BF704748BF20F8022B11F0804FD1
:1006600018BF00F8012B7047754600F02BF8AE4616
:1006700005006946534620F00700854618B020B5AE
:10068000FFF708FEBDE820404FF000064FF00007DE
:100690004FF000084FF0000B21F00701AC46ACE82A
:1006A000C009ACE8C009ACE8C009ACE8C0098D4697
:1006B000704710B50446AFF300802046BDE81040F7
:1006C000FFF7D4BD00487047B05A002001491820F8
:1006D000ABBEFEE7260002007047000030B50346BF
:1006E0000C4600210BE00C48456818782038C00003
:1006F00015F810000844C1B2481CC1B25B1C187840
:100700000028F0D1481EC1B2551A05EBD57004EB94
:100710006000C0B230BD00008C1D002070B50546E1
:100720000C4607480560204600F00EF800BF04485C
:1007300000680028FBD10021024802F078FE70BD5D
:100740001C000020002000403EB50446002118484F
:1007500002F06DFE00220121154802F04EFF022C2E
:1007600002D10B20019004E0012C02D142F6DF609F
:1007700001900520ADF800000020ADF80800ADF8AC
:10078000020069460A4802F041FF0121084802F0D0
:100790004BFE0121064802F03BFE012211460448AF
:1007A00002F02BFF0121024802F041FE3EBD000095
:1007B0000020004000BFFEE72DE9F04186B0012196
:1007C000042001F08FFD01A801F0A6F94FF411609B
:1007D000019001208DF8080000208DF80A008DF8A6
:1007E0000B0003208DF8090001A9404801F01CF915
:1007F00001A801F091F94FF40050019000208DF80C
:10080000080001A9394801F00FF90021384802F029
:100810000EFE0121080401F0B5FD03A802F038FF27
:1008200040F24730ADF80C0040F2E7300490002071
:10083000ADF80E0003A92E4802F0E8FE0122114691
:100840002B4802F0DAFE18212A4B1B68C3F3022062
:10085000042400250346C3F1070CBCF1040F01D9A1
:10086000A44601E0C3F1070C674603F1040CBCF198
:10087000070F02D24FF0000C01E0A3F1030C664613
:100880004FF0010C0CFA07FCACF1010C0CEA040C63
:100890000CFA06FC4FF0010808FA06F8A8F1010866
:1008A00008EA05084CEA080200BF002908DA100728
:1008B000040E10480C3001F00F031B1FC45403E05A
:1008C0001007030E0C48435400BF1820012181403B
:1008D0004209920002F1E022C2F8001100BF01219A
:1008E000034802F0A4FD06B0BDE8F0810008024014
:1008F000004001400CED00E000E400E010B500F025
:1009000021F80D4908800846007800F0400060B9E1
:100910000A480089401C09490881084600890228C4
:1009200008D101200649087004E00020034908812D
:100930000349087010BD0000A000002010460020F0
:10094000A200002070B500244FF480711A4801F015
:10095000DFF84FF40061184801F0DAF8022002F0E5
:10096000EDFC4FF40061144801F0D4F8022002F0CD
:10097000E5FC002518E04FF6FF7000EA4404102162
:100980000D4801F0C5F84FF400510B4801F0B7F8DD
:10099000012801D144F001041021074801F0BAF800
:1009A000022002F0CBFC6D1C0D2DE4DB102102486F
:1009B00001F0AEF8204670BD000802407FB500216E
:1009C0004C4805F042FC4C480088C0F308004B49F5
:1009D0000860494800680968401A494908600020D1
:1009E000484908600221282000F0E0FE0221302062
:1009F00000F0DCFE0221382000F0D8FE0221402069
:100A000000F0D4FE0221482000F0D0FE0221502048
:100A100000F0CCFE00243DE0002014237F222121A1
:100A2000009002F061FF6420604335490968B0FB23
:100A3000F1F6324634A101A8FFF73EFC7F220021E7
:100A400001A8FFF74BFE06460120314B01AA2121E8
:100A50000090304603F0DEF92E4B4FF400722E4921
:100A6000244805F007FE2D490870002507E02A4AB2
:100A700051592B4A2244501900F00AFF2D1DB5F59B
:100A8000007FF4D31F48006800F500701D4908601E
:100A900004F500741A4800688442BDD31D4B174802
:100AA0001D490268134805F0E5FD1C4908700AE07D
:100AB00012480068401C11490860FF210F48006877
:100AC000401E154A11540D48007800F0030000281C
:100AD000EED1002409E0104A11590A4A1268104B5D
:100AE0001A44101900F0D4FE241D04480068844202
:100AF000F1D37FBDC41D00200000002008000020AD
:100B0000040000200C0000202564252500000000C2
:100B10008C1D002014000020EC2D0020110000206E
:100B20000000020870B506460C4604F080008028DC
:100B300008D104F07F0000EB800106F58E7000EB19
:100B4000C10507E004F07F0000EB800106F55D7051
:100B500000EBC10504F07F00287004F08000C0099C
:100B600068702946304604F0C9FC002070BD70B59D
:100B700006460C4604F08000802808D104F07F006F
:100B800000EB800106F58E7000EBC10505E004EB7B
:100B9000840106F55D7000EBC1050020A87004F02B
:100BA0007F002870C4F3C01068702946304604F0F6
:100BB0007DFC002070BD70B505460C4604F0800039
:100BC000802805D104F07F01284604F091FE02E060
:100BD000284604F067FE002070BD2DE9F04106466E
:100BE0000D4690461F4605F08000802808D105F08C
:100BF0007F0000EB800106F58E7000EBC10407E07A
:100C000005F07F0000EB800106F55D7000EBC1048C
:100C100005F07F00207005F08000C0096070C4F806
:100C20000880E770607808B12078E080022F01D159
:100C3000002020712146304604F0ECFB0020BDE886
:100C4000F0812DE9F04105460E461746984606F01C
:100C50007F0000EB800105F55D7000EBC104E760EB
:100C6000C4F814800020A061607006F07F0020703E
:100C7000E878012800D12761207820B9214628464C
:100C800004F0ECFA03E02146284604F098FC00202A
:100C9000BDE8F08108B500220092009A61F30A12C3
:100CA000009202691268009B1A4303691A6008BD2A
:100CB00070B506460C4604F08000802808D104F088
:100CC0007F0000EB800106F58E7000EBC10505E0AA
:100CD00004EB840106F55D7000EBC1050120A870EE
:100CE00004F07F002870C4F3C010687029463046B5
:100CF00004F033FC002070BD2DE9F04107460D469D
:100D00001646984605F07F0000EB800107F58E70CF
:100D100000EBC1040120607005F07F002070E660E8
:100D200026610020A061C4F81480207820B92146F3
:100D3000384604F093FA03E02146384604F03FFCBD
:100D40000020BDE8F0811CB50446204604F051FAAD
:100D5000E068C0680090204604F0F4FD03280BD141
:100D60000020A0704FF40070A080009820F4705014
:100D700000F51050009009E00120A0704020A080F4
:100D8000009820F4705000F5A05000900098E168A1
:100D9000C86000200190019820F4005000F5005038
:100DA00001900198E168486101201CBDF8B5054635
:100DB000002400200090284604F003FE064690E040
:100DC00006F0010000287DD0E1B2284600F002FBC9
:100DD0000090009800F0010030B3012000FA04F701
:100DE0002869406BB8432969486300200090009847
:100DF00020F00100401C009005F1180050F824007C
:100E000000998160E1B239480068426828469047FD
:100E1000E878012808D13CB940F21110405D04285F
:100E200002D1284604F0C5FA0098C0F3C00060B1B2
:100E300000200090009820F008000830009005F194
:100E4000180050F82400009981600098C0F3001049
:100E500060B100200090009820F010001030009049
:100E600005F1180050F82400009981600098C0F343
:100E7000801060B100200090009820F040004030C9
:100E8000009005F1180050F8240000998160009846
:100E9000C0F3400060B100200090009820F00200F4
:100EA000801C009005F1180050F824000099816022
:100EB0000098C0F3C01028B12146284600F09EFAE1
:100EC000002000E00BE00090009820F080008030CF
:100ED000009005F1180050F8240000998160641C0E
:100EE0007608002E7FF46CAF0120F8BDD4000020FE
:100EF0007CB50446002500200190204604F069FDE1
:100F000006466FE006F00100002869D0E9B22046ED
:100F100004F067FD0190019800F00100C8B30020C3
:100F20000190019820F00100401C019004F1540050
:100F300050F8250001998160E078012817D104F16B
:100F4000540050F825000069009005EB850104F578
:100F50005D7000EBC10080680099C1F31201411A75
:100F600005EB850204F55D7000EBC2008161E9B21A
:100F70001E480068026820469047E078012808D1A2
:100F80003DB940F21110005D052802D1204604F061
:100F900010FA0198C0F3400060B100200190019860
:100FA00020F00200801C019004F1540050F825004C
:100FB000019981600198C0F3C00088B10B480068B6
:100FC00081682046884700200190019820F00800A1
:100FD0000830019004F1540050F825000199816017
:100FE0006D1C7608002E8DD101207CBDD400002020
:100FF0003EB50446A07A70B1D4F80C010090009878
:1010000020F002000090009820F00100009000996C
:10101000D4F80C01016000200190019820F001003B
:10102000401C01902069406801998843216948600B
:10103000084800688169204688470020029002988D
:1010400020F0004000F1004002900298E168486101
:1010500001203EBDD40000207CB504460020019054
:10106000019820F0100010300190E068806901992B
:101070008843E1688861E068006A0090009800F0A9
:101080000F0000EB800104F55D7000EBC1050098D6
:10109000C0F3434007282DD2DFE800F02C04051DE3
:1010A0001E2C1F0027E00098C0F30A1090B1009892
:1010B000C0F30A122046E96804F09DFCE868009934
:1010C000C1F30A110844E860A8690099C1F30A1144
:1010D0000844A8610FE00EE00DE0082204F2CC51B4
:1010E000204604F088FCA8690099C1F30A1108445D
:1010F000A86100E000BF00BFE06880690199084373
:10110000E168886101207CBD38B504460848006864
:10111000C1682046884700200090009820F0080011
:10112000083000900098E1684861012038BD000057
:10113000D40000201FB50446002000904FF48970B1
:10114000005D009023480068416920468847206977
:101150008068019000200390039820F4006000F55F
:10116000006003900398E1684861A07A70B3019829
:1011700000F0010050B340F21510005D012825D1A8
:101180009DF80000032821D100200290029820F051
:101190000100401C0290D4F80C0100680299084339
:1011A000D4F80C110860029820F00200801C029014
:1011B000D4F80C01006802990843D4F80C110860B7
:1011C0000548006840F0060003490860012004B0AB
:1011D00010BD0000D400002010ED00E030B587B055
:1011E0000446002002900690059004900390019020
:1011F000029820F00100401C02902069406802998A
:101200008843216948600021204604F071FB0025D5
:101210000BE0FF2104F1180050F82500816004F173
:10122000540050F8250081606D1C6078A842F0D809
:101230004FF0FF312069816106986FF30F00401C69
:101240000690069880B200F58030069006992069D5
:10125000C161059820F0080008300590059820F03D
:101260000100401C0590059820F00200801C0590AC
:10127000059920694161049820F00100401C049008
:10128000049820F0080008300490049820F0020030
:10129000801C049004992069016120690068039012
:1012A000039820F4FE6003900399206901602046B2
:1012B00004F07FF800200190019820F4805000F5A0
:1012C000805001900198E168486104480068016914
:1012D00020468847012007B030BD0000D400002020
:1012E0002DE9F04106460F463946304604F098FB9A
:1012F00001214FF4897081550021801C8155002502
:1013000011E005EB850106F58E7000EBC1040120AC
:1013100060702570E5800020E0704020A060002013
:10132000E06060616D1C7078A842EAD8002510E08A
:1013300005EB850106F55D7000EBC10400206070CF
:101340002570E580E0704020A0600020E0606061D2
:101350006D1C7078A842EBD8304603F039FF304658
:1013600003F066FD0021304604F0C2FB304603F076
:10137000F2FD304604F085FABDE8F08138B5044648
:101380000020009007480068C169204688470098FF
:1013900020F4801000F5801000900098E16848610A
:1013A000012038BDD400002038B50446002000904C
:1013B00007480068016A20468847009820F400101A
:1013C00000F5001000900098E1684861012038BDE8
:1013D000D400002030B5024615692B6915696C6B85
:1013E00024FA01F505F0010543EAC51302F11805D9
:1013F00055F82150AD6805EA030030BD2DE9F843EA
:1014000007460E4600250020009006EB860107F5F2
:101410008E7000EBC104D4E90501451AA068A8420A
:1014200000D2A568E81C4FEA900807F1180050F8B0
:101430002600806900901BE0D4E90501451AA068E8
:10144000A84200D2A568E81C4FEA9008ABB2F2B2FD
:101450003846E16804F073FBE0682844E060A06966
:101460002844A06107F1180050F826008069009018
:10147000009880B2404506D9D4E90510884202D2CE
:1014800060690028D8D10120BDE8F88310B50D4966
:101490000D4800F0FBF8A0B10A490B4800F01AF81B
:1014A00000BF0A490A4800F055FB0028F9D0012185
:1014B000074800F0B9FB0021034800F025F802F0CE
:1014C000D1FC10BD00800028B860024084000700F5
:1014D000005800400246094B9A4201D2084801E0F8
:1014E0000648103801F000531BB1064B0B40C36097
:1014F00002E0044B0B408360704700001064024020
:10150000006002407D0F7D0F21B1026842F00102B0
:10151000026003E0026822F00102026070470000EE
:10152000016821F0010101600021016041608160DA
:10153000C1600161212141614A49884204D13D21B4
:10154000484A103A91608CE046491831884205D1EA
:101550004FF47461434A103A916082E0414930315E
:10156000884205D14FF474113E4A103A916078E0F8
:101570003C494831884205D14FF07461394A103AEC
:1015800091606EE037496031884204D13649354A6E
:10159000103AD16065E033497831884204D133494B
:1015A000304A103AD1605CE02E499031884204D133
:1015B0002F492C4A103AD16053E02A49A831884279
:1015C00005D14FF03D51274A103AD16049E02949F1
:1015D000884204D13D21274A083A116041E025495B
:1015E0001831884205D14FF47461224A083A1160DB
:1015F00037E020493031884205D14FF474111D4A3B
:10160000083A11602DE01B494831884205D14FF05E
:101610007461184A083A116023E016496031884223
:1016200004D11149134A121F11601AE0114978318F
:10163000884204D10D490F4A121F116011E00D4973
:101640009031884204D10A490A4A121F116008E009
:101650000849A831884204D14FF03D51054A121F74
:1016600011607047106002403D000020400F0020D4
:1016700000003D2010640240014600200A6802F08C
:1016800001020AB1012000E00020704770B5024657
:10169000002000240025124EB24201D2114B01E07D
:1016A0000F4B103B104E0E4036B11E2606EAD124D9
:1016B000166806EA040502E0566906F0800501F0A6
:1016C00000560EB15C6800E01C68084E344004EA25
:1016D000010616B10DB1012000E0002070BD000030
:1016E00010640240006002403C0F3C0F7D0F7D0FF4
:1016F00010B501F080034BB122B1436943F0800380
:10170000436103E0436923F08003436180290BD0E8
:101710002AB1036801F01E042343036004E0036858
:1017200001F01E04A343036010BD000010B50022A9
:101730000268134B1A40CC680B6823434C6923435F
:101740008C692343CC6923430C6A23434C6A2343AB
:101750008C6A23434C6B23438C6B23431A430260F4
:10176000426922F00702D1E90B3423431A43426154
:101770000B6943604B6883608B68C36010BD0000D9
:101780003F801CF041607047002101604160816032
:10179000C160016141618161C16101624162816237
:1017A000C1620163416381637047704770B504464D
:1017B0000A460026082502B909E0012A01D11602CD
:1017C00005E0022A01D1160201E04FF4407600F054
:1017D00099F80546082D28D11548006820F4407076
:1017E00013490860084600683043086008460068EE
:1017F00020F0F80008600846006844F00201084341
:101800000B4908600846006840F48030086000F02A
:1018100079F805460648006820F00200044908608F
:101820000846006820F0F8000860284670BD0000F7
:10183000103C024008201049096801F48031B1F5DC
:10184000803F01D1012015E00B49096801F010012A
:1018500009B105200EE00849096801F0EF0109B15E
:10186000062007E00449096801F0020109B10720D8
:1018700000E00820704700000C3C0240034800686C
:1018800040F000400149086070470000103C0240F1
:1018900030B502460C46082500F034F80546082D00
:1018A00019D10E48006820F440700C4908600846C1
:1018B000006840F4007008600846006840F00100CD
:1018C0000860146000F01EF805460448006820F027
:1018D000010002490860284630BD0000103C02406B
:1018E0000548006800F0004028B1044802490C395E
:1018F0000860034808607047103C024023016745B8
:10190000AB89EFCD08B508200090FFF793FF00905A
:1019100002E0FFF78FFF00909DF800000128F8D04B
:101920009DF8000008BD000010B50446354884420B
:1019300008D10121084600F0E5FC0021012000F05B
:10194000E1FC5EE03048844208D10121022000F031
:10195000D9FC0021022000F0D5FC52E02B48844243
:1019600008D10121042000F0CDFC0021042000F06A
:10197000C9FC46E02648844208D10121082000F035
:10198000C1FC0021082000F0BDFC3AE0214884425F
:1019900008D10121102000F0B5FC0021102000F03A
:1019A000B1FC2EE01C48844208D10121202000F027
:1019B000A9FC0021202000F0A5FC22E01748844269
:1019C00008D10121402000F09DFC0021402000F0C2
:1019D00099FC16E01248844208D10121802000F0D1
:1019E00091FC0021802000F08DFC0AE00D4884422B
:1019F00007D10121801500F085FC0021A01500F021
:101A000081FC10BD000002400004024000080240BA
:101A1000000C024000100240001402400018024076
:101A2000001C024000200240F0B50A4600210023BD
:101A3000002400BF3DE0012505FA01F3156805EA21
:101A400003049C4234D105684F000326BE40B543D1
:101A5000056015794E00B540066835430560157977
:101A6000012D02D01579022D16D185684F0003266D
:101A7000BE40B543856055794E00B5408668354314
:101A80008560456801268E40B54345604568967976
:101A90008E40B6B235434560C5684F000326BE4050
:101AA000B543C560D5794E00B540C6683543C560BD
:101AB000491C1029BFD3F0BDF0B5002300244D0709
:101AC000ED0E02FA05F3CE1000F1200555F8265070
:101AD0004E07F70E0F26BE40B543CF1000F120068B
:101AE00046F82750CE1000F1200555F8265045EA5B
:101AF0000304CE1000F1200545F82640F0BD024653
:101B0000002013690B400BB1012000E0002070475A
:101B100041837047018370474FF6FF7101600021D8
:101B2000017141718171C1717047000070B5064843
:101B300044682546054908600146086880F308881E
:101B400000BFA84770BD00000000020808ED00E0DB
:101B500000BFFEE770B502460024002500230020E8
:101B6000958A138B1B0445EA030626F07F4404EA9A
:101B700001068E4201D1012000E0002070BD21B19C
:101B8000028842F00102028004E002884FF6FE73F0
:101B90001A400280704721B1828842F4006282803C
:101BA00004E082884FF2FF731A4082807047000081
:101BB00010B504461348844209D10121480500F0BC
:101BC000D1FB00214FF4001000F0CCFB18E00E48D0
:101BD000844209D10121880500F0C4FB00214FF4A3
:101BE000800000F0BFFB0BE00848844208D10121CF
:101BF000C80500F0B7FB00214FF4000000F0B2FB75
:101C000010BD00000054004000580040005C00403F
:101C100021B1028842F48072028004E002884FF60B
:101C2000FF631A400280704721B1028842F40072BB
:101C3000028004E002884FF6FF531A40028070478A
:101C40000CB50246002000230193009300920B0F75
:101C5000019321F07F41019B1BB1009B1433009342
:101C600003E0090C009B18330093009B1B680B409A
:101C70000BB1012000E000200CBD00002DE9FF4762
:101C800004460D460026B1460427DFF8CC80A6881E
:101C90004FF6C0700640684600F094FBDDF80880FF
:101CA0002E48B8FBF0F01FFA80F946EA0906A68034
:101CB00020884FF6FE7108402080002628492868B9
:101CC00088420CD828684000B8FBF0F087B2042F97
:101CD00000DA04273E4309F10100208427E0E88868
:101CE0004BF6FF71884206D1286800EB4000B8FB34
:101CF000F0F087B209E0286800EBC00101EB0010AA
:101D0000B8FBF0F087B247F48047C7F30B0008B97F
:101D100047F0010747F4004006434FF4967009FB73
:101D200000F04FF47A7190FBF1F0401C2084A68300
:101D3000208840F00100208026884FF6F5300640CC
:101D4000A8886989084306432680A8892989084309
:101D50002081BDE8FF87000000127A0040420F009A
:101D6000A086010012B141F0010101E001F0FE0185
:101D7000018270470182704741F288310160002181
:101D800081804BF6FF71C1800021018141814FF4B8
:101D9000804181817047000010B590B02748FFF75F
:101DA000BFFB00BF2548FFF767FC0028FAD101A858
:101DB000FFF7EAFC4FF06060019021480290214853
:101DC000039000200A900B904020049040F20140C4
:101DD0000590002006904FF4806007900020089046
:101DE00009900C900D900E900F9001A91348FFF7E9
:101DF0009DFC012210211148FFF77AFC2F200321BE
:101E0000002807DA0A07140E0F4A00F00F031B1F01
:101E1000D45403E00A07130E0C4A135400BF2F20BA
:101E200000F01F02012191404209920002F1E022DC
:101E3000C2F8001100BF10B010BD0000B860024031
:101E400010580040AC56002018ED00E000E400E01F
:101E500010B504460D48007B48B90C48806830B185
:101E60000B48007818B901212046FEF721FF812197
:101E70002046FEF71DFF06480078022805D11F23E3
:101E8000024A01212046FEF7DCFE10BD5C56002010
:101E9000E900002010B504462B4840682B494860F3
:101EA0002948806888600121204602F0FEF91F2839
:101EB00010D125480068264988420BD12248407B32
:101EC000012807DC2048807B012803DB1E48807B3B
:101ED00010280CDD1C49487B2022052100F0E0FD84
:101EE00002201C4908702046FFF7B2FF2AE016487E
:101EF000417B00F10F02204600F04AFB002803DA84
:101F00002046FFF7A5FF1DE013480078022819D0EE
:101F100011480078012815D00F480078032811D007
:101F20000E480088002806DD0C4802880C4920462F
:101F300000F0E0F806E00948008818B900212046C2
:101F400000F0B8F810BD00005C5600207C56002060
:101F500055534243E9000020E8000020E60000203D
:101F60005C46002070B505460C460C4800780228F7
:101F700007D181212846FEF79BFE00200749087003
:101F80000BE004F08000802807D104480078012885
:101F900003D00121284600F08DF870BDE900002033
:101FA00070B504460D4610480078022804D0032876
:101FB00011D0042814D10DE00C48417B00F10F0230
:101FC000204600F0E5FA002803DA0121204600F05F
:101FD00071F806E000BF0021204600F06BF800E039
:101FE00000BF00BF70BD0000E80000205C5600206C
:101FF00070B504460D460D48007810B1012812D185
:1020000003E02046FFF746FF0EE00948417B00F160
:102010000F02204600F0BCFA002803DA0121204616
:1020200000F048F800E000BF00BF70BDE8000020ED
:102030005C5600200021014A11707047E800002022
:1020400010B5044600200C4908700C4908700C4873
:10205000006801680020884701212046FEF7ABFD9B
:1020600081212046FEF7A7FD1F23064A01212046B5
:10207000FEF7E7FD10BD0000E8000020E9000020A9
:102080007C0000205C56002010B504460020064964
:1020900008700120054908701F23054A01212046C8
:1020A000FEF7CFFD10BD0000E8000020E900002091
:1020B0005C56002070B505460C460A480A4908607F
:1020C000084604730020094908700D23064A81213F
:1020D0002846FEF711FE1F23054A01212846FEF778
:1020E000B0FD70BD555342537C560020E8000020DF
:1020F0005C56002070B506460D4614460C488068B4
:10210000A04202D20A48806800E0204684B2094812
:102110008068001B07498860002008730420064976
:10212000087023462A4681213046FEF7E5FD70BD42
:102130005C5600207C560020E800002000BFFEE72F
:102140007047000000F01F0201219140024A43093C
:1021500042F823107047000080E100E070B50021D4
:1021600000230F22C4781CB3174C246804F4E064E5
:10217000C4F5E064C4F30721C1F10404E3B20A41E9
:1021800044789C40E1B28478144021430C07210E2E
:102190000E4C05786155047804F01F050124AC400D
:1021A00005786D11AD0005F1E025C5F8004109E0A5
:1021B000047804F01F050124AC40054D0678761123
:1021C00045F8264070BD00000CED00E000E400E0A2
:1021D00080E100E002490143024A116070470000BB
:1021E0000000FA050CED00E0024A0A400243024BEF
:1021F0001A60704780FFFF1F08ED00E010B502482D
:1022000002F0B8F910BD00001C400020704700002B
:1022100010B52C4801F080FF2F20FFF793FF00221C
:1022200010212948FFF764FA10212748FFF752F9D7
:1022300000212548FFF768F92348FFF771F90021CD
:102240002248FFF7A8FC01F075FD00211F48FFF7A9
:1022500096FC1E48FFF7ACFC00214FF4001000F084
:1022600041F800214FF4800000F03CF84FF4007179
:102270001748FFF74FFC00214FF4805000F082F820
:10228000144800F029FD1248FFF74EFB1248FFF7F3
:102290004BFB1248FFF748FB0021114801F0C7F83B
:1022A000002201210E4801F0A8F91820FFF74AFF8B
:1022B00001210B4801F0B8F8094801F0C5F8FFF713
:1022C000DDFA10BD1C400020B860024000580040FC
:1022D00000040240003001400008024000000240BB
:1022E0000040014029B1064A12680243044B1A60BB
:1022F00004E0034A12688243014B1A6070470000F1
:102300003038024029B1064A12680243044B1A6071
:1023100004E0034A12688243014B1A6070470000D0
:102320001038024029B1064A12680243044B1A6071
:1023300004E0034A12688243014B1A6070470000B0
:102340003438024029B1064A12680243044B1A602D
:1023500004E0034A12688243014B1A607047000090
:102360004038024029B1064A12680243044B1A6001
:1023700004E0034A12688243014B1A607047000070
:102380002038024029B1064A12680243044B1A6001
:1023900004E0034A12688243014B1A607047000050
:1023A0004438024029B1064A12680243044B1A60BD
:1023B00004E0034A12688243014B1A607047000030
:1023C00024380240F0B50021002200240225002616
:1023D0000223324F3F6807F00C0121B1042905D0D8
:1023E000082937D105E02E4F076036E02D4F0760F2
:1023F00033E02A4F3F1F3F68C7F38056274F3F1FE8
:102400003F6807F03F036EB1264FB7FBF3F7DFF8E5
:102410008CC0ACF1040CDCF800C0CCF3881C07FBCA
:102420000CF40CE01E4FB7FBF3F7DFF870C0ACF113
:10243000040CDCF800C0CCF3881C07FB0CF4174F2D
:102440003F1F3F68C7F301477F1C7D00B4FBF5F7D2
:10245000076002E0124F076000BF00BF0F4F3F68E8
:1024600007F0F0010909104F7A5C0768D740476010
:102470000A4F3F6807F4E051890A0B4F7A5C4768BE
:10248000D7408760054F3F6807F46041490B064F0E
:102490007A5C4768D740C760F0BD0000083802404A
:1024A0000024F40000127A005401002070B50646A2
:1024B0000C461546601907490968884207D9212248
:1024C0000521304600F0ECFA4FF0FF3070BD0020DF
:1024D000FCE700004401002030B504460A4650786D
:1024E00000F0010010B10E4B07210CE00D48006810
:1024F000C06904EBC40500EB85031879411D107910
:10250000884200DC11790848018004E0481E81B24D
:10251000585C064D68540029F8D1002030BD0000F9
:10252000947500087C000020E60000205C46002036
:1025300010B502460B4608210648018005E0481EFA
:1025400081B20548405C054C60540029F7D1002059
:1025500010BD0000E6000020A37500085C460020C6
:1025600010B502460B4608210648018005E0481ECA
:1025700081B20548405C054C60540029F7D1002029
:1025800010BD0000E60000209B7500085C4600209E
:1025900070B505460E461446384805602078232855
:1025A0004AD00DDC1A283DD005DCB0B1032819D083
:1025B00012285AD11BE01B281ED01E2855D120E01E
:1025C0002A2848D004DC25283BD028284DD13DE0DE
:1025D0002F2845D05A2848D129E02146304600F01E
:1025E00085FA70BD2146304600F00EFAF9E7214623
:1025F0003046FFF771FFF4E72146304600F06EFAEF
:10260000EFE7207900F0030020B92146304600F0C2
:1026100065FAE6E720220521304600F041FA4FF046
:10262000FF30DEE721463046FFF79AFFD9E7214623
:102630003046FFF77DFFD4E72146304600F0A0F991
:10264000CFE72146304600F055F9CAE7214630462B
:1026500000F0D8F8C5E72146304600F097FAC0E709
:102660002146304600F06AFABBE7202205213046B9
:1026700000F016FA4FF0FF30B3E7000050010020E1
:102680002DE9F041054624480068B0F5805F02D28C
:102690002148006801E04FF4805004461F4800685C
:1026A000B4FBF0F086B21E4800681C490968B0FB14
:1026B000F1F71C48006833463A461B49D0F810C071
:1026C0002846E047002808DA11220421284600F0B5
:1026D000E7F94FF0FF30BDE8F0812346124A81212F
:1026E00012480068FEF708FB0D48006820440C49BA
:1026F000086009480068001B074908600C488068AA
:10270000001B0B4988600448006810B90320094980
:1027100008700020DFE700004C010020400100208D
:10272000480100207C0000205C4600205001002071
:102730007C560020E80000202DE9F04105462A489B
:102740000068B0F5805F02D22748006801E04FF4CE
:102750008050044625480068B4FBF0F086B2244857
:10276000006822490968B0FBF1F722480068334647
:102770003A462149D0F814C02846E047002808DA34
:1027800003220421284600F08BF94FF0FF30BDE80A
:10279000F081174800682044154908601248006815
:1027A000001B1149086015488068001B13498860A8
:1027B0000D48006828B9002111480068FFF77AFC2D
:1027C00010E009480068B0F5805F02D20648006852
:1027D00001E04FF4805083B2074A012108480068A5
:1027E000FEF72FFA0020D2E74C0100204001002024
:1027F000480100207C0000205C4600207C56002020
:102800005001002070B505460C463348007800287A
:102810005AD13248007B00F08000802808D02F4930
:10282000487B2022052100F03BF94FF0FF3070BDBE
:102830002B48006881682846884738B13A2202212F
:10284000284600F02DF94FF0FF30F0E7A0780006A1
:10285000E17840EA0140217940EA012061790843AA
:1028600020490860207AE17940EA01201E49086089
:102870000846008882B21B4801682846FFF716FE0A
:10288000002802DA4FF0FF30D1E702201249087029
:1028900014480068154909684843124908601248FD
:1028A00000681249096848430F4908600B4880686E
:1028B0000968884208D00949487B2022052100F098
:1028C000EFF84FF0FF30B2E74FF48050084908802E
:1028D0002846FFF7D5FEAAE7E80000205C56002056
:1028E0007C000020480100204C0100204001002015
:1028F000E600002070B504460D461C4800681C4ADE
:102900001C4943682046984738B13A2202212046A4
:1029100000F0C6F84FF0FF3070BD16480068401E4A
:10292000000E1549087013480068401E000C4870DE
:1029300010480088401E000A88700E480078401E2B
:10294000C8700B480068000E087109480068000C48
:10295000487107480088000A887105480078C871E6
:102960000820064908800020D6E700007C000020EF
:1029700040010020440100205C460020E6000020C9
:102980007CB505460E46002404E000201B4908558E
:10299000601C84B20C2CF8DB1948006801AA694657
:1029A00043682846984738B13A220221284600F069
:1029B00077F84FF0FF307CBD08201049C8700098B0
:1029C000401E000E08710098401E000C48710098CF
:1029D000401E000A88710098401EC87102200872CB
:1029E0000198000C48720198000A88720198C87218
:1029F0000C20044908800020DDE700005C46002030
:102A00007C000020E600002010B50346002204E010
:102A100000201E4CA054501CC2B2122AF8DB7020B9
:102A20001A4C20700C20E07119480078194C247859
:102A3000A04221D01848164C247810F83400134CCA
:102A4000A0701548124C247800EBC40040790F4C5C
:102A5000207311480E4C247800EBC40000790B4C15
:102A600060730B480078401C094C207020460078A9
:102A7000042801D1002020701220084C2080087901
:102A8000122801DC08792080002010BD5C4600205F
:102A90003C0100203D0100208C560020E600002073
:102AA00030B50C4B0C4C247803F834101302094C4D
:102AB000094D2D7804EBC5046360074B1B785B1C44
:102AC000054C237023461B78042B01D1002323706F
:102AD00030BD00008C5600203D0100200246002041
:102AE000014B188070470000E600002070B50446D6
:102AF0000D460F48806840B10D49487B20220521D2
:102B0000FFF7CEFF4FF0FF3070BD0A4800688168C4
:102B10002046884738B13A2202212046FFF7C0FFFD
:102B20004FF0FF30F0E700200349088000BFEBE7DB
:102B30005C5600207C000020E600002070B50546B1
:102B40000C46607800F00200022807D124220521FB
:102B50002846FFF7A5FF4FF0FF3070BD08480088FA
:102B600082B2084801682846FFF7A0FC002802DA74
:102B70004FF0FF30F1E700200349088000BFECE789
:102B80004C01002048010020E600002070B50546F9
:102B90000C464348007800287BD14248007B00F077
:102BA0008000802808D13F49487B20220521FFF77B
:102BB00077FF4FF0FF3070BD3B48006881682846C2
:102BC000884738B13A2202212846FFF769FF4FF0C3
:102BD000FF30F0E734480068C1682846884738B1BC
:102BE000272202212846FFF75BFF4FF0FF30E2E784
:102BF000A0780006E17840EA0140217940EA01200E
:102C00006179084329490860207AE17940EA012086
:102C1000274908600846008882B22448016828468F
:102C2000FFF744FC002802DA4FF0FF30C3E71F48EB
:102C300000682049096848431C4908601C4800682E
:102C40001C49096848431A490860164880680968A1
:102C5000884208D01349487B20220521FFF720FF36
:102C60004FF0FF30A7E701200D49087010480068B9
:102C7000B0F5805F03D20E48006802E009E04FF42F
:102C8000805083B20C4A01210C480068FDF7D9FF3F
:102C900003E02846FFF750FD8DE700208BE700009A
:102CA000E80000205C5600207C0000204801002045
:102CB0004C010020400100205C4600205001002013
:102CC00021B1028842F04002028004E002884FF6FF
:102CD000BF731A400280704710B504461148844201
:102CE00008D101218014FFF75DFB0021A014FFF73C
:102CF00059FB16E00C48844208D101210014FFF76B
:102D000031FB00212014FFF72DFB0AE00748844225
:102D100007D10121C013FFF725FB0021E013FFF7C6
:102D200021FB10BD0030014000380040003C004055
:102D30000246002013890B400BB1012000E0002067
:102D400070470146888970478181704710B500221D
:102D5000028802F441520B884C8823438C88234319
:102D6000CC8823430C8923434C8923438C892343F8
:102D7000CC8923431A430280838B4FF2FF74234094
:102D800083830B8A038210BD4FF6FF62914204D009
:102D9000028842F48072028004E002884FF6FF63EA
:102DA0001A40028070470021018041808180C180EB
:102DB000018141818181C181072101827047000029
:102DC00070B505462C034FF400711148FEF7A0FEC4
:102DD000202000F061F8C4F3074000F05DF8C4F370
:102DE000072000F059F8E0B200F056F84FF40071F7
:102DF0000748FEF78FFE00BF80210648FFF798FFC7
:102E00000128F9D000BF00F007F80028FBD170BD01
:102E1000000402400030014010B500F003F800F05B
:102E2000010010BD10B500244FF400710B48FEF7EF
:102E30006FFE052000F030F800F014F8C4B24FF433
:102E400000710648FEF766FE00BF80210448FFF7C8
:102E50006FFF0128F9D0204610BD00000004024099
:102E60000030014010B500BF02210A48FFF760FFA3
:102E70000028F9D000210748FFF766FF00BF0121B5
:102E80000448FFF755FF0028F9D00248FFF759FF23
:102E900010BD00000030014010B5044600BF022103
:102EA0000948FFF745FF0028F9D021460648FFF7FB
:102EB0004BFF00BF01210448FFF73AFF0028F9D07B
:102EC0000148FFF73EFF10BD0030014010B54FF440
:102ED00000710C48FEF71CFE0420FFF7DDFF4FF4E5
:102EE00000710848FEF716FE00BF80210648FFF774
:102EF0001FFF0128F9D000BFFFF78EFF0028FBD18C
:102F000010BD0000000402400030014010B54FF435
:102F100000710C48FEF7FCFD0620FFF7BDFF4FF4E3
:102F200000710848FEF7F6FD00BF80210648FFF754
:102F3000FFFE0128F9D000BFFFF76EFF0028FBD18C
:102F400010BD0000000402400030014070B504468E
:102F50000D46FFF7DBFF4FF400711348FEF7D8FD75
:102F60000220FFF799FFC4F30740FFF795FFC4F372
:102F70000720FFF791FFE0B2FFF78EFF2846FFF72B
:102F80008BFF4FF400710848FEF7C4FD00BF80219D
:102F90000648FFF7CDFE0128F9D000BFFFF73CFF40
:102FA0000028FBD170BD0000000402400030014049
:102FB00010B50446FFF7AAFF4FF400710D48FEF765
:102FC000A7FD0120FFF768FF2046FFF765FF4FF4DC
:102FD00000710848FEF79EFD00BF80210648FFF7FC
:102FE000A7FE0128F9D000BFFFF716FF0028FBD18C
:102FF00010BD0000000402400030014000B587B061
:1030000001210220FFF76EF905A8FEF785FD3820A3
:10301000059002208DF8180000208DF81A0001207C
:103020008DF81B0002208DF8190005A93348FEF722
:10303000FBFC05A8FEF770FD4FF4407005900120E1
:103040008DF8180000208DF81A0001208DF81B0063
:1030500002208DF8190005A92848FEF7E5FC052295
:1030600003212648FEF728FD052204212348FEF708
:1030700023FD052211462148FEF71EFD4FF4007185
:103080001E48FEF747FD4FF480711C48FEF742FDD5
:1030900001210803FFF776F91948FFF71DFE68467E
:1030A000FFF781FE0020ADF800001020ADF80C0005
:1030B0004FF48270ADF802000020ADF80400022049
:1030C000ADF806000120ADF808000020ADF80E00B4
:1030D0004FF40070ADF80A0069460948FFF736FE64
:1030E00001210748FFF7ECFD4FF480710448FFF71A
:1030F0004BFE0020FFF75CFF07B000BD000402405C
:10310000003001402DE9F04104460E4617460025E7
:103110004FF400711548FEF7FBFC0320FFF7BCFEDF
:10312000C4F30740FFF7B8FEC4F30720FFF7B4FE6F
:10313000E0B2FFF7B1FE03E0FFF794FE70556D1C9F
:10314000BD42F9D34FF400710848FEF7E3FC00BF1D
:1031500080210748FFF7ECFD0128F9D000BFFFF7F9
:103160005BFE0028FBD1BDE8F081000000040240B6
:10317000003001402DE9F04105460E461746002477
:1031800008E006EB04312A1910034FF48052FFF7D0
:10319000B9FF641CBC42F4D3BDE8F0812DE9F041D5
:1031A00006460F469046FFF7B1FE002411E03019A5
:1031B000FFF706FE002508E005EB0432B95C321982
:1031C00005EB0230FFF7C2FE6D1CB5F5805FF3DB47
:1031D000641C4445EBD3FFF779FEBDE8F08103465C
:1031E000782008604FF48050106000207047002065
:1031F000704710B50446FEF773FB002010BD014672
:10320000002070470146002070472DE9F041074635
:103210000E4614461D46A01C2A463146FFF7AAFF5B
:103220000020BDE8F0812DE9F04107460E46144626
:103230001D46A01C2A463146FFF7B0FF0020BDE81E
:10324000F08170470CB50020019000903448006870
:1032500040F480303249086000BF3148006800F413
:10326000003000900198401C0190009818B9019816
:10327000B0F5A06FF1D12A48006800F4003010B119
:103280000120009001E0002000900098012846D124
:1032900023484030006840F08050214940310860A8
:1032A0002048006840F440401E4908601C4808302F
:1032B00000681B49083108600846006840F4004077
:1032C00008600846006840F4A05008601648091FCE
:1032D0000860081F006840F08070091F086000BF88
:1032E0000F48006800F000700028F9D040F2056037
:1032F0000E4908600A480830006820F003000849B9
:10330000083108600846006840F00200086000BF0D
:1033100003480830006800F00C000828F8D10CBD04
:10332000003802400070004008544007003C024052
:103330000148007870470000A200002001B500BFDE
:103340000098411E00910028FAD108BD7047000086
:1033500010B51548006840F4700013490860134820
:10336000006840F001001149086000200F49083151
:1033700008600E4800680E4908400C4908600D4876
:10338000091D0860081F006820F48020091F0860DC
:10339000002006490C310860FFF754FF4FF0006031
:1033A00001498039086010BD88ED00E00038024016
:1033B000FFFFF6FE1030002410B50121054800F093
:1033C0000BF928B10121034800F02EF8FDF796FA19
:1033D00010BD00000040014010B501210A4800F076
:1033E000FBF880B10121084800F01EF8074800688A
:1033F00028B106480068401E0449086003E0002127
:10340000014800F014F810BD002000401C0000200E
:1034100021B1028842F08002028004E002884FF667
:103420007F731A4002807047CA430282704721B1FD
:10343000028842F00102028004E002884FF6FE7327
:103440001A4002807047000010B504465548844277
:1034500008D101210846FEF7A5FF00210120FEF753
:10346000A1FF9DE0B4F1804F08D101210846FEF78D
:1034700079FF00210120FEF775FF91E04A48844260
:1034800008D101210220FEF76DFF00210220FEF786
:1034900069FF85E04548844208D101210420FEF7F8
:1034A00061FF00210420FEF75DFF79E0404884427F
:1034B00008D101210820FEF755FF00210820FEF762
:1034C00051FF6DE03B48844208D101211020FEF7F6
:1034D00049FF00211020FEF745FF61E03648844295
:1034E00008D101212020FEF73DFF00212020FEF71A
:1034F00039FF55E03148844208D101210220FEF70E
:1035000051FF00210220FEF74DFF49E02C48844284
:1035100009D101210804FEF745FF00214FF4803056
:10352000FEF740FF3CE02748844209D101214804CE
:10353000FEF738FF00214FF40030FEF733FF2FE095
:103540002148844209D101218804FEF72BFF002184
:103550004FF48020FEF726FF22E01C48844208D169
:1035600001214020FEF7FEFE00214020FEF7FAFE7A
:1035700016E01748844208D101218020FEF7F2FEB0
:1035800000218020FEF7EEFE0AE01248844207D1B7
:1035900001218015FEF7E6FE0021A015FEF7E2FEF0
:1035A00010BD000000000140000400400008004081
:1035B000000C0040001000400014004000040140D6
:1035C0000040014000440140004801400018004014
:1035D000001C00400020004030B5024600200023BF
:1035E0000024158A05EA0103958905EA010413B14F
:1035F0000CB1012000E0002030BD1AB183890B43DB
:10360000838102E083898B43838170470022028893
:10361000184B98420ED0184B98420BD0B0F1804F07
:1036200008D0164B984205D0154B984202D0154B46
:10363000984204D14FF68F731A404B881A43124BAD
:10364000984207D0114B984204D04FF6FF431A40DE
:103650000B891A4302804B68C3620B880385054BB4
:10366000984202D0044B984201D18B7A0386012301
:1036700083827047000001400004014000040040C4
:1036800000080040000C0040001000400014004002
:103690004FF0FF3141600021018001814180817242
:1036A0007047000010B586B0044601210220FEF7E5
:1036B00019FE4FF44060009001208DF806000220B2
:1036C0008DF8040069461848FEF7AEF904220A2175
:1036D0001548FEF7F1F904220B211348FEF7ECF927
:1036E00001218805FEF72EFE1048FEF761FA02A8B8
:1036F000FEF742FB02944FF48040ADF81400002026
:10370000ADF80C00ADF81000ADF812004BF6FF70EC
:10371000ADF80E0002A90548FEF7B0FA01210348F2
:10372000FEF72DFA06B010BD00040240005800401C
:103730002DE9F04104460D4616461F46208840F408
:103740008070208044F620602349086008E0224809
:103750000068401E2049086010B90120BDE8F081D2
:10376000A08A00F001000028F1D01FB1208840F4A9
:1037700080602080A6B925F00100208244F62060F8
:103780001549086007E014480068401E12490860A7
:1037900008B90120E2E7A08A00F002000028F2D078
:1037A000012E15D145F00100208244F620600A491F
:1037B000086007E008480068401E0749086008B92B
:1037C0000120CBE705492046FEF7C4F90028F1D0D7
:1037D000208B0020C2E70000AC1D00200200030087
:1037E000014644F620600D4A106007E00B4800686F
:1037F000401E0A4A106008B901207047888A00F00C
:1038000080000028F2D0888A00F004000028EDD063
:10381000088840F4007008800020EEE7AC1D00200E
:103820002DE9F04106460F4614461D4600231A4670
:1038300039463046FFF77CFF2146304600F009F854
:103840002946304600F005F83046FFF7C9FFBDE8CD
:10385000F08170B504460D4629462046FEF78AFAE7
:1038600070BD00002DE9F04104460D46174698460C
:10387000069E31461348FDF785FF00BF4FF4003127
:103880002046FEF7DDF90028F8D101212046FEF799
:10389000BFF900BF0C492046FEF75CF90028F9D0BB
:1038A000002229462046FEF75DFA00BF0749204660
:1038B000FEF750F90028F9D001210248FDF724FE57
:1038C000BDE8F081B86002400100030082000700FB
:1038D00010B504464FF48062214602480068FCF7A8
:1038E00081FD10BDB01D00202DE9F84305460C46B2
:1038F00017469846DDF82090802D01DA402C01DB38
:10390000BDE8F883E819802802DBC5F1800087B2A2
:1039100004EB0800402803DBC4F140001FFA80F8E4
:1039200000260CE0A01983B2E81982B2A01981B276
:103930002846CDF8009000F006F8701CC6B2464547
:10394000F0DD00BFDCE72DE9FF4F04460D461646CB
:103950001F46802C00DB7F24802E00DB7F26402D3D
:1039600000DB3F25402F00DB3F27B44201DA301B4C
:1039700000E0A01B0FFA80FBBD4201DA781B00E0DB
:10398000E81B0FFA80F9B44201DA012001E04FF0A0
:10399000FF300390BD4201DA012001E04FF0FF301B
:1039A0000290CB4501DD594601E0C9F1000108460E
:1039B00001EBD071491009B20191BBF1000F1ED18A
:1039C000AF4204DA0FFA87FA2F461FFA8AF5A642A9
:1039D00004DA0FFA86FA26461FFA8AF40FFA85F8F7
:1039E00009E01FFA88F120460D9A00F051F808F11D
:1039F00001000FFA80F8B845F3DDBDE8FF8FB9F19B
:103A0000000F1DD1AF4204DA0FFA87FA2F461FFAD2
:103A10008AF5A64204DA0FFA86FA26461FFA8AF4D5
:103A20000FFA84F809E01FFA88F029460D9A00F091
:103A30002FF808F101000FFA80F8B045F3DDDCE75C
:103A400022E0294620460D9A00F022F8B44202D125
:103A5000BD4200D119E001980090CBF1000100981F
:103A6000884207DD0198A0EB090000B2019003989D
:103A7000204484B20098484506DA0198584400B2C0
:103A800001900298284485B2DBE700BF00BFB4E78D
:103A9000F0B503461446802B01DA402900DBF0BD67
:103AA0002348007920B10CB9012000E00020044631
:103AB000012C1ED10846CD1701EB5575ED1003EB17
:103AC000C5151C4E3668755D0A46CE1701EB567655
:103AD000F610A1EBC6070126BE403543EEB2CD1766
:103AE00001EB5575ED1003EBC515124F3F687E5580
:103AF0001CE0CD1701EB5575ED1003EBC5150D4E10
:103B00003668755D0A46CE1701EB5676F610A1EBC6
:103B1000C6070126BE40B5430846CE1701EB5676D0
:103B2000F61003EBC616034F3F68BD5500BFB6E75E
:103B3000B41D0020B01D002010B504460CB90020B3
:103B400000E0FF2002464FF4806102480068FCF765
:103B50008EFC10BDB01D0020014A108051807047BE
:103B6000B41D002010B500216B48FDF7CDFC00BF4F
:103B70006948FDF781FD0028FAD100216748FDF76B
:103B8000FEFF00216548FEF706F86548FFF78AFD4D
:103B9000AE23002278216148FFF742FE00231A4637
:103BA00078215E48FFF73CFE1023002278215B4815
:103BB000FFF736FE4023002278215848FFF730FEF9
:103BC0008123002278215548FFF72AFECF230022C7
:103BD00078215248FFF724FEA023002278214F4885
:103BE000FFF71EFEA623002278214C48FFF718FE9F
:103BF000A823002278214948FFF712FE3F23002224
:103C000078214648FFF70CFED32300227821434851
:103C1000FFF706FE00231A4678214048FFF700FE12
:103C2000D523002278213D48FFF7FAFD80230022AA
:103C300078213A48FFF7F4FDD9230022782137484C
:103C4000FFF7EEFDF123002278213448FFF7E8FD6D
:103C5000DA23002278213148FFF7E2FD1223002207
:103C600078212E48FFF7DCFDDB23002278212B484A
:103C7000FFF7D6FD3023002278212848FFF7D0FD3A
:103C80008D23002278212548FFF7CAFD1423002246
:103C900078212248FFF7C4FD2023002278211F4805
:103CA000FFF7BEFD00231A4678211C48FFF7B8FD38
:103CB000AF23002278211948FFF7B2FDB02300227C
:103CC00078211648FFF7ACFD00231A4678211348E7
:103CD000FFF7A6FD1023002278211048FFF7A0FD72
:103CE0001048FFF72BFB1048FFF7DCFC01210B48C5
:103CF000FDF751FFFEF750F840200C4908700020F6
:103D0000FFF71AFF00F0AEF800200949088048804C
:103D10000120487110BD0000B8600240005800400A
:103D2000A0860100FFFF0F00801A0600AC5600209D
:103D3000B41D002010B5B023002278210748FFF7FA
:103D40006FFD00231A4678210448FFF769FD102310
:103D5000002278210148FFF763FD10BD00580040A4
:103D60002DE9F04707460C469046294800882178FF
:103D70000844802805DA26484088617808444028AD
:103D800002DB0020BDE8F087A7F12000C0006168D9
:103D900011F810A001252EE0A7F1200005EBC000CE
:103DA000616831F81090002622E029FA06F000F050
:103DB000010058B1164A5288324491B2144A12880E
:103DC0002A4490B24246FFF763FE10E0B8F1000FBC
:103DD00001D1012300E000231A460D4B5B883344D8
:103DE00099B20B4B1B882B4498B2FFF751FE761CFF
:103DF000082EDAD36D1C0AF101008542CCD30448A9
:103E0000008821780844024908803846BAE7000053
:103E1000B41D00202DE9F04106460F4614461D460C
:103E2000DDF8188018E039463046FFF795FE207817
:103E300042462946FFF794FF2178884202D0207835
:103E4000BDE8F08120782038C000696811F81000C2
:103E50003044401CC6B2641C20780028E3D120788E
:103E6000EEE7000008B540F20140044B4022782103
:103E700000900348FFF7F6FC08BD0000AC56002098
:103E80000058004070B504460D46D4F8E4052946B4
:103E9000426820469047002070BD70B504460D462C
:103EA0004FF48970005D022802D0032812D100E08F
:103EB00000BF688801280CD100214FF48C7001519B
:103EC000D4F8E4052946826820469047204600F051
:103ED0005EF804E02946204600F021F800BF00BF4C
:103EE00070BD2DE9F04106460C46154600272B46CD
:103EF000224600213046FCF7A4FE3846BDE8F0819A
:103F00002DE9F04106460C46154600272B46224671
:103F100000213046FCF7F0FE3846BDE8F08170B570
:103F200004460D4680212046FCF7C2FE00212046B3
:103F3000FCF7BEFE204601F03CFA70BD70B50446A9
:103F40000025052140F21110015500231A4619469B
:103F50002046FCF776FE204601F02BFA284670BD7D
:103F60002DE9F04104460E4615460027C4F83C51A1
:103F7000C4F83851022140F2111001552B46324647
:103F800000212046FCF7B8FE3846BDE8F08170B548
:103F900004460025042140F21110015500231A4661
:103FA00019462046FCF7A8FE204601F002FA2846F2
:103FB00070BD70B505460E46002E51D105F58E74C4
:103FC00040F21110405D02283DD1A168E0698842AD
:103FD00011D9A168E069401AE061E878012803D1AD
:103FE000D4E902100844E060A08B82B22846E16860
:103FF000FFF786FF27E0A168206AB0FBF1F201FB22
:10400000120078B9A168206A88420BD3D4E908016C
:10401000884207D2002211462846FFF771FF002090
:10402000606210E0D5F8E405C06848B14FF48970CB
:10403000405D032804D1D5F8E405C16828468847C7
:104040002846FFF77BFF4FF48B70405D012816D1A7
:10405000284600F04BFB00214FF48B7041550EE0D9
:10406000D5F8E405406950B14FF48970405D0328EC
:1040700005D1D5F8E405314642692846904700202D
:1040800070BD70B505460E46A6BB05F55D7440F2E1
:104090001110405D03283DD1A168E069884217D91D
:1040A000A168E069401AE061E878012803D1D4E909
:1040B00002100844E060A368E069984201D2E06918
:1040C00000E0A06882B22846E168FFF70AFF21E01D
:1040D000D5F8E405006948B14FF48970405D0328C4
:1040E00004D1D5F8E4050169284688472846FFF73A
:1040F0004EFF0FE0FFE7D5F8E405806950B14FF4BB
:104100008970405D032805D1D5F8E4053146826900
:1041100028469047002070BD0146002070470000EF
:1041200070B504460D46E888012804D0294620468B
:10413000FFF7F5FE1AE04FF48970005D022802D007
:1041400003280DD105E0012209492046FFF708FFA9
:104150000BE0012204F588712046FFF701FF04E01F
:1041600029462046FFF7DBFE00BF00BF70BD000000
:10417000DC000020F8B504460E46708800120828BE
:104180006CD2DFE800F06B0416226B6B6166A078DE
:10419000D4F8EC150A68694690470546F08840282F
:1041A00004D04FF48970005D012801D108200090EF
:1041B00059E0A078D4F8E4158A6A69469047054624
:1041C00002216970C4F8F0554DE0B078062834D269
:1041D000DFE800F0030B131B232BA078D4F8EC15B9
:1041E0004A686946904705462CE0A078D4F8EC155B
:1041F0008A6869469047054624E0A078D4F8EC1513
:10420000CA686946904705461CE0A078D4F8EC15CA
:104210000A6969469047054614E0A078D4F8EC1581
:104220004A696946904705460CE0A078D4F8EC1539
:104230008A6969469047054604E031462046FFF703
:104240006EFEF8BD00BF0EE031462046FFF767FE68
:10425000F7E731462046FFF762FEF2E73146204697
:10426000FFF75DFEEDE700BFBDF8000088B1F08804
:1042700078B1F088BDF80010884202DDBDF800007A
:1042800000E0F0880090BDF8002029462046FFF7A6
:1042900067FE00BFD5E70146002002E0421CD0B215
:1042A000491C0A78002AF9D17047024601EB8103C4
:1042B00002F55D7000EBC300008B80B27047000018
:1042C00070B504460D464FF48970005D022802D097
:1042D000032813D100E000BF01200C4908604FF40F
:1042E0008C70005920B10846006840F00200086058
:1042F000022206492046FFF733FE04E02946204605
:10430000FFF70DFE00BF00BF70BD0000E000002001
:104310002DE9F04104460D4617460026FCB1204623
:10432000FFF7B9FF022101EB400038803A783046B0
:10433000711CCEB22A5403223046711CCEB22A54CC
:104340000AE014F8012B3046711CCEB22A54002228
:104350003046711CCEB22A5420780028F1D1BDE835
:10436000F0812DE9F04104460F4615461E46DDF862
:104370001880204600F0FCFC002000F0B1FC204634
:10438000FFF7CAFEC4F8E465C4F8E885C4F8EC5544
:1043900039462046FCF7A4FFD4F8E81508688047A2
:1043A000204600F0D1FCBDE8F08110B50446D4F8F9
:1043B000E405016A20468847002010BD10B5044678
:1043C000D4F8E405416A20468847002010BD70B546
:1043D00004460D4629462046FDF7E2FD002070BD4B
:1043E00070B504460D4629462046FDF701FE002023
:1043F00070BD70B504460D4681212046FCF792FB46
:1044000001212046FCF78EFB2046FDF713FE00201D
:1044100070BD00000246202008800148704700005F
:104420001801002070B504460D4629462046FFF7C6
:10443000E0FF0223402281212046FCF7CEFB02232D
:10444000402201212046FCF7C8FB2046FDF7F8FD7D
:10445000002070BD70B505460C46207800F0600065
:10446000002849D020287BD16078FE2802D0FF2880
:104470003AD125E06088E0B9E088012819D1207898
:1044800000F08000802814D1374909688869804786
:104490003649087008460078002804DD01222846C5
:1044A000FFF75EFD0BE021462846FFF738FD0220AE
:1044B00070BD21462846FFF732FD0220F8E719E0DB
:1044C000608850B9E08840B9207800F080008028EA
:1044D00003D02846FDF7D8FD05E021462846FFF722
:1044E0001EFD0220E4E705E021462846FFF717FD00
:1044F0000220DDE700BF34E0607801280ED00A28F2
:1045000002D00B2829D105E0012219492846FFF7DE
:1045100027FD22E0A078164908701EE02179284680
:10452000FCF749FB21792846FCF7FCFA207900F0DA
:104530008000802806D12179022340222846FCF7FA
:104540004CFB05E02179022340222846FCF745FB7D
:1045500021792846FDF706FD00BF00BF01E0FFE717
:1045600000BF00BF0020A3E77C000020380100202E
:10457000390100207CB505460024284601F00EFADA
:10458000002865D0284601F014FA0190019808B976
:1045900000207CBD0198C0F3C04018B12846FCF74C
:1045A000A7FC04430198C0F3804018B12846FCF7EB
:1045B000FDFB04430198C0F3400050B1002000907F
:1045C000009820F00200801C00900098E968486183
:1045D00000BF0198C00F18B12846FCF709FD04433D
:1045E0000198C0F3C02018B12846FCF7A3FD04438E
:1045F0000198C0F3C00018B12846FCF785FD0443BC
:104600000198C0F3001018B12846FCF725FD0443BB
:104610000198C0F3003018B12846FCF7DFFD0443D1
:104620000198C0F3403018B12846FCF78CFB0443D6
:104630000198C0F3005018B12846FCF79FFE0443D0
:104640000198C0F3405018B12846FCF7ADFE044372
:1046500020469EE790F8CC250A7090F8CD254A7048
:1046600090F8CE3590F8CF2503EB02224A8090F8DF
:10467000D03590F8D12503EB02228A8090F8D2350C
:1046800090F8D32503EB0222CA80CB884FF4A072A6
:104690001350012340F211121354704710B5044611
:1046A0000023402219462046FCF797FA00234022B7
:1046B00080212046FCF791FA01214FF489700155C1
:1046C000A078D4F8E82551688847002010BD10B5BF
:1046D0000446D4F8E8150869804740F21310015DDC
:1046E000401E015503210155002010BD014603481D
:1046F000026808694260002070470000A4000020A2
:1047000010B50446D4F8E405C06920B1D4F8E40536
:10471000C16920468847002010BD70B504460D468B
:10472000A88818BBE88808BBA87800F07F064FF47B
:104730008970005D032804D129462046FFF7EFFB6E
:1047400018E04FF48A70065531462046FCF7A2FA6D
:104750002046FFF71CFC26B102214FF48970015559
:1047600008E001214FF48970015503E029462046F5
:10477000FFF7D5FB70BD70B504460D46D4F8E405CF
:104780002946026820469047D4F8E8158868804793
:10479000002070BD70B504460D46A87830490870F9
:1047A00008460078012804DD29462046FFF7B7FBBC
:1047B00055E04FF48970005D022802D0032848D1EB
:1047C00017E02748007880B12548007884F8100168
:1047D00003214FF489700155214801782046FFF7E5
:1047E000CAFF2046FFF7D3FB02E02046FFF7CFFBCE
:1047F00034E01B48007880B902214FF489700155DC
:104800001748007884F81001154801782046FFF712
:1048100039FB2046FFF7BBFB1AE094F81001104962
:104820000978884211D094F810112046FFF72AFB2E
:104830000B48007884F81001094801782046FFF7FA
:104840009AFF2046FFF7A3FB02E02046FFF79FFBFD
:1048500004E029462046FFF762FB00BF00BF70BDA1
:10486000E4000020F8B504460D46002668880128BB
:104870000DD101214FF48C700151D4F8E405294683
:104880008268204690472046FFF781FB39E0688820
:10489000022836D12879A0BB206940680090A888FA
:1048A0000612062E22D2DFE806F02103090F151B9F
:1048B000009820F070001030009017E0009820F071
:1048C00070002030009011E0009820F0700030302F
:1048D00000900BE0009820F070004030009005E060
:1048E000009820F070005030009000BF00BF0548D5
:1048F0000099016001214FF48B7001552046FFF7AC
:1049000046FBF8BDA40000201CB5044669462046BD
:10491000FFF7A0FE9DF8000000F01F0020B1012865
:1049200007D002280FD109E06946204600F016F8AA
:1049300011E06946204600F0F9F80CE0694620468F
:1049400000F046F807E09DF8000000F080012046E6
:10495000FCF7AEF900BF00BF00201CBD70B50546D6
:104960000C46002660780A2829D2DFE800F01923D7
:10497000281E280A0528140F21462846FFF7FAFBAF
:1049800022E021462846FFF7C8FE1DE021462846C2
:10499000FFF700FF18E021462846FFF7C1FB13E0B0
:1049A00021462846FFF78CFC0EE021462846FFF7FB
:1049B00059FF09E021462846FFF76FFA04E0214637
:1049C0002846FFF7ACFA00BF00BF304670BD0000BC
:1049D0002DE9F04105460E4600273479707800280D
:1049E00057D001282BD0032875D14FF48970405D32
:1049F000022802D003281BD107E02CB1802C03D061
:104A000021462846FCF754F917E0708830B92CB1DC
:104A1000802C03D021462846FCF74AF9D5F8E40556
:104A200031468268284690472846FFF7B0FA04E0EE
:104A300031462846FFF773FA00BF00BF70E04FF41D
:104A40008970405D022802D003281BD107E02CB1F9
:104A5000802C03D021462846FCF72AF917E07088FD
:104A600078B95CB1802C09D021462846FCF77FF844
:104A7000D5F8E40531468268284690472846FFF776
:104A800086FA04E031462846FFF749FA00BF00BF26
:104A900046E04FF48970405D022802D0032837D1E8
:104AA00007E02CB1802C03D021462846FCF700F902
:104AB00033E004F08000802812D104F07F0000EB86
:104AC000800105F58E7000EBC100807820B10120D7
:104AD0001549086016E022E000201349086011E043
:104AE00004F0800070B904EB840105F55D7000EB03
:104AF000C100807818B101200B49086002E0002055
:104B000009490860022208492846FFF729FA04E00B
:104B100031462846FFF703FA00BF00BF00E000BFA0
:104B200000BF3846BDE8F081D800002070B50446CB
:104B30000D4600264FF48970005D032814D12879B2
:104B400001280CDCD4F8E405294682682046904709
:104B5000E88840B93EB92046FFF719FA03E0294634
:104B60002046FFF7DCF904E029462046FFF7D7F995
:104B700000BF00BF304670BD10B504464FF48970C9
:104B8000015D401C01550421401E0155D4F8E81573
:104B9000C8688047002010BD70B505460C462DB989
:104BA0002246064906A0FFF7B3FB04E0224603496C
:104BB00003A0FFF7ADFB014870BD00001C460020BC
:104BC0004D534320436F6E6669670000704770471E
:104BD0000246122008800148704700003C00002077
:104BE00070477047704770477047000070B50546C2
:104BF0000C462DB92246064906A0FFF789FB04E0C2
:104C00002246034903A0FFF783FB014870BD000063
:104C10001C4600204D534320496E746572666163E3
:104C2000650000000246042008800148704700002B
:104C30005800002070B505460C462246024903A0E4
:104C4000FFF766FB004870BD1C460020426C6163A4
:104C50006B20636F72706F726174696F6E00000019
:104C600070B505460C462DB92246064906A0FFF749
:104C70004FFB04E02246034903A0FFF749FB01482C
:104C800070BD00001C460020444420626F6F746CAD
:104C90006F6164657200000070B505460C462DB961
:104CA0002246064906A0FFF733FB04E022460349EB
:104CB00007A0FFF72DFB014870BD00001C46002037
:104CC0003030303030303030303031410000000092
:104CD0003030303030303030303031420000000081
:104CE0001CB5044601210846FDF7FCFA4FF480602C
:104CF000009002208DF8050001208DF804000020AE
:104D00008DF806008DF8070069460548FCF78CFE13
:104D10000021084600F006F8C82000F07BF81CBD12
:104D20000000024070B505460C462CB94FF4806176
:104D30000448FCF7EDFE04E04FF480610148FCF705
:104D4000E9FE70BD0000024038B504464FF4C06073
:104D5000FDF740FA43208DF8000001208DF8010096
:104D60008DF802008DF803006846FDF7F7F938BDAD
:104D70001CB5044601210846FDF7B4FA4FF4D050A3
:104D8000009003208DF8050002208DF8040000201B
:104D90008DF806008DF8070069460E48FCF744FEC2
:104DA0000A2209210B48FCF787FE0A220B21094839
:104DB000FCF782FE0A220C210648FCF77DFE012149
:104DC0008803FDF7DFFA01218020FDF7ABFA00F040
:104DD00003F81CBD0000024008B500214FF0006040
:104DE000FDF702FA4FF4A060FDF7F4F92D208DF8DD
:104DF000000001208DF8010000208DF80200012044
:104E00008DF803006846FDF7A9F901210802FDF7B6
:104E100099FA08BD10B5044601212046FBF77EFC37
:104E200010BD10B5044602212046FBF777FC10BDEB
:104E30003EB5044600250020029001900090207AA3
:104E400001283DD1E068806B0190019820F480300A
:104E50000190607A28B1019820F4801000F580104C
:104E600001900198E168886300200290E068C068C2
:104E70000290029820F040000290029820F48000F6
:104E80000290029820F400300290029820F4002052
:104E900002900298E168C860204600F061F9E0786D
:104EA000012843D1009820F01E000A30009000989D
:104EB00020F02000203000900098E168886035E004
:104EC000E068C0680290029820F0400040300290F4
:104ED0000298E168C860204600F042F90020019085
:104EE000019820F4803000F580300190019820F482
:104EF000802000F580200190019820F4002000F52A
:104F000000200190019820F4001000F5001001909D
:104F1000607A28B1019820F4801000F5801001908B
:104F20000198E16888631420FFF774FFE078012896
:104F30000FD1E06880680090009820F01E000A30D1
:104F40000090009820F02000203000900098E16848
:104F5000886028463EBD70B588B004460026002013
:104F6000079006900590049003900021D4F80C015E
:104F70000160206900680690069820F4C0500690F1
:104F8000069920690160E07A01283DD1032120467D
:104F900000F0F8FC4020E1684862059880B200F516
:104FA0008000059005986FF30F004030059005983C
:104FB000E1688862059800EB1041049861F30F00E6
:104FC0000490049880B200F5800004900498E16891
:104FD000C1F80401049800EB104161F30F00049044
:104FE000049880B204900499E068C0F8081104980D
:104FF00000EB104161F30F000490049880B204901C
:105000000499E068C0F80C111021204600F070FCF3
:10501000204600F047FC00212069016120694161C0
:10502000491E2069816100212069C16100252CE0B1
:1050300004F1180050F82500006807900798C00F89
:1050400070B100200790079820F0804000F1804068
:105050000790079820F0006000F10060079001E0E1
:105060000020079004F1180050F82500079901600E
:10507000002104F1180050F825000161FF2104F11E
:10508000180050F8250081606D1C6078A842CFD8C8
:1050900000252CE004F1540050F825000068019030
:1050A0000198C00F70B100200190019820F080405D
:1050B00000F180400190019820F0006000F1006054
:1050C000019001E00020019004F1540050F8250007
:1050D00001990160002104F1540050F8250001619C
:1050E000FF2104F1540050F8250081606D1C6078A8
:1050F000A842CFD800200390039820F4807000F5D8
:1051000080700390206900690399884308432169EE
:105110000861E07801281DD100200290029820F05B
:105120000100401C0290029820F00200801C0290B6
:105130004021029861F38A000290029820F48030A6
:1051400000F580300290029861F359400290029974
:1051500020690163204600F047FB304608B070BD6F
:10516000F8B50446002600250020009000BF03206B
:10517000FFF757FEE06800690090681C0546134978
:10518000884201D90020F8BD0098C00F0028EED059
:105190000025009820F00100401C00900098E16874
:1051A000086100BFE06800690090681C0546074977
:1051B000884200D904E0009800F001000028F1D1F5
:1051C00000BF0320FFF72DFE3046DCE7400D030053
:1051D00008B50146002000220092009A22F0010248
:1051E000521C0092CA689268009B9A43CB689A60EE
:1051F00008BD0EB501460020002200920A6992689F
:1052000002928A6912680192029AC2F3410232B193
:10521000012A05D0022A09D0032A0DD101E000BFDE
:1052200000BF019A6FF30A02019205E0019A6FF341
:105230000A02D21C019200BF00BF019B8A69136061
:10524000009A22F4807202F5807200920A69526814
:10525000009B9A431A430B695A600EBDFEB5024685
:10526000002000240025029500954D78012D52D193
:1052700093691D6802951D6900954D6955B9009D9A
:1052800025F07F050095009D25F4C01505F5002546
:10529000009516E08E684D69B54207D98D684D615D
:1052A0000E7A009D66F30605009504E00E7D009DD4
:1052B00066F306050095009D25F4C01505F500254B
:1052C0000095009D1D61D578012D06D10F7802F162
:1052D000180555F827500E696E61029D25F080650E
:1052E00005F180650295029D25F0004505F1004518
:1052F0000295029D1D60D578002D59D14D69002D74
:1053000056D00E780125B5402C4315696D6B2543A9
:10531000166975634CE00E7802F1540555F8265075
:105320002D6802950E7802F1540555F826502D6926
:1053300000954D695DB90E7A009D66F306050095EE
:10534000009D25F4C01505F5002500950CE08D683D
:105350004D610E7A009D66F306050095009D25F4CB
:10536000C01505F5002500950F7802F1540555F894
:105370002750009E2E61D578012D06D10F7802F1BD
:10538000540555F827500E696E61029D25F0806521
:1053900005F180650295029D25F0004505F1004567
:1053A00002950F7802F1540555F82750029E2E60A1
:1053B000FEBD0EB500210191019921F04041A1F1FE
:1053C00080410191019921F4C01101F50021019161
:1053D000019921F07F0118310191019A416D0A6113
:1053E000C178012915D10021009100F2CC51426D04
:1053F0005161416D09680091009921F0004101F16E
:10540000004100914FF080210091009A416D0A60A7
:1054100000BF0EBD3CB5024600200024019400945C
:105420004C78012C0CD10D7802F1180454F8253079
:105430000D780124AC40009D64F30F0500950BE04E
:105440000D7802F1540454F825300D780124AC4055
:10545000009D64F31F4500951C680194019CC4F3F2
:10546000C034E4B90D89019C65F30A040194CD7838
:10547000019C65F3934401948D79019C65F39954E3
:105480000194019C24F0805404F180540194019C07
:1054900024F4004404F500440194019C1C60146948
:1054A000E469009D2C431569EC613CBD38B50346A9
:1054B0000020002400944C78012C05D10D7803F1D4
:1054C000180454F8252004E00D7803F1540454F82E
:1054D000252014680094009C24F400140094CC78D7
:1054E000032C02D0CC78022C05D1009C24F08054EF
:1054F00004F180540094009C146038BD3CB5024611
:1055000000200024019400944C78012C0CD10D78DB
:1055100002F1180454F825300D780124AC40009DA8
:1055200064F30F0500950BE00D7802F1540454F874
:1055300025300D780124AC40009D64F31F45009593
:10554000019C24F400440194019C1C601469E469EA
:10555000009DAC431569EC613CBD38B503460A4675
:105560000020002400945478012C18D1157803F100
:10557000180454F825100C680094009CE40F2CB11A
:10558000009C24F0804404F180440094009C24F4A6
:10559000001404F500140094009C0C600EE01578D3
:1055A00003F1540454F825100C680094009C24F472
:1055B000001404F500140094009C0C6038BDFEB586
:1055C00005460C46002600270020029001906078D6
:1055D00001287ED1217805F1180050F821000068DB
:1055E0000290217805F1180050F82100006901901F
:1055F000606948B901986FF3120001900121019888
:1056000061F3DC40019017E06169019861F31200D9
:1056100001906069401EA1680844B0FBF1F1019857
:1056200061F3DC400190E078012805D1019820F079
:10563000C04000F100500190227805F1180050F8A8
:10564000220001990161E878012807D1227805F14B
:10565000180050F82200216941610DE0E07801282E
:105660000AD0606940B12178012000FA01F7286969
:10567000406B384329694863E078012813D12869D1
:10568000806800900098C0F3002030B9029820F0A4
:10569000005000F10050029005E0029820F0805088
:1056A00000F180500290029820F0806000F180604C
:1056B0000290029820F0004000F100400290227811
:1056C00005F1180050F8220002990160E0780128E5
:1056D00000E008E06CD1A08A83B222782846E16815
:1056E00000F02DFA64E0217805F1540050F8210013
:1056F00000680290217805F1540050F821000069FB
:105700000190606950B9A168019861F3120001909D
:105710000121019861F3DC40019013E0A068401E74
:1057200061690844A168B0FBF1F1019861F3DC40C4
:1057300001900198C0F3C940A1684843019960F302
:1057400012010191227805F1540050F822000199CC
:105750000161E878012806D1227805F1540050F85B
:10576000220021694161E07801280ED1607930B1D1
:10577000029820F0005000F10050029005E00298DD
:1057800020F0805000F180500290029820F080605C
:1057900000F180600290029820F0004000F100408B
:1057A0000290227805F1540050F82200029901601D
:1057B0003046FEBD08B500210091491EC268516007
:1057C0006FF08041C2685161009921F0004101F100
:1057D00000410091009921F4006101F50061009100
:1057E0000099C268916108BD38B5044600250020C3
:1057F0000090E16888616FF08040E1684861204670
:10580000FFF7D8FFE07820B9009820F010001030A2
:105810000090009820F4006000F50060009000986F
:1058200020F4805000F580500090009820F4005043
:1058300000F500500090009820F4802000F58020B2
:105840000090009820F4002000F5002000900098BF
:1058500020F0080008300090009820F4801000F537
:1058600080100090009820F4001000F500100090C7
:10587000E0688069009988430843E16888612846A8
:1058800038BD08B50146002000220092009A22F09F
:105890000102521C0092CA689268009B1A43CB68AE
:1058A0009A6008BDF8B50446002500260020009047
:1058B000009820F01000103000900098E168086116
:1058C00000BFE06800690090701C064607498842E6
:1058D00000D904E00098C0F300100028F1D100BF07
:1058E0000320FFF79EFA2846F8BD0000400D030094
:1058F000F8B504460D4600260027002000900098C9
:1059000020F0200020300090009865F38A1000906D
:105910000098E168086100BFE06800690090781CA9
:1059200007460749884200D904E00098C0F34010B8
:105930000028F1D100BF0320FFF773FA3046F8BD0D
:10594000400D030008B5014600200A6992680092E4
:10595000009AC2F3410232B1012A06D0022A07D0CE
:10596000032A07D102E0032004E000BF022001E087
:10597000012000BF00BF08BD0146C868406900F0B3
:105980000100704708B5026912680092009A61F33D
:1059900001020092009B0269136008BD00B5024637
:1059A0001046FFF7E9FF012801D0012000BD0020CB
:1059B000FCE701460020CA685069CA689269104035
:1059C00070470146086982690869C069024090B25F
:1059D00070470146086982690869C0690240100C75
:1059E0007047024602F1540353F821309868136956
:1059F0005B6918407047F0B503460024D01CC717F8
:105A000000EB9777BD10D3F8D06000BF03E030689B
:105A10000860641C091DAC42F9D30846F0BD0000C3
:105A200070B502460C46002300200025D5700125E4
:105A3000957040259580012C0CD14FF0A043012595
:105A4000D57208251570042555709D15D580022541
:105A500015720AE04CB9254B0025D5720C2515703E
:105A6000062555704FF4A065D580D36003F5006519
:105A70001561002110E003F5106505EB411602F1F8
:105A8000180545F8216003F5306505EB411602F174
:105A9000540545F82160491C55788D42EBD803F533
:105AA000806555614035C2F8CC50002108E003F50F
:105AB000A06505EB411602F1900545F82160491CEF
:105AC00015788D42F3D8002108E003F5805505EBE9
:105AD000013602F1D00545F82160491C15788D4248
:105AE000F3D803F56065C2F80C5170BD00000440A6
:105AF000F8B504460D460026E068C068009000989E
:105B000020F000500090009820F080400090012D7F
:105B100006D1009820F0005000F10050009006E0FF
:105B20002DB9009820F0804000F18040009000984E
:105B3000E168C8603220FFF76DF93046F8BD2DE905
:105B4000F04104460026E078B0B900270020DD1CB3
:105B50004FEAE57805EB98784FEAA80704F1D005FD
:105B600055F822C000BF04E00D68CCF80050401C7E
:105B7000091DB842F8D300BF3046BDE8F08100BF30
:105B8000FEE7000070B504460D460020E070401EA0
:105B9000E0622946204601F033FB08B1042070BDC5
:105BA00004F22E2001F0D5F94AF65521884201D0A1
:105BB0000320F4E794F83000E92807D094F8300087
:105BC000EB2815D13220005D902811D1032209A1C4
:105BD00004F1660001F0ECFA08B90020DFE70522C5
:105BE00005A104F1820001F0E3FA08B90020D6E72C
:105BF0000220D4E7464154004641543332000000AD
:105C0000024600E0521C107810B110788842F9D199
:105C1000107870470246891E5069801E884201D85C
:105C2000002070475389906A03FB0100F9E72DE9D2
:105C3000F04782468846DAF80040B8F1000F06D1F6
:105C4000E76817B16069B84215D8012713E04146EB
:105C5000504601F07EF80546022D02D20120BDE833
:105C6000F087681C08B92846F9E76069A84201D99D
:105C70002846F4E74746206908B90020EFE70026E8
:105C8000474518D17E1C6069B04200D802263146D3
:105C9000504601F05EF80546012D01D0681C08B998
:105CA0002846DCE73DB1E568022D03D36069A842D0
:105CB00000D92F460026E6B93E4600BF761C606933
:105CC000B04204D80226BE4201D90020C7E73146BF
:105CD000504601F03EF8054605B909E0012D01D016
:105CE000681C08B92846BAE7BE42E7D10020B6E7EB
:105CF00000BF4FF0FF323146204601F09BFA81464B
:105D0000B9F1000F08D1B8F1000F05D03246414675
:105D1000204601F08FFA8146B9F1000F0DD1E660FF
:105D2000D4E90410801E814202D82069401E2061FF
:105D3000207940F00100207107E0B9F1010F02D194
:105D40004FF0FF3000E001200646304687E70000B4
:105D50002DE9F35F8946D9F80080009800F120050D
:105D60000B222021284601F042FA00200746064671
:105D70004FF0080B00BF3046761C18F80040202C6E
:105D800000DC50E02F2C01D05C2C0AD100E0761C06
:105D900018F806002F28FAD018F806005C28F6D06C
:105DA00041E02E2C01D05F450BD3BBF10B0F01D08E
:105DB0002E2C02D00620BDE8FC9F08274FF00B0BCD
:105DC000D9E7802C03DBA4F1800021490C5C20463C
:105DD00000F048F8A8B13046761C18F800A05046EC
:105DE00000F046F818B1ABF10100B84201D8062026
:105DF000E1E738467F1C2C5438467F1C05F800A08C
:105E000010E0214613A0FFF7FBFE08B10620D2E701
:105E1000612C04DB7A2C02DCA4F12000C4B23846E9
:105E20007F1C2C54A7E700BF08EB0600C9F8000050
:105E30000FB90620BFE72878E52801D10520287092
:105E4000202C01DC042000E00020E8720020B2E7F2
:105E5000C0D30008222A2B2C3A3B3C3D3E3F5B5DE1
:105E60007C7F0000014609B1002070470020FCE75C
:105E7000014609B1002070470020FCE72DE9F04100
:105E800004460E46D4F800800021204600F057F961
:105E90000546EDB9002700BF4046A16901F0B0F901
:105EA000054605B113E0E0690078E52802D0E06915
:105EB000007820B9781C0746B04201D107E00027DE
:105EC0000121204600F070F80546002DE4D000BF07
:105ED000042D00D107252846BDE8F0812DE9F047C3
:105EE00004468946204601F0FBFA10B10120BDE8C6
:105EF000F08749462046FFF78DFE0646E6624FF4DE
:105F00008052002104F1300001F071F904F13008F1
:105F10000127002500E03D446089A84207D9721995
:105F200060783B46414600F071F90028F3D0608963
:105F3000A84201D00120DAE70020D8E72DE9F0419E
:105F4000044627680021204600F0F9F8054615B1FF
:105F50002846BDE8F08100BF3846A16901F050F93C
:105F6000054605B11DE0E06906780EB9042518E084
:105F7000E069C07A00F03F00A071E069C07A00F0EB
:105F8000080038B90B2204F12001E06901F010F992
:105F900000B906E00021204600F006F80546002D75
:105FA000DAD000BF2846D4E72DE9F0410446884600
:105FB0002768206900F12006A06910B1B6F5001F1E
:105FC00002D30420BDE8F081C6F30B00002845D1C0
:105FD000A069401CA061606938B93889B0EB561FD0
:105FE0003CD80020A0610420ECE77889401E00EA3C
:105FF000163098BB2046616900F0ABFE0546012DC6
:1060000001D80220DEE7681C08B90120DAE77869C8
:10601000A8421DD8B8F1000F03D10020A0610420D0
:10602000D0E720466169FFF702FE05460DB907205B
:10603000C8E7012D01D10220C4E7681C08B901207E
:10604000C0E729463846FFF749FF08B10120B9E704
:10605000656129463846FFF7DDFDA0612661C6F37C
:106060000B0107F130000844E0610020AAE72DE9A8
:10607000F047044688460425D4F8009027E04846B7
:10608000A16901F0BDF8054605B123E0E069067895
:106090000EB904251EE0E069C07A00F03F07A77141
:1060A000E52E0DD02E2E0BD00F2F09D027F020007B
:1060B000082801D1012000E00020404500D109E07E
:1060C00000212046FFF770FF054605B102E0A069F8
:1060D0000028D4D100BF0DB10020A0612846BDE842
:1060E000F08770B50446266801212046FFF7C6FEFA
:1060F000054695B93046A16901F082F8054665B9B3
:1061000020220021E06901F072F80B2204F1200145
:10611000E06901F05FF80120F070284670BD70B5AD
:10612000044626683046A16901F06AF8054625B99B
:10613000E520E16908700120F070284670BD2DE966
:10614000F04104460D462668B5F5001F02D205F061
:106150001F0010B10220BDE8F0812561A7681FB9BA
:106160003078032800DB776A47B93089B0EB551FD8
:1061700001D80220EFE7706AA0611CE070894FEA45
:10618000003811E03946204600F0E3FD0746781C50
:1061900008B90120DFE7022F02D37069B84201D8A5
:1061A0000220D8E7A5EB08054545EBD23946304635
:1061B000FFF730FDA0616761A06908B90220CAE756
:1061C000A06900EB1530A061C5F30B0106F13000AA
:1061D0000844E0610020BEE710B50446FBF780FBF1
:1061E000002010BD0346002070472DE9F04107460E
:1061F0000E4614461D46A01C2A463146FCF7BAFF3F
:106200000020BDE8F0810146002070472DE9F041F3
:1062100007460E4614461D46A01C2A463146FCF78A
:10622000BDFF0020BDE8F08138B50546284600F0E6
:1062300016FB04463CB96946284601F076F9044647
:106240000CB900202860204638BD2DE9F84F0446DF
:106250000E466946204601F068F98246BAF1000F01
:1062600001D194F811A0BAF1000F02D05046BDE858
:10627000F88FE068B04204D2207C00F0020000B940
:10628000E668D4F814904FF00008C4F81480002E8B
:1062900068D0009840890703B9F1000F11D0701E33
:1062A000B0FBF7F1A9F10100B0FBF7F0814208D390
:1062B000A9F10100791E884360616069361AA569F9
:1062C00012E0A5687DB900212046FFF7B0FC054625
:1062D000012D02D102206074C9E7681C10B90120A9
:1062E0006074C4E7A560A561002D3BD024E0F61BD7
:1062F000606938446061207C00F0020040B100BF5A
:1063000029462046FFF793FC054635B9002615E0DF
:106310002946204600F01DFD0546681C10B90120E5
:106320006074A4E7012D03D900984069A84202D8FF
:10633000022060749BE7A561BE42D8D800BF6069A7
:1063400030446061C6F30B0060B129460098FFF746
:1063500061FC8046B8F1000F02D10220607486E72C
:1063600008EB1638E1686069884205D96069E06029
:10637000207C40F040002074A08AC0F30B0020B3C2
:10638000E069404521D0207C00F0800078B1E269CE
:1063900000994878012304F12801FFF737FF10B175
:1063A0000120607463E7207C00F07F002074009976
:1063B00048780123424604F12801FFF716FF10B187
:1063C0000120607453E7C4F81C8050464FE700007A
:1063D000F7B582B016460398019001A800F074FD4D
:1063E0000546002D02DA0B2005B0F0BD0C4850F830
:1063F00025400CB100202070029810B100200299B5
:1064000008700749029841F825000EB90020EBE713
:10641000002202A903A800F0C7FA07463846E3E7BE
:10642000BC1D00202DE9F74F8EB0044616461CB95E
:10643000092011B0BDE8F08F06F03F06324602A9F0
:106440000FA800F0B1FA0546002D7DD10298039007
:1064500003A80F9900F02EFC05462DB99DF83700D2
:1064600000F0800000B1062506F01C00002850D086
:1064700045B1042D03D103A8FFF733FE054646F0CE
:1064800008060AE09DF8120000F0110008B1072587
:1064900003E006F0040000B10825002D4AD106F003
:1064A0000800002846D00A99029800F033FD814682
:1064B00000F0C0FC00900A9901F10E00009900F074
:1064C000B4FF20200A99C87200220A99029800F0AD
:1064D0009AFF0A9901F11C00002100F0A6FF01209B
:1064E0000299C870B9F1000F24D00298C06A0190D7
:1064F0000022494603A800F039FF0546D5B9DDE979
:10650000011000F07DFE0546A9F101000299C86066
:1065100010E07DB99DF8120000F0100008B10425CC
:1065200008E006F0020028B19DF8120000F001001A
:1065300000B107255DB906F0080008B146F0400635
:106540000298C06A206200E04BE00A986062002D69
:1065500055D10A99029800F0DDFCA0600A9901F17A
:106560001C0000F0EAFCE060029820600298C088FD
:10657000A080267400206074E06160614FF4805256
:10658000002104F1280000F032FE06F0200040B3A4
:10659000E06830B3E0686061029840894FEA003AF1
:1065A000A768D4F80C800CE03946204600F0D1FBF7
:1065B0000746012F00D80225781C00B90125A8EB59
:1065C0000A080DB9D045EFD8A76155B9C8F30B003B
:1065D00038B139460298FFF71DFBB0F1000B01D12D
:1065E00002250CE00BEB1830E061E2690299487873
:1065F000012304F12801FFF7F8FD00B101250DB1D9
:1066000000202060284614E733B581B004460CB959
:1066100009203EBD0022694602A800F0C5F90546E2
:106620001DBB009820602046029900F043FB054600
:10663000C5B92B20005D00F0800050B9A07900F0B2
:10664000100028B1E169009800F064FCA06000E04F
:1066500005253DB90098C088A08000212046FFF79D
:106660006EFD0546042D00D105250DB100202060EA
:106670002846CEE72DE9FF4F85B0044615469A46D9
:10668000DDF818B00020CAF8000003A9204600F089
:106690004CFF0490049810B9607C049018B10498E1
:1066A00009B0BDE8F08F207C00F0010008B9072098
:1066B000F6E76169E068401A01900198854200D9C7
:1066C000019DA0E0A08AC0F30B0000287ED10398B2
:1066D0004089401E616900EA1139B9F1000F17D1F4
:1066E000606910B9A068029004E02046A16900F03A
:1066F00030FB02900298022802D202206074CFE799
:106700000298401C10B901206074C9E70298A0618A
:10671000A1690398FFF77EFA064616B90220607455
:10672000BEE74E444FEA1538B8F1000F29D009EB07
:10673000080003994989884203D903984089A0EB4E
:10674000090803994878434632465946FFF74DFDFC
:1067500010B101206074A3E7207C00F0800068B1D4
:10676000E069801B404509D2E169891B0BEB0130D0
:106770004FF4805204F1280100F02CFD4FEA083755
:1067800037E0E069B04220D0207C00F0800078B192
:10679000E26903994878012304F12801FFF736FDE7
:1067A00010B1012060747BE7207C00F07F00207432
:1067B000039948780123324604F12801FFF715FDBB
:1067C00018B1012060746BE700E0E661A08AC0F3B5
:1067D0000B00C0F58057AF4200D92F46A08AC0F306
:1067E0000B0204F1280011183A46584600F0F2FC5A
:1067F00000BFED1BDAF800003844CAF80000BB44C3
:10680000606938446061002D7FF45CAF002047E789
:10681000F8B506460D466946304600F086FE044649
:10682000DCB92DB900213046FFF789FC044614E09D
:1068300000213046FFF71BFC0446042C00D1002445
:106840005CB92946304600F0F9FA00213046FFF7DE
:10685000ABFB0446042C00D100242046F8BDF8B55B
:1068600004466946204600F060FE0646002E44D1EC
:10687000207C00F0400000283FD0207C00F0800009
:1068800070B1E26900994878012304F12801FFF70B
:10689000BDFC08B10120F8BD207C00F07F00207411
:1068A00000F0C8FA0746216A009800F0A9FC0646E5
:1068B0001EBB656AE87A40F02000E8722946A268AB
:1068C000206800F0A0FD05F11C00E16800F0ADFDBE
:1068D000394605F1160000F0A8FD002105F112006F
:1068E00000F0AFFD01200099C870009800F0B0FDE5
:1068F0000646207C00F0BF0020743046CBE731B55F
:1069000098B00025022201A918A800F04DF804460D
:10691000002C46D101980D900DA8189900F0CAF9E5
:10692000044600BF002C3CD19DF85F0000F08000C1
:1069300008B1062405E09DF83A0000F0010000B11E
:106940000724E4B91499019800F0E4FA05469DF88B
:106950003A0000F0100090B10198029004950021D7
:1069600002A8FFF7ECFB04464CB9002102A8FFF790
:106970007EFB044604B90724042C00D1002484B90A
:106980000DA8FFF7CCFB044634B92DB100222946EF
:106990000DA800F0EBFC04461CB9019800F058FD6E
:1069A0000446204619B030BD2DE9F74F8AB00021CA
:1069B0000B9801600A9800F087FA08900898002860
:1069C00003DA0B200DB0BDE8F08FB549089851F8F7
:1069D00020400CB90C20F5E70B9804600C9800F0EF
:1069E000FE000C90207878B16078FFF70CFC8146AF
:1069F00009F0010040B90C9820B109F0040008B179
:106A00000A20DFE70020DDE7002020700898607092
:106A10006078FFF7E1FB814609F0010008B103202F
:106A2000D0E70C9820B109F0040008B10A20C9E7AA
:106A3000002739462046FFF7A5F80546022D01D06C
:106A40002EDA2DE0002614E04FF4DF7000EB061183
:106A500004F13000084409900998007920B10998A0
:106A6000083000F06AFA00E0002002A941F8260090
:106A7000761C042EE8D3002606B1761E00BF02A8BD
:106A800050F8267027B139462046FFF77BF800E022
:106A900003200546022D03DB701C06460428EED3B6
:106AA000042D01D101208DE7022D01DB0D2089E7A6
:106AB00004F13B0000F04DFAB0F5805F01D00D20ED
:106AC00080E704F1460000F044FA8046B8F1000F78
:106AD00004D104F1540000F030FA8046C4F8188064
:106AE0004020005DA070A078012804D0A078022882
:106AF00001D00D2066E7A07808FB00F83D20005D7E
:106B00006081608918B16089411E084008B10D207C
:106B100058E704F1410000F01CFA2081207A00F0CF
:106B20007F0008B10D204DE704F1430000F011FA99
:106B30008346BBF1000F04D104F1500000F0FDF9D1
:106B4000834604F13E0000F004FA0190019808B970
:106B50000D2037E701984044218900EBD1100790C0
:106B60000798834501D20D202CE70798ABEB000076
:106B70006189B0FBF1FABAF1000F01D10D2021E7D4
:106B800000254848824500D803254FF6F570824518
:106B900000D8022540F6F570824500D801250DB9D0
:106BA0000D200FE70AF102006061E76101983844A7
:106BB000206207983844A062032D13D104F15A00D3
:106BC00000F0C7F908B10D20FCE6208908B10D20BE
:106BD000F8E604F15C0000F0B0F9606260698000E2
:106BE000069014E0208908B90D20EBE6206A4044A5
:106BF0006062022D02D16069400007E0207D00F054
:106C00000100616901EB410100EB51000690A169AF
:106C1000069800F6FF70B1EB103F01D20D20D1E6CF
:106C20004FF0FF302061E06080202071032D2CD1D7
:106C300004F1600000F08DF9012826D1791C20466E
:106C400000F0DEFA08BB0020207104F22E2000F0D4
:106C500080F94AF65521884217D104F1300000F03E
:106C60006CF91149884210D104F5057000F065F9FE
:106C70000E49884209D104F5067000F05EF92061E2
:106C800004F5077000F059F9E060257008480088A5
:106C9000401C80B206490880E080002092E6000097
:106CA000BC1D0020F5FFFF0F52526141727241611D
:106CB000C01D00202DE9F3410446276802E0019839
:106CC000401C0190019800782F28F8D00198007896
:106CD0005C28F4D00020A06001980078202808D219
:106CE00080212B20015500212046FFF728FA054678
:106CF0002CE000BF01A92046FFF72AF8054605B1A0
:106D000023E02046FFF71AF905462B20065D3DB12A
:106D1000042D04D100BF06F0040000B9052514E0DD
:106D200006F0040000B110E0A07900F0100008B9EE
:106D300005250AE0208AC0F30B0207F13000111884
:106D4000384600F0E7F8A060D4E700BF2846BDE869
:106D5000FC812DE9F04781460C46D9F80050022C01
:106D600002D36869A04202D84FF001085EE04FF0FC
:106D7000FF382878012804D002282CD0032851D1CC
:106D80003CE0264606EB5606286A00EB16312846FC
:106D900000F036FA00B148E03046761CC0F30B0133
:106DA00005F13000475C286A00EB1631284600F0F8
:106DB00027FA00B139E0C6F30B0105F13000405C61
:106DC00047EA002704F0010008B1380901E0C7F3E1
:106DD0000B00804629E0286A00EBD421284600F009
:106DE0000FFA00B121E040F6FF7101EA440205F11B
:106DF0003001501800F0ADF8804616E0286A00EB2C
:106E00009421284600F0FCF900B10EE040F6FF7135
:106E100001EA840205F13001501800F08EF820F0EC
:106E2000704802E04FF0010800BF00BF4046BDE8D7
:106E3000F08700000048704786618C412DE9F047DB
:106E400005460C4600206072A86908B9BDE8F087C5
:106E5000002637461CE03046761CEA6912F800909E
:106E6000B9F1200F00D113E0B9F1050F01D14FF0B6
:106E7000E509092E05D12E2238467F1C04F10901AF
:106E80000A5438467F1C04F1090101F8009000BF44
:106E90000B2EE0D3002104F10900C155E869C07A46
:106EA0002072E96901F11C0000F047F82060E969EF
:106EB00001F1160000F041F88046A4F806804FEA80
:106EC0001840A08000BFC1E730B502464FF0FF3048
:106ED0001568F5B1116800E0491C0D78212D02D329
:106EE0000D783A2DF8D10D783A2D11D1146814F897
:106EF000013B302B0DD3392B0BD88C4209D1A3F198
:106F000030052B1E05D118464D1C2946156000E0A2
:106F1000002030BD70B505460C4604F11A0000F0A3
:106F200018F806462878032805D104F1140000F06B
:106F300010F846EA0046304670BD0146C8788A78A7
:106F400042EA00204A7842EA00200A7842EA002019
:106F50007047014648780A7842EA002070470000EE
:106F600094B00020139000BF01214805FBF7BAF947
:106F700001218805FBF7B6F9F9F71EFCFCF73EF88E
:106F8000FAF7AEFC6E48FCF7D9F9FCF7EBFD0020F0
:106F90003F237F2201460090FCF7A6FCFCF7C8F9CE
:106FA00001280BD16748FCF793FC6748674B684A98
:106FB000012100906748FDF7D4F9BEE0012266A1E7
:106FC0006648FFF705FA6649087008460078002809
:106FD0007ED164A108A8FFF717FB0446002CECD172
:106FE0009EE002A908A8FFF713FC044614B99DF817
:106FF000110000B995E09DF8100000F01000002885
:10700000EED159A10DF11100F9F7DAF90028E7D016
:1070100056A10DF11100F9F7D3F90028E0D09DF841
:10702000110044287CD153A10DF11100F9F7C8F9E2
:10703000002875D101220DF111015048FFF7F2F936
:107040004F4908700846007800285CD14B48C0685A
:107050004C4908600020139010E04B4B01224B4933
:107060004648FFF707FB4A491398405C47490978AF
:10707000884200D007E01398401C139041491398B0
:1070800009688842E9D300BF3E49139809688842DD
:1070900026D07F2200213FA0F9F720FB05460120E2
:1070A000414B3CA2172100902846FCF7B3FE00207C
:1070B00014237F2221210090FCF716FC7F2200215F
:1070C0003AA0F9F70BFB05460120374B37A200E049
:1070D0002DE0212100902846FCF79CFEF9F76EFC7C
:1070E0002648FFF7A1F80DF11100FFF708FC012277
:1070F00019A10020FFF76CF919490870FBF788F80F
:10710000FAF714FD0CE0012213A10020FFF760F94B
:1071100013490870FBF77CF8FAF708FD00BFFEE79B
:107120005FE700BFFBF774F8FAF700FD05E0FBF737
:107130006FF8FAF7FBFC00BFFEE700BFFEE70000B8
:10714000FFFF0F006401002084000020EC000020FD
:10715000200000201C40002030000000EC2F002008
:107160001000002000000000444400002E42494E60
:107170000000000062616E6B00000000C41D002072
:10718000110000200000002014000020EC2D002041
:10719000000002085570646174696E672066697248
:1071A0006D776172650000008C1D002030250000A5
:1071B000F0B503461D460C46002000BF15F8017BC4
:1071C00014F801CBA7EB0C00561E321E01D000288C
:1071D000F4D0F0BD30B503460C463AB100BF14F808
:1071E000015B03F8015B551E2A1EF8D130BD10B5B6
:1071F000034600BF03F8011B541E221EFAD110BD26
:1072000070B504460D460026E06AA84210D020461C
:1072100000F066F906465EB9607801232A4604F15B
:107220003001FEF7E2FF10B14FF0FF350126E562B5
:10723000304670BD2DE9F04704460D4616464FF026
:107240000209022D74D36069A84271D920780128FF
:1072500004D0022849D003280DD15EE02F4607EB69
:107260005707206A00EB17312046FFF7C9FF814618
:10727000B9F1000F00D075E038467F1CC0F30B0158
:1072800004F1300001EB000805F0010028B1F1B273
:1072900098F8000061F31F1000E0304688F8000005
:1072A0000120E070206A00EB17312046FFF7A8FFAD
:1072B0008146B9F1000F00D054E0C7F30B0104F18F
:1072C000300001EB000805F0010010B1C6F3071013
:1072D00006E098F8000000F0F000C6F30321084330
:1072E00088F800000120E0703CE0206A00EBD52126
:1072F0002046FFF785FF8146B9F1000F00D031E04D
:10730000B1B240F6FF7202EA450304F13002981868
:1073100000F097F80120E07024E0206A00EB95214E
:107320002046FFF76DFF8146B9F1000F01D019E04B
:1073300019E040F6FF7101EA850204F130015018AE
:10734000FFF7FBFD66F31B00064640F6FF7101EAFE
:10735000850204F130015018314600F066F8012032
:10736000E07000BF00BF4846BDE8F0872DE9F04758
:1073700081460E4617464FF00008D9F80040022E0D
:1073800002D36069B04202D80220BDE8F08767B13D
:1073900000BF4FF0FF3239462046FFF74BFF8046D3
:1073A000B8F1000F01D04046EFE700BF3146484634
:1073B000FFF7CFFC054605B922E0012D01D10220DF
:1073C000E3E7681C08B90120DFE7002231462046C8
:1073D000FFF730FF8046B8F1000F01D04046D4E7F8
:1073E000D4E90410801E814206D22069401C20612D
:1073F000207940F0010020712E466069B042D5D856
:1074000000BF0020C1E770B506460C461546A9B27C
:1074100004F11A0000F015F83078032804D1290C83
:1074200004F1140000F00DF870BD00F8011B090A0A
:1074300000F8011B090A00F8011B090A00F8011BEA
:10744000704700F8011B091200F8011B704700008B
:1074500070B50446204600F043F80546002D38D1AB
:10746000207803282ED1207901282BD10203002176
:1074700004F13000FFF7BBFE4AF6552104F22E203E
:10748000FFF7DFFF144904F13000FFF7CEFF134987
:1074900004F50570FFF7C9FF04F506702169FFF7D1
:1074A000C4FF04F50770E168FFF7BFFFE069401C07
:1074B000E0626078012304F13001E26AFEF7A6FE83
:1074C00000202071607800221146FEF78BFE00B18B
:1074D0000125284670BD000052526141727241611F
:1074E00070B504460025E078E8B16078012304F126
:1074F0003001E26AFEF78AFEA0B90020E070216A3E
:10750000E06A401AA16988420DD2A07802280AD107
:10751000A369E16ACA186078012304F13001FEF71B
:1075200075FE00E00125284670BD70B504460D4685
:1075300009268CB1206878B12068007860B1A088F5
:107540002168C988884207D121684878FEF75BFE28
:1075500000F0010000B900260EB9206800E000200C
:107560002860304670BD4FF04070E1EE100A704761
:10757000008002021F000000424320202020202023
:107580004465636B61726473447265616D20202091
:10759000322E303000000003008083000000000025
:1075A0000000000006000000000000000B000000CA
:1075B00000000000000000000000000000000000CB
:1075C00000000000000000000000000000000000BB
:1075D00000000000000000000000000000000000AB
:1075E000000000000000000000000000000000009B
:1075F000000000000000000000000000000000008B
:10760000000000000000000000000000000000007A
:10761000000000000000000000000000000000006A
:107620000000000000000000000000000300F8005F
:107630007F001C00F8007F001C00F8007F001C0089
:10764000000000000000000000000000000000003A
:10765000000000000000000000000000000000002A
:10766000000000000000000000000000000000001A
:10767000000000000000000000000000000000000A
:1076800000000000000000000000000000000000FA
:1076900000000000000000000000000000000000EA
:1076A0000000000000000000000000000F00F800D3
:1076B00001000000F80001000000F80001000000D7
:1076C000F80001000000F80001000000F8000100CF
:1076D00000000000000000000000000000000000AA
:1076E00000000000F80001000000F80001000000A8
:1076F000F80001000000F80001000000F80001009F
:107700000000F80001000000000000000000000080
:107710000000000000000000000000000000000069
:107720000000000000000000000000000F00C0008A
:1077300081000300C00081000300C000810003003D
:10774000F800FF001F00F800FF001F00F800FF0016
:107750001F00C00081000300C00081000300C000C2
:1077600081000300F800FF001F00F800FF001F0069
:10777000F800FF001F00C00081000300C00081006E
:107780000300C000810003000000000000000000B2
:1077900000000000000000000000000000000000E9
:1077A0000000000000000000000000000F00C0000A
:1077B00001001C00C00001001C00C00001001C00F2
:1077C00038000E001C0038000E001C0038000E00AF
:1077D0001C00FF00FF00FF00FF00FF00FF00FF0094
:1077E000FF00FF0038000E001C0038000E001C00D7
:1077F00038000E001C003800F00003003800F000D4
:1078000003003800F000030000000000000000004A
:107810000000000000000000000000000000000068
:10782000000000000000000000000000150038000B
:1078300000001C00380000001C00380000001C0084
:10784000C70081000300C70081000300C70081005A
:10785000030038007000000038007000000038009D
:107860007000000000000E00000000000E0000008C
:1078700000000E000000C00081000300C000810075
:107880000300C00081000300380070001C003800B5
:1078900070001C00380070001C000700800003000E
:1078A0000700800003000700800003001200F800BA
:1078B000FF001F00F800FF001F00F800FF001F007E
:1078C000F800FF001F00F800FF001F00F800FF0095
:1078D0001F00780081001C00380081001C00380067
:1078E00081001C0038008F001F0038008F001F002F
:1078F00038008F001F00F800FF001F00F800FF0095
:107900001F00F800FF001F00F800FF001F00F80034
:10791000FF001F00F800FF001F0000000000000033
:1079200000000000000000000000000006007800D9
:1079300000000000F80000000000F8000100000056
:10794000F80001000000F8000000000078000000CE
:107950000000000000000000000000000000000027
:107960000000000000000000000000000000000017
:107970000000000000000000000000000000000007
:1079800000000000000000000000000000000000F7
:1079900000000000000000000000000000000000E7
:1079A0000000000000000000000000000600F800D9
:1079B000FF000300F800FF000300F800FF000300D1
:1079C000070000001C00070000001C00070000006A
:1079D0001C0000000000000000000000000000008B
:1079E0000000000000000000000000000000000097
:1079F0000000000000000000000000000000000087
:107A00000000000000000000000000000000000076
:107A10000000000000000000000000000000000066
:107A20000000000000000000000000000600070049
:107A300000001C00070000001C00070000001C00E4
:107A4000F800FF000300F800FF000300F800FF004B
:107A50000300000000000000000000000000000023
:107A60000000000000000000000000000000000016
:107A70000000000000000000000000000000000006
:107A800000000000000000000000000000000000F6
:107A900000000000000000000000000000000000E6
:107AA00000000000000000000000000009000000CD
:107AB0000E00000000000E00000000000E0000009C
:107AC000C0007F000000C0007F000000C0007F00F9
:107AD000000000000E00000000000E00000000008A
:107AE0000E00000000000000000000000000000088
:107AF0000000000000000000000000000000000086
:107B00000000000000000000000000000000000075
:107B10000000000000000000000000000000000065
:107B20000000000000000000000000000F00000046
:107B300070000000000070000000000070000000F5
:107B400000007000000000007000000000007000E5
:107B50000000C000FF001F00C000FF001F00C000A9
:107B6000FF001F0000007000000000007000000017
:107B700000007000000000007000000000007000B5
:107B80000000000070000000000000000000000085
:107B900000000000000000000000000000000000E5
:107BA00000000000000000000000000006000000CF
:107BB00080001F00000080001F00000080001F00E8
:107BC00000008000FF0000008000FF000000800037
:107BD000FF000000000000000000000000000000A6
:107BE0000000000000000000000000000000000095
:107BF0000000000000000000000000000000000085
:107C00000000000000000000000000000000000074
:107C10000000000000000000000000000000000064
:107C20000000000000000000000000000C00000048
:107C300070000000000070000000000070000000F4
:107C400000007000000000007000000000007000E4
:107C50000000000070000000000070000000000044
:107C600070000000000070000000000070000000C4
:107C70000000700000000000000000000000000094
:107C800000000000000000000000000000000000F4
:107C900000000000000000000000000000000000E4
:107CA00000000000000000000000000006000000CE
:107CB00080001F00000080001F00000080001F00E7
:107CC000000080001F00000080001F0000008000F6
:107CD0001F00000000000000000000000000000085
:107CE0000000000000000000000000000000000094
:107CF0000000000000000000000000000000000084
:107D00000000000000000000000000000000000073
:107D10000000000000000000000000000000000063
:107D20000000000000000000000000001200000041
:107D300000001C00000000001C00000000001C00EF
:107D400000008000030000008000030000008000AD
:107D50000300000070000000000070000000000040
:107D60007000000000000E00000000000E00000087
:107D700000000E000000C00001000000C000010073
:107D80000000C000010000003800000000003800C2
:107D900000000000380000000000000000000000AB
:107DA0000000000000000000000000000C00C00007
:107DB000FF000300C000FF000300C000FF0003003D
:107DC000380000001C00380000001C0038000000D3
:107DD0001C00380000001C00380000001C003800A7
:107DE00000001C00C000FF000300C000FF000300F3
:107DF000C000FF00030000000000000000000000C1
:107E00000000000000000000000000000000000072
:107E10000000000000000000000000000000000062
:107E20000000000000000000000000000900C00089
:107E300001001C00C00001001C00C00001001C006B
:107E4000F800FF001F00F800FF001F00F800FF000F
:107E50001F00000000001C00000000001C000000CB
:107E600000001C00000000000000000000000000F6
:107E70000000000000000000000000000000000002
:107E800000000000000000000000000000000000F2
:107E900000000000000000000000000000000000E2
:107EA0000000000000000000000000000C00C00006
:107EB00081001F00C00081001F00C00081001F0062
:107EC000380070001C00380070001C003800700082
:107ED0001C0038000E001C0038000E001C0038008A
:107EE0000E001C00C00001001C00C00001001C00AE
:107EF000C00001001C0000000000000000000000A5
:107F00000000000000000000000000000000000071
:107F10000000000000000000000000000000000061
:107F20000000000000000000000000000C0038000D
:107F300000001C00380000001C00380000001C007D
:107F400038000E001C0038000E001C0038000E0027
:107F50001C0038000E001C0038000E001C00380009
:107F60000E001C00C000F1000300C000F10003007F
:107F7000C000F1000300000000000000000000004D
:107F800000000000000000000000000000000000F1
:107F900000000000000000000000000000000000E1
:107FA0000000000000000000000000000C00F800CD
:107FB0007F000000F8007F000000F8007F00000054
:107FC0000000700000000000700000000000700061
:107FD00000000000700000000000700000000000C1
:107FE00070000000F800FF001F00F800FF001F00F5
:107FF000F800FF001F00000000000000000000006B
:108000000000000000000000000000000000000070
:108010000000000000000000000000000000000060
:108020000000000000000000000000000C00F8004C
:108030000F001C00F8000F001C00F8000F001C00CF
:1080400038000E001C0038000E001C0038000E0026
:108050001C0038000E001C0038000E001C00380008
:108060000E001C003800F00003003800F000030090
:108070003800F000030000000000000000000000D5
:1080800000000000000000000000000000000000F0
:1080900000000000000000000000000000000000E0
:1080A0000000000000000000000000000C00C00004
:1080B000FF000300C000FF000300C000FF0003003A
:1080C00038000E001C0038000E001C0038000E00A6
:1080D0001C0038000E001C0038000E001C00380088
:1080E0000E001C003800F00003003800F000030010
:1080F0003800F00003000000000000000000000055
:10810000000000000000000000000000000000006F
:10811000000000000000000000000000000000005F
:108120000000000000000000000000000C0038000B
:1081300000000000380000000000380000000000CF
:108140003800000000003800000000003800000087
:108150000000380000000000380000000000380077
:1081600000000000F800FF001F00F800FF001F00E3
:10817000F800FF001F0000000000000000000000E9
:1081800000000000000000000000000000000000EF
:1081900000000000000000000000000000000000DF
:1081A0000000000000000000000000000C00C00003
:1081B000F1000300C000F1000300C000F100030063
:1081C00038000E001C0038000E001C0038000E00A5
:1081D0001C0038000E001C0038000E001C00380087
:1081E0000E001C00C000F1000300C000F1000300FD
:1081F000C000F100030000000000000000000000CB
:10820000000000000000000000000000000000006E
:10821000000000000000000000000000000000005E
:108220000000000000000000000000000C00F8004A
:108230000F000000F8000F000000F8000F00000021
:1082400038000E00000038000E00000038000E005C
:10825000000038000E00000038000E00000038005A
:108260000E000000F800FF001F00F800FF001F00D4
:10827000F800FF001F0000000000000000000000E8
:1082800000000000000000000000000000000000EE
:1082900000000000000000000000000000000000DE
:1082A0000000000000000000000000000600C00008
:1082B0008F001F00C0008F001F00C0008F001F0034
:1082C000C0008F001F00C0008F001F00C0008F0083
:1082D0001F0000000000000000000000000000007F
:1082E000000000000000000000000000000000008E
:1082F000000000000000000000000000000000007E
:10830000000000000000000000000000000000006D
:10831000000000000000000000000000000000005D
:108320000000000000000000000000001200F80043
:10833000FF001F00F800FF001F00F800FF001F00F3
:10834000F800FF001F00F800FF001F00F800FF000A
:108350001F00780081001C00380081001C003800DC
:1083600081001C0038008F001F0038008F001F00A4
:1083700038008F001F00F800FF001F00F800FF000A
:108380001F00F800FF001F00F800FF001F00F800AA
:10839000FF001F00F800FF001F00000000000000A9
:1083A00000000000000000000000000009000000C4
:1083B000700000000000700000000000700000006D
:1083C00000008E00030000008E00030000008E00FD
:1083D0000300C00001001C00C00001001C00C00020
:1083E00001001C0000000000000000000000000070
:1083F000000000000000000000000000000000007D
:10840000000000000000000000000000000000006C
:10841000000000000000000000000000000000005C
:10842000000000000000000000000000120000003A
:108430008E00030000008E00030000008E00030089
:1084400000008E00030000008E00030000008E007C
:10845000030000008E00030000008E0003000000F7
:108460008E00030000008E00030000008E00030059
:1084700000008E00030000008E00030000008E004C
:10848000030000008E00030000008E0003000000C7
:108490008E00030000008E000300000000000000BA
:1084A0000000000000000000000000000900C00003
:1084B00001001C00C00001001C00C00001001C00E5
:1084C00000008E00030000008E00030000008E00FC
:1084D00003000000700000000000700000000000B9
:1084E000700000000000000000000000000000001C
:1084F000000000000000000000000000000000007C
:10850000000000000000000000000000000000006B
:10851000000000000000000000000000000000005B
:108520000000000000000000000000000F00C0007C
:1085300001000000C00001000000C00001000000B8
:108540003800000000003800000000003800000083
:108550000000380070001C00380070001C0038005B
:1085600070001C003800700000003800700000002F
:10857000380070000000C0000F000000C0000F00B5
:108580000000C0000F00000000000000000000001C
:1085900000000000000000000000000000000000DB
:1085A0000000000000000000000000001200F800C1
:1085B000FF001F00F800FF001F00F800FF001F0071
:1085C000F800FF001F00F800FF001F00F800FF0088
:1085D0001F00780081001C00380081001C0038005A
:1085E00081001C0038008F001F0038008F001F0022
:1085F00038008F001F00F800FF001F00F800FF0088
:108600001F00F800FF001F00F800FF001F00F80027
:10861000FF001F00F800FF001F0000000000000026
:108620000000000000000000000000000F00C0007B
:10863000FF001F00C000FF001F00C000FF001F0060
:1086400038000E00000038000E00000038000E0058
:10865000000038000E00000038000E000000380056
:108660000E00000038000E00000038000E00000070
:1086700038000E000000C000FF001F00C000FF0017
:108680001F00C000FF001F000000000000000000ED
:1086900000000000000000000000000000000000DA
:1086A0000000000000000000000000000F00F800C3
:1086B000FF001F00F800FF001F00F800FF001F0070
:1086C00038000E001C0038000E001C0038000E00A0
:1086D0001C0038000E001C0038000E001C00380082
:1086E0000E001C0038000E001C0038000E001C009C
:1086F00038000E001C00C000F1000300C000F100B3
:108700000300C000F10003000000000000000000B2
:108710000000000000000000000000000000000059
:108720000000000000000000000000000F00C0007A
:10873000FF000300C000FF000300C000FF000300B3
:10874000380000001C00380000001C003800000049
:108750001C00380000001C00380000001C0038001D
:1087600000001C00380000001C00380000001C0045
:10877000380000001C00C00081000300C000810020
:108780000300C000810003000000000000000000A2
:1087900000000000000000000000000000000000D9
:1087A0000000000000000000000000000F00F800C2
:1087B000FF001F00F800FF001F00F800FF001F006F
:1087C000380000001C00380000001C0038000000C9
:1087D0001C00380000001C00380000001C0038009D
:1087E00000001C00380000001C00380000001C00C5
:1087F000380000001C00C000FF000300C000FF00A4
:108800000300C000FF0003000000000000000000A3
:108810000000000000000000000000000000000058
:108820000000000000000000000000000C00F80044
:10883000FF001F00F800FF001F00F800FF001F00EE
:1088400038000E001C0038000E001C0038000E001E
:108850001C0038000E001C0038000E001C00380000
:108860000E001C00380000001C00380000001C0036
:10887000380000001C0000000000000000000000A4
:1088800000000000000000000000000000000000E8
:1088900000000000000000000000000000000000D8
:1088A0000000000000000000000000000C00F800C4
:1088B000FF001F00F800FF001F00F800FF001F006E
:1088C00038000E00000038000E00000038000E00D6
:1088D000000038000E00000038000E0000003800D4
:1088E0000E0000003800000000003800000000000A
:1088F0003800000000000000000000000000000040
:108900000000000000000000000000000000000067
:108910000000000000000000000000000000000057
:108920000000000000000000000000000F00C00078
:10893000FF000300C000FF000300C000FF000300B1
:10894000380000001C00380000001C003800000047
:108950001C00380000001C00380000001C0038001B
:1089600000001C00380070001C00380070001C0063
:10897000380070001C00C000F1000300C000F100CE
:108980000300C000F1000300000000000000000030
:1089900000000000000000000000000000000000D7
:1089A0000000000000000000000000000C00F800C3
:1089B000FF001F00F800FF001F00F800FF001F006D
:1089C00000000E00000000000E00000000000E007D
:1089D000000000000E00000000000E00000000007B
:1089E0000E000000F800FF001F00F800FF001F004D
:1089F000F800FF001F000000000000000000000061
:108A00000000000000000000000000000000000066
:108A10000000000000000000000000000000000056
:108A20000000000000000000000000000300F8004B
:108A3000FF001F00F800FF001F00F800FF001F00EC
:108A40000000000000000000000000000000000026
:108A50000000000000000000000000000000000016
:108A60000000000000000000000000000000000006
:108A700000000000000000000000000000000000F6
:108A800000000000000000000000000000000000E6
:108A900000000000000000000000000000000000D6
:108AA0000000000000000000000000000F000000B7
:108AB000800003000000800003000000800003002D
:108AC000000000001C00000000001C00000000006E
:108AD0001C00000000001C00000000001C00000042
:108AE00000001C00000000001C00000000001C0032
:108AF000000000001C00F800FF000300F800FF0069
:108B00000300F800FF000300000000000000000068
:108B10000000000000000000000000000000000055
:108B20000000000000000000000000000C00F80041
:108B3000FF001F00F800FF001F00F800FF001F00EB
:108B400000000E00000000000E00000000000E00FB
:108B50000000C00071000000C00071000000C000F3
:108B600071000000380080001F00380080001F00E6
:108B7000380080001F00000000000000000000001E
:108B800000000000000000000000000000000000E5
:108B900000000000000000000000000000000000D5
:108BA0000000000000000000000000000C00F800C1
:108BB000FF001F00F800FF001F00F800FF001F006B
:108BC000000000001C00000000001C00000000006D
:108BD0001C00000000001C00000000001C00000041
:108BE00000001C00000000001C00000000001C0031
:108BF000000000001C000000000000000000000059
:108C00000000000000000000000000000000000064
:108C10000000000000000000000000000000000054
:108C20000000000000000000000000000F00F8003D
:108C3000FF001F00F800FF001F00F800FF001F00EA
:108C4000C00001000000C00001000000C0000100E1
:108C5000000000000E00000000000E0000000000F8
:108C60000E000000C00001000000C0000100000074
:108C7000C00001000000F800FF001F00F800FF0026
:108C80001F00F800FF001F000000000000000000AF
:108C900000000000000000000000000000000000D4
:108CA0000000000000000000000000000F00F800BD
:108CB000FF001F00F800FF001F00F800FF001F006A
:108CC000C00001000000C00001000000C000010061
:108CD000000000000E00000000000E000000000078
:108CE0000E0000000000F00003000000F000030090
:108CF0000000F0000300F800FF001F00F800FF0074
:108D00001F00F800FF001F0000000000000000002E
:108D10000000000000000000000000000000000053
:108D20000000000000000000000000000F00C00074
:108D3000FF000300C000FF000300C000FF000300AD
:108D4000380000001C00380000001C003800000043
:108D50001C00380000001C00380000001C00380017
:108D600000001C00380000001C00380000001C003F
:108D7000380000001C00C000FF000300C000FF001E
:108D80000300C000FF00030000000000000000001E
:108D900000000000000000000000000000000000D3
:108DA0000000000000000000000000000F00F800BC
:108DB000FF001F00F800FF001F00F800FF001F0069
:108DC00038000E00000038000E00000038000E00D1
:108DD000000038000E00000038000E0000003800CF
:108DE0000E00000038000E00000038000E000000E9
:108DF00038000E000000C00001000000C0000100AB
:108E00000000C000010000000000000000000000A1
:108E10000000000000000000000000000000000052
:108E20000000000000000000000000000F00C00073
:108E3000FF000300C000FF000300C000FF000300AC
:108E4000380000001C00380000001C003800000042
:108E50001C00380070001C00380070001C00380036
:108E600070001C0038008000030038008000030000
:108E7000380080000300C0007F001C00C0007F009D
:108E80001C00C0007F001C0000000000000000006B
:108E900000000000000000000000000000000000D2
:108EA0000000000000000000000000000F00F800BB
:108EB000FF001F00F800FF001F00F800FF001F0068
:108EC00038000E00000038000E00000038000E00D0
:108ED000000038000E00000038000E0000003800CE
:108EE0000E00000038000E00000038000E000000E8
:108EF00038000E000000C000F1001F00C000F100AB
:108F00001F00C000F1001F00000000000000000072
:108F10000000000000000000000000000000000051
:108F20000000000000000000000000000F00C00072
:108F300001001C00C00001001C00C00001001C005A
:108F400038000E001C0038000E001C0038000E0017
:108F50001C0038000E001C0038000E001C003800F9
:108F60000E001C0038000E001C0038000E001C0013
:108F700038000E001C003800F00003003800F0003C
:108F800003003800F00003000000000000000000B3
:108F900000000000000000000000000000000000D1
:108FA0000000000000000000000000000F0038007A
:108FB0000000000038000000000038000000000041
:108FC00038000000000038000000000038000000F9
:108FD0000000F800FF001F00F800FF001F00F8006D
:108FE000FF001F00380000000000380000000000F3
:108FF00038000000000038000000000038000000C9
:109000000000380000000000000000000000000028
:109010000000000000000000000000000000000050
:109020000000000000000000000000000F00F80039
:10903000FF000300F800FF000300F800FF0003003A
:10904000000000001C00000000001C0000000000E8
:109050001C00000000001C00000000001C000000BC
:1090600000001C00000000001C00000000001C00AC
:10907000000000001C00F800FF000300F800FF00E3
:109080000300F800FF0003000000000000000000E3
:1090900000000000000000000000000000000000D0
:1090A0000000000000000000000000000F00F800B9
:1090B0000F000000F8000F000000F8000F00000093
:1090C0000000F00003000000F00003000000F000CA
:1090D0000300000000001C00000000001C00000055
:1090E00000001C000000F00003000000F00003007E
:1090F0000000F0000300F8000F000000F8000F006F
:109100000000F8000F000000000000000000000058
:10911000000000000000000000000000000000004F
:109120000000000000000000000000000F00F80038
:10913000FF000300F800FF000300F800FF00030039
:10914000000000001C00000000001C0000000000E7
:109150001C000000FE0003000000FE0003000000F1
:10916000FE000300000000001C00000000001C00C6
:10917000000000001C00F800FF000300F800FF00E2
:109180000300F800FF0003000000000000000000E2
:1091900000000000000000000000000000000000CF
:1091A0000000000000000000000000000C00F800BB
:1091B000F1001F00F800F1001F00F800F1001F008F
:1091C00000000E00000000000E00000000000E0075
:1091D000000000000E00000000000E000000000073
:1091E0000E000000F800F1001F00F800F1001F0061
:1091F000F800F1001F000000000000000000000067
:10920000000000000000000000000000000000005E
:10921000000000000000000000000000000000004E
:109220000000000000000000000000000F00F80037
:1092300001000000F80001000000F800010000003B
:1092400000000E00000000000E00000000000E00F4
:1092500000000000F0001F000000F0001F000000F0
:10926000F0001F0000000E00000000000E000000D3
:1092700000000E000000F80001000000F8000100EE
:109280000000F800010000000000000000000000E5
:1092900000000000000000000000000000000000CE
:1092A0000000000000000000000000000C0038007A
:1092B00080001F00380080001F00380080001F0061
:1092C000380070001C00380070001C00380070006E
:1092D0001C0038000E001C0038000E001C00380076
:1092E0000E001C00F80001001C00F80001001C002A
:1092F000F80001001C000000000000000000000059
:10930000000000000000000000000000000000005D
:10931000000000000000000000000000000000004D
:109320000000000000000000000000000600F8003F
:10933000FF001F00F800FF001F00F800FF001F00E3
:10934000380000001C00380000001C00380000003D
:109350001C000000000000000000000000000000F1
:1093600000000000000000000000000000000000FD
:1093700000000000000000000000000000000000ED
:1093800000000000000000000000000000000000DD
:1093900000000000000000000000000000000000CD
:1093A0000000000000000000000000001200380073
:1093B000000000003800000000003800000000003D
:1093C000C00001000000C00001000000C00001005A
:1093D000000000000E00000000000E000000000071
:1093E0000E0000000000700000000000700000008F
:1093F00000007000000000008000030000008000FA
:109400000300000080000300000000001C000000BA
:1094100000001C00000000001C0000000000000014
:1094200000000000000000000000000006003800FE
:1094300000001C00380000001C00380000001C0068
:10944000F800FF001F00F800FF001F00F800FF00F9
:109450001F000000000000000000000000000000ED
:1094600000000000000000000000000000000000FC
:1094700000000000000000000000000000000000EC
:1094800000000000000000000000000000000000DC
:1094900000000000000000000000000000000000CC
:1094A0000000000000000000000000000900C000F3
:1094B00001000000C00001000000C0000100000029
:1094C00038000000000038000000000038000000F4
:1094D0000000C00001000000C00001000000C0004A
:1094E000010000000000000000000000000000007B
:1094F000000000000000000000000000000000006C
:10950000000000000000000000000000000000005B
:10951000000000000000000000000000000000004B
:109520000000000000000000000000001200000029
:1095300000001C00000000001C00000000001C00D7
:10954000000000001C00000000001C0000000000E3
:109550001C00000000001C00000000001C000000B7
:1095600000001C00000000001C00000000001C00A7
:10957000000000001C00000000001C0000000000B3
:109580001C00000000001C00000000001C00000087
:1095900000001C00000000001C0000000000000093
:1095A0000000000000000000000000001200F800B1
:1095B000FF001F00F800FF001F00F800FF001F0061
:1095C000F800FF001F00F800FF001F00F800FF0078
:1095D0001F00780081001C00380081001C0038004A
:1095E00081001C0038008F001F0038008F001F0012
:1095F00038008F001F00F800FF001F00F800FF0078
:109600001F00F800FF001F00F800FF001F00F80017
:10961000FF001F00F800FF001F0000000000000016
:109620000000000000000000000000000F00C0006B
:10963000FF001F00C000FF001F00C000FF001F0050
:1096400038000E00000038000E00000038000E0048
:10965000000038000E00000038000E000000380046
:109660000E00000038000E00000038000E00000060
:1096700038000E000000C000FF001F00C000FF0007
:109680001F00C000FF001F000000000000000000DD
:1096900000000000000000000000000000000000CA
:1096A0000000000000000000000000000F00F800B3
:1096B000FF001F00F800FF001F00F800FF001F0060
:1096C00038000E001C0038000E001C0038000E0090
:1096D0001C0038000E001C0038000E001C00380072
:1096E0000E001C0038000E001C0038000E001C008C
:1096F00038000E001C00C000F1000300C000F100A3
:109700000300C000F10003000000000000000000A2
:109710000000000000000000000000000000000049
:109720000000000000000000000000000F00C0006A
:10973000FF000300C000FF000300C000FF000300A3
:10974000380000001C00380000001C003800000039
:109750001C00380000001C00380000001C0038000D
:1097600000001C00380000001C00380000001C0035
:10977000380000001C00C00081000300C000810010
:109780000300C00081000300000000000000000092
:1097900000000000000000000000000000000000C9
:1097A0000000000000000000000000000F00F800B2
:1097B000FF001F00F800FF001F00F800FF001F005F
:1097C000380000001C00380000001C0038000000B9
:1097D0001C00380000001C00380000001C0038008D
:1097E00000001C00380000001C00380000001C00B5
:1097F000380000001C00C000FF000300C000FF0094
:109800000300C000FF000300000000000000000093
:109810000000000000000000000000000000000048
:109820000000000000000000000000000C00F80034
:10983000FF001F00F800FF001F00F800FF001F00DE
:1098400038000E001C0038000E001C0038000E000E
:109850001C0038000E001C0038000E001C003800F0
:109860000E001C00380000001C00380000001C0026
:10987000380000001C000000000000000000000094
:1098800000000000000000000000000000000000D8
:1098900000000000000000000000000000000000C8
:1098A0000000000000000000000000000C00F800B4
:1098B000FF001F00F800FF001F00F800FF001F005E
:1098C00038000E00000038000E00000038000E00C6
:1098D000000038000E00000038000E0000003800C4
:1098E0000E000000380000000000380000000000FA
:1098F0003800000000000000000000000000000030
:109900000000000000000000000000000000000057
:109910000000000000000000000000000000000047
:109920000000000000000000000000000F00C00068
:10993000FF000300C000FF000300C000FF000300A1
:10994000380000001C00380000001C003800000037
:109950001C00380000001C00380000001C0038000B
:1099600000001C00380070001C00380070001C0053
:10997000380070001C00C000F1000300C000F100BE
:109980000300C000F1000300000000000000000020
:1099900000000000000000000000000000000000C7
:1099A0000000000000000000000000000C00F800B3
:1099B000FF001F00F800FF001F00F800FF001F005D
:1099C00000000E00000000000E00000000000E006D
:1099D000000000000E00000000000E00000000006B
:1099E0000E000000F800FF001F00F800FF001F003D
:1099F000F800FF001F000000000000000000000051
:109A00000000000000000000000000000000000056
:109A10000000000000000000000000000000000046
:109A20000000000000000000000000000300F8003B
:109A3000FF001F00F800FF001F00F800FF001F00DC
:109A40000000000000000000000000000000000016
:109A50000000000000000000000000000000000006
:109A600000000000000000000000000000000000F6
:109A700000000000000000000000000000000000E6
:109A800000000000000000000000000000000000D6
:109A900000000000000000000000000000000000C6
:109AA0000000000000000000000000000F000000A7
:109AB000800003000000800003000000800003001D
:109AC000000000001C00000000001C00000000005E
:109AD0001C00000000001C00000000001C00000032
:109AE00000001C00000000001C00000000001C0022
:109AF000000000001C00F800FF000300F800FF0059
:109B00000300F800FF000300000000000000000058
:109B10000000000000000000000000000000000045
:109B20000000000000000000000000000C00F80031
:109B3000FF001F00F800FF001F00F800FF001F00DB
:109B400000000E00000000000E00000000000E00EB
:109B50000000C00071000000C00071000000C000E3
:109B600071000000380080001F00380080001F00D6
:109B7000380080001F00000000000000000000000E
:109B800000000000000000000000000000000000D5
:109B900000000000000000000000000000000000C5
:109BA0000000000000000000000000000C00F800B1
:109BB000FF001F00F800FF001F00F800FF001F005B
:109BC000000000001C00000000001C00000000005D
:109BD0001C00000000001C00000000001C00000031
:109BE00000001C00000000001C00000000001C0021
:109BF000000000001C000000000000000000000049
:109C00000000000000000000000000000000000054
:109C10000000000000000000000000000000000044
:109C20000000000000000000000000000F00F8002D
:109C3000FF001F00F800FF001F00F800FF001F00DA
:109C4000C00001000000C00001000000C0000100D1
:109C5000000000000E00000000000E0000000000E8
:109C60000E000000C00001000000C0000100000064
:109C7000C00001000000F800FF001F00F800FF0016
:109C80001F00F800FF001F0000000000000000009F
:109C900000000000000000000000000000000000C4
:109CA0000000000000000000000000000F00F800AD
:109CB000FF001F00F800FF001F00F800FF001F005A
:109CC000C00001000000C00001000000C000010051
:109CD000000000000E00000000000E000000000068
:109CE0000E0000000000F00003000000F000030080
:109CF0000000F0000300F800FF001F00F800FF0064
:109D00001F00F800FF001F0000000000000000001E
:109D10000000000000000000000000000000000043
:109D20000000000000000000000000000F00C00064
:109D3000FF000300C000FF000300C000FF0003009D
:109D4000380000001C00380000001C003800000033
:109D50001C00380000001C00380000001C00380007
:109D600000001C00380000001C00380000001C002F
:109D7000380000001C00C000FF000300C000FF000E
:109D80000300C000FF00030000000000000000000E
:109D900000000000000000000000000000000000C3
:109DA0000000000000000000000000000F00F800AC
:109DB000FF001F00F800FF001F00F800FF001F0059
:109DC00038000E00000038000E00000038000E00C1
:109DD000000038000E00000038000E0000003800BF
:109DE0000E00000038000E00000038000E000000D9
:109DF00038000E000000C00001000000C00001009B
:109E00000000C00001000000000000000000000091
:109E10000000000000000000000000000000000042
:109E20000000000000000000000000000F00C00063
:109E3000FF000300C000FF000300C000FF0003009C
:109E4000380000001C00380000001C003800000032
:109E50001C00380070001C00380070001C00380026
:109E600070001C00380080000300380080000300F0
:109E7000380080000300C0007F001C00C0007F008D
:109E80001C00C0007F001C0000000000000000005B
:109E900000000000000000000000000000000000C2
:109EA0000000000000000000000000000F00F800AB
:109EB000FF001F00F800FF001F00F800FF001F0058
:109EC00038000E00000038000E00000038000E00C0
:109ED000000038000E00000038000E0000003800BE
:109EE0000E00000038000E00000038000E000000D8
:109EF00038000E000000C000F1001F00C000F1009B
:109F00001F00C000F1001F00000000000000000062
:109F10000000000000000000000000000000000041
:109F20000000000000000000000000000F00C00062
:109F300001001C00C00001001C00C00001001C004A
:109F400038000E001C0038000E001C0038000E0007
:109F50001C0038000E001C0038000E001C003800E9
:109F60000E001C0038000E001C0038000E001C0003
:109F700038000E001C003800F00003003800F0002C
:109F800003003800F00003000000000000000000A3
:109F900000000000000000000000000000000000C1
:109FA0000000000000000000000000000F0038006A
:109FB0000000000038000000000038000000000031
:109FC00038000000000038000000000038000000E9
:109FD0000000F800FF001F00F800FF001F00F8005D
:109FE000FF001F00380000000000380000000000E3
:109FF00038000000000038000000000038000000B9
:10A000000000380000000000000000000000000018
:10A010000000000000000000000000000000000040
:10A020000000000000000000000000000F00F80029
:10A03000FF000300F800FF000300F800FF0003002A
:10A04000000000001C00000000001C0000000000D8
:10A050001C00000000001C00000000001C000000AC
:10A0600000001C00000000001C00000000001C009C
:10A07000000000001C00F800FF000300F800FF00D3
:10A080000300F800FF0003000000000000000000D3
:10A0900000000000000000000000000000000000C0
:10A0A0000000000000000000000000000F00F800A9
:10A0B0000F000000F8000F000000F8000F00000083
:10A0C0000000F00003000000F00003000000F000BA
:10A0D0000300000000001C00000000001C00000045
:10A0E00000001C000000F00003000000F00003006E
:10A0F0000000F0000300F8000F000000F8000F005F
:10A100000000F8000F000000000000000000000048
:10A11000000000000000000000000000000000003F
:10A120000000000000000000000000000F00F80028
:10A13000FF000300F800FF000300F800FF00030029
:10A14000000000001C00000000001C0000000000D7
:10A150001C000000FE0003000000FE0003000000E1
:10A16000FE000300000000001C00000000001C00B6
:10A17000000000001C00F800FF000300F800FF00D2
:10A180000300F800FF0003000000000000000000D2
:10A1900000000000000000000000000000000000BF
:10A1A0000000000000000000000000000C00F800AB
:10A1B000F1001F00F800F1001F00F800F1001F007F
:10A1C00000000E00000000000E00000000000E0065
:10A1D000000000000E00000000000E000000000063
:10A1E0000E000000F800F1001F00F800F1001F0051
:10A1F000F800F1001F000000000000000000000057
:10A20000000000000000000000000000000000004E
:10A21000000000000000000000000000000000003E
:10A220000000000000000000000000000F00F80027
:10A2300001000000F80001000000F800010000002B
:10A2400000000E00000000000E00000000000E00E4
:10A2500000000000F0001F000000F0001F000000E0
:10A26000F0001F0000000E00000000000E000000C3
:10A2700000000E000000F80001000000F8000100DE
:10A280000000F800010000000000000000000000D5
:10A2900000000000000000000000000000000000BE
:10A2A0000000000000000000000000000C0038006A
:10A2B00080001F00380080001F00380080001F0051
:10A2C000380070001C00380070001C00380070005E
:10A2D0001C0038000E001C0038000E001C00380066
:10A2E0000E001C00F80001001C00F80001001C001A
:10A2F000F80001001C000000000000000000000049
:10A30000000000000000000000000000000000004D
:10A31000000000000000000000000000000000003D
:10A320000000000000000000000000000F0000001E
:10A330000E00000000000E00000000000E000000F3
:10A34000F800F1000300F800F1000300F800F1004C
:10A350000300070000001C00070000001C000700AD
:10A3600000001C00070000001C00070000001C008B
:10A37000070000001C00070000001C000700000090
:10A380001C00070000001C0000000000000000008E
:10A3900000000000000000000000000000000000BD
:10A3A0000000000000000000000000000300F800B2
:10A3B000FF001F00F800FF001F00F800FF001F0053
:10A3C000000000000000000000000000000000008D
:10A3D000000000000000000000000000000000007D
:10A3E000000000000000000000000000000000006D
:10A3F000000000000000000000000000000000005D
:10A40000000000000000000000000000000000004C
:10A41000000000000000000000000000000000003C
:10A420000000000000000000000000000F00070016
:10A4300000001C00070000001C00070000001C00BA
:10A44000070000001C00070000001C0007000000BF
:10A450001C00070000001C00070000001C00070093
:10A4600000001C00F800F1000300F800F1000300F8
:10A47000F800F100030000000E00000000000E00D4
:10A48000000000000E0000000000000000000000BE
:10A4900000000000000000000000000000000000BC
:10A4A0000000000000000000000000001200F800A2
:10A4B000FF001F00F800FF001F00F800FF001F0052
:10A4C000F800FF001F00F800FF001F00F800FF0069
:10A4D0001F00780081001C00380081001C0038003B
:10A4E00081001C0038008F001F0038008F001F0003
:10A4F00038008F001F00F800FF001F00F800FF0069
:10A500001F00F800FF001F00F800FF001F00F80008
:10A51000FF001F00F800FF001F0000000000000007
:10A520000000000000000000000000000500C00066
:10A53000FF000F004000000008004000000008007D
:10A54000400000000800C000FF000F0000000000F5
:10A5500000000000000000000000000000000000FB
:10A5600000000000000000000000000000000000EB
:10A5700000000000000000000000000000000000DB
:10A5800000000000000000000000000000000000CB
:10A5900000000000000000000000000000000000BB
:10A5A00000000000000000000000000004000000A7
:10A5B00000000000000000000000000001005E003C
:10A5C0000000000000000000000000000500060080
:10A5D0000600000006000600000000000500240040
:10A5E0007E0024007E0024000000000005004400DE
:10A5F0004A00FF004A00320000000000070042004D
:10A6000025001200080024005200210006007E00F0
:10A610007E0042006A007E007E000000020006000C
:10A6200006000000000000000000000002003E00E4
:10A630004100000000000000000000000200410096
:10A640003E000000000000000000000003000800C1
:10A650001C000800000000000000000005001000C1
:10A6600010007C00100010000000000002006000DC
:10A67000E0000000000000000000000004001000E6
:10A680001000100010000000000000000200600038
:10A690006000000000000000000000000600400014
:10A6A00020001000080004000200000004003C002C
:10A6B000420042003C000000000000000300440093
:10A6C0007E00400000000000000000000400640064
:10A6D00052004A0044000000000000000400420054
:10A6E0004A004A00340000000000000004001E0080
:10A6F000100010007E0000000000000004004E006A
:10A700004A004A00320000000000000004003C0043
:10A710004A004A003200000000000000040002006D
:10A72000020002007E00000000000000040034006F
:10A730004A004A00340000000000000004000E003F
:10A740000A000A007E0000000000000002006C0009
:10A750006C000000000000000000000006007E0009
:10A760007E0042006A007E007E00000003001000B0
:10A77000280044000000000000000000060028003F
:10A7800028002800280028002800000003004400BA
:10A790002800100000000000000000000500040078
:10A7A0000200520012000C000000000006007E00B3
:10A7B0007E0042006A007E007E00000005007C00F2
:10A7C0000A000A000A007C000000000005007E006C
:10A7D0004A004A004A0034000000000005003C0026
:10A7E00042004200420024000000000005007E00FC
:10A7F0004200420042003C000000000004007E00D5
:10A800004A004A00420000000000000004007E00F0
:10A810000A000A00020000000000000005003C00E1
:10A8200042004200520034000000000004007E009C
:10A83000080008007E0000000000000001007E000B
:10A8400000000000000000000000000005002000E3
:10A850004000400040003E000000000004007E0078
:10A8600008001400620000000000000004007E00E8
:10A8700040004000400000000000000005007E0095
:10A880000400080004007E000000000005007E00B7
:10A890000400080030007E000000000005003C00BD
:10A8A0004200420042003C000000000005007E0023
:10A8B0000A000A000A0004000000000005003C0035
:10A8C0004200520022005C000000000005007E00F3
:10A8D0000A000A000A00740000000000050044009D
:10A8E0004A004A004A003200000000000500020051
:10A8F00002007E00020002000000000005003E0091
:10A900004000400040003E000000000005000E0036
:10A910003000400030000E000000000005003E0046
:10A920004000380040003E000000000004007600B7
:10A930000800080076000000000000000500060086
:10A94000080070000800060000000000040062001B
:10A9500052004A00460000000000000002007E0095
:10A96000420000000000000000000000060002009D
:10A970000400080010002000400000000200420017
:10A980007E00000000000000000000000300040042
:10A99000020004000000000000000000060040006B
:10A9A00040004000400040004000000006007E00E3
:10A9B0007E0042006A007E007E00000005007C00F0
:10A9C0000A000A000A007C000000000005007E006A
:10A9D0004A004A004A0034000000000005003C0024
:10A9E00042004200420024000000000005007E00FA
:10A9F0004200420042003C000000000004007E00D3
:10AA00004A004A00420000000000000004007E00EE
:10AA10000A000A00020000000000000005003C00DF
:10AA200042004200520034000000000004007E009A
:10AA3000080008007E0000000000000001007E0009
:10AA400000000000000000000000000005002000E1
:10AA50004000400040003E000000000004007E0076
:10AA600008001400620000000000000004007E00E6
:10AA700040004000400000000000000005007E0093
:10AA80000400080004007E000000000005007E00B5
:10AA90000400080030007E000000000005003C00BB
:10AAA0004200420042003C000000000005007E0021
:10AAB0000A000A000A0004000000000005003C0033
:10AAC0004200520022005C000000000005007E00F1
:10AAD0000A000A000A00740000000000050044009B
:10AAE0004A004A004A00320000000000050002004F
:10AAF00002007E00020002000000000005003E008F
:10AB00004000400040003E000000000005000E0034
:10AB10003000400030000E000000000005003E0044
:10AB20004000380040003E000000000004007600B5
:10AB30000800080076000000000000000500060084
:10AB40000800700008000600000000000400620019
:10AB500052004A0046000000000000000500080006
:10AB600036004100410041000000000001007E006D
:10AB7000000000000000000000000000050041008F
:10AB800041004100360008000000000006007E0081
:10AB90007E0042006A007E007E00000002003E004F
:10ABA0003E00000000000000000000000000000067
:10ABB0000000000000000000000000000000000095
:10ABC0000010001000100010001000100000001015
:10ABD00000000000002800280028000000000000FD
:10ABE000000000000000000000240024007C00247D
:10ABF0000048007C00480048000000000038005475
:10AC000000500038001400540054003800100000B8
:10AC100000200054005800300028005400140008A0
:10AC20000000000000100028002800100034004838
:10AC30000048003400000000001000100010000068
:10AC400000000000000000000000000000080010EC
:10AC5000002000200020002000200020001000081C
:10AC60000020001000080008000800080008000884
:10AC70000010002000100038001000280000000024
:10AC800000000000000000000000000000100010A4
:10AC9000007C001000100000000000000000000018
:10ACA0000000000000000000000000100010001074
:10ACB000000000000000000000000038000000005C
:10ACC0000000000000000000000000000000000084
:10ACD0000000001000000000000800080010001034
:10ACE0000010001000200020000000000038004488
:10ACF00000440054004400440044003800000000B8
:10AD00000010003000500010001000100010001063
:10AD10000000000000380044004400040008001057
:10AD20000020007C000000000038004400040018EF
:10AD3000000400040044003800000000000800186F
:10AD4000002800280048007C0008000800000000DF
:10AD5000007C0040004000780004000400440038FB
:10AD60000000000000380044004000780044004427
:10AD70000044003800000000007C000400080010BF
:10AD800000100020002000200000000000380044D7
:10AD90000044003800440044004400380000000033
:10ADA0000038004400440044003C000400440038E3
:10ADB0000000000000000000001000000000000083
:10ADC0000000001000000000000000000000001063
:10ADD0000000000000000010001000100000000043
:10ADE000000C003000400030000C000000000000AB
:10ADF000000000000000007C0000007C000000005B
:10AE000000000000000000000060001800040018AE
:10AE1000006000000000000000380044000400084A
:10AE20000010001000000010000000000038004476
:10AE3000004C0054005C004000400038000000005E
:10AE400000100028002800280028007C004400444E
:10AE500000000000007800440044007800440044F2
:10AE6000004400780000000000380044004000402A
:10AE7000004000400044003800000000007000481E
:10AE800000440044004400440048007000000000FA
:10AE9000007C00400040007C004000400040007CFE
:10AEA00000000000007C00400040007800400040AE
:10AEB0000040004000000000003800440040004016
:10AEC000005C0044004400380000000000440044DE
:10AED0000044007C004400440044004400000000A2
:10AEE0000038001000100010001000100010003892
:10AEF000000000000004000400040004000400043A
:10AF00000044003800000000004400480050006089
:10AF1000005000480048004400000000004000408D
:10AF200000400040004000400040007C0000000065
:10AF30000044006C006C0054004400440044004491
:10AF40000000000000440064006400540054004C01
:10AF5000004C00440000000000380044004400445D
:10AF60000044004400440038000000000078004421
:10AF70000044004400780040004000400000000011
:10AF800000380044004400440044004400540038A9
:10AF900000040000007800440044004400780048A9
:10AFA0000048004400000000003800440040003029
:10AFB000000800040044003800000000007C00107D
:10AFC0000010001000100010001000100000000021
:10AFD000004400440044004400440044004400385D
:10AFE000000000000044004400440028002800281D
:10AFF0000010001000000000004400440054005401
:10B000000054006C002800280000000000440028C4
:10B010000028001000100028002800440000000054
:10B020000044004400280028001000100010001008
:10B0300000000000007C0004000800100010002048
:10B040000040007C000000000018001000100010FC
:10B050000010001000100010001000180020002048
:10B060000010001000100010000800080000000090
:10B070000030001000100010001000100010001030
:10B0800000100030001000280028004400000000DC
:10B0900000000000000000000000000000000000B0
:10B0A0000000000000000000000000FE0020001072
:10B0B0000000000000000000000000000000000090
:10B0C0000000000000380044003C0044004C003404
:10B0D00000000000004000400058006400440044AC
:10B0E0000064005800000000000000000038004428
:10B0F000004000400044003800000000000400044C
:10B100000034004C00440044004C003400000000B7
:10B110000000000000380044007C0040004400387B
:10B1200000000000000C0010007C00100010001057
:10B130000010001000000000000000000034004C6F
:10B1400000440044004C00340004007800400040FB
:10B150000058006400440044004400440000000023
:10B16000001000000070001000100010001000100F
:10B17000000000000010000000700010001000101F
:10B1800000100010001000E0004000400048005097
:10B1900000600050004800440000000000700010F3
:10B1A000001000100010001000100010000000003F
:10B1B0000000000000780054005400540054005473
:10B1C000000000000000000000580064004400443B
:10B1D000004400440000000000000000003800446B
:10B1E000004400440044003800000000000000005B
:10B1F00000580064004400440064005800400040CF
:10B20000000000000034004C00440044004C0034B6
:10B2100000040004000000000058006400400040EA
:10B220000040004000000000000000000038004422
:10B23000003000080044003800000000002000201A
:10B2400000780020002000200020001800000000EE
:10B25000000000000044004400440044004C00345E
:10B260000000000000000000004400440028002806
:10B2700000280010000000000000000000540054EE
:10B280000054006C002800280000000000000000AE
:10B2900000440028001000100028004400000000B6
:10B2A00000000000004400440028002800100010A6
:10B2B0000010006000000000007C0008001000206A
:10B2C0000040007C0000000000180010001000107A
:10B2D00000200020001000100010001800100010C6
:10B2E00000100010001000100010001000100010DE
:10B2F00000300010001000100008000800100010BE
:10B30000001000300000000000000074004C00003D
:10B31000000000000000000000000000000000002D
:10B32000000000000000000000000000000000001D
:10B330000000000000000000000000000000000C01
:10B34000000C000C000C000C000C000C000C000C9D
:10B35000000C000C0000000C000C000000000000BD
:10B360000000001B001B001B001B001B0000000056
:10B3700000000000000000000000000000000000CD
:10B380000000000000008019801980198019C07F1A
:10B39000C07F80190033C07FC07F0033003300338B
:10B3A00000330000000000000000001E003F807518
:10B3B00080650074003C001E000780058065806584
:10B3C0008075003F001E00040004000000000070B3
:10B3D00000D840D8C0D880D900730006000C801B6C
:10B3E000C036C066C046C0068003000000000000F2
:10B3F0000000001E003F003300330033001E000C2D
:10B40000C03CC066806380618063C03E801C0000D9
:10B41000000000000000000C000C000C000C000CF0
:10B42000000000000000000000000000000000001C
:10B430000000000000000000800000010003000682
:10B4400000060004000C000C000C000C000C000CAA
:10B450000004000600060003000180000020001028
:10B460000018000C000C0004000600060006000690
:10B47000000600060004000C000C0018001000205C
:10B480000000000C002D003F001E003300000000F3
:10B4900000000000000000000000000000000000AC
:10B4A00000000000000000000000000C000C000C78
:10B4B000000CC0FFC0FF000C000C000C000C0000D2
:10B4C000000000000000000000000000000000007C
:10B4D000000000000000000000000000000000006C
:10B4E0000000000C000C0004000400080000000034
:10B4F0000000000000000000000000000000001E2E
:10B50000001E00000000000000000000000000001D
:10B51000000000000000000000000000000000002B
:10B5200000000000000000000000000C000C000003
:10B5300000000000000000030003000300060006F6
:10B5400000060006000C000C000C000C001800188F
:10B5500000180000000000000000001E003F003343
:10B56000806180618061806D806D806180618061BB
:10B570000033003F001E0000000000000000000635
:10B58000000E001E0036002600060006000600061B
:10B59000000600060006000600060000000000008D
:10B5A0000000001E003F8073806180618001000305
:10B5B0000006000C001800300060807F807F0000D3
:10B5C000000000000000001C003E00630063000358
:10B5D000000E000E00038001800180618073003F37
:10B5E000001E00000000000000000006000E000E1B
:10B5F000001E001E0016003600360066807F807F29
:10B600000006000600060000000000000000007FA9
:10B61000007F006000600060006E007F806380013A
:10B62000800180618073003F001E00000000000068
:10B630000000001E003F803380610060006E007FCC
:10B6400080738061806180618033003F001E000054
:10B65000000000000000807F807F80010003000365
:10B6600000060006000C000C000C00080018001872
:10B6700000180000000000000000001E003F806372
:10B68000806180610021001E003F806180618061D7
:10B690008061003F001E0000000000000000001E4E
:10B6A000003F00738061806180618073803F801DF6
:10B6B000800180610073003F001E00000000000058
:10B6C00000000000000000000000000C000C000062
:10B6D00000000000000000000000000C000C000052
:10B6E000000000000000000000000000000000005A
:10B6F000000C000C00000000000000000000000C26
:10B70000000C00040004000800000000000000001D
:10B7100080008003000E003800600038000E8003B7
:10B720008000000000000000000000000000000099
:10B73000000000000000807F807F00000000807F0C
:10B74000807F0000000000000000000000000000FA
:10B75000000000000000000000400070001C000716
:10B7600080010007001C0070004000000000000085
:10B77000000000000000001F803FC071C060C000DA
:10B78000C00180030007000E000C000C0000000C3C
:10B79000000C0000000000000000001E003F80318F
:10B7A00080718063806F806D806D806F80670060C6
:10B7B0000032003E001C0000000000000000000EEF
:10B7C000000E001B001B001B001B80318031803FDE
:10B7D000803F8031C060C060C06000000000000099
:10B7E0000000007C007E0063006300630063007E55
:10B7F000007E0063806180618063007F007E0000C6
:10B80000000000000000001E003F803180610060E9
:10B810000060006000600060006080618031003F77
:10B82000001E0000000000000000007C007F00639C
:10B83000806380618061806180618061806100637C
:10B840000063007E007C0000000000000000807F9C
:10B85000807F0060006000600060007F007F00600B
:10B86000006000600060807F807F000000000000BA
:10B870000000807F807F0060006000600060007FCB
:10B88000007F0060006000600060006000600000F9
:10B89000000000000000001E003F80318061006059
:10B8A0000060006080638063806180618031803FE0
:10B8B000001E0000000000000000806180618061C7
:10B8C000806180618061807F807F80618061806134
:10B8D0008061806180610000000000000000003F86
:10B8E000003F000C000C000C000C000C000C000CC5
:10B8F000000C000C000C003F003F000000000000A6
:10B9000000008001800180018001800180018001B0
:10B9100080018001806180618073003F001E000013
:10B92000000000000000C0608061006300660066E7
:10B93000006C0078007C00660066006380618061B6
:10B94000C0600000000000000000006000600060B7
:10B9500000600060006000600060006000600060E7
:10B960000060807F807F0000000000000000C07148
:10B97000C071C07BC07AC06AC06AC06EC064C0605B
:10B98000C060C060C060C060C06000000000000017
:10B99000000080718071807980798079806D806D00
:10B9A000806D80658067806780678063806300004A
:10B9B000000000000000001E003F00338061806135
:10B9C0008061806180618061806180610033003FBF
:10B9D000001E0000000000000000007E007F806369
:10B9E0008061806180618063007F007E0060006014
:10B9F0000060006000600000000000000000001E09
:10BA0000003F00338061806180618061806180617E
:10BA1000806580670033803F401E0000000000000A
:10BA20000000007E007F8063806180618063007F12
:10BA3000007E00660063006380618061C06000007A
:10BA4000000000000000000E001F80318031003037
:10BA50000038001E00078003806180618031003F54
:10BA6000001E0000000000000000C0FFC0FF000C2E
:10BA7000000C000C000C000C000C000C000C000C66
:10BA8000000C000C000C00000000000000008061B1
:10BA9000806180618061806180618061806180619E
:10BAA000806180618073003F001E00000000000084
:10BAB0000000C060C060C060803180318031001BF8
:10BAC000001B001B001B000E000E000E00040000F7
:10BAD000000000000000C0C0C0C0C0C0C0C0C0C0E6
:10BAE000C0CC804C804C805E8052805280738061DC
:10BAF00080610000000000000000C0C08060806124
:10BB00000033003B001E000C000C001E001F003B19
:10BB100080718061C0C00000000000000000C0C053
:10BB20008061806100330033001E001E000C000C99
:10BB3000000C000C000C000C000C000000000000C9
:10BB40000000803F803F8001000300030006000CDE
:10BB5000000C0018001800300060807F807F00001B
:10BB600000000000000F000F000C000C000C000C87
:10BB7000000C000C000C000C000C000C000C000C65
:10BB8000000C000C000F000F000000180018001837
:10BB9000000C000C000C000C00060006000600065D
:10BBA000000300030003000000000000001E001E50
:10BBB0000006000600060006000600060006000655
:10BBC000000600060006000600060006001E001E15
:10BBD0000000000C000C001E0012003300338061D6
:10BBE0008061000000000000000000000000000074
:10BBF0000000000000000000000000000000000045
:10BC00000000000000000000000000000000000034
:10BC100000000000E0FF0000000000380018000CE9
:10BC20000000000000000000000000000000000014
:10BC30000000000000000000000000000000000004
:10BC4000000000000000001F803F80618001801F15
:10BC5000803F80618063807FC0380000000000006A
:10BC600000000060006000600060006E007F807374
:10BC700080618061806180618073007F006E000060
:10BC80000000000000000000000000000000001E96
:10BC9000003F807380610060006080618073003FBE
:10BCA000001E0000000000000000800180018001F3
:10BCB0008001801D803F8073806180618061806130
:10BCC0008073803F801D0000000000000000000025
:10BCD000000000000000001E003F00738061807FB4
:10BCE000807F00608071003F001E000000000000A7
:10BCF0000000C007C00F000C000C807F807F000C8C
:10BD0000000C000C000C000C000C000C000C0000DF
:10BD1000000000000000000000000000801D803FC7
:10BD2000807380618061806180618073803F801D4D
:10BD300080018063007F003E0000006000600060C2
:10BD40000060006F807F80718061806180618061B0
:10BD5000806180618061000000000000000000063A
:10BD6000000600000000003E003E0006000600063F
:10BD700000060006000600060006000000000000A5
:10BD80000006000600000000003E003E000600061F
:10BD90000006000600060006000600060006004633
:10BDA000007E003C00000060006000600060806178
:10BDB00000630066006C007C0076006300638061B5
:10BDC000C0600000000000000000003E003E0006D1
:10BDD0000006000600060006000600060006000633
:10BDE0000006000600060000000000000000000041
:10BDF00000000000000080DDC0FFC0CEC0CCC0CC81
:10BE0000C0CCC0CCC0CCC0CCC0CC00000000000076
:10BE100000000000000000000000006F807F8071C3
:10BE200080618061806180618061806180610000EB
:10BE30000000000000000000000000000000001EE4
:10BE4000003F807380618061806180618073003F0A
:10BE5000001E0000000000000000000000000000C4
:10BE6000006E007F8073806180618061806180737B
:10BE7000007F006E00600060006000600000000055
:10BE800000000000801D803F8073806180618061C0
:10BE900080618073803F801D80018001800180016E
:10BEA000000000000000000000000067803F003933
:10BEB0000030003000300030003000300030000032
:10BEC0000000000000000000000000000000001E54
:10BED000803F80610060007F803F80018061007F43
:10BEE000001E000000000000000000000008001814
:10BEF0000018007F007F00180018001800180018B4
:10BF00000018801F800F00000000000000000000EB
:10BF100000000000000080618061806180618061BC
:10BF2000806180618063807F803D000000000000B0
:10BF300000000000000000000000C060803180317F
:10BF40008031001B001B001B000E000E00060000CD
:10BF5000000000000000000000000000000080DD84
:10BF600080DD80DD00550055005500770077002208
:10BF7000002200000000000000000000000000009F
:10BF80000000806100330033001E000C000C001E16
:10BF9000003300338061000000000000000000005A
:10BFA0000000000080618061803100330033001B9D
:10BFB000001B001B000E000E000E001C007C007019
:10BFC00000000000000000000000C07FC07F800172
:10BFD00000030006000C00180030C07FC07F000086
:10BFE000000000008003800700060006000600062F
:10BFF0000006000E001C001C000E000600060006D5
:10C000000006000680078003000600060006000602
:10C0100000060006000600060006000600060006F0
:10C020000006000600060006000600060038003C78
:10C03000000C000C000C000C000C000E00070007A8
:10C04000000E000C000C000C000C000C003C003832
:10C050000000000000000000000000000000803828
:10C06000807F00470000000000000000000000008A
:10C0700000000000000000000000000000000000C0
:10C0800000000000000000000000000000000000B0
:10C0900000000000000000000000000000000000A0
:10C0A0000000000000000000E003E003E003E00304
:10C0B000E003E003E003E003C003C003C001C001EC
:10C0C000C001C001C001000000000000E003E00367
:10C0D000E003000000000000000000003C1E3C1EC9
:10C0E0003C1E3C1E3C1E3C1E3C1E0000000000008E
:10C0F0000000000000000000000000000000000040
:10C10000000000000000000000000000000000002F
:10C11000CE01CE03DE039E039C039C07FF3FFF7FFF
:10C120003807380F780F780F780EFFFFFFFFF01EEB
:10C13000F01CE01CE03CE03DE039000000000000A5
:10C1400000000000FC03FE0FEE1FE01EE01EE01EDC
:10C15000E01EE01FE00FE007F003FC01FE01FE011E
:10C16000FE01FE01FE01FE01FE3DFC3FF00FE0017D
:10C17000E001000000000000033E07F78FE78EE7B4
:10C180009EE3BCE3B8E7F8E7F0F7E03FC001FF0348
:10C19000FF07F307F30FF31EF33CF338F3787FF058
:10C1A0003FE000000000000000000000E007F80F82
:10C1B000780F781F781F781F780FF00FE00F801F1F
:10C1C000C37FC3FBE7F3F7F1F7F0FFF07FF03EF832
:10C1D0007F7CFF3FEF1F0000000000000000000018
:10C1E000E003E003E003E003E003C003C00100005C
:10C1F000000000000000000000000000000000003F
:10C20000000000000000000000000000000000002E
:10C21000000000003F007C00F001E001C003C00707
:10C2200080078007800F000F000F000F000F000F26
:10C23000000F800F80078007C007C003E001F001F6
:10C240007C003F000F000000007E001FC007C003FD
:10C25000E001F001F000F000F800780078007800CC
:10C26000780078007800F800F000F000F001E001BC
:10C27000C003C007001F007E00780000E003C00379
:10C28000C001CE39FF3F7F3F20037003F807780FCE
:10C290003C1F380600000000000000000000000005
:10C2A000000000000000000000000000000000008E
:10C2B000000000000000000000000000C001C001FC
:10C2C000C001C001C001C001C001FFFFFFFFC001EC
:10C2D000C001C001C001C001C00100000000000099
:10C2E000000000000000000000000000000000004E
:10C2F000000000000000000000000000000000003E
:10C30000000000000000E003E003E003E003E001C0
:10C31000E001E001C0018003000000000000000017
:10C320000000000000000000000000000000FE3FD0
:10C33000FE3F0000000000000000000000000000C0
:10C3400000000000000000000000000000000000ED
:10C3500000000000000000000000000000000000DD
:10C360000000000000000000000000000000E003EA
:10C37000E003E003E0030000000000000000000014
:10C380000F000F001E001E003C003C0078007800EB
:10C39000F000F000E001E001C003C0038007800767
:10C3A000000F000F001E001E003C003C00780078CB
:10C3B00000F00000F007F80F7C1F3E3E1E3C1F7C83
:10C3C0001F7C0F780F780F780F780F780F780F7821
:10C3D0001F7C1F7C1E3C3E3E7C1FF80FF0070000B8
:10C3E0000000000000000000F000F007F03FF03F08
:10C3F000F001F001F001F001F001F001F001F001B5
:10C40000F001F001F001F001F001F001F001FF3F57
:10C41000FF3F00000000000000000000E00FF83FB8
:10C420007C3C3C003E003E003E003C003C007C006A
:10C43000F800F001E003C0078007000F001E003E77
:10C44000003CFE3FFE3F0000000000000000000036
:10C45000F00FF81F7C1C3E003E003E003C003C00FC
:10C46000F800F00FF80F7C003E001E001E001E00BA
:10C470001E003E007C1CF81FE01F000000000000B2
:10C48000000000007800F800F800F801F803F80751
:10C49000F807780F781E781E783C78787878FFFF58
:10C4A000FFFF7800780078007800780078000000BE
:10C4B0000000000000000000FC1FFC1FFC1F001E0D
:10C4C000001E001E001E001EE01FF81FFC007C0066
:10C4D0003E003E001E003E003E003C007C1CF81F5B
:10C4E000E01F00000000000000000000FC01FE074B
:10C4F0008E0F001F001E003E003C003CF83DFC3F3C
:10C500003E7F1F7E0F3C0F3C0F3C0F3C0F3E1F1E1B
:10C510003E1FFC0FF00300000000000000000000C0
:10C52000FF3FFF3FFF3F0F001E001E003C00380092
:10C530007800F000F000E001E001C003C0038007D4
:10C54000800F800F000F001F001F00000000000080
:10C5500000000000F807FC0F3E1F1E1E1E3E1E3E80
:10C560001E1E3C1FF80FF007F80FFC1E3E3E1F3C3E
:10C570001F7C0F7C0F7C1F3C3E3FFC1FF007000020
:10C580000000000000000000F007F80F7C1E3E3C99
:10C590001E3C1F7C1F7C1F7C1F7C1F3C3F3EFF1FDF
:10C5A000EF071F001E001E003E003C00F838F03F61
:10C5B000E01F00000000000000000000000000007C
:10C5C0000000000000000000E003E003E003E003DF
:10C5D0000000000000000000000000000000E00378
:10C5E000E003E003E00300000000000000000000A2
:10C5F000000000000000000000000000E003E00375
:10C60000E003E00300000000000000000000000064
:10C610000000E003E003E003E003E001E001E001EB
:10C62000C0038003000000000000000000000000C4
:10C6300003000F003F00FC00F003C00F003F00FEAE
:10C64000003FC00FF003FC003F000F00030000009C
:10C6500000000000000000000000000000000000DA
:10C66000000000000000000000000000FFFFFFFFCE
:10C67000000000000000FFFFFFFF000000000000BE
:10C6800000000000000000000000000000000000AA
:10C69000000000000000000000E000F8007E801FA5
:10C6A000E007F8017E001F007E00F801E007801F10
:10C6B000007E00F800E00000000000000000000024
:10C6C000F01FFC3F3E381F381F381E001E003C0084
:10C6D0007800F000E001C003C003C007C0070000FD
:10C6E00000000000C007C007C007000000000000F5
:10C6F00000000000F803FE0F1E1F0F3E7F3CFF7876
:10C70000EF79C773C7F38FF38FF38FF39FF39FF323
:10C71000FF73FF7BF779003C1C1FFC0FF803000040
:10C720000000000000000000000000000000E00326
:10C73000E003F007F007F007780F780F7C0E3C1E3F
:10C740003C1E3E3CFE3FFF3F1F780F780FF007F086
:10C7500007F00000000000000000000000000000E2
:10C760000000F83FFC3F3E3C1E3C1E3C1E3C3E3C55
:10C770007C3CF03FF83F7E3C1F3C1F3C0F3C0F3C95
:10C780001F3CFE3FF83F00000000000000000000DA
:10C79000000000000000FF01FF07871F003E003C73
:10C7A000007C00780078007800780078007C007CBD
:10C7B000003E003F831FFF07FF0100000000000054
:10C7C00000000000000000000000F07FFC7F7E7889
:10C7D0001F781F780F780F780F780F780F780F7801
:10C7E0000F780F781F781E787E78F87FE07F000042
:10C7F0000000000000000000000000000000FF3FFB
:10C80000FF3F003E003E003E003E003E003EFE3F39
:10C81000FE3F003E003E003E003E003E003EFF3F29
:10C82000FF3F0000000000000000000000000000CA
:10C830000000FF1FFF1F001E001E001E001E001E26
:10C84000001EFF1FFF1F001E001E001E001E001EF8
:10C85000001E001E001E000000000000000000007E
:10C86000000000000000FE03FF0F871F003E007C59
:10C87000007C007800F800F87FF87FF80F780F7CD4
:10C880000F7C0F3E8F1FFF0FFE0300000000000013
:10C89000000000000000000000001F7C1F7C1F7CC7
:10C8A0001F7C1F7C1F7C1F7C1F7CFF7FFF7F1F7CEA
:10C8B0001F7C1F7C1F7C1F7C1F7C1F7C1F7C00003B
:10C8C0000000000000000000000000000000FF3F2A
:10C8D000FF3FE003E003E003E003E003E003E003E5
:10C8E000E003E003E003E003E003E003E003FF3FD5
:10C8F000FF3F0000000000000000000000000000FA
:10C900000000FC1FFC1F7C007C007C007C007C0085
:10C910007C007C007C007C007C007C00780078003F
:10C92000F838F03FC03F00000000000000000000A9
:10C930000000000000001F3C1E3C3C3C783CF03CEA
:10C94000E03DE03FC03F803FC03FE03FF03DF03C76
:10C95000783C7C3C3E3C1F3C0F3C0000000000004B
:10C9600000000000000000000000003E003E003E0D
:10C97000003E003E003E003E003E003E003E003EC7
:10C98000003E003E003E003E003EFF3FFF3F0000F5
:10C9900000000000000000000000000000001FF880
:10C9A0001FFC1FFC3FFE3FFE3FFE7FFF77FF77FF30
:10C9B000F7F7E7F7E7F3E7F3C7F307F007F007F058
:10C9C00007F0000000000000000000000000000070
:10C9D00000000F7C0F7C0F7E0F7F0F7F8F7F8F7F7C
:10C9E000CF7FEF7BEF79FF79FF78FF787F783F7813
:10C9F0003F781F781F780000000000000000000052
:10CA0000000000000000F007FC1F3E3E1F7C0F7876
:10CA10000F780FF80FF80FF80FF80FF80FF80F78DE
:10CA20000F781F7C3E3EFC1FF00700000000000056
:10CA300000000000000000000000FC3FFF3F1F3E20
:10CA40000F3E0F3E0F3E0F3E1F3E3F3EFC3FF03F6E
:10CA5000003E003E003E003E003E003E003E000024
:10CA60000000000000000000000000000000F007CF
:10CA7000FC1F3E3E1F7C0F780F780FF80FF80FF861
:10CA80000FF80FF80FF80F780F781F7C3E3EFC1F51
:10CA9000F8077C003F000F000300000000000000CA
:10CAA0000000F03FFC3F7E3C3E3C1E3C1E3C3E3CBA
:10CAB0003C3CFC3CF03FE03FF03DF83C7C3C3E3CE5
:10CAC0001E3C1F3C0F3C0000000000000000000066
:10CAD000000000000000FC07FE1F0E3E003C003C72
:10CAE000003C003EC01FF80FFE037F001F000F0038
:10CAF0000F001F203E3CFC3FF01F00000000000024
:10CB000000000000000000000000FFFFFFFFE00346
:10CB1000E003E003E003E003E003E003E003E003FD
:10CB2000E003E003E003E003E003E003E0030000D0
:10CB300000000000000000000000000000000F7C6A
:10CB40000F7C0F7C0F7C0F7C0F7C0F7C0F7C0F7C8D
:10CB50000F7C0F7C0F7C0F7C1E3C1E3C3E3EFC1F5E
:10CB6000F0070000000000000000000000000000CE
:10CB7000000007F007F007F80F780F7C1E3C1E3C02
:10CB80001E3E3C1E3C1F781F780FF80FF007F00781
:10CB9000F007E003E00300000000000000000000D8
:10CBA00000000000000003E003F003F007F0E7F3EB
:10CBB000E7F3E7F3E773F77BF77FFF7F7F7F7F7F05
:10CBC0007E7F7E3F3E3E3E3E3E3E00000000000037
:10CBD0000000000000000000000007F80F7C1E3E6F
:10CBE0003E3E3C1FF80FF007E007E003E003F007CC
:10CBF000F80F7C0F7C1E3E3C1F780F780FF0000072
:10CC0000000000000000000000000000000007F825
:10CC100007780F7C1E3C1E3E3C1F780FF80FF00774
:10CC2000E003E003E003E003E003E003E003E003EC
:10CC3000E003000000000000000000000000000011
:10CC40000000FF7FFF7F0F001F003E007C00F80008
:10CC5000F000E001E003C007800F000F001E003E5F
:10CC6000007CFF7FFF7F000000000000000000004C
:10CC7000FF078007800780078007800780078007FD
:10CC8000800780078007800780078007800780076C
:10CC90008007800780078007800780078007FF07DD
:10CCA000FF07000000780078003C003C001E001EDA
:10CCB000000F000F80078007C003C003E001E00100
:10CCC000F000F000780078003C003C001E001E00E0
:10CCD0000F000F0007000000F07FF000F000F000F0
:10CCE000F000F000F000F000F000F000F000F000C4
:10CCF000F000F000F000F000F000F000F000F000B4
:10CD0000F000F000F000F07FF07F0000C000C001F4
:10CD1000C001E003E003F007F0077807780F380F51
:10CD20003C1E3C1E1E3C1E3C0F380F78077800004E
:10CD300000000000000000000000000000000000F3
:10CD400000000000000000000000000000000000E3
:10CD500000000000000000000000000000000000D3
:10CD600000000000000000000000FFFFFFFF0000C7
:10CD700000000000F00000000000000000000000C3
:10CD800000000000000000000000000000000000A3
:10CD90000000000000000000000000000000000093
:10CDA0000000000000000000000000000000000083
:10CDB00000000000F80FFC3F7C3C3E003E003E00BF
:10CDC000FE07FE1F3E3E3E7C3E783E7C7E7CFF3F63
:10CDD000CF1F00000000000000000000003C003CED
:10CDE000003C003C003C003CF83DFE3F3E3F1F3E07
:10CDF0000F3C0F3C0F3C0F3C0F3C0F3C1F3C1E3CBC
:10CE00003E3FFC3FF03B000000000000000000003F
:10CE1000000000000000000000000000FE03FF0F03
:10CE2000871F003E003E003C007C007C007C003CF4
:10CE3000003E003E871FFF0FFE03000000000000C1
:10CE4000000000001F001F001F001F001F001F0028
:10CE5000FF07FF1F3F3E1F3C1F7C1F7C1F7C1F786E
:10CE60001F781F7C1F7C3F3C7F3EFF1FDF0F0000B1
:10CE700000000000000000000000000000000000B2
:10CE800000000000F803FC0F3E1F1E3E1F3C1F7CED
:10CE9000FF7FFF7F007C007C003C003E071FFF0FF0
:10CEA000FE0300000000000000000000FF01E1039D
:10CEB000C003C007C007C007FF7FFF7FC007C007D0
:10CEC000C007C007C007C007C007C007C007C0072A
:10CED000C007C007C00700000000000000000000FD
:10CEE000000000000000000000000000EF07FF1F2E
:10CEF0007F3E1F3C1F7C1F7C1F781F781F781F7C84
:10CF00001F7C3F3C7F3EFF1FDF0F1E001E001E00E8
:10CF10007C38F83F003C003C003C003C003C003CBE
:10CF2000FC3DFE3F9E3F1F3F1F3E1F3C1F3C1F3CE2
:10CF30001F3C1F3C1F3C1F3C1F3C1F3C1F3C000074
:10CF40000000000000000000F001F00100000000FF
:10CF500000000000E07FE07FE001E001E001E0018F
:10CF6000E001E001E001E001E001E001E001E001B9
:10CF7000E00100000000000000000000F800F800E0
:10CF80000000000000000000F83FF83FF800F80043
:10CF9000F800F800F800F800F800F800F800F800D1
:10CFA000F800F800F800F800F800F000F071E07FF9
:10CFB000003C003C003C003C003C003C1F3C3E3C34
:10CFC0007C3CF83CF03DE03DC03FC03FE03FF03DE1
:10CFD000F83C7C3C3E3C1F3C1F3C00000000000035
:10CFE00000000000F07FF001F001F001F001F0011D
:10CFF000F001F001F001F001F001F001F001F001A9
:10D00000F001F001F001F001F001F001F001000089
:10D010000000000000000000000000000000000010
:10D02000000000009EF7FFFFFFFFFFFFE7FBE7F9AF
:10D03000C7F1C7F1C7F1C7F1C7F1C7F1C7F1C7F130
:10D04000C7F1000000000000000000000000000028
:10D050000000000000000000FC3DFE3F9E3F1F3F1F
:10D060001F3E1F3C1F3C1F3C1F3C1F3C1F3C1F3CE6
:10D070001F3C1F3C1F3C000000000000000000009F
:10D08000000000000000000000000000F007FC1F8E
:10D090003E3E1F3C1F7C0F780F780F780F780F787B
:10D0A0001F7C1F3C3E3EFC1FF007000000000000FC
:10D0B0000000000000000000000000000000000070
:10D0C000F83DFE3F3E3F1F3E0F3C0F3C0F3C0F3CE8
:10D0D0000F3C0F3C1F3C1E3E3E3FFC3FF83F003CD8
:10D0E000003C003C003C003C000000000000000050
:10D0F00000000000EE07FE1F7E3E1E3C1E7C1E78D8
:10D100001E781E781E781E781E7C3E7C7E3EFE1F9A
:10D11000DE0F1E001E001E001E001E00000000008C
:10D1200000000000000000007F1FFF1FE71FC71F57
:10D13000871F001F001F001F001F001F001F001F70
:10D14000001F001F001F0000000000000000000082
:10D15000000000000000000000000000FC07FE1FAF
:10D160000E1E003E003E003FE01FFC07FE003E009A
:10D170001E001E003E3CFC3FF01F000000000000AF
:10D18000000000000000000000008007800780070A
:10D19000FF7FFF7F80078007800780078007800769
:10D1A0008007800780078007C007FF03FF0100009A
:10D1B000000000000000000000000000000000006F
:10D1C000000000001E3C1E3C1E3C1E3C1E3C1E3C43
:10D1D0001E3C1E3C1E3C1E3C3E3C7E3CFE3EFE1F5A
:10D1E000DE0F000000000000000000000000000052
:10D1F000000000000000000007F00F780F781E3CD0
:10D200001E3C1E3E3C1E3C1E780F780FF00FF007B0
:10D21000F007E003E0030000000000000000000051
:10D2200000000000000000000000000003F0E3F137
:10D23000E3F3E7F3F7F3F7F3F77F777F7F7F7F7F02
:10D240007F7F3E3E3E3E3E3E3E3E000000000000F0
:10D2500000000000000000000000000000000000CE
:10D260000F7C1E3E3C3E3C1FF80FF007F007E0032A
:10D27000F007F807F80F7C1E3E3E1F3C1F780000A9
:10D28000000000000000000000000000000000009E
:10D290000000000007F80F780F7C1E3C1E3C3C1E6F
:10D2A0003C1E3C1F780FF80FF007F007E003E00387
:10D2B000C003C003C0038007800F007F0000000090
:10D2C0000000000000000000FF3FFF3F1F003E0085
:10D2D0007C00F800F001E003C007800F001F001E73
:10D2E000003CFF7FFF7F0000000000000000000006
:10D2F000FE01E003C003C003C003C003E001E0017E
:10D30000E001C001C003803F803FC003C001E001D5
:10D31000E001E001C003C003C003C003E003FE015D
:10D320007E000000C001C001C001C001C001C001F9
:10D33000C001C001C001C001C001C001C001C001E5
:10D34000C001C001C001C001C001C001C001C001D5
:10D35000C001C001C0010000C03FE003E001E001E6
:10D36000E001E001C001C003C003C001E001FE0014
:10D37000FE00E001C001C003C003C001E001E00104
:10D38000E001E001E003C03F003F000000000000BA
:10D39000000000000000000000000000000000008D
:10D3A0000000073FC77FE773FFF17EF00000000039
:10D3B000000000000000000000000000000000006D
:10D3C000809A45418E418F804545454949498E8F18
:10D3D0009092924F994F555559999A9B9C9D9E9F1B
:10D3E00041494F55A5A5A6A7A8A9AAABACADAEAF1C
:10D3F000B0B1B2B3B4B5B6B7B8B9BABBBCBDBEBFB5
:10D40000C0C1C2C3C4C5C6C7C8C9CACBCCCDCECFA4
:10D41000D0D1D2D3D4D5D6D7D8D9DADBDCDDDEDF94
:10D42000E0E1E2E3E4E5E6E7E8E9EAEBECEDEEEF84
:10D43000F0F1F2F3F4F5F6F7F8F9FAFBFCFDFEFF74
:10D4400060D4000800000020C41D0000C4010008D2
:10D45000C0DA0008C41D00204C4300002802000868
:10D46000D20001C3030410100AD14B0008254C0060
:10D47000083504126104229904111412ED181005E4
:10D480001201000223400E408304542600020102D0
:10D4900003010A0612100C010004030904F3310011
:10D4A00008DF0412FF081006053200080B041227DB
:10D4B0000412EF182009707500085C000020641247
:10D4C000E95012E30412CD5812E70412E51012CF0E
:10D4D0001412E16843FFFF88201683400008B33F21
:10D4E000000809490008014700089D4600087928FE
:10D4F00011081006AB430008BD0461B452A858E1FE
:10D50000DC100625440008F32C8355442C12CF3C34
:10D5100092E13C2128121528140B09022000010178
:10D5200004C03209112010020806500507058102C7
:10D5300040000007050107011E01150E220404002A
:10D5400006B70607080900019280011005C0E0F047
:10D55000F80100055FF0F0E08077216C70087C3EF8
:10D560001F0F07070301000C3D070F1F1F3F3F3F21
:10D570001F1F0F035F5007C0F0FCFEFEFF01A00657
:10D58000FEFEFCF8E0E400092EFCFE9F8F878381FD
:10D590008001351B040420E0C0801E9005071F7F1A
:10D5A000FF010005127F3F0F03011207F20009215E
:10D5B0003F7FFBF3E3C3830301351B2532062301C1
:10D5C000DB5201010920CA218780077CF8F0E0C006
:10D5D000C0ED390B410109658BC30101ED710102F9
:10D5E0009F000133FF8101012C072007C1C1C1FF4A
:10D5F000C1E10143FFF10713E1E1140230814D3035
:10D600000400FF40010120071FC0FF7803380E7897
:10D610004CFEFF7F7F7F4F4F4FFF4F5FA948055F55
:10D620005F477FB22C047F5FDF33031805FCF8F8F7
:10D63000FF0F012354124080322001011C07200AF1
:10D64000E0F8FEFF3FFF3337300E2006E0A0A0E0F9
:10D65000A01C2010E0E0E3E1FFE0E8E0E0E0A0FF54
:10D660002727231C100727233B6F21372C11880203
:10D6700022F05B300400FF1001011B0780053F1FF3
:10D6800013110E12902FC004D1F0FF01116F300E54
:10D69000F11F1FFF301010501011FFF0F315022082
:10D6A000FC5B300400FF0801012907BC09090808D8
:10D6B000E8090FFF2F280419F473787823463F9266
:10D6C00002201F5B300400FF0401013207100B84AD
:10D6D000C4C505FF87070525450E1C0E1E3474447E
:10D6E0000CFF041C34F4F4F4FF41050004227F1FF6
:10D6F000075B300400FF020101270700282642FFD4
:10D70000E2F2FEFFF7F2FF820A8F83F2FAFFFA06D7
:10D710001EF2FAFEFF76628A028282FFFE7A7E3F66
:10D720001F0FFF0303540D338003300E838387875D
:10D73000FF878D898F8F8FFF8F0113FF87150E3223
:10D740008380031D4907137C04021200021344382E
:10D75000060D469F074C10383838101018143454F2
:10D76000545010103810B40790047C447402FE7CAE
:10D77000CE07E10C8DB10621106DF706ADFE070155
:10D7800010328126A12AA14E0D1007074FFEFE730D
:10D79000062386860C3219011FFEFE1E057EFF2819
:10D7A00005152B43FFFF1AC3E6E60CA13221464FB5
:10D7B000FFFFBD062134615A414E80070606181846
:10D7C000E0E0568D410632060121365F07078A07E1
:10D7D000110843070718C10E011026810CE108014A
:10D7E000105A630101300D1B19062408E0505050F7
:10D7F000E000F01E31051D100B11126290121EF098
:10D800003E04111F2004505010055350A01E412DFE
:10D8100032F0140A3B20402D49092F0300490341EF
:10D82000051DEA0A11015201123119710D212A4117
:10D830001E2DDD0A31190D277009017D010242FFFD
:10D84000011C10C0FDFBE7C0FFC0DADADEFFC4FB3D
:10D85000FBC4380A8EC0450A011C3B0DFF00040DB5
:10D86000FF00040D12160A3C07F0282828F0003F9C
:10D870000B5D440B12101262C8121EF8BB07111F79
:10D880002004282808055328D01E52001942F01FF2
:10D890002300E02B0C04301020C0870B3DC9033D52
:10D8A000070C41054D130C5106C2010D712A71265A
:10D8B000520006214741090DFF00040DFF00040D31
:10D8C000FF00040D2E00080D28F5031F0808F703BC
:10D8D0005DF5031D03047005102010F82F0D3E5850
:10D8E0000F0D22F5035DE1036D03045DFA030D23C3
:10D8F00040100DFF00040D8700047D050401110692
:10D9000071050D21DD134280044D0004610891066C
:10D91000011BB43E1F620A2106400D1D001F12129A
:10D920001000111212120C0B111E0D23B70A1C0746
:10D930000C100C03000F5F0F120F312108A2094BCE
:10D940000D58C91112FE0123EE0606310C40056E7A
:10D95000B6D6EE0C400902020A2A2AD202020C3084
:10D96000057A4242FA0C014E80300BF71717D75652
:10D9700056561717F70C72960C4009141455555546
:10D98000D414140C3005945454950C0D4E0F1630CD
:10D990000B3F20202929292620203F0C92270C1DEF
:10D9A0006911622F186226180D8A00043006C0FA29
:10D9B000FAFAFD064EC5C60B0C0628F8E7DFE7F8B5
:10D9C000E1031008DDDADADAE6FFC14052C13B318B
:10D9D00046813F500ADFDFDFFFE1DEDEDEE1253298
:10D9E000C00C0D8F00040D17AE0FADD6070D1CEE49
:10D9F000076D2A080D1436080D2045030D10FC0F85
:10DA00002DC607ADD607ADD207EDEE078D2A088DDE
:10DA1000EA0F4D2A080D238D060D17BA07ADDE0754
:10DA2000012218ADEA0B8D44080D2CD1034DC30F14
:10DA30004DEF0F2DE70F4D11105D051021112D0732
:10DA4000101EC00B106D2A101F101015100D48D19C
:10DA5000034DC30F8D0110ADE70F5D12101E01D9EC
:10DA60001B6E012A106D34105203030DE900100DD6
:10DA7000393B08131F01021DAA061C091F110E00C5
:10DA80001F0E0E0E15152C0A0C1416151505040480
:10DA90000E6F1D1C0A070A0000ACAB000807961C9D
:10DAA00053ACA5081D201D4C0F0B12000018B3002D
:10DAB00008101A000074C0B41C0F10AD56DC1C0016
:040000050800018965
:00000001FF
