:020000040800F2
:10000000000002207DBF0108C5700108C970010809
:10001000CD700108D1700108D57001080000000002
:10002000000000000000000000000000D97001087E
:10003000DD70010800000000E1700108E5700108B2
:10004000CDBF0108CDBF0108CDBF0108CDBF01085C
:10005000CDBF0108CDBF0108CDBF0108CDBF01084C
:10006000CDBF0108CDBF0108CDBF0108E97001086F
:10007000CDBF0108ED700108CDBF0108F97001087E
:10008000CDBF0108CDBF0108CDBF0108CDBF01081C
:10009000CDBF0108CDBF0108CDBF0108CDBF01080C
:1000A000CDBF0108CDBF0108CDBF0108CDBF0108FC
:1000B000CDBF010805710108CDBF0108117101080C
:1000C000CDBF0108CDBF0108CDBF0108CDBF0108DC
:1000D000CDBF0108CDBF0108CDBF0108CDBF0108CC
:1000E000CDBF0108CDBF0108000000001D7101084F
:1000F00039710108CDBF0108CDBF0108CDBF01088E
:10010000CDBF0108CDBF0108CDBF01085571010861
:10011000CDBF0108CDBF0108617101086D710108F3
:10012000CDBF0108CDBF0108CDBF0108CDBF01087B
:10013000CDBF0108CDBF0108CDBF0108CDBF01086B
:10014000CDBF0108CDBF0108000000000000000085
:10015000CDBF0108CDBF0108CDBF0108CDBF01084B
:10016000CDBF0108CDBF0108CDBF0108CDBF01083B
:10017000CDBF0108CDBF0108CDBF010800000000C0
:10018000CDBF0108CDBF010879710108CDBF0108BD
:1001900085710108CDBF0108CDBF0108CDBF0108A1
:1001A000CDBF0108CDBF0108CDBF0108CDBF0108FB
:1001B000CDBF0108CDBF0108CDBF0108CDBF0108EB
:1001C000CDBF0108CDBF0108CDBF0108CDBF0108DB
:1001D000CDBF010891710108CDBF0108CDBF010855
:1001E000CDBF0108CDBF0108CDBF0108CDBF0108BB
:1001F000CDBF0108CDBF0108CDBF0108CDBF0108AB
:10020000CDBF0108CDBF0108CDBF0108CDBF01089A
:10021000CDBF01089D710108A9710108CDBF01087A
:10022000CDBF0108CDBF0108CDBF0108CDBF01087A
:10023000CDBF0108CDBF0108CDBF0108CDBF01086A
:10024000CDBF0108CDBF0108CDBF0108CDBF01085A
:10025000CDBF0108CDBF0108CDBF0108CDBF01084A
:10026000CDBF0108CDBF0108CDBF0108CDBF01083A
:10027000CDBF0108CDBF0108CDBF0108CDBF01082A
:10028000CDBF0108CDBF0108CDBF010800000000AF
:08029000CDBF0108CDBF01083C
:1002A00010B5054C237833B9044B13B10448AFF3B0
:1002B00000800123237010BD3C19002400000000C1
:1002C0008C97020808B5034B1BB103490348AFF3F1
:1002D000008008BD00000000401900248C9702082F
:1002E000034613F8012B002AFBD1181A0138704776
:1002F00001F0FF01102A2BDB10F0070F08D010F8D7
:10030000013B013A8B422DD010F0070F42B3F6D1DA
:10031000F0B441EA012141EA014122F007047FF0F3
:1003200000070023F0E80256083C85EA010586EA4A
:10033000010685FA47F5A3FA87F586FA47F6A5FA86
:1003400087F68EB9EED1F0BC01F0FF0102F0070292
:1003500032B110F8013B013A83EA010313B1F8D13D
:100360000020704701387047002D06BF354603381E
:10037000073815F0010F07D1013015F4807F02BF57
:10038000013015F4C03F0130F0BC0138704700BFA8
:1003900080F0004002E000BF81F0004142001FBF3A
:1003A0005FEA410392EA030F7FEA226C7FEA236C43
:1003B0006AD04FEA1262D2EB1363C1BFD218414038
:1003C00048404140B8BF5B42192B88BF704710F0CE
:1003D000004F40F4000020F07F4018BF404211F071
:1003E000004F41F4000121F07F4118BF494292EAD9
:1003F000030F3FD0A2F1010241FA03FC10EB0C0005
:10040000C3F1200301FA03F100F0004302D5494291
:1004100060EB4000B0F5000F13D3B0F1807F06D33E
:1004200040084FEA310102F10102FE2A51D2B1F136
:10043000004F40EBC25008BF20F0010040EA03002B
:100440007047490040EB000010F4000FA2F10102D8
:10045000EDD1B0FA80FCACF1080CB2EB0C0200FA62
:100460000CF0AABF00EBC25052421843BCBFD040B0
:100470001843704792F0000F81F4000106BF80F42A
:1004800000000132013BB5E74FEA41037FEA226CED
:1004900018BF7FEA236C21D092EA030F04D092F0B8
:1004A000000F08BF0846704790EA010F1CBF0020EC
:1004B000704712F07F4F04D1400028BF40F0004049
:1004C000704712F100723CBF00F50000704700F069
:1004D000004343F0FE4040F4000070477FEA226290
:1004E00016BF08467FEA23630146420206BF5FEA61
:1004F000412390EA010F40F4800070474FF0000361
:1005000004E000BF10F0004348BF40425FEA000C27
:1005100008BF704743F0964301464FF000001CE0CF
:1005200050EA010208BF70474FF000030AE000BF25
:1005300050EA010208BF704711F0004302D5404263
:1005400061EB41015FEA010C02BF844601460020D5
:1005500043F0B64308BFA3F18053A3F50003BCFAF0
:100560008CF2083AA3EBC25310DB01FA02FC63449D
:1005700000FA02FCC2F12002BCF1004F20FA02F2A4
:1005800043EB020008BF20F00100704702F1200297
:1005900001FA02FCC2F1200250EA4C0021FA02F2F8
:1005A00043EB020008BF20EADC70704753B94AB938
:1005B000002908BF00281CBF4FF0FF314FF0FF306B
:1005C00000F072B9ADF1080C6DE904CE00F006F848
:1005D000DDF804E0DDE9022304B070472DE9F047BF
:1005E000089E04468846002B4BD18A42154667D99F
:1005F000B2FA82F24AB1C2F1200701FA02F320FAFC
:1006000007F7954047EA030894404FEA154E230C3C
:10061000B8FBFEF71FFA85FC0EFB178843EA084378
:1006200007FB0CF1994209D9EB1807F1FF3080F074
:100630001B81994240F21881023F2B445B1AA4B2FD
:10064000B3FBFEF00EFB103344EA034400FB0CFC4A
:10065000A44509D92C1900F1FF3380F00781A44586
:1006600040F2048102382C4440EA0740A4EB0C0419
:1006700000271EB1D4400023C6E900433946BDE837
:10068000F0878B4209D9002E00F0EB800027C6E9E5
:10069000000138463946BDE8F087B3FA83F7002FEA
:1006A00047D18B4202D3824200F2FA80841A61EB76
:1006B000030301209846002EE0D0C6E90048DDE79C
:1006C00002B9FFDEB2FA82F2002A40F08F80491BA5
:1006D0004FEA154E1FFA85F80127B1FBFEFC230CEB
:1006E0000EFB1C1143EA014308FB0CF1994207D9A8
:1006F000EB180CF1FF3002D2994200F2CD80844613
:10070000591AA3B2B1FBFEF00EFB101443EA0444E5
:1007100008FB00F8A04507D92C1900F1FF3302D2DD
:10072000A04500F2B6801846A4EB080440EA0C404D
:100730009FE7C7F1200CBB4022FA0CFE4EEA030EE5
:1007400001FA07F420FA0CF521FA0CF34FEA1E48DF
:100750002543B3FBF8F92C0C08FB19331FFA8EFA6A
:1007600044EA034309FB0AF49C4202FA07F200FA46
:1007700007F10BD91EEB030309F1FF3080F08780EE
:100780009C4240F28480A9F1020973441B1BADB264
:10079000B3FBF8F008FB103345EA034400FB0AFA08
:1007A000A24508D91EEB040400F1FF336BD2A24529
:1007B00069D90238744440EA0940A0FB0289A4EBDD
:1007C0000A044C45C2464B4654D351D0002E69D042
:1007D000B1EB0A0564EB030404FA0CFCFD40FC4099
:1007E0004CEA0505C6E90054002747E7C2F120039B
:1007F00020FA03F7954001FA02F021FA03F34FEAD9
:10080000154E3843010CB3FBFEF71FFA85F80EFBBB
:10081000173341EA034107FB08F38B4204FA02F461
:1008200007D9691807F1FF3C2FD28B422DD9023F1F
:100830002944CB1A81B2B3FBFEF00EFB103341EA20
:10084000034100FB08F38B4207D9691800F1FF3C14
:1008500017D28B4215D902382944C91A40EA0747F2
:100860003BE73746304609E70746E7E61846FBE62A
:100870004145ABD2B8EB020A69EB0E0201381346D0
:10088000A4E76046E9E7184695E76746D1E7814661
:100890007CE702382C4447E7ACF1020C2B442FE7ED
:1008A000384608E73746E9E6704700BF1D49002291
:1008B0001D4B1E4870B4D1F888401D4D44F470049F
:1008C0001C4EC1F888400C6944F004040C611C689B
:1008D000194944F001041C601A611C68204018602A
:1008E0009A61DA611A629A62DA621A635A639A63E7
:1008F000DA631A645A64186820F4802018601A6653
:100900006B6A43F480436B6233681940B1F1005F56
:1009100002D20A4B01221A60024B4FF0006270BCF7
:100920009A60704700ED00E0004402587FEDF6EA5F
:10093000C00000580010005C0000FFFF088100515B
:1009400082B08DF807009DF80730202B08D89DF85D
:100950000730054ADBB232F8130080B202B07047AC
:10096000002002B0704700BFB004043000EB40002C
:10097000044B01EB4101C00000EB8100184490EDF5
:10098000000A7047981B002400EB4000044B01EB69
:100990004101C00000EB8100184490ED010A70474E
:1009A000981B002400EB4000044B01EB4101C00008
:1009B00000EB8100184490ED020A7047981B002458
:1009C000431E632B00D9704702464FF48E710220FC
:1009D00015F0F2B808B54FF48E71022015F0A4FCA2
:1009E000C0B208BD431E632B00D97047024640F2D7
:1009F0001D11022015F0E0B808B540F21D110220CB
:100A000015F092FCC0B208BD431E632B00D970479D
:100A100002464FF49071022015F0CEB808B54FF49D
:100A20009071022015F080FCC0B208BD431E632BFC
:100A300000D97047024640F22111022015F0BCB8DF
:100A400008B540F22111022015F06EFCC0B208BDBD
:100A5000431E632B00D9704702464FF48F7102206A
:100A600015F0AAB808B54FF48F71022015F05CFCA0
:100A7000C0B208BD431E042B00D97047024640F2A5
:100A80001F11022015F098B808B540F21F1102207E
:100A900015F04AFCC0B208BD08B533200DF02EFF9A
:100AA00031200DF02BFF32200DF028FF15F0C4FC93
:100AB000052115F039FC012817D015F0BDFC0421E3
:100AC00015F032FC01280CD015F0B6FC032115F00E
:100AD0002BFC012800D008BD3220BDE808400DF0F5
:100AE00003BF31200DF000FFEEE733200DF0FCFED8
:100AF000E3E700BF08B507200DF000FF06200DF06A
:100B0000FDFE05200DF0FAFE04200DF0F7FE15F0B5
:100B100093FC0B2115F008FC032817D8DFE800F040
:100B2000110C07020720BDE808400DF0DDBE0620CD
:100B3000BDE808400DF0D8BE0520BDE808400DF026
:100B4000D3BE0420BDE808400DF0CEBE08BD00BFF6
:100B5000002310B41A46114CE11803F5F870013364
:100B600081F8A220042B81F8F22124F81020F3D17F
:100B7000002384F8F02309481A46C11803F5FA74D3
:100B8000013381F84A21042B81F89A2220F814209D
:100B9000F3D180F8F1235DF8044B7047C81000389A
:100BA0002DE9F04F00232DED0C8B97B09FEDBCBBD2
:100BB0009FEDBDAB9FEDBE9B9FEDBF8B9FEDC0CB6F
:100BC0000393C14B0493039AA8234FF0000903FB3E
:100BD00002F39100019303F16053059103F58653ED
:100BE000083300931AF0E2FC484540F3FF80B64B0F
:100BF0005FFA89F79DF80C60162205993046DFF8F8
:100C0000D0825C5A394603F051FA0546162239461D
:100C1000304608F6FC7A03F0CBFA4FF48F710544A6
:100C2000022015F081FB9FEDA97AC3B240F21F119B
:100C300002202C4407EE903A40F2FF3524B2F8EE41
:100C4000677A24EAE47487EE87DA15F06DFB4FF4D7
:100C50008F718346022015F067FBAC42C0B2DAED1B
:100C6000004AA8BF2C465FFA8BF307EE900A3A467B
:100C700008EB840407EE103AB8EE675B009BB8EE11
:100C8000477B314606A885EE0B6B94ED005AC5EE06
:100C9000245A37EE467BB0EE4D6AF7EEC7DBA5EE81
:100CA000AD6AB7EEC66A86EE0A7BBCEEC77B83ED03
:100CB000007A1AF06BFCBDF91A30542B40F3C48053
:100CC0004FEA49040199009AB0EE007B04EB090554
:100CD000DFF800B21368B0EE490B01EB85058B44D9
:100CE00005F1605505F5865508356B6092ED001AE3
:100CF000B8EE411B87EE011B27F05AFF049B1C2214
:100D000039465B883046B7EEC00B0293B7EE006BF6
:100D100085ED020A95ED027AB7EEC77A37EE467B8B
:100D200087EE086BB7EEC66B85ED036A03F0BEF97C
:100D300005461C223946304603F03AFA029B284405
:100D40009AED007A3A46314603440EA81BB283F36B
:100D50000A0308EB8308D8ED006AC6EE877AA7EE8F
:100D6000ADDAB7EECDDA8DEE0A7BBCEEC77B8BED4C
:100D7000547A1AF00BFCBDF93A30542B3FDD019A3E
:100D80004C44B0EE007B09F1010902F1605302EB23
:100D90008404B0EE490B03F5865304F16054083324
:100DA00004F58654D3F850210834C4F8542193ED47
:100DB000541AB8EE411B87EE011B27F0F9FEB7EE7F
:100DC000C00BB7EE006B84ED560A94ED567AB7EE81
:100DD000C77A37EE467B87EE086BB7EEC66B84EDBD
:100DE000576A1AF0E3FB48453FF701AF049B043311
:100DF0000493039B002B4DD101230393E3E60421CD
:100E00003046DBF8508115F08FFA3A4605463146F8
:100E100012A81AF0BBFBBDF94A309BED546AC3F12E
:100E20005403B8EE466B08FB03F805FB08F507EE24
:100E3000905AB8EE677B87EE0C5B35EE067BBCEE16
:100E4000C77B8BED547A9AE7009B052130461D68DD
:100E500015F06AFA3A46044631460AA81AF096FB9B
:100E6000BDF92A30009AC3F1540392ED006A05FBE4
:100E700003F5B8EE466B04FB05F407EE904AB8EEB6
:100E8000677B87EE0C5B35EE067BBCEEC77B82EDA5
:100E9000007A15E717B0BDEC0C8BBDE8F08F00BFF2
:100EA0000000000000408F402D431CEBE2361A3F4B
:100EB000DDB66DDBB66DDB3F87C6FAD0581FEABFE3
:100EC0000000000000005240D01B002400007A44C3
:100ED00018F60208C81000382DE9F84340F2FF3632
:100EE0000F4645002A4B964281464FF48F714FF0D2
:100EF000020028BF1646EA194D4407EB470723F8BE
:100F0000126015F011FA40F21F1180460220ED0028
:100F100015F00AFA4FF48F710446022015F004FA16
:100F20001C4BC0B29FED1C6A5FFA88F807EE900A6E
:100F300003EB860603F6FC73E2B2B8EE675B07EEDE
:100F4000908AD3ED004A07EE102AF8EE677A96ED04
:100F5000004A124B05EB87059FED0B3BC7EE866AF7
:100F60001D4484EE246A85EE034BB8EE477B37EED2
:100F7000447BB7EEC77BF0EE667AE6EE077AC5ED06
:100F8000007ABDE8F88300BF0000000000408F40F9
:100F9000D01B002418F6020800007A44981B002495
:100FA0002DE9F84340F2FF360F4645002A4B9642A2
:100FB00081464FF490714FF0020028BF1646EA199F
:100FC0004D4407EB470723F8126015F0ADF940F2E6
:100FD000211180460220ED0015F0A6F94FF4907122
:100FE0000446022015F0A0F91C4BC0B29FED1C6A0C
:100FF0005FFA88F807EE900A03EB860603F6FC73A7
:10100000E2B2B8EE675B07EE908AD3ED004A07EED6
:10101000102AF8EE677A96ED004A124B05EB870529
:101020009FED0B3BC7EE866A1D4484EE246A85EE75
:10103000034BB8EE477B37EE447BB7EEC77BF0EE51
:10104000667AE6EE077AC5ED017ABDE8F88300BF5F
:101050000000000000408F40D81B002418F6020852
:1010600000007A44981B00242DE9F04F00232DED59
:101070000C8B97B09FEDBECB9FEDBFBB9FEDC0AB80
:101080009FEDC19B9FEDC28B0393C54B0493039AC5
:10109000A8234FF0000AC34F03FB02F39100019312
:1010A000DF1905911AF082FA504540F30481BC4BD8
:1010B0005FFA8AF89DF80C60172205993046DFF830
:1010C000EC925C5A414602F0F1FF05461722414678
:1010D000304609F6FC7B03F06BF84FF49071054441
:1010E000022015F021F99FEDB07AC3B240F2211130
:1010F00002202C4407EE903A24B2F8EE677A24EAF4
:10110000E474C7EE87DA15F00FF94FF490710546D5
:10111000022015F009F940F2FF33C0B2DBED004ABE
:101120009C42424607EE900A3146A8BF1C46EBB2ED
:10113000B8EE675B06A809EB840407EE103A85EE6B
:101140000C6B94ED005AC5EE245AB8EE477B37EE8F
:10115000467BB0EE6D6AB7EEC7DBA5EE8D6AB7EEE3
:10116000C66A86EE0B7BBCEEC77B87ED0D7A1AF064
:101170000DFABDF91A30542B40F3CD804FEA4A04E2
:10118000019A7B6BB0EE007B04EB0A05B0EE4A0BD4
:1011900002EB850505F1605505F586550835AB630D
:1011A00097ED0D1AB8EE411B87EE011B27F000FDED
:1011B000049B1D2241465B883046B7EEC00B02936C
:1011C000B7EE005B85ED0F0A97ED1A6A95ED0F7A81
:1011D000B7EEC66AB7EEC77A36EE496B37EE457B97
:1011E00026EE077B87EE086BB7EEC66B85ED106ABF
:1011F00002F05CFF05461D224146304602F0D8FF52
:10120000029B28449BED007A4246314603440EA8D7
:101210001BB283F30A0309EB8309D9ED006AC6EE1A
:10122000877AE7EE8DDAB7EEED7A87EE0B6BBCEEE0
:10123000C66B87ED616A1AF0A9F9BDF93A30542BF3
:1012400042DD019A5444D7F88431B0EE007B02EBC2
:101250008404B0EE4A0B0AF1010A04F1605404F56B
:1012600086540834C4F8883197ED611AB8EE411BF2
:1012700087EE011B27F09CFCB7EEC00BB7EE005BBE
:1012800084ED630A97ED6E6A94ED637AB7EEC66AF1
:10129000B7EEC77A36EE496B37EE457B26EE077B15
:1012A00087EE086BB7EEC66B84ED646A1AF07EF9C0
:1012B00050453FF7FCAE049B04330493039B002B83
:1012C0004FD101230393E2E604213046D7F88491FD
:1012D00015F02AF842460546314612A81AF056F98A
:1012E000BDF94A3097ED616AC3F15403B8EE466B1D
:1012F00009FB03F905FB09F507EE905A9FED264B14
:10130000B8EE677B87EE045B35EE067BBCEEC77BF1
:1013100087ED617A95E7052130467D6B15F004F87D
:101320004246044631460AA81AF030F9BDF92A307F
:1013300097ED0D6AC3F15403B8EE466B05FB03F558
:1013400004FB05F407EE904A9FED134BB8EE677B64
:1013500087EE045B35EE067BBCEEC77B87ED0D7A2E
:101360000CE717B0BDEC0C8BBDE8F08FAFF300803D
:101370000000000000408F402D431CEBE2361A3F76
:10138000CBF7470A2673703FFC2ABEC788E9F03EB8
:101390008470EE2CDEFFEFBF000000000000524022
:1013A000D81B0024C810003800007A4418F6020840
:1013B0002DE9F04F4FF00008DFF8C0902DED028BC3
:1013C0009FED2D8A83B02D4B4FF0A80A002703EB29
:1013D000880301932A4B0AFB083A33E0019B1C88DF
:1013E00002F018FE06461021584602F0BBFE3318E4
:1013F0001E2158462344B9F802401BB223EAE37386
:10140000AB42A8BF2B4607EE903AF8EEE77A87EE9C
:10141000887A8AED1A7A02F0FDFD06461E215846AA
:1014200002F0A0FE3044044424B224EAE474AC4246
:10143000A8BF2C4607EE904AF8EEE77A87EE887A46
:101440008AED6E7A1AF0B2F8B8425FFA88FB40F281
:10145000FF354FF0100107F101075846BEDC09F1D6
:101460000409B8F1000F02D14FF00108ABE703B057
:10147000BDEC028BBDE8F08F00C07F44E01B002470
:10148000C810003840F2FF3301EB40019A4210B41B
:1014900028BF1A46024C24F811205DF8044B70470F
:1014A000E01B0024000000002DE9F04F00232DED8B
:1014B0000A8B97B09FED9EAB9FED9F9B9FEDA08BFE
:1014C0009FEDA1BB0393A24B0493039AA8234FF073
:1014D0000008A04F03FB02F391000193DF1905916F
:1014E0001AF064F8404540F3CA80994B5FFA88FAD5
:1014F000059A9DF80C6051469C5A11223046DFF83F
:101500005C9202F0D3FD04444FF48E71022023B2AA
:1015100009F6FC7B23EAE37414F006FFC3B29FEDE7
:101520008E7A40F21D11022007EE903AF8EE677AAB
:10153000C7EE87CA14F0F8FE4FF48E7105460220FC
:1015400014F0F2FE40F2FF33C0B2DBED004AA342DA
:10155000EAB207EE900A3146A8BF234607EE102AEA
:10156000B8EE675B524609EB8303B8EE477B06A8EB
:1015700085EE0A6B93ED005AC5EE245A37EE467B92
:10158000B0EE6C6AB7EEC7CBA5EE8C6AB7EEC66A52
:1015900086EE097BBCEEC77B87ED1B7A19F0F6FF60
:1015A000BDF91A30542B40F398804FEA4804019952
:1015B000FA6EB0EE007B04EB0803B0EE480B01EBD3
:1015C000830303F1605303F5865308331A6797EDDD
:1015D0001B1A0293B8EE411B87EE011B27F0E8FAB5
:1015E000049B1F2251465D883046B7EEC00B029B1C
:1015F00083ED1D0A02F05AFD05449BED007A524628
:101600002DB231460EA885F30A0509EB8509D9EDFF
:10161000006AC6EE877AE7EE8CCAB7EEEC7A87EE00
:10162000096BBCEEC66B87ED6F6A19F0AFFFBDF9B1
:101630003A30542B2CDD019A4444D7F8BC31B0EE3B
:10164000007B02EB8404B0EE480B08F1010804F1C2
:10165000605404F586540834C4F8C03197ED6F1A0D
:10166000B8EE411B87EE011B27F0A2FAB7EEC00BC4
:1016700084ED710A19F09AFF40453FF736AF049B9D
:1016800004330493039B002B4BD1012303931CE7EA
:1016900004213046D7F8BC9114F046FE5246054668
:1016A000314612A819F072FFBDF94A3097ED6F6A02
:1016B000C3F15403B8EE466B09FB03F905FB09F5CA
:1016C00007EE905AB8EE677B87EE0B5B35EE067B34
:1016D000BCEEC77B87ED6F7AADE705213046FD6E26
:1016E00014F022FE5246044631460AA819F04EFF75
:1016F000BDF92A3097ED1B6AC3F15403B8EE466B6F
:1017000005FB03F504FB05F407EE904AB8EE677B92
:1017100087EE0B5B35EE067BBCEEC77B87ED1B7A55
:1017200043E717B0BDEC0A8BBDE8F08FAFF3008044
:101730000000000000408F402D431CEBE2361A3FB2
:10174000CBF7470A2673703F0000000000005240AC
:10175000C81B0024C810003800007A4418F602089C
:1017600008B5FFF71DFAFFF77FFCBDE80840FFF75B
:101770009BBE00BF000000002DE9F84340F2FF3699
:101780000F4645002A4B964281464FF48E714FF02A
:10179000020028BF1646EA194D4407EB470723F815
:1017A000126014F0C1FD40F21D1180460220ED00D0
:1017B00014F0BAFD4FF48E710446022014F0B4FD0B
:1017C0001C4BC0B29FED1C6A5FFA88F807EE900AC6
:1017D00003EB860603F6FC73E2B2B8EE675B07EE36
:1017E000908AD3ED004A07EE102AF8EE677A96ED5C
:1017F000004A124B05EB87059FED0B3BC7EE866A4F
:101800001D4484EE246A85EE034BB8EE477B37EE29
:10181000447BB7EEC77BF0EE667AE6EE077AC5ED5D
:10182000027ABDE8F88300BF0000000000408F404E
:10183000C81B002418F6020800007A44981B0024F4
:1018400039B1A821074B01FB00F0034483F8F121D3
:101850007047A821034B01FB00F0034483F8A1204B
:10186000704700BFC810003810B40A4BA82441B11B
:1018700004FB00200121034483F8F2115DF8044BBE
:10188000704704FB00200121034483F8A2105DF897
:10189000044B7047C8100038012938B504461ED0E3
:1018A0000321154614F040FD68B104EB840312498E
:1018B00005EB85021B0103EB8203194491EDAB0A92
:1018C000B1EE400A38BD04EB84040B4905EB8502F8
:1018D000230103EB8203194491EDAB0A38BD00EB01
:1018E0008003054902EB82021B0103EB82031944CA
:1018F00091EDD30A38BD00BFC810003800EB80005E
:10190000044B01EB8101000100EB81000344B3F8BB
:1019100050037047C81000382DE9F84F00264FF0EB
:101920000008F5B219F042FE40455FFA88F94FF021
:101930001501284629DD01F053F9152204464946D0
:10194000284602F0B3FB152249460746284602F016
:101950002FFC83460B2010F0BDFF494682460B2228
:10196000284610F083FE204408EB86020949C3197B
:1019700008F1010802F5F8725B4453441BB283F38B
:101980000A039BB221F81230CCE70EB90126C6E754
:10199000BDE8F88FC8100038014B1954704700BFDC
:1019A000B814003870B51821054602F083FA50B912
:1019B0004FF48C74114E04FB05F433195B7C03F077
:1019C000FF0013B970BD002070BD2846182102F039
:1019D000B5F96FF4FF71325D0844094B07EE900AC8
:1019E00003EB8203F8EEE77A93ED007A67EE877AED
:1019F000FDEEE77A17EE903A18B270BDC8000430D9
:101A000018F40208F0B40C4F4FF48C7505FB007508
:101A10006B7C73B100244FF0460C1CFB0043013477
:101A200007EB83035E7E8E4200D1DA766B7CA342A5
:101A3000F3DCF0BC704700BFC8000430F0B40C4FBA
:101A40004FF48C7505FB00756B7C73B100244FF06F
:101A5000460C1CFB0043013407EB83031E7E8E42C1
:101A600000D1DA766B7CA342F3DCF0BC704700BF98
:101A7000C800043030B40B4D4FF48C7404FB005498
:101A8000637C63B14623002203FB00F0831801321C
:101A9000063305EB8303D970637C9342F6DC30BCDC
:101AA000704700BFC8000430F8B51821044602F0A2
:101AB00059FA00283AD11F4E4FF48C7101FB046192
:101AC0004A7C02F0FF037AB34A7C02F0FF037AB348
:101AD0004627024617FB0423013206EB8303DD7E13
:101AE000854201D9D87EC0B24B7C9A42F2DB10F01D
:101AF000800F0CBF05467F252046182102F04AF9C9
:101B00006FF4FF720C4B104403EB850307EE900A51
:101B100093ED007AF8EEE77A67EE877AFDEEE77AE2
:101B200017EE903A18B2F8BD1846F8BD0020F8BD7F
:101B30001D46E1E7C800043018F4020810B5002380
:101B4000124C40F223110220A4F8D232A4F8D03271
:101B5000237384F82431637484F82931637384F81F
:101B60002531A375E37584F82E3184F82F3114F0F4
:101B7000DBFB4FF49271C3B2022084F8D53214F02B
:101B8000D3FBC0B284F8D60210BD00BFC800043039
:101B900016490246B1F8D23203EB83030B44F0B48A
:101BA000D3F8300282B00090104693F83442B1F876
:101BB000D2329DF800C001339DF801709DF802609B
:101BC0009BB29DF803508DF80440A1F8D232B1F8D1
:101BD000D23203F01F03A1F8D23282F800C057704E
:101BE0009670D570147102B0F0BC7047C800043014
:101BF000074BB3F8D022B3F8D212B3F8D002914217
:101C0000B3F8D23288BF2030C01A80B2704700BF0C
:101C1000C800043008B540F22311022014F084FB00
:101C2000C0B208BD012800D9704710B5024604466D
:101C30004FF49271022013F0BFFF024B83F8D6429B
:101C400010BD00BFC800043008B54FF492710220E7
:101C500014F06AFBC0B208BD024B03EB800090EDAC
:101C6000000A704758190024044B33F810300E2B2B
:101C700002D8034AD05C704701207047FC1C002446
:101C8000B8970208014B33F810007047FC1C002481
:101C9000184A08B592F82431DBB2012B0AD1002191
:101CA000154882F82D11437082F8263182F82C11E4
:101CB00082F82A1140F22311022014F035FBC0B241
:101CC00001280ED10B4A137BDBB2012B00D008BDDB
:101CD0000021094893754370517593731175917480
:101CE00008BD4FF48571022014F01EFB0028E9D0D6
:101CF00008BD00BFC80004306419002410B540F2CC
:101D00002311022014F010FB10F0FF0F11D04FF43C
:101D10008571022014F008FB02280AD0274B1B7B98
:101D2000012B3DD0254B93F82401C0B201282AD0C5
:101D300010BD4FF48571022014F0F6FA012810D07E
:101D40001E4B93F82401C0B20128F1D1002114F0F8
:101D5000EBFA0128ECD111F0DFFABDE810400DF0EC
:101D600033B8164B1B7B012BE2D10021084614F03F
:101D7000DBFA0128DCD1002011F018FB0020BDE8BF
:101D800010400DF027B8002114F0CEFA01280446C7
:101D9000CED111F00BFB2046BDE810400DF01AB873
:101DA0000021084614F0C0FA0128BBD1002011F030
:101DB000FDFA00200DF00EF8B4E700BFC8000430B3
:101DC000014B01221A54704764190024084B1A5C15
:101DD00062B14FF48C71074A01FB00F130B40A4440
:101DE000002501241D54D47530BC7047704700BFD6
:101DF00064190024C8000430012800D9704730B4A9
:101E000040F2FF34144B154AA14203F6FC7502EB75
:101E1000800228BF2146D5ED007A114C03EB8103E7
:101E200024F8101093ED007A87EE276A9FED065B89
:101E30009FED077B30BCB7EEC66AA6EE057BB7EE1A
:101E4000C77B82ED007A70476666666666E6334059
:101E50009A9999999999B93F18F602085819002446
:101E6000F81C0024000000002DE9F84F344D4FF01D
:101E7000000A344F344E2DED088B9FED2BAB9FEDB8
:101E80002C9B9FED2D8B95ED00BAA5F6FC755FFAA6
:101E90008AF92E4B484633F81A40FFF783FD8346F4
:101EA0004846FFF701FE834406201FFA8BFB10F023
:101EB00011FD06218046484610F02AFC0BEB00037A
:101EC000B0EE495B4FF48C724344F7EE006A02FBBC
:101ED0000A6223441BB283F30A0305EB83019BB21E
:101EE000D1ED007AA7FB0313194987EE8B7A5B09C2
:101EF00021F81A30B7EEC77AA7EE0A5BB7EEC57BBA
:101F000086EE876AB7EEC66A86EE087BBCEEC77BB4
:101F100082ED017ABAF1000F03D0BDEC088BBDE869
:101F2000F88F4FF0010AB2E76666666666E63340F0
:101F30009A9999999999B93F2D431CEBE2361A3F2A
:101F400014060308DB81B976C8000430F81C0024AD
:101F5000FC1C0024032906D84FF48C72024B02FBB0
:101F600000F00344D9737047C800043003290CD82B
:101F70004FF48C72054B02FB00F010B403440024B4
:101F800019749C745DF8044B70477047C8000430A6
:101F9000F0B5384C4FF48C76D2B206FB0046757C17
:101FA000B5B1757EAA4260D04FF0460EA44600251A
:101FB0000EFB00FE04E00CEB84046478A24254D0D3
:101FC0000135777C0EEB0504BD4204F10604F2DB1B
:101FD000284E4FF48C7505FB00656C7C1F2C44D893
:101FE0004FF0460C95F811E0C9B200240CFB00F745
:101FF000BE440EF1060E06F82E10697C39440631F7
:1020000006EB81014A706A7C3A44063206EB820292
:1020100093706B7C3B44063306EB8303DC706B7C74
:102020000133DBB26B746B7C03F0FF019BB1224682
:102030006746214617FB0023013206EB83039C7E93
:102040008C4201D9997EC9B26B7C9342F2DC11F0CB
:10205000800F18BF7F214FF48C73064A03FB00F0FA
:10206000831881545A7C012A00D0F0BD5A689A60C6
:10207000F0BD00BFC8000430104890F82931BBB152
:10208000002200EB8203013293F83011C9B21976B5
:1020900093F83111C9B2597693F83211C9B29976D1
:1020A00093F83311C9B2D97690F829319342E8DC1C
:1020B000024A92F82931DBB253747047C8000430E9
:1020C000F0B4084C235C1F2B09D803EB4016064DD7
:1020D000013305EB860705F8261023547A70F0BC0F
:1020E000704700BF60190024E81B00242DE9F04769
:1020F000244E335C013B1F2B3AD8174688460546D1
:102100000024DFF884904FEA401A06E05B78BB4277
:1021100013D0D4B2735DA3422CD910F093FC0AEB18
:102120000403022804F1010209EB8303EED10AEB58
:10213000040319F823304345EBD1735D2246A342D3
:102140001CD0013B9A4212DA541C0AEB02010AEB42
:102150000400E2B209EB810409EB800C19F820704D
:102160009A429CF8010009F821706070ECDB73550D
:10217000BDE8F087A3424FF00002E2D10020BDE8A5
:10218000F08700BF60190024E81B0024F8B5594F00
:102190004FF48C7404FB0074657C15B1657C202DB4
:1021A00029D94FF48C73534E03FB00F3F418627C6F
:1021B00002F0FF05002A78D0637C03F0FF019BB199
:1021C00000224627114617FB0023013206EB83034A
:1021D0009D7E8D4201D9997EC9B2637C9342F2DC27
:1021E00011F0800F18BF7F214FF48C73414A03FB1D
:1021F00000F01154F8BD667C06F0FF05FEB14FF00B
:10220000460E264600250EFB00FE09E007EB84047F
:102210006478944213D05FFA8CF5747CAC4260D938
:102220000EEB0504022B05F1010C04F10604EDD1BF
:102230000EEB0504063417F824408C42EBD12B46F4
:102240002C4E4FF48C7707FB00677A7C9A424ED075
:102250007B7C013BAB4216DD00EB8004C4EBC40485
:102260006400691C25440A1906EB8503CDB206EB10
:102270008202517EC9B25976127ED2B21A767B7C26
:10228000013B9D42EDDB4FF48C721A4B02FB00F2D6
:1022900013445A7C013AD2B25A745A7D002A80D033
:1022A0005A7D013A52B25A757BE70446124AF554F8
:1022B0004FF485710220155514F036F8022813D01A
:1022C000204611F073F84FF48C700A4B0022012164
:1022D00000FB04F003445A745A7599731A759A7482
:1022E000F8BD2B460025ABE711F016F8EBE7002010
:1022F000F8BD00BFC800043060190024F8B5274FAE
:102300007B7C03B3002402E07B7CA3421BDD07EB54
:10231000840640F21B1102200134757E14F004F88B
:10232000EDB28542F0D3357E0124767E10F08AFB33
:10233000EDB20346F6B2002029463246FFF726FFEB
:102340007B7CA342E3DC154F97F829312BB30024A3
:1023500003E097F82931A3421FDD07EB840640F222
:102360001B110220013496F8315113F0DDFFEDB25C
:102370008542EED296F83051012496F8316110F082
:1023800061FBEDB20346F6B2204629463246FFF71E
:10239000FDFE97F82931A342DFDCF8BDC800043008
:1023A000014B00221A54704760190024894A4FF4E7
:1023B0008C7303FB00232DE9F0475B7BA0B0044640
:1023C000022B39D0012824D040F22311022013F02F
:1023D000ABFF10F0FF0F0DD04FF48571022013F00A
:1023E000A3FF022806D0204610F0E0FF20460CF0A4
:1023F000F1FC03E010F090FF0CF0E6FC4FF48C725F
:10240000744B012102FB04F42344197320B0BDE88E
:10241000F087557BEDB2022DD6D14FF48571284659
:1024200013F082FF0028CFD1284640F2231113F089
:102430007BFF10F0FF0FC7D14FF48571022013F01E
:1024400073FF022843D1634B002201219046994635
:102450005A745A7599731A759A7483F8292183F8F6
:102460002D2183F8261183F82C2183F82A210025B9
:102470005FFA88F706E019F089F89DF81730012B0C
:1024800011D0013519F092F8A842EEB239466846EB
:1024900032465EDD19F07AF89DF800303246394652
:1024A000012B04A8E7D13246394608A819F06EF886
:1024B000BDF922A0324639460CA819F067F85246F9
:1024C0009DF8343000210120FFF762FDD9E74FF479
:1024D0008571022013F028FF002871D04FF48C7111
:1024E0003C4B0022012001FB04F115460B445A74B9
:1024F0005A7598731A759A7406E019F047F89DF8A2
:102500005730012B11D0013519F050F8A842EEB226
:10251000214610A832463ADD19F038F89DF84030CF
:1025200032462146012B14A8E7D13246214618A88D
:1025300019F02CF8BDF96270324621461CA819F03A
:1025400025F83A469DF8743000212046FFF720FD1B
:10255000D9E700255FFA88F601E019F03FF819F095
:1025600025F8A842E9B24FF0000305F101054FF04C
:1025700004023046F1DC4FF48C73012203FB089314
:102580005A73B8F1000F7FF41FAF90466FE7002534
:1025900001E019F023F819F009F8A842E9B24FF068
:1025A000000305F101054FF004022046F1DC4FF471
:1025B0008C72084B012102FB04F21344597303E7A8
:1025C00040F22311022013F0AFFE10F0FF0F3FF492
:1025D0003AAF83E7C8000430012838B5044638D044
:1025E0004FF48C72284B02FB04F213445A7B012AED
:1025F00004D1002202215A745A7559734FF48C7019
:10260000214B0022012500FB04F040F2231103447A
:1026100002201A735A745A759D731A759A7413F0BE
:1026200083FE10F0FF0F0ED04FF48571022013F0DF
:102630007BFE022807D0204610F0B8FE2046BDE8F9
:1026400038400CF0C7BB10F067FEBDE838400CF016
:10265000BBBB0D4D6B7B012BC2D14FF485710220AA
:1026600013F062FE0028BBD140F22311022013F0C8
:102670005BFEC0B20028B3D16B7B012BB0D102232B
:10268000687468756B73ABE7C8000430012800D923
:10269000704738B50446244D024640F2231102200B
:1026A00013F08AFA85F8D5421CB1BDE838400EF027
:1026B000B1BD4FF48571022013F036FE012811D010
:1026C0002B7B012BF1D103F0F1FE03281ED9002052
:1026D000FFF782FF0022144B11461046DA7413F004
:1026E0006BFAE2E795F82431012BDED103F0DEFE30
:1026F000032812D90120FFF76FFF00220A4B0120A7
:10270000114683F82B2113F057FACEE713F094FE0D
:102710000028DCD103F072FFD9E713F08DFE012809
:10272000E8D103F06BFFE5E7C80004304FF48C728A
:1027300038B502FB00F21D4B05460C4613441B7BCB
:1027400049B9012B15D04FF48C72184B02FB05F5DB
:102750002B44DC7438BD13B1022CF4D938BD03F01E
:10276000A5FE032814D92846FFF720FE022CF5D831
:10277000E9E703F09BFE032811D92846FFF72CFF59
:102780004FF48C72094B02FB05F52B44DC74E1E736
:102790000CF05EFC0130E6D103F0FEFEE3E70CF046
:1027A00057FC0130E9D103F029FFE6E7C800043007
:1027B0004FF48C72024B02FB00F00344187B70470D
:1027C000C80004304FF48C71074B002201FB00F06D
:1027D00010B4034401245A745A759C731A759A7480
:1027E0005DF8044B704700BFC8000430F0B589B0F5
:1027F000064603F05BFE032845D9284F4FF48C753D
:1028000005FB06752C7BE4B2012C28D002230024A2
:102810006B7318F0CBFEA042E5B23146684604F176
:1028200001042A4627DD18F0B1FE9DF80030012B87
:1028300023D04FF48571022013F076FD0228E8D1F1
:102840002A46002104A818F0A1FE9DF81030012BA3
:10285000DFD129460422002018F0C0FED9E74FF44A
:102860008571022013F060FDA0B997F8D5328BB9BD
:102870007C7387F8254109B0F0BD04222946304613
:1028800018F0ACFED5E70CF0E3FB0130B5D103F056
:1028900095FEB2E76C7309B0F0BD00BFC80004300C
:1028A00070B50646002418F081FEA042E5B24FF054
:1028B00000034FF004023046294604F101040FDD05
:1028C00018F08CFE4FF48571022013F02DFD0228C4
:1028D000E9D1002329460422184618F07FFEE2E7DA
:1028E0004FF48C72274B02FB06F21344587BC0B2A4
:1028F00002283AD04FF48C72224B02FB06F21344AA
:102900001B7B012B1DD04FF48571022013F00CFDB1
:1029100002281ED04FF48C711A4B002201FB06F6E0
:1029200033445A745A755A7303F0C0FD032800D912
:1029300070BD0CF08DFB0130FAD1BDE8704003F0A2
:102940004FBE40F22311022013F0EEFC10F0FF0FF7
:10295000D9D10C4B00225A745A755A7383F8292125
:1029600083F82D2183F82521DEE74FF4857113F0DC
:10297000DBFC022803D0304610F018FDBAE710F057
:10298000CBFCB7E7C80004304FF48C72034B002136
:1029900002FB00F00344597459757047C8000430B5
:1029A0004FF48C72024B02FB00F00344587B7047DB
:1029B000C8000430204800221021F8B505461F4CFD
:1029C0001BF098F801221021284604F5A0771BF08F
:1029D00091F8012613E0A3880133A380012204218A
:1029E00028461BF087F8A388032B1AD0B3F5967FEF
:1029F00004F10A0408BF04F8046CBC421AD0002297
:102A0000042128461BF076F8202128461BF06CF89C
:102A100000230028DFD0A380A67066702370A37106
:102A2000DCE7002326700A3404F8083C04F8093C6B
:102A3000BC42E4D1F8BD00BF0018025808000024D1
:102A40001F29034607D90C4A03CA12881860184682
:102A50001A8159607047084A01EB810102EB41017C
:102A600010B448680C680A891C60586018461A81BE
:102A70005DF8044B704700BF080000241F2805D8EC
:102A800000EB8000024B002240001A54704700BF48
:102A9000080000241F2806D800EB8000024B00220B
:102AA00003EB4000427070470800002438B5054D24
:102AB0000024E0B20134FDF743FF25F8020F212C7A
:102AC000F7D138BD421D002438B5054D0024E0B2D1
:102AD0000134FDF735FF25F8020F212CF7D138BD61
:102AE000FE1C0024014B33F810007047001D002429
:102AF00008B50FF009F97D200FF028F942220649A8
:102B00004FF4FA200FF0ACF9422204490448BDE822
:102B100008400FF0A5B900BF441D0024001D00248B
:102B200042D0070008B5422205494FF4FA200FF0C1
:102B30005BF9422203490448BDE808400FF054B94C
:102B4000441D0024001D002442D00700F0B54FF4BE
:102B5000E773CD000F4C83B003FB00F36F1A0646FA
:102B600003EB470323449B89022B01D1012A0AD995
:102B70004FF4E7736D1A03FB06F101EB45012144A5
:102B80008A8103B0F0BDCDE9001212F0EFFADDE961
:102B90000012EDE7AC1D0024012800D9704700EBBE
:102BA0004010024B014433F81100704748210024C3
:102BB000012800D97047FFF7C9BF00BF012800D91D
:102BC00070474FF4E773C1EBC101044A03FB00F007
:102BD00000EB41011144087B704700BFAC1D00248D
:102BE00038B504460D4602204FF4857113F09CFB66
:102BF000022802D0012C06D938BDA5F11803DBB29A
:102C0000082B12D901244FF4E773C5EBC5050C4915
:102C100003FB04F404EB45054B199A89012A0DD0F6
:102C20000AD3022AE8D1188938BD40F2091222FAE3
:102C300003F3DB07E6D5DDE7988838BD485B38BD90
:102C4000AC1D002438B505460C4602204FF48571B2
:102C500013F06AFB02280CD028464FF4E773C4EB4C
:102C6000C4040A4A03FB00F000EB44001044C0888F
:102C700038BDA4F11803DBB2082B05D840F20912C5
:102C800022FA03F3DB07E7D40120E6E7AC1D0024BA
:102C900038B505460C4602204FF4857113F044FB0D
:102CA00002280CD028464FF4E773C4EBC4040A4A48
:102CB00003FB00F000EB44001044408838BDA4F151
:102CC0001803DBB2082B05D840F2091222FA03F3ED
:102CD000DB07E7D40120E6E7AC1D002438B5044645
:102CE0001F2900F2C081DFE811F03E005A00BE014A
:102CF000BE01BE01BE0176009200BE01BE01BE0152
:102D0000AE00BE01BE01BE01BE01CA00E800BE01A8
:102D1000BE01BE01BE010601240142015001BE01F7
:102D2000BE018601A20120006A011E21FFF758FFA3
:102D3000012102462046FEF7A5FB4FF485710220D3
:102D400013F0F2FA012C40F09881022840F09581AE
:102D50001E210120FFF744FF012102460020BDE8AB
:102D60003840FEF78FBB0021FFF73AFF01462046AF
:102D70000BF03EFE4FF48571022013F0D5FA012CC2
:102D800040F07B81022840F0788100210120FFF78C
:102D900027FF01460020BDE838400BF029BE012185
:102DA000FFF71EFF014620460BF020FF4FF4857110
:102DB000022013F0B9FA012C40F05F81022840F0A4
:102DC0005C8101210846FFF70BFF01460020BDE8AA
:102DD00038400BF00BBF0621FFF702FF01462046EB
:102DE00016F0ECFB4FF48571022013F09DFA012CD4
:102DF00040F04381022840F0408106210120FFF786
:102E0000EFFE01460020BDE8384016F0D7BB072191
:102E1000FFF7E6FE0146204616F0AEFB4FF4857143
:102E2000022013F081FA012C40F02781022840F0A3
:102E3000248107210120FFF7D3FE01460020BDE8D1
:102E4000384016F099BB0B21FFF7CAFE0146204619
:102E500016F0F4FB4FF48571022013F065FA012C93
:102E600040F00B81022840F008810B210120FFF780
:102E7000B7FE01460020BDE8384016F0DFBB102148
:102E8000FFF7AEFE002102462046FEF7FBFA4FF4A4
:102E90008571022013F048FA012C40F0EE800228E0
:102EA00040F0EB8010210120FFF79AFE002102463E
:102EB0000846BDE83840FEF7E5BA1121FFF790FE5D
:102EC000002102462046FEF757FC4FF48571022090
:102ED00013F02AFA012C40F0D080022840F0CD8077
:102EE00011210120FFF77CFE002102460846BDE8C3
:102EF0003840FEF741BC1621FFF772FE0021024662
:102F00002046FDF7E9FF4FF48571022013F00CFA1B
:102F1000012C40F0B280022840F0AF801621012041
:102F2000FFF75EFE002102460846BDE83840FDF787
:102F3000D3BF1721FFF754FE002102462046FEF7BB
:102F40002FF84FF48571022013F0EEF9012C40F0B8
:102F50009480022840F0918017210120FFF740FE65
:102F6000002102460846BDE83840FEF719B818218E
:102F7000FFF736FE01462046FEF73EFF4FF485710F
:102F80000220BDE8384013F0CFB91921FFF728FE21
:102F90000146204616F034F84FF48571022013F0F4
:102FA000C3F9022869D1012C67D119210120FFF74B
:102FB00017FE01460020BDE8384016F021B81F2159
:102FC000FFF70EFE012102462046FEF7D5FB4FF427
:102FD0008571022013F0A8F9012C4ED102284CD1A2
:102FE0001F210120FFF7FCFD012102460020BDE862
:102FF0003840FEF7C1BB1C21FFF7F2FD012102465C
:103000002046FDF769FF4FF48571022013F08CF91B
:10301000022832D1012C30D11C210120FFF7E0FD24
:10302000012102460020BDE83840FDF755BF1D21B3
:10303000FFF7D6FD012102462046FDF7B1FF4FF410
:103040008571022013F070F9022816D1012C14D1D9
:103050001D210120FFF7C4FD012102460020BDE82B
:103060003840FDF79DBF0D4602204FF4857113F0E7
:103070005BF9022801D1012C00D038BD063D192D85
:10308000FBD801A353F825F0FB2D0008332E0008D0
:103090007B3000087B3000087B3000086B2E000876
:1030A0007B3000087B3000087B3000087B30000854
:1030B000A52E0008E12E00087B3000087B300008B8
:1030C0007B3000087B3000081D2F0008592F0008B6
:1030D0007B300008AB2F00087B3000087B300008F5
:1030E0001930000851300008512D0008E12F000868
:1030F00000EB4010012110B4064C431E04F12002E5
:103100002344104403F8011F8342FBD15DF8044BB4
:10311000704700BFCC21002400EB4010002110B408
:10312000064C431E04F120022344104403F8011FFF
:103130008342FBD15DF8044B704700BFCC210024D3
:1031400002292DE9F8431F460E46154604469DF810
:1031500020304AD001295AD0002944D101287BD9F6
:103160007BBB4601DFF8D89333184B449B5C43BBD1
:10317000A5F10C03DBB2142B40F2608229462046F5
:10318000FFF72EFD381A00B20BF026FF092800F2D7
:103190007F82012326449C42B14409F8053010D8AF
:1031A0004FF4E77140F2FF320E23DFF890C301FBCA
:1031B00004F1BA4203FB051328BF3A469C44ACF81D
:1031C000042029462046FFF789FD012C40F25A8150
:1031D000D84CFF08635DBB4205D0FFB22846394694
:1031E0000FF050FC6755BDE8F8831146FFF72AFD44
:1031F000D14A04EB4413012C2B4422F8130040F273
:10320000858029462046BDE8F843FFF767BD114693
:10321000FFF718FDC84A04EB4413012C2B4422F895
:1032200013004DD929462046FFF7DAFC381A00B2C0
:103230000BF0D2FE092800F27C8229462046FFF7D7
:103240004DFD012CCFD840F2FF32DFF8F0C2E9008B
:10325000BA4228BF3A464EE0D1004FF4E772460129
:10326000DFF8D8C2A1EB050902FB00F206EB00086B
:10327000DFF8D0E202EB490208EB050962442EF8C0
:10328000197092F80CE0BEF1020F00F0A180BEF1BF
:10329000010F00F0FB80BEF1000F00F03F824FF401
:1032A000E77340F2FF32491B03FB04F4BA421346B2
:1032B00004EB410128BF3B468C44ACF8063087E75D
:1032C000E9004FF4E77340F2FF32DFF870C2481BA9
:1032D00003FB04F3BA4203EB400328BF3A460CEB6E
:1032E00003002CF80320037B022B21D0002B00F0DD
:1032F0002B81012BA1D04FF4E773491B03FB04F48E
:1033000004EB41018C44ACF802206CE74FF4E77207
:1033100040F2FF30C5EBC503884902FB04F2874247
:1033200002EB430328BF07460B449E811F8168E7D9
:1033300029462046FFF754FC381A00B20BF04CFE29
:10334000092840F267810FF06BFB022800F06281D0
:103350000FF066FB01287FF474AF29462046FFF783
:103360003FFCB84205D929462046FFF791FCB842F8
:103370000DD329462046FFF733FCB842BFF461AFB6
:1033800029462046FFF784FCB8427FF65AAF29460B
:103390002046FFF725FC294606462046FFF778FC25
:1033A000012C3FF64AAF33184FF4E77C40F2FF316F
:1033B0000E22DB1B0CFB04FC9BB202FB05C2DFF8F8
:1033C0007CC18B42944428BF0B46ACF8083034E7EC
:1033D00040F2FF332946BB4228BF3B469380FFF7AC
:1033E000FFFB381A00B20BF0F7FD092805D80022C0
:1033F00029462046FFF7AAFBE3E60FF0FFFA022872
:1034000000F00E810FF0FAFA01287FF4DEAE2946B3
:103410002046FFF7E5FBB84205D929462046FFF7CD
:1034200011FCB8420DD329462046FFF7D9FBB8421C
:10343000BFF4CBAE29462046FFF704FCB8427FF626
:10344000C4AE29462046FFF7CBFB29460646204658
:10345000FFF7F8FB012C3FF6B4AE33184FF4E77CCE
:1034600040F2FF310E22DB1B0CFB04FC9BB202FB83
:1034700005C2DFF8C8C08B42944428BF0B46ACF8A5
:1034800008309EE6DFF8B4C0E90008E740F2FF33F9
:103490002946BB4228BF3B469380FFF7A1FB381A61
:1034A00000B20BF099FD0928A1D90FF0A7FA022864
:1034B00000F0E0800FF0A2FA01287FF486AE2946E2
:1034C0002046FFF78DFBB84205D929462046FFF775
:1034D000B9FBB8420DD329462046FFF781FBB8421D
:1034E000BFF473AE29462046FFF7ACFBB8427FF627
:1034F0006CAE29462046FFF773FB29460646204658
:10350000FFF7A0FB012C3FF65CAE33184FF4E771D8
:1035100040F2FF300E22DB1B01FB04F1DFF81CC080
:103520009BB202FB0512834228BF03462CF80230EF
:1035300047E600BF881D002434220024AC1D00246F
:10354000CC2100244821002429462046FFF748FBCF
:10355000381A00B20BF040FD09285BD90FF060FA71
:10356000022857D00FF05CFA01287FF46AAE294692
:103570002046FFF735FBB84205D929462046FFF71C
:1035800087FBB84225D329462046FFF729FBB842DE
:1035900005D229462046FFF77BFBB84219D82946B9
:1035A0002046FFF71DFBB84205D929462046FFF704
:1035B0006FFBB8420DD829462046FFF711FBB842F1
:1035C000BFF43FAE29462046FFF762FBB842BFF486
:1035D00038AE29462046FFF703FB2946064620461B
:1035E000FFF756FB012C3FF628AE33184FF4E77C6B
:1035F00040F2FF310E22DB1B0CFB04FC9BB202FBF2
:1036000005C2DFF844C18B42944428BF0B46ACF896
:10361000043012E6012229462046FFF797FA0CE60D
:10362000474A32F81900381A00B20BF0D5FC0528C9
:103630007FF6E8AE012C3FF6C4ADD8E6414A22FA47
:1036400003F3DB077FF59AAD012C3FF6BAADDFF847
:10365000F8C0E9004FF4E77340F2FF32491B03FB67
:1036600004F3BA4203EB410128BF3A468C44ACF85C
:103670000420A6E504EB4413314A2B4432F813002E
:10368000381A00B20BF0A8FC05287FF613AFD1E77B
:103690000FF0B4F902283FF47CAD0FF0AFF9012828
:1036A0007FF493AD29462046FFF79AFAB84205D930
:1036B00029462046FFF7C6FAB8420DD329462046D0
:1036C000FFF78EFAB842BFF480AD29462046FFF7D7
:1036D000B9FAB8427FF679AD29462046FFF780FA5D
:1036E000064629462046FFF7ADFA3318012CA3EB16
:1036F00007039BB23FF665AD4FF4E77140F2FF3030
:103700000E22DFF844C001FB04F1834202FB0512E4
:1037100028BF03469444ACF8043052E5002B99D1FD
:10372000DFF82890C84418F80530002B3FF420AD8E
:1037300090E70FF075F902283FF47FAD12E700BF64
:1037400034220024C3901000AC1D0024CC2100249E
:10375000F0B58000104F114D3B1844185B5C55F8D4
:1037600024601F2B09D8DFF838C00CEB441C1CF870
:1037700003E00CF80320A6EB0E0601333244384474
:10378000DBB245F82420202B08BF002343545011FE
:1037900020EAE070C0B2F0BDB8220024C0220024AC
:1037A000E0220024012808D8042906D8044B00EBA5
:1037B000400003EB4000405670474FF0FF30704729
:1037C00054010024012808D8042906D8044B00EB32
:1037D000400003EB4000405670474FF0FF30704709
:1037E00048010024F8B50C4605464FF485710220C7
:1037F00012F09AFD022804F10C0C04F1180700D114
:10380000FDB105EB4505164B164A6900164EAD0095
:103810000B440A442E44196821609988134BA180F7
:1038200011682B44C4F806109288628107CEE060CC
:10383000CCF80410CCF8082007CBA0617960BA60FE
:10384000F8BD0B4B0B4A19680B4D216099880B4B47
:10385000A1801168C4F806109288628107CDE6E75E
:103860005401002448010024881900246819002408
:103870005A0100244E0100249419002474190024D4
:1038800000EB40000A462DE9F0434FEA400C0B687C
:10389000274D89468600274F45F80C3005EB0C0470
:1038A000B1F804E007EB0C0306354FF0FF08A4F86D
:1038B00004E04FF0000E51F8060F47F80C00AC443E
:1038C00089885F1E1C4D998052F80C0F35441B4BA4
:1038D000516892683344AE1E07C559F8180F9D1EF3
:1038E000D9F80410D9F8082007C314F9013B0133B3
:1038F000DBB2222B17F8013F03F1010388BF04F864
:10390000018CDBB2222B36F8023F88BF87F800809B
:10391000B3F5806F35F8023F28BFA6F800E0B3F595
:10392000806F28BFA5F800E06445DED1BDE8F083D4
:103930005401002448010024881900246819002437
:10394000F0B599B0044660224FF4F2206946194D53
:103950000EF04AFA184904EB4400184C184A460085
:103960008300013E0001023B354434440DF10A0658
:1039700019441A440DEB000306EB000E15F901CFB4
:1039800014F9017F23F802CB734531F8026F32F846
:10399000020F5F81DE825884F0D10EF0B5F97920F4
:1039A0000EF0D4F9694660224FF4F2200EF058FA76
:1039B00019B0F0BD540100248819002448010024E6
:1039C00068190024F0B599B0044660224FF4F22043
:1039D0006946144D0EF008FA0DF10A0704EB440095
:1039E0001149124C4300124A8600013B0001023E7D
:1039F0001D441C4407EB000E0DEB00033144324420
:103A000033F902CB5F897345DE8A588C05F801CF04
:103A100004F8017F21F8026F22F8020FF0D119B0EB
:103A2000F0BD00BF5401002488190024480100247F
:103A30006819002470B5134A4FF0FF34124B4FF64B
:103A4000FF766FF0FE2140F2FF1514600020147124
:103A5000D480168196721D819D82C3E90011C3E94D
:103A6000031112F075FD48B1012012F071FD00B193
:103A700070BD0120BDE87040FFF762BFFFF760FF37
:103A8000F2E700BF540100248819002470B5134ADE
:103A90004FF0FF34124B4FF6FF766FF0FE2140F2ED
:103AA000FF15146000201471D480168196721D8158
:103AB0009D82C3E90011C3E9031112F049FD48B129
:103AC000012012F045FD00B170BD0120BDE870403D
:103AD000FFF736BFFFF734FFF2E700BF48010024CD
:103AE0006819002430B54FF48571ADB0044602204A
:103AF00012F01AFC022809D02C4B28A821461A5D86
:103B000017F044FD9DF8A5002DB030BD274C0021D5
:103B10006846227817F03AFD6278012104A89DF8E2
:103B2000005017F033FD9DF8103000212278AB4291
:103B30001ED018A817F02AFD9DF86030012B0FD079
:103B40000121627820A817F021FD9DF8801001293D
:103B5000DAD124A8627817F019FD9DF89500D3E713
:103B60001CA82278002117F011FD9DF87500CBE705
:103B700008A817F00BFD627801210CA89DF82550CC
:103B800017F004FD9DF83530AB4207D210A822781B
:103B9000002117F0FBFC9DF84500B5E714A86278FA
:103BA000012117F0F3FC9DF85500ADE784190024BE
:103BB0002DE9F043002795B0DFF8D8800024FEB24D
:103BC00005E017F0E3FC9DF80030012B5ED017F004
:103BD000EDFCA042E5B23146684604F101042A46F4
:103BE000EFDC0FB90127E9E70027DFF8A8900024F0
:103BF000FEB217F0DBFCA042E5B2314604A804F1A6
:103C000001042A4619DD17F0C1FC9DF81030012B84
:103C1000EFD12A46314608A817F0B8FC19F807205A
:103C200031460CA89DF8258017F0B0FC9DF8353082
:103C3000434538BF07F80950DBE70FB90127D6E73E
:103C400000270024FEB205E0294603223046013455
:103C500017F0C4FC17F0AAFCA042E5B2314610A848
:103C60002A460DDD17F092FC032C4FF00003EBDC2D
:103C70009DF8462029463046FFF76AFD0346E3E7F4
:103C80000FB90127DDE715B0BDE8F08307F808504C
:103C9000A7E700BF84190024014B1954704700BFE7
:103CA0008019002420291CD800EB400330B40E4CAE
:103CB000002504EB4303013B13F9014F8C4206D06E
:103CC0000135052DF8D14FF0FF3030BC704700EBC7
:103CD00040030649002005EB430521F8152030BCC0
:103CE00070476FF0010070475401002488190024C8
:103CF00020291CD800EB400330B40E4C002504EB07
:103D00004303013B13F9014F8C4206D00135052DC9
:103D1000F8D14FF0FF3030BC704700EB400306494C
:103D2000002005EB430521F8152030BC70476FF0EB
:103D300001007047480100246819002438B5054681
:103D40000C4602204FF4857112F0EEFA022808BFEB
:103D50000125202C0ED82BB20B4A002103EB430384
:103D600002EB4303013B13F9012FA24204D00131BE
:103D70000529F8D1054838BD05EB4505044B01EB95
:103D8000450133F9110038BD5401002418FCFFFF30
:103D90008819002438B505460C4602204FF4857179
:103DA00012F0C2FA022808BF0125202C0ED82BB22F
:103DB0000B4A002103EB430302EB4303013B13F9DE
:103DC000012FA24204D001310529F8D1054838BDA0
:103DD00005EB4505044B01EB450133F9110038BDF6
:103DE0004801002418FCFFFF6819002420291BD873
:103DF00000EB4003002230B40D4D05EB4303013BC3
:103E000013F9014F8C4206D00132052AF8D14FF048
:103E1000FF3030BC704700EB4003FF21002005EB72
:103E20004303995430BC70476FF00100704700BFE6
:103E30005401002400EB40000449FF2340000A180D
:103E40000B5453709370D370137170474801002462
:103E500000EB40000449FF2340000A180B54537044
:103E60009370D370137170475401002420291BD81C
:103E700000EB4003002230B40D4D05EB4303013B42
:103E800013F9014F8C4206D00132052AF8D14FF0C8
:103E9000FF3030BC704700EB4003FF21002005EBF2
:103EA0004303995430BC70476FF00100704700BF66
:103EB0004801002438B504460D4602204FF48571B0
:103EC00012F032FA022808BF0124202D13D824B2A0
:103ED0000A4B04EB44041A1D6400611E14440B4495
:103EE00013F9012FAA4204D0A342F9D14FF0FF30B9
:103EF00038BD002038BD6FF0010038BD54010024EA
:103F00002DE9F843904681460F46FFF7D3FFF8B1FD
:103F10004FEA4906114A4346052106EB090502EB23
:103F20004505E8565C1C013014D0E3B2052B08BFF0
:103F300000230139F5D1202F0AD84E44084B40F216
:103F4000FF1176003244464402F8087023F8161038
:103F5000BDE8F883202F9846EFD9F9E754010024F3
:103F60008819002438B504460D4602204FF48571A7
:103F700012F0DAF9022808BF0124202D13D824B248
:103F80000A4B04EB44041A1D6400611E14440B44E4
:103F900013F9012FAA4204D0A342F9D14FF0FF3008
:103FA00038BD002038BD6FF0010038BD4801002445
:103FB0002DE9F843904681460F46FFF7D3FFF8B14D
:103FC0004FEA4906114A4346052106EB090502EB73
:103FD0004505E8565C1C013014D0E3B2052B08BF40
:103FE00000230139F5D1202F0AD84E44084B40F266
:103FF000FF1176003244464402F8087023F8161088
:10400000BDE8F883202F9846EFD9F9E7480100244E
:104010006819002438B505460C46FFF74BFF002809
:104020003DD1072C2146284619D00B2C17D0FFF77D
:1040300085FE6FF4FF711B4A08441B4B525D07EE6F
:10404000900A03EB8203F8EEE77A93ED007A67EECD
:10405000877AFDEEE77A17EE903A18B238BDFFF78F
:104060006DFE104A6FF4FF740F4B525DB7EE005BAC
:10407000204403EB820307EE900A93ED007AB8EE3A
:10408000E76BB7EEC77A37EE457B27EE067B37EE58
:10409000077BBDEEC77B17EE103A18B238BD002083
:1040A00038BD00BF8019002418F4020870B50E4610
:1040B00088B0114614460546FFF7FCFE00284BD198
:1040C000072C2146284620D00B2C1ED0FFF736FEA9
:1040D00032460446294604A817F058FA6FF4FF71D7
:1040E0009DF8142061181E4B07EE901A03EB820313
:1040F000F8EEE77A93ED007A67EE877AFDEEE77ADD
:1041000017EE903A18B208B070BDFFF717FE3246AE
:1041100004462946684617F039FA6FF4FF709DF897
:104120000420B7EE005B21180D4B07EE101A03EBCD
:104130008203B8EEC76B93ED007AB7EEC77A37EE1D
:10414000457B27EE067B37EE077BBDEEC77B17EE80
:10415000103A18B208B070BD002008B070BD00BFA2
:1041600018F4020838B505460C46FFF7FBFE08B107
:10417000002038BD21462846FFF70CFE044628469D
:10418000FFF7B0FC6FF4FF72084BA21803EB80003E
:1041900007EE902A90ED007AF8EEE77A67EE877ADC
:1041A000FDEEE77A17EE903A18B238BD18F402081F
:1041B00070B50E4684B0114614460546FFF7D2FE90
:1041C00010B1002004B070BD21462846FFF7E2FD83
:1041D000324604462946684617F0D8F96FF4FF7155
:1041E0009DF805206118094B07EE901A03EB820336
:1041F000F8EEE77A93ED007A67EE877AFDEEE77ADC
:1042000017EE903A18B204B070BD00BF18F402085F
:10421000144B00220B20114610B5D3F8D84082B0C1
:1042200044F00104C3F8D840D3F8D83003F00103B8
:104230000193019B17F062FF0B2017F095FF0022FE
:1042400002210D2017F05AFF0D2017F08DFF0022DC
:104250000F20114617F052FF0F2002B0BDE81040AA
:1042600017F082BF0044025838B54FF40002084DE1
:10427000084C4FF48023AA610D21A361002012F0A5
:1042800053F810B98023AB6138BD0423A36138BD56
:104290000004025800100258F0B40F4D0F4A2B5C76
:1042A00052F820401F2B08D80D4E03EB401736F86C
:1042B00017C026F81710A4EB0C0401332144DBB21D
:1042C00042F820101F2B88BF00232B54481120EAEE
:1042D000E070F0BC80B27047382E0024302E0024ED
:1042E000902B0024F0B40F4D0F4A2B5C52F8204065
:1042F0001F2B08D80D4E03EB401736F817C026F8D1
:104300001710A4EB0C0401332144DBB242F8201057
:104310001F2B88BF00232B54481120EAE070F0BC0B
:1043200080B270476C2B00242C2F00240024002422
:1043300038B5184D002404F00301C4F3870001349C
:1043400035F8022F0DF008FC082CF4D1124D002096
:10435000124C2988FFF7A0FF014600200DF066FCF3
:1043600069880120FFF798FF014601200DF05EFCEF
:1043700021880020FFF7B6FF014600200DF062FC07
:1043800061880120FFF7AEFF01460120BDE83840FB
:104390000DF058BC9E190024B8190024B01900244F
:1043A000014B1878704700BFB5190024014B93F9F1
:1043B00000007047B419002410B50DF09DFB0024D7
:1043C000104B11481C701EF03BFA10481EF038FAD2
:1043D0000F481EF035FA0F481EF032FA0E481EF054
:1043E0002FFA20460DF088F901200DF085F94FF4E1
:1043F0008571022011F098FFC0B2BDE8104017F09F
:104400006BBA00BFB5190024E48E0024A48D0024EB
:10441000A48F0024A48E0024E48D0024014B0122EB
:104420001A707047BC19002488B101280ED14FF4CE
:1044300000224FF480130D2110B5074CA261A36137
:1044400011F072FF28B11023A36110BD7047FFF770
:104450000BBF0823A36110BD00100258F8B5074632
:1044600008F0C4FE00210C4608460DF0C7FB0120F1
:1044700021460DF0C3FB21460322204615F0D6F855
:1044800003222146012015F0D1F8C4F3870504F07A
:10449000030640F2FF120134284631460DF07EFB40
:1044A0003146284640F2FF120DF08AFB314628467D
:1044B00000220DF051FB082CE7D140F6985207F08E
:1044C0000301B80800240DF047FB04F00301C4F316
:1044D0008700013400220DF04FFB082CF5D138463F
:1044E0000DF000FB384614F05DF8FFF7BDFE00212B
:1044F0000120FFF799FF032F3CD9002108460DF05A
:1045000071FB40F2FF3101200DF06CFB00210846E9
:104510000DF08CFB40F2323101200DF087FB0021C1
:1045200008460DF08FFB002101200DF08BFB0022CF
:1045300001212F4819F0DEFA002202212C4819F03F
:10454000D9FA00224FF40071294819F0D3FA002259
:104550004FF48061264819F0CDFA01224FF48061B2
:10456000234819F0C7FA012221481146BDE8F84056
:1045700019F0C0BA40F2FF3100200DF033FB0021EA
:1045800001200DF02FFB40F2323100200DF04EFBE8
:10459000002101200DF04AFB002108460DF052FBDE
:1045A000002101200DF04EFB00220121104819F0DE
:1045B000A1FA002202210E4819F09CFA00224FF4C1
:1045C00000710B4819F096FA00224FF480610848F8
:1045D00019F090FA01224FF40071054819F08AFA97
:1045E000012202210248BDE8F84019F083BA00BF59
:1045F0000010025870B5154E96F90030002BB4BF6C
:10460000D81C18465A4203F00303C0F3870502F092
:10461000030258BF5342013303F0FF0416F0C6FFF4
:10462000A0420CD004EB8500C0B20728307002D93C
:1046300070BD00203070BDE87040FFF70FBF681CF0
:10464000C5B2022DF5D00024ECE700BFB419002458
:1046500038B5154D95F90030002BB4BFD81C18465D
:104660005A4203F00303C0F3870402F0030258BF69
:10467000534213F0FF030CD0581EC0B200EB84006D
:10468000C0B20728287000D938BDBDE83840FFF710
:10469000E5BE16F08BFF14F1FF3400F1FF3018BFB8
:1046A0000124C0B2EAE700BFB419002410B500200D
:1046B000204CFEF7F5F80120FEF7F2F81E481EF038
:1046C000D5F81E481EF0D2F81D481EF0CFF81D4840
:1046D0001EF0CCF81C481EF0C9F8204600224FF40A
:1046E000805119F007FA204600224FF4005119F0CA
:1046F00001FA204600224FF4804119F0FBF92046D0
:1047000000224FF4004119F0F5F920460122102152
:1047100019F0F0F920460122402119F0EBF90023AD
:104720000A4A18461370FFF799FE094B01221A70C6
:1047300010BD00BF00140258A48D0024A48F0024D3
:10474000A48E0024E48D0024E48E0024B4190024F7
:10475000B5190024000000002DE9F04F00232DEDD5
:10476000108B8BB09FEDDCAB9FEDDD9B0393EE4B8D
:104770000593039C03214FF0000A5FFA84F8A3001D
:104780004046049311F0D0FDC1B240460DF092F9BD
:104790000C21404611F0C8FDC1B240460DF080F931
:1047A00008214046FEF71CFA082105464046FFF75F
:1047B00031FC082181464046FFF7D4FC074608201B
:1047C0000EF088F80821064640460DF0A1FF05448A
:1047D00040F2FF320A2105EB0903404603943B44B3
:1047E0003344D24E1BB223EAE3739342A8BF13466D
:1047F00026F81430FEF7F4F90A2105464046FFF783
:1048000009FC0A2181464046FFF7ACFC07460A2016
:10481000C74C0EF05FF80A21064640460DF078FFBF
:104820002B18039A14214B44404604EB021B059CB1
:104830003B44019440F2FF3433441BB223EAE37358
:104840009C42A8BF1C46BB4B07EE904A9FEDA66B4F
:10485000B8EEE77B9FEDA68B27EE067B9FEDA6DBF0
:104860009FEDA7EBBDEEC77B17EE104A23F8124071
:10487000FEF7B6F9044614214046FFF7CBFB04448B
:1048800014214046FFF76EFC20449FEDAB7A07EE03
:10489000900AF8EEE77A87EE87CA16F087FE504551
:1048A00040F361815FFA8AF50921404640F2FF3604
:1048B000FEF796F92946044609224046FFF7F6FB23
:1048C0002946092202904046FFF772FC81460920E2
:1048D0000EF000F809220746294640460DF0C6FEB4
:1048E000029B04440E214046234499444F443FB266
:1048F00027EAE777B742A8BF374607EE907AB8EEC7
:10490000E7FBFEF76DF9294604460E224046FFF705
:10491000CDFB074629460E2240462FEE0AFBFFF745
:1049200047FC0744294640463C4424B224EAE47448
:10493000B442A8BF344607EE904AB8EEE77B27EEB4
:10494000097BBDEEC77B17EE103A9AB20DF0BCF8AA
:104950000F214046FEF744F9294604460F224046FF
:10496000FFF7A4FB29460F2202904046FFF720FCE8
:10497000814603200DF0AEFF29460322074640463C
:104980000DF074FE029B04444046234499444F4476
:104990003FB227EAE777B742A8BF374607EE907ADB
:1049A000664FB8EEE7BB0AF0DFF9FDEECF7B1A21C8
:1049B0002BEE08BB17EE903AFDEECB7B17EE902A5C
:1049C00012FB00F2404687FB0247D4173A44C4EB7F
:1049D000622213441BB29E42A8BF1E46FEF700F996
:1049E000294604461A224046FFF760FB074629463F
:1049F0001A22404626EAE676FFF7DAFB38440444FA
:104A000024B2B4F5806F80F2FC80002CC0F21E81CD
:104A10006FF4FF739FED4A7A1C4407EE904AF8EE5C
:104A2000E77A87EE875A9FED387BB7EEC55AB4EE2A
:104A3000C75BF1EE10FA05D5B4EE4D5BF1EE10FA5E
:104A40003EFE055B07EE906AB7EECC4A9FED306BF9
:104A5000B8EEE77B9FED302B27EE067B9FED303BDA
:104A600087EE026BB4EEC34BF1EE10FA36EE055B47
:104A7000F7EEC5FB40F18380FCEEEF7A17EE903A3B
:104A80006A2B00F3B48003984FF4D8716C22B8EE0F
:104A9000E75A01FB00F1244802FB0A123FEEC55A17
:104AA0001344591C30F8132030F8113007EE902AC7
:104AB0009B1AF8EEE77A07EE103AB8EEC77AE7EEFF
:104AC000057AFDEEE77A17EE903A002B80F292809D
:104AD000002337E0AFF30080333333333333EB3F1E
:104AE000A69BC420B072E03F9A9999999999E93FA1
:104AF000CDCCCCCCCCCCE43F9A9999999999B9BFBB
:104B000000000000000000009A9999999999B93F16
:104B10000000000000C05A400000000000F88F4074
:104B20009A9999999999A93F80240024B019002451
:104B300060010024B819002400803B440308208051
:104B400000C07F44019A0BF1040B7149D8320192E5
:104B5000049A52440AF1010A21F8123016F026FD97
:104B600050453FF79FAE059B03F558730593039B94
:104B7000002B6ED00BB0BDEC108BBDE8F08F2A4639
:104B8000414606A816F002FDBDF91A3029464046F6
:104B90000CEE903A13F0F6FF06214046B0EE40FAD4
:104BA00011F0C2FB0228F8EEECCA2DD006214046D7
:104BB00011F0BAFB012827D0CBED00CADFED557A02
:104BC000294640467CEEE7CA13F07CFFECEE2CFA57
:104BD0003FEE800A13F010FDB5EEC00AF1EE10FAB8
:104BE0003AD4FCEEC07A17EE901A6A2968DD019B70
:104BF000B3F8D63040F6FF729342A8BF13469BB27B
:104C0000A0E79FED3F5B1DE72946404614F0A2FC5C
:104C10000028D1D0BFEE007ADBED007AF4EE477ABF
:104C2000F1EE10FA3BD1CBED00CAF5EEC0CA00237D
:104C300006214046F1EE10FA48BFCBF8003011F0E3
:104C400073FB022842D0DBED00CAB7E79FED2E5B75
:104C5000F8E6012303938CE501209FED2F0A002144
:104C60004FF4D873039C6C2203FB04F302FB0A335A
:104C700019440344294830F8112030F8133007EE66
:104C8000902A9B1AF8EEE77A07EE103AB8EEC77A48
:104C9000E7EE007AFDEEE77A17EE903A15E7F4EECC
:104CA000EC7AF1EE10FA1ED53CEEE77AB4EECF7A4C
:104CB000F1EE10FAB7DB77EE8FCACBED00CAB4E79E
:104CC000F8EEE77A481C30EE670AC9E7DBED007AB8
:104CD000FCEEE77ACDED027A9DF808300CEE903AC2
:104CE000F8EE6CCA6AE737EEEC7AB4EECF7AF1EE02
:104CF00010FA98DB77EECFCACBED00CA95E700BF7C
:104D0000000000000104E03F00000000FEF7DFBFEC
:104D1000A01900240000404200000000802400246C
:104D200038B5164A002316491648174C174D03701C
:104D3000237017484B6253622B701DF081FD0821D0
:104D400014481DF03FFE144A144B1278197803E002
:104D500002B921B12B7873B92378002BF8D0104B0E
:104D6000104A1B78991E013B32F8110032F81330BB
:104D70001844400838BD4FF6FF7038BD004401406C
:104D800000040040BE190024C6190024BC190024E8
:104D9000E48F0024648E0024C0190024C719002465
:104DA000BD1900243C2E002416491748174A38B56F
:104DB0000B88174C9BB20380D26B237892B20A8087
:104DC0006BB10A885D1E018892B289B28A4238BFEF
:104DD00002F1FF32521A0F4992B221F815200E4A01
:104DE00012789A4202D00133237038BD08210B4853
:104DF0001DF022FE23780A4A01210133117023702D
:104E000038BD00BFC4190024C219002400040040AA
:104E1000BE1900243C2E0024BD190024648E0024F9
:104E2000C619002408B50CF06FFF7A200CF08EFF35
:104E30004FF4D86203494FF4F420BDE808400DF068
:104E40000FB800BF80240024F8B51B4E00254FF694
:104E5000FF744FF4D862B71E17494FF4F4200CF0DA
:104E6000C3FF7A194FF4966332F8020F03F114016D
:104E7000A04208BF13808BB2B3F5526FF4D1D8357E
:104E8000B5F5587FEDD106F25E3600254FF6FF747A
:104E900072194FF4966332F8020F03F11401A04225
:104EA00008BF13808BB2B3F5526FF4D1D835B5F586
:104EB000587FEDD1F8BD00BF802400242DE9F04FCC
:104EC0000746CD482DED028B8FB01DF0CFFCCB48AF
:104ED0001DF0CCFCCA481DF0C9FCCA481DF0C6FC38
:104EE000C9481DF0C3FC0021C8480C461DF006FE51
:104EF00040F2FF3120460CF099FE40F2FF310120D4
:104F00000CF094FE214620460CF06CFE2146012058
:104F10000CF068FE214620460CF070FE2146012070
:104F20000CF06CFE214620460CF08CFE2146012040
:104F30000CF088FEFFF798F901210846FFF774FA94
:104F400022460121B24818F0D5FD22460221B04880
:104F500018F0D0FD22464FF40071AD4818F0CAFD9C
:104F600022464FF48061AA4818F0C4FD40F2FF3198
:104F700020460CF04FFE40F2FF3101200CF04AFEBB
:104F800004F00301C4F38700013400220CF0F4FDA7
:104F9000082CF5D10024C4F3870504F0030640F281
:104FA000FF120134284631460CF0F8FD3146284600
:104FB00040F2FF120CF004FE082CECD1954B0522B8
:104FC000082F1A7000F0AE81BB0807F003070A2013
:104FD0001C46791C0A93079117F064F8631CA342DE
:104FE0000C9340F39A810D970D98D8224FF4587383
:104FF0000A9C02FB00F28849884803FB04239FEDCA
:10500000888A90F800E00B4401900B93079B0D9A5F
:105010001946914240F3AD80BEF1000F00F0A98027
:105020000A9B0B999B00DBB2CDE905120993099B02
:105030004FF44875069A7B4F03EB0208059B5FFA15
:1050400088F80393002340464FEA980402930CF03B
:1050500049FD0A20A24617F025F8019B93F800E0CD
:10506000BEF1000F00F085806F4C08F00306029B34
:105070006E4A3146206832F81330AAB220F001009F
:10508000BDF80890013B20605046A362636943F07D
:1050900001036361236923F001032361236843F063
:1050A0000103236025E0002A44D13B8807EE104A23
:1050B00007EE905A06EE903AB8EEC77AF8EEE77A25
:1050C000F8EE665A87EE256AE6EE087AFDEEE77A94
:1050D00017EE903A0FFA83FC65451FFA8CF200F048
:1050E0008380BCF5805F654680F2DE80BCF1000FF6
:1050F00024DB0CF031FD0A2016F0D4FF08F076F81E
:10510000FFF70EFE4FF6FF738346012249464046E5
:105110009B453C8808BF0022ABEB040402F09AFFD9
:10512000019B3146504693F800E0BEFA8EF25209D8
:10513000002CB8D1B5F5805F0EDA6AB9029AADB22B
:1051400003990237013205F1200321F8025F6C2A2E
:10515000029203911DB283D1069B079A01339342B9
:10516000069306D0059BD8330593BEF1000F7FF45C
:105170005EAF0B9A0A9B02F5587201330B920C9AA0
:105180000A939342FFF642AFBEF1000F01D0FFF742
:1051900049FE019B00241C700CF0AEFC16481DF06B
:1051A0004FFB16481DF04CFB15481DF049FB1548F8
:1051B0001DF046FB14481DF043FB214613481DF02B
:1051C00079FC20460CF098FA01200CF095FA4FF487
:1051D0008571022011F0A8F8C0B20FB0BDEC028BAF
:1051E000BDE8F04F16F078BB16EE903A5B4566D2FC
:1051F000CDF820801EE000BFE48E0024A48D0024A2
:10520000A48F0024A48E0024E48D0024248F002485
:1052100000100258BD1900247E240024C019002467
:1052200000C0CC4384010024000400405C02002440
:1052300083464546ACB23146504604F101091FFA97
:1052400089F94A460FFA89F80CF086FC0A2016F014
:1052500029FF3B880493FFF763FD39888142E7D338
:10526000049BC446DDF82080ABEB03031AB2002A8E
:1052700001DA5B421AB2431A9BB219B2002901DA71
:105280005B4219B2914244DDA1464A46314650463E
:105290000CF062FC0A2016F005FF019B93F800E079
:1052A000BEFA8EF2520945E7069B079A01339A42ED
:1052B00006933FF45EAF059BD8330593B7E604949D
:1052C00000E025461FFA85FB314650460BF1FF39B9
:1052D0001FFA89F94A460FFA89F40CF03DFC0A20BE
:1052E00016F0E0FEFFF71CFD3A888242E9D2234621
:1052F000049C21B2002901DA644221B2821A92B2DE
:1053000010B2002801DA524210B2884203DDD946B9
:10531000BBE76546B9E71D46B7E7094B019393F82C
:1053200000E031E700231C460D9316F03FF907908B
:105330000A200A9416F0B6FE02230C9354E600BF2E
:10534000C0190024014B1878704700BFC019002411
:10535000014B00221A707047C0190024044B1878C2
:10536000012801D00020704700221A70704700BF4A
:10537000BF19002402490122024B08701A707047BD
:1053800080010024BF190024074A012310B5074CEF
:1053900010782370FFF792FD002314202370BDE8DE
:1053A000104008F0DDBC00BF80010024C0190024BB
:1053B0002DE9F0432DED028B83B0002406F03AFF77
:1053C00040F2FF31814600200CF030FC40F2FF310A
:1053D00001200CF02BFC214620460CF003FC21465A
:1053E00001200CF0FFFB214620460CF007FC214673
:1053F00001200CF003FC214620460CF023FC214642
:1054000001200CF01FFC40F2FF3120460CF002FCA2
:1054100040F2FF3101200CF0FDFB04F00301C4F366
:105420008700013400220CF0A7FB082CF5D1484678
:10543000DFF858810CF056FB9FED4F8AFEF714FF02
:1054400001214E4F08464E4CFEF7EEFF002201218F
:105450004C4818F04FFB002202214A4818F04AFB42
:1054600000224FF40071474818F044FB00224FF42B
:105470008061444818F03EFB0123642088F8003026
:1054800016F010FE404B02221A7006F0D9FE0328D7
:105490005AD107F0ABFE06F0CDFE05460920FBF71A
:1054A0004FFA064601F002F8342828465CD1A94597
:1054B00001D00CF017FBB20005F00301C5F3870023
:1054C00092B20CF049FB0A2016F0ECFD07EE906A50
:1054D000B2EE035B2368B8EEE77B322023F00103D2
:1054E00087EE056BFCEEC67BCDED017A9DF80420BE
:1054F00037F812602360731EA362636943F00103EF
:105500006361236923F001032361236843F00103EE
:10551000236016F0C7FDFFF703FC4FF6FF739842B8
:105520001CD007EE900AA946B8EE670A07EE906A0B
:10553000F8EEE77A20EE270A88EE000A06F086FEEB
:1055400006F07EFE0328A4D00CF0D6FA002388F8DB
:10555000003003B0BDEC028BBDE8F083BFEE000A63
:10556000A94606F073FEEBE70CF0C6FA00F09EFFCA
:1055700008F0F6FBE8E700BFC0E1644D5C020024E0
:105580000004004000100258BD190024C71900246F
:105590002DE9F04F924B8FB000240125DFF8509297
:1055A00040F27F610A942246099448460D94DFF840
:1055B0004482DFF844B2DFF844A28A4FCDE90B44BD
:1055C000D3F8E06046F01006C3F8E060D3F8E0607E
:1055D00006F010060196019ED3F8E06046F0040E36
:1055E000814EC3F8E0E0D3F8E0E00EF0040ECDF811
:1055F00008E0DDF808E0D3F8E0E04EF0200EC3F854
:10560000E0E0D3F8E0E00EF0200ECDF80CE0DDF89D
:105610000CE0D3F8E0E04EF0800EC3F8E0E0D3F801
:10562000E0E00EF0800ECDF810E0DDF810E0D3F8E9
:10563000E0E04EEA050EC3F8E0E0D3F8E0E00EEA61
:10564000050ECDF814E0DDF814E0D3F8E0E04EF0FC
:10565000020EC3F8E0E0D3F8E0E00EF0020ECDF861
:1056600018E0DDF818E0D3F8E0E04EF0080EC3F8DB
:10567000E0E0D3F8E0E00EF0080ECDF81CE0DDF835
:105680001CE0D3F8E0E04EF0400EC3F8E0E0D3F8C1
:10569000E03003F040030893089B18F02BFA2246F1
:1056A00040464EF20F0118F025FA224658464FF2B6
:1056B000FF7118F01FFA48462A464FF4006118F0AF
:1056C00019FA224650464FF4845118F013FA224634
:1056D00038464FF4E86118F00DFA38462A464FF480
:1056E000006118F007FA224630464FF4EE7118F0C8
:1056F00001FA40462A464FF4007118F0FBF92246A1
:105700003A484FF4054118F0F5F940F67F624846F3
:1057100009A9CDE90925CDE90B4417F0F1FF4EF2B7
:105720000F23404609A909930C94CDE90A5417F0B8
:10573000E7FF4FF2FF73584609A909930C94CDE98E
:105740000A5417F0DDFF4FF48453504609A909931A
:105750000C94CDE90A5417F0D3FF4FF4746309A9F0
:10576000384609930C94CDE90A5417F0C9FF4FF459
:10577000EA7309A9304609930C94CDE90A5417F04D
:10578000BFFF0822022309A9304609920B930A950C
:105790000C9417F0B5FF222309A930460993CDE9EF
:1057A0000A4417F0ADFF4FF48053384609A9099316
:1057B000CDE90A4417F0A4FF304609A90B95CDE9BD
:1057C000095417F09DFF4FF4054309A907480C94AD
:1057D0000993CDE90A5417F093FF0FB0BDE8F08F9D
:1057E00000440258000C02580018025800000258E9
:1057F0000010025800080258001402580004025811
:105800000268054B9A4200D0704740F20143034AB8
:105810007821034818F060BB00540040542F002446
:105820005833002408B51F2016F0ACFC40F20142AA
:105830000449054821F000FA1F20BDE8084016F091
:1058400093BC00BFA8330024542F00242DE9F0415D
:1058500086B0A24D64264FF42E4306AC4FF4554754
:105860002846782124F80C3D02232246009618F0A1
:1058700079FAADF80C704FF400472246009628469E
:105880000223782118F06EFAADF80C704FF4284717
:105890002246009628460223782118F063FAADF8D4
:1058A0000C704FF47C57224600962846022378213C
:1058B00018F058FA2246ADF80C70284600960223DC
:1058C00078214FF4534718F04DFA4FF00008224664
:1058D0000096284602237821ADF80C7018F042FAA1
:1058E0004FF4804722460096284602237821ADF8DF
:1058F0000C8018F037FA22460096284602237821B9
:10590000ADF80C7018F02EFA4FF40D4C22460096AC
:10591000284602237821ADF80CC018F023FA4FF482
:10592000A05C22460096284602237821ADF80CC0E0
:1059300018F018FA4FF4005C22460096284602231D
:105940007821ADF80CC018F00DFA224600962846D2
:1059500002237821ADF80C8018F004FA4FF4204CA3
:1059600022460096284602237821ADF80CC018F094
:10597000F9F94FF45A4C2246009628460223782122
:10598000ADF80CC018F0EEF94FF4905C224600968A
:10599000284602237821ADF80CC018F0E3F94FF443
:1059A000014C22460096284602237821ADF80CC00F
:1059B00018F0D8F94FF44F4C22460096284602239F
:1059C0007821ADF80CC018F0CDF94FF4594C2246AF
:1059D0000096284602237821ADF80CC018F0C2F9D1
:1059E0004FF4714C22460096284602237821ADF8E8
:1059F0000CC018F0B7F94FF45B4C224600962846CD
:105A000002237821ADF80CC018F0ACF922460096BC
:105A1000284602237821ADF80C7018F0A3F922462D
:105A20000096284602237821ADF80C8018F09AF9E8
:105A30004FF4805C22460096284602237821ADF878
:105A40000CC018F08FF94FF4304C224600962846CF
:105A500002237821ADF80CC018F084F9ADF80C7071
:105A60004FF424472246009628460223782118F056
:105A700079F9ADF80C704FF4264722460096284677
:105A80000223782118F06EF92246ADF80C702846F2
:105A90000096022378214FF42F4718F063F922462D
:105AA0000096284602237821ADF80C7018F05AF9B8
:105AB0000B4A40240B4B0C4910684FF480621C7059
:105AC00021F0BAF8FFF7AEFE40F20143074A782111
:105AD000284618F001FA06B0BDE8F08158330024DA
:105AE00058070024A833002458030024542F00240E
:105AF000024A034B10701970704700BFA533002491
:105B0000A43300240028044B4FF4806214BFFF210B
:105B10000021186821F09BB858070024034B4FF46C
:105B200080620021186821F092B800BF5807002455
:105B3000054B00294FF080021B6814BFFF21002194
:105B400003EBC01021F083B8580700247F2817D832
:105B50003F2915D80123012A30B44FEAD105094C59
:105B600001F00701246800EBC51003FA01F1235688
:105B700049B20CBF194323EA0101215430BC7047DC
:105B8000704700BF58070024F0B40578CDB19F6876
:105B900000241E79A5F1200310F8015F06FB03F332
:105BA00017F8133001331C44E4B2002DF2D1013C4C
:105BB000E4B2141B48BF013401EB6404E0B2F0BC52
:105BC0007047FF24F5E700BF017899B10A4A002326
:105BD00010B49468A1F1200210F8011F1201A25C18
:105BE00001321344DBB20029F4D1581E5DF8044B96
:105BF000C0B27047FF2070474C0300242DE9F04FDE
:105C00009E4D14460B7885B08B462A78002B4DD1DB
:105C100020388F68030137F803C002EB0C037F2B99
:105C20004CDC974E8B7831780B443F2B46DC1CF0D4
:105C3000FF0300933ED0C3004FF0010A9646019344
:105C4000019B1FFA8AF84FF0000903EB0A0237F8AC
:105C5000127008E02246FFF779FFB9F1060F95F8B8
:105C600000E01AD0317809F10109C644B4FA84F28F
:105C700009F1FF331FFA8EFE52090B4427FA09F18E
:105C800070469BB211F0010F1946E3D1FFF75EFF9A
:105C9000B9F1060F95F800E0E4D1009B534569D0B7
:105CA0000AF1010ADBF808703178C9E7022B08D045
:105CB000012B61D09BF801301A442A7005B0BDE871
:105CC000F08F20388B68C1015F5AD1197F29F5DC2C
:105CD0006B4E31782729F1D817F0FF07EAD0013F42
:105CE00080018C469646039701300027CDF800B01E
:105CF00002900197019A002702EB420A1FFA82F9EB
:105D0000029A92444FEA4A0A33F80A804FF0000B95
:105D100063460AE00BF1010B2246FFF717FF95F8E7
:105D200000E0BBF1080F1AD033783B4428FA0BF19E
:105D3000CE44B4FA84F25B4411F0010F1FFA8EFED8
:105D40009BB24FEA521270461946E3D10BF1010B98
:105D5000FFF7FCFE95F800E0BBF1080FE4D108372F
:105D60000AF1020ABFB2182F66D0009B96F800C055
:105D70009B68C9E772469DE720383A21DBF8083076
:105D800001FB00F15F5AD1197F2997DC3C4E317835
:105D9000332993D817F0FF078CD0C0EBC00C013F1C
:105DA0009646CDF804B000EB8C0003978C46002794
:105DB000013000970290029A00271046009A00EBEB
:105DC000420A1FFA82F91A464FEA4A0A6346F44623
:105DD00032F80A804FF0000B0AE00BF1010B22466B
:105DE000FFF7B4FE95F800C0BBF1080F1AD0337866
:105DF0003B4428FA0BF1CC44B4FA84F25B4411F032
:105E0000010F1FFA8CFC9BB24FEA521260461946F2
:105E1000E3D10BF1010BFFF799FE95F800C0BBF140
:105E2000080FE4D108370AF1020ABFB2102F0FD0D1
:105E3000019B9A683378CBE7039B1946019B9942F3
:105E400013D0013396F800C00193009B9B6851E783
:105E5000039BE6461946009B99420AD0013396F807
:105E600000C00093019B9B68A5E77246DDF800B077
:105E700020E76246DDF804B01CE700BFA53300242C
:105E8000A43300242DE9F84F9B4613789DF8287021
:105E9000002B36D0154604460E46DFF880904FF0B2
:105EA0003A0ADFF87C800BE02A78DBF80830203AE9
:105EB00012019C5C54FA81F4E4B215F8013F03B37B
:105EC00089F80040594688F800603A462878FFF77C
:105ED00095FE9BF80030611C002BE5D0022B12D000
:105EE000012BEAD12B780234DBF80820203B0AFB97
:105EF00003F3D35C53FA84F415F8013FE4B2002BAA
:105F0000DED1BDE8F88F2B780334DBF80820203B86
:105F1000DB01D35C53FA84F4E4B2CEE7A53300246A
:105F2000A43300247F2828BF7F207F2A28BF7F2218
:105F30003F2928BF3F213F2B2DE9F04F28BF3F23AA
:105F400085B09042044691460E4698469DF838A08A
:105F500065D2131A88450FFA83FB6ED8A6EB0807A3
:105F60004C453FB280F08B8001231A464FF0FF333F
:105F700001935F454BDABBF1000F5D46B8BF0BF1F3
:105F8000010545F34F05BBF1000F19D1B04502D211
:105F90003346464698464C4531B228BF4C46B0453C
:105FA000A4B20ADB0D46ADB2524620462946013561
:105FB000FFF7CCFD2DB24545F5DD05B0BDE8F08F0E
:105FC000002F41D0CBF10003CDE90238B846174687
:105FD000524631462046FFF7B9FD4C452A46A5EB0F
:105FE000080004EB070102D1039B9E42E5D0029B0F
:105FF0009D4201DD02B28CB2019B454502EB0B00D4
:1060000006EB030101DA02B28EB21546E0E7002F7B
:106010003D46B8BF7D1C6D106D422DB2B3E7831AAB
:1060200088450FFA83FB99D94FF0FF33A8EB01079E
:106030001A4601233FB201939BE70123A8EB010716
:106040001A463FB2019394E7464528BF46464C4561
:10605000B6B210D8A14520B2AFDB0446A4B2524676
:10606000314620460134FFF771FD24B24C45F5DD81
:1060700005B0BDE8F08F23464C469946EAE74FF05D
:10608000FF331A46019374E72DE9F0417F2882B06F
:106090009DF820702AD83F2928D802440B44804616
:1060A0000D467F2A0097D4BF96B280263F2B3246FA
:1060B000D4BF9CB240240B46FFF734FF2346324640
:1060C000214640460097FFF72DFF234642464046B3
:1060D00029460097FFF726FF2346294632463046D9
:1060E000089702B0BDE8F041FFF71CBF02B0BDE861
:1060F000F08100BF2DE9F0437F2883B09DF8289000
:106100001CD83F290E4619D802449846CB1807469A
:106110007F2AD4BF95B280253F2B12DC0024234672
:1061200033440134CDF800902A469BB23846E4B29D
:106130001946FFF7F7FEA3B24345F1D903B0BDE816
:10614000F083C1F140081FFA88F8E7E738B5134B30
:1061500000220121124D134C18461A62C3E9005463
:10616000C3E90221C3E90422C3E9062217F0A6FD10
:1061700088B90021094818F003FD48B900210748F3
:1061800018F028FD00B938BDBDE838400BF03AB82A
:106190000BF038F8F2E70BF035F8EAE75833002453
:1061A00000540040DB3FB00002681E4B70B59A42BD
:1061B00088B04FF00004CDE90344CDE905440794CD
:1061C00001D008B070BD184D122004224FF4407663
:1061D000D5F8E03003A943F00203C5F8E030D5F864
:1061E000E030049003F00203104807920193019BF2
:1061F000039617F085FAD5F8E830224607211F20CC
:1062000043F40013C5F8E830D5F8E83003F4001380
:106210000293029B15F072FF1F2015F0A5FF08B036
:1062200070BD00BF005400400044025800040258F2
:1062300008B502680A4B9A4200D008BD094A4FF4DB
:1062400040710948D2F8E83023F40013C2F8E8306E
:1062500017F074FB1F20BDE8084015F093BF00BF86
:1062600000540040004402580004025802464FF413
:106270008D7102200FF0A0BC10B50E4C10F0E8FAA2
:1062800000202378012B0AD00EF088FF6078C0B27E
:1062900001280AD00120BDE810400EF07FBF0EF0AB
:1062A00065FF6078C0B20128F4D1BDE810400EF05F
:1062B0005DBF00BFB4370024014B1878704700BFA2
:1062C000F01900240023144AF0B51F4689B013804A
:1062D0000024FEB20EE015F059F99DF800302A4670
:1062E0003146012B04A812D015F050F99DF8173053
:1062F000012B0CD015F05AF9A042E5B231466846A0
:1063000004F101042A46E6DC1FB1044B1F7009B0FA
:10631000F0BD0127DCE700BFEE190024F0190024CE
:106320002DE9F047104F0546894607F1240837F854
:10633000026F4C464FF0000A46FA0AF3012221464A
:106340002846134000D11A460AF1010AFFF7FEFB66
:106350000134BAF1100FA4B2EED10135B845ADB297
:10636000E5D1BDE8F08700BF4A0C0024F0B51B4D15
:1063700083B01B4FB5F900003A88752802DD524200
:1063800092B23A80174E1849B6F900400B88372C64
:1063900002DD5B429BB20B80092802DC524292B2C2
:1063A0003A80072C02DC5B429BB20B800021024446
:1063B0001C443F23009108462A807F223480FFF747
:1063C00099FE3178287807390938C9B2C0B2FFF789
:1063D000A7FF03B0BDE8F040FFF724BA480C002443
:1063E000440C00244A0C0024460C002438B52C4CE4
:1063F000238801339BB2142B238000D038BD294B56
:106400001B78012B2BD04FF48D7102200FF08CFFE5
:10641000C0B2F8B1244D40F6B8322B8801339BB29C
:1064200093422B801ED041F27072934224D044F2EA
:10643000506293422AD048F6A04293420CD14FF4C6
:106440008D7102200FF070FFC0B2042804D1FFF755
:1064500039FF01E0144B18800023238038BDFFF77B
:1064600085FFF9E74FF48D7102200FF05DFFC0B298
:106470000128ECD02B88D6E74FF48D7102200FF065
:1064800053FFC0B20228E2D02B88D0E74FF48D71C1
:1064900002200FF049FFC0B20328D8D02B88CAE7EA
:1064A000D4190024F0190024EE190024014B1878A7
:1064B000704700BFF619002430B5002183B00446B0
:1064C0000923009108467F223621FFF713FECCB145
:1064D000012C1FD0042C19D0052C41D0032C254BA6
:1064E0004FF0010426D0244A392100940520FFF7FB
:1064F000C9FC00941F4B3921204A3120FFF7C2FC10
:1065000003B030BD01241B4B1D4AEDE70124194B9C
:106510001C4AE9E700943921164B0520194AFFF778
:10652000B1FC144B3921184A31200094FFF7AAFC22
:1065300003B030BD154A392100940520FFF7A2FCB5
:1065400000940C4B39210D4A3120FFF79BFC094B7D
:1065500039210F4A64200094FFF794FC03B030BD4A
:1065600001252046034B392100950A4AFFF78AFC92
:106570000095BFE74C03002484E7020858E70208AF
:1065800050E7020860E7020868E7020878E70208B7
:106590007CE7020870E7020800B5012183B0054BD3
:1065A0004C20054A0091FFF76DFC03B05DF804EB49
:1065B000FFF738B94C030024A8E4020800B5012114
:1065C00083B0054B5320054A0091FFF75BFC03B0F5
:1065D0005DF804EBFFF726B94C03002454E60208EB
:1065E0000A23002152201A4600B583B00091FFF71C
:1065F00081FD03B05DF804EBFFF714B900B500218D
:1066000083B00A2314224B200091FFF773FD03B0DF
:106610005DF804EBFFF706B970B5002482B00546BB
:106620000E462046FFF76EFA01212046FFF780FA5A
:106630002A46009401210E4B0420FFF723FCAEB143
:106640002846FFF7C1FA0223093003211A460094B5
:1066500080B2FFF74FFD2846FFF7B6FA10300094DE
:106660003246C0B2024B0121FFF70CFC02B070BDF4
:106670004C030024F0B5224B0F46224C00EBC00126
:1066800093F9003083B094F800C001F10B05164671
:1066900001F10A04A3EB0C03EDB29842384622D074
:1066A000FFF792FA0023021D2146009302200723E0
:1066B00092B2FFF71FFD012100913A46124B294685
:1066C0000420FFF7DFFB66B13046FFF77DFA0123B8
:1066D000C0F17800324600932946C0B20A4BFFF75A
:1066E000D1FB03B0F0BDFFF76FFA0123021D214675
:1066F00000930220072392B2FFF7FCFC0021DBE7A6
:10670000BB370024EB1900244C0300244C4B10B57C
:106710001B7882B00446012B21D8042866D00020C3
:106720000A2340220D2100900B20FFF7E3FC032CED
:1067300010D8DFE804F025374902424B49220021F6
:106740004148FFF721FA01223E4B0D2100923E4ABB
:10675000FFF798FB02B0BDE81040FFF763B8023BBB
:10676000012BF7D800200A233F220D210090402062
:10677000FFF7C0FC032CEDD8DFE804F05E5A565258
:10678000304B492200213148FFF7FEF901222D4B01
:106790000D2100922D4AFFF775FB02B0BDE81040B5
:1067A000FFF740B8274B492200212948FFF7ECF9B1
:1067B0000122244B0D210092254AFFF763FB02B012
:1067C000BDE81040FFF72EB81E4B4922002121489A
:1067D000FFF7DAF901221B4B0D2100921D4AFFF74A
:1067E00051FB02B0BDE81040FFF71CB800240A239B
:1067F00040220D2100940B20FFF77CFC2146114B19
:1068000049221548FFF7C0F901220E4B0D210092D5
:10681000114AFFF737FB02B0BDE81040FFF702B89E
:10682000084B3F2240218BE7064B3F224021CEE719
:10683000044B3F224021B8E7024B3F224021A2E710
:10684000F61900244C030024E4EC0208ECEC0208E6
:10685000D4EC0208DCEC0208CCEC02081D4B1B78DF
:10686000012B01D9FEF7DEBFF0B5064601EB41056D
:1068700083B00C46AD0051EA060305F1490018D17A
:106880004C2701220923242100921A46FFF732FCEB
:1068900078192621FFF72CF904EB860000220E4917
:1068A0003130C0B2FFF7AAF903B0BDE8F040FEF7FF
:1068B000B9BF05F14B075EB10923012219210092EE
:1068C0001A46FFF717FC38461B21FFF711F9E3E7DB
:1068D0004B27D6E7F61900244C030024294B1B78DC
:1068E000012B01D9FEF79EBF2DE9F04101EB4105D7
:1068F00051EA000382B00C464FEA8505064605F1D1
:10690000490723D14FF04C0809230022242138469F
:1069100000921A46FFF7EEFB012209233846009247
:1069200024211A46FFF7B0FB08EB05002621FFF7EC
:10693000DFF804EB8600012213493130C0B2FFF7C3
:106940005DF902B0BDE8F041FEF76CBF05F14B0800
:10695000A0B1092300223846192100921A46FFF7F8
:10696000C9FB092301223846192100921A46FFF774
:106970008BFB40461B21FFF7BBF8DAE74FF04B08D3
:10698000C2E700BFF61900244C0300242DE9F041B2
:1069900000278AB0492400255FFA87F814F006FE24
:1069A0000923A8424FF000064FF019011A4620466D
:1069B00013DC87B30096FFF79DFB01220923192101
:1069C000009220461A46FFF75FFB01350C34042D78
:1069D000A4B2E3D1BFB90127DCE7EEB2414602A879
:1069E000324614F0D3FD9DF808303246414606A8E1
:1069F00023B914F0CBFD9DF81F303BB13146404622
:106A0000FFF72CFFE1E70AB0BDE8F08131464046D0
:106A1000FFF764FFD9E700972421FFF76BFB012202
:106A200009232421009220461A46FFF72DFBCCE7CC
:106A300030B5734C85B02378012B4DD80020192335
:106A40003C22182100900420FFF754FB0FF0F4FCC7
:106A50000546002844D10FF07BFD012800F0978007
:106A600000200FF075FD012804D02378023B012B94
:106A700000F2A8800FF0E0FC02AC0EF0A7FB0028AB
:106A80007DD00FF02DFD5F49421C204610F0F6FA34
:106A90000FF03EFD05460FF023FD014628460EF09F
:106AA00095FD00285AD00125574B49220021204648
:106AB000FFF76AF822461C21534B0095FFF7E2F9D5
:106AC000514B492200215148FFF75EF800954E4B8B
:106AD00026214E4AFFF7D6F9FEF7A4FE05B030BDD9
:106AE00001200FF035FD012805461DD001200FF0D3
:106AF0002FFD0128BED02378023B012BBAD90120FB
:106B00000FF026FD0028E7D10FF096FC02AC0EF046
:106B10005DFB00285CD13E4A20463E4910F0AEFAAB
:106B20003D4B492200211CE00FF0F2FC0428DDD18E
:106B30000FF082FC02AC0EF049FB00284ED0284634
:106B40000FF0B0FC2F49421C204610F097FA0120AC
:106B50000FF0A8FC0EF0CCFC0028A4D101462E4B6F
:106B600049222046FFF710F8012122462A4B0091C6
:106B70001821FFF787F9FEF755FE05B030BD0FF07D
:106B8000AFFC2649421C204610F078FA80E70FF04F
:106B9000BFFC04287FF464AF0FF04EFC02AC0EF093
:106BA00015FB20B328460FF07DFC1649421C2046F9
:106BB00010F064FA00200FF075FC0EF099FC00282C
:106BC000CCD070E700200FF0C3FC002884D19BE7F5
:106BD000134A20460F4910F051FAA1E728460FF05A
:106BE00061FC0E49421C204610F048FAAFE70FF056
:106BF00059FC0A49421C204610F040FADAE700BF6F
:106C0000F6190024B0EC02084C030024B4EC02088E
:106C1000C8EC0208C4EC020834030024F0E60208C1
:106C2000BCEC020830B5002385B00C460546009345
:106C30003F22192318214020FFF75CFA1B49621CF0
:106C400002A810F01BFA214628460EF0BFFC80B9BE
:106C5000174B3F22402102A8FEF796FF012102AA0E
:106C6000134B00911821FFF70DF9FEF7DBFD05B07E
:106C700030BD01240F4B3F22402102A8FEF784FFC4
:106C800002AA00941C210B4BFFF7FCF8094B3F2292
:106C900040210948FEF778FF064B2621064A00945A
:106CA000FFF7F0F8FEF7BEFD05B030BDF0E60208D4
:106CB000340300244C030024B4EC020800B5002186
:106CC00083B028200A2300911E22FFF713FA4FF405
:106CD000827102200FF028FB68B1012806D10090D4
:106CE00001460B4B28200B4AFFF7CCF803B05DF8A8
:106CF00004EBFEF797BD0121054B074A28200091C0
:106D0000FFF7C0F803B05DF804EBFEF78BBD00BFE2
:106D10004C030024A4E40208A0E4020800B587B0F4
:106D20000BF018FA90B90BF07DFA1249421C03A837
:106D300020F08AFC012103AA0F4B64200091FFF789
:106D4000A1F8FEF76FFD07B05DF804FB0BF06AFADF
:106D50000A49421C03A820F077FC012103AA064B34
:106D60005F200091FFF78EF8FEF75CFD07B05DF83D
:106D700004FB00BF60E602084C03002458E602084A
:106D800070B5064682B000200C461546FEF7BAFEE6
:106D9000FFF74EFE0FF0BCFBFFF7B8FC4FF48C7111
:106DA00002200FF0C1FA012800F098800BF0D8F90A
:106DB00055EA040300F098804FF4857102200FF02B
:106DC000B3FA022862D00FF037FBFBF7E9FD002889
:106DD00061D1002E63D1002C36D1002D00F0AF80A0
:106DE0000125684B402221466748FEF7CDFE654BE2
:106DF0001821654A0095FFF745F82146614B40226E
:106E00006248FEF7C1FE5F4B2221604A0095FFF702
:106E100039F800955B4B39215B4A0520FFF732F8C2
:106E20000095584B39215A4A3420FFF72BF801209E
:106E3000544B584A392100906320FFF723F802B0E1
:106E4000BDE87040FEF7EEBC01244E4B40223146B7
:106E50005148FEF799FE4B4B18214F4A0094FFF71B
:106E600011F83146474B40224C48FEF78DFE454B0A
:106E700022214A4A0094FFF705F80094414B39213A
:106E8000454A0520FEF7FEFF0094CAE70120FBF704
:106E900087FD00289DD0FFF791FB002E9BD0012499
:106EA000384B3F4A392100940520FEF7EBFF009450
:106EB000344B39213B4A3120FEF7E4FF314B392175
:106EC000344A63200094FEF7DDFFFFF75FFDFFF714
:106ED000F5FE02B0BDE87040FEF7A4BCFFF71EFF50
:106EE00055EA04037FF468AF40F2231102200FF04B
:106EF0001BFA30B94FF4857102200FF015FA012802
:106F00003AD040F2231102200FF00EFA80B14FF474
:106F1000857102200FF008FA022809D00FF08CFAD0
:106F2000FBF746FC00283FF447AFFFF735FB43E78C
:106F30000120FBF73DFC00283FF43EAFF5E70124BC
:106F4000104B154A392105200094FEF79BFF0FF0E6
:106F5000DFFA042804D1FFF719FDFFF7AFFE66E75B
:106F60003921084B2820104A0094FEF78BFFFFF7C9
:106F70000DFDFFF7A3FE5AE70FF05EFA00287FF43D
:106F80001BAFCDE74C03002470E7020824E702089A
:106F90001CE7020838E7020860E7020818E7020861
:106FA00040E7020848E702082CE70208000000005A
:106FB000F0B5044693B003200D460021FEF7B8FD5E
:106FC00000210420FEF7B4FD182C00F0DA80002C1C
:106FD00000F0AE80012C00F04E81A4F10C03012BD7
:106FE00040F28180A4F11206012E8CBF00260126FA
:106FF000002E78D1062C00F0AD81072C00F0FA812C
:10700000032C00F025821A2C00F04B82192C00F082
:107010006F82162C00F07C82172C00F08B82112CD2
:1070200000F0C2811C2C00F0CA821D2C00F0F082FE
:107030001F2C00F0FF820B2C00F042831B2C40F031
:10704000A482B5F5007FC0F0058340F2FF336426CB
:107050005B1B07EE903A9FEDC65BB8EEE77B87EED1
:10706000056BFCEEC67BCDED037A9DF80C50012438
:10707000C14B3F224021C148FEF786FDBE4B18217F
:10708000BE4A0094FEF7FEFEBB4B3F220021BC48E7
:10709000FEF77AFDB84B1821B94A0094FEF7F2FECC
:1070A0003246B84905A820F0CFFAB34B3F22402121
:1070B00005A8FEF769FDB04B05AA22210094FEF752
:1070C000E1FE2A46AF4905A820F0BEFA05A8AA4B62
:1070D0003F220021FEF758FD009405AAA64B22216D
:1070E000FEF7D0FE20E06FF4FF73A64905A81D440B
:1070F00007EE905A9FED9E5BB8EEE77B87EE056B3F
:10710000BDEEC66B16EE103A1AB20FF0B7FF05A827
:107110009D4B7F220021FEF737FD012105AA9A4BE6
:1071200000911821FEF7AEFEFEF77CFB13B0F0BD18
:107130000FF082F907F04AFCFCEEC07ACDED037A3D
:107140009DF80C2003920FF077F907F03FFC039AAB
:107150009FED8E7A05A807EE902A8D49F8EEE77A22
:1071600030EE670A20EE070AFCEEC07ACDED037A16
:107170009DF80C300FF082FF214605A8824B7F223C
:10718000C9E740F2231102200FF0CEF8054698B36C
:1071900040F2231102200FF0C7F80128044600F046
:1071A0009E80002101200FF0BFF80128044600F066
:1071B000C6800120FAF750FDFCEEC07A0120CDED2B
:1071C000037A9DF80C200392FAF746FD039A05A86E
:1071D0009FED6E7A07EE902A6D49F8EEE77A30EE71
:1071E000670A20EE070AFCEEC07ACDED037A9DF81F
:1071F0000C300FF043FF8AE74FF4857102200FF047
:1072000093F801280646C3D1294628460FF08CF88A
:1072100007462846012F00F0E481FAF71DFDFCEE39
:10722000C07A2846CDED037A9DF80C200392FAF738
:1072300013FD039A05A89FED557A07EE902A54494D
:10724000F8EEE77A70EE677A67EE877AFCEEE77A17
:10725000CDED037A9DF80C300FF010FF294605A8FC
:10726000494B7F22FEF790FC05AA00962146464B2B
:10727000FEF708FE58E70FF0DFF807F0AFFBFCEE73
:10728000C07ACDED037A9DF80C2003920FF0D4F86C
:1072900007F0A4FB039A9FED3D7A05A807EE902A1C
:1072A0003C49F8EEE77A30EE670A20EE070AFCEE7A
:1072B000C07ACDED037A9DF80C300FF0DFFE05A803
:1072C000314B7F220021FEF75FFC05AA18212E4BCF
:1072D0000094FEF7D7FDFEF7A5FA13B0F0BD4FF40A
:1072E000857102200FF020F802283FF45AAF0FF00A
:1072F000A3F800210FF018F80128054600F02C81B2
:107300000FF09AF8FAF7A8FCFCEEC07ACDED037AFC
:107310009DF80C2003920FF08FF8FAF79DFC039A6A
:107320009FED1A7A05A807EE902A1949F8EEE77A38
:1073300070EE677A67EE877AFCEEE77AB9E7FAF7DC
:10734000A1FC154BC2B2154905A853F822200FF035
:1073500095FEB4E70FF070F812F028F910490246D4
:1073600005A80FF08BFE314605A8074B7F22D2E619
:10737000713D0AD7A37014404C0300244CE402086A
:1073800054E402080CE40208400300240000C84250
:10739000F4E3020800E402085C070024C4EC0208DD
:1073A00014E4020800007A440FF046F80021F9F7CF
:1073B000F9FAFCEEC07ACDED037A9DF80C20039229
:1073C0000FF03AF80021F9F7EDFA039A05A81FED3E
:1073D0000B7A07EE902AB049F8EEE77A70EE677AFA
:1073E00067EE877AFCEEE77A17EE903A9BB20FF0E1
:1073F00045FE8CE60FF020F812F0B4F8B7EEC00AA4
:107400009FED9D7BB4EEC70BF1EE10FA66D805AC8C
:107410000FF012F812F0A6F8DFEDA07A2046A0498E
:1074200020EE270AFCEEC07ACDED037A9DF80C2001
:107430000FF024FE9B4B7F2200212046FEF7A4FB89
:1074400001212246974B00911821FEF71BFD6BE6A8
:1074500007EE905AF2EE045A934905A8B8EE677BFE
:107460009FED874B87EE046BB7EEC66BFCEEC67ADA
:10747000CDED037A9DF80C2007EE902AF8EEE77A1E
:1074800036EE676A26EE256AFCEEC67ACDED037A03
:107490009DF80C300FF0F2FD314605A8814B7F229C
:1074A00039E60EF0C9FF11F01DFBB5EEC00AF1EE92
:1074B00010FA7AD405AC0EF0BFFF11F013FBDFED2C
:1074C0007B7A20467A4960EE277AFCEEE77ACDEDAA
:1074D000037A9DF80C200FF0D1FDABE705AC0EF060
:1074E000ABFF12F03FF8DFED717A2046704997E765
:1074F0000EF0A2FF11F07CFDFCEEC07ACDED037A18
:107500009DF80C2003920EF097FF11F071FD5CE7DF
:107510000EF092FF0021F9F729FAFCEEC07ACDEDCA
:10752000037A9DF80C2003920EF086FF0021F9F7F4
:107530001DFA4AE70EF080FF0021F9F725FAFCEE6C
:10754000C07ACDED037A9DF80C2003920EF074FF03
:107550000021F9F719FA38E70EF06EFFFAF792FBFF
:10756000544BC2B2544905A853F822200FF086FDAF
:1075700005A84C4B7F220021FEF706FB05AA0095CB
:107580001821484BFEF77EFCCEE507EE905A4B499A
:1075900005A8B8EE677B9FED3C5B87EE056BBCEE04
:1075A000C66B16EE103A9AB2AFE505AC0EF044FF8A
:1075B00011F098FADFED397A2046394983E70EF069
:1075C0003BFF0121F9F7D2F9FCEEC07ACDED037A49
:1075D0009DF80C2003920EF02FFF0121F9F7C6F958
:1075E000F3E6FAF74FFB334BC2B2334905A853F821
:1075F00022200FF043FD294605A82A4B7F22FEF7E3
:10760000C3FA05AA00972146264BFEF73BFC8BE503
:107610000EF012FF0121F9F7B7F9FCEEC07ACDEDBB
:10762000037A9DF80C2003920EF006FF0121F9F772
:10763000ABF9CAE60EF000FF0121F9F7B3F9FCEE51
:10764000C07ACDED037A9DF80C2003920EF0F4FE83
:107650000121B8E607EE905A6425B8EEE77B9FED6E
:107660000C5B87EE056BFCEEC67BCDED037A9DF8D7
:107670000C60FCE4AFF300807B14AE47E17A84BF7A
:107680007B832F4CA66A3C4066666666666624402D
:10769000713D0AD7A370144030E402080000C8C24C
:1076A00018E402084003002428E402080000C8424D
:1076B00020E402085C070024C4EC02080CE4020881
:1076C0000EF0BAFE11F0E2FDB0F5007F45D340F2B6
:1076D000FF3364261B1A07EE903A9FED295BB8EE44
:1076E000E77B87EE056BFCEEC67BCDED037A9DF85C
:1076F0000C500124244B3F2200212448FEF744FA79
:10770000214B1821214A0094FEF7BCFB1E4B3F225F
:1077100040211F48FEF738FA1B4B18211C4A0094E1
:10772000FEF7B0FB32461B4905A81FF08DFF164B34
:107730003F22002105A8FEF727FA134B05AA2221B4
:107740000094FEF79FFB2A46124905A81FF07CFF14
:1077500005A80D4B3F224021BCE407EE900A6425AA
:10776000B8EEE77B9FED065B87EE056BFCEEC67B14
:10777000CDED037A9DF80C60BBE700BFAFF300804E
:10778000713D0AD7A37014404C0300243CE4020866
:1077900044E402080CE40208F0B50446CE4D93B070
:1077A000002001260F46FEF7ADF9CC4B7F220021C9
:1077B00055F82400FEF7E8F955F824200F2100962B
:1077C000C64BFEF75FFB182C7DD0002C47D00B2C4E
:1077D00000F0C6801B2C00F08F81012C00F01F826E
:1077E000A4F10C03012B40F25381A4F11205012DE9
:1077F0008CBF00250125002D40F04A81062C00F0A9
:107800008A82032C00F0A982072C00F0CB821A2C6C
:1078100000F00383192C00F04182162C00F06983DC
:10782000172C00F0A383112C00F0B2831C2C00F065
:10783000DB831D2C00F0EA831F2C00F0BB8307EED6
:10784000907AA74905A8B8EE677B9FED9D5B87EE10
:10785000056BBCEEC66B16EE103A9AB22AE10EF03A
:10786000EBFD07F0B3F8FCEEC07ACDED037A9DF89E
:107870000C2003920EF0E0FD07F0A8F8039A9FEDAC
:10788000997A05A807EE902A9749F8EEE77A30EE44
:10789000670A20EE070AFCEEC07ACDED037A9DF868
:1078A0000C300FF0EBFB2146904B7F2205A8FEF732
:1078B0006BF905AA009618218C4BFEF7E3FAFDF749
:1078C000B1FF13B0F0BD40F2231102200EF02CFDE9
:1078D0000546002800F09C8040F2231102200EF0A3
:1078E00023FD0128044600F06081002101200EF0F4
:1078F0001BFD0128044600F0C6810120FAF7ACF90F
:10790000FCEEC07A0120CDED037A9DF80C200392A5
:10791000FAF7A2F9039A05A89FED727A07EE902A6A
:107920007149F8EEE77A30EE670A20EE070AFCEEBE
:10793000C07ACDED037A9DF80C300FF09FFB05A8BF
:107940006A4B7F220021FEF71FF9012105AA674B30
:1079500000911821FEF796FAFDF764FF13B0F0BD11
:107960000EF06AFD11F092FCB0F5007FC0F0478187
:10797000C0F50070642607EE900A9FED535BB8EEE9
:10798000E77B87EE056BFCEEC67BCDED037A9DF8B9
:107990000C500124514B3F2200215548FEF7F4F8CA
:1079A0004E4B1821524A0094FEF76CFA4B4B3F2283
:1079B00040215048FEF7E8F8484B18214D4A009402
:1079C000FEF760FA3246464905A81FF03DFE434BDC
:1079D0003F22002105A8FEF7D7F8404B05AA222137
:1079E0000094FEF74FFA2A463D4905A81FF02CFEE9
:1079F00005A83A4B3F224021FEF7C6F805AA374BAF
:107A000022210094FEF73EFAFDF70CFF13B0F0BD03
:107A10004FF4857102200EF087FC012806467FF4A2
:107A20005BAF294628460EF07FFC07462846012F0B
:107A300000F08582FAF710F9FCEEC07A2846CDED09
:107A4000037A9DF80C200392FAF706F9039A05A829
:107A50009FED247A07EE902A2349F8EEE77A70EE3C
:107A6000677A67EE877AFCEEE77ACDED037A9DF8C8
:107A70000C300FF003FB294605A81C4B7F22FEF7B4
:107A800083F805AA00962146184BFEF7FBF916E786
:107A90006FF4FF73124905A81F4407EE907A9FED1B
:107AA0000C5BB8EEE76B86EE057BBDEEC77B17EE91
:107AB000103A1AB20FF0E2FA41E700BFAFF30080CC
:107AC00066666666666624407B14AE47E17A1440BB
:107AD000713D0AD7A3701440900B00244C0300247E
:107AE0000CE402080000C842F4E30208400300244A
:107AF0003CE4020844E40208B7F5007F45D340F2B5
:107B0000FF336426DB1B07EE903A9FEDCF5BB8EEA8
:107B1000E77B87EE056BFCEEC67BCDED037A9DF827
:107B20000C500124CE4B3F224021CE48FEF72CF8CA
:107B3000CB4B1821CB4A0094FEF7A4F9C84B3F2247
:107B40000021C948FEF720F8C54B1821C64A009409
:107B5000FEF798F93246C54905A81FF075FDC04BE0
:107B60003F22402105A8FEF70FF8BD4B05AA2221B0
:107B70000094FEF787F92A46BC4905A81FF064FD6A
:107B800005A8B74B3F22002136E707EE907A64251F
:107B9000B8EEE75B9FEDAC6B85EE067BFCEEC77B3A
:107BA000CDED037A9DF80C60BBE74FF485710220A0
:107BB0000EF0BAFB02283FF498AE0EF03DFC002117
:107BC0000EF0B2FB0128054600F070810EF034FC87
:107BD000FAF742F8FCEEC07ACDED037A9DF80C205E
:107BE00003920EF029FCFAF737F8039A9FEDA07A7A
:107BF00005A807EE902A9F49F8EEE77A27E007EEFE
:107C0000900A6425B8EEE77B9FED8F5B87EE056BEE
:107C1000FCEEC67BCDED037A9DF80C60B9E60EF064
:107C20000BFC06F0DBFEFCEEC07ACDED037A9DF88E
:107C30000C2003920EF000FC06F0D0FE039A9FED9C
:107C40008C7A05A807EE902A8B49F8EEE77A70EE59
:107C5000677A67EE877AFCEEE77ACDED037A9DF8D6
:107C60000C300FF00BFA05A8844B7F220021FDF7A2
:107C70008BFF05AA1821814B0094FEF703F9FDF74D
:107C8000D1FD13B0F0BDF9F7FDFF7D4BC2B27D49C8
:107C900005A853F822200FF0F1F9E4E70EF0CCFB31
:107CA000012411F0A5F9FCEEC07ACDED037A9DF820
:107CB0000C2003920EF0C0FB11F09AF9039A9FED8D
:107CC000727A05A807EE902A7049F8EEE77A70EE0E
:107CD000677A67EE877AFCEEE77A17EE903A9BB206
:107CE0000FF0CCF905A8654B7F220021FDF74CFF72
:107CF00005AA00941821614BFEF7C4F8584B7F2267
:107D000000216348FDF740FF0094554B2C21604A49
:107D1000FEF7B8F8D3E50EF08FFB11F047FC5D4994
:107D2000024605A80FF0AAF9294605A8534B7F2261
:107D3000FDF72AFF05AA00961821504BFEF7A2F87E
:107D40002946474B7F225448FDF71EFF0096444BBF
:107D50002C21514AFEF796F8B1E507EE907AF2EE43
:107D6000046A4E4905A8B8EE674B9FED395B84EE77
:107D7000057BB7EEC77BFCEEC77ACDED037A9DF8A5
:107D80000C2007EE902AF8EEE77A37EE677A27EEB6
:107D9000267AFCEEC77ACDED037A9DF80C300FF011
:107DA0006DF9C1E70EF048FB11F0DCFBB7EEC00A3D
:107DB0009FED297BB4EEC70BF1EE10FA00F28F8035
:107DC00005AC0EF039FB11F0CDFBDFED357A204626
:107DD000344960EE277A0125FCEEE77ACDED037A8F
:107DE0009DF80C200FF04AF9244B7F2200212046F9
:107DF000FDF7CAFE224600951821204BFEF742F8F7
:107E0000174B7F2200212448FDF7BEFE0095144B3E
:107E10002C21214AFEF736F851E50EF00DFB10F04B
:107E200061FEB5EEC00AF1EE10FA00F1D38005ACA8
:107E30000EF002FB10F056FEDFED0D7A20461A49D7
:107E4000C7E700BFAFF30080713D0AD7A3701440AD
:107E50007B832F4CA66A3C407B14AE47E17A84BFFB
:107E60004C0300244CE4020854E402080CE4020829
:107E70000000C842F4E3020800E4020840030024C2
:107E80005C070024C4EC020800007A4430E40208D5
:107E9000ECE3020814E40208E0E3020828E4020824
:107EA0000000C8C218E4020820E402080EF0C4FA78
:107EB000F9F7E8FE5E4BC2B25E4905A853F82220EE
:107EC0000FF0DCF805A85C4B7F220021FDF75CFE7B
:107ED00005AA00951821584BFDF7D4FFEFE405AC37
:107EE0000EF0AAFA11F03EFBDFED547A2046544919
:107EF0006FE70EF0A1FA0021F8F738FDFCEEC07A2A
:107F0000CDED037A9DF80C2003920EF095FA002136
:107F1000F8F72CFD039A05A89FED4A7A07EE902A00
:107F20004949F8EEE77A70EE677A67EE877AFCEEF9
:107F3000E77A17EE903A9BB20FF0A0F8FFE4F9F75A
:107F4000A1FE3B4BC2B23B4905A853F822200FF0DB
:107F500095F8294605A8384B7F22FDF715FE05AA9E
:107F600000972146344BFDF78DFFA8E40EF064FA2C
:107F70000021F8F709FDFCEEC07ACDED037A9DF8FB
:107F80000C2003920EF058FA0021F8F7FDFCC1E72F
:107F90000EF052FA0021F8F705FDFCEEC07ACDEDA7
:107FA000037A9DF80C2003920EF046FA0021F8F7B0
:107FB000F9FCAFE70EF040FA0121F8F7F3FCFCEE14
:107FC000C07ACDED037A9DF80C2003920EF034FABE
:107FD0000121ECE705AC0EF02FFA10F083FDDFED88
:107FE0001B7A20461A49F4E60EF026FA0121F8F72A
:107FF000BDFCFCEEC07ACDED037A9DF80C20039217
:108000000EF01AFA0121F8F7B1FC83E70EF014FA2A
:108010000121F8F7B9FCFCEEC07ACDED037A9DF8AA
:108020000C2003920EF008FA0121F8F7ADFC71E77D
:108030005C070024C4EC0208400300240000C8428E
:1080400020E4020800007A4430E402080000C8C2BC
:1080500018E4020870B506468AB026480C46264940
:108060001546FEF7D9FA721C244902A80FF006F84B
:10807000234B7F22002102A8FDF786FD012102AAE1
:108080001F4B00911421FDF7FDFEE5B922461D4965
:1080900002A80EF0F3FF0124194B7F22002102A851
:1080A000FDF772FD02AA00941E21154BFDF7EAFEB2
:1080B000134B3921144A31200094FDF7E3FEFDF7FC
:1080C000B1FB0AB070BD114B02A8114DA3FB0423F4
:1080D000104ADB0852F8241003EB43020091013BE5
:1080E0000D49A4EB8204A4B255F824200EF0C6FF7B
:1080F000D1E700BF0CED020804ED020818ED0208FC
:108100004C03002430ED020868E70208ABAAAAAAD3
:10811000140C0024DC07002424ED020803062FD4ED
:10812000021D184BA3FB02131749DB0851F820006E
:1081300003EB4301013B30B5A2EB810291B0134D3B
:108140000024009003A855F8222011490EF096FF54
:10815000204600940A237F221E21FDF7CBFF2146F3
:1081600003A80C4B7F22FDF70FFD012103AA094B49
:1081700000911E21FDF786FEFDF754FB11B030BDC6
:10818000704700BFABAAAAAA8C090024140C0024D3
:1081900024ED02084C03002430B5002483B00546CA
:1081A0000A237F22009420461E21FDF7A3FF15B36A
:1081B000012D2146194B4FF07F020ED01848FDF7D4
:1081C000E3FC0122154B1E210092154AFDF75AFED1
:1081D00003B0BDE83040FDF725BB1248FDF7D4FCE5
:1081E0000E4B1E210F4A0095FDF74CFE03B0BDE873
:1081F0003040FDF717BB2946084B7F220A48FDF7A0
:10820000C3FC0122054B1E210092074AFDF73AFEEE
:1082100003B0BDE83040FDF705BB00BF4C030024B0
:10822000D8E30208D0E30208C8E3020830B53049B9
:108230008BB004462F48FEF7EFF92F4B1D7845BB56
:108240000F2C40D814F0010F4FEA540202AC08BFC3
:108250002A4902F1010218BF294920460EF00EFFFB
:10826000284B7F2200212046FDF78EFC012122466B
:10827000244B00911421FDF705FE0120214B224AD9
:10828000392100903120FDF7FDFDFDF7CBFA0BB051
:1082900030BD01241B4B7F2200211C48FDF774FCDC
:1082A0000094184B1421194AFDF7ECFD154B7F2261
:1082B00000211748FDF768FC0094124B1E21144A58
:1082C000FDF7E0FDD9E7A4F10F02124902A80EF074
:1082D000D5FE294602A80B4B7F22FDF755FC012154
:1082E00002AA084B00911421FDF7CCFDC5E700BFA1
:1082F00088E302080CED0208D019002494E3020878
:108300009CE302084C03002468E70208ACE302087F
:10831000BCE30208A4E3020810B50EF0F9F8042843
:108320001DD00EF0DDF8B8B97F200EF0C7F8FEF7CB
:108330007FFB012100200EF0F1F8012108460EF02C
:10834000EDF80EF0E5F804460EF0CAF801462046B6
:10835000BDE810400EF09AB90138C0B2E5E70EF062
:108360006BF80EF09FF880B1013884B20EF064F81B
:1083700021460EF07BF8FEF75BFB0EF05DF8214620
:108380000022BDE810400EF09DB940F2F314EDE775
:1083900010B50EF0BDF804281ED00EF0A1F87E280E
:1083A00017D900200EF08AF8FEF742FB01210020C9
:1083B0000EF0B4F8012108460EF0B0F80EF0A8F85F
:1083C00004460EF08DF801462046BDE810400EF040
:1083D0005DB90130C0B2E5E70EF02EF80EF062F89C
:1083E000B0F5F97F10D8013084B20EF025F821469F
:1083F0000EF03CF8FEF71CFB0EF01EF821460022A2
:10840000BDE810400EF05EB90024EEE730B5234918
:1084100083B02348FEF700F9224B1C78F4B1012405
:10842000214B7F2200212148FDF7AEFB00941E4B1B
:1084300016211E4AFDF726FD1D4B7F2200211D48F7
:10844000FDF7A2FB00941A4B0C211A4AFDF71AFD06
:10845000042003B0BDE83040FEF72EB801252146C8
:10846000114B7F221348FDF78FFB00950E4B162111
:10847000104AFDF707FD21460D4B7F220B48FDF703
:1084800083FB00950A4B2921084AFDF7FBFC0420D9
:1084900003B0BDE83040FEF70FB800BFE4E80208C3
:1084A00060E70208EC19002440030024CCEC020829
:1084B0004C030024F0E8020830B5234983B0234878
:1084C000FEF7AAF8224B1C78F4B10124214B7F223D
:1084D00000212148FDF758FB00941E4B16211E4A2F
:1084E000FDF7D0FC1D4B7F2200211D48FDF74CFB02
:1084F00000941A4B0C211A4AFDF7C4FC052003B066
:10850000BDE83040FDF7D8BF01252146114B7F2241
:108510001348FDF739FB00950E4B1621104AFDF765
:10852000B1FC21460D4B7F220B48FDF72DFB00953A
:108530000A4B2921084AFDF7A5FC052003B0BDE838
:108540003040FDF7B9BF00BFE4E8020870E7020859
:10855000E419002440030024CCEC02084C0300245E
:10856000F0E8020808B50DF0BBFF064B18700DF0DF
:10857000CFFF054B0022187011460120BDE80840CE
:10858000FEF7FEBBC1370024B937002410B582B016
:108590000DF0BEFF40B28DF807009DF80730013B9B
:1085A0005BB28DF807309DF807301B0602D5042317
:1085B0008DF807309DF807000DF098FF9DF8073003
:1085C000042B1BD000200DF079FF0DF0A1FF044615
:1085D0000DF086FF014620460EF058F801210020DC
:1085E0000DF09CFF012108460DF098FF00220120AC
:1085F000114602B0BDE81040FEF7C2BB0DF01CFFF3
:1086000001210DF08BFF0DF017FF04460DF014FF54
:108610000DF048FF0022014620460EF053F80222DA
:108620004FF4857110460DF0C7FA022013F054F98B
:10863000DCE700BF10B582B00DF06AFF8DF80700CF
:108640009DF807300133DBB28DF807309DF8073015
:10865000042B02D900238DF807309DF807000DF098
:1086600045FF9DF80730042B1BD000200DF026FF9E
:108670000DF04EFF04460DF033FF014620460EF08C
:1086800005F8012100200DF049FF012108460DF0F9
:1086900045FF00220120114602B0BDE81040FEF760
:1086A0006FBB0DF0C9FE01210DF038FF0DF0C4FEC7
:1086B00004460DF0C1FE0DF0F5FE002201462046F5
:1086C0000EF000F802224FF4857110460DF074FA96
:1086D000022013F001F9DCE710B50DF019FF0130AD
:1086E000C4B2042C1DD900200DF000FF00200DF0B5
:1086F000E5FE0DF00DFF04460DF0F2FE01462046AA
:108700000DF0C4FF012100200DF008FF01210846F3
:108710000DF004FF002201201146BDE81040FEF7D5
:108720002FBB20460DF0E2FE042CDFD10DF084FEBD
:1087300001210DF0F3FE0DF07FFE04460DF07CFEEE
:108740000DF0B0FE0022014620460DF0BBFF0222D4
:108750004FF4857110460DF02FFA022013F0BCF88B
:10876000D8E700BF0022012138B51046094CFEF7BA
:1087700007FB094D0DF0B4FE084B207018700DF08A
:10878000C7FE074A217828701070BDE83840FEF710
:1087900049BA00BFB7370024AD370024BC370024E6
:1087A000C037002410B584B0032101A8FAF748F9B6
:1087B0009DF80630012B13D0144C207860B90323A8
:1087C00018462370FDF7A2FF114B2078197804B0EA
:1087D000BDE81040FEF726BA0138C0B22070F1E7BC
:1087E0000B4B197849B1094C01392078C9B219707D
:1087F00004B0BDE81040FEF715BA044C7F21207884
:10880000197004B0BDE81040FEF70CBAC037002460
:10881000B737002410B584B0032101A8FAF710F986
:108820009DF80630012B14D0154C20780130C0B2D1
:1088300003280AD82070FDF769FF124B20781978B9
:1088400004B0BDE81040FEF7EDB9002318462370D0
:10885000F1E70C4B19780131C9B20A0607D4084C6C
:108860001970207804B0BDE81040FEF7DBB9044C65
:1088700000212078197004B0BDE81040FEF7D2B98D
:10888000C0370024B737002430B5254991B0012402
:108890002448FDF7C1FE244D244B7F2200212448AB
:1088A000FDF772F90F21214B214A0094FDF7EAFAF6
:1088B0002A8803A81F49224492B21EF0C5FE2888C8
:1088C0000CF016FE90B901461B4B7F2203A8FDF762
:1088D0005BF9009403AA184B1821FDF7D3FA012085
:1088E000FDF7EAFDFCF79EFF11B030BD0F4B7F2274
:1088F000002103A8FDF748F903AA009418210B4BA7
:10890000FDF7C0FA094B7F2200210C48FDF73CF926
:108910000094064B2221094AFDF7B4FADFE700BFB5
:10892000CCEC020860E70208BE3700244C030024A8
:10893000F4EC0208F0E6020840030024B4EC02085C
:1089400008B50DF079FD0DF0ADFD034B1880BDE8C5
:108950000840FFF799BF00BFBE37002430B52F494C
:1089600091B001242E48FDF757FE2E4D2E4B7F224D
:1089700000212E48FDF708F90F212B4B2B4A0094BC
:10898000FDF780FA2A8803A82949224492B21EF0F2
:108990005BFE28880CF0ACFDE8B90146254B7F2230
:1089A00003A8FDF7F1F803AA00941821214BFDF765
:1089B00069FA00941C4B3921194A0520FDF762FA27
:1089C000194B39211C4A31200094FDF75BFAFCF762
:1089D00029FF11B030BD144B7F22002103A8FDF701
:1089E000D3F803AA009418210F4BFDF74BFA0E4B56
:1089F0007F2200211148FDF7C7F800940A4B22217D
:108A00000E4AFDF73FFA084B39210D4A31200094F8
:108A1000FDF738FAFCF706FF11B030BDCCEC0208C8
:108A200070E70208BE3700244C030024F4EC02086F
:108A3000F0E602084003002468E70208B4EC0208EC
:108A40001CE7020810B5104C238883B1013B23803A
:108A5000FFF784FF0DF0F0FC21880DF007FD208862
:108A60000CF046FD38B1BDE81040FDF705BC40F202
:108A7000F3132380ECE70DF0DFFC21880122BDE831
:108A800010400DF01FBE00BFBE37002410B5104CC3
:108A9000238801339BB2B3F5FA7F28BF00232380DC
:108AA000FFF75CFF0DF0C8FC21880DF0DFFC20888B
:108AB0000CF01EFD18B1BDE81040FDF7DDBB0DF058
:108AC000BBFC21880122BDE810400DF0FBBD00BFBA
:108AD000BE3700240021012238B50846094CFEF7B4
:108AE0004FF9094D0DF0FCFC084B207018700DF08B
:108AF0000FFD074A217828701070BDE83840FEF756
:108B000091B800BFB7370024AD370024BC3700242C
:108B1000C03700242DE9F0410024274DDFF8C8803C
:108B2000264E2146264F2748FDF776FD2B78E0B2EA
:108B30002344092B13D8DFE803F0312E2B282522FC
:108B40001F1C190500224146FDF794FD2B7896F96C
:108B5000002023449A4202D10020FDF7ADFC0134ED
:108B6000052CE3D1BDE8F041FCF75CBE002239469C
:108B7000EAE700221449E7E700221449E4E700226B
:108B80001349E1E700221349DEE700221249DBE73F
:108B900000221249D8E700221149D5E700221149E5
:108BA000FDF768FD2B7896F9002023449A42D6D130
:108BB0000220FDF781FCD2E7EB190024BB3700242B
:108BC00038EA0208DCE902082CEA020820EA020876
:108BD00014EA020808EA020800EA0208F8E90208B2
:108BE000F0E90208E8E9020840EA0208124930B454
:108BF0000B78013BDBB25AB2002A18DB0A7011462F
:108C00000E4802788A420FDDD11C551E0C4CEAB288
:108C1000C9B2027021700B4D0B4C0C482B702270A6
:108C2000017030BCFFF776BF05490978F3E70022F1
:108C30000A7013461146E3E7BB370024EB19002402
:108C40008C0B0024F1190024F3190024F2190024DC
:108C5000144930B40B780133DBB25AB2092A15DC5F
:108C600011480A70114602788A4217DAD11E551C43
:108C70000E4CEAB2C9B2027021700D4D0D4C0E4877
:108C80002B702170027030BCFFF744BF09220648E8
:108C90000A701346114602788A42E7DB03490978D5
:108CA000EBE700BFBB3700248C0B0024EB1900243A
:108CB000F1190024F3190024F21900242DE9F043DE
:108CC0000024BA4EDFF8509385B0DFF85083214678
:108CD000B74FB848FDF7A0FC3378E5B223440D2B1D
:108CE0002FD8DFE813F0FE00EE00DD000E00C90013
:108CF000B500A1008200700067005E0055004700CB
:108D0000390009F09FFE012807D04FF48771022037
:108D10000DF00AFB002800F0368109F093FE0128CF
:108D200000F029814FF4877102200DF0FDFAA2496D
:108D3000024601A80EF0A2F901AA28469F49FDF7B4
:108D400099FC0134052CC7D10020FDF7B5FBFCF7D9
:108D500069FD05B0BDE8F0834FF4897102200DF084
:108D6000E3FA0428EDD8DFE810F05B011A011401E2
:108D700085017F014FF4807102200DF0D5FA04289F
:108D8000DFD8DFE810F06B0165015F015901530185
:108D90000134284600228A49FDF76CFC052C9BD142
:108DA000D2E70134284600228649FDF763FC052CF2
:108DB00092D1C9E70134284600228349FDF75AFCC5
:108DC000052C89D1C0E74FF48A7102200DF0ACFA6E
:108DD000002840F0C680013428467C4A7C49FDF7D3
:108DE00049FC052C7FF478AFAEE740F21B1102205E
:108DF0000DF09AFA0134C2B2394601A8A9FB02C3A8
:108E0000DB0803EB430C013BA2EB8C02D2B258F817
:108E100022200EF033F901AA28466E49FDF72AFCFC
:108E2000052C7FF459AF8FE74FF4887102200DF0C5
:108E30007BFA01340246604901A80EF01FF901AA2D
:108E400028466549FDF716FC052C7FF445AF7BE706
:108E500040F20D1102200DF067FA01340246564926
:108E600001A80EF00BF901AA28465C49FDF702FCA7
:108E7000052C7FF431AF67E740F20F1102200DF0AF
:108E800053FA0134421C4C4901A80EF0F7F801AA2C
:108E900028465349FDF7EEFB052C7FF41DAF53E741
:108EA0004FF4867102200DF03FFA002846D10134BC
:108EB00028464C4A4C49FDF7DDFB052C7FF40CAFEE
:108EC00042E740F20B1102200DF02EFA18BB0134DC
:108ED0002846444A4549FDF7CDFB052C7FF4FCAEFE
:108EE00032E74FF4827102200DF01EFA48B90134C6
:108EF00028463F4A3F49FDF7BDFB052C7FF4ECAE09
:108F000022E7013428463C4A3A49FDF7B3FB052CD9
:108F10007FF4E2AE18E740F20B1102200DF004FAE4
:108F2000012804F1010428460CBF344A344A2F4971
:108F3000FDF7A0FB052C7FF4CFAE05E74FF486715B
:108F400002200DF0F1F9012804F1010428460CBFBC
:108F50002A4A2B4A2449FDF78DFB052C7FF4BCAE31
:108F6000F2E601342846274A1949FDF783FB052C10
:108F70007FF4B2AEE8E640F2111102200DF0D4F910
:108F80000D49421CD5E628461F4A0C49FDF772FBE5
:108F9000D7E628461D4A1E49FDF76CFBD1E6284658
:108FA0001C4A1B49FDF766FBCBE600BFEB1900240A
:108FB00040EB02085CEA0208F0E6020898EA0208C0
:108FC0000CEB0208F4EA020830EB020820EB02087E
:108FD00024EB020848EB0208A0EA0208A4EA02080F
:108FE00094EA020864EA02088CEA02086CEA0208C1
:108FF000A0E4020878EC0208A4E402087CEA020873
:1090000084EA020870E5020890EA0208CCEA020845
:10901000E0EA0208C8EA0208ABAAAAAA140C0024D3
:109020002846174A1749FDF725FB8AE62846164ABF
:109030001649FDF71FFB84E62846154A1349FDF73C
:1090400019FB7EE62846134A1049FDF713FB78E624
:109050002846114A0D49FDF70DFB72E62846084ADD
:109060000A49FDF707FB6CE62846074A0549FDF764
:1090700001FB66E62846064A0249FDF7FBFA60E670
:10908000B4EA0208E0EA0208D8EA0208B8EA0208EC
:10909000D0EA0208CCEA0208C8EA0208F8B5104C87
:1090A000104D20782A780138C0B243B2002BBCBFE3
:1090B000002318469A42237010DD531E0A4E0332D5
:1090C0002B703270FFF7FAFD277828783278074C3A
:1090D0000749084B277008701A70F8BD024EF1E777
:1090E000BB370024EB1900248C0B0024E819002462
:1090F000EA190024E9190024F8B5104C104D207825
:109100002A780130C0B243B20D2BC4BF0D231846DC
:109110009A42237010DA531C0A4E033A2B703270B5
:10912000FFF7CCFD277830782A78074C0749084BA1
:10913000277008701A70F8BD024EF1E7BB370024A3
:109140008C0B0024EB190024E8190024EA190024F0
:10915000E91900242DE9F04300241B4EDFF87C9030
:1091600087B0DFF87C802146184F1948FDF754FA84
:109170003378E5B21B191AD0012B4FF491714FF0DF
:10918000020009D10DF0D0F801283A4611492846CD
:1091900008BF114AFDF76EFA0134052CE8D1FCF73F
:1091A00041FB0020FDF788F907B0BDE8F08312F01D
:1091B000FDF94946024601A80DF060FF01AA4146AB
:1091C0002846FDF757FAE7E7EB19002464EC02089C
:1091D00038EC02085CEC020854EC0208F0E60208E5
:1091E00040EC0208F8B5104C104D20782A78013870
:1091F000C0B243B2002BBCBF002318469A42237072
:1092000010DD531E0A4E03322B703270FFF7A2FF9F
:10921000277828783278074C0749084B2770087060
:109220001A70F8BD024EF1E7BB370024EB19002499
:109230008C0B0024FC190024FE190024FD190024C5
:10924000F8B5104C104D20782A780130C0B243B2E6
:10925000012BC4BF012318469A42237010DA531C15
:109260000A4E033A2B703270FFF774FF277830787C
:109270002A78074C0749084B277008701A70F8BD08
:10928000024EF1E7BB3700248C0B0024EB190024BD
:10929000FC190024FE190024FD1900242DE9F043D7
:1092A0000024494DDFF8489187B0484F2146DFF848
:1092B00044814748FDF7B0F92B78E6B22344062BEA
:1092C00030D8DFE803F0616F5345371A04000022FD
:1092D00030464946FDF7CEF92B7897F90020234414
:1092E0009A421FD101340220FDF7E6F8052CE3D1A4
:1092F000FCF798FA07B0BDE8F08340F21D11022098
:109300000DF012F84146C2B201A81EF09DF901AA63
:1093100030463049FDF7AEF92B7897F90020234409
:109320009A424DD00134052CC6D1FCF77BFA07B028
:10933000BDE8F0834FF48E7102200CF0F5FF264952
:10934000C2B201A81EF080F901AA30462349E1E724
:1093500040F2211102200CF0E7FF4146C2B201A801
:109360001EF072F901AA30461D49D3E74FF49071FF
:1093700002200CF0D9FF1849C2B201A81EF064F90E
:1093800001AA30461749C5E74FF48F7102200CF04F
:10939000CBFF1149C2B201A81EF056F901AA30460E
:1093A0001149B7E740F21F1102200CF0BDFF414602
:1093B000C2B201A81EF048F901AA30460B49A9E73C
:1093C0000020FDF779F8ADE7EB190024BB37002446
:1093D000C0EB020818EC0208D0EB02080CEC020803
:1093E00000EC0208F4EB0208D8EB0208E8EB0208F4
:1093F00024EC0208E4EB0208F8B5104C104D20787C
:109400002A780138C0B243B2002BBCBF00231846F3
:109410009A42237010DD531E0A4E03322B703270B5
:10942000FFF73CFF277828783278074C0749084B2C
:10943000277008701A70F8BD024EF1E7BB370024A0
:10944000EB1900248C0B0024F7190024F8190024D0
:10945000700C0024F8B5104C104D20782A7801309B
:10946000C0B243B2062BC4BF062318469A422370EB
:1094700010DA531C0A4E033A2B703270FFF70EFFBE
:10948000277830782A78074C0749084B27700870EE
:109490001A70F8BD024EF1E7BB3700248C0B002494
:1094A000EB190024F7190024F8190024700C00248B
:1094B0002DE9F04100241F4DDFF8A0801E4E21460B
:1094C0001E4F1F48FDF7A8F82B78E0B22344072B66
:1094D0000FD8DFE803F02427211E1B1815040022F3
:1094E0004146FDF7C7F82B7896F9002023449A42AD
:1094F0001BD00134052CE7D1BDE8F041FCF792B94F
:1095000000223946EDE700220E49EAE700220E4923
:10951000E7E700220D49E4E700220D49E1E70022D8
:109520000C49DEE700220C49DBE70220FCF7C4FF10
:10953000DFE700BFEB190024BB37002484E90208F1
:109540000CED020874E9020868E902085CE9020807
:1095500054E9020838E9020848E902088CE90208DF
:109560000F4B1B78072B00D0704770B50D4D95F948
:109570000040062C00D070BD0B4E337813B9012388
:10958000337070BD11F0D4FF0023084A02213370FC
:10959000074B287811701C70BDE87040FFF788BF3A
:1095A000F6190024BB370024F4190024EB19002419
:1095B0008C0B0024F8B5104C104D20782A78013817
:1095C000C0B243B2002BBCBF002318469A4223709E
:1095D00010DD531E0A4E03322B703270FFF768FF06
:1095E000277828783278074C0749084B277008708D
:1095F0001A70F8BD024EF1E7BB370024EB190024C6
:109600008C0B0024CD190024CF190024CE1900247E
:10961000F8B5174C174B20781A780130C0B243B216
:109620002370B2B1072B1FDC134D2A789A4219DA46
:10963000531C124E033A2B703270FFF739FF277814
:1096400030782A780E4C0F490F4B277008701A702B
:10965000F8BD062BE8DD084D06232A78184623704E
:109660009A42E5DB054EE8E7072318462370DBE75F
:10967000BB370024F41900248C0B0024EB190024C0
:10968000CD190024CF190024CE19002430B589B09B
:1096900001251B4C00211B48FCF7BEFF03A81A4AFA
:1096A0001A490DF0EBFC234600950A21184A0220C6
:1096B000FCF7E8FB03AA2346009514210220FCF7DF
:1096C000E1FB234600951E21124A0220FCF7DAFB3B
:1096D000234600952821104A0220FCF7D3FB23469D
:1096E000009532210D4A0220FCF7CCFB23460C4AA0
:1096F000392131200095FCF7C5FB09B030BD00BF12
:109700004C030024ACE40208B4E40208BCE4020800
:10971000CCE40208DCE40208F4E4020808E50208EC
:1097200058E7020830B54FF4827183B0012402205B
:109730000CF0FAFD2049C5B22048FCF76DFF204B24
:109740000B21204A0E200094FCF79CFB1C4B14219B
:109750001D4A0E200094FCF795FB052300940B2175
:109760001A460420FCF790FC75B1052300941421DF
:1097700004201A46FCF788FC012D14D0012003B008
:10978000BDE83040FCF798BE2346224600940D21E8
:109790000620FCF7AFFC0523009414211A46042090
:1097A000FCF772FCEAE700952B462A4616210620B4
:1097B000FCF7A0FCE2E700BF78EC02085CEA0208D4
:1097C0004C03002454EB020864EB020808B54FF484
:1097D000827102200CF0A8FD0138C0B209F028F90E
:1097E000BDE80840FFF79EBF08B54FF48271022024
:1097F0000CF09AFD0130C0B209F01AF9BDE808403A
:10980000FFF790BF30B5204991B020480125FCF703
:1098100003FF40F2051102200CF086FD1C49C4B282
:1098200003A822460DF02AFC1A4B7F22002103A830
:10983000FCF7AAF903AA1221164B0095FCF722FBAC
:10984000AC42154B4FF07F024FF000010DD0134892
:10985000FCF79AF9104B2521104A0095FCF712FBF2
:109860000120FCF729FE11B030BD0848FCF78CF947
:10987000094B2521054A0094FCF704FB0120FCF765
:109880001BFE11B030BD00BF40EC020838EC0208EE
:10989000F0E60208400300244C0300246CEC0208AC
:1098A00008B511F083FE0138C0B211F0BDFFBDE86C
:1098B0000840FFF7A7BF00BF08B511F077FE0130E1
:1098C000C0B211F0B1FFBDE80840FFF79BBF00BF79
:1098D000F0B51D4C83B01D4F012500211C48FCF73D
:1098E0009BFE234638467F2200211A4EFCF74CF996
:1098F0003A46234600951721FCF7C4FA2346009503
:109900002321154A2020FCF7BDFA23463246009554
:1099100023214220FCF7B6FA202200950B231146A2
:109920004020FCF7B1FB3246234600953921052043
:10993000FCF7A8FA2346094A392131200095FCF7A3
:10994000A1FA03B0F0BD00BF4C030024B8E8020840
:10995000A8E80208CCE80208E4E5020858E7020893
:10996000F0B51D4C83B01D4F012500211C48FCF7AC
:1099700053FE234638467F2200211A4EFCF704F995
:109980003A46234600951721FCF77CFA23460095BA
:109990002321154A2020FCF775FA2346324600950C
:1099A00023214220FCF76EFA202200950B2311465A
:1099B0004020FCF769FB32462346009539210520FB
:1099C000FCF760FA2346094A392131200095FCF75B
:1099D00059FA03B0F0BD00BF4C03002498E8020818
:1099E00084E80208CCE80208E4E5020858E7020827
:1099F000F0B51D4C83B01D4F012500211C48FCF71C
:109A00000BFE234638467F2200211A4EFCF7BCF895
:109A10003A46234600951721FCF734FA2346009571
:109A20002321154A2020FCF72DFA234632460095C3
:109A300023214220FCF726FA202200950B23114611
:109A40004020FCF721FB32462346009539210520B2
:109A5000FCF718FA2346094A392131200095FCF712
:109A600011FA03B0F0BD00BF4C03002480EC0208E3
:109A700024EC0208CCE80208E4E5020858E70208F2
:109A800070B500240A480B4D21460B4EFCF7C4FD6F
:109A90002A78E0B2121904F1010402D0052CF7D1A2
:109AA00070BD3146FCF7E6FD0220FCF705FDF5E749
:109AB00050E50208EB190024D4E8020870B5124CF6
:109AC00082B0124E012500211148FCF7A5FD234666
:109AD00030467F220021FCF757F832462346009596
:109AE0001B21FCF7CFF9234600953921094A0520AF
:109AF000FCF7C8F92346084A392131200095FCF7C4
:109B0000C1F902B070BD00BF4C03002448E5020853
:109B100034E5020858E5020858E70208F0B5204C81
:109B200083B001251F4F20492048FCF775FD2346CF
:109B3000009512211E4A1320FCF7A4F9234638464B
:109B40007F2200211B4EFCF71FF83A462346009562
:109B50001B21FCF797F9234600952621164A15206C
:109B6000FCF790F923463246009526214E20FCF75B
:109B700089F900950B23202223214C20FCF784FA3D
:109B800032462346009539210520FCF77BF9234610
:109B90000A4A392131200095FCF774F903B0F0BD71
:109BA0004C030024C8E5020874EA02080CED020820
:109BB000B4E50208CCE80208E0E5020858E702082C
:109BC000F0B5234C83B0234E012523492348FCF7ED
:109BD00023FD234F234630467F220021FBF7D4FF8D
:109BE00032462346009512211E4EFCF74BF92346C0
:109BF00038467F220021FBF7C7FF3A4623460095EF
:109C00001B21FCF73FF9234600952621164A152013
:109C1000FCF738F923463246009526214E20FCF702
:109C200031F900950B23202223214C20FCF72CFA3C
:109C300032462346009539210520FCF723F92346B7
:109C40000A4A392131200095FCF71CF903B0F0BD18
:109C50004C03002490E5020874EA02080CED0208A7
:109C6000A8E50208CCE80208E0E5020858E7020887
:109C700010B5012482B00A490A48FCF7CDFC0094D3
:109C8000094B1721094A2A20FCF7FCF8084B392117
:109C9000084A31200094FCF7F5F802B010BD00BF6F
:109CA00074EA02080CED02084003002488E502086B
:109CB0004C03002458E7020810B5234982B023481A
:109CC000FCF7AAFC224B7F221978224B002930D0C6
:109CD00000212148FBF758FF01221E4B172100925B
:109CE0001D4AFCF7CFF801241A4B1C4A232100948B
:109CF0002020FCF7C7F80094164B2321184A422075
:109D0000FCF7C0F8202200940B2311464020FCF7FA
:109D1000BBF900940F4B3921114A0520FCF7B2F82A
:109D20000C4B39210F4A31200094FCF7ABF802B0FC
:109D300010BD0D48FBF728FF0122064B17210092AA
:109D4000094AFCF79FF8CEE788E302080CED020809
:109D5000D01900244C03002474E80208E4E502084A
:109D6000CCE8020858E7020860E80208F0B51D4C8C
:109D700083B01D4F01251D491D48FCF74DFC2346AE
:109D800038467F2200211B4EFBF7FEFE3A46234653
:109D900000951721FCF776F8234600952321164AF3
:109DA0002020FCF76FF823463246009523214220FD
:109DB000FCF768F8202200950B2311464020FCF7A1
:109DC00063F932462346009539210520FCF75AF8FD
:109DD00023460A4A392131200095FCF753F803B095
:109DE000F0BD00BF4C0300243CE6020854E9020821
:109DF0000CED0208CCE80208E4E5020858E7020886
:109E0000F0B51D4C83B01D4F01251D491D48FCF7C1
:109E100003FC234638467F2200211B4EFBF7B4FE8D
:109E20003A46234600951721FCF72CF82346009567
:109E30002321164A2020FCF725F8234632460095B8
:109E400023214220FCF71EF8202200950B23114607
:109E50004020FCF719F932462346009539210520A8
:109E6000FCF710F823460A4A392131200095FCF707
:109E700009F803B0F0BD00BF4C0300243CE6020823
:109E800068E902080CED0208CCE80208E4E50208E3
:109E900058E702080000000007EE902A01EB80025C
:109EA0001949B8EEE77B01329FED156B30B527EE0F
:109EB000067B93B00024154D05A8FCEEC77BCDEDC5
:109EC000037A9DF80C300DF0D9F8204600940A234F
:109ED0007F221421FCF70EF921462B4605A87F228C
:109EE000FBF752FE01212B4605AA00911421FBF736
:109EF000C9FFFBF797FC13B030BD00BFAFF3008084
:109F0000AE47E17A14AE204078E402084C03002406
:109F100000B5094983B00948FCF77EFB0122084BD4
:109F2000392100923120074AFBF7ACFF03B05DF8FE
:109F300004EBFBF777BC00BF68E902080CED0208F0
:109F40004C03002468E7020870B5002488B0064678
:109F50000A2320460D4D00943F220F21FCF7CAF83A
:109F6000721C03A80A491DF06FFB21462B4603A86B
:109F70003F22FBF709FE01212B4603AA00910F2186
:109F8000FBF780FFFBF74EFC08B070BD4C030024CC
:109F900070E402082DE9F0414B4900244B484C4E37
:109FA000DFF850814B4FFCF737FB11F0FFFA042824
:109FB000E5B22FD133782344082B0BD8DFE803F028
:109FC0001E1218717705246B7D0028460022394641
:109FD000FCF750FB0134052CE7D10220BDE8F0412D
:109FE000FCF76ABA284600224146FCF743FBF1E73A
:109FF000284600223849FCF73DFBEBE728460022C3
:10A000003649FCF737FBE5E7284600223449FCF7E0
:10A0100031FBDFE711F0CAFA032815D13378234466
:10A02000062BD7D801A252F823F000BFFD9F0008ED
:10A03000E59F0008F19F0008A3A00008CB9F00083F
:10A0400009A0000897A0000811F0B0FA022811D169
:10A0500033782344042BBDD801A252F823F000BF6B
:10A06000FD9F0008E59F0008F19F0008CB9F0008B6
:10A0700009A0000811F09AFA0128ABD132782244E5
:10A08000012AAFD0022AA0D0002AA3D12846134922
:10A09000FCF7F0FA9EE7284600221249FCF7EAFA9C
:10A0A00098E7284600221049FCF7E4FA92E7284690
:10A0B00000220E49FCF7DEFA8CE7284600220C4904
:10A0C000FCF7D8FA86E700BF0CED020868E9020841
:10A0D000EB19002420E80208F0E70208D0E70208A4
:10A0E00030E8020840E8020800E8020810E8020828
:10A0F00050E80208E0E70208F8B5104C104D20784F
:10A100002A780138C0B243B2002BBCBF00231846E6
:10A110009A42237010DD531E0A4E03322B703270A8
:10A12000FFF738FF277828783278074C0749084B23
:10A13000277008701A70F8BD024EF1E7BB37002493
:10A14000EB1900248C0B0024C9190024CA1900241F
:10A1500098070024F8B511F029FA012821D102232B
:10A160001946194C194D2078013040B298420246E8
:10A170002B78C4BF0A4648B2934220701CDA5A1C9E
:10A18000134E033B2A703370C0B2FFF703FF2778EA
:10A1900030782A780F4C1049104B277008701A70CD
:10A1A000F8BD11F003FA022808D011F0FFF90328D6
:10A1B00007D008231946D4E7054EE5E704231946DE
:10A1C000CFE706231946CCE7BB3700248C0B0024CD
:10A1D000EB190024C9190024CA1900249807002487
:10A1E00010B5012482B00A490A48FCF715FA009418
:10A1F000094B1721094A2A20FBF744FE084B392155
:10A20000084A31200094FBF73DFE02B010BD00BFAC
:10A2100068E902080CED02084003002488E5020802
:10A220004C03002458E7020830B50D4C83B00125DB
:10A230000C490D48FCF7F0F92346009539210B4AEB
:10A240000520FBF71FFE2346094A392131200095DE
:10A25000FBF718FE03B0BDE83040FBF7E3BA00BFE0
:10A260004C03002468E902085CE4020868E4020880
:10A2700068E702080F4B10B51B7882B0A3B10E49F6
:10A280000E48FCF7C9F901240D4B0E4A1721009422
:10A290002A20FBF7F7FD0C4B39210C4A31200094A2
:10A2A000FBF7F0FD02B010BD09490448FCF7B4F912
:10A2B000E9E700BFC819002454E902080CED0208C0
:10A2C0004003002488E502084C03002458E70208F4
:10A2D00088E302082DE9F0414B4900244B484C4EDD
:10A2E000DFF850814B4FFCF797F911F05FF9042824
:10A2F000E5B22FD133782344082B0BD8DFE803F0E5
:10A300001E1218717705246B7D00284600223946FD
:10A31000FCF7B0F90134052CE7D10220BDE8F0418B
:10A32000FCF7CAB8284600224146FCF7A3F9F1E73A
:10A33000284600223849FCF79DF9EBE72846002221
:10A340003649FCF797F9E5E7284600223449FCF73F
:10A3500091F9DFE711F02AF9032815D13378234466
:10A36000062BD7D801A252F823F000BF3DA3000866
:10A3700025A3000831A30008E3A300080BA30008ED
:10A3800049A30008D7A3000811F010F9022811D141
:10A3900033782344042BBDD801A252F823F000BF28
:10A3A0003DA3000825A3000831A300080BA3000863
:10A3B00049A3000811F0FAF80128ABD13278224401
:10A3C000012AAFD0022AA0D0002AA3D128461349DF
:10A3D000FCF750F99EE7284600221249FCF74AF99B
:10A3E00098E7284600221049FCF744F992E72846EE
:10A3F00000220E49FCF73EF98CE7284600220C4962
:10A40000FCF738F986E700BFB8E70208C4E702089E
:10A41000EB19002420E80208F0E70208D0E7020860
:10A4200030E8020840E8020800E8020810E80208E4
:10A4300050E80208E0E70208F8B5104C104D20780B
:10A440002A780138C0B243B2002BBCBF00231846A3
:10A450009A42237010DD531E0A4E03322B70327065
:10A46000FFF738FF277828783278074C0749084BE0
:10A47000277008701A70F8BD024EF1E7BB37002450
:10A48000EB1900248C0B0024D1190024D2190024CC
:10A490009A070024F8B511F089F8012821D1022388
:10A4A0001946194C194D2078013040B298420246A5
:10A4B0002B78C4BF0A4648B2934220701CDA5A1C5B
:10A4C000134E033B2A703370C0B2FFF703FF2778A7
:10A4D00030782A780F4C1049104B277008701A708A
:10A4E000F8BD11F063F8022808D011F05FF80328D6
:10A4F00007D008231946D4E7054EE5E7042319469B
:10A50000CFE706231946CCE7BB3700248C0B002489
:10A51000EB190024D1190024D21900249A07002431
:10A520002DE9F0414B4900244B484C4EDFF8508157
:10A530004B4FFCF771F811F039F80428E5B22FD130
:10A5400033782344082B0BD8DFE803F01E12187170
:10A550007705246B7D00284600223946FCF78AF8EF
:10A560000134052CE7D10220BDE8F041FBF7A4BF80
:10A57000284600224146FCF77DF8F1E728460022F4
:10A580003849FCF777F8EBE7284600223649FCF714
:10A5900071F8E5E7284600223449FCF76BF8DFE75D
:10A5A00011F004F8032815D133782344062BD7D8AB
:10A5B00001A252F823F000BF89A5000871A5000888
:10A5C0007DA500082FA6000857A5000895A500083E
:10A5D00023A6000810F0EAFF022811D133782344A3
:10A5E000042BBDD801A252F823F000BF89A50008B2
:10A5F00071A500087DA5000857A5000895A50008CD
:10A6000010F0D4FF0128ABD132782244012AAFD018
:10A61000022AA0D0002AA3D128461349FCF72AF821
:10A620009EE7284600221249FCF724F898E72846BE
:10A6300000221049FCF71EF892E7284600220E4936
:10A64000FCF718F88CE7284600220C49FCF712F8B2
:10A6500086E700BF54E90208C4E70208EB190024AA
:10A6600020E80208F0E70208D0E7020830E8020814
:10A6700040E8020800E8020810E8020850E8020872
:10A68000E0E70208F8B5104C104D20782A78013820
:10A69000C0B243B2002BBCBF002318469A422370BD
:10A6A00010DD531E0A4E03322B703270FFF738FF55
:10A6B000277828783278074C0749084B27700870AC
:10A6C0001A70F8BD024EF1E7BB370024EB190024E5
:10A6D0008C0B0024CB190024CC19002499070024EA
:10A6E000F8B510F063FF012821D102231946194C57
:10A6F000194D2078013040B2984202462B78C4BFF1
:10A700000A4648B2934220701CDA5A1C134E033B8F
:10A710002A703370C0B2FFF703FF277830782A78A9
:10A720000F4C1049104B277008701A70F8BD10F0CC
:10A730003DFF022808D010F039FF032807D0082376
:10A740001946D4E7054EE5E704231946CFE706236B
:10A750001946CCE7BB3700248C0B0024EB190024EE
:10A76000CB190024CC19002499070024F0B540F23D
:10A770000B1183B0012502200BF0D6FD1E49C7B294
:10A780001E48FBF749FF00951D4B0B211D4A0E206B
:10A79000FBF778FB00951A4B14211B4A0E20FBF7A0
:10A7A00071FB00951D21164B0E20184A2E460B24D6
:10A7B0000025FBF767FB05230096214604201A4677
:10A7C000FBF762FCEBB29F420AD001350934032D3E
:10A7D000A4B2F0D1012003B0BDE8F040FBF76CBE9D
:10A7E00005EBC5010123009606200D311A4689B2FA
:10A7F000FBF780FCE9E700BF6CEA020874EB020893
:10A800004C03002464EA02087CEA020884EA020895
:10A8100008B508F0F3F80138C0B208F0E5F8BDE873
:10A820000840FFF7A3BF00BF08B508F0E7F8013004
:10A83000C0B208F0D9F8BDE80840FFF797BF00BFE5
:10A84000F0B54FF4867183B0012502200BF06CFD4A
:10A850001E49C7B21E48FBF7DFFE00951D4B0B21BA
:10A860001D4A0E20FBF70EFB00951A4B14211B4AC4
:10A870000E20FBF707FB00951D21164B0E20184AF2
:10A880002E460B240025FBF7FDFA052300962146F2
:10A8900004201A46FBF7F8FBEBB29F420AD00135C1
:10A8A0000934032DA4B2F0D1012003B0BDE8F0407B
:10A8B000FBF702BE05EBC5010123009606200D3112
:10A8C0001A4689B2FBF716FCE9E700BF58EA02080E
:10A8D00074EB02084C03002464EA02087CEA0208D4
:10A8E00084EA020808B508F09BF80138C0B208F005
:10A8F0008DF8BDE80840FFF7A3BF00BF08B508F01A
:10A900008FF80130C0B208F081F8BDE80840FFF7C9
:10A9100097BF00BF2DE9F04385B008F093F80128F8
:10A920004FF002000CBF40F211114FF487710BF091
:10A93000FBFC3D4947B23D48FBF76EFE08F082F84C
:10A9400001282BD0BFB13A46394902A80CF096FB3A
:10A95000384B7F22002102A8FBF716F9012102AA39
:10A96000344B00911721FBF78DFA0120FBF7A4FD72
:10A9700005B0BDE8F08339462E4B7F222E48FBF709
:10A9800003F901222B4B172100922B4AFBF77AFA8D
:10A990000120FBF791FD05B0BDE8F08307F1010848
:10A9A00007F131090F24002508EB480309F0FF09DE
:10A9B00008EB83081FFA88F817E0CDF800C0FBF712
:10A9C00063FB012D20464FF01E0108BF1D20FBF741
:10A9D0008FF806F1310001221849C0B2FBF70EF9D9
:10A9E00001350D34082DA4B2BFD00923A01EAF42FB
:10A9F0004FF0010C4FF01C011A4680B2EEB2DCD1D0
:10AA00001A464046CDF800C0FBF774FB012F2046E4
:10AA10004FF01E0108BF1D20FBF76AF8002207490E
:10AA20004846FBF7EBF8DBE798EA02085CEA020825
:10AA3000F0E602084003002490EA02084C030024D8
:10AA400070B540F20F1184B0022001250BF06CFCB0
:10AA500004460E490E48FBF7DFFD0E4E62B202A817
:10AA60000D492A440CF00AFB334602A87F2200213C
:10AA7000FBF78AF8334602AA17210095FBF702FA82
:10AA80002846FBF719FD04B070BD00BF98EA020824
:10AA900068EB020840030024F0E6020808B5FFF75F
:10AAA00039FF07F0CFFF012804D007F0DBFF044B8C
:10AAB000187008BD07F0CEFF014B187008BD00BF2D
:10AAC000B837002408B507F0BDFF012809D007F00A
:10AAD000C9FF013840B208F04DFCBDE80840FFF75F
:10AAE00019BF07F0B7FF0138C0B208F033FCBDE86A
:10AAF0000840FFF70FBF00BF08B507F0A3FF01280C
:10AB000009D007F0AFFF013040B208F033FCBDE8D8
:10AB10000840FFF7FFBE07F09DFF0130C0B208F00C
:10AB200019FCBDE80840FFF7F5BE00BF08B507F007
:10AB3000A1FF013840B208F02BFCBDE80840FFF748
:10AB40007FBF00BF08B507F095FF013040B208F0A5
:10AB50001FFCBDE80840FFF773BF00BF70B540F2AF
:10AB60000D1184B00220134D0BF0DEFB0646124996
:10AB700001241248FBF750FD02A8F2B210490CF074
:10AB80007DFA2B4602A87F220021FAF7FDFF2B4613
:10AB900002AA00941221FBF775F90A4B25210A4AF3
:10ABA00000942820FBF76EF92046FBF785FC04B0E3
:10ABB00070BD00BF4003002498E902085CEA020867
:10ABC000F0E602084C030024E0E3020870B54FF4FD
:10ABD000887184B00220134D0BF0A6FB0646124983
:10ABE00001241248FBF718FD02A8F2B210490CF03C
:10ABF00045FA2B4602A87F220021FAF7C5FF2B4613
:10AC000002AA00941221FBF73DF90A4B25210A4ABA
:10AC100000942820FBF736F92046FBF74DFC04B0E2
:10AC200070BD00BF4003002498E9020864EB0208ED
:10AC3000F0E602084C030024E0E3020808B50DF03A
:10AC40004BFD013840B20DF04FFDBDE80840FFF765
:10AC500085BF00BF08B50DF03FFD013040B20DF0DB
:10AC600043FDBDE80840FFF779BF00BFF0B540F2F3
:10AC70001B1189B00220164F0BF056FB1549C4B2C8
:10AC80001548FBF7C9FC154B154E0125A3FB042302
:10AC9000224603A8DB0803EB4301013BA4EB81043C
:10ACA00000931049E4B257F824300CF0E7F933462A
:10ACB00003A87F220021FAF767FF334603AA122177
:10ACC0000095FBF7DFF82846FBF7F6FB09B0F0BD6F
:10ACD000140C002448EB02085CEA0208ABAAAAAAFA
:10ACE000400300247CEB020808B508F00DFB013896
:10ACF000C0B208F0FDFABDE80840FFF7B7BF00BFDB
:10AD000008B508F001FB0130C0B208F0F1FABDE867
:10AD10000840FFF7ABBF00BF70B54FF4907186B02D
:10AD200002200F4D0BF000FB06460E4901240E4891
:10AD3000FBF772FC03A8F2B20C490CF09FF92B460A
:10AD400003A87F220021FAF71FFF2B4603AA122136
:10AD50000094FBF797F82046FBF7AEFB06B070BDFA
:10AD600040030024BCEB0208C8EB0208D0EB020849
:10AD700008B5F5F753FE0138C0B2F5F745FEBDE85A
:10AD80000840FFF7C9BF00BF08B5F5F747FE01301F
:10AD9000C0B2F5F739FEBDE80840FFF7BDBF00BF00
:10ADA00070B540F2211186B002200F4D0BF0BCFAB5
:10ADB00006460E4901240E48FBF72EFC03A8F2B20A
:10ADC0000C490CF05BF92B4603A87F220021FAF70F
:10ADD000DBFE2B4603AA12210094FBF753F8204612
:10ADE000FBF76AFB06B070BD40030024B0EB02081D
:10ADF000C8EB0208E4EB020808B5F5F721FE0138BC
:10AE0000C0B2F5F713FEBDE80840FFF7C9BF00BFA9
:10AE100008B5F5F715FE0130C0B2F5F707FEBDE83D
:10AE20000840FFF7BDBF00BF70B54FF48E7186B00C
:10AE300002200F4D0BF078FA06460E4901240E4809
:10AE4000FBF7EAFB03A8F2B20C490CF017F92B460A
:10AE500003A87F220021FAF797FE2B4603AA1221AE
:10AE60000094FBF70FF82046FBF726FB06B070BDF9
:10AE700040030024BCEB020830EC0208D0EB0208CF
:10AE800008B5F5F7A7FD0138C0B2F5F799FDBDE8A3
:10AE90000840FFF7C9BF00BF08B5F5F79BFD0130BB
:10AEA000C0B2F5F78DFDBDE80840FFF7BDBF00BF9C
:10AEB00070B540F21D1186B002200F4D0BF034FA30
:10AEC00006460E4901240E48FBF7A6FB03A8F2B282
:10AED0000C490CF0D3F82B4603A87F220021FAF787
:10AEE00053FE2B4603AA12210094FAF7CBFF20460B
:10AEF000FBF7E2FA06B070BD40030024B0EB020895
:10AF000030EC0208E4EB020808B5F5F775FD0138EE
:10AF1000C0B2F5F767FDBDE80840FFF7C9BF00BF45
:10AF200008B5F5F769FD0130C0B2F5F75BFDBDE886
:10AF30000840FFF7BDBF00BF70B54FF48F7186B0FA
:10AF400002200F4D0BF0F0F906460E4901240E4881
:10AF5000FBF762FB03A8F2B20C490CF08FF82B460A
:10AF600003A87F220021FAF70FFE2B4603AA122125
:10AF70000094FAF787FF2046FBF79EFA06B070BDF3
:10AF800040030024BCEB0208A8EB0208D0EB020847
:10AF900008B5F5F767FD0138C0B2F5F759FDBDE812
:10AFA0000840FFF7C9BF00BF08B5F5F75BFD0130EA
:10AFB000C0B2F5F74DFDBDE80840FFF7BDBF00BFCB
:10AFC00070B540F21F1186B002200F4D0BF0ACF9A6
:10AFD00006460E4901240E48FBF71EFB03A8F2B2F9
:10AFE0000C490CF04BF82B4603A87F220021FAF7FE
:10AFF000CBFD2B4603AA12210094FAF743FF20460B
:10B00000FBF75AFA06B070BD40030024B0EB02080B
:10B01000A8EB0208E4EB020808B5F5F735FD0138A6
:10B02000C0B2F5F727FDBDE80840FFF7C9BF00BF74
:10B0300008B5F5F729FD0130C0B2F5F71BFDBDE8F5
:10B040000840FFF7BDBF00BF08B50DF059FB013840
:10B0500040B20DF05DFBBDE80840FFF7B7BD00BF93
:10B0600008B50DF04DFB013040B20DF051FBBDE8CD
:10B070000840FFF7ABBD00BFF0B54FF4807183B05F
:10B08000012502200BF050F92549C7B22548FBF7EE
:10B09000C3FA0095244B0B21244A0E20FAF7F2FE46
:10B0A0000095214B1421224A0E20FAF7EBFE009561
:10B0B0001D4B1D211F4A0E20FAF7E4FE00951A4B86
:10B0C00026211D4A0E20FAF7DDFE00952F21164B92
:10B0D0000E201A4A2E460B240025FAF7D3FE05232C
:10B0E0000096214604201A46FAF7CEFFEBB29F42A3
:10B0F0000AD001350934052DA4B2F0D1012003B0E6
:10B10000BDE8F040FBF7D8B905EBC5010123009677
:10B1100006200D311A4689B2FAF7ECFFE9E700BFC5
:10B12000B8EA020874EB02084C03002488EB02081A
:10B1300090EB02089CEB0208D0EA0208D8EA020869
:10B1400008B507F037FC013840B207F029FCBDE82C
:10B150000840FFF791BF00BF08B507F02BFC013096
:10B1600040B207F01DFCBDE80840FFF785BF00BFF7
:10B17000F0B54FF4897183B0012502200BF0D4F8AB
:10B180002549C7B22548FBF747FA0095244B0B2108
:10B19000244A0E20FAF776FE0095214B1421224A0C
:10B1A0000E20FAF76FFE00951D4B1D211F4A0E2041
:10B1B000FAF768FE00951A4B26211D4A0E20FAF771
:10B1C00061FE00952F21164B0E201A4A2E460B24A5
:10B1D0000025FAF757FE05230096214604201A465B
:10B1E000FAF752FFEBB29F420AD001350934052D20
:10B1F000A4B2F0D1012003B0BDE8F040FBF75CB988
:10B2000005EBC5010123009606200D311A4689B2CF
:10B21000FAF770FFE9E700BFE0EA020874EB020802
:10B220004C03002488EB020890EB02089CEB020818
:10B23000D0EA0208D8EA020808B507F0CDFB0138C9
:10B2400040B207F0BFFBBDE80840FFF791BF00BF69
:10B2500008B507F0C1FB013040B207F0B3FBBDE811
:10B260000840FFF785BF00BF30B54FF48A7183B047
:10B27000012402200BF058F82049C5B22048FBF702
:10B28000CBF9204B0B21204A0E200094FAF7FAFD4F
:10B290001C4B14211D4A0E200094FAF7F3FD0523E0
:10B2A00000940B211A460420FAF7EEFE75B105232F
:10B2B0000094142104201A46FAF7E6FE012D14D05A
:10B2C000012003B0BDE83040FBF7F6B82346224624
:10B2D00000940D210620FAF70DFF05230094142198
:10B2E0001A460420FAF7D0FEEAE700952B462A46D4
:10B2F00016210620FAF7FEFEE2E700BF24EB020863
:10B300005CEA02084C03002420EB020870E5020806
:10B3100008B507F03DFB0138C0B207F02FFBBDE8D0
:10B320000840FFF7A1BF00BF08B507F031FB0130AF
:10B33000C0B207F023FBBDE80840FFF795BF00BF90
:10B3400030B5002189B001243F237F2208460094B4
:10B35000FAF7D0FE11491248FBF75EF9114D07F0DC
:10B36000E1FA0B280346104A28BF0B2303A80F4914
:10B37000DBB252F823200BF081FE2B4603A87F227C
:10B380000021FAF701FC2B4603AA14210094FAF7D6
:10B3900079FD2046FBF790F809B030BD48EA020875
:10B3A0005CEA02084C030024AC070024C4EC020849
:10B3B00008B507F0B7FA0138C0B207F0A9FABDE83E
:10B3C0000840FFF7BDBF00BF08B507F0ABFA01307A
:10B3D000C0B207F09DFABDE80840FFF7B1BF00BF5B
:10B3E00030B540F2151191B00220124D0AF09CFFC9
:10B3F0001149C4B21148FBF70FF9114B0B2C03A8EC
:10B40000104928BF0B2453F8242001240BF036FEEA
:10B410002B4603A87F220021FAF7B6FB2B4603AA8E
:10B4200014210094FAF72EFD2046FBF745F811B0E1
:10B4300030BD00BF4C030024E4E8020888E702089E
:10B44000AC070024C4EC020808B507F08FFA044BDF
:10B450001870FFF7C5FF07F089FA024B187008BD96
:10B46000BB370024B837002408B507F07FFA01384D
:10B4700040B207F071FABDE80840FFF7B1BF00BF66
:10B4800008B507F073FA013040B207F065FABDE87D
:10B490000840FFF7A5BF00BF30B54FF48B7183B0F4
:10B4A000012402200AF040FF2049C5B22048FBF7E2
:10B4B000B3F8204B0B21204A0E200094FAF7E2FC4F
:10B4C0001C4B14211D4A0E200094FAF7DBFC0523C7
:10B4D00000940B211A460420FAF7D6FD75B1052316
:10B4E0000094142104201A46FAF7CEFD012D14D041
:10B4F000012003B0BDE83040FAF7DEBF2346224604
:10B5000000940D210620FAF7F5FD0523009414217F
:10B510001A460420FAF7B8FDEAE700952B462A46BA
:10B5200016210620FAF7E6FDE2E700BF94E70208DD
:10B5300088E702084C030024A0E70208ACE70208F1
:10B5400008B507F001FA013840B207F0F3F9BDE899
:10B550000840FFF7A1BF00BF08B507F0F5F90130BB
:10B5600040B207F0E7F9BDE80840FFF795BF00BF1C
:10B5700030B5012483B006F0F9FD002105461F48CF
:10B58000FBF74AF81E4B0B211E4A0E200094FAF7D7
:10B5900079FC1B4B14211C4A0E200094FAF772FC14
:10B5A000052300940B211A460420FAF76DFD75B1AE
:10B5B00005230094142104201A46FAF765FD012D95
:10B5C00014D0012003B0BDE83040FAF775BF234620
:10B5D000224600940D210620FAF78CFD05230094E5
:10B5E00014211A460420FAF74FFDEAE700952B468E
:10B5F0002A4616210620FAF77DFDE2E70CE702084D
:10B600004C03002420EB020870E5020808B506F0A0
:10B61000ADFD0138C0B206F0B1FD06F0A7FD38B1AE
:10B6200006F060FF06F09CFDBDE80840FFF7A0BFF4
:10B630000DF03EF8BDE80840FFF79ABF08B506F0E8
:10B6400095FD0130C0B206F099FD06F08FFD38B1CE
:10B6500006F048FF06F084FDBDE80840FFF788BF0C
:10B660000DF026F8BDE80840FFF782BF30B5002492
:10B6700095B02E4901252E488DF81840FAF7CCFFD9
:10B6800002A806F0B9FD02A907A81BF0FDFF21469C
:10B69000284B7F2207A8FAF777FA07AA0C21254B37
:10B6A0000095FAF7EFFB2146224B7F222248FAF75A
:10B6B0006BFA204B1721204A0095FAF7E3FB06F0BE
:10B6C000B1FD1E49421907A81BF0BEFF2146194BC8
:10B6D0007F2207A8FAF758FA07AA164B22210095ED
:10B6E000FAF7D0FB06F09EFD02A906F0B7FDA842CE
:10B6F00016D002AA124907A81BF0A6FF01240D4B81
:10B700007F22002107A8FAF73FFA07AA2D21094B4B
:10B710000094FAF7B7FB2046FAF7CEFE15B030BD1D
:10B72000084A07A806491BF08FFFE7E760E7020811
:10B73000CCE602084C030024D4E60208E8E602083E
:10B74000F4E60208B4EC020808B506F06BFD013817
:10B75000C0B206F05DFDBDE80840FFF787BF00BF3F
:10B7600008B506F05FFD0130C0B206F051FDBDE83E
:10B770000840FFF77BBF00BF2DE9F041314C82B09C
:10B78000314E012500213148FAF746FF304F23465C
:10B7900030467F220021FAF7F7F93246234600951A
:10B7A0000A21DFF8C080FAF76DFB234638467F2276
:10B7B0000021284EFAF7E8F93A462346009513216E
:10B7C000254FFAF75FFB234640467F220021FAF718
:10B7D000DBF94246234600951C21FAF753FB23462A
:10B7E000009525211D4A2020FAF74CFB23463246BE
:10B7F000009525214220FAF745FB00950B232022D6
:10B8000022214020FAF740FC234638467F220021BF
:10B81000FAF7BAF93A46234600952E21FAF732FB99
:10B8200032462346009539214220FAF72BFB234666
:10B830000B4A392166200095FAF724FB02B0BDE8D7
:10B84000F08100BF4C03002470E6020868E602089D
:10B8500080E60208CCE802089CE60208E4E502085B
:10B8600058E7020888E602080F4B1B6810B582B043
:10B87000A3B10E490E48FAF7CFFE01240D4B0E4A34
:10B88000172100942A20FAF7FDFA0C4B39210C4AB3
:10B8900031200094FAF7F6FA02B010BD09490448C5
:10B8A000FAF7BAFEE9E700BFE0190024C4E602088F
:10B8B0000CE702084003002488E502084C0300243A
:10B8C00058E7020860E7020870B5124C82B0124EC9
:10B8D000012512491248FAF79FFE234630467F227F
:10B8E0000021FAF751F93246234600951B21FAF759
:10B8F000C9FA2346009539210A4A0520FAF7C2FA07
:10B900002346094A392131200095FAF7BBFA02B0E3
:10B9100070BD00BF4C030024BCE60208A8E6020884
:10B92000B4E6020858E5020858E70208F0B5304DC1
:10B930008BB00024012795E80300CDF82240ADF834
:10B940001C10CDF81E40ADF82640069006F06AFCAB
:10B95000064628492848FAF75FFEF219274902A847
:10B960001BF072FE2146264B7F2202A8FAF70CF943
:10B9700002AA1221224B0097FAF784FA304606A950
:10B9800006F06CFCB84220D006A902A81BF07CFE91
:10B9900021461C4B7F2202A8FAF7F6F8009702AA6C
:10B9A000184B2621FAF76EFA0124164B164A392154
:10B9B00000940520FAF766FA124B3921134A312018
:10B9C0000094FAF75FFA0BB0F0BD06460D4B7F22EC
:10B9D00095E80300029002A8ADF80C102146FAF792
:10B9E000D3F8009602AA074B2621FAF74BFADBE7B9
:10B9F000B4EC0208FCE6020804E70208F0E60208DC
:10BA0000400300244C03002460E7020868E70208B2
:10BA100008B506F007FC0138C0B206F0F9FB06F0E5
:10BA200061FD06F09DFBBDE80840FFF77FBF00BF4A
:10BA300008B506F0F7FB0130C0B206F0E9FB06F0EE
:10BA400051FD06F08DFBBDE80840FFF76FBF00BF5A
:10BA5000F0B52D4D8BB00024012795E80300CDF8FB
:10BA60002240ADF81C10CDF81E40ADF826400690DF
:10BA700006F0D8FB064625492548FAF7CDFDF21910
:10BA8000244902A81BF0E0FD2146234B7F2202A897
:10BA9000FAF77AF802AA12211F4B0097FAF7F2F987
:10BAA000304606A906F0DAFBB84219D006A902A86A
:10BAB0001BF0EAFD2146194B7F2202A8FAF764F831
:10BAC000009702AA154B2621FAF7DCF90120134B47
:10BAD000134A392100903C20FAF7D4F90BB0F0BD9D
:10BAE00006460E4B7F2295E80300029002A8ADF8AF
:10BAF0000C102146FAF748F8009602AA074B2621B7
:10BB0000FAF7C0F9E2E700BFB4EC0208FCE602086D
:10BB100004E70208F0E60208400300244C03002476
:10BB2000C4E602082DE9F0430024284DDFF8BC905C
:10BB300083B0274F2146DFF8B8802648FAF76CFD1E
:10BB40002B78E6B22344032B0ED8DFE803F0172A44
:10BB50001302304600224946FAF78CFD2B7897F9FC
:10BB6000002023449A4227D00134052CE8D103B0A9
:10BB7000BDE8F083304600224146EDE706F0F6FAD4
:10BB8000012830461CD0144A1449FAF773FD2B786B
:10BB900097F9002023449A42E6D10020FAF78CFC62
:10BBA000E2E706F03FFB0E49421C68461BF04CFDE5
:10BBB0006A4630460B49E8E70220FAF77DFCD3E7F6
:10BBC000094A0649FAF756FDE1E700BFEB190024E0
:10BBD000BB3700240CE7020820EB0208A4E90208A6
:10BBE000F0E60208ACE9020870E50208C8E90208BC
:10BBF000BCE9020838B50B4C2378013B5BB2002B43
:10BC0000B8BF00232370FFF78DFF074A074B257845
:10BC10001078074C1A780749074B257008701A707E
:10BC200038BD00BFBB370024EB1900248C0B002467
:10BC3000E5190024E7190024E619002438B50B4C57
:10BC4000237801335BB2032BC8BF03232370FFF7B4
:10BC500069FF074A074B25781078074C1A7807497F
:10BC6000074B257008701A7038BD00BFBB37002421
:10BC7000EB1900248C0B0024E5190024E71900249B
:10BC8000E6190024F0B54FF48D7183B00125022030
:10BC90000AF04AFB2549C7B22548FAF7BDFC0095D2
:10BCA000244B0B21244A0E20FAF7ECF80095214B87
:10BCB0001421224A0E20FAF7E5F800951D4B1D21AC
:10BCC0001F4A0E20FAF7DEF800951A4B26211D4A6E
:10BCD0000E20FAF7D7F800952F21164B0E201A4A9E
:10BCE0002E460B240025FAF7CDF8052300962146B1
:10BCF00004201A46FAF7C8F9EBB29F420AD0013580
:10BD00000934052DA4B2F0D1012003B0BDE8F04004
:10BD1000FAF7D2BB05EBC5010123009606200D31D1
:10BD20001A4689B2FAF7E6F9E9E700BFC0EB020864
:10BD3000F8E802084C03002404E902080CE90208B0
:10BD400018E9020824E9020830E9020808B5FFF7FB
:10BD500099FF4FF48D7102200AF0E6FA014B18703A
:10BD600008BD00BFB837002408B54FF48D7102201C
:10BD70000AF0DAFA0138C0B2042801D8FAF776FAE4
:10BD8000BDE80840FFF77EBF08B54FF48D71022073
:10BD90000AF0CAFA0130C0B2042801D8FAF766FAEC
:10BDA000BDE80840FFF76EBF70B5012486B0174E9E
:10BDB000F9F7B4FEF8F7FAFA1549021903A81BF0CF
:10BDC00043FC144D334603A87F220021F9F7DCFE23
:10BDD000334603AA00941421FAF754F82B46009432
:10BDE00039210D4A6320FAF74DF82B46009439218A
:10BDF0000A4A0520FAF746F82B46094A392131202C
:10BE00000094FAF73FF806B070BD00BF400300246D
:10BE100070E402084C0300241CE70208A8EC0208A6
:10BE200068E4020830B5002183B013480125FAF711
:10BE3000F3FB002211491046114CFAF71BFC28466F
:10BE400000221049FAF716FC002009237F220090F7
:10BE50003621FAF74FF92346009539210A4A052081
:10BE6000FAF710F82346094A392131200095FAF7EC
:10BE700009F803B030BD00BF84E9020808E60208F3
:10BE80004C0300241CE6020884E7020858E7020875
:10BE900038B50B4C2378013B5BB2002BB8BF0023B5
:10BEA0002370FFF7BFFF074A074B25781078074C30
:10BEB0001A780749074B257008701A7038BD00BF03
:10BEC000BB370024EB1900248C0B0024D919002463
:10BED000DA1900249B07002438B50B4C2378013372
:10BEE0005BB2012BC8BF01232370FFF79BFF074AFA
:10BEF000074B25781078074C1A780749074B2570AF
:10BF000008701A7038BD00BFBB370024EB1900243D
:10BF10008C0B0024D9190024DA1900249B07002473
:10BF2000014B1878704700BFD619002430B50124A2
:10BF300083B020492048FAF76FFB204B0B21204AA1
:10BF40000E200094F9F79EFF1C4B14211D4A0E2071
:10BF50000094F9F797FF05231B4D0B211A46009417
:10BF60000420FAF791F82B78A3B1052301221421BC
:10BF7000042000921A46FAF787F82B78012B11D08B
:10BF800001200E4B114A392100903120F9F77AFF38
:10BF900003B030BD0094234622460D210620FAF757
:10BFA000A9F8E2E700931A4616210620FAF7A2F84C
:10BFB000E6E700BFECE5020884E902084C03002430
:10BFC00020EB020870E50208D619002458E70208A1
:10BFD00010B5164816F04AFC154816F047FC154CEB
:10BFE000154816F043FC154816F040FC2046002288
:10BFF000012111F07FFD20460022022111F07AFD7F
:10C00000204600224FF4007111F074FD00222046FA
:10C010004FF4806111F06EFDFFF788FF02F078FCAD
:10C0200002F096FC064B00221A7010BDE48E00242C
:10C03000A48D002400100258A48E0024E48D002456
:10C04000D819002408B5164B1A789AB100221A7034
:10C05000144B1A78A2B100221A70134B1A78AAB99D
:10C0600001221A7002F060FC02F06AFCBDE8084090
:10C07000FFF75CBF01221A700A4B1A78002AEAD136
:10C0800001221A70084B1A78002AE9D000221A708F
:10C0900002F03EFC02F05CFCBDE80840FFF746BF42
:10C0A000D6190024D8190024D7190024014B187878
:10C0B000704700BFD819002430B5012483B020494F
:10C0C0002048FAF7A9FA204B0B21204A0E200094B1
:10C0D000F9F7D8FE1C4B14211D4A0E200094F9F7E5
:10C0E000D1FE05231B4D0B211A4600940420F9F7BD
:10C0F000CBFF2B78A3B10523012214210420009249
:10C100001A46F9F7C1FF2B78012B11D001200E4BF5
:10C11000114A392100903120F9F7B4FE03B030BD47
:10C120000094234622460D210620F9F7E3FFE2E7BB
:10C1300000931A4616210620F9F7DCFFE6E700BF58
:10C1400000E6020884E902084C03002420EB020800
:10C1500070E50208D819002458E7020830B5012418
:10C1600083B020492048FAF757FA204B0B21204A88
:10C170000E200094F9F786FE1C4B14211D4A0E2058
:10C180000094F9F77FFE05231B4D0B211A460094FE
:10C190000420F9F779FF2B78A3B10523012214219C
:10C1A000042000921A46F9F76FFF2B78012B11D06B
:10C1B00001200E4B114A392100903120F9F762FE1F
:10C1C00003B030BD0094234622460D210620F9F726
:10C1D00091FFE2E700931A4616210620F9F78AFF3D
:10C1E000E6E700BFFCE5020884E902084C030024EE
:10C1F00020EB020870E50208D719002458E702086E
:10C2000008B50B4B1A784AB901221A7002F08CFB60
:10C2100002F096FBBDE80840FFF7A0BF00221A70AD
:10C2200002F076FB02F094FBBDE80840FFF796BFF2
:10C23000D7190024014B1878704700BFDB19002480
:10C24000014B1878704700BFDC19002410B500249A
:10C2500014237F221E2120462DED028BB0EE408A52
:10C2600090B00094F9F746FFB5EEC08AF1EE10FAEF
:10C2700029DCDFED2A7A2146294B7F22B4EEE78ABA
:10C28000F1EE10FA0FD42748F9F77EFC0122244B77
:10C290001E210092234AF9F7F5FDF9F7C3FA10B011
:10C2A000BDEC028B10BD2048F9F76EFC01221C4B3F
:10C2B0001E2100921C4AF9F7E5FDF9F7B3FA10B018
:10C2C000BDEC028B10BDFCEEC87A1849B2EE047AC0
:10C2D00003A817EE903A9AB207EE902AB8EEE70A52
:10C2E00038EE408A28EE078ABCEEC88A18EE103A6B
:10C2F0009BB21BF0A9F9214603A8094B7F22F9F74D
:10C3000043FC012103AA064B00911E21F9F7BAFD57
:10C31000F9F788FA10B0BDEC028B10BD000048C2DE
:10C320004C03002430ED020894E4020888E402087B
:10C3300030B518498BB018480125FAF76DF9174B3D
:10C34000174A02A819781278164B174C2A4453F84A
:10C35000213016491BF078F9234602A87F220021DC
:10C36000F9F712FC02AA234600950F21F9F78AFD7E
:10C370002346009539210E4A0520F9F783FD23460F
:10C380000C4A392131200095F9F77CFDF9F74AFA7A
:10C390000BB030BD28E6020884E90208DC1900244D
:10C3A000DB1900249C0700244C0300242CE602081F
:10C3B00038E6020858E70208024A034B12781A705E
:10C3C000704700BFF6190024F5190024054B1B78AF
:10C3D000403B032B00D97047034A138801339BB2BB
:10C3E00013807047F6190024FA190024014B1888AD
:10C3F000704700BFFA190024014B00221A807047D1
:10C40000FA190024000000002DE9F04300252E4811
:10C41000DFF8C4802946DFF8C4902DED048B91B07D
:10C420009FED259B9FED268BFAF7F6F80024EFB2DF
:10C430002046394688F80040F7F7B4F9064620460A
:10C44000731CF1B232D0F7F779FC03461F4903A8F9
:10C4500013F57A7F2AD007EE903AB8EEE77AB7EE76
:10C46000C77A87EE096B36EE487B37EE077BFDEE29
:10C47000C77BCDED017A9DF904201BF0E5F8144B44
:10C4800003AA384653F82610FAF7F4F80135052DBB
:10C49000CCD10320FAF710F80E4B00221A80F9F7DE
:10C4A000C1F911B0BDEC048BBDE8F08322463846DB
:10C4B0004946FAF7DFF8E9E7F6285C8FC2752440B1
:10C4C000000000000000494090EC02080CE4020863
:10C4D000900B0024FA190024EB190024B4EC020894
:10C4E00008B5084B00201978F7F75CF9C1B24B1E6C
:10C4F0001F2B02D80020F7F779FCBDE80840FFF7B2
:10C5000083BF00BFBB3700242DE9F04300242E4831
:10C51000DFF8C4802146DFF8C4902DED048B91B084
:10C520009FED259B9FED268BFAF776F8E6B2002764
:10C530000120314688F80070F7F734F905460120EC
:10C540006B1CE9B232D0F7F7F9FB03461F4903A889
:10C5500013F57A7F2AD007EE903AB8EEE77AB7EE75
:10C56000C77A87EE096B36EE487B37EE077BFDEE28
:10C57000C77BCDED017A9DF904200AF07FFD144BB5
:10C5800003AA304653F82510FAF774F80134052C45
:10C59000CCD10320F9F790FF0E4B00221A80F9F757
:10C5A00041F911B0BDEC048BBDE8F0833A4630464A
:10C5B0004946FAF75FF8E9E7F6285C8FC275244030
:10C5C00000000000000049409CEC02080CE4020856
:10C5D000900B0024FA190024EB190024B4EC020893
:10C5E00008B5084B01201978F7F7DCF8C1B24B1EEB
:10C5F0001F2B02D80120F7F7F9FBBDE80840FFF731
:10C6000083BF00BFBB3700242DE9F04300252E482F
:10C61000DFF8C4802946DFF8C4902DED048B91B07B
:10C620009FED259B9FED268BF9F7F6FF0024EFB2D7
:10C630002046394688F80040F7F7C4F806462046F9
:10C64000731CF1B232D0F7F7A5FB03461F4903A8CC
:10C6500013F57A7F2AD007EE903AB8EEE77AB7EE74
:10C66000C77A87EE096B36EE487B37EE077BFDEE27
:10C67000C77BCDED017A9DF904201AF0E5FF144B3C
:10C6800003AA384653F82610F9F7F4FF0135052DB3
:10C69000CCD10320F9F710FF0E4B00221A80F9F7D6
:10C6A000C1F811B0BDEC048BBDE8F08322463846DA
:10C6B0004946F9F7DFFFE9E7F6285C8FC2752440A9
:10C6C000000000000000494014E502080CE40208E4
:10C6D000900B0024FA190024EB190024B4EC020892
:10C6E00008B5084B00201978F7F76CF8C1B24B1E5B
:10C6F0001F2B02D80020F7F7B9FBBDE80840FFF771
:10C7000083BF00BFBB3700242DE9F04300242E482F
:10C71000DFF8C4802146DFF8C4902DED048B91B082
:10C720009FED259B9FED268BF9F776FFE6B200275C
:10C730000120314688F80070F7F744F805460120DB
:10C740006B1CE9B232D0F7F725FB03461F4903A85B
:10C7500013F57A7F2AD007EE903AB8EEE77AB7EE73
:10C76000C77A87EE096B36EE487B37EE077BFDEE26
:10C77000C77BCDED017A9DF904201AF065FF144BBB
:10C7800003AA304653F82510F9F774FF0134052C3D
:10C79000CCD10320F9F790FE0E4B00221A80F9F756
:10C7A00041F811B0BDEC048BBDE8F0833A46304649
:10C7B0004946F9F75FFFE9E7F6285C8FC275244028
:10C7C000000000000000494024E502080CE40208D3
:10C7D000900B0024FA190024EB190024B4EC020891
:10C7E00008B52B4B1B78402B19D0412B04D0422B82
:10C7F0003BD0432B26D008BD0120F7F729FB0120B1
:10C80000F7F726FB0120F7F723FB0120F7F720FBC2
:10C810000120F7F71DFBBDE80840FFF775BE0020BB
:10C82000F7F716FB0020F7F713FB0020F7F710FBD4
:10C830000020F7F70DFB0020F7F70AFBBDE80840E2
:10C84000FFF7E2BD0120F7F7F5FA0120F7F7F2FA5A
:10C850000120F7F7EFFA0120F7F7ECFA0120F7F7DC
:10C86000E9FABDE80840FFF74FBF0020F7F7E2FA0A
:10C870000020F7F7DFFA0020F7F7DCFA0020F7F7DF
:10C88000D9FA0020F7F7D6FABDE80840FFF7BCBE9A
:10C89000F619002408B5084B01201978F6F792FF25
:10C8A000C1B24B1E1F2B02D80120F7F7DFFABDE8FB
:10C8B0000840FFF729BF00BFBB370024014B1878A1
:10C8C000704700BFBB37002430B54FF4917183B07F
:10C8D0000124022009F028FD2049C5B22048F9F7BB
:10C8E0009BFE204B0B21204A0E200094F9F7CAFA38
:10C8F0001C4B14211D4A0E200094F9F7C3FA05239E
:10C9000000940B211A460420F9F7BEFB75B10523EC
:10C910000094142104201A46F9F7B6FB012D14D017
:10C92000012003B0BDE83040F9F7C6BD23462246DA
:10C9300000940D210620F9F7DDFB05230094142156
:10C940001A460420F9F7A0FBEAE700952B462A4691
:10C9500016210620F9F7CEFBE2E700BF5CEC0208E7
:10C9600038EC02084C03002464EC020854EC020882
:10C9700008B5FFF7A9FF4FF49171022009F0D4FC2C
:10C98000014B187008BD00BFB837002408B54FF43C
:10C990009171022009F0C8FC01284FF491714FF009
:10C9A00002000CBF0022012209F006F90EF052FF2E
:10C9B000BDE80840FFF788BF08B500211348F9F724
:10C9C0002BFEF5F727F9D8B1114A00201149F9F7E4
:10C9D00051FEF5F739F948B101200F4A0F49F9F72F
:10C9E00049FE0020BDE80840F9F766BD01200C4A69
:10C9F0000A49F9F73FFE0020BDE80840F9F75CBDA1
:10CA0000084A0449F9F736FEE3E700BF5CE502088F
:10CA100064EC020868E5020870E502087CE502089B
:10CA200020EB020874E5020830B540F2231183B010
:10CA30000124022009F078FC2049C5B22048F9F70A
:10CA4000EBFD204B0B21204A0E200094F9F71AFA37
:10CA50001C4B14211D4A0E200094F9F713FA0523EC
:10CA600000940B211A460420F9F70EFB75B105233B
:10CA70000094142104201A46F9F706FB012D14D066
:10CA8000012003B0BDE83040F9F716BD2346224629
:10CA900000940D210620F9F72DFB052300941421A5
:10CAA0001A460420F9F7F0FAEAE700952B462A46E1
:10CAB00016210620F9F71EFBE2E700BF78EC02081A
:10CAC0005CE502084C03002474E5020864EC0208EB
:10CAD00008B5FFF7A9FF40F22311022009F024FC5A
:10CAE000014B187008BD00BFB837002408B540F2EC
:10CAF0002311022009F018FC30B10020F5F7C6FD23
:10CB0000BDE80840FFF790BF0120F5F7BFFDBDE885
:10CB10000840FFF789BF00BF30B54FF4927183B072
:10CB20000124022009F000FC2049C5B22048F9F791
:10CB300073FD204B0B21204A0E200094F9F7A2F937
:10CB40001C4B14211D4A0E200094F9F79BF9052374
:10CB500000940B211A460420F9F796FA75B10523C3
:10CB60000094142104201A46F9F78EFA012D14D0EE
:10CB7000012003B0BDE83040F9F79EBC23462246B1
:10CB800000940D210620F9F7B5FA0523009414212D
:10CB90001A460420F9F778FAEAE700952B462A4668
:10CBA00016210620F9F7A6FAE2E700BF7CE50208A5
:10CBB0005CE502084C03002420EB020870E5020843
:10CBC00008B5FFF7A9FF4FF49271022009F0ACFB02
:10CBD000014B187008BD00BFB837002408B54FF4EA
:10CBE0009271022009F0A0FB30B10020F5F71AF88D
:10CBF000BDE80840FFF790BF0120F5F713F8BDE846
:10CC00000840FFF789BF00BF30B5012483B00EF0A4
:10CC100083FC002105461F48F9F7FEFC1E4B0B2143
:10CC20001E4A0E200094F9F72DF91B4B14211C4AC3
:10CC30000E200094F9F726F9052300940B211A46DB
:10CC40000420F9F721FA75B105230094142104207A
:10CC50001A46F9F719FA012D14D0012003B0BDE8E6
:10CC60003040F9F729BC2346224600940D210620C6
:10CC7000F9F740FA0523009414211A460420F9F725
:10CC800003FAEAE700952B462A4616210620F9F713
:10CC900031FAE2E774EC02084C03002420EB0208AE
:10CCA00070E5020838B5A24B1870502858D8DFE854
:10CCB00010F0650262025F025C024D023D022D022D
:10CCC0001D021A0213020C020902FE01FB01F80107
:10CCD000F50157005700EF01DF01DC01CC015700DF
:10CCE000C901C601C301BC01B501AE01A701A40180
:10CCF0009D0196018F018C0185017E0177016801FC
:10CD00006101380131012E012B0128012501220189
:10CD10001B011601070104010101FE00F700E700F5
:10CD2000E000D900D200CB00C400BD00B60057001F
:10CD3000B100AB00A5009F00990096008B00880011
:10CD400051007800750072006B00680065005E009D
:10CD50005B00F201FBF75AFB764A774B12781A70A8
:10CD6000BDE83840F8F75EBDFCF742FEF8E7FFF794
:10CD70004BFF0EF0D1FB704B1870F1E7FBF7EEFDA7
:10CD8000EEE7FBF7DDFDEBE7FBF796FB6B4A6A4B43
:10CD900012781A70E4E7FDF733F8E1E7FDF720FABF
:10CDA000DEE7674B67491B78674D684A18460C7881
:10CDB000127867492B70674B0C701A70FDF7EAF810
:10CDC000CEE7FFF785FECBE700235F4C60480421E8
:10CDD000604A237003701170FFF7EEFDC0E7FFF7A4
:10CDE000C7FDBDE7584B00221A70FFF78DFCB7E76F
:10CDF000554B00221A70FFF707FCB1E7524B002297
:10CE00001A70FFF781FBABE74F4B00221A70FFF758
:10CE1000FBFAA5E7FDF708FA0DF042FFA0E7FDF7E2
:10CE200077F84D4B18780DF01FFF99E7FDF7B8FF25
:10CE3000F3F706FE404B187092E7FDF76DFFF3F72E
:10CE4000EDFD3D4B18708BE7FEF7BAF8F3F71CFECB
:10CE5000394B187084E7FEF76FF8F3F703FE364B93
:10CE600018707DE7FEF724F8F3F7C6FD324B187013
:10CE700076E7FDF7D9FFF3F7ADFD2F4B18706FE79D
:10CE8000364B37491B78304D364A18460C781278A5
:10CE90002F492B702F4B0C701A70FCF7FFF95FE7CE
:10CEA00001F036FD01F054FDFFF758F958E7FFF7A0
:10CEB0003FFA55E7FFF700F952E7FFF789F84FE728
:10CEC00029492A4A2A4B0D7810781F4C1A78204994
:10CED000204B257008701A70FEF7A4FF40E7F7F7A3
:10CEE000E5FBFEF761FF3BE7FDF7C0FE06F00CFA3D
:10CEF000114B187034E7FEF729FF31E7FEF7B4FC59
:10CF00002EE7FEF739FC2BE7FEF7DEFC28E7FEF7FD
:10CF10009FFD25E705F086F9074B1870FEF706FD23
:10CF20001EE7FEF7A3FB05F07DF9034B187017E72A
:10CF3000F6190024EC190024B8370024E419002461
:10CF4000C9190024CA190024BB37002498070024FB
:10CF5000EB1900248C0B0024B2370024F7190024AD
:10CF6000F8190024700C0024D9190024DA190024BF
:10CF70009B070024FEF7FCFA05F0F8F8824B1870C6
:10CF8000EEE68249824A834B0D781078824C1A78FB
:10CF90008249834B257008701A70FEF7C3FDDFE6E7
:10CFA000FEF7CEF905F0BEFC774B1870D8E6FEF719
:10CFB0005BF905F0EDFC744B1870D1E6FEF76CFAE6
:10CFC00005F0C2FC704B1870CAE6FEF73DFAC7E6E2
:10CFD000FEF7CEF805F000FD6B4B1870C0E6FEF7CB
:10CFE0004BF805F0E7FC684B1870B9E6FDF728FD33
:10CFF00005F040FD644B1870B2E6FDF74FFDAFE65B
:10D00000FDF7E4FD0BF07CFB5F4B1870A8E6FDF725
:10D01000A5FD0BF061FB5C4B1870A1E6FDF710FC61
:10D0200005F0FEFC584B18709AE6FDF79FFB05F0E3
:10D03000E5FC554B187093E6FCF71AFE90E6FCF7FA
:10D04000BFFD8DE6FCF76AFD8AE6564B56491B7814
:10D05000514D564A18460C78127850492B70504B57
:10D060000C701A70FDF736F97AE6FDF703F977E6EA
:10D070004F4B50491B78484D4F4A18460C78127850
:10D0800046492B70464B0C701A70FDF749FA67E65B
:10D09000FCF76CFE64E6FFF793FD61E6FCF70CFE1F
:10D0A0005EE6FCF70BFD5BE6FCF75AFC58E6002356
:10D0B000394C3A4804213A4A237003701170FCF746
:10D0C000DFFC4DE6FCF704FC4AE6FCF79BFB0EF0A8
:10D0D0006DFA2D4B187043E6FCF724FB05F0B2FC0B
:10D0E000294B18703CE6FCF7D1FA39E6334B34494A
:10D0F0001B78294D334A18460C78127827492B7033
:10D10000274B0C701A70FCF7D3F929E62E4B2F49E8
:10D110001B78214D2E4A18460C7812781F492B7027
:10D120001F4B0C701A70FCF715F819E6294B2A49A9
:10D130001B78194D294A18460C78127817492B701C
:10D14000174B0C701A70FBF7B9FD09E62449254A04
:10D15000254B0D781078104C1A781049104B25701B
:10D1600008701A70FBF7D6FCFAE5FBF7B3FCF7E59D
:10D17000FBF7F8FAF4E5FBF7F5F9F1E500221146C3
:10D180001046F9F7FDFDEBE5B8370024E51900245A
:10D19000E7190024E6190024BB370024EB1900240A
:10D1A0008C0B0024D1190024D21900249A070024E2
:10D1B000CB190024CC19002499070024CD19002490
:10D1C000CF190024CE190024FC190024FE190024D4
:10D1D000FD190024E8190024EA190024E9190024A3
:10D1E000F1190024F3190024F2190024074B00223E
:10D1F000074819780280012900D0704705491A7044
:10D2000008785028F9D8FFF74DBD00BFF019002469
:10D21000EE190024F619002408B509F079F904285C
:10D2200004D04720BDE80840FFF73CBD4C20BDE8D6
:10D230000840FFF737BD00BFF8B51B4C09F0FCF8FC
:10D2400009F030F9194F2080002009F02BF9184E11
:10D25000C3B20120174D3B7009F024F9C3B200207E
:10D260007B7009F075F903460120337009F070F9FD
:10D2700003460020737007F0A9FF034601202B70BE
:10D2800007F0A4FF687009F049FA50B109F0D4F82A
:10D290002188012209F016FA4D20BDE8F840FFF779
:10D2A00001BD09F047FAF1E7BE370024C437002476
:10D2B000B0370024B4370024044B1B7813B14C2042
:10D2C000FFF7F0BC0220FFF7EDBC00BFEC19002413
:10D2D000034B1B780BB1FFF7AFBF0320FFF7E2BC96
:10D2E000E41900240B4B10B5187809F0E7F80A4B45
:10D2F000187809F0FBF809F00BF9044609F0F0F88A
:10D300000146204608F078F90020BDE81040FFF7FC
:10D31000C9BC00BFB7370024C037002410B5084C83
:10D3200009F08AF8218809F0A1F809F085F8218828
:10D3300008F0EAF80020BDE81040FFF7B3BC00BFDA
:10D34000BE37002410B5094C09F0EEF90020FFF7B4
:10D35000A9FC09F071F8218809F088F809F06CF847
:10D3600021880122BDE8104009F0ACB9BE37002485
:10D3700070B5194E0020194D317809F077F87178A1
:10D380000120174C09F072F82978002009F0C6F83E
:10D390000120697809F0C2F823780020012B11D010
:10D3A00007F0FCFE6078C0B2012811D0012007F020
:10D3B000F5FE09F04DFA09F0B7F90020BDE870401C
:10D3C000FFF770BC07F0D2FE6078C0B20128EDD143
:10D3D00007F0CCFEEDE700BFC4370024B0370024CF
:10D3E000B43700240F4B10B5187809F067F80E4BCE
:10D3F000187809F07BF809F08BF8044609F070F80A
:10D400000146204609F042F90121002009F086F882
:10D410000121084609F082F80020BDE81040FFF71E
:10D4200041BC00BFB7370024C0370024284B30B4BC
:10D4300093F90030092B48D8DFE803F009131F26C1
:10D440002D31383F4305082030BCFFF72BBC0124A9
:10D450002049214B00220C700F201A7030BCFFF7BE
:10D4600021BC1E4D00231E4C04211E4A05202B709A
:10D470002370117030BCFFF715BC1B4D00231B4CF3
:10D4800004211B4A0620F2E71A4D00231A4C0421FE
:10D490001A4A3620EBE7452030BCFFF703BC184D95
:10D4A0000023184C0421184A2620E0E7174D0023DA
:10D4B000174C0421174A0720D9E72E2030BCFFF76C
:10D4C000F1BB0C2030BCFFF7EDBB30BC704700BF98
:10D4D000BB370024D0190024C8190024E8190024FF
:10D4E000EA190024E9190024FC190024FE1900247B
:10D4F000FD190024F7190024F8190024700C0024E9
:10D50000E5190024E7190024E6190024CD190024A8
:10D51000CF190024CE1900241C4B93F900300D2B99
:10D5200032D8DFE803F00A0D101316191C1F22254C
:10D53000282B2E072120FFF7B5BB0920FFF7B2BB30
:10D540001A20FFF7AFBB1B20FFF7ACBB1E20FFF775
:10D55000A9BB1F20FFF7A6BB1C20FFF7A3BB1D2004
:10D56000FFF7A0BB2F20FFF79DBB2420FFF79ABB3E
:10D570002520FFF797BB2220FFF794BB2320FFF75E
:10D5800091BB2020FFF78EBB704700BFBB37002444
:10D59000064B93F900302BB1012B02D14420FFF749
:10D5A00081BB70470A20FFF77DBB00BFBB3700245B
:10D5B000104B93F90030062B1AD8DFE803F0070A66
:10D5C0000D10131604004F20FFF76CBB3920FFF736
:10D5D00069BB3A20FFF766BB3B20FFF763BB3C20EB
:10D5E000FFF760BB3720FFF75DBB3820FFF75ABB62
:10D5F000704700BFBB3700242A4B30B493F900308A
:10D60000072B4CD8DFE803F0080C1C2B2F3B3F0402
:10D610004E2030BCFFF746BB172030BCFFF742BBA3
:10D620000023214C214A0421237015201370204D22
:10D63000204C214A2B702370117030BCFFF732BB95
:10D640001A4A01201D4D0023107004211C4C132088
:10D650001C4A2B702370117030BCFFF723BB3020A5
:10D6600030BCFFF71FBB184D0023184C0421184A8B
:10D6700048202B702370117030BCFFF713BB3F2084
:10D6800030BCFFF70FBB134D0023134C0421134A8A
:10D6900031202B702370117030BCFFF703BB30BCFE
:10D6A000704700BFBB370024D0190024C8190024DC
:10D6B000D1190024D21900249A070024CB19002480
:10D6C000CC19002499070024C9190024CA19002480
:10D6D00098070024D9190024DA1900249B07002494
:10D6E00008B50A4B1B78012B08D003B108BD07F021
:10D6F000D7FE3620BDE80840FFF7D4BA07F0A6FEF3
:10D700000C20BDE80840FFF7CDBA00BFBA370024AF
:10D71000044B1B7813B10420FFF7C4BA1520FFF7A0
:10D72000C1BA00BFD019002438B5274C2748284A71
:10D73000284994F900300578137009782648274A5B
:10D74000057011703BB9264B08221A704A20BDE8BB
:10D750003840FFF7A7BA0DF029FF01280BD194F943
:10D760000030022B15D0013B1D4A4A201370BDE842
:10D770003840FFF797BA0DF019FF022811D194F93C
:10D780000030032B05D0042BEDD1154B05221A7068
:10D79000DCE7134B04224A201A70BDE83840FFF73B
:10D7A00081BA0DF003FF032804D023780C4A013B13
:10D7B0001370CBE794F90030042BEAD0052BE4D0AA
:10D7C000062BD0D1D0E700BFBB370024EB190024D3
:10D7D000C91900248C0B0024CA19002498070024BE
:10D7E000B23700240B4B0C4A1B7810782BB968B168
:10D7F000012808D00420FFF755BA012BF8D10028E2
:10D80000F9D00128F6D11320FFF74CBA1520FFF705
:10D8100049BA00BFD0190024C819002438B5274CD4
:10D820002748284A284994F9003005781370097868
:10D830002648274A057011703BB9264B08221A70FA
:10D840000F20BDE83840FFF72DBA0DF0AFFE0128DC
:10D850000BD194F90030022B15D0013B1D4A0F204B
:10D860001370BDE83840FFF71DBA0DF09FFE022887
:10D8700011D194F90030032B05D0042BEDD1154BB9
:10D8800005221A70DCE7134B04220F201A70BDE842
:10D890003840FFF707BA0DF089FE032804D023783B
:10D8A0000C4A013B1370CBE794F90030042BEAD00B
:10D8B000052BE4D0062BD0D1D0E700BFBB37002426
:10D8C000EB190024D11900248C0B0024D219002458
:10D8D0009A070024AE37002438B5274C2748284A39
:10D8E000284994F900300578137009782648274AAA
:10D8F000057011703BB9264B08221A701220BDE842
:10D900003840FFF7CFB90DF051FE01280BD194F943
:10D910000030022B15D0013B1D4A12201370BDE8C8
:10D920003840FFF7BFB90DF041FE022811D194F93C
:10D930000030032B05D0042BEDD1154B05221A70B6
:10D94000DCE7134B042212201A70BDE83840FFF7C1
:10D95000A9B90DF02BFE032804D023780C4A013B13
:10D960001370CBE794F90030042BEAD0052BE4D0F8
:10D97000062BD0D1D0E700BFBB370024EB19002421
:10D98000CB1900248C0B0024CC1900249907002407
:10D99000C637002408B505F055F8012813D005F066
:10D9A00061F8104B93F90030984204D10520BDE88E
:10D9B0000840FFF777B9184605F0DCFC0520BDE804
:10D9C0000840FFF76FB905F045F8064B93F90030B2
:10D9D0009842EBD0D8B205F0BDFC0520BDE8084068
:10D9E000FFF760B9B837002408B504F0D1FF064B43
:10D9F00093F90030984202D0D8B204F0BFFF05205E
:10DA0000BDE80840FFF74EB9B837002408B504F068
:10DA10009BFF064B93F90030984202D0184604F061
:10DA200089FF0520BDE80840FFF73CB9B83700245E
:10DA300008B50B4B187804F0A1FB04F097FB40B13C
:10DA400004F050FD04F08CFB2620BDE80840FFF7F1
:10DA500029B90AF02DFE2620BDE80840FFF722B9BB
:10DA6000B837002400B585B004F0DCFB002104F0D9
:10DA7000F5FB98B1684604F0BFFB04F0D3FB014608
:10DA8000684604F055FC084B00221A6004F068FB5D
:10DA90002D20FFF707F905B05DF804FB2C20FFF7F8
:10DAA00001F905B05DF804FBE019002400B585B06C
:10DAB000684604F0A1FB04F0B5FB0146684604F09B
:10DAC00037FC054B00221A6004F04AFB2D20FFF7BB
:10DAD000E9F805B05DF804FBE019002408B5064B31
:10DAE000187804F095FB04F0FDFC04F039FB2620C7
:10DAF000BDE80840FFF7D6B8B83700240A4B93F9C1
:10DB00000030032B0FD8DFE803F00B0805022B20B1
:10DB1000FFF7C8B82820FFF7C5B82920FFF7C2B81B
:10DB20002720FFF7BFB87047BB37002408B5054B67
:10DB30001878042801D8F8F799FB0420BDE80840BC
:10DB4000FFF7B0B8B8370024064B93F900302BB17B
:10DB5000012B02D13420FFF7A5B870473220FFF720
:10DB6000A1B800BFBB37002438B5194C194D204669
:10DB700014F07CFE0023184A184919486B620370A0
:10DB80000B70137003F0B8FF4FF0FF3003F0C4FFC9
:10DB90004FF48571022008F0C7FBC0B20DF09CFE67
:10DBA00003F028FD00F0DCFE0E4814F049FE0E489C
:10DBB00014F046FE0D4814F043FE0D4814F040FEEC
:10DBC0003120FFF76FF82046BDE8384014F038BE2A
:10DBD000A48F002400180040D7190024D81900246D
:10DBE000D6190024E48E0024A48D0024A48E0024E1
:10DBF000E48D002408B50022054B1A7003F0B2FC36
:10DC000000F0AEFE3120BDE80840FFF74BB800BF82
:10DC1000D719002408B53120FFF744F80AF0D4F9E9
:10DC2000002003F069FD0120BDE8084003F064BD59
:10DC3000034B1878502800D97047FFF733B800BF5E
:10DC4000F519002408B5002008F056FD044B18789B
:10DC5000502800D908BDBDE80840FFF723B800BF31
:10DC6000F519002408B5012008F046FD044B18788A
:10DC7000502800D908BDBDE80840FFF713B800BF21
:10DC8000F519002408B5084B02204FF4917193F95F
:10DC9000002092B207F090FF0DF0DCFD0620BDE8F9
:10DCA0000840FEF7FFBF00BFB8370024064B93F9CA
:10DCB00000302BB1012B02D15020FEF7F3BF70478B
:10DCC0004620FEF7EFBF00BFBB37002408B5074B67
:10DCD000022040F2231193F9002092B207F06CFF6A
:10DCE0004520BDE80840FEF7DDBF00BFB83700247F
:10DCF00008B5074B02204FF4927193F9002092B2BD
:10DD000007F05AFF4520BDE80840FEF7CBBF00BF33
:10DD1000B837002408B50DF0FFFB28B90DF002FC60
:10DD2000BDE80840FEF770BF0DF002FCBDE80840FA
:10DD3000FEF76ABF08B5094B93F9003033B90DF00F
:10DD4000F7FB0720BDE80840FEF7ACBF0DF0EAFB8B
:10DD50000720BDE80840FEF7A5BF00BFB837002484
:10DD6000502801D8FEF79EBF704700BF502862D8E8
:10DD700008B550285BD8DFE810F0650062005F004E
:10DD80005F0040013D013A0149015A004C011C016C
:10DD90005A0025015A005A005A005A005A005A00E7
:10DDA00006015A00F9005A005A005A005A00E700CA
:10DDB000E400E100DE00DB00D800D500D200CF0097
:10DDC000CC00C900C600C300C000BD00BA005A00A4
:10DDD0005A005A005A009C009900940091008E004D
:10DDE00084007A007700740071006E006B00680098
:10DDF0004301AD005A005A005A00B0003001090139
:10DE0000FC00AA009F00EA00ED00F6005A005A004C
:10DE1000130151001F0122015A004601864A13884E
:10DE2000002B00F0F980013B1380FAF72DFDBDE8CF
:10DE30000840F7F7F7BC7047FAF7B4FCF7E7FAF7D2
:10DE4000A5FBF4E7FAF768FAF1E7FDF7E5F8EEE786
:10DE5000FDF79EF8EBE7FDF757F8E8E7FDF710F858
:10DE6000E5E7FBF7C9FAE2E7FEF7CAF9DFE7734A2D
:10DE70001378002B40F0D48007231370FEF758FA74
:10DE8000D5E76F4B1A78002A00F0CD8000221A7077
:10DE9000FEF712F9CBE7FEF7D5F8C8E7FDF7F8FF74
:10DEA000C5E7F6F7D5FBFDF77FFFC0E7FCF71CFFE2
:10DEB000BDE7FDF759FFBAE7624A1378013B5BB251
:10DEC000002BB8BF00231370FEF776FDAFE7FEF717
:10DED0005DFDACE7FCF790FFA9E75A4A92F90030E4
:10DEE000002B01DD013B1370FEF78EFA9FE7FDF773
:10DEF0008FFD9CE7FDF728FC99E7FDF787FB96E788
:10DF0000FDF778FE93E7FDF753FA90E7FDF700FA87
:10DF10008DE7FDF715FB8AE7FDF7A6FA87E7FDF722
:10DF20008BF984E7FDF70CF981E7FCF7FFFD7EE74D
:10DF3000FCF7C8FD7BE7FDF787F878E7FCF77EFE86
:10DF400075E7FCF7CFFC72E7FCF762FC6FE7FEF7C2
:10DF5000CDFD6CE73C4B1A78002A67D101221A707C
:10DF6000FAF754FA63E7FCF7C7F860E7FCF764FADE
:10DF70005DE7344A92F90030002B01DD013B13705C
:10DF8000FEF7C2FB53E7FCF77DFB50E72D4A92F901
:10DF90000030002B01DD013B1370FEF735FB46E737
:10DFA0002A4B1A78002A44D101221A70FAF784FA0F
:10DFB0003DE7FBF775FC3AE7FAF744FD37E7FFF773
:10DFC000A9FE34E71F4A1378013B5BB2002BB8BFB0
:10DFD00000231370FBF754FD29E71A4A92F9003029
:10DFE000002B01DD013B1370FEF78EFA1FE7FBF7F4
:10DFF000F9F81CE7FBF752F819E7FAF7F7FD16E70F
:10E00000FCF7B6FE13E7FEF7E9FD10E7FBF7D2FADF
:10E010000DE7FBF7DBFB0AE740F2F313138004E79D
:10E02000013B13702AE701221A7031E700221A70AF
:10E0300096E700221A70B9E7BE370024DB190024E6
:10E04000D8190024BB370024EC190024E41900245B
:10E05000502862D808B550285BD8DFE810F065007A
:10E0600062005F005F004D014A01470144015A0010
:10E070003E013B015A0026015A005A005A005A003C
:10E080005A005A00FD005A00FA005A005A005A007D
:10E090005A00E700E400E100DE00DB00D800D50014
:10E0A000D200CF00CC00C900C600C300C000BD0034
:10E0B000BA005A005A005A005A009C009900940075
:10E0C00091008E0084007A007700740071006E0069
:10E0D0006B0068005001AD005A005A005A00B000B1
:10E0E000310100015100AA009F00EA00ED00F70095
:10E0F0005A005A000A011401200123015A0041016B
:10E10000824A92F90030032B01DC01331370FEF7D1
:10E11000FBFABDE80840F7F785BB7047FAF77AFBD2
:10E12000F7E7FAF787FAF4E7FAF732F9F1E7FCF7DD
:10E130007FFFEEE7FCF738FFEBE7FCF7F1FEE8E7DF
:10E14000FCF7AAFEE5E7FBF785F9E2E7FEF758F8EA
:10E15000DFE76F4A1378072B0CBF002301331370DE
:10E16000FEF7E6F8D5E76B4B1A78002A00F0CA8074
:10E1700000221A70FDF7A0FFCBE7FDF763FFC8E7A9
:10E18000FDF7AAFEC5E7F6F735FAFDF70DFEC0E785
:10E19000FCF7B6FDBDE7FDF7F7FDBAE75B4A13787C
:10E1A00001335BB2012BC8BF01231370FEF704FCDF
:10E1B000AFE7FEF7EBFBACE7FCF72AFEA9E7534A13
:10E1C00092F90030032B01DC01331370FEF71CF9C8
:10E1D0009FE7FDF72DFC9CE7FDF7C2FA99E7FDF7F5
:10E1E0002DFA96E7FDF72AFD93E7FDF7EDF890E7A6
:10E1F000FDF79AF88DE7FDF7AFF98AE7FDF740F9EB
:10E2000087E7FDF725F884E7FCF7A6FF81E7FCF731
:10E2100099FC7EE7FCF770FC7BE7FCF721FF78E7D1
:10E22000FCF718FD75E7FCF769FB72E7FCF7FCFAF1
:10E230006FE7FEF75BFC6CE7374B1A78012A0CBFDF
:10E24000002201221A70FAF7E1F862E7FBF782FF79
:10E250005FE7FCF71FF95CE7FCF742FA59E72B4A46
:10E2600092F90030032B01DC01331370FEF7CCF977
:10E270004FE72A4B1A78012A0CBF002201221A709C
:10E28000FAF71AF945E7264A138801339BB2B3F52A
:10E29000FA7F28BF00231380FAF7F6FA39E7FAF776
:10E2A000F5FB36E7FFF736FD33E7184A13780133FD
:10E2B0005BB2002BC8BF00231370FBF7E1FB28E71C
:10E2C000124A92F90030032B01DC01331370FEF780
:10E2D0001BF91EE7FBF7F0FA1BE7FBF785FA18E7D7
:10E2E000FEF77CFC15E7FBF793F912E7FAF7A8FFB6
:10E2F0000FE7FAF701FF0CE7FAF7AAFC09E7FCF7CA
:10E3000043FD06E701221A7034E700BFBB37002443
:10E31000DB190024D8190024EC190024E419002486
:10E32000BE370024502860D808B5502859D8DFE8F7
:10E3300010F0F2001601940076000A0107011301A3
:10E34000100158005D006800EB005100C400A400FB
:10E35000D70058005800CB0079005800C100580081
:10E36000B900B10058005D005D005D005D005D001A
:10E370005D005D005D005D005D005D005D000D0104
:10E3800072007C0070005800970004015800FD00E6
:10E390005D00F500FA0058005800E10058008200C6
:10E3A0006400640064006400640064005800580065
:10E3B000A700DE0091008800850068007F006C00E7
:10E3C0008B008E005800A0000101AA001901AD00C9
:10E3D000D0006C00654B93F9003013B90B20FEF7A9
:10E3E00061FCBDE80840F7F71DBA70470520FEF74D
:10E3F00059FCBDE80840F7F715BA3620FEF752FC85
:10E40000EFE70620FEF74EFCEBE74520FEF74AFC5F
:10E41000E7E703F087FF2620FEF744FCE1E7FEF77D
:10E42000E1FFDEE7FFF758FADBE7FFF71BFBD8E772
:10E43000FFF73CFCD5E7FFF7BBF8D2E7FEF72AFA77
:10E44000CFE7FEF74DF9CCE7FEF736FFC9E7FFF758
:10E450006BF9C6E7FEF7C4F8C3E7FEF743FFC0E772
:10E4600004F0C8F8424B01222D201A60FEF71AFC76
:10E47000B7E73D20FEF716FCB3E7FFF731F9B0E749
:10E480000CF014FCADE7FEF749FFAAE70720FEF702
:10E4900009FCA6E7F4F70AFBF4F72AFB1920FEF7BC
:10E4A00001FC9EE7F4F710FBF4F722FB1920FEF7BE
:10E4B000F9FB96E7FFF7B2F993E72E4B02220E2005
:10E4C0001A70FEF7EFFB8CE72B4B1878F6F752FF2C
:10E4D00087E7284B00220E201A70FEF7E3FB80E747
:10E4E000264A274B117818780CF0B0F879E7FDF739
:10E4F000F7FF76E7234A1378032B0CBF0023013381
:10E500001370FDF715FF6CE71A4B01220E201A70ED
:10E51000FEF7C8FB65E7FEF77FFE62E7F6F798F8BF
:10E52000FDF742FC5DE7FFF70FFB5AE70420FEF71B
:10E53000B9FB56E7FEF7CCFE53E7FFF7B7FA50E713
:10E54000FEF7EAFF4DE7FEF771FF4AE7FFF7D6FA5D
:10E5500047E7FFF751F844E7FFF71AF841E7FAF702
:10E56000BBF83EE7FEF7EEFE3BE700BFBB370024FB
:10E57000E0190024BA370024C6370024D01900243B
:10E58000AE370024DC19002450285FD838B5502855
:10E5900058D8DFE810F0510089006400640064007E
:10E5A0006000600060006000A6009E0068006000DF
:10E5B000680060009500570057005C005C00860012
:10E5C0005C0057005C005C005C005A01520149018C
:10E5D00040013D0134012B012201190116011301F3
:10E5E0000B0160000001F800F500F0006C00C700AE
:10E5F0006C00D300CB00E8005C00DD00D600C10059
:10E60000BE006000AE00B6007E007600E0000301B0
:10E6100062015700980073007000730070009B0047
:10E620006000690164005C0065015C0064006400D6
:10E63000ED00C4007A006C0107F06AFF042801D0E5
:10E64000FEF7FAFDBDE83840F7F7ECB87047072051
:10E65000FEF728FBF6E70420FEF724FBF2E7002094
:10E66000FEF720FBEEE70C20FEF71CFBEAE7262076
:10E67000FEF718FBE6E7FFF7F5FAE3E7FFF7E2FA44
:10E68000E0E77C4B1878F2F7F5F93620FEF70AFB45
:10E69000D8E7784B1878F2F7DBF93620FEF702FB63
:10E6A000D0E7FFF79FF8CDE704220023724D734CAB
:10E6B000104673492A7023700B70FEF7F3FAC1E716
:10E6C000FFF726F8BEE70CF0D9FABBE7FFF7DAFA56
:10E6D000B8E7684B18780DF0A7F80620FEF7E2FAC5
:10E6E000B0E7644B187804F0A3F90520FEF7DAFAD6
:10E6F000A8E7604B1878F2F763F93620FEF7D2FAF4
:10E70000A0E75C4B1878F2F76DF93620FEF7CAFAED
:10E7100098E7FFF76FFA95E7FFF77CFA92E7FFF7C4
:10E7200009FB8FE72820FEF7BDFA8BE7514B1878DD
:10E7300004F0DEFD0520FEF7B5FA83E7FFF7F6F9F2
:10E7400080E7504B002231201A70FEF7ABFA79E7D0
:10E75000FFF70AFA76E7474B1878F2F755F93620B3
:10E76000FEF7A0FA6EE7F5F745FFFDF71DFB69E739
:10E77000FEF7FEFD66E703F0FDFEFDF769F961E7D0
:10E78000FFF7ACF95EE73B4B187803F041FD26201C
:10E79000FEF788FA56E7FFF74BF953E7354B187841
:10E7A000F2F744F93620FEF77DFA4BE7314B187843
:10E7B00004F0AEF80520FEF775FA43E7FFF714F909
:10E7C00040E7FFF723F93DE72A4B93F9000004F0F7
:10E7D000C3F80520FEF766FA34E7264B93F90000EC
:10E7E00004F0F0F80520FEF75DFA2BE7214B93F9D2
:10E7F000000004F0D5F80520FEF754FA22E71D4B7F
:10E8000093F9000004F0C4FD0520FEF74BFA19E768
:10E81000FFF7C0F816E7174B93F9000009F078FFEF
:10E820000520FEF73FFA0DE7124B93F9000009F0BF
:10E830005BFF0520FEF736FA04E70E4B187804F06C
:10E84000E5F80520FEF72EFAFCE60A4B187804F0EE
:10E85000CBF80520FEF726FAF4E60CF0F3F9F1E622
:10E860004820FEF71FFAEDE6FFF730FAEAE6FFF779
:10E870003FFAE7E6B8370024F2190024F119002422
:10E88000F3190024D819002470B5154C154D04F166
:10E89000400614F8013F01224FF48061284693425C
:10E8A00008BF00220FF026F901224FF480710D48B5
:10E8B0000FF020F900224FF480710A480FF01AF986
:10E8C000B442E6D101224FF4004106480FF012F99C
:10E8D00000224FF400410348BDE870400FF00AB930
:10E8E000C7370024000002583F2802D8024B0122FB
:10E8F0001A54FFF7C9BF00BFC83700243F2802D809
:10E90000024B00221A54FFF7BFBF00BFC8370024D4
:10E91000044B002103F1400203F8011F9342FBD195
:10E92000FFF7B2BFC7370024044B012103F14002B7
:10E9300003F8011F9342FBD1FFF7A6BFC73700249E
:10E94000024B022283F84920704700BF00000430C8
:10E95000024B012283F84920704700BF00000430B9
:10E96000024B002283F84920704700BF00000430AA
:10E9700008B50C20FFF7C2FF0E20FFF7BFFF0D20E8
:10E98000FFF7BCFF0F20FFF7B9FF07F055FD02218D
:10E9900007F0CAFC032817D8DFE800F0110C0702C3
:10E9A0000C20BDE80840FFF79FBF0D20BDE80840E0
:10E9B000FFF79ABF0E20BDE80840FFF795BF0F2074
:10E9C000BDE80840FFF790BF08BD00BF024B03EB56
:10E9D000800090ED000A704714380024024B03EBCE
:10E9E000800090ED000A70470C3800240000000001
:10E9F000012800D9704730B440F2FF34144B154A57
:10EA0000A14203F6FC7502EB800228BF2146D5ED3A
:10EA1000007A114C03EB810324F8101093ED007A77
:10EA200087EE276A9FED065B9FED077B30BCB7EE54
:10EA3000C66AA6EE057BB7EEC77B82ED007A70470B
:10EA40009A99999999F943409A9999999999A93FCD
:10EA500018F60208143800241C38002400000000B6
:10EA60002DE9F84F584D4FF00008584EDFF86091EF
:10EA70002DED088B9FED4EAB9FED4F9B9FED508B87
:10EA800095ED00BAA5F6FC755FFA88FB002136F813
:10EA900018405846F5F7BEFA824600215846F5F769
:10EAA00061FB824401201FFA8AFA03F013FF01215F
:10EAB0000746584603F02CFE5044B0EE495B3844FC
:10EAC000F3EE046A044424B284F30A0405EB8404DC
:10EAD000D4ED007A87EE8B7AB7EEC77AA7EE0A5BA1
:10EAE000B7EEC57BB4EEE67AF1EE10FA22DD4FEA1E
:10EAF0008803102103EB080209EB8202517443449E
:10EB0000B7EEC77A09EB8302527C06EE102AB8EE04
:10EB1000C66B26EE086B86EE075BBCEEC55B15EE9A
:10EB2000102A49F82320B8F1000F13D0BDEC088B50
:10EB3000BDE8F88FF2EE0E7AB4EEE77AF1EE10FA55
:10EB40000BDD4FEA8803082103EB080209EB820280
:10EB50005174D4E74FF0010896E7F2EE047AB4EE70
:10EB6000E77AF1EE10FA08DD4FEA8803042103EB9F
:10EB7000080209EB82025174C1E7F1EE047A4FEA10
:10EB80008803B4EEE77AF1EE10FA06DD03EB080233
:10EB9000022109EB82025174B1E703EB08024FF046
:10EBA000010109EB82025174A9E700BFAFF30080B5
:10EBB0009A99999999F943409A9999999999A93F5C
:10EBC0000000000000004940140603081C3800241F
:10EBD00000000430012805D800EB8000024B8000C3
:10EBE00003441973704700BF00000430012800D9A6
:10EBF000704730B440F2FF340D4BB1EE007A0D4A4D
:10EC0000A14203F6FC7502EB800228BF2146D5ED38
:10EC1000006A094C03EB810324F8101093ED006A9D
:10EC2000C6EE267A30BC67EE877AC2ED007A70476E
:10EC300018F602080C3800240838002400000000F0
:10EC40002DE9F04F2DED048B83B0B1EE009B002435
:10EC5000DFF8EC900DF1080B9FED358B2BF8044D90
:10EC6000A50009EB04172B193A6B09EB83039B688A
:10EC70009A4203D14FF001030BF804305FFA84F895
:10EC80002D4B0121404633F81460F5F7C3F9824655
:10EC900001214046F5F766FA5044304400B2B0F521
:10ECA000806F20DA322820DC2B19002209EB830345
:10ECB0005A6001229A601BF80430012B04D12B19F1
:10ECC00009EB83039B683B6325443A6B09EB85059D
:10ECD000AB689A4201D9AB683B6324B303B0BDEC87
:10ECE000048BBDE8F08F40F2FF30144B03EB800043
:10ECF00003F6FC73D0ED006AD3ED007A2B19A50062
:10ED000086EEA77A09EB8303B7EEC77A27EE097B75
:10ED100087EE086BBCEEC66B83ED016A5A6802EBA6
:10ED200042029A60C7E701249AE700BFAFF3008070
:10ED3000F168E388B5F8F43E0838002418F60208B4
:10ED400000000430014B83F8480070470000043095
:10ED5000012806D800EB8000024B0122800003440A
:10ED60001A74704700000430012801D90020704750
:10ED7000034B0001185AA0F5007000B2704700BFA5
:10ED8000360004300E4B93F84920022A11D093F834
:10ED90004920012A08D0DA8E0A499200CA63B3F8E2
:10EDA00046309B000B647047064B0022DA631A64FE
:10EDB0007047044B40F6FF72DA631A64704700BF75
:10EDC00000000430000C0040014B00221A80704704
:10EDD000001A0024014B00221A547047001A002424
:10EDE00070B40B4D83B02B5C02AC019100EB400181
:10EDF00003EB430234F8046D013302EB8112054941
:10EE0000A4782B548B188E529C7003B070BC704742
:10EE1000001A002420380024DFF890C02DE9F04FBC
:10EE20001CF8009009F1FF375FFA87FEBEF13F0F33
:10EE300030D800EB40051C4E0022AD01904606EB99
:10EE4000050A02EB4204434601321AF804B05C1C86
:10EE50005FFA82F88B45E4B21FD0C145F1D8A145D5
:10EE60004FF000030FD11BE003EB43010133CA1C39
:10EE70002944DBB22A4474183244B2F800809278F4
:10EE800026F80180A270BB42EEDB0CF800E0012006
:10EE9000BDE8F08F0120BDE8F08F1C46A145F2D1FE
:10EEA0000020BDE8F08F00BF20380024001A0024A5
:10EEB000164B2DE9F0431D5C6B1E3F2B1BD800EB5E
:10EEC0004008DFF84C90002309EB88181C4603EB40
:10EED0004306013304F1010E274618F806C0DCB2E0
:10EEE0008C450BD0A5425FFA8EF7F0D8E81B18BF0F
:10EEF0000120BDE8F0830120BDE8F08300EB400075
:10EF000006EB801609F80620F0E700BF001A00247F
:10EF100020380024084B1B5C013BDAB23F2A08D89A
:10EF200003EB4303054A00EB400003EB8010104461
:10EF300070470020704700BF001A002420380024CA
:10EF4000014B185C704700BF001A0024134B70B4CB
:10EF50001D5C6B1E3F2B13D800EB4002104E92013C
:10EF6000B35C8B4217D000EB4002002306EB821209
:10EF700003E012F8034F8C4205D00133AB42F8D1C5
:10EF8000002070BC704703EB4303C02212FB00302B
:10EF9000304470BC70470023F7E700BF001A00241C
:10EFA000203800240A4B1B5C013BDAB23F2A0CD804
:10EFB00000EB4000074A03EB430303EB8013D05CF4
:10EFC000401AB0FA80F0400970470020704700BF37
:10EFD000001A002420380024002883B201DC5B42A0
:10EFE0009BB21846704700BF00B5154B83B0019324
:10EFF00072B6144B00221A6010F004FC4FF0FF337D
:10F00000114A1249C1F88030C1F88031C2F880300D
:10F01000C2F88031C2F88430C2F88431C2F8883036
:10F02000C2F88831C2F88C30C2F88C3162B6019BCC
:10F03000019A126882F308885B689847FEE700BF70
:10F040000098F01F10E000E004E100E000E100E0C3
:10F05000014B93F900007047710C0024014B1878A4
:10F06000704700BF081A00242DE9F04F8FB0F7F762
:10F070001DFA302804D8F7F719FA172840F004824F
:10F08000F7F714FA352840F2EC80DB4E0024DB4F12
:10F09000DFF87883DFF8789304E001340236212C1E
:10F0A00000F0DF80E5B2B6F900A02846F1F748FC91
:10F0B000824527D0B6F900A02846F1F741FC8245E9
:10F0C00004DA14F80830012B00F05B81B6F900A0D7
:10F0D0002846F1F735FC824505DD14F80830012B90
:10F0E00001D10F233B70B6F900A02846F1F728FCA8
:10F0F000824580F2B98014F80830002B40F0B480CB
:10F100000F233B70B6F800A02846F1F719FCAAEBD4
:10F11000000080B203B2002B01DC404280B23B7899
:10F120008342BAD24FF0000A04F809A0FEF75EF855
:10F13000B6F900B02846F1F703FC834580F203815D
:10F14000012304F808302846F1F7FAFB0C2C308034
:10F1500000F00C820D2C00F0ED81122C00F02282C8
:10F16000132C00F0CB81F7F7A1F9402840F0EE8096
:10F17000202C0FD0FDF7A2FB82460C20F1F7E0FB1C
:10F1800001460C2007F00EF952460346294600209E
:10F19000F4F7B6FEFDF738F9A4F11A03012B74D980
:10F1A000072C72D0A4F10B03022B6ED9A4F1120329
:10F1B000012B6AD9202C00F06282182C00F02282E8
:10F1C00007F03AF982462846F1F7BAFB00210346D8
:10F1D0002A4650460091F3F7B3FF03210BA8F3F73B
:10F1E0002FFC9DF82EA0BAF1000F00F03B81F7F73D
:10F1F0005DF9002840F09080A4F10C03012B40F24F
:10F200009580A4F11203012B40F29080DFF804A254
:10F210009AF90050202D00F0E7801B2D00F0178197
:10F22000774B00221A7007F007F99AF80010F3F7ED
:10F23000B3FC0146E8B2F7F7BBFE9AF90030A342EF
:10F240007AD0DBB2A3F11202012A02D90C3B012BC6
:10F2500072D8013400236B4A0236212C13807FF4CC
:10F2600021AF0FB0BDE8F08FB6F900A02846F1F746
:10F2700067FB82457FF746AF14F80830002B7FF418
:10F2800041AF14F809303B703CE71B2C00F0A6811D
:10F29000A4F10C03012B78D9A4F1120ABAF1010FE1
:10F2A0008CBF4FF0000A4FF0010ABAF1000F6CD189
:10F2B00007F0C2F883462846F1F742FB014628468C
:10F2C00007F070F851460346CDF800A058462A468C
:10F2D000F3F736FF032105A8F3F7B2FB9DF816A05C
:10F2E000BAF1000F83D107F09FF883462846F1F763
:10F2F00027FB0146284607F055F84FF0010C03465E
:10F300002A4658465146CDF800C0F3F719FFF7F7E3
:10F31000CDF800283FF470AFF7F7C8F801287FF464
:10F32000BCAEA4F10C03012B3FF66BAFDFF8E4A0F9
:10F330009AF90030A34284D1334B1A78002A88D13D
:10F3400001221A7085E704F808A0FCE6F7F7AEF88A
:10F3500041282CD11B2C11D0202C0FD0FDF7AEFA58
:10F3600082460D20F1F7ECFA01460D2007F01AF85D
:10F370005246034629460120F4F7C2FDFDF7C4F8C2
:10F380000AE714F809303B70ADE607F055F88246FD
:10F390002846F1F7D5FA0146284607F003F8002180
:10F3A00003462A4650460091F3F7CAFE1FE7F7F7D7
:10F3B0007DF8422830D1A4F11F03012B11D9112C63
:10F3C0000FD0FDF77BFA82461220F1F7B9FA014619
:10F3D000122006F0E7FF5246034629460020F4F7C4
:10F3E000E7FDFDF711F9D7E6054A13780133DBB2E3
:10F3F000082B79D013709FE7A4520024361A0024FA
:10F40000311A0024061A0024081A00240C1A0024B9
:10F41000740E0024710C0024F7F748F843283ED0FE
:10F42000DFF894A29AF90030A3423FF4B5AEF7F7A3
:10F430003DF8002852D106F0FFFF2946F3F7ACFB58
:10F4400001462846F8F7A8F98AF80040A4E6994B47
:10F45000002029461870F3F79FFB01462846F7F76E
:10F46000A7FDEAE606F0E0FF03902846F1F768FA08
:10F4700003994FF0010C03462A460846CDF800C018
:10F480005146F3F75DFEB2E6F7F710F818283FF49F
:10F49000F7ADF7F70BF819287FF4F7ADF0E5A4F115
:10F4A00011020F2A07D84CF20143D340DB0702D5E3
:10F4B000FDF72AF970E6FDF701FA82461320F1F70D
:10F4C0003FFA0146132006F06DFF524603462946D7
:10F4D0000120F4F76DFDFDF717F95DE6F6F7E6FF9D
:10F4E00001287FF459AEA6E7002029461070F3F7F3
:10F4F00053FB01462846F7F75BFD9EE6F6F7D6FF7D
:10F5000043287FF453AEFDF7D9F901460120F4F703
:10F5100059F982462046F1F713FA0146204606F0D3
:10F5200041FF5FFA8AF102B20120F4F7E1FBFDF737
:10F53000EBF83BE6F6F7BAFF41287FF4A9AEFDF7FA
:10F54000BDF901460120F4F72DF982462046F1F776
:10F55000F7F90146204606F025FF5FFA8AF102B26C
:10F560000120F4F79FFBFCF7CFFF91E6F6F79EFF33
:10F5700040287FF48DAEFDF7A1F901460020F4F795
:10F5800011F982462046F1F7DBF90146204606F0E4
:10F5900009FF5FFA8AF102B20020F4F783FBFCF75F
:10F5A00033FF75E6F6F782FF42287FF4FFADFDF7E3
:10F5B00085F901460020F4F705F982462046F1F767
:10F5C000BFF90146204606F0EDFE5FFA8AF102B26D
:10F5D0000020F4F78DFBFDF717F8E7E52046F1F77B
:10F5E000AFF90146204606F0DDFE00210346224623
:10F5F00000910846F3F7A4FDF6F758FF00283FF402
:10F6000005AE89E6F2F706FB00283CD0F2F702FBD4
:10F6100050B34FF48571022006F086FE022823D0F5
:10F6200006F00AFF05461820F1F78AF90021034683
:10F63000182228460091F3F783FD032108A8F3F769
:10F64000FFF99DF82250002DD6D106F0EDFE82463E
:10F650001820F1F775F90122034629460092504619
:10F660001822F3F76DFDC7E71820F1F769F90021BB
:10F670000346182200910120F3F762FDBCE7204603
:10F68000F1F75EF9B1E74FF48571022006F04CFE08
:10F690000128BBD106F0D0FE05460028B6D1204691
:10F6A000F1F74EF900950346224629462846F3F71E
:10F6B00047FDABE7311A0024710C00242DE9F04F0F
:10F6C000CDB04C22002109A817F0C1FA2022002158
:10F6D00001A817F0BCFAC02200211CA817F0B7FA45
:10F6E000022010F047F83C4B00223C4900921A4699
:10F6F000986940F4404098619B6903F4404300934B
:10F70000CB6A43F00103CB62CB6A03F001030093A1
:10F71000009B93699B04FCD5314A022500240127F4
:10F72000936A4FF480380C21782623F0030309A84C
:10F730004FF48069DFF8ACA02B434FF0C00B93620D
:10F74000099714971895159640261991CDF8288099
:10F75000CDE91255CDE91655CDE91A4410F028F936
:10F760003F2103220823019101A80421029203945E
:10F770000696CDE90436CDE9079610F075FC042312
:10F780004FF0770E4FF04E0C10214FF400121D97E2
:10F7900041F6E61720951CA8219560253E922394FA
:10F7A000CDF8A89033963A943D94CDF870A0CDF85A
:10F7B00088B0CDE91EECCDE92473CDE92833CDE93D
:10F7C0002651CDE92B44CDE9344810F0B5FE10F0B8
:10F7D00011F84DB0BDE8F08F004802580004005801
:10F7E000004402580A320400F0B54FF4803395B05B
:10F7F000B14A1168090401D5013BFAD1AE4C0CF0B5
:10F800000DFCFFF75BFF0020D4F8E03043F00073FD
:10F81000C4F8E030D4F8E03003F000730393039BA6
:10F820000EF06CF9002108460EF076F94FF48033A3
:10F830002268120401D4013BFAD1F5F7A9FEFFF7C3
:10F8400067F8F6F783FCF6F701F801F0DDFC02F04B
:10F850005BF9F3F7AFF8032104A8F3F7F1F89DF88B
:10F86000124034BB954A07AD0094402307CA03C534
:10F8700021462A7020468022F6F73CFC2146904B18
:10F880007F2207A8F6F780F9012107AA8C4B009187
:10F890001921F6F7F7FAF5F7C5FFC8200CF002FCBE
:10F8A000782188480EF06AFB8648F6F7C1FCFFF71E
:10F8B0009BFB0024F4F7ACFC08F006F9012508F0E6
:10F8C0002BF908F051F907F037F808F009F805F0BE
:10F8D000D1FB08F083F908F0EDFB08F08DF807F094
:10F8E0005DF808F0DFF908F0A3F908F0BDF916F0AB
:10F8F00035FF08F015FC4FF47A700CF0D3FB02F0E2
:10F90000ADF90AF0EBF9F5F79FFAF3F70BF90AF006
:10F91000C1F9F1F71DF909F051F8F2F70FF908F004
:10F9200013F80BF00BFE684A684907A817F08CFE25
:10F9300021462046402380220094F6F7DBFB214637
:10F940005F4B7F2207A8F6F71FF95D4B07AA192125
:10F950000095F6F797FAF5F765FF4FF4FA600CF0AB
:10F96000A1FB05F03BFC05F099FC02224FF48571E8
:10F97000104606F021F902200BF0AEFF022240F201
:10F980000911104606F018F92046F3F7B1FB284696
:10F99000F3F7AEFB2146204606F0C0FD214628467F
:10F9A00006F0BCFD204605F0D9FC284605F0D6FC43
:10F9B0002046F4F707F82846F4F704F8204601F04B
:10F9C0009BFE284601F098FE01F0CCFD06F0A0FD5C
:10F9D000042863D04FF48571022006F0A5FCC0B264
:10F9E0000BF07AFF08F06CFC0A270020FEF7B8F94C
:10F9F00021220F21364817F02AF9364D0024E0B2B3
:10FA00000134F0F79DFF25F8020F212CF7D1013FBB
:10FA1000F3D108F0D9FA02222F493048304C12F0C5
:10FA200059F8304D304E08F08FFD18E0F5F796FC90
:10FA3000F8B90BF00DF910BB0BF026F928BBF6F75F
:10FA400035FD342827D001224FF4006130460EF0F6
:10FA500051F82378012B25D02B78012B28D00AF0E0
:10FA6000E9FD0028E2D00AF001FEF5F777FC002856
:10FA7000DFD0F5F789FC0BF0EBF80028DCD00BF0B9
:10FA800013FD0BF001F90028D9D00BF01DFDF6F79E
:10FA90000DFD3428D7D10AF00BFED4E702200BF07D
:10FAA0001BFF9FE707F01CFE2B782770012BD6D198
:10FAB00007F088FE2F70D2E700440258FCF30208DA
:10FAC0004C03002458330024B4E4020808F402086C
:10FAD000740E0024A2520024A44C00245C81002453
:10FAE000341A0024351A0024000C025870B5524C08
:10FAF00000220121514D2046514E0DF0FBFF2046C2
:10FB0000002202210DF0F6FF2046002204210DF014
:10FB1000F1FF2046002208210DF0ECFF20460022D4
:10FB200010210DF0E7FF2046002220210DF0E2FF1A
:10FB30002046002240210DF0DDFF204600228021DA
:10FB40000DF0D8FF204600224FF400710DF0D2FFD7
:10FB5000204600224FF480510DF0CCFF20460022B9
:10FB60004FF400510DF0C6FF204600224FF48041B3
:10FB70000DF0C0FF204600224FF400410DF0BAFF07
:10FB80002846002201210DF0B5FF2846002202215F
:10FB90000DF0B0FF2846002204210DF0ABFF2846EF
:10FBA000002208210DF0A6FF2846002210210DF0AA
:10FBB000A1FF2846002220210DF09CFF28460022AC
:10FBC00040210DF097FF284600224FF400710DF000
:10FBD00091FF284600224FF480610DF08BFF002238
:10FBE000802118480DF086FF3046002201210DF0DB
:10FBF00081FF3046002202210DF07CFF30460022BA
:10FC000004210DF077FF3046002208210DF072FF2D
:10FC1000304600224FF400510DF06CFF30460022B8
:10FC20004FF480410DF066FF304600224FF4004152
:10FC3000BDE870400DF05EBF00140258001002587D
:10FC4000000802580004025838B50122524C534DA6
:10FC5000204611460DF04EFF2046012202210DF0F4
:10FC600049FF2046012204210DF044FF20460122D5
:10FC700008210DF03FFF2046012210210DF03AFF30
:10FC80002046012220210DF035FF2046012240218F
:10FC90000DF030FF2046012280210DF02BFF204681
:10FCA00001224FF400710DF025FF204601224FF490
:10FCB00080510DF01FFF204601224FF400510DF03E
:10FCC00019FF204601224FF480410DF013FF20461A
:10FCD00001224FF400410DF00DFF01222846A4F54A
:10FCE000406411460DF006FF2846012202210DF066
:10FCF00001FF2846012204210DF0FCFE28460122C6
:10FD000008210DF0F7FE2846012210210DF0F2FE29
:10FD10002846012220210DF0EDFE28460122402137
:10FD20000DF0E8FE284601224FF400710DF0E2FECE
:10FD3000284601224FF480610DF0DCFE0122802173
:10FD400017480DF0D7FE0122204611460DF0D2FED5
:10FD50002046012202210DF0CDFE20460122042181
:10FD60000DF0C8FE2046012208210DF0C3FE2046FA
:10FD700001224FF400510DF0BDFE204601224FF448
:10FD800080410DF0B7FE204601224FF40041BDE84E
:10FD900038400DF0AFBE00BF0014025800100258EA
:10FDA000000402582DE9F043224BD5B004689C4270
:10FDB0003BD0214B9C424DD0204B9C4200F0DD813A
:10FDC0001F4B9C420ED01F4B9C4200F030821E4BBA
:10FDD0009C4200F0A8821D4B9C4200F09A8255B0D4
:10FDE000BDE8F0831A4D2B8803339BB2FF2B88BFED
:10FDF00000232B80F6F75AFB322800F02A82F6F710
:10FE0000F5FAF3F7D5FE02F01DFE012800F0758328
:10FE100001F0F0FB09F0C8FC09F042F9F4F79CFC92
:10FE200055B0BDE8F043FEF7ADBF55B0BDE8F043B7
:10FE3000FFF71AB900100040001400400004014010
:10FE40000018004000480140001C004000440140F0
:10FE5000021A0024FCF7BAFAFCF7C8FAB0F57A7F68
:10FE600080F0D58206F07AFBF2F7A4FD01F0CCF920
:10FE7000002840F05A810221CB480DF035FE0028C1
:10FE800000F05B81C94B00221A70032106A8F2F72B
:10FE9000D7FD9DF81830002B00F09C810320F2F76D
:10FEA000EDFDF6F709FA002840F05682C04D2B7898
:10FEB000002B00F02B83BF4B93F90020D1B22029F7
:10FEC00002D8BD49022088540022FF21BB482A7075
:10FED00002801970F6F7EAFAFDF742FF08210CA834
:10FEE000F2F7AEFD9DF83040012C00F0E0820921D0
:10FEF0000FA8F2F7A5FD9DF83C30012B00F0CC8255
:10FF0000042112A8F2F79CFD9DF84840012C00F056
:10FF1000B98201F079F9AA4B1B685C6A002840F0AD
:10FF20008381C4F34F04A74D2B88A3420ED01CB984
:10FF300040F2FF12934202D0A34280F0FB81FDF712
:10FF400055F9F6F7B3FAFEF783F82C80F6F7AEFA18
:10FF5000302804D9F6F7AAFA352840F2DD80F6F702
:10FF6000A5FA3D2800F0D880F6F7A0FA3F2800F067
:10FF7000D380F6F79BFA302800F0CE80F6F796FA99
:10FF8000102800F0C980F6F791FA112800F0C4801B
:10FF900000230293029B1F2B00F3BE80844D854CEF
:10FFA000864E029903A8C9B2F2F74AFD9DF80C30BB
:10FFB000BDF91470002B00F0A8807B1C00F0A58018
:10FFC000029B022B00F0A180FDF710F9029B162B7B
:10FFD00000F05A85029B152B00F04185029B112BE6
:10FFE00000F02085029B102B00F00785029B0E2B52
:10FFF00000F04883029B0F2B00F04483029B012BEF
:020000040801F1
:1000000000F0408306F018FA06F0A2FA012800F08A
:100010008386029B1FFA87F80A2B00F02A87029B2F
:100020000A2B00F01F87029B0C2B00F09C8606F029
:1000300003FA414606F078F90DF10607C3B24046CF
:100040003B703B780133DBB23B7006F097F93B78AD
:100050009842C0F0B88606F0EFF93A78414605F0CC
:10006000ABFD03212DA8F2F7EBFC9DF8B630002B79
:1000700000F01284029B0B2B00F06E84029B1B2B62
:1000800000F08B84029B182B00F06E84029B022BE5
:1000900000F09C84029B1C2B00F04584029B1A2BD1
:1000A00000F05685029B192B00F03985029B142B1A
:1000B00000F01E85029B1F2B00F00385029B122B74
:1000C00000F08185029B0E2B00F05985029B0F2BBF
:1000D00000F09085029B0C2B00F00784029B0A2BFA
:1000E00000F0EE83029B0A2B00F0D9854FF4857156
:1000F000022006F019F9022800F01C830298C0B211
:10010000F2F7BCFC404601F043FA029B0133029334
:10011000029B1F2B7FF745AF2B4B00216FF0010295
:1001200059621A6155B0BDE8F0834FF480512748F9
:100130000DF0DAFC00287FF4A5AE1C4A13780133D9
:10014000DBB2032B13707FF4A0AEF6F7AFF93028C3
:1001500004D9F6F7ABF9352840F28382F6F7A6F911
:100160003F2800F07E82F6F7A1F930287FF48DAEAB
:10017000F6F79CF9FEF708FA87E60D4C09F08CF8C3
:10018000F4F7D6F8F1F714F904F0E8FE2378012B20
:1001900000F054810E4B00216FF0010259621A6188
:1001A00055B0BDE8F08300BF00180258041A0024BF
:1001B000081A0024710C0024740E0024061A00246E
:1001C000248F00242E1A002400140040000C025832
:1001D00000040140032109A8F2F732FC9DF8253004
:1001E000002B3FF47BAE0320F2F754FCF6F75EF9E8
:1001F000012800F0F881F6F759F92A287FF46EAE4D
:10020000CF4B93F90020D1B2202902D8CD4902204A
:1002100088540022CC4DCD4CFF2129202A70228009
:100220001970FDF79DFD59E6C4F38F047BE6F1F7E5
:100230001BFEFEF705FDFEF713FCC54A13780133DC
:10024000DBB20A2B00F076811370C24B00225A6297
:10025000C5E5FBF765FE01284FF000087FD05FFA87
:1002600088F40027FEB2002220460137314601F013
:1002700073FC31460022204601F07EFC314600220C
:10028000204601F08BFC31460022204601F098FC0C
:10029000042FE7D10021204601F0BCFC00212046BC
:1002A00001F0C4FC0021204601F09CFC0021204606
:1002B00001F0A4FC2046002101F0C4FCB8F1000FBD
:1002C00047D0002001F028FC0027DFF89082FEB222
:1002D0000024FBF725FE0128E3B24FF00002304670
:1002E000194600F08D8008F015FB0134042CF0D184
:1002F0000137042FEBD108F033F9FBF7D7FE0128C3
:1003000040F0B9802B88802B00F2B580FFF79CFC71
:1003100086E5F4F783F80AF0C5F98F4855B0BDE8D3
:10032000F04312F0A3BAF1F7F7FA03F039F900231A
:10033000636254E51BB940F2FF12944202D0A3421B
:100340007FF603AEFCF752FFF6F7B0F8FDF70EFDAF
:10035000FBE54FF0010882E7FCF748FFBEE57F4C64
:100360005FFA88F64FF000092B885FFA89F730466C
:1003700009F1010934F813203946920092B201F0D4
:10038000EBFB2B883946304634F81320920092B2AA
:1003900001F0F2FB2B883946304634F8132001F087
:1003A000FDFB2B883946304634F8132001F008FC59
:1003B000B9F1040FD8D12B88304634F8131001F06E
:1003C00029FC2B88304634F8131001F02FFC2B88C1
:1003D000304634F8131001F005FC2B88304634F811
:1003E000131001F00BFC2B88304634F8131001F089
:1003F00029FCB8F1000F40F083804FF00108AFE70F
:100400002A8838F81220920108F084FA6DE7F6F78E
:100410004DF8402832D0F6F749F842282ED0F6F7AA
:1004200045F8412800F0DB80F6F740F8432800F05B
:10043000D680FDF7FDFBFBF7DFFF13E5434D2B886F
:1004400001339BB2B3F57A6F2B807FF4A3AEF6F73E
:100450002DF8FDF785FC3A4B93F90020D1B2202905
:100460003FF698AE0021374E0227FF202170B75487
:10047000187029808EE6FFF739FBD1E4002006F0E2
:100480003BF9D6E7F5F718FF002869D0FCF7AEFE78
:100490000420F2F7F3FA3CE5F5F70EFF002800F030
:1004A0009080FCF7A3FE0920F2F7E8FA28E508207F
:1004B000F2F7E4FAF5F700FF002840F08D80224DB6
:1004C0002B78002B00F0838006F016F9204606F00A
:1004D00013F91B4B93F90020D1B2202902D81949F6
:1004E000022088540022FF2118482A7002801970C7
:1004F000F5F7DCFFFDF734FCF9E402F05DF987E481
:100500002B8834F9130001F007FBDDE6F5F7CEFF89
:100510003F2804D9F5F7CAFF432840F2F480F3F7E7
:100520003FFF002800F09080F3F746FF0720FDF71B
:1005300017FCD3E400231370F1F712F985E600BF2E
:10054000710C0024740E0024081A0024061A0024DA
:10055000051A002400480140E48F0024740C002494
:100560001C2115A8F2F76CFA9DF8563043B91B21EF
:1005700018A8F2F765FA9DF86230002B00F0CA80E7
:100580001C211EA8F2F75CFA9DF87A30002B6DD082
:10059000C54D2B78002B00F0AB80C44B93F90020A5
:1005A000D1B2202902D8C249022088540022FF215A
:1005B000C0482A7002801970F5F778FFFDF7D0FB6C
:1005C00066E70AF02BF810B30AF02EF86BE7F5F7A0
:1005D0006DFFFDF7A7FE8AE4FCF708FE87E4012023
:1005E00006F08AF825E7B14B93F90020D1B2202913
:1005F00002D8AF49022088540022AB4DAD4CFF21F8
:1006000010462A7022801970FDF7AAFBF3E5F4F773
:1006100099FE00287BD1A44D2B78002B00F0C880D8
:10062000A24B93F90020D1B2202902D8A049022080
:1006300088540022FF219F482A7002801970F5F724
:1006400035FFFDF78DFB2EE7F5F730FF00286DD065
:10065000F5F72CFF29287FF441AC2A20FDF780FB19
:100660003CE4F5F723FFFDF75DFE0EE41B2121A816
:10067000F2F7E6F99DF88630002B89D18E4B0122E6
:100680001A7005E705F0D8FE05F062FF012800F0BA
:1006900039831FFA87F8F1F7BDFA38B94FF485713D
:1006A000022005F041FE012800F06483F1F7B2FA60
:1006B000002840F0BF800298012800F0BD8241462A
:1006C000012005F031FE0DF10607C3B240463B7034
:1006D0003B780133DBB23B7005F050FE3B7898422B
:1006E000C0F015833A784146012005F065FAC1E46F
:1006F000032124A8F2F7A4F99DF89230002B43D1EE
:10070000F8F72EFFC4E6FCF76BF8FFF7E7BBF4F74A
:100710001FFEC8E61A211BA8F2F792F99DF86E3069
:10072000002B7FF42DAF654B1C70B1E60120FDF767
:1007300017FB8DE7029B1B2B00F08D83029B182B70
:1007400000F08283029B022B00F07883029B1C2B1B
:1007500000F06D83029B1A2B00F06383029B192B20
:1007600000F05883029B142B00F04E83029B1F2B3A
:1007700000F04483029B122B7FF4C0AC00209DF854
:100780000610F1F709F9B9E4F5F790FEA8B1F5F70D
:100790008DFE302803D9F5F789FE35280DD9F5F7F8
:1007A00085FE302809D0F5F781FEFDF7BBFD6FE629
:1007B000F5F77CFEFDF7E8FE75E6F5F777FE0446F3
:1007C00000287FF465AE05F0A3FE042800F02C8419
:1007D00005F032FE05F0BCFE0546002840F00A8414
:1007E00005F02AFE012105F099FE05F025FE0446DC
:1007F00005F08EFE064605F073FE024631462046A1
:1008000005F062FB05F018FE04F0C8FC4FF485719A
:10081000022005F089FD022800F05E8405F00CFE40
:1008200000F06AFF00F09EFE002211461046F6F727
:10083000A7FA2DE64FF48571022005F075FD022818
:100840003FF439AF029B012B00F01E8305F0F4FD4D
:10085000414605F069FD0DF10607C3B240463B7005
:100860003B780133DBB23B7005F088FD3B78984262
:1008700003D2404605F06EFD387005F0DDFD3A7894
:10088000414605F099F9032127A8F2F7D9F89DF818
:100890009E30002B7FF4EEAB05F0C6FD3A78414662
:1008A00005F08AF9FFF7E6BB081A0024710C002452
:1008B000740E0024061A0024351A0024341A002469
:1008C000032151A8F2F7BCF89DF84631002B7FF4C4
:1008D00009AC05F0B1FDF2F763F8002800F02283BF
:1008E00005F0AAFDF1F7DCFF00E405F011FE8DF83C
:1008F00007009DF80730042B3FF4F0AB9DF806008D
:100900000AF0EAFF00F076FE2B78002B40F0F6822A
:10091000F5F7CCFD024600287FF4E0AB0146F6F780
:100920002FFAFFF7DBBB05F087FD00219DF80620BD
:1009300008F058FE032139A8F2F782F89DF8E67016
:10094000002F7FF4ABAB05F06FFD9DF80620394614
:1009500008F048FEFFF7A2BB0AF054FFFEF734FA96
:1009600002F0DAFCFFF78ABB05F066FD01219DF875
:10097000062008F05BFE032133A8F2F761F89DF82A
:10098000CE30002B7FF482AB05F04EFD9DF80620A3
:10099000012108F04BFEFFF779BB05F04DFD00216A
:1009A0009DF8062008F042FE032130A8F2F748F82F
:1009B0009DF8C270002F7FF465AB05F035FD9DF802
:1009C0000620394608F032FEFFF75CBB05F034FD27
:1009D0009DF8061008F014FE032136A8F2F730F84F
:1009E0009DF8DA30002B7FF455AB05F01DFD9DF826
:1009F000061008F005FEFFF74DBBF5F757FD43283D
:100A000000F0DA81F5F752FD3F2804D9F5F74EFDE5
:100A1000432840F2E082FBF7CFFC4320FDF7A0F92A
:100A2000FFF7E4BAF5F742FD422800F0D9814FF410
:100A30008571022005F078FC02283FF4D3AAF5F76F
:100A400035FD3F2804D9F5F731FD432840F28E8269
:100A5000FBF7B2FC4220FDF783F9FFF7C3BAF5F7C5
:100A600025FD412800F0C381F5F720FD3F2804D97A
:100A7000F5F71CFD432840F26A82FBF79DFC4120FC
:100A8000FDF76EF9FFF7AABAF5F710FD402800F060
:100A9000A0814FF48571022005F046FC02283FF446
:100AA00099AAF5F703FD3F2804D9F5F7FFFC432881
:100AB00040F23E82FBF780FC4020FDF751F9FFF742
:100AC00089BA05F0B9FC9DF80610FEF783F80321FA
:100AD00045A8F1F7B5FF9DF81631002B7FF4EEAA7B
:100AE00005F0A2FC9DF80610FEF774F8FFF7E6BAD1
:100AF00005F0A2FC9DF80610F3F796FC032142A82E
:100B0000F1F79EFF9DF80A31002B7FF4D3AA05F080
:100B10008BFC9DF80610F3F787FCFFF7CBBA05F0C6
:100B20008BFC01219DF8062008F05CFD03213FA805
:100B3000F1F786FF9DF8FE30002B7FF4B7AA05F091
:100B400073FC9DF80620012108F04CFDFFF7AEBABA
:100B500005F072FC9DF8061007F06EFF03213CA81B
:100B6000F1F76EFF9DF8F230002B7FF49BAA05F0A1
:100B70005BFC9DF8061007F05FFFFFF793BAF1F7F3
:100B800049F8002800F0B0804FF48571022005F08C
:100B9000CBFB022800F0A88005F04EFC9DF8061063
:100BA000F1F7E4F903214BA8F1F74AFF9DF82E3144
:100BB000002B7FF48BAA05F037FC9DF80610F1F7A7
:100BC000D5F9FFF783BA05F037FC9DF80610F0F76A
:100BD000E3FE032148A8F1F733FF9DF82231002BF3
:100BE0007FF470AA05F020FC9DF80610F0F7D4FE03
:100BF000FFF768BAF1F70EF800287CD04FF4857142
:100C0000022005F091FB022875D005F015FC9DF837
:100C10000610F1F79FF903214EA8F1F711FF9DF897
:100C20003A31002B7FF456AA05F0FEFB9DF8061022
:100C3000F1F790F9FFF74EBA41460DF1060705F0BE
:100C400073FBC3B240463B703B780133DBB23B7071
:100C500005F094FB3B78984203D2404605F07AFBBE
:100C600038703A784146012004F0A6FF3978012017
:100C7000F1F75CFD94F90070182F00F03681F5F75C
:100C800015FC03283FF6F6A994F9003001337FF4F0
:100C9000F1A9F5F70BFCFDF763F8FFF7EBB94FF49B
:100CA0008571022005F040FB02283FF41FAAF5F7EA
:100CB000FDFB4D283FF41AAA05F0BEFBF2F72CFA13
:100CC0009DF8060005F0BEFB00F04CFCF5F7EEFBCE
:100CD00000287FF40BAA2A78002A7FF407AA11467D
:100CE000F6F74EF8FFF702BA01209DF80610F1F76B
:100CF0003DF9FFF7EBB901209DF80610F1F72AF94D
:100D0000FFF7E8B905F098FB04F030FAC1E440467B
:100D100005F020FB3870E5E4029B0A2B3FF479A92B
:100D2000029B032B3FF475A9029B082B3FF471A98A
:100D3000029B092B3FF46DA9029B042B3FF469A988
:100D400005F0E6FB042840F0A081029B0C2B00F08C
:100D50009C81029B0B2B00F0988105F06DFB04F049
:100D600005FAFFF756B905F0D3FB04287FF45FA915
:100D7000FFF780B905F060FB00287FF47BA9029B98
:100D800041460DF10607012B00F0FF8005F0CCFA7B
:100D9000C3B240463B703B780133DBB23B7005F099
:100DA000EDFA3B789842C0F092813A7841460020B3
:100DB00004F002FFFFF75EB9012005F09DFCFCF78F
:100DC00037FFFFF713B9404605F0C4FA3870FFF754
:100DD00042B9002005F090FCFCF72AFFFFF7FAB8B3
:100DE000002005F089FCFCF723FFFFF7FBB801208A
:100DF00005F082FCFCF71CFFFFF7F0B800209DF81F
:100E00000610FDF7E7FEB5E400209DF80610F3F7A5
:100E10000BFBABE4012100209DF8062008F0E2FB6B
:100E2000A0E400209DF8061007F006FE96E40021DD
:100E30009DF80620084608F0D5FB8BE400209DF8BD
:100E4000061008F0DDFB81E4012100209DF806205A
:100E500008F0ECFB76E400219DF80620084608F037
:100E6000E5FB6BE4F5F722FB4D287FF4DCA8FFF7E8
:100E700001B903212AA8F1F7E3FD9DF8AA30002B60
:100E80007FF4CDA8FFF7F6B805F0D6FA414605F095
:100E90004BFA0DF10607C3B240463B703B78013375
:100EA000DBB23B7005F06AFA3B78984203D24046C9
:100EB00005F050FA387005F0BFFA3A78414604F070
:100EC0007BFE05F0B9FA3978F1F730FC94F900703F
:100ED000182F7FF4D4AE05F0AFFA3946F1F780FE53
:100EE00001463846F6F758FCC9E639460120F1F7C5
:100EF00077FE01463846F6F74FFCC0E6002005F0C5
:100F0000FBFB012005F0F8FB94F90030DAB2202A4F
:100F100002D8764A0221D1540023FF222B7033805D
:100F20002270F5E405F088FAF1F760FCFFF7DEB80F
:100F3000F5F7BCFA3F287FF64DA8F5F7B7FA432836
:100F40003FF648A84020FCF70BFFFFF743B8F5F742
:100F5000ADFA3F287FF642A8F5F7A8FA43283FF6F6
:100F60003DA84120FCF7FCFEFFF738B8F5F79EFAE4
:100F70003F287FF637A8F5F799FA43283FF632A8BD
:100F80004220FCF7EDFEFFF72DB805F0CDF9C3B216
:100F900040463B703B780133DBB23B7005F0EEF925
:100FA0003B789842C0F09D803A784146002004F09A
:100FB00003FE39780020F1F7B9FB94F90070182F7F
:100FC0007FF45DAE39460020F1F70AFE014638464F
:100FD000F6F7E2FB53E6F5F769FA3F287FF606A835
:100FE000F5F764FA43283FF601A84320FCF7B8FE62
:100FF000FEF7FCBF05F020FA214605F08FFA05F058
:101000001BFA04F0ABF905F017FAF2F7DBFC4FF42A
:101010008571022005F088F902282DD005F00CFA20
:1010200004F0BCF8FFF7FABB012005F091FA054681
:10103000A0B90121084605F071FA012004F0AEF8CC
:10104000012005F02FFA2A460146012005F03AFB5F
:10105000002000F051FB0120FFF7E2BB21460120F8
:1010600005F05CFA012004F099F8012004F076F90B
:101070000120F2F7A7FCEBE704F0D8FD204600F0D2
:101080003BFB204604F08AF8C8E705F041FA042843
:101090003EF4BFAF05F03CFA804605F021FA014668
:1010A000404604F093FA00287EF4B3AF05F0C4F98B
:1010B00004F05CF8029B0C2B03D0029B0B2B7EF4FC
:1010C000A8AF05F0B1F904F051F8FEF7A2BF404611
:1010D00005F040F9387068E6284604F05FF8FFF73D
:1010E0009DBB404605F036F938705DE7740E00246C
:1010F000054B002205481978028009B11A70704723
:1011000001221A70704700BF301A0024321A0024DE
:10111000364B1A68920631D520223549F0B4354C49
:101120009A6020780B8800283BD1334F5A1C334EED
:101130003D6892B22D12BF2A26F813504ED80233C2
:101140007D689BB22D12C02B26F812504CD108801E
:1011500001232370254B1A68D60601D510229A6008
:10116000224B1A68150701D508229A601F4B1A688E
:10117000540701D504229A60F0BC70471B4B1A68D3
:10118000D00601D510229A60184B1A68110701D5B4
:1011900008229A60154B1A68520701D504229A60FA
:1011A0007047154E5A1C164D306892B20012BF2A75
:1011B00025F813000CD8023370689BB20012C02BC4
:1011C00025F8120010D100230B8000232370C1E703
:1011D000736801221B120A802B80F6E77B680122CC
:1011E0001B120A803380B3E70B80B3E70000024094
:1011F000321A0024301A0024A44C0024244B00246A
:10120000A4390024704700BF012101480CF06CBCD8
:101210000018025808B52020FDF770FB2F20FDF7BD
:101220006DFB2120FDF76AFB2220FDF767FB2620DE
:10123000FDF764FB2520FDF761FB2420FDF75EFB35
:101240002320FDF75BFB3C20FDF758FB3D20FDF71D
:1012500055FBF0F7DFFC30B94FF48571022005F043
:1012600063F8012867D0F0F7D5FCE8B14FF4857139
:10127000022005F059F8022816D005F0DDF800210B
:1012800005F052F8012865D0022802D13C20FDF774
:101290002BFB05F0D1F8072105F046F8032860D8AC
:1012A000DFE800F08E8A865C0021012005F03CF822
:1012B00001280ED0022802D13C20FDF715FB0721A2
:1012C000012005F031F803280AD8DFE800F0302CBF
:1012D00028063D20FDF708FBF1E72F20FDF704FB72
:1012E0000821012005F020F8032803D8DFE800F0EA
:1012F000120D080308BD2320BDE80840FDF7F4BA2D
:101300002420BDE80840FDF7EFBA2520BDE80840DD
:10131000FDF7EABA2620BDE80840FDF7E5BA21202E
:10132000FDF7E2FADCE72020FDF7DEFAD8E722201D
:10133000FDF7DAFAD4E705F07FF8014600284FD030
:101340000721002004F0F0FF032820D8DFE800F098
:1013500044403C1C3D20FDF7C7FA9AE72F20FDF7DB
:10136000C3FA05F069F8082104F0DEFF0328C1D8AC
:1013700001A353F820F000BF151301080B13010857
:1013800001130108F71201082F20FDF7ADFA08211B
:10139000002004F0C9FF0328ACD801A353F820F0C3
:1013A000151301080B13010801130108F7120108B6
:1013B0002120FDF799FAD4E72020FDF795FAD0E730
:1013C0002220FDF791FACCE72120FDF78DFADEE728
:1013D0002020FDF789FADAE72220FDF785FAD6E723
:1013E00004F0A2FF012805D00228A9D13C20FDF776
:1013F0007BFAA5E73D20FDF777FAA1E708B50320C2
:10140000FDF77CFA0220FDF779FA0120FDF776FA64
:101410000020FDF773FA05F00FF80D2104F084FFAA
:10142000A0B101280DD005F007F80C2104F07CFFD5
:10143000012802D0022808D10020BDE80840FDF7AD
:1014400053BA0220FDF750FAEDE708BD0320FDF77F
:101450004BFAE8E708B52E20FDF750FA2D20FDF7EE
:101460004DFA2C20FDF74AFA2B20FDF747FA2A20E7
:10147000FDF744FA2920FDF741FA2820FDF73EFA4E
:101480003720FDF73BFA3620FDF738FA3520FDF717
:1014900035FA3420FDF732FA04F0CEFF4FF48471B0
:1014A00004F042FF002853D001282AD004F0C4FFE2
:1014B000062104F039FF01282DD0022802D12D2069
:1014C000FDF712FA04F0B8FF40F2091104F02CFF06
:1014D000032806D8DFE800F0342438023620FDF770
:1014E00003FA04F0A9FF4FF4857104F01DFF0128F1
:1014F00021D031D3022812D12A20BDE80840FDF7BF
:10150000F3B93520FDF7F0F904F096FF062104F059
:101510000BFF0128D1D12E20FDF7E6F9D2E708BD57
:101520002820FDF7E1F904F087FF4FF4857104F0FE
:10153000FBFE0128DDD12B20BDE80840FDF7D4B922
:101540002920FDF7D1F9CCE73720FDF7CDF9C8E721
:101550003420FDF7C9F9A9E72C20BDE80840FDF7C4
:10156000C3B900BF08B5FDF703FA07F0DDF807F0CF
:1015700027F907F079F9FFF74DFEFFF76BFFFFF74B
:101580003DFFEFF7B7FABDE80840EFF785BA00BFB7
:101590000D2810D80C2822D2052806D803281CD2E2
:1015A00001281ED017D9FDF7E3B908280FD90B2859
:1015B0001FD1EFF79FBA142805D8132811D210288D
:1015C00016D307F051B916280DD807F0ADB8072883
:1015D00001D2FFF73FBFFFF71DBEEFF75DBAFFF780
:1015E0000DBF07F0EDB8A0F584700228F1D970475F
:1015F0007047704738B54FF48571022004F094FEAF
:10160000012813D920210020F1F7EAFA044600F05E
:1016100099FA0146002000F0FDFA204600F092FA07
:1016200001460120BDE8384000F0F4BA1B2100203B
:10163000F1F7D6FA1B2104460020F2F7EBFC054631
:101640001B210020F2F78EFD284440F2FF130444D2
:10165000A4B29C421CD0B4F5FF7F2DD820210020DD
:10166000F1F7BEFA00F06EFA01466400002000F0C7
:10167000D1FA20210020F1F7B3FA1E4B00FB04F051
:1016800083FB0023C2171844C2EB602080B2C5E779
:1016900020210020F1F7A4FA00F054FA01460020BE
:1016A00000F0B8FA20210020F1F79AFA00F04AFA87
:1016B0000146012000F0AEFA20210020F1F790FA57
:1016C00040F2FF330B4A1B1B5B0000FB03F082FB65
:1016D0000032C3171044C3EB602080B200F032FA2E
:1016E0000146002000F096FA20210020F1F778FA58
:1016F00094E700BF0308208010B54FF485710446BD
:10170000022004F011FE02284FF0130102D1002C38
:1017100000F0F780204604F007FE0021C2B2204608
:1017200007F084FF1021204604F0FEFD0121C2B223
:10173000204607F07BFF0121204604F0F5FDC1B2F1
:10174000204607F05DFF1421204604F0EDFD002146
:10175000C2B2204607F046FF1221204604F0E4FD05
:10176000C1B2204607F068F91121204604F0DCFDE3
:101770000121C2B2204607F035FF0B212046F1F7C8
:101780002FFA0146204607F059FF06212046F1F7BF
:1017900027FA0146204607F011FF07212046F1F7FE
:1017A0001FFA0146204607F0E7FE0D21204604F00F
:1017B000BBFDC1B22046F2F737FE0221204604F0FD
:1017C000B3FDC1B22046FDF705FA00212046F1F72E
:1017D00007FA01462046FDF70BF901212046F1F7F3
:1017E000FFF901462046FDF701FA0521204604F0E5
:1017F0009BFD0021C2B22046F0F722F804212046CA
:1018000004F092FD0121C2B22046F0F719F816212A
:101810002046F1F7E5F9002102462046EFF75CFB90
:1018200017212046F1F7DCF9002102462046EFF7A8
:10183000B7FB10212046F1F7D3F9002102462046DC
:10184000EFF720FE11212046F1F7CAF900210246E8
:101850002046EFF791FF1C212046F1F7C1F9012145
:1018600002462046EFF738FB1D212046F1F7B8F974
:10187000012102462046EFF793FB1E212046F1F797
:10188000AFF9012102462046EFF7FCFD1F2120465B
:10189000F1F7A6F9012102462046EFF76DFF0B2173
:1018A000204604F041FDC1B22046F0F775F8002152
:1018B000204604F039FDC1B22046F0F737FF07217A
:1018C000204604F031FDC1B22046F0F74FFB08215D
:1018D000204604F029FDC1B22046F0F73BFB182159
:1018E0002046F1F77DF901462046F0F785FA40F2EF
:1018F0002311022004F018FDC0B2BDE81040F0F73B
:10190000C5BE012004F010FD0021C2B2084607F058
:101910008DFE1021012004F007FD0121C2B200203C
:1019200007F084FE0121084604F0FEFCC1B200204D
:1019300007F066FE1421012004F0F6FC0021C2B27B
:10194000084607F04FFE1221012004F0EDFCC1B261
:10195000002007F071F81121012004F0E5FC0121BD
:10196000C2B2002007F03EFE0B210120F1F738F94A
:101970000146002007F062FE06210120F1F730F950
:101980000146002007F01AFE07210120F1F728F98F
:101990000146002007F0F0FD0D21012004F0C4FCF9
:1019A000C1B20020F2F740FD0221012004F0BCFC8E
:1019B000C1B20020FDF70EF900210120F1F710F966
:1019C00001460020FDF714F801210846F1F708F957
:1019D00001460020FDF70AF90521012004F0A4FCCE
:1019E0000021C2B20846EFF72BFF0421012004F0CA
:1019F0009BFC0121C2B20020EFF722FF162101203B
:101A0000F1F7EEF8002102460846EFF765FA1721D4
:101A10000120F1F7E5F8002102460846EFF7C0FA89
:101A200010210120F1F7DCF8002102460846EFF70B
:101A300029FD11210120F1F7D3F8002102460846C3
:101A4000EFF79AFE1C210120F1F7CAF801210246A6
:101A50000020EFF741FA1D210120F1F7C1F8012123
:101A600002460020EFF79CFA1E210120F1F7B8F89A
:101A7000012102460020EFF705FD1F210120F1F7AB
:101A8000AFF8012102460020EFF776FE0B2101207E
:101A900004F04AFCC1B20020EFF77EFF07E700BF69
:101AA000012803D8022901D8014B1954704700BFFF
:101AB00050040430012803D8012901D8014B1954DE
:101AC000704700BF52040430012807D8032905D805
:101AD00001EB8001024B2C3123F81120704700BF2D
:101AE000E8030430082803D840B2024B83F85500BD
:101AF000704700BFE8030430024BFF2283F85520F3
:101B0000704700BFE8030430012802D8014B83F876
:101B100054007047E8030430431C9BB2B3F5806F58
:101B200002D8024BA3F85600704700BFE803043008
:101B300000B2034B80F30A0033F81000704700BF77
:101B4000180E03080538034B00B280F30A0033F87F
:101B50001000704718060308032998BFB2F5805F8C
:101B600001D2012800D9704701EB8001014B23F815
:101B700011207047E8030430032998BFB2F5805F55
:101B800001D2012800D9704701EB8001024B1831C6
:101B900023F81120704700BFE8030430032998BFE1
:101BA000B2F5806F01D2012800D9704701EB8001A6
:101BB000024B083123F81120704700BFE8030430BE
:101BC000032998BFB2F5806F01D2012800D9704770
:101BD00001EB8001024B103123F81120704700BF48
:101BE000E8030430012806D8B1F5806F03D2203015
:101BF000014B23F810107047E8030430012805D882
:101C0000B1F5806F02D24000014B1952704700BFFE
:101C10002C040430012805D8B1F5806F02D24000B1
:101C2000014B1952704700BF34040430012806D814
:101C3000B1F5806F03D22430014B23F810107047A8
:101C4000E8030430012806D8B1F5806F03D22830AC
:101C5000014B23F810107047E8030430002000F017
:101C600025B800BF30B50D4D83B000224FF40061A0
:101C700028460B4C0BF03EFF6421224602230091C4
:101C80000848094910F0D8F9284601224FF40061AC
:101C90000BF030FF607803B030BD00BF0010025879
:101CA000E8520024A4870024980E002470B582B066
:101CB0000124064600F028F802AD00224FF400612E
:101CC0000F480BF017FF05F8044D22462946642300
:101CD0000C4810F0E7F829462246642309488DF89D
:101CE000046010F0DFF822464FF4006104480BF066
:101CF00001FFFFF7B7FFC307FBD402B070BD00BF01
:101D000000100258A487002410B582B000224FF4BE
:101D100000610C480BF0EEFE062402A901226423A8
:101D2000094801F8044D10F0BDF801224FF400619C
:101D300004480BF0DFFEFFF795FFC307FBD402B0AA
:101D400010BD00BF00100258A48700240003002229
:101D50004FF40061030A30B5050C83B020240F480E
:101D60008DF807208DF806308DF805508DF8044069
:101D70000BF0C0FE0422642309480DEB020110F0B1
:101D800091F801224FF4006104480BF0B3FEFFF715
:101D900069FFC307FBD403B030BD00BF0010025879
:101DA000A487002410B582B000224FF400610C48D3
:101DB0000BF0A0FE042402A901226423094801F8C3
:101DC000044D10F06FF801224FF4006104480BF04D
:101DD00091FEFFF747FFC307FBD402B010BD00BF61
:101DE00000100258A4870024F0B5ADF5005D002373
:101DF0001446194D83B0020C0E460B21070A8DF8CC
:101E000009208DF80B001A4628468DF808104FF46B
:101E100000618DF80C308DF80A700BF06BFE631DBD
:101E2000642041F2080202A99BB200906A440B4868
:101E300010F002F9284601224FF400610BF05AFE1F
:101E400041F20D0122463046694414F0F5FE0DF5CD
:101E5000005D03B0F0BD00BF00100258A48700244D
:101E6000012A00D8704700F00DB900BF38B504460C
:101E70000D46FFF749FF2046FFF768FF294620037C
:101E80004FF48052BDE8384000F0FCB800034FF436
:101E90008052FFF7A9BF00BF80B5ADF5805D84B06B
:101EA00000AF274B41F210023A4413441860254B0F
:101EB00041F210023A4413441960214B41F21002DE
:101EC0003A4413441B681B0941F20C023A44136064
:101ED0001D4B41F210023A441344194641F20C03DF
:101EE0003B441868FFF7D2FF154B41F210023A4409
:101EF00013441B6803F00F031A02134B41F2100145
:101F000039440B4498180F4B41F210023A441344E1
:101F10004FF48072196814F08FFE0B4B41F21002DF
:101F20003A441344194641F20C033B441868FFF746
:101F30009DFF00BF07F580571037BD4680BD00BF2D
:101F4000F4EFFFFFF0EFFFFFFCEFFFFF80B5ADF513
:101F5000825D82B000AF02462D4B41F2480038440A
:101F6000034419602B4B41F2480139440B441A8059
:101F7000284B41F248023A4413441B889BB241F279
:101F800046023A441380234B41F248023A44134438
:101F90001B889BB2DB089BB207F58252136007F5E2
:101FA00082531A681C4B41F2480139440B441946CC
:101FB0001046FFF76BFF174B41F248023A441344B7
:101FC0001B889BB203F007035B021A46124B41F2D7
:101FD000480139440B4498180D4B41F248023A44E9
:101FE00013444FF40072196814F026FE07F582536B
:101FF0001A68094B41F2480139440B44194610460E
:10200000FFF734FF00BF07F582570837BD4680BD94
:10201000B8EFFFFFBEEFFFFFF8EFFFFF80B582B024
:1020200000AF786039607B681B024FF480723968BA
:102030001846FFF7D9FE00BF0837BD4680BD00BF78
:1020400080B584B000AF786007F10C030122194617
:102050007868FFF7C9FE3B7B18461037BD4680BD48
:1020600080B582B000AF786039607B685B024FF466
:10207000007239681846FFF7B7FE00BF0837BD4643
:1020800080BD00BF2DE9F04106460C4682B01546E2
:10209000FFF73AFE2078320CAD23310A67788DF8CD
:1020A000012000228DF802104FF400618DF8040029
:1020B00023488DF800308DF803608DF805700BF023
:1020C00019FD6946062264231E480FF0EBFE01222B
:1020D0004FF400611A480BF00DFDFFF7C3FDC20776
:1020E000FBD4022D26D9033DA31C154E25F0010576
:1020F000DFF850801D44E3780022A7784FF4006198
:1021000030468DF802308DF801700BF0F3FC03229D
:102110006946642340460FF0C5FE01224FF400617A
:1021200030460BF0E7FCFFF79DFDC307FBD40234FC
:10213000AC42E0D1FFF736FE02B0BDE8F08100BF4F
:1021400000100258A4870024014B01221A70704726
:10215000381A0024014B1878704700BF381A002441
:10216000014B00221A707047381A002408B54FF44A
:102170008C71022004F0D8F8C0B208BD012800D943
:10218000704730B583B0024604464FF48C7102208C
:102190000A4D03F011FD06F0D7F943F20402F723CC
:1021A000082168468DF806400095ADF804208DF8AA
:1021B000073004F0FFFF03B030BD00BFF000480659
:1021C000012800D9704708B502464FF48C710220EF
:1021D00003F0F2FCBDE8084006F0B6B9034610B4BF
:1021E000044C59689A680068DB680FC45DF8044BBA
:1021F000704700BF9C0E002430B4044C05460FCC41
:1022000028606960AA60EB6030BC70479C0E0024B7
:10221000092800D97047024640F21911022003F044
:10222000CBBC00BF08B540F21911022004F07CF8C5
:10223000C0B208BD10B582B043F20442F723064C89
:10224000072168460094ADF804208DF8063004F0AC
:10225000B1FF02B010BD00BFF00048061A4BA3FB4F
:1022600000231122DB0870B503EB830640F27915D9
:1022700086B06433A0EB46000C4601A9C0B205FB52
:1022800000F000EB0330FFF7AFFD9DF80430AA2B00
:102290000CD00E49012500230868097920602846E2
:1022A0006360A360E360217106B070BD06AB0025DA
:1022B00053F8130D59689A6820602846DB686160FE
:1022C000A260E36006B070BDCDCCCCCCB4EC02080B
:1022D000134BA3FB0023DB0830B50C4603EB830153
:1022E00040F27915E1B0A0EB410064332A4601A920
:1022F000C0B205FB00F000EB0330FFF775FD9DF861
:102300000430AA2B02D0002061B030BD20464FF42B
:10231000BC720DF1050114F08FFC012061B030BDDD
:10232000CDCCCCCC014B01221A707047371A002457
:102330002DE9F04F514CADF5805D514FA4FB015399
:1023400085B041F210054F4ADB086D4489B2AB52AB
:10235000E953EB5B7F2B04D90DF5805D05B0BDE83B
:10236000F08F8046A85A04AD264664302946FFF710
:102370008DFD41F210036B44D95BDA5B40F27917B3
:1023800089B292B2A4FB0130A4FB0243AA24C00884
:10239000DB0800EB800003EB8303A1EB4001D8F8DE
:1023A0000000A2EB430301EB41029BB2C1EB02121E
:1023B00007FB03F301EBC202D8F80410013392B219
:1023C000AC54EA18E85000245160D8F80C30D8F822
:1023D0000810D3609160E0B206F026F9BDF80E80D7
:1023E000BDF80E2004EB440E1FFA88FBBDF80E303A
:1023F00092B201349BB2A6FB0B18A6FB021AC0F3E3
:10240000C6114FEAD808C0F3064C01914FEADA0A28
:10241000A6FB031908EB88080AEB8A0A00F07F0084
:102420004FEAD9090199ABEB4808782C09EB8909E7
:10243000A2EB4A02A3EB49031FFA88F892B29BB2BF
:1024400007FB085807FB025207FB0353F044724492
:10245000734488F811C09174D874BCD141F2100251
:10246000084B29466A44D05A6430FFF7FFFCFFF757
:10247000E1FE0DF5805D05B0BDE8F08FCDCCCCCC94
:10248000FEEFFFFFFCEFFFFF38B5054600246A783A
:10249000E0B2AB78013415F8031B43EAC21206F030
:1024A000EBF8782CF3D138BD70B54FF48C7106463B
:1024B000022003F039FFC4B2012C00D070BD3346B6
:1024C000064D53F8010F59689A68DB680FC506F18D
:1024D0001100FFF7D9FF024B1C7070BD9C0E002449
:1024E000381A002430B540F21911E1B0022040F250
:1024F000791503F019FF40F219110446022003F088
:1025000013FF1B4AC0B2E3B2A2FB0041A2FB0323AC
:102510002A46C908DB0801EB81016433A0EB4100C6
:1025200001A9C0B205FB00F000EB0330FFF75CFC33
:102530009DF80430AA2B03D006F0BAF861B030BD84
:102540004FF48C71022003F0EFFE0128F4D101ACAE
:102550000025A27CE8B2E37C0135617C033443EAC8
:10256000C21206F089F8782DF3D161B030BD00BFFA
:10257000CDCCCCCC70B540F21911ADF5805D022008
:1025800003F0D2FE40F219110546022003F0CCFE02
:10259000030626D4EDB2164C69460026A4FB053589
:1025A000ED0864352846FFF771FC40F2191102204E
:1025B00003F0BAFE40F27912C0B2FF21A4FB00C3BF
:1025C000DB0803EB8303A0EB43006B46C0B202FBC6
:1025D0000030815501369642E7D169462846FFF71B
:1025E00045FC06F065F8FFF725FE0DF5805D70BD32
:1025F000CDCCCCCC10B5642482B0FFF785FB20464F
:102600000134FFF7A3FB732CF7D1F72343F20462E5
:10261000094C684607218DF80630ADF80420009477
:1026200004F0C8FD002240F21911022003F0C4FAA0
:1026300006F03EF802B010BDF0004806F0B40144C8
:10264000084C094F002609E0226810F8015B531C72
:10265000BD54B3F5806F28BF334623608842F3D161
:10266000F0BC7047841B0024B8A9002470B5144640
:1026700088B00E4640F21711054603F055FE84421D
:1026800002D0002008B070BD4FF48271022003F028
:102690004BFEC0B20128F4D132462946684608F004
:1026A00075FF9DF808300F2BEBD8324604A8294659
:1026B00008F06CFF024B9DF8182033F81200E1E798
:1026C0005C1A0024F0B40F4D0F4A2B5C52F82040E6
:1026D0001F2B08D80D4E03EB401736F817C026F80D
:1026E0001710A4EB0C0401332144DBB242F8201094
:1026F000202B08BF00232B54481120EAE070F0BCC7
:1027000080B27047488100240879002400570024D3
:1027100070B50C4690B040F21711054603F004FE68
:10272000844202D0002010B070BD4FF482710220AC
:1027300003F0FAFDC4B2012CF4D14FF485710220EC
:1027400003F0F2FD022803D0194B33F81500EAE735
:10275000184D002168462A7808F018FF6A7821464B
:1027600004A89DF8006008F011FF9DF81030B342F6
:1027700006D10F4B18885B88984238BF1846D2E7BD
:102780002A78002108A808F001FF9DF82030012BCD
:102790000BD06A7821460CA808F0F8FE9DF830307E
:1027A000012BBFD1024B5888BDE7014B1888BAE70F
:1027B00058810024EC5600240023414A2DE9F04FB3
:1027C000DFF804A193B01F46138053804FEA4709F6
:1027D0004FF0000800245FFA88F608F0E7FEA042F8
:1027E000E5B2314602A804F101042A4616DD08F0DC
:1027F000CDFE9DF80830012BEFD12A46314606A8C0
:1028000008F0C4FE9DF82030BB42E6D139F80A201A
:102810002C4B2B4908F8035021F81820B8F1000F71
:1028200002D14FF00108D5E70137102FCED1002794
:10283000DFF890A07B00002601934FEA46090024B0
:102840000AEB060B08F0B2FEA042E5B20AA85FFA56
:1028500086F804F101042A4641461BDD08F096FE85
:102860009DF82830012BEDD141462A460EA808F0EC
:102870008DFE9DF84030BB42E4D1019A124B1049C5
:10288000D35E31F809209342DCDD21F809308BF862
:102890000050D7E70EB90126CFE70137102FC9D175
:1028A0000A4E00240A4DE0B2013436F8021FFFF749
:1028B00009FF102C25F8020FF5D113B0BDE8F08FF9
:1028C00058810024EC5600245C1A00243A1A002493
:1028D0005A1A002410B540F215110446022003F0E4
:1028E00023FD40B2844201D0002010BD4FF48B7113
:1028F000022003F019FD10F0FF0F044B03D01888DD
:10290000404200B210BDB3F9000010BD821A00248D
:102910000B2800D97047024640F21711022003F03D
:102920004BB900BF08B540F21711022003F0FCFCC0
:10293000C0B208BDC3B2012B00D9704782B24FF4B8
:102940008B71022003F038B908B54FF48B71022067
:1029500003F0EAFC40B208BDC3B20B2B00D97047AC
:1029600082B240F21511022003F026B908B540F2F8
:102970001511022003F0D8FC40B208BD012800D98F
:10298000704702464FF48A71022003F015B900BF68
:1029900008B54FF48A71022003F0C6FCC0B208BD2E
:1029A000C3B2042B00D9704782B24FF48071022069
:1029B00003F002B908B54FF48071022003F0B4FCB3
:1029C000C0B208BDC3B2042B00D9704782B24FF425
:1029D0008971022003F0F0B808B54FF48971022024
:1029E00003F0A2FCC0B208BD022800D9704702461D
:1029F00040F20B11022003F0DFB800BF08B540F22F
:102A00000B11022003F090FCC0B208BD022800D9CF
:102A1000704702464FF48671022003F0CDB800BF24
:102A200008B54FF48671022003F07EFCC0B208BDE9
:102A3000012800D9704702464FF48271022003F04A
:102A4000BBB800BF08B54FF48271022003F06CFCE4
:102A5000C0B208BD08B540F21111022003F064FCB9
:102A6000C0B208BD08B54FF48771022003F05CFCCA
:102A700040B208BD08B540F20F11022003F054FC2B
:102A800040B208BD212802D8144B1B7803B170470F
:102A900030B50B2383B00D46044640F20F110220DF
:102AA0008DF8043003F040FC0D4B60F04F008DF8C2
:102AB00007501B5D8DF805008DF8063013F014FAF1
:102AC00030B103210DF1050005F004FC03B030BD69
:102AD00004210DEB0100FFF7B1FDF2E7931A00248A
:102AE00018160308002900F0D381421D2DE9F04F8C
:102AF0004C1E83B000F1010924F00304144434E0B7
:102B00000F2A39D04FF48571022099F8018099F885
:102B100002A003F009FC012800F0C8800125DFF8BD
:102B200044B34FF0000EC84E4FF48571BBF800C09F
:102B30000CF101000CEB8C0CC0F309000CF80670D2
:102B4000B444ABF8000002208CF801808CF802A09D
:102B50008CF804508CF803E003F0E6FB002800F04A
:102B6000B58009F104094C453CD019F8012C99F8BD
:102B70000070111F0329C3D8FA2F2CD0FC2F00F0AE
:102B8000C080F82F32D0042A00F01B81052A00F003
:102B9000BB80062A40F09481AC4B1A78012AE0D120
:102BA000AB4B0022A949B3F800C00A700CF1010236
:102BB0000CF10201A74F92B289B238461A8099F8F7
:102BC0000080198007F80C8099F801C007F802C04E
:102BD00004F09EFBC5E709F104099F4A01214C4519
:102BE0001170C2D1002003B0BDE8F08F9A4A11786D
:102BF000012900F05C81994F994B3988DFF8688290
:102C00000131B8F8000089B2A3FB01323980120902
:102C100002EB4202A1EBC20292B21AB9013080B2B9
:102C2000A8F80000602800F0EC80602900F0E08047
:102C3000EEF7F0FF824600287CD0EEF7EBFF00288D
:102C400000F0A4804FF48571022003F06DFB022890
:102C500000F09C804FF0000B5FFA8BFA5046EFF7C4
:102C6000B5F85046EFF70EF80628504600F2FE8001
:102C7000B8F80060EEF7F8FFB6FBF0F202FB106266
:102C800092B262B93A88764BA3FB0231090901EB93
:102C90004101A2EBC10292B2002A00F0F580BBF123
:102CA000000F7FF45EAF4FF0010BD5E73A09083A09
:102CB000012A3FF634AF40F21B11022003F034FB2F
:102CC000C0B2804534BF0025012528E70190EEF70A
:102CD000A1FF012801997FF444AFBBF800C00D4665
:102CE0000CEB8C000CF1010C8219CCF3090C87550C
:102CF000ABF800C082F8018082F802A0D170117197
:102D00002FE7EEF7FBFF2CE7504B1A78012A7FF4F0
:102D100028AF4F4B00214D481A880170511C4D4F70
:102D200089B23846198099F800C007F802C004F04B
:102D3000EFFA16E74FF48571022003F0F5FA012847
:102D40007FF47BAF5046EFF741F85046EEF79AFF1D
:102D5000062800F2E180B8F800805046EEF784FFC4
:102D6000B8FBF0F202FB108292B2002A7FF4F9AEB7
:102D70003A883B4BA3FB0230000900EB4000A2EB7A
:102D8000C00290B200287FF4ECAE17E00120EFF70C
:102D90001DF80120EEF776FF062839D901203F887B
:102DA000EEF762FF6022800092FBF0F097FBF0F2FA
:102DB00000FB127000287FF4D4AE0120EFF700F87A
:102DC000CFE6224B1A78002A64D0012A7FF4C9AEDC
:102DD0001F49B9F800E00A881E4802F1030C99F86F
:102DE000027022F800E00244A1F800C09770B8E633
:102DF00000223A80EEF70EFF824600287FF41DAFD6
:102E000098E700226029A8F800207FF411AFEFE7CF
:102E1000B8F800800120EEF727FFB8FBF0F202FBC4
:102E2000108292B2002A7FF49CAE3A880C4BA3FB2E
:102E30000231090901EB4101A2EBC10292B2002A61
:102E40007FF48FAEB9E700BF08650024991A00240B
:102E5000961A0024EC520024921A00247C1A0024B2
:102E6000ABAAAAAA005B00248C1A00243E88EEF7C5
:102E7000FBFE6023800093FBF0F096FBF0F100FB7B
:102E8000116000287FF40BAF5046EEF799FF06E77C
:102E90000020704799F802100127304A03201F7064
:102EA000B9F8007091702E491780088059E600210A
:102EB0002C4F2D48117039800180EEF7E9FE50E665
:102EC000072A39D1294B1A78012A7FF44AAE244BBC
:102ED00000222649B3F800800A7008F1010C08F1BD
:102EE00002021E4F08F103011FFA8CFC92B2384611
:102EF000A3F800C089B299F800A01A8007F808A0CA
:102F000099F80180198007F80C8099F802C007F839
:102F100002C004F0FDF924E650463F88EEF7A4FE17
:102F20006022800092FBF0F297FBF2F002FB10703F
:102F300000287FF416AE41E70F2A7FF412AE0B4B48
:102F40001A78012A7FF40DAE054904480A88571CF7
:102F50000F8099F80010815403E600BFEC52002462
:102F6000961A00247C1A00248C1A0024991A002432
:102F7000B84B2DE9F0471A784AB1F7281BD0B64B69
:102F8000B64C1A88511CA0541980BDE8F08701097D
:102F90000F2914D0030631D4B14C2278F02AF4D092
:102FA000B04D2B78012B30D0022B00F08C800133F8
:102FB0002B70BDE8F08700221A70BDE8F087FA2870
:102FC0006DD0FC2800F0F280F8287ED0F02875D073
:102FD000A54DA3492B88A54E5C1C03EB8303087009
:102FE000C4F308049855334408794E782C808C78C3
:102FF000DA70CA705E709C701871C6E79849012239
:10300000984B08701A70BDE8F087120960700C3A8E
:10301000012ACCD8012600274FF4857102202E709A
:10302000E77003F081F9B04280463CD0374694F80F
:1030300000C0657826718C4E4FF48571DFF82C82C4
:10304000022033885A1C03EB8303C2F3080203F8FF
:1030500008C0434432805D70E278A5781F719D708E
:10306000DA7003F061F9054600288ED1EEF7D2FD43
:1030700001288AD13388207803EB830101336778F4
:1030800001F8080001EB0802C3F30803A078E17817
:1030900025713380157157709070D17075E7744B3E
:1030A00001221A7071E794F800C065784FEA1C138A
:1030B000083B012B40F2BE802779BCE7664801211E
:1030C0000280197061E7A070A4E7694B19780129A3
:1030D00000F0A780674C684B2288684D0132298830
:1030E00092B2A3FB020322801B0903EB4303A2EB72
:1030F000C3039BB213B9013189B22980602901D180
:1031000000232B80602A01D100232380EEF782FD6B
:10311000064638B94FF48571022003F005F90128FD
:1031200000F0AE80EEF776FD002843D04FF48571B5
:10313000022003F0F9F802283CD000274FF0600885
:10314000DFF83491FEB23046EEF740FE3046EEF73F
:1031500099FD0628304618D8B5F800A0EEF784FD92
:10316000BAFBF0F303FB10A39BB24BB92388A9FB76
:103170000312120902EB4202A3EBC2039BB28BB112
:10318000002F7FF402AF0127DCE7B4F800A0EEF7D0
:103190006BFD830098FBF3F39AFBF3F203FB12A39E
:1031A000002BEDD13046EEF70BFEE9E7BDE8F04726
:1031B000EEF7A4BD0120EEF709FE0120EEF762FD57
:1031C00006281ED82D880120EEF74EFDB5FBF0F342
:1031D00003FB10539BB2002B7FF4D7AE2288A3F1E0
:1031E0005533A3FB02131B0903EB4303A2EBC303F9
:1031F0009BB2002B7FF4C9AE0120BDE8F047EEF78B
:10320000DFBD01202488EEF72FFD6023800093FBB3
:10321000F0F394FBF3F203FB1243002B7FF4B5AE03
:10322000EAE7144815491A7002800A80BDE8F047A1
:10323000EEF72EBD40F21B11022003F075F8C0B26C
:10324000A84240D884F80480474694F800C06578C6
:10325000F1E600BF981A0024941A0024487D002447
:10326000F0560024801A002404650024045B002426
:10327000921A00247E1A0024ABAAAAAA8E1A00244D
:103280003046EEF7A3FD3046EEF7FCFC06281FD8CB
:103290002D883046EEF7E8FCB5FBF0F303FB105346
:1032A0009BB2002B7FF471AE21881822B1FBF2F3A0
:1032B00002FB13139BB2002B7FF467AE0020BDE826
:1032C000F047EEF77DBD277194F800C06578B2E64F
:1032D00030462488EEF7C8FC6023800093FBF0F3AF
:1032E00094FBF3F203FB1243002B7FF44EAEE5E7B1
:1032F000A0F10C036B2B00D97047024640F21B1162
:10330000022002F059BC00BF08B540F21B11022098
:1033100003F00AF8C0B208BDF8B500270024FEB2D9
:1033200007E008F05BF9294600230222304608F046
:1033300055F908F03BF9A042E5B24FF000034FF019
:1033400003023046294604F10104EADC0FB90127E3
:10335000E4E7F8BD072801D9FFF7DEBF08B502464C
:1033600040F21111022002F027FCBDE80840FFF7EF
:10337000D3BF00BF08B5C3B2102B05D882B24FF43B
:103380008771022002F018FCBDE80840FFF7C4BFB7
:1033900008B5C3B20F2B05D882B240F20F1102203C
:1033A00002F00AFCBDE80840FFF7B6BF70B506465C
:1033B000002407E008F012F92946002302223046D3
:1033C00008F00CF908F0F2F8A042E5B24FF0000363
:1033D0004FF003023046294604F10104EADC70BDD7
:1033E0002DE9F0470D468AB01646C0F30748019014
:1033F000F9F7FCFE314628469DF80430002208F01B
:10340000EDF8434631462846012208F0E7F83146F8
:1034100028469DF80530052208F0E0F83146284698
:103420000023072208F0DAF8314628460023032259
:1034300008F0D4F8314628460123022208F0CEF8DD
:103440004FF48571022002F06FFF022847D0284612
:10345000EFF7A6FA022847D0002304223146284677
:1034600008F0BCF84FF48571022002F05DFF0228DD
:1034700047D00024274608F099F8A042E2B2294636
:1034800006A804F1010408DD08F080F89DF8183062
:10349000012BF0D10137FFB2EDE7012F5CD04FF4E3
:1034A0008571022002F040FF0128414650D00020E3
:1034B000F0F7F2FB41460120F0F7EEFB31462846DB
:1034C00005F0BEFD324628460021EEF7CDF9324622
:1034D000284601210AB0BDE8F047EEF7C5B9012042
:1034E000EFF75EFA0228B7D10123042231462846BD
:1034F00008F074F84FF48571022002F015FF0228DD
:10350000B7D14FF0000A574600245FFA8AF908F055
:103510004DF8A042E2B2494602A804F1010408DDD8
:1035200008F034F89DF80830012BF0D10137FFB2D4
:10353000EDE7BAF1000F02D14FF0010AE4E7012FE5
:10354000ADD10020FBF704FC3846FBF701FCA6E7F1
:103550002846F0F7A1FBB1E72846FBF7F9FB9EE709
:1035600030B5044685B00D460023022208F036F837
:103570002A462146684608F009F89DF808300F2BC6
:1035800003D8064A002122F8131029462046FF23BB
:10359000052205B0BDE8304008F020B83C1A0024F0
:1035A000104B1A783AB110490A780132D2B20A7037
:1035B0000A78462A0ED05A783AB10B494A78013235
:1035C000D2B24A704A78462A00D0704700224A7028
:1035D0005A70704700220A701A705A78002AF4D084
:1035E000EBE700BF9C1A0024A01A00242DE9F04F3D
:1035F0002DED028BADF51F7D04AB83E803004FF486
:103600008271022093F800805C7893F8029008F0B1
:103610000F05DF781E7902F087FEC0B2012800F0A6
:10362000A2804FF48771022002F07EFE40B2013882
:10363000854240F089804FEA1818B9F1000F03D194
:10364000B8F1090F00F09E80A8F10808B8F1060F44
:1036500074D8DFE818F09700070001012301730018
:1036600072013F01002F00F0C582012F40F014834A
:10367000294630462246EEF723FD4FF4857102209D
:1036800002F052FE38B9EEF7C5FA012803D12246FE
:103690002946EEF715FD40F20911022002F044FE22
:1036A000022800F07B8140F20911022002F03CFE6A
:1036B000032800F0738140F20911022002F034FE69
:1036C0000128804600F054844FF48571022002F0F6
:1036D0002BFE0128804640F06D83012E00F0CE8540
:1036E0000020FBF72DFC002800F0C7840020FBF72A
:1036F00011FC0378A34200F2C084D84B0022D849C1
:103700005D701C7083F80290D64B81F800801A70AF
:10371000A7B9D54F57F826302BB93046EFF740F907
:10372000012800F0D6844B46224629463046EEF763
:103730002FFC57F82630013347F826300DF51F7D52
:10374000BDEC028BBDE8F08F4FF48771022002F0D0
:10375000EBFD10F0FF0FF1D14FEA1818B9F1000F8F
:103760003FF46EAF70E740F21111022002F0DCFD71
:10377000C0B28542E2D34FEA1818B9F1000F3FF406
:103780005FAF61E7002F00F026823046EFF710F8B8
:10379000002840F03681012F00F0368140F20911F7
:1037A000022002F0C1FD002800F0A88140F20911BA
:1037B000022002F0B9FD012800F09B814FF48571D1
:1037C000022002F0B1FD8046002840F06C8240F2F9
:1037D0000911022002F0A8FD012800F00E86DFF892
:1037E0007CA206EB46034FF00008DFF874B25344A6
:1037F000029304E0012E00F01B8308F1010807F09A
:10380000D5FE404540F3A381EEF704FA8146002837
:10381000F0D05FFA88F9314682A84A4607F0B6FE32
:10382000BDF90A32A342E8D11BF80630002B00F0A4
:10383000E88402994A460B784878314643EA0023E7
:103840000298807843EA0040FFF7CAFD0023854ACA
:103850000BF806309355D0E74FF000085FFA88F771
:103860004A46214600253846EEF7CCF807F09EFE82
:10387000A842EEB2394696A805F10105324640F35A
:10388000B98007F083FEBDF95A32A342EED131462A
:103890004B460822384607F0A1FEE7E74FF48A714D
:1038A000022002F041FD10F0FF0F3FF447AF402C23
:1038B00000F0DC8040F2E7814A2C00F09A827B2CF9
:1038C00040F0A6820DF51F7DBDEC028BBDE8F04FE8
:1038D000FFF722BD44EAC9144FF482710220A4F517
:1038E000005423B208EE103A02F01EFDC0B20128C7
:1038F00000F08F8100254FF40056002410E002F004
:1039000013FDB8EEC80AE1B2013496FBF0F007EE01
:10391000900A2846F8EEE77A80EE270A05F0BCF810
:1039200007F044FEA04240F20D114FF00200E6DC29
:10393000002D7FF403AF0125DFE74FF482710220F1
:1039400002F0F2FCC0B2012800F01D8100252146E2
:103950002846EEF78FF802E0013507F03FFE07F04A
:1039600025FEA842E9B223464FF008024FF00000BE
:10397000F2DC21460120EEF77DF8002501E007F09A
:103980002DFE07F013FEA842E9B2234605F101051A
:103990004FF008024FF00100F1DCCFE64FF48571E3
:1039A00002208DF869528DF868428DF86A9202F013
:1039B000BBFC804670BBEEF72DF9214682460028FD
:1039C00040F0DD81012008F07DF9421C00F03183D8
:1039D0005FFA80F851469A984246FFF701FD424649
:1039E00001219A98FFF7FCFC1D4B83F800A083F897
:1039F00001A08DE6B8F1000F7FF4A0AE4FF00108F2
:103A00002CE7012F7FF49AAE224629463046EEF786
:103A10006DFBC3E64FF48571022002F085FC02289D
:103A200000F045824FF48571022002F07DFC0128F0
:103A300080467FF46DAE012E214600F022850020E5
:103A400008F09AFA431C3FF458AE0021044BC2B26E
:103A50009A981970FFF7C4FC5AE600BFF856002484
:103A60009C1A0024A01A0024841A0024CB4BB9F11C
:103A70003F0F4FF0000483F8009020D902E001349A
:103A800007F0ACFD07F092FD8442E1B24FF0010374
:103A90004FF004024FF00000F1DB002402E001349B
:103AA00007F09CFD07F082FD01238442E1B24FF054
:103AB00004021846F3DB41E6013407F08FFD07F0FE
:103AC00075FD00238442E1B24FF004021846F3DB97
:103AD000002402E0013407F081FD07F067FD844215
:103AE000E1B24FF000034FF004024FF00100F1DBB0
:103AF00024E607F05BFD03283FF660AE4FF48571C6
:103B0000022002F011FC012800F01A812146304603
:103B1000FBF71CFA30B13046FBF712FA0128804659
:103B200000F0DB8321463046FBF710FA30B1214626
:103B30003046FBF737FA002840F0DA82214630465B
:103B4000FBF704FA18B121463046FBF765F9002F60
:103B50007FF4F4AD3046EEF723FF01280AD04FF48E
:103B60008271022002F0E0FB2246C3B229463046B1
:103B7000EEF70CFB8A4A52F82630013B48BF00237F
:103B800042F82630DAE54FF000095FFA89F822465C
:103B9000294600264046EDF751FF07F007FDB042E9
:103BA000F7B2414692A806F101063A460CDD07F04D
:103BB000EDFC9DF85032AB42EFD139462346082246
:103BC000404607F00BFDE8E7B9F1000F7FF4B6AD12
:103BD0004FF00109D9E74FF48C71022002F0A4FBE9
:103BE000012800F01A823046EEF7E2FD00283FF48B
:103BF000D5ADAFE74FF48C71022002F095FB0128A0
:103C000000F006823046EEF7D3FD00287FF481AD48
:103C100041E540F21111022002F086FB854200F0DE
:103C200043834FF0000800245FFA88F707F0BEFCDA
:103C3000A042E6B239469AA804F1010432461BDDDF
:103C400007F0A4FC9DF87032AB42EFD14FF48871BD
:103C5000022002F069FB4FF40053B8EEC80A314667
:103C600093FBF0F007EE900A3846F8EEE77A80EE24
:103C7000270A04F011FFD9E7B8F1000F7FF45EAD19
:103C80004FF00108CFE7012C40F0C2804FEAC9098C
:103C9000444BA3F8009051E53046EEF789FD00282B
:103CA0003FF4F9AC4AE54FF48571022002F03CFB89
:103CB000022840F2091100F05D82022002F034FB7C
:103CC000012800F01484012EDFF8E4B000F05C83DA
:103CD0009BF80030A34200F0F5834FF00008DFF8B6
:103CE000CCA001E008F1010807F060FC40455FFA54
:103CF00088F94FF000018EA84A467FF728AF07F0F9
:103D000045FCBDF93A32A342ECD19AF800304A465C
:103D1000002103F0FF00002B00F0AB819BF8003086
:103D20009BF801C09BF8020043EA0C2343EA0040E1
:103D3000FFF756FB00231C4A8AF800301370D1E7C6
:103D400021463046FBF702F928B13046FBF7F8F878
:103D5000012800F0E18321463046FBF7F7F830B147
:103D600021463046FBF71EF9002840F060832146CB
:103D70000120FBF7EBF800287FF4E5AEE7E63046DC
:103D800007F0A0FF431C00F06181084BC2B231462E
:103D90009A9803F80680FFF723FBB9E4911A0024F0
:103DA000841A0024821A0024A01A00249C1A0024D9
:103DB000F85600243046FBF7C3F8002800F0938043
:103DC0003046FBF7A7F80378A34200F28C8006EB9D
:103DD0004602C249DFF814C34FF0010E8B18C048E9
:103DE0005D708C54002283F802900CF806E0825536
:103DF0008EE44FF48271022002F096FAC0B20128DC
:103E00007FF49CAC4FEAC909B64B23F8159095E4B2
:103E1000B54D2B5D642B3FF491AC02F00DFB2A5D98
:103E200000244FEAC90301210094EFF789F985E4E2
:103E30005FFA88F331467EA81A46039307F0A6FB83
:103E4000BDF9FA21039BA2427FF4D7AC9BF8012075
:103E500002F0FF00002A00F03F839AF8001009F0FA
:103E60007F4C9AF801001A4641EA00219AF80200B4
:103E700041EA004049464CEA0000FFF7B1FA9AF8DF
:103E80000010039B09F07F409AF801E01A469AF867
:103E900002C041EA0E23314643EA0C431843FFF7C0
:103EA0009FFA8F4B8BF8019083F80190A5E4204690
:103EB00007F064FD411C00F0AA8142428B494FF09B
:103EC000000C00F0030302F0030281F801C058BFA8
:103ED0005342011E9A98B8BF0331DAB2C1F3870189
:103EE000FFF77EFA14E4814B4FF0000A8DF8695217
:103EF00030468DF868428DF86A929A9903F806A0C8
:103F0000FAF76EFFEDF786FE8046002840F08C81C0
:103F100040F20911022002F007FA01281DD04246A2
:103F200041469A98FFF75CFA4FF48571022002F03F
:103F3000FBF9024600287FF4EBAB01219A98FFF7CA
:103F40004FFAFFF7E5BB9A9808F10108FFF748FA26
:103F5000524601219A98FFF743FA07F027FB4045A4
:103F60005FFA88FA4FF000015246ECDCFFF7D0BB55
:103F700007F01CFB04287FF4A7AB4FF485710220E7
:103F800002F0D2F90128824600F03F844FF4857197
:103F9000022002F0C9F98246002840F0FD838DF826
:103FA00069528DF868428DF86A92EDF733FE002869
:103FB00040F00E85012E7FF4ABAB3046FAF7C0FF20
:103FC000804607F0F3FA8045BFF4A2AB9A993046D9
:103FD000FAF706FF3046FAF7B3FF012840F0CE8526
:103FE0004FF0000809E09A9808F10108FFF7F8F986
:103FF000524601219A98FFF7F3F907F0D7FA4045A6
:104000005FFA88FA4FF000015246ECDCFFF780BB04
:104010002146092003F03CF9F4E50820214603F08D
:1040200037F93046EEF7C4FB00287FF493ADFFF775
:10403000B5BB2A4B01202D49294A1D71DC7083F83C
:104040000590487082F801A0FFF762BB234906EB98
:104050004602DFF898C04FF0010E8B1820485D70C3
:104060008C5483F802900CF806E000F80680FFF705
:104070004FBB4946FFF774FA34E64FF000081B4B7C
:104080008DF869528DF8684240468DF86A929A9987
:1040900083F80080FAF7A4FE40F20911022002F032
:1040A00043F901280BD0424641469A98FFF798F908
:1040B000FFF72EBB9A9808F10108FFF791F907F076
:1040C00075FA40455FFA88F24FF00001F2DCFFF725
:1040D0001FBB3046EEF758FCFFF725BBF85600240F
:1040E000A01A00243C1A0024AC0E00249C1A0024C0
:1040F00021463046FAF790FE3046FAF70BFF40F2C1
:1041000009118046022002F00FF9012800F03D82DB
:104110004FF48571022002F007F98246002840F032
:104120002482EDF777FD98F800308146002840F0B2
:10413000038398F8011000F07F404A4643EA0123C8
:1041400098F8021043EA014349461843FFF748F93B
:1041500098F8011098F8003009F07F4098F802C0F4
:104160004A4643EA0123012143EA0C431843FFF77F
:1041700037F9ECE402F0D8F80128804600F09D827F
:10418000DFF88CB39BF80330A34200F031820023A8
:1041900002951D464FF000085FFA85FA01E008F12C
:1041A000010807F003FA40455FFA88F9514686A8EE
:1041B0004A461DDD07F0EAF9BDF91A32A342EED1F5
:1041C000D14B4A46514650465B78A3B19BF8033029
:1041D0009BF804C09BF8050043EA0C2343EA004027
:1041E000FFF7FEF80023C84A5370C84A5370D6E759
:1041F0002DB1029DABE44946FFF7B2F9CFE70125A7
:10420000C8E749463046FFF7ABF9FFF7F6BAC04BAF
:104210000120BD4900221D71DC7083F80590BB4B65
:1042200048705A70FFF774BA40F20911022002F088
:104230007BF8012840F03681D04605E031469A9857
:10424000FFF7CEF808F1010807F0B0F940454FF448
:1042500085714FF002007FF75BAA5FFA88FA02F0DF
:1042600063F8002152460028E8D09A98FFF7B8F882
:10427000524601219A98FFF7B3F8E3E7FAF760FE98
:1042800000285AD03046FAF745FE0378A34254D8A6
:104290009F4B00219C489D4A1D71DC7083F805905E
:1042A00046705170FFF734BA40F20D11022002F04F
:1042B0003BF807EE900A9FED977AB8EEC88AF8EEC1
:1042C000677A87EE270A88EE000A0DF51F7DBDECA0
:1042D000028BBDE8F04F04F0FFBB40F20911022051
:1042E00002F022F8012800F0FD81874A935D03F077
:1042F000FF09002B00F08681844B4FF00009DFF8A6
:1043000010B206EB460A02F80690214603F8069022
:1043100030461BF80A20FAF7CBFD4FF485710220D6
:1043200002F002F81BF80A300246002840F015821D
:104330000146304607F052F909E4734B4FF000088C
:104340008DF8695201208DF868428DF86A929A9929
:1043500083F80180FAF744FD40F20911022001F0D0
:10436000E3FF012806D00022E7E59A9808F101084A
:10437000FFF736F807F01AF940455FFA88F24FF078
:104380000101F2DCFFF7C4B99BF80330A34200F04F
:1043900079814FF00008DFF870A101E008F1010811
:1043A00007F004F940455FFA88F94FF001018AA847
:1043B0004A467FF7CCAB07F0E9F8BDF92A32A342B1
:1043C000ECD101219AF801304A4608468BB19BF89E
:1043D00003309BF804C09BF8050043EA0C2343EA32
:1043E0000040FEF7FDFF0023484A8AF80130537071
:1043F000D4E74946FFF7B4F8D0E7EDF70BFC002807
:1044000040F01C81012E7FF4EAA9414BDB78A342E6
:1044100000F0C38221460120FAF798FD00283FF4FE
:10442000DEA921460120FAF7F7FCFFF7D8B92146AB
:104430003046FAF7F1FC3046FAF76CFD40F209110C
:104440008046022001F070FF012840F00B814FF000
:1044500000090DE098F8003009F1010998F801C051
:1044600098F8020043EA0C2343EA0040FEF7B8FF45
:1044700007F09CF848455FFA89F23146EADCFFF71D
:1044800066BB07F079FD421C3FF402AF1E4B4FF0B4
:10449000000CC2B2314683F801C09A98FEF7A0FF23
:1044A000FFF736B94FF48571022001F03DFF024657
:1044B000002800F0FC80524651469A98FEF790FF83
:1044C000FFF726B9104A1378012B7FF406AC0023BE
:1044D0000E4913700B7000E419460393FFF740F880
:1044E000039B30461946FFF73BF8FFF786B9214694
:1044F0003046FAF72BFD00283FF4E5AB2146304665
:10450000FAF78AFCFFF7DFBB9C1A0024A01A0024EC
:10451000F85600240000004640F20911022001F084
:1045200003FF012800F00882DFF8CC9319F8063069
:1045300003F0FF08002B00F0CB800022DFF8BCA3C3
:1045400006EB4608304611461AF8083007F046F8E0
:104550001AF8082021463046FAF7AAFC0023E54A5B
:1045600009F806309355FFF7F2BA98F801100022C7
:1045700098F8003098F8020043EA0123114643EA14
:104580000040FEF72DFFFFF7E2BA40F209110220CA
:1045900001F0CAFE8146002800F060814FF000095A
:1045A00019E098F801C098F8003098F8020043EA42
:1045B0000C2343EA0040FEF713FF98F8003098F808
:1045C00001C0524698F80200012143EA0C2343EA55
:1045D0000040FEF705FF06F0E9FF48455FFA89FA5B
:1045E0004FF0000109F101095246DADCFFF7AFBADA
:1045F000C14A5378012B7FF4CAAD0023BD495370E3
:104600004B70C4E521463046FAF706FC4FF485713D
:10461000022001F089FE8246002840F0AC80EDF7D0
:10462000F9FA8146002840F05E810146FEF798FFC6
:1046300049464046FEF794FFFFF789BAAF4A06EBBA
:104640004603D35CA34200F09C8021463046FAF733
:104650007DFC00283FF4C3A821463046FAF7DCFB76
:10466000FFF7BDB898F80110002298F8003098F8CC
:10467000020043EA0123314643EA0040FEF7B0FE60
:10468000FFF765BA9C4A5378012B7FF482AE002372
:10469000984953704B707CE6022231464AA806F0D6
:1046A00075FF9DF82831002B40F0ED810222314644
:1046B0009A98FEF795FEFFF72BB82146FAF746FCCD
:1046C00000283FF45DAD40462146FAF7A5FB57E5CB
:1046D00021463046FAF7A0FB41463046FEF740FF40
:1046E000FFF735BA40F20911022001F01DFE8046A5
:1046F000002840F00781EDF78DFA0346002840F0CE
:104700005581012E7FF423AA214630469846FAF7B8
:1047100083FB06F04BFF40455FFA88F94FF000003D
:1047200008F1010849467FF712AAFEF719FF49462A
:104730000120FEF715FFECE798F801100AF07F4022
:1047400098F802C0524643EA0123314643EA0C433B
:104750001843FEF745FEFFF7FAB94A464946484670
:1047600006F03CFF1BF80A3040464A46494606F030
:1047700035FFFFF7ECB949464846FEF7F1FEFFF773
:10478000E6B95D4B9A5D012A7FF45FAF594A03F8A1
:10479000068002F8068058E740468DF869528DF889
:1047A00068428DF86A92FAF7CBFB824606F0FEFE6D
:1047B00000B2BAEB400FBEF6ABAF4046DFF8408127
:1047C000FAF7BEFB08B988F800009A990120FAF7B9
:1047D00007FB98F80030042B40F201824FF00008EC
:1047E000C8F3870A08F0030B4EA808F101085146E8
:1047F0005A4606F0CBFE9DF83831002B00F0B78109
:10480000B8F1080FECD1FEF783BF30468DF869523E
:104810008DF868428DF86A92FAF792FB804606F0AE
:10482000C5FE8045BEF474AF9A993046FAF7D8FABF
:104830003046FAF785FB012840F092804FF00008DF
:1048400006F0B4FE40455FFA88F231467EF760AF6D
:104850009A9808F10108FEF7C3FDF1E7EDF7DAF9E0
:10486000C0BB012E7FF473A9814606F09FFE484528
:104870005FFA89FA4FF0000109F1010952467FF70A
:1048800066A998F801C098F8003098F8020043EA49
:104890000C2343EA0040FEF7A3FD98F8003098F897
:1048A00001C0524698F80200012143EA0C2343EA72
:1048B0000040FEF795FDD8E798F8003009F10109AE
:1048C00098F801C098F8020043EA0C2343EA00403C
:1048D000FEF786FD06F06AFE48455FFA89F231462A
:1048E000EADCFFF734B951463046FEF739FEFFF7F0
:1048F0002EB900BFA01A00249C1A0024F8560024E8
:10490000901A002421463046FAF786FA4FF0000844
:1049100005E0FEF725FE49460120FEF721FE06F0E0
:1049200045FE40455FFA88F94FF0000008F10108A4
:104930004946EEDCFFF70BB921463046FAF76CFA30
:104940004FF0000801E0FEF70BFE06F02FFE404599
:104950005FFA88F1304608F10108F4DCFFF7F7B898
:104960003046FAF7EDFA022800F0B0803046FAF748
:10497000E7FA03284FF00002314600F08B8012A8BE
:1049800006F004FE9DF84830002B69D10022314624
:104990009A98FEF725FDFEF7BBBEC94B5A78012A4F
:1049A0007FF438ADC74A5870507033E52146304621
:1049B000FAF732FA01E0FEF7D3FD06F0F7FD4045C5
:1049C0005FFA88F1304608F10108F4DCFFF7BFB860
:1049D0003046FAF7B5FA804606F0E8FD8045BEF4A9
:1049E00097AE9A993046FAF7FBF93046FAF7A8FAEB
:1049F000012827D03046FAF7A3FA022800F09E805B
:104A00003046FAF79DFA03284FF00002314600F0D5
:104A1000838042A806F0BAFD9DF80821002A3FF4E1
:104A200046AE0122314646A806F0B0FD9DF8183189
:104A3000002B7FF431AE012231469A98FEF7D0FC6C
:104A4000FEF766BE06F0B2FD50455FFA8AF23146C7
:104A50007EF75EAE9A980AF1010AFEF7C1FCF1E713
:104A60000122314616A806F091FD9DF85830002B22
:104A7000E1D0022231461AA806F088FD9DF8683080
:104A8000002B3FF413AE032231469A98FEF7A8FCA0
:104A9000FEF73EBE0AA806F079FD9DF82830002BEF
:104AA0003FF474AF012231460EA806F06FFD9DF869
:104AB0003830002BBFD030460321FEF751FD0222D3
:104AC00031469A98FEF78CFCFEF722BE0022314652
:104AD00006A806F05BFD9DF8183093B9984604E0EF
:104AE0009A9808F10208FEF77BFC06F05FFD40454E
:104AF0005FFA88F23146F3DCFEF70ABE9A98FEF7B9
:104B00006FFC06F053FD50455FFA8AF231460AF118
:104B1000020AF3DCFEF7FCBD3AA806F037FD9DF86B
:104B2000E820002A3FF4C3AD012231463EA806F03A
:104B30002DFD9DF8F830002BBDD17CE700223146D9
:104B400036A806F023FD9DF8D830002B65D04FF035
:104B5000010806F02BFD40455FFA88F2314608F166
:104B600002087EF7D5AD9A98FEF73AFCF1E75A466F
:104B700051469A98FEF734FCFEF7CABD0120FAF7B9
:104B8000DFF9022800F0BB800120FAF7D9F90328E9
:104B900080464FF000024FF0010100F095802AA8F6
:104BA00006F0F4FC9DF8A830002B00F08180012273
:104BB0002EA8114606F0EAFC9DF8B830002B6BD009
:104BC0000121022232A806F0E1FC9DF8C81099BB31
:104BD00002229A98FEF704FC0222FFF7AEB90120E8
:104BE000FAF7AEF901282FD188F800004FF000083D
:104BF00006F0DCFC40455FFA88FA4FF0000108F14E
:104C0000010852467EF784AD9A98FEF7E9FB5246BA
:104C100001219A98FEF7E4FBEAE7984606F0C6FC05
:104C200040455FFA88F231467EF772AD9A9808F1F6
:104C30000208FEF7D5FBF1E7032200219A98FEF760
:104C4000CFFB0322FFF779B90120FAF779F902289F
:104C5000824640F0DC8098F80030012B00F085801F
:104C6000022B00F09580033B012B3EF651AD002254
:104C700056A8114606F08AFC9DF85831002B5ED1EB
:104C800000229A981146FEF7ABFB012200219A9868
:104C9000FEF7A6FBFEF73CBD012200219A98FEF725
:104CA0009FFB01229A981146FEF79AFBFEF730BD52
:104CB00000229A981146FEF793FBFFF754BB00BF02
:104CC0009C1A0024A01A002422A806F05FFC9DF87C
:104CD0008830002BECD0012226A8114606F056FCA5
:104CE0009DF89830002BD7D041460020FEF738FCC5
:104CF00041460120FEF734FC0222002169E7002230
:104D000001211EA806F042FC9DF87830002B58D0F7
:104D10004FF0010806F04AFC40455FFA88FA4FF070
:104D2000000108F1020852467EF7F2AC9A98FEF7AD
:104D300057FB524601219A98FEF752FBEAE752468A
:104D400000215AA806F022FC9DF86831002B40F0A3
:104D500093809A9802220021FEF742FB0322002151
:104D60009A98FEF73DFBFEF7D3BC88F800004FF0A1
:104D7000000806F01BFC40455FFA88F24FF0010185
:104D800008F101087EF7C4AC9A98FEF729FBF0E71A
:104D9000002252A8114606F0F9FB9DF8483133B3C2
:104DA0004FF0000806F002FC40455FFA88F24FF031
:104DB000010108F101087EF7ABAC9A98FEF710FBF1
:104DC000F0E7984606F0F2FB40455FFA88FA4FF0AC
:104DD000000152467EF79CAC9A9808F10208FEF753
:104DE000FFFA524601219A98FEF7FAFAEAE7984646
:104DF00006F0DCFB40455FFA88F24FF000017EF7D9
:104E000087AC9A9808F10108FEF7EAFAF0E701206A
:104E1000FAF796F80328834645D198F800A0BAF12E
:104E2000020F35D0AAF1030ABAF1010F3EF670ACB9
:104E3000002262A8114606F0A9FB9DF88831002BDC
:104E40003FF41EAF0222002166A806F09FFB9DF8EA
:104E50009831002B3FF47DAF002201216AA806F0B3
:104E600095FB9DF8A83183B198F80030042B7EF4AF
:104E70004FAC02220121E1E6002201215EA806F0EA
:104E800085FB9DF87831002BEED10022012105E74A
:104E90005146012088F800B0FEF762FB5946012018
:104EA000FEF75EFB55E70120FAF74AF8042822D105
:104EB00098F800A0BAF1030F4BD000226EA811465B
:104EC00006F064FB9DF8B831002B3FF4D9AE022206
:104ED000002172A806F05AFB9DF8C831002B3FF460
:104EE00038AF0022012176A806F050FB9DF8D8319A
:104EF000002BCAD0BDE70120FAF722F805287EF47E
:104F000007AC88F80000002001218046FEF728FB4E
:104F100003214046FEF724FB01210846FEF720FB53
:104F200003210120FEF71CFBC8F3870A08F0030BDE
:104F30007AA808F1010851465A4606F027FB9DF869
:104F4000E831002B3FF413AEB8F1080FECD1FEF7B7
:104F5000DFBB0222012188F800006FE62DE9F04155
:104F600082B03D4F3D4D6C46DFF800813C4E1BE06A
:104F700001EB080211F808E0C3F308039078D17838
:104F800092F801C012798DF800E08DF801C08DF81B
:104F900002008DF803108DF804203B8094E8030094
:104FA000FEF724FB002373622A883B8802F5007118
:104FB0009A42A2EB0302A1EB03012CBF92B28AB288
:104FC00003EB83010133002AD2D1264F6C46264DD4
:104FD000DFF89C80224E1BE001EB080211F808E08C
:104FE000C3F309039078D17892F801C012798DF853
:104FF00000E08DF801C08DF802008DF803108DF8E7
:1050000004203B8094E80300FEF7F0FA002373626B
:105010002A883B8802F580619A42A2EB0302A1EB49
:1050200003012CBF92B28AB203EB83010133002A41
:10503000D2D114466D460A4E07E02846ECF7A8FD8B
:1050400095E80300FEF7D2FA7462ECF7D1FD002870
:10505000F3D102B0BDE8F081025B002404650024B6
:105060000004014006650024005B0024045B00246A
:105070000865002438B50E4800250E4C01214BF67A
:1050800080320223206020466160294622621A464F
:10509000A560E561E560C4E90555C4E90B550CF070
:1050A00071FC00B938BDBDE83840FCF7ABB800BFB3
:1050B000046001405C810024264B02689A4200D0C3
:1050C0007047254A1368F0B587B08BB301330646A5
:1050D00048F21300002513600224062301A9019061
:1050E0004FF480671D48029405931D4CCDE903558C
:1050F00008F006FB7120DFF870C04FF480514FF4C8
:1051000080424FF48073A560E560C4E900C020468A
:10511000C4E90855C4E90471C4E9062307F0EEFAAE
:10512000A0B9C6F88440A663C6F8804007B0F0BDB9
:105130000C49D1F8F04044F08074C1F8F040D1F847
:10514000F01001F0807100910099BFE7FCF75AF868
:10515000E7E700BF04600140A41A0024000C0258D5
:10516000F48100240044025810000240012808B5D0
:1051700002D8094B01221A54F1F798F9012800D9F5
:1051800008BDF9F765FF0130FAD1F1F78FF9BDE8F5
:105190000840F8F7E5BD00BFB81A0024012808B59B
:1051A00002D8094B00221A54F1F780F9012800D9DE
:1051B00008BDF9F74DFF0130FAD1F1F777F9BDE8F5
:1051C0000840F8F7CDBD00BFB81A0024012800D967
:1051D0007047014B185C7047B81A002410B526229E
:1051E00082B02B494FF4FE20FCF7FEFD294A2A4BE2
:1051F00002F1260412F8011F9878884202D85878E4
:10520000884201D219781170A24203F10303F1D14F
:1052100000221B2114461046EDF7CAFC1B20EBF7B9
:105220008FFB21460346009420461B22EDF788FFA2
:10523000224620462021EDF7BBFC2020EBF780FB27
:1052400021460346009420462022EDF779FF2246AE
:105250001B210120EDF7ACFC1B20EBF771FB214675
:10526000034600941B220120EDF76AFF224620210D
:105270000120EDF79DFC2020EBF762FB2146034661
:10528000202201200094EDF75BFF02B010BD00BFAB
:1052900078820024778200242C0F002400B583B08C
:1052A00008224FF4EC206946FCF79EFD054BBDF843
:1052B00004109DF80620009899809A71186003B038
:1052C0005DF804FB7082002400B50A4A83B01068C0
:1052D0006B46516803C3FCF717FD7620FCF736FDDB
:1052E000082269464FF4EC20FCF7BAFD03B05DF8E4
:1052F00004FB00BF7082002408B5FCF705FD7F2089
:10530000FCF724FD262203494FF4FE20BDE80840A7
:10531000FCF7A6BD7882002410B50446FCF7F4FC27
:105320005CB17E20FCF712FD4FF4807209494FF406
:10533000FC20BDE81040FCF793BD7B20FCF706FD88
:105340004FF4807204494FF4F620BDE81040FCF79A
:1053500087BD00BFA4850024A4840024F0B54FF4C9
:10536000807283B0064688BB1B494FF4F620FCF7D9
:105370003BFD1A4A1A4B02EB062203F1450412F8D0
:10538000011F9878884202D85878884201D219784B
:1053900011700333A342F2D100243046EDF7A8FE8A
:1053A0002746E5B20022304601342946EDF700FCDD
:1053B0002846EBF7C5FA2A460346009700213046F7
:1053C000EDF7BEFE212CECD103B0F0BD05494FF442
:1053D000FC20FCF709FDCCE7A4840024A38400246E
:1053E000A00F0024A4850024164A174B02EB0022CC
:1053F000F0B5064683B003F1450013F8031B834262
:1054000002F8011FF9D100243046EDF771FE27465E
:10541000E5B20022304601342946EDF7C9FB2846A3
:10542000EBF78EFA2A460346009700213046EDF747
:1054300087FE212CECD1304603B0BDE8F040FFF7E9
:105440006BBF00BFA3840024A00F002408B5002276
:10545000104B1A805A809A80DA80FFF735FF0E4B86
:105460000E4A03F1260012F8031B03F8011F8342C2
:10547000F9D1FFF741FFEEF7DDFAEEF707FB012068
:10548000FFF7B2FF0020FFF7AFFF0220BDE80840A2
:1054900006F022BA70820024778200242C0F0024A8
:1054A0000F4A01210F4B70B492F86350002492F818
:1054B000570083F82150587792F85D5092F86000B9
:1054C00092F85460DD7783F8200092F85A5006482D
:1054D000064A1E779D770470117070BC704700BF3C
:1054E0002C0F002478820024AC1A0024AD1A00246A
:1054F00008B5030203481844FCF7A2FD553818BF4D
:10550000012008BDC8100400F0B5CBB005460F4619
:1055100000240AAE1B2C0ED0202CE1B228460AD063
:10552000EDF75EFBC0F3C21206EB440300F07F0010
:1055300006F8142058700134212CEBD1214B284659
:1055400001A903EB05231A685C68CDF86A209A6804
:10555000CDF86E40CDF87220DC681A69CDF876403F
:1055600001ACCDF87A209A8A9B7DADF87E208DF82B
:105570008030EEF737F90FCCCDF803015520CDF888
:105580000711CDF80B21CDF80F3186F8C80007CCF4
:105590002388CDF8130107F58260CDF81711314645
:1055A000ADF81F31CDF81B21FCF776FC064B1B78BC
:1055B000042B01D04BB0F0BD2846FFF7EFFD4BB0F8
:1055C000F0BD00BFA48400247082002400B583B025
:1055D0008DF807008DF806109DF807309DF806003D
:1055E00000EBC3104002FCF72BFD553818BF01201B
:1055F00003B05DF804FB00BFF0B5ADF50B7D8DF891
:1056000007008DF806109DF80730032B02D90DF521
:105610000B7DF0BD55231B2102204D4D8DF83430FC
:10562000EDF7DEFA4B4B12AFADF846002E46186888
:1056300005F1200C9A889B79CDF83500ADF839201A
:105640008DF83B303068103656F80C1C3C4656F846
:10565000082C103756F8043C66450FC4F2D1306868
:105660000024B3883860BB80E1B20020EDF7B8FABF
:1056700004F1C403ADF80E000134BDF80E200DA9ED
:10568000212C01EB430392B29A80EDD10024E1B2C8
:105690000120EDF7A5FA04F16403ADF80E00013422
:1056A000BDF80E200DA9212C01EB430392B25A80C4
:1056B000EDD15A2228490DF2651004AF11F0BCFA61
:1056C0005A2226490DF1A30011F0B6FA04A90020D0
:1056D0000DF20226EEF786F80DF1300C3C4610363E
:1056E00010370FCC644546F8100C46F80C1C46F8F1
:1056F000082C46F8043CF1D1386804AC04A93060A9
:105700000120EEF76FF850AEAF7A55250FCC0FC6DB
:105710000FCC022F0FC6236833608DF8A25013D030
:105720008DF864510020FFF739FD0120FFF736FDA9
:105730009DF807009DF806300DA903EBC010FCF79B
:1057400005FC0DF50B7DF0BD00238DF86431E9E714
:10575000788200243C160308A4840024A485002435
:10576000032800F2F88013462DE9F04F1646577CC7
:10577000ADF2444D53F801CFB57C5A225C6845EA3E
:10578000C715CDF84DC0CDF85140344601959D6800
:10579000DB68CDF855500DF5AB75CDF85930337841
:1057A000CDE9050106F1130118A8009311F044FAA0
:1057B00096F86D3006F16E015A220DF1BB0002938E
:1057C00011F03AFA45A8314691F8C820023191F813
:1057D000C73043EAC21320F8023F8542F4D109AB37
:1057E0000DF1340B0DF1400806F20F1104939A46A7
:1057F0000BAB0794DE46C4460393994606F20912A2
:1058000033460C4612F8011F023393F81471013924
:1058100093F815019579944240EAC7100AF8011BE4
:1058200093F8207105F1FF3593F8211109F8015B18
:1058300041EAC7112EF8020B2CF8021BE2D109AA8B
:1058400059AD5CAB079C96F82E9192E80300BDF829
:1058500030205690ADF862210DAA0B98ADF85C117E
:10586000CDF85E0107CA85E8070010AA07CA83E8D9
:1058700007005A2206F22F110DF27D1011F0DCF90B
:105880000DF5EB7186A8324692F88951023292F8F2
:10589000883143EAC51321F8023F8842F4D106F566
:1058A000E57506F5E876DDE9030715F8013F0234F2
:1058B00094F8D5C1013B94F8D621A979AE4242EAC9
:1058C000CC1207F8013B94F8E1C101F1FF3194F8E3
:1058D000E23100F8011B43EACC132BF8022B28F825
:1058E000023BE2D100990DAC09988DF84C1001995A
:1058F000BDF82830ADF85E100299ADF81E3210AB3D
:105900008DF8BA100BA9CDF81A028DF87C9103C955
:105910008890ADF8241207CCCDF82602CDF82A12D3
:10592000CDF82E2207CBCDF8320290A8CDF8361252
:1059300013A9CDF83A224FF4007211F07DF990A925
:10594000DDE9052303EBC210FCF700FB00200DF29C
:10595000444DBDE8F08F4FF0FF30704708B500F5BB
:105960008260FCF799FA002008BD00BF032800F20E
:105970000B8101EBC0102DE9F04FADF2344D144610
:105980008CA9FCF76DFB8CA94FF4F9720FA811F0EC
:1059900053F923469DF830725A22DDF83D0003F892
:1059A000017BBDF84212C4F80100DDF84100C1F3EB
:1059B000C216DDF8457041F07F05586014A9DDF886
:1059C00049009F60D86004F113009DF8603366744D
:1059D0009DF89E62A5740DF5A375019311F02CF945
:1059E0005A220DF1AB0184F86D6004F16E0011F0E4
:1059F00023F941A9224631F8023F0232C3F3C21013
:105A00008D4203F07F0382F8C60082F8C730F2D1DE
:105A1000BDF8520152A955AA58ABADF8200009AF04
:105A20000CAE0DF114090DF11C0804F20915B24673
:105A300003960294BE46CC4603C90590DDF84E019C
:105A4000ADF81810079007CA87E8070093E8070029
:105A500004F20F1300932346009C86E80700464695
:105A60001CF901BB023316F9010B3EF9021B0BF1C5
:105A7000010B3AF9022B013005F801BFC1F3C21B3B
:105A8000A87101F07F01C2F3C210AC4202F07F02A4
:105A900083F814B183F8151183F8200183F82121CC
:105AA000DED1019B5A220DF26D1182ADDDE9024675
:105AB00084F82E3104F22F1011F0BEF80DF5E371C9
:105AC000224631F8023F0232C3F3C2108D4203F086
:105AD0007F0382F8870182F88831F2D184AADDF849
:105AE0000A02BDF80E1209AB05900DF1300EADF8AB
:105AF000181004F5E57504F5E87C92E80300DDF87C
:105B00001E220790ADF82010DDF81602DDF81A12FB
:105B100007C3DDF822022346DDF82612DDF82A222B
:105B2000AEE8070019F9011B023337F9020B013106
:105B300036F9022B18F901EBC0F3C21A05F8011F60
:105B400000F07F00C2F3C2110EF1010E02F07F02DD
:105B5000AC4585F806E083F8D5A183F8D60183F833
:105B6000E11183F8E221DDD1631E002104F2FF146C
:105B700013F9012F002AB8BF19709C42F8D10020F8
:105B80000DF2344DBDE8F08F4FF0FF30704700BF8D
:105B900010B50C4600F58260FCF740FA0020631E49
:105BA00004F1FF0113F9012F002AB8BF18708B42CE
:105BB000F8D1002010BD00BFFF29154B70B40ED9DD
:105BC000B1F5847F20D01944124C0025124BA1F569
:105BD0008071012025700A70187070BC70479B7A24
:105BE000D2B2022B0D4B02D1012808BF5A5403EB4D
:105BF00000230B4E0B4C00255A5401220A4B3070E7
:105C000025701A7070BC7047987A0228DBD1F9E7CA
:105C100078820024AC1A0024AD1A0024A484002445
:105C2000B11A0024B01A0024B21A00241B494FF400
:105C30008072F0B5A1F580708DB010F0FDFF0023EB
:105C4000174D012117481C46174A1F462B70037039
:105C50001170E5B2012029460444ECF7AFFF064677
:105C600029460120ECF7BCFF2A460346314600973F
:105C70000020EDF765FA212CEBD103A90120EDF707
:105C8000B1FD03A90020EDF7FBFD084808490122FA
:105C9000084B07700F701A700DB0F0BDA48500247A
:105CA000B11A0024B01A0024B21A0024AA1A00243F
:105CB000A91A0024AB1A00242DE9F04701F58261EE
:105CC000CCB00646174608460CA9FCF7A7F99DF884
:105CD000F830552B40F08B800CAD6FF017044FF06F
:105CE000000940F209180CE095F800C0023515F8DB
:105CF000013CCDF8009043EACC13EDF721FA092CD2
:105D000011D004F11802082C28FA04F34FF0020114
:105D1000D2B204F101043046E6D8DB07E4D5092C01
:105D200005F10205EDD14CAB5F4932020DF10C0ECD
:105D300053F8BE0D0DF20B158C1811F802900DF2F0
:105D40002B1894F807A094F808C088505868606031
:105D5000986884F807A0A060D868E060186920619E
:105D6000988A9B7DA082A37501F8029084F808C0F0
:105D70002868103555F80C1CF44655F8082C0EF11F
:105D8000100E55F8043C4545ACE80F00F0D12868EA
:105D900003A9CEF800003046EDF772FD434B621EBA
:105DA00003F1450412F8011F9878884202D8587808
:105DB000884201D21978117003339C42F2D1F7B1B5
:105DC0003046FBF799FC3A4B9B7A022B3FD0394C7B
:105DD000FBF7C8FB2378042B24D03046FFF7C6F925
:105DE000F0F764FBF7F7BCFF4CB0BDE8F087304636
:105DF000FFF7B4FA3046EDF7E5FD002FE0D10223BE
:105E00002B4C2D4A01251846A3722C4B17701D7080
:105E100005F062FD3046FBF76FFCA37A022B2BD016
:105E2000FBF7A0FB012E08D8224B0122244C0020B6
:105E30003344244922709A7008703046FFF7AEF957
:105E4000F0F734FBF7F78CFF4CB0BDE8F087194C46
:105E5000FFF7ECFE0020FBF74FFC2378042B1CD14E
:105E6000012300201749164A0870A3701370FFF72A
:105E700095F9FBF777FBADE7FFF7D8FE3846FBF760
:105E80003BFC0C4B0F4A38469D700D4B17701D7034
:105E9000FFF784F9FBF766FBC4E70020FFF766F91C
:105EA000FBF760FB96E700BFA4840024A00F00244A
:105EB0007882002470820024AC1A0024AD1A0024D9
:105EC000B61A0024B51A0024F0B5ADF50B7D8DF897
:105ED0000F108DF80E209DF80F30032B02D90DF511
:105EE0000B7DF0BD05469DF80F009DF80E300DA905
:105EF00003EBC010FCF7B4F89DF83430552BEED10D
:105F000001225D4B95421A705AD09DF86431552B91
:105F1000E5D1002426462046FFF740F91B2C0FD080
:105F20000DA804F1C403202CE2B200EB43034FF0B0
:105F300002014FF0000003D09B880096EDF700F9B6
:105F40000134212CEAD15A220DF265114B4810F090
:105F500073FE4B4A4B4B02F1170412F8011F98785D
:105F6000884202D85878884201D219781170A2422A
:105F700003F10303F1D10DF202240DF2222C04AF40
:105F80002068103454F80C1C3E4654F8082C103786
:105F900054F8043C64450FC6F2D1206804A9386067
:105FA0000020EDF76DFC2846FBF7A6FB2846F8F726
:105FB000CFFEFBF7D7FAF0F779FAF7F7D1FE8EE7C5
:105FC0009DF8A230552B8AD100242846FFF7E6F829
:105FD00025461B2C0FD00DA804F16403202CE2B23F
:105FE00000EB43034FF002014FF0010003D05B8848
:105FF0000095EDF7A5F80134212CEAD15A220DF1D4
:10600000A301214810F018FE204A1E4B02F117048C
:1060100012F8011F9878884202D85878884201D235
:1060200019781170944203F10303F1D150AD04AC1F
:106030000FCD0FC40FCD0FC42B6804A9012023601E
:10604000EDF71EFC124B9B7A022B0CD00120FBF7C4
:1060500053FB0120F8F77CFEFBF784FAF0F726FAF1
:10606000F7F77EFE3BE7FFF7E1FD0020FBF744FB7F
:106070000020F8F76DFEE9E79E0F0024A4840024B9
:10608000A3840024A00F0024A4850024A385002459
:1060900078820024F0B5ADF50B7D8DF80F008DF8FA
:1060A0000E109DF80F30032B02D90DF50B7DF0BDBE
:1060B0009DF80F000DA99DF80E3003EBC010FBF703
:1060C000CFFF9DF83430552B40F0D88000238B4D06
:1060D0008B4A052B0BD0082B09D00DA91A2B22FABD
:1060E00003F0194400F30781C00740F10481013334
:1060F000262BEED1834A844B02F1260412F8011FAD
:106100009878884202D85878884201D2197811705C
:10611000A24203F10303F1D102210024BDF846306D
:106120001B2200940846EDF70BF89DF8A230552B82
:1061300040F0DA8026461B2C0FD00DA804F1640332
:10614000202CE2B200EB43034FF002014FF00100BC
:1061500003D05B880096ECF7F3FF0134212CEAD1E1
:10616000002220210120ECF723FD2020EAF7E8FBA4
:1061700000210346202200910120ECF7E1FF5A2282
:106180000DF1A301614810F057FD614A614B02F126
:10619000170412F8011F9878884202D8587888426C
:1061A00001D219781170944203F10303F1D150AE7A
:1061B00004AC0FCE0FC40FCE0FC4336804A9012066
:1061C0002360EDF75DFB9DF86431552B68D1002409
:1061D00026461B2C0FD00DA804F1C403202CE2B2DC
:1061E00000EB43034FF002014FF0000003D09B8807
:1061F0000096ECF7A5FF0134212CEAD100222021E2
:106200001046ECF7D5FC2020EAF79AFB0021034664
:10621000202208460091ECF793FF5A220DF26511F7
:106220003D4810F009FD3D4A3A4B02F1170412F8BF
:10623000011F9878884202D85878884201D219788C
:106240001170944203F10303F1D10DF202240DF217
:10625000222C04AF2068103454F80C1C3E4654F82D
:10626000082C103754F8043C64450FC6F2D120685E
:1062700004A938600020EDF703FB13E00124FEF7CA
:10628000ADFF1E4D02230021254A264E2046AB724B
:1062900034706B721170FFF761F82046EDF792FBD6
:1062A000FFF7C4FC0020ECF7FBFA0020ECF778F8CD
:1062B0000120ECF7F5FA0120ECF772F80020ECF77A
:1062C00081FA0120ECF77EFA0020FEF767FF01203B
:1062D000FEF764FFA87A05F0FFFAF0F7E7F8F7F7A2
:1062E0003FFD0DF50B7DF0BD0120FFF737F80120D4
:1062F000EDF768FB67E7097DE954F8E6788200244A
:1063000010D80204778200242C0F0024A4850024D6
:10631000A3850024A00F0024A4840024A3840024C7
:10632000AC1A0024AD1A0024FF2909D8064A074BED
:10633000927A022A08BF012003EB0020405C7047DC
:10634000034BC85C704700BF78820024A4840024FB
:1063500078810024FF2805D8064B00EB4000184444
:1063600080787047A0F58070034B00EB4000184424
:1063700080787047A00F00242C0F0024FF2805D838
:10638000064B00EB4000184440787047A0F5807041
:10639000034B00EB4000184440787047A00F0024E6
:1063A0002C0F002470B50C460546ECF79BFB241A15
:1063B00004F13103622B08D9002C0ADD40F2CD36FE
:1063C0002846ECF78FFBB04216D140F2FF1080B2A6
:1063D00070BD2846ECF786FB3228F6D032342846CA
:1063E000ECF780FB3238C4EB442494FBF0F010F55A
:1063F000007F0DDC002070BD323C2846ECF772FBBC
:10640000301AC4EB442494FBF0F0B0F5007F05DAB9
:1064100000F2FF1040F2FA33984202DD40F2FF3002
:1064200070BD0428D3DCE5E7024B187AB0FA80F09F
:106430004009704778820024014B187A704700BFEA
:1064400078820024012800D9704730B40449002420
:10645000044D0122044B28720C701A7030BC704736
:10646000AC1A002478820024AD1A0024B1F5FA7F1A
:1064700004D2012894BF0023012303B17047064AC8
:1064800030B402EB40000124044D054A2B70147017
:10649000818030BC704700BF70820024B51A002490
:1064A000B61A0024012801D900207047024B03EBE3
:1064B00040008088704700BF7082002430B40549D6
:1064C0000024054D0122054B68700C701A7030BC19
:1064D000704700BFB51A002470820024B61A002449
:1064E000014B5878704700BF7082002430B40549D2
:1064F0000024054D0122054B28700C701A7030BC29
:10650000704700BFB51A002470820024B61A002418
:10651000014B1878704700BF70820024022904D80C
:10652000012894BF0023012303B17047054A30B40A
:1065300010440124044D054A2B708170147030BC46
:10654000704700BF70820024B51A0024B61A0024D8
:10655000014B18448078704770820024384A38B55F
:10656000137833B1374C23780133DBB2052B4AD093
:106570002370354C237833B1344D2B780133DBB2A3
:10658000052B4AD02B70324A137833B131490B783E
:106590000133DBB2052B26D00B702F4A137833B1B1
:1065A0002E490B780133DBB2052B24D00B702C4A1B
:1065B000137833B12B490B780133DBB2052B38D07C
:1065C0000B70294A137833B128490B780133DBB2B9
:1065D000052B01D00B7038BD00230B701370BDE884
:1065E0003840FEF771BE2248002300780B7013700C
:1065F000FEF792FED1E71F48002300780B7013705E
:10660000EDF79EF9D3E71C4900231C480978007870
:1066100023701370FFF73EFDABE7194A00231949B9
:1066200019481278098800782B702370FFF744FB13
:10663000A9E700230B701370FEF75EFEC1E700BFF1
:10664000B41A0024B31A0024AF1A0024AE1A00248E
:10665000B21A0024B01A0024AB1A0024A91A00248C
:10666000AD1A0024AC1A0024B61A0024B51A00246E
:10667000B11A0024AA1A00246C8200249E820024ED
:10668000A2840024A08400246D820024F8B507466B
:1066900000200E46FEF782FD0120064DFEF77EFD2E
:1066A000054B002405481F700122054B2E70047015
:1066B0001A70F8BD6C8200249E820024B31A002454
:1066C000B41A002470B4074B0025074E012419802A
:1066D000307006490648074B02700D701C7070BC84
:1066E000704700BFA08400246D820024AE1A0024ED
:1066F000A2840024AF1A002430B405490024054DBB
:106700000122054B28700C701A7030BC704700BF16
:10671000A91A0024AA1A0024AB1A0024014B1878E5
:10672000704700BFA81A0024014B00221A7070475E
:10673000A81A0024F0B500248BB03F4D202C0FD0B8
:106740001B2CE1B24FF000000AD0ECF749FAC0F37D
:10675000C212630000F07F0005F814200133E854F2
:106760000134212CEAD1354B0020354C01A91A689F
:106770005E6804F199072260A4F1420566609A6898
:10678000DE68A260E6601A699E8A9B7D2261A6820D
:1067900001AEA375EDF726F80FCEC4F899000024DA
:1067A0007960BA60FB6007CE338838617961BA617D
:1067B000BB831B2C12D0202CE1B24FF001000DD076
:1067C000ECF70EFAC0F3C211630000F07F005A1C10
:1067D0002B442A4483F8001182F800010134212C53
:1067E000E7D1184B01A9184D01201A6801275C68F0
:1067F00005F199062A606C609A68DC68AA60EC6012
:106800001A699C8A9B7D2A61AC8201ACAB75ECF75E
:10681000E9FF0FCCC5F89900C5F89D10C5F8A12077
:10682000F3600A4D07CC238830617161B261B38394
:106830002F700BB0F0BD00BFA0820024A484002400
:10684000E2820024A4850024E2830024A81A002404
:106850002DE9F04F4FF000098DB0334FDFF8D4B081
:10686000C8464FEA092A314B00245FFA89F503EB49
:106870000A061B2C11D06300202CE2B24FF002015B
:1068800003F10103284608D016F814C0F35CCDF8D4
:10689000008043EACC13ECF753FC0134212CE8D1FF
:1068A0003A680BEB0A03796807F199044BF80A2060
:1068B0000DF10C0CBA6807F1B90E59609A60F968CD
:1068C0003A69D9601A61B98ABA7D99829A75206845
:1068D000103454F80C1C664654F8082C0CF1100CBB
:1068E00054F8043C74450FC6F1D1206803A9CCF8D4
:1068F00000002846ECF7C4FF2846FAF7FDFE0C4BD3
:106900009B7A022B02D10020FAF7F6FEFAF72AFE54
:1069100007F58077B9F1000F02D14FF00109A0E728
:106920000DB0BDE8F08F00BFE2820024A0820024F9
:1069300078820024A484002438B54FF48002154BDB
:10694000154C4FF4003107204FF000751C604FF0DC
:1069500080645A60002299604FF08041D8601846E8
:106960001D619A65D9615963C3E90524C3E9082209
:10697000C3E90A22C3E90E22C3E91022C3E91222A5
:10698000C3E914220BF0DCF900B938BDBDE838408A
:10699000FAF738BCA4860024003C004038B54FF418
:1069A0008002154B154C07214FF000704FF0807599
:1069B0001C604FF080645A600022D9604FF0804123
:1069C000186118469A609A65D9615963C3E90554FC
:1069D000C3E90822C3E90A22C3E90E22C3E910224F
:1069E000C3E91222C3E914220BF0AAF900B938BD99
:1069F000BDE83840FAF706BCA48700240034014003
:106A00003F4A0368F0B593428BB04FF00004CDE9E4
:106A10000544CDE90744099404D03A4A934248D04A
:106A20000BB0F0BD384B4FF4A05506460220D3F80A
:106A3000E82005A9354F42F40042C3F8E820D3F816
:106A4000E82002F400420192019AD3F8E02042F0DB
:106A50000402C3F8E0200622D3F8E030059503F0E5
:106A600004032B4D069002932A48029B099206F0DC
:106A700047FE3E2140224FF480632846EC606C6262
:106A8000AA602B61C5E90544C5E90744C5E9007161
:106A900005F034FE08B1FAF7B5FB00220221B56714
:106AA0003320AE6305F02AFB332005F05DFB0BB00D
:106AB000F0BD154B4FF4E046022505A9D3F8F020B0
:106AC0000524154842F40052C3F8F020D3F8F02012
:106AD00002F400520392039AD3F8E02042F010022D
:106AE000C3F8E020D3F8E030059603F010030695D4
:106AF00009940493049B06F003FE0BB0F0BD00BFA5
:106B0000003C004000340140004402584000024074
:106B10002C8700240008025800100258002AF0B404
:106B20000D782ADD002D4ED00E46002416F8017F88
:106B30000134002FFAD1A24207DC13F0020439D04D
:106B40003A46302603683C461BE0141B13F0020F44
:106B50000CBF20263026DB0730D4002C39DD056839
:106B6000F7B222462F70013A036803F10103036074
:106B70001D46F7D10D7825B919E020262DB3002444
:106B800003681D70013403680133036011F8015F6D
:106B9000002DF6D1002A0ADDF5B2036811461D70FA
:106BA0000139036803F101030360F8D1144420465E
:106BB000F0BC7047224620260368E2E7224635B142
:106BC00003680024DDE71446C0E72C46EFE72C46B7
:106BD000E0E72246D2E700BFF0B585B000293CD0FF
:106BE0000A2A14BF002303F0010307460BB1002952
:106BF0003DDB00230D461E468DF80F300C9B0DF13A
:106C00000F01A3F13A00B5FBF2F402FB1453254641
:106C1000092B88BF1B18303301F8013D002CF2D13D
:106C200076B10A9BA3B10B9B9B0711D53B682D2224
:106C30000A9801261A703B68013833440A903B6079
:106C40003846DDE90A23FFF769FF304405B0F0BD9F
:106C50002D23002601390B70F2E704A93024DDE969
:106C60000A2321F80C4DFFF759FF05B0F0BD0023B2
:106C70004D4201268DF80F30C0E700BF2DE9F04FDF
:106C8000924683462DED028B0A78B1B0002A00F0BF
:106C900089800E464FF006090027DFEDC38A0EE01B
:106CA0002346DBF80010344601370A701E46DBF835
:106CB00000300133CBF800306278002A73D0252AE7
:106CC00006F10104ECD17378002B6CD0252B74D025
:106CD0002D2B7DD0002503E014F8013F45F002057F
:106CE000302BF9D0A3F13001CAB2092A06D9A3F199
:106CF0002E00B0FA80F0400900287DD000208046A8
:106D00002E2B48D0092A09D809EB890208EB8806FE
:106D100003EB4203002842D0A3F1300914F8013FED
:106D2000A3F130012E2BCAB2EAD0092AE8D9732B7D
:106D300004F1010650D0642B60D0782B6ED0582B14
:106D400075D0752B76D0632B7DD0662BB4D10AF12C
:106D5000070A2AF0070A9AED007B0AF1080AB7EE43
:106D6000C77BB5EEC07AF1EE10FA00F175810CAB7D
:106D700009930693B9F1090F76D88C4B03EB89037D
:106D8000D3ED007A37EE277AB9F1000F00F04E818B
:106D9000CDF81C906AE001204FF00009BEE701EB3E
:106DA0004608BBE71746DBF80030002238461A7069
:106DB00031B0BDEC028BBDE8F08FDBF8003001375D
:106DC00002361A70DBF800300133CBF8003073E77D
:106DD000B41CB378012583E7DAF800102B46DFF8FE
:106DE000D4C1424658460AF1040A002908BF614648
:106DF000FFF794FE07445FE7804698E7DAF8001053
:106E0000612001230AF1040A0A22019502905846E2
:106E1000CDF80080FFF7E0FE07444DE752466120C1
:106E2000116800230AF1040A01951022EEE7524688
:106E30004120F5E7DAF80010612000230AF1040A86
:106E400001950A22E2E700202B46DAF8005042467C
:106E50008DF82D000BA958468DF82C500AF1040A24
:106E6000FFF75CFE074427E70A2307930120002170
:106E70004FF0000CDDF81CE00894CDE90401059901
:106E80000CF1010C8C00049944EA91738A00DDE94D
:106E9000040180185941031841EB0104E645CDE98E
:106EA0000434ECD8FCEEC77A089CDDE90401CDED92
:106EB000087AF8EE677A37EE678AE9F731FB07EE72
:106EC000900A68EE277AFCEEE77A17EE900A00281F
:106ED00072D01EAB002104939E4600E06146344B05
:106EE00001F1010CA3FB0032D20802EB8203A0EBFC
:106EF0004303104630330EF8013B002AEED1079BC6
:106F00000231002B5DD130AB01F1010E9C443023E6
:106F10000CF8483C30AB2E220B4403F8482C089B5D
:106F2000002B61D130AB30229E448B1C0EF8482CD4
:106F3000B8F1000F00F08A8001229446581E049A8E
:106F4000CDF81C9019464FF0300E1044E14601EB8D
:106F5000090201F1010C00F801EFD21A61469045D7
:106F6000F5D8DDF81C900CF1FF31BCF1000F0ED00C
:106F7000069B049A013B0A4403EB0C0012F801192A
:106F800003F8011F9842F9D1069B634406934FF022
:106F9000000C2B46069D42460999584685F800C0CC
:106FA000FFF7BCFD074487E6000000004C1603080D
:106FB000CDCCCCCC441603081EAB17EE90CA0121F1
:106FC00004930798844544D204990CF1FF3330228E
:106FD0000B440DF17701014403F8012F9942FBD1D5
:106FE000079901F1010E95E70EF1FF3C049A7346F3
:106FF00008989444CDF81C801F4A0133A2FB00215D
:10700000A3EB0E08C90801EB8102A0EB420208467F
:1070100030320CF8012F0029EED14046DDF81C80FB
:10702000421C8045944689D89C469CE7FCEEC77A72
:10703000CDED087AF8EE677A37EE677AFCEEC77A1C
:1070400017EE900A98B1CDF81C9042E701319C46AA
:107050008EE78E4661465DE70DF131022D2338EE55
:10706000C77A06920CAA8DF83030099282E61EABE0
:10707000CC460121049346E7CDCCCCCC0EB400B570
:1070800082B003AB0090684653F8041B1A46019384
:10709000FFF7F4FD02B05DF804EB03B0704700BFEA
:1070A000074B82B0D3F8F42042F00202C3F8F42078
:1070B000D3F8F43003F002030193019B02B0704750
:1070C00000440258704700BFFEE700BFFEE700BF64
:1070D000FEE700BFFEE700BF704700BF704700BF7C
:1070E000704700BF04F0CCBFFAF712B8014805F0B2
:1070F000C5BF00BF2C870024014805F0BFBF00BFFB
:10710000F090002401480BF0E7BD00BF648E00241E
:10711000014806F095BF00BF5833002408B5044865
:107120000BF0DAFD0348BDE808400BF0D5BD00BF09
:10713000A48D0024A48F002408B504480BF0CCFDD6
:107140000348BDE808400BF0C7BD00BFA48D002474
:10715000A48E002401480BF033B900BFA48600249C
:1071600001480BF0B9BD00BFE48E002401480BF0CC
:10717000B3BD00BF2490002401480CF043BB00BF06
:107180006490002401480BF01BB900BFA4870024C1
:10719000014807F003BE00BF7CB2002401480BF099
:1071A0009BBD00BFE48F002401480BF095BD00BFDC
:1071B000E48D0024F0B5344CA4FB0134640804EBE6
:1071C00044032746CC1A34D1013F56D0DFF8BCC067
:1071D00007EB470E03460426624600EB0E051670C9
:1071E000033313F8031C043202F8031C13F8021CC7
:1071F00002F8021C13F8011CAB4202F8011CEED18C
:10720000BF007A1C391D012C2CD0022C1AD0072566
:1072100070440CEB07040CF807501B780CF8023094
:107220004378A37083781948E370BDE8F0400EF00E
:107230003BBE002FCAD10346BE4604210122DFF81F
:107240004CC0E0E7062570440CEB07040CF807502F
:107250001B780CF8023043780C48A370BDE8F0406E
:107260000EF022BE05200CF807001B7807480CF82A
:107270000230BDE8F0400EF017BE0346BE460421C2
:107280000122DFF808C0C2E7ABAAAAAAA489002499
:107290001D4B1B78ABB1092870B50C4684B011D0DA
:1072A00041F20402F723194D082101A88DF80A4084
:1072B0000195ADF808208DF80B30FFF77BFF04B087
:1072C00070BD70470846114E01F0AEF9C0F30D03D2
:1072D000C0F30640F7228DF80A4040F60415DC0999
:1072E0008DF80B0003F07F030B2101A88DF80C40F3
:1072F0008DF80D300196ADF808508DF80E20FFF78F
:1073000059FF04B070BD00BFBA1A0024F00048064F
:1073100001B9704730B50446ADF2144DF5F766FF7C
:1073200063787E2B29D07F2B06D013B9A378482B06
:107330003DD00DF2144D30BDE378082BF9D12379FF
:10734000022BF6D1FAF712FF002800F0AA81A579E6
:1073500065B104EB8505627A0434A3792179E0787C
:1073600043EAC21201F088F9A542F4D1FAF7ECFE23
:10737000EFF79CF8F6F7F4FCDBE7E378082BD8D1BD
:107380002579012D00F07B81042DD2D14FF48C7131
:107390000220FEF7C9FF10B90120FAF711FFA01D66
:1073A000FBF782F8EFF782F8F6F7DAFCC1E7E3784B
:1073B000062BBED12379042BBBD16379352BB8D8EA
:1073C00001A252F823F000BFA17401083373010831
:1073D00033730108337301083373010833730108F1
:1073E0009B75010833730108337301083373010877
:1073F00033730108337301083373010833730108D1
:107400003373010833730108337301088D75010864
:1074100033730108D7750108337301085F760108DB
:1074200033730108337301083373010833730108A0
:107430003373010833730108337301083373010890
:10744000337301083373010833730108CD750108E4
:1074500033730108337301087B7501083775010820
:10746000A1740108337301083373010833730108F1
:107470003373010833730108337301083373010850
:10748000337301083373010803750108337301086E
:10749000AF7401081D7601083373010827750108D0
:1074A00004F10802E179A079FEF75AF941E74FF4B7
:1074B000CC72002181A8A4790FF0C9FB47F6F063D4
:1074C00008210122ADF80432F7238DF80712204677
:1074D00001A98DF809428DF808228DF89B33FAF73F
:1074E000F7FE01287FF425AF01A94FF4BC720DF21D
:1074F0000A200FF0A1FB81A84FF4CC71FFF75AFED0
:1075000017E7734A43F204038192ADF80832FAF7A1
:107510002DFEF7238DF80A02082181A88DF80B3281
:10752000FFF748FE05E7A37913B1012B7FF401AF04
:10753000684A1370FDE6E37901A9A07943EAC01017
:10754000FEF726FB624A42F20440E379A57901A9DD
:1075500081924FF48072ADF8080283A88DF80B3247
:107560008DF80A520FF068FBF72381A840F2091149
:107570008DF80C33FFF71EFEDBE6A07904F108015D
:10758000E37943EAC010FEF7E9F9D2E6A01DFAF765
:1075900025FE2820F6F7E4FBCBE6A37903F07F0372
:1075A000242B7FF4C6AEE079FAF70AFEE379002BCC
:1075B0007BD101F07DF8EEF779FF03283FF6B9AEF5
:1075C000002211461046EFF7DBFBB2E6EEF76EFF46
:1075D000F6F7C6FBADE6A07903283FF6AAAEE1793F
:1075E00001AAFEF7C3F90420394AE3790DEB000143
:1075F000A57981924FF40072ADF8080283A88DF846
:107600000B328DF80A520FF017FBF72381A840F2D6
:1076100009218DF80C34FFF7CDFD8AE6A37943F2FA
:1076200004322B4C01A918468DF80A328194ADF82A
:107630000822FAF713FE01283AD001AC0FCCCDF89E
:107640000B02CDF80F12CDF81322CDF81732F72325
:1076500081A818218DF81B32FFF7ACFD69E61C48A4
:107660004FF477441C4900221A4B819081A88291E3
:107670000A21ADF80C421A70FFF79CFD59E64FF451
:107680008C710220FEF750FE38B1601DFAF70CFF36
:10769000EEF70CFFF6F764FB4BE62846FAF790FD91
:1076A000F3E70120FAF78CFD51E6FAF71BFF82E7BA
:1076B0000A4A0523002110681279CDF80B028DF8D3
:1076C0000F2281AA1A440133102BD171F9D1BEE7E0
:1076D000F0004806BA1A002404150100B4EC0208B0
:1076E0002DE9F047ADF5826DFEF712FF042833D087
:1076F000002601AF81AC0DF50378DFF8C4A04FF090
:107700000409F5B2FEF704FF3A462946FEF72EF9C2
:10771000C4F800A0A4F80490FEF7FAFE3946A07160
:107720004FF400724046E5710FF086FAF72340F2FD
:107730000921204684F80832FFF73CFD0EF0D4FB07
:107740000028FBD101360A2004F0ACFC802ED8D1F1
:107750000DF5826DBDE8F087002501AF81AC0DF518
:107760000378DFF85C9042F204463946A8B2FEF78F
:107770000FFA05F07F034FEAE51C39464FF480729B
:107780004046E371C4F80090A68084F806C00FF06C
:1077900053FAF72340F20911204684F80831FFF725
:1077A00009FD0EF0A1FB0028FBD101350A2004F0F1
:1077B00079FCB5F5FA7FD8D10DF5826DBDE8F0877B
:1077C000F000480610B5ADF5C36DFEF7A1FE042824
:1077D00031D0FEF79DFE0446FEF782FE83AA0146E5
:1077E0002046FEF7C3F804232D4AADF81034CDF837
:1077F0000C24FEF78DFE8DF81204FEF771FE83A9AE
:107800008DF813044FF400720DF214400FF014FAC7
:10781000F7230DF20C4040F209218DF81436FFF7E2
:10782000C9FC0EF061FB0028FBD10A2004F03AFCF1
:107830000DF5C36D10BDFEF7FFFDFEF733FE694683
:10784000FEF7A6F9164A42F204434092ADF804311D
:10785000FEF7F2FDFEF726FEC0098DF80601FEF7E1
:10786000EBFDFEF71FFE00F07F0369464FF48072C8
:1078700042A88DF807310FF0DFF9F72340A840F256
:1078800009118DF80832FFF795FC0EF02DFB00284A
:10789000FBD10A2004F006FC0DF5C36D10BD00BF3E
:1078A000F00048060C4A08B5136833B1184469461D
:1078B000884209D81060184608BD08490B46116077
:1078C000694618448842F5D90FF07CF90C224FF034
:1078D000FF330260184608BDBC1A002488B6002495
:1078E00070B5184A8CB04FF0804040F2FF31002351
:1078F00001250F24032610601046D16003A95360B0
:1079000004930093936013619361069308930A9321
:1079100003960595099507940B94CDE901330BF077
:107920004DFB58B9002369460648009302930BF0BB
:1079300039FD08B1F9F766FC0CB070BDF9F762FCCF
:10794000F0E700BF248F0024294A40F6FF7000238F
:10795000802130B5F0248FB0264DD0601046916163
:10796000936000930393079313610693C2E9005455
:10797000CDE90133CDE90433CDE90833CDE90A334C
:10798000CDE90C330BF0E2FA70BB4FF4805303A93E
:10799000174803930BF0DAF818BB00236946144824
:1079A000009302930BF0FEFCC0B900236024082270
:1079B00007A90F4809930B93CDE907430BF096FBFA
:1079C00048B907A90C220A480BF090FB08B1F9F757
:1079D00019FC0FB030BDF9F715FCF2E7F9F712FC0E
:1079E000E3E7F9F70FFCD8E7F9F70CFCCDE700BFA8
:1079F000248E0024000C0040314A4FF6DC70002336
:107A0000802130B52F4C8DB0D0601046146091614C
:107A100053600493019308939360136107930B934E
:107A2000CDE90533CDE90233CDE909330BF072FA24
:107A3000002841D14FF4805304A9214804930BF04E
:107A400085F8002835D11E480BF09CFA70BB002346
:107A500001A91B48019303930BF0A4FC18BB00235E
:107A6000022001250F2408901A4608A914480A93F9
:107A700009950B940BF00CFC90B9042208A910484E
:107A80000BF006FC48B908A908220D480BF000FCD1
:107A900008B1F9F7B7FB0DB030BDF9F7B3FBF2E76A
:107AA000F9F7B0FBE9E7F9F7ADFBD8E7F9F7AAFB7F
:107AB000CDE7F9F7A7FBC6E7F9F7A4FBBAE700BFE4
:107AC000648E00240004004030B5114BF020114DAD
:107AD00085B000224FF4FA748021DC6099619A60CD
:107AE0000392C3E900501846CDE901220BF012FAC7
:107AF00058B9002301A90648019303930BF052FCE7
:107B000008B1F9F77FFB05B030BDF9F77BFBF0E773
:107B1000E48E00240010004030B5114BF020114DD0
:107B200085B0002242F210748021DC6099619A6075
:107B30000392C3E900501846CDE901220BF0EAF99F
:107B400058B9002301A90648019303930BF02AFCBE
:107B500008B1F9F757FB05B030BDF9F753FBF0E773
:107B600024900024001400401A4A4FF4FA700023B5
:107B7000802130B5F02489B0174DD0601046916156
:107B80009360049301930793C2E90054C2E904335C
:107B9000CDE90533CDE902330BF0BCF9B8B94FF4A8
:107BA000805304A90B4804930AF0D0FF60B9002366
:107BB00001A908480393CDE901330BF0F3FB08B1A9
:107BC000F9F720FB09B030BDF9F71CFBEFE7F9F737
:107BD00019FBE4E7A48D002400040140124A0023AD
:107BE000124841F2883110B5F02484B0106010467C
:107BF00054600093136193610393C2E90231CDE9AC
:107C000001330BF087F958B94FF4805369460648A1
:107C100000930AF09BFF08B1F9F7F4FA04B010BD25
:107C2000F9F7F0FAF0E700BFA48F00240018004035
:107C300038B50B4800220B4BF0254FF47A748021A5
:107C4000186018465D60DC6099619A601A610BF0FB
:107C500061F900B938BDBDE83840F9F7D3BA00BFC3
:107C6000001C0040A48E002438B50C4800220C4BA8
:107C700045F6C05542F228348021186018465D60F0
:107C8000DC6099619A60C3E904220BF043F900B902
:107C900038BDBDE83840F9F7B5BA00BF004401402F
:107CA000E48F002438B50B4800220B4BF02541F23D
:107CB00088348021186018465D60DC6099619A60A4
:107CC000C3E904220BF026F900B938BDBDE83840FD
:107CD000F9F798BA00480140E48D002401680023B8
:107CE000184A30B5914289B0CDE90333CDE9053367
:107CF000079301D009B030BD134B0C250222134865
:107D0000D3F8E8400DEB050144F00804C3F8E8405F
:107D1000D3F8E84004F008040194019CD3F8E04053
:107D200044F00104C3F8E040D3F8E030039503F0D9
:107D30000103049206920293029B079205F0E0FC75
:107D400009B030BD000C0040004402580000025849
:107D50000268002370B5B2F1804F88B0CDE90333DB
:107D6000CDE90533079301D008B070BD104B012455
:107D700003260225D3F8E82003A90E482243C3F8BE
:107D8000E820D3F8E82022400192019AD3F8E020BD
:107D90002243C3F8E020D3F8E03003962340079451
:107DA0000293029BCDE9045405F0AAFC08B070BD13
:107DB00000440258000002580368794A70B59342A3
:107DC0008EB04FF00004CDE90944CDE90B440D9489
:107DD0002FD0744A934257D0734A93426BD0734A60
:107DE00093427FD0724A93420DD0724A934200F080
:107DF0009580714A934200F0BD80704A934200F032
:107E0000A3800EB070BD6E4B224602212B20D3F80A
:107E1000E84044F04004C3F8E840D3F8E83003F009
:107E200040030593059B04F069F92B2004F09CF9AD
:107E3000E7E7634B02254FF4E07609A9D3F8E82081
:107E400060482A43C3F8E820D3F8E8202A4000928B
:107E5000009AD3F8E02042F00402C3F8E020D3F8FF
:107E6000E030099603F004030A950D950193019BF8
:107E700005F046FC224621461D2004F03FF91D2056
:107E800004F072F90EB070BD4D4B2246052136202C
:107E9000D3F8E84044F01004C3F8E840D3F8E830E1
:107EA00003F010030293029B04F028F9362004F03B
:107EB0005BF90EB070BD424B224606213720D3F845
:107EC000E84044F02004C3F8E840D3F8E83003F079
:107ED00020030393039B04F011F9372004F044F9C5
:107EE0000EB070BD364B022122462B20D3F8F05045
:107EF0000D43C3F8F050D3F8F0300B400493049BCB
:107F000004F0FCF82B2004F02FF9224601212C204C
:107F100004F0F4F82C2004F027F972E7284B2246ED
:107F200001212C20D3F8E84044F08004C3F8E84055
:107F3000D3F8E83003F080030693069B04F0DEF8E4
:107F40002C2004F011F95CE71D4B22460421762019
:107F5000D3F8F04044F48024C3F8F040D3F8F03074
:107F600003F480230893089B04F0C8F8762004F0FB
:107F7000FBF846E7124B224621467520D3F8F04025
:107F800044F40034C3F8F040D3F8F03003F4003385
:107F90000793079B04F0B2F8752004F0E5F830E78A
:107FA00000040040001000400014004000040140A4
:107FB00000180040001C00400044014000480140FF
:107FC000004402580008025810B5104C0821204601
:107FD0000AF0A4FC0C2120460AF0A0FC0C480AF090
:107FE0002FFC0C480AF02CFC0B480AF029FC0B482B
:107FF0000AF026FC0A480AF023FC0A480AF020FC92
:1080000000210948BDE810400AF054BD248E002428
:10801000E48E002424900024A48D0024A48F002446
:10802000A48E0024E48D0024248F002410B50F4C6E
:10803000082120460AF074FC0C2120460AF070FC4E
:108040000B480AF013FC0B480AF010FC0A480AF02F
:108050000DFC0A480AF00AFC09480AF007FC002156
:108060000848BDE810400AF049BD00BF248E002436
:10807000E48E0024A48D0024A48F0024A48E002468
:10808000E48D0024248F0024094B02689A4200D01A
:108090007047037F012B05D0022B06D0042BF7D1AC
:1080A000ECF782BE002002F05DBA012002F05ABA5D
:1080B0000004004038B5184B002247F61224174D33
:1080C0000C2118461A6159619A62C3E90054C3E948
:1080D0000222C3E90622C3E908220CF0D5FEC0B98A
:1080E00000210D480CF060FF80B900210A480CF017
:1080F00081FF40B908480CF039FF00B938BDBDE830
:108100003840F9F77FB8F9F77DF8F3E7F9F77AF82F
:10811000EBE7F9F777F8E3E7649000240078004094
:1081200038B5184B00224FF4E134174D082118469A
:108130001A6159619A62C3E90054C3E90222C3E992
:108140000622C3E908220CF09FFEC0B900210D48A9
:108150000CF02AFF80B900210A480CF04BFF40B90F
:1081600008480CF003FF00B938BDBDE83840F9F706
:1081700049B8F9F747F8F3E7F9F744F8EBE7F9F707
:1081800041F8E3E76C91002400440040454A03684D
:10819000F0B593428BB04FF00004CDE90544CDE932
:1081A0000744099404D0404A934249D00BB0F0BD33
:1081B0003E4B4FF4C07506460220D3F8E82005A9CF
:1081C0003B4F42F08042C3F8E820D3F8E82002F0A9
:1081D00080420092009AD3F8E02042F01002C3F8E7
:1081E000E0200722D3F8E030059503F01003314D6D
:1081F000069001933048019B099205F081FA4F21C6
:108200004FF480624FF4807328462A61EB61C5E920
:108210000244C5E90544C5E90844C5E9007104F014
:108220006DFA08B1F8F7EEFF0022B5675220AE6391
:10823000114603F063FF522003F096FF0BB0F0BD30
:108240001A4B2026022505A9D3F8E82007241B484D
:1082500042F40032C3F8E820D3F8E82002F40032F8
:108260000292029AD3F8E02042F00102C3F8E02023
:10827000D3F8E02002F001020392039AD3F8E02041
:1082800042F00802C3F8E020D3F8E030059603F08E
:108290000803069509940493049B05F031FA0BB08A
:1082A000F0BD00BF00780040004400400044025888
:1082B00070000240F090002400100258000C025898
:1082C0000122024902480BF0D1B900BF6891002495
:1082D000649000240A46014601480BF06BB900BFC8
:1082E000649000240268044B9A4200D07047034B0C
:1082F0001878FAF73DBE00BF00780040689100246E
:1083000038B50D46044650B3012827D100224FF45A
:1083100000713E4805F0EEFB00224FF480613B48BF
:1083200005F0E8FB2246002D57D14FF40071374885
:1083300005F0E0FB10212046FDF7F6FF03280DD1E4
:108340002A464FF48051314805F0D4FB22464FF4C1
:1083500000512E48BDE8384005F0CCBB38BD024680
:1083600080212A4805F0C6FB22464FF48071274839
:1083700005F0C0FB0122BDB98021244805F0BAFBFD
:1083800010212846FDF7D0FF0328E7D12A464FF4F5
:1083900000411E4805F0AEFB01224FF480411B480E
:1083A000BDE8384005F0A6BB4FF48071174805F0D2
:1083B000A1FB10212046FDF7B7FF0328CED12246AE
:1083C0004FF48041114805F095FB01224FF4004124
:1083D0000E48BDE8384005F08DBB4FF480610B4876
:1083E00005F088FB10212046FDF79EFF0328B5D13C
:1083F00000224FF40051054805F07CFB22464FF463
:1084000080510248BDE8384005F074BB00140258A2
:1084100008B500224FF40041044805F06BFB01222F
:1084200002210348BDE8084005F064BB000802587B
:108430000014025870B51546044698B1012810D1B1
:1084400002F00102C5F3400600293BD010213B4851
:1084500005F050FB32464021384805F04BFB032D18
:108460003CD070BD02F00102C5F34006F1B1082115
:10847000324805F03FFB32462021304805F03AFBF8
:10848000032DEED111212046FDF74EFF002838D1F3
:1084900002464FF40041294805F02CFB01224FF41D
:1084A00080412648BDE8704005F024BB40212448A7
:1084B00005F020FB32464FF400512248BDE87040E1
:1084C00005F018BB20211E4805F014FB32464FF47E
:1084D00080411C48BDE8704005F00CBB11212046CE
:1084E000FDF722FFD8B100224FF40051134805F0E8
:1084F00001FB22464FF480511048BDE8704005F062
:10850000F9BA22464FF480410C4805F0F3FA0122F3
:108510004FF400410948BDE8704005F0EBBA02464F
:108520004FF48051054805F0E5FA22464FF400511A
:108530000248BDE8704005F0DDBA00BF00140258E3
:108540000010025800080258044B002103F12002D9
:1085500023F8021F9342FBD1704700BF421B002447
:10856000F8B50D4C0D4D04F130070D4E00224FF4BF
:108570000071284605F0BEFA0C22214664231444FB
:10858000304609F08FFC01224FF40071284605F0B7
:10859000B1FABC42EAD1F8BD389400240008025870
:1085A000A4860024F0B50021114CDFF848E04FF01C
:1085B000010C01F003038A10B4F86A60013103EB87
:1085C00043000CFA03F302EB420210290EEB800089
:1085D00043F030034FEA262704F1F00400EB0205D4
:1085E0008354AE706F70E4D1BDE8F040FFF7B8BFC0
:1085F0007894002438940024FCEEC07A17EE903A68
:10860000762B0ED8074AF8EEE77A02EB830170EE7C
:10861000677A91ED017A91ED000A37EE407AA7EE84
:10862000270A7047389200247728114B1AD9D3EDC6
:10863000777ABCEEE77ADFED0F6A17EE100AC3B265
:10864000000407EE103A00F4FE00B8EEC77A77EEA9
:10865000C77A67EEA67AFCEEE77A17EE903A9BB2FD
:108660001843704703EB8000D0ED007AE1E700BFCC
:10867000389200240000804682B07728CDE90012AD
:1086800010D807EE902ADFED086A084BB8EE677A3B
:1086900007EE901A03EB8000F8EEE77AE7EE267A11
:1086A000C0ED007A02B07047000080383892002494
:1086B000074A00239FED077A07EE903A0133F8EE60
:1086C000E77A782B77EE877AE2EC017AF4D170477B
:1086D000389200240000000008B540F20D1102207D
:1086E000FDF722FEC0B208BD431EDBB2622B00D9EB
:1086F000704782B240F20D110220FDF75DBA00BF53
:1087000008B54FF488710220FDF70EFEC0B208BD17
:10871000431EDBB2622B00D9704782B24FF48871DE
:108720000220FDF749BA00BF08B50A20F6F7E6F8BF
:108730000B20F6F7E3F80920F6F7E0F81620F6F735
:10874000DDF80820F6F7DAF81720F6F7D7F8FDF786
:1087500073FE1621FDF7E8FD02282CD0032826D051
:10876000012810D0FDF768FE1521FDF7DDFD022878
:1087700013D0032816D0012800D008BD0820BDE87A
:108780000840F6F7B1B80B20F6F7AEF8FDF754FE47
:108790001521FDF7C9FD0228EBD11720BDE80840DF
:1087A000F6F7A2B81620BDE80840F6F79DB80920F4
:1087B000F6F79AF8D6E70A20F6F796F8D2E700BF60
:1087C00008B51F20F6F79AF81020F6F797F8112051
:1087D000F6F794F81E20F6F791F81220F6F78EF8C7
:1087E0001520F6F78BF81420F6F788F81320F6F723
:1087F00085F8FDF721FE1421FDF796FD032806D824
:10880000DFE800F0022C28241220F6F76DF8FDF7BF
:1088100013FE1321FDF788FD032823D8DFE800F0BD
:10882000110C07021E20BDE80840F6F75DB81F20B6
:10883000BDE80840F6F758B81020BDE80840F6F744
:1088400053B81120BDE80840F6F74EB81520F6F7EA
:108850004BF8DCE71420F6F747F8D8E71320F6F7D3
:1088600043F8D4E708BD00BF08B51A20F6F746F86C
:108870001920F6F743F81820F6F740F82720F6F706
:108880003DF81C20F6F73AF81B20F6F737F83B20A6
:10889000F6F734F81D20F6F731F8FDF7CDFD11217C
:1088A000FDF742FD88B3012802D11B20F6F71CF822
:1088B000FDF7C2FD1021FDF737FD032806D8DFE8DC
:1088C00000F0201C0D022720F6F70EF8FDF7B4FD8E
:1088D0001221FDF729FD01280AD008BD1820F6F75E
:1088E00003F8FDF7A9FD1221FDF71EFD0128F4D1C3
:1088F0001D20BDE80840F5F7F7BF1920F5F7F4FF94
:10890000E4E71A20F5F7F0FFE0E71C20F5F7ECFFAD
:10891000CEE700BF30B40123094C01EB410582F3DF
:10892000100200EB40008B4004EB850143F0300364
:1089300015120C180B54A270657030BC704700BF44
:1089400038940024F0B5054683B00E4617464FF420
:1089500000710022174805F0CDF800230193019B18
:10896000032B1EDC144C64230122694620468DF83B
:10897000005009F097FA64230122694620468DF8D9
:10898000006009F08FFA64230122694620468DF8C1
:10899000007009F087FA019B01330193019B032BBF
:1089A000E1DD01224FF40071024805F0A3F803B0A5
:1089B000F0BD00BF00080258A486002470B58022D4
:1089C000002103203126FFF7BDFF002202203224C0
:1089D0001146FFF7B7FF002202210520FFF7B2FF83
:1089E0004FF4FA7003F05EFB002205201146FFF7FA
:1089F000A9FF104B0022342003F10C0538211E7012
:108A0000033303F8022C03F8012C5C729A72DA72B9
:108A100058759A75DA7583F8211083F8222083F847
:108A20002320AB42EBD1FFF79BFDBDE87040F9F787
:108A300059BD00BF3894002438B50D46044670B1C6
:108A400001280BD100220221124805F053F8002220
:108A50000821104805F04EF8012D13D038BD02460C
:108A600001210C4805F046F822460421094805F08A
:108A700041F8012DF2D12A4604210648BDE83840CC
:108A800005F038B82A4608210248BDE8384005F00C
:108A900031B800BF00080258012800D9704770B5EE
:108AA0000D4610EE106A044602F080FDA84205D380
:108AB00005EB8400024D05EB8000066070BD00BF31
:108AC000DC1A002401EB8001024B03EB810191EDE4
:108AD000000A7047DC1A0024014B83ED000A70473E
:108AE000D01A0024024B03EB800090ED000A70477F
:108AF000D41A0024F0B50D4689B088B31F4B164632
:108B00002846062203EB450331465C78EBF7CEFAA4
:108B10000746062231462846EBF74AFB184B3A181F
:108B20001121284683FB0273D7171344C7EB231385
:108B30001C44FDF7F9FB64B224EAE474242CA8BFBA
:108B400024240128E4B208D03246294604A802F0C1
:108B50001DFD9DF812301C44E4B2204609B0F0BD62
:108B6000684602F013FD054A9DF8023012F81540E0
:108B70001C44E4B2204609B0F0BD00BF4CA4002460
:108B80009324499201EB8001024B03EB810191EDAB
:108B9000000A7047241B0024F8B5234B07460D46F6
:108BA000192233F81040EBF781FA06462946384679
:108BB0001922EBF7FDFA304440F2FF3105EB87054F
:108BC00023181A4AAD00F2EE085A9CB2184B2A44F8
:108BD0008C421D4492ED005A28BF0C4607EE904A85
:108BE0009FED0D3BB8EE676B9FED0D4B86EE037B63
:108BF00037EE077BB7EEC77BA5EE077AB7EEC77AED
:108C000087EE046BB7EEC66B85EE860A85ED000A2B
:108C1000F8BD00BFAFF300800000000000F88F40F7
:108C20007B14AE47E17A743F68940024FC1A002458
:108C3000241B0024000000002DE9F04F0E460546DD
:108C40001A212DED068B83B00192E9F7C9FF314659
:108C500004461A222846EBF729FA074631462846E9
:108C60001A22EBF7A5FA3844204400B2B0F5806F21
:108C700024DA0028C0F2568107EE900AB6EE008B87
:108C8000B8EEE77B9FEDC85B9FEDC96B87EE050BE8
:108C900030EE488BB7EEC88BB7EEC87AB4EEC67B21
:108CA000F1EE10FA0CD5DFEDCC6A9FEDC35BB4EEAC
:108CB000457BF1EE10FA36FE888A01E0B6EE008AB6
:108CC000C64BAF00022128463B4440F2FF3883EDFB
:108CD000008AE9F785FF0222044631462846EBF771
:108CE000E5F90222314681462846EBF761FA8346D0
:108CF0000220F9F7EFFD0222824631462846F9F7B5
:108D0000B5FC04440321284604EB09035B445344A7
:108D10001BB223EAE3734345A8BF43461C46E9F769
:108D20005FFF0322824631462846EBF7BFF98346B0
:108D3000032231462846EBF73BFA584482440FFAA7
:108D40008AFA2AEAEA7AD045A8BFD046F9F77AFE2D
:108D5000012800F0B5809FEDA09A019B7BBB1121FB
:108D60002846FDF7E1FA012800F0DF80DFED9A9A4E
:108D700016212846FDF7D8FA012800F0A580162113
:108D80002846FDF7D1FA022800F09E80DFED927AA6
:108D9000F0EE678A374438EE880A914E06EB870674
:108DA00030EE270A96ED008A30EE080A30EE090A06
:108DB00030EE290A03B0BDEC068BBDE8F08F16211A
:108DC0002846FDF7B1FA02284ED016212846FDF7B5
:108DD000ABFA032848D0DFED808AF0EE689A814B29
:108DE0000722314628463B4493ED007AB7EEC7AAE6
:108DF000EBF75CF90446072228463146EBF7D8F931
:108E00002044F6EE005A07EE900AB8EEE76A9FEDAE
:108E1000664BB7EEC66A86EE047B37EE0A7BB7EE8A
:108E2000C70BB4EEE50AF1EE10FA78DCFEEE007A3C
:108E3000B4EE670AF1EE10FA48BFB0EE670A38EEFA
:108E4000000A3E44664F30EE290A07EB8606D6ED4F
:108E5000007A30EE280A30EE270A30EE090A03B015
:108E6000BDEC068BBDE8F08F2846F5F77DFF5E4B25
:108E700000FB04F03246002183FB00434FEAE07C14
:108E800003442846CCEB63231BB207EE903A9FEDD8
:108E90004C6BB8EEE77B87EE060BF7EEC09BE8F76E
:108EA000FBFC07EE908AB8EEE77A9FED476B27EE62
:108EB000007AB7EEC77A87EE060BF7EEC08B8EE727
:108EC0004A4B93ED009A48E72846F5F74DFF464B8D
:108ED00000FB04F4284683FB0423E11732462344B5
:108EE000C1EB632300211BB207EE903A9FED346B78
:108EF000B8EEE77B87EE060BF7EEC08BE8F7CCFC0D
:108F000007EE908AB8EEE77A9FED2F6B27EE007A96
:108F1000B7EEC77A87EE060BF7EEC07B3AE7B0EE06
:108F2000650A8CE7BEEE008ACAE612212846FDF7E4
:108F3000FBF901287FF41AAF10212846FDF7F4F958
:108F400003283FF413AF05212846E9F749FE05221F
:108F5000814631462846EBF7A9F8052231460190B3
:108F60002846EBF725F983460520F9F7B3FC0522DF
:108F7000824631462846F9F779FB019B4844034471
:108F80005B4453441BB283F30A0307EE103A9FED90
:108F9000105BB8EEC77B9FED046B27EE057B87EE79
:108FA000060BF7EEC09BE3E60000000000F88F40E0
:108FB0007B14AE47E17A843F7B14AE47E17A84BFED
:108FC000F6285C8FC25545407B832F4CA66A3C40F7
:108FD000000000000000554000000000D41A0024EA
:108FE000DC1A00247094002403082080D01A002486
:108FF000024B03EB800090ED000A704770A4002440
:1090000007EE901A0C4B0D4AB8EE675B03EB80033A
:1090100022F810109FED066B85EE067B37EE077B7E
:10902000B7EEC77B83ED007A704700BFAFF30080D7
:109030000000000000F88F4070A400246894002411
:1090400038B50C4606210546FDF76EF9E0B10F4A2A
:1090500004EB85040E4B4FF47A70526ADFED0D6A13
:1090600092B20D49A3FB025301EB84049B0900FB60
:109070001323A3F5FA731BB207EE903AF8EEE77AE2
:1090800087EEA67A84ED007A38BD00BF0014004058
:10909000D34D621000401C46FC1A00240000000062
:1090A0002DE9F0472DED048B9FED739B9FED748BA5
:1090B0004FF00008DFF8D091002728E01521204666
:1090C000FDF732F9022875D015212046FDF72CF95D
:1090D000032800F0998040F2FF1513212046FDF788
:1090E00023F90228314620460CBFAAB240F2FF12F3
:1090F000F8F754FD10212046FDF716F9022853D049
:109100003146204640F2FF12F8F75AFD013702F0CF
:109110004DFAB8426EDD5FFA88F41521FEB22046A2
:10912000FDF702F90128C9D104212046E9F758FDCD
:10913000054604223146C5F34F052046EAF7B6FF3F
:109140000422054431462046EBF732F8054404205A
:10915000F9F7C0FB0544042231462046F9F786FAA8
:1091600005442046F5F700FE00F5007005FB00F011
:1091700089FB0032C3171044C3EB602307EE903A1B
:10918000B8EEE77BB0EE486BA7EE096BBDEEC67B91
:1091900017EE103A1DB2642DB8BF6425B5F5617F96
:1091A000A8BF4FF4617598E7AAB231462046F8F798
:1091B00007FDABE704212046E9F712FD054604222E
:1091C0003146C5F34F052046EAF770FF04220544F7
:1091D00031462046EAF7ECFF05440420F9F77AFB14
:1091E0000544042231462046F9F740FA284407EEA8
:1091F000900AC5E7B8F1000F02D14FF001085BE714
:10920000BDEC048BBDE8F08704212046E9F7E8FCBB
:10921000054604223146C5F34F052046EAF746FFCE
:109220000422054431462046EAF7C2FF05440420E3
:10923000F9F750FB042200EB050A31462046F9F706
:1092400015FA05463246002155442046E8F724FB2E
:1092500007EE905AF8EEE77A27EE800AB0EE487BE8
:10926000B7EEC00AA0EE097BBDEEC77B17EE103A41
:109270001DB290E7AFF300809A9999999999E93FC7
:109280000000000000F07F4003082080014B33F80D
:10929000100070476CA500242DE9F041AA4E0B2167
:1092A00000203588EAF7B6FE0B2104460020EAF7D5
:1092B00059FF80460720F9F70DFB072107460020DC
:1092C000F9F726FA284411210444002044443C4480
:1092D00024B2B4F5806F21DA002C7FDBFDF724F88F
:1092E000012800F0C480B4F58C7F80F2F280C4EBDA
:1092F0008424964BA3FB0434C4F34F2440F2FF3084
:10930000F8F716FC01460020F8F778FC2046F8F73D
:109310000FFC01460020F8F765FC12E0FDF704F8A9
:10932000012862D00020F8F703FC01460020F8F77E
:1093300065FC40F2FF30F8F7FBFB01460020F8F730
:1093400051FC0B2101207588EAF764FE0B210446CD
:109350000120EAF707FF07460720F9F7BBFA0721C4
:1093600006460120F9F7D4F92844112104440120CC
:109370003C44344424B2B4F5806F21DA002C45DB40
:10938000FCF7D2FF012858D0B4F58C7F80F28D8095
:10939000C4EB84246D4BA3FB0434C4F34F2440F28C
:1093A000FF30F8F7C5FB01460120F8F727FC2046FF
:1093B000F8F7BEFB01460120BDE8F041F8F712BC0A
:1093C000FCF7B2FF012828D00020F8F7B1FB0146D6
:1093D0000120F8F713FC40F2FF30E9E7FCF7A4FFA7
:1093E000012800F08A80002488E712210020FCF781
:1093F0009BFF012896D110210020FCF795FF032840
:1094000090D000210846F8F7F9FB92E7FCF78CFFB3
:10941000012800F086800024C1E71221FCF784FFB8
:1094200001280446D0D11021FCF77EFF0328CBD0C1
:1094300020460021F8F7E2FBCDE71221FCF774FF8C
:1094400001280546A0D11021FCF76EFF03289BD010
:1094500028460021F8F7D2FBB4F53A7FBBDAC4EB1B
:10946000842440F2E72394FBF3F4A4B29FE7122193
:109470000020FCF759FF01287FF435AF10210020B0
:10948000FCF752FF03283FF42EAF00210846F8F7FF
:10949000B5FBB4F53A7FBFF64CAFC4EB84242B4B3D
:1094A000A3FB0434C4F34F2430E7A4F58C73284A9B
:1094B000C3EB832382FB0312D817A0EB222000F218
:1094C000FF3080B2F8F734FB01460120F8F796FB35
:1094D000C2E7A4F58C731E4AC3EB832382FB0312FD
:1094E000D817A0EB222000F2FF3080B2F8F720FB63
:1094F00001460020F8F782FBCBE712210020FCF7A1
:1095000013FF01287FF46FAF10210020FCF70CFF40
:1095100003283FF468AF002108460C46F8F76EFBBD
:10952000BBE71221FCF700FF012804467FF473AF6C
:109530001021FCF7F9FE03283FF46DAF204600210F
:10954000F8F75CFB00248AE76CA5002431BE68B004
:10955000195F3458024B03EB8000405C704700BF3A
:109560001C1B0024024B03EB800090ED000A7047A7
:10957000709400240000000007EE901AB6EE006B15
:10958000094BB8EE674B03EB80009FED055B84EE63
:10959000057B37EE467BB7EEC77B80ED007A7047E0
:1095A0000000000000F88F4070940024024B03EB91
:1095B00040004078704700BF4CA4002407EE901A8A
:1095C000B3EE0C6B064BB8EE675B03EB400085EE29
:1095D000067BFCEEC77B17EE903A4370704700BFE6
:1095E0004CA4002411B11146FEF78ABE02EB4202E0
:1095F0000249920001F81020704700BF4CA40024DB
:1096000080B101280DD10146002210B5044606485C
:1096100004F070FA042122460348BDE8104004F02B
:1096200069BA7047FEF7F4BE00140258032A03D843
:10963000012901D8FEF7FEBE704700BF014B23F899
:10964000101070476CA500242DE9F0430F4683B03D
:1096500011210646FCF768FE01287FD0052130461F
:10966000E9F7BEFA0522054639463046EAF71EFDFF
:109670000522394604463046EAF79AFD8146052020
:10968000F9F728F90522804639463046F8F7EEFF0B
:109690000544102130462C44FCF746FE03284C4478
:1096A000444424B20CD107EE904A9FED396BB8EEDA
:1096B000E77B27EE067BBDEEC77B17EE103A1CB2A8
:1096C000B4F5806F42DA002C5ADB07EE904A9FED2A
:1096D000325BB8EEE74B84EE056BB0EE447BFCEEFC
:1096E000C66BCDED016A9DF8042006EE902A0B2A88
:1096F000B8EE666BA6EE457B87EE056BB7EEC66BE4
:1097000024D8501C07EB8603254903EB430403EBE5
:1097100084031A44034431F8122031F8133007EE61
:10972000902A9B1AF8EEE77A07EE103AB8EEC77A5D
:10973000E7EE067AFCEEE77A17EE903A9AB23946EF
:10974000304603B0BDE8F043F8F716BA144A07EB09
:1097500086031A2101FB03231A8BF0E712213046FE
:10976000FCF7E2FD01287FF479AF10213046FCF7C9
:10977000DBFD03283FF472AF394630460022E0E7B4
:10978000012000229FED076ABCE700BFAFF3008015
:109790009A9999999999C93F000000000050554045
:1097A00078A30024000000002DE9F04F00232DEDE8
:1097B000048B9FEDCC9A91B006930A93069A4FF0D2
:1097C000000BD3B20B93C84B134401930A9B5A006E
:1097D0005FFA83FADB000892994601F0E7FE5845EC
:1097E00040F397805FFA8BF650465FFA89F30027C3
:1097F00031460593FFF728FF31465046FFF7CCF975
:10980000069A089BF0EE408A0BEB0205B74903EB82
:109810006B03DAB205F0010301EB850502EB4208A8
:1098200009925B00029308F10103039308F102031C
:109830000493FCB2324651462046FFF75BF907EE2F
:10984000900A06215046B8EE678AFCF76DFD0228A3
:1098500069D006215046FCF767FD012863D085EDED
:10986000008A224631465046FFF7E6F930EE088A74
:10987000002F70D131465046E8F740F8029B012195
:10988000E31801FA03F242F03002D2B2002800F0ED
:10989000AC80F3EE007A0598044438EE678AE4B2AF
:1098A000B5EEC08AF1EE10FA00F1EB80FCEEC87A5A
:1098B000CDED077A9DF81C00752840F20081C4EBBD
:1098C00004148B4901EB0414B4F8EE00894C07EB47
:1098D000090103EB430334F91110874C0144039849
:1098E00004EB830381F3100103F808200A121A54D1
:1098F000049A99542035002F75D0019B0BF1010B70
:1099000009F102090133019301F050FE58453FF778
:1099100069AF069B043306930A9B002B40F0D78067
:1099200001230A934AE7324651460CA801F02EFE65
:109930009DF83030012B64D0019B1B78002B62D145
:10994000224631465046FFF777F995ED008A30EE12
:10995000088A002F8ED011215046FCF7E5FC012823
:1099600088D10B9BF2EE087A6449F318029AC8EE8C
:10997000276ADBB2013203EB430301EB430031F80A
:109980001330418807EE903ACB1A5D49B8EEE77A7A
:1099900081FB0301A1EBE37307EE903AF8EEE77A5F
:1099A000A7EEA67AFDEEC77A17EE903A002BC0F22A
:1099B00095804FF6FF718B42A8BF0B46C3F307217A
:1099C000DBB2012502EB4200099C05FA02F24A4D86
:1099D00004EB440405EB800042F030020519025507
:1099E0006970AB7089E7012723E703EB4303424922
:1099F00001EB830303F80820039A9854049A9854BF
:109A000078E7019A1370D5ED007AF4EEC87AF1EE9A
:109A100010FA24D538EE677AB4EEE87AF1EE10FA4F
:109A200029DB77EEA87AC5ED007A06215046FCF7CF
:109A30007BFC022822463146504684D1FFF7FCF8D1
:109A4000D5ED007AFCEEE77ACDED077A9DF81C3073
:109A500008EE103AB8EEC88A38EE008A08E737EE0A
:109A6000C87AB4EEE87AF1EE10FA04DB77EEE87A21
:109A7000C5ED007AD9E70023019A85ED008A1370BD
:109A8000D3E7B0EE498A0020C4EB0414E40020447C
:109A90000C44174931F8100031F8141007EE900A01
:109AA000091AB8EEE77A07EE901AF8EEE77AA7EE11
:109AB000887AFCEEC77A17EE901A88B206E707EEAE
:109AC000900A4118F8EEE77A38EE678ADCE711B0C1
:109AD000BDEC048BBDE8F04FFEF742BD00231946F4
:109AE0006FE700BF000000001C1B0024D0140024FE
:109AF00078940024441B002438940024F891002416
:109B00005655555510B5044600224FF400611348D0
:109B100003F0F0FF14F001024FF480710F4818BFFA
:109B2000012203F0E7FF14F002024FF400710B482A
:109B300018BF012203F0DEFF14F0040206D14FF437
:109B400080610648BDE8104003F0D4BF01224FF405
:109B500080610248BDE8104003F0CCBF000C025801
:109B6000F8B50022294B2A4906462A4C0A70227071
:109B70001968294F21F00101284D19605A6258696E
:109B800040F001005861186920F001001861186860
:109B900040F0010018607A6221482A7008F050FEF7
:109BA00066BB31461F4808F00DFF1F4A1F49204879
:109BB000204B1278097800781E7805E012B909B9AF
:109BC00000B926B12B78F3B92378002BF6D01448CE
:109BD00008F04CFE0021134808F02EFF0421114824
:109BE00008F02AFF144B154A1B78991E013B32F8E6
:109BF000110032F8133018444008F8BD0421094818
:109C000008F0E0FED1E74FF6FF70F8BD0004004019
:109C1000C11A0024C81A002400440140641B002417
:109C2000E48F0024648E0024C31A0024CC1A00247C
:109C3000CA1A0024CD1A0024C01A002478A40024D3
:109C400008B5F8F761F87C20F8F780F84FF47062F7
:109C500005494FF4F820F8F703F930220349044886
:109C6000BDE80840F8F7FCB878940024F891002487
:109C700000CF070008B5F8F747F87720F8F766F83F
:109C8000D02203494FF4EE20BDE80840F8F7E8B8C9
:109C900078A30024F8B50F4D002741F25114D022CB
:109CA00005F1D0060C494FF4EE20F8F79DF82A464E
:109CB000002332F8020F03F25511B0F5805F28BF80
:109CC00013808BB2A342F4D16F801A35B542EED126
:109CD000F8BD00BF76A3002478A30024F8B54FF4A4
:109CE000706223494FF4F8200025F8F77DF82148E9
:109CF00030222149F8F778F84FF6FF741F482E46B6
:109D00001F4FC5EB0512A0F1F00307EB021233F869
:109D1000021FA14201D111881980834202F102027F
:109D2000F5D1013685F0010503F1F000102EE8D1E0
:109D3000114B4FF6FF7242F2AC6646F6605503F1E6
:109D400030004BF2B03419880633914233F8041CCA
:109D500008BF23F8066C914233F8021C08BF23F8B1
:109D6000045C914208BF23F8024C8342EBD1F8BD5A
:109D70007894002400CF0700F89100246695002411
:109D8000C411002400212DE9F04F0D4608460C4671
:109D90009F4E2DED028B87B0FEF74EFE2946012027
:109DA000FEF74AFE2A4602219A4803F0A3FE2A46FD
:109DB0004FF40041984803F09DFE2A460121954842
:109DC00003F098FE2A460421924803F093FE2946A8
:109DD00028463570FEF794FA29460120B570FEF743
:109DE0008FFAC4F3870504F00306002201342846E5
:109DF0003146F7F7D3FE314628460022F7F7E0FE5A
:109E0000082CEED1002404F00301C4F387000134D0
:109E10000022F7F7B1FE082CF5D101F0C7FB049042
:109E2000FEF704F90020EEF701FA7C4B02220F2125
:109E30009FED7B8A05921A68DFF800B222F00102DA
:109E40001A6099625A6942F001025A611A6922F055
:109E500001021A611A6842F001021A60049B002B89
:109E600000F0D180059B0093002303930021084656
:109E7000FEF746FA00210120FEF742FA009B023B62
:109E80005FFA83FABAF1070F40F2B780AAF108002F
:109E9000C0B24FEA0A144FEA9A050194FFF732FE66
:109EA0000AF00301A4EB0A0201235E4C01EB410618
:109EB000322004EB02128B4005EB45055A49B2F8FB
:109EC000824043F03003B600584A5FFA83F90870C5
:109ED000324421126F1C05F1020802F80590D15599
:109EE00002F80840FEF73CFB9BF80030002B71D0D5
:109EF0004FEADA03CDF808A09A461DE037EE077A5C
:109F0000A7EE086AFDEEC67A17EE903A474A181295
:109F100091191A1B1C460132022A31D9B3F5803F30
:109F20002ED201F80590C85501F80830FEF718FB4D
:109F30009BF80030002B4DD05046FFF711FE3C4BF4
:109F4000B3F88230C01A0130002858D007EE103A1A
:109F500007EE900AF8EE476A07EE104AF8EEE77A45
:109F6000B8EEC76A87EEA67AC8DCF6EE007A27EE6E
:109F7000277AA7EE086AFDEEC67A17EE903AC5E793
:109F8000DDF808A09BF8002022B3019A0AF1010134
:109F9000244CA2EB0A02274804EB0212B2F88220FA
:109FA0009B1A20F81A305FFA81FA009B53457FF420
:109FB00069AF0233039ADBB201320093049B039230
:109FC0009A427FF453AF059B0833DBB2122B059303
:109FD0007FF444AFFDF7F8FF01224FF4006116480B
:109FE00003F088FD0020F7F787FB012007B0BDECE8
:109FF000028BBDE8F04FF7F77FBB504649E7DDF82D
:10A0000008A02346BEE79BF80030002BDBD1E1E738
:10A010004CA4002400140258000802580004004018
:10A0200000CCCC4578940024C01A00243894002435
:10A03000E0130024441B0024000C0258C31A00241F
:10A0400008282DE9F04F2DED028B93B000F06E82C1
:10A0500000F0030386081193721C013310920C93D5
:10A060000021A04F0D460846FEF7E6FC01202946D8
:10A070002C46FEF7E1FC2A4602219B4803F03AFDFC
:10A080002A464FF40041994803F034FD2A46012145
:10A09000954803F02FFD2A460421934803F02AFD3A
:10A0A000294628463D70FEF72BF929460120BD7050
:10A0B000FEF726F9FDF7BAFF04F00301C4F38700A9
:10A0C00001340022F7F758FD082CF5D10024C4F321
:10A0D000870504F003070022013428463946F7F7C4
:10A0E0005DFD394628460022F7F76AFD082CEED1BF
:10A0F000109A0F96964280F222820F9904231198AB
:10A100007B4A13FB01039FED7B8ADFED7B8A5900BD
:10A11000DFF8FCA1C3EB0313013102EB43130D91F4
:10A120000E93119B0C998B4280F2C1810E9A0B9376
:10A1300009920D9A0892089B0021D3465A1E0133BA
:10A1400008460A93099B06920793FEF7D9F8002167
:10A150000120FEF7D5F89AF8003068484FF0000467
:10A16000069D20F81540002B00F0E680ECB220465A
:10A17000EEF75CF8072D01DD083CE4B22046069CB2
:10A180004FF0010A0026C4F3C7034FEAA409059360
:10A19000FFF7B8FC0A2009EB490901F083FF04F03E
:10A1A0000303079A41F2883403EB43050AFA03FAE2
:10A1B000534B4AF0300A039203EB850509F1010382
:10A1C0005FFA8AFA019305EB090309F10209029388
:10A1D0004C4BF0B24C4A7700196832F8162021F047
:10A1E0000101013A19609A625A6942F001025A610A
:10A1F0001A6922F001021A611A6842F001021A601B
:10A20000EDF78CFF0223414AB4F5803F137080F2D2
:10A21000838024EAE473029A019982F800A01A125A
:10A22000DFF8F0806A5405F80930FEF799F90496D2
:10A23000059E0BE0BCF1040F3EDD029B83F800A0FD
:10A24000019BEA5405F80910FEF78AF9F2F7CEFFF0
:10A250003046FFF785FC38F807309BF80020C01A1D
:10A26000002A69D0002800F0508107EE900A06EE1F
:10A27000904AB8EEE77A07EE903AF8EEE66AF8EE22
:10A28000677A87EE276AF0EE667AE6EE087AFDEEE8
:10A29000E77A17EE901A88B20A12031B17EE904A5B
:10A2A0009BB20FFA83FCBCF1000F02DA5B420FFA9B
:10A2B00083FCB1F5803FBDD3039B049E1880731CC3
:10A2C000002E00F02B81039A8CB2782B32F8022CEE
:10A2D000A4EB02040C4422D01E46039B02330393DA
:10A2E00076E700BF4CA4002400140258000802586E
:10A2F0007894002400CCCC4500E2E446441B0024C2
:10A30000389400240004004010150024C01A0024D2
:10A31000C31A0024E0130024731C782BDCD19BF8B3
:10A3200000304BB10799069AF031013207910A9932
:10A33000069291427FF411AF01210020FDF7E0FF6A
:10A340000121DA460846FDF7DBFF9BF80030002BC1
:10A3500000F0AD80089D6C1004F11000C0B2EDF764
:10A3600065FF072DE8B201DD0838C0B2089DFFF790
:10A37000C9FB0A20012701F095FE05F003022846DB
:10A38000C5F3C70B02EB4201974086106D4D04EBFD
:10A3900044026D4B06EB460647F0300703EB4203E1
:10A3A000002005EB810506F10109039342F21074C8
:10A3B000AB190236FFB20290B0460193634B022103
:10A3C000029E634830F816201868013A20F0010018
:10A3D000186030469A625A695E4E42F001025A6134
:10A3E0001A6922F001021A611A6842F001021A6029
:10A3F000594B1970EDF7D0FE2312019A177005F82A
:10A40000093005F80840FEF7ABF80AE0B3F5803FE5
:10A4100036D2019A177005F8091005F80830FEF7D2
:10A420009FF8F2F7E3FE5846FFF79AFB9AF80030E0
:10A430003044002B3BD0002876D007EE900A07EE80
:10A44000104AF8EEE77AB8EEC77AC7EEA86AF0EEDF
:10A45000477AE6EE887AFDEEE77A17EE903A98B200
:10A460001912021B17EE904A92B20FFA82FCBCF14D
:10A47000000F02DA52420FFA82FCBCF1020FC5DC77
:10A48000039B44F6206423F8020B0393029B002BEA
:10A4900047D0089A0B9B023201330892099A0B931A
:10A4A00002F5F07209920C9A93427FF444AE0D9A31
:10A4B0000F9B083201330D920E9A0F9302F5F06252
:10A4C0000E92109A93427FF42CAE9AF800300BB1A2
:10A4D000FFF7B6FBFDF778FD01224FF400611F483E
:10A4E00003F008FB0020F7F707F90120F7F704F95C
:10A4F0004FF485710220FBF717FFC0B213B0BDEC1B
:10A50000028BBDE8F04F01F0E7B9039BA0B2049EB7
:10A5100021461880731C002E7FF4D5AE01F5FA7425
:10A52000DAE60123029349E7A0B2A9E700231E4619
:10A53000119301F03BF802230C90109390E5DFF8A3
:10A5400020A0C2E738940024F891002400040040C1
:10A55000BC1100248F8DFFFFC01A0024000C02588C
:10A56000C31A002438B5254C25492378E8B90A8850
:10A57000244892B2244D02806A6B92B20A806BB179
:10A580000A885D1E018892B289B28A4238BF02F100
:10A59000FF32521A1D4992B221F815201C4A127836
:10A5A0009A421FD00133237038BD0A88154892B2F1
:10A5B000154D0280AA6B92B20A806BB10A885D1EAB
:10A5C000018892B289B28A4238BF02F1FF32521A30
:10A5D0000E4992B221F815200D4A12789A42E1D123
:10A5E000042100E000210B4808F026FA23780A4AEB
:10A5F000012101331170237038BD00BFC11A00243E
:10A60000C61A0024C41A00240004004078A40024C0
:10A61000C01A0024648E0024C81A0024014B187844
:10A62000704700BFC31A0024014B00221A70704704
:10A63000C31A0024044B1878012801D00020704769
:10A6400000221A70704700BFC21A002430B4044AB6
:10A650000124044D044B28701470197030BC7047ED
:10A66000C21A0024A41300246E9400240A4B012271
:10A6700010B50A4C1B78227043B1FFF783FB00230F
:10A6800014202370BDE81040F3F76ABB044B187820
:10A69000FFF7D6FCF3E700BF6E940024C31A002432
:10A6A000A4130024014B01221A707047641B00247C
:10A6B00000212DE9F04188460846D54DD54F2DEDB6
:10A6C000048B82B0FEF7B8F941460120FEF7B4F9D9
:10A6D00042460221D04803F00DFA42464FF40041B1
:10A6E000CE4803F007FA42460121CB4803F002FAB4
:10A6F00042460421C84803F0FDF94146404685F82A
:10A700000080FDF7FDFD4146012085F80280FDF740
:10A71000F7FD01230821C2483B7008F001F90C2124
:10A72000BF4808F0FDF8BF4808F0A0F8BE4808F0A0
:10A730009DF8BE4808F09AF8BD4808F097F8BD4863
:10A7400008F094F80820F7F7CDF95FFA88F40026AE
:10A75000F5B20022204601362946F7F7FDF92946D1
:10A7600000222046F7F708FA294600222046F7F78C
:10A7700015FA294600222046F7F722FA042EE7D1DF
:10A7800000212046F7F746FA00212046F7F74EFA57
:10A7900000212046F7F726FA00212046F7F72EFA87
:10A7A00020460021F7F74EFAB8F1000F02D14FF022
:10A7B0000108CAE7F1F744FD0228044600F0988139
:10A7C000F1F73EFD012840F084809B4B02229FED73
:10A7D0009B9A1A70DFED9A9A9FED8B8B63E0073896
:10A7E000C0B2FFF78FF90920E6F7AAF804F00306D4
:10A7F00081014FF6FF7E06EB460C924D71454FF0FE
:10A8000001024FEA94030190A8BF714605EB8C0545
:10A8100003EB4303B2404FEA212CEE1842F0300222
:10A82000EA5486F801C0B170FDF79AFE019807EE70
:10A83000900AB8EE677AB7EEC77A87EE086BFCEE3F
:10A84000C67BCDED017A9DF80430772B40F2D8809D
:10A850007D4BB3F8EE507D4B6A1E6420196821F0E1
:10A86000010119609A625A6942F001025A611A693B
:10A8700022F001021A611A6842F001021A6001F026
:10A8800011FCE008FFF76CF942F20F73984200F2F6
:10A89000A480012D40F0A180B0EE690AF1F7D6FC4A
:10A8A000642001F0FFFBF1F7CBFC012840F0D680DB
:10A8B000F2F79CFCEBF7FAFD342840F01281F1F737
:10A8C000B9FC4000C0B2441CE4B2072C87D8204633
:10A8D00087E7F1F7B5FC002840F0BA80564B02221A
:10A8E0009FED569A1A70DFED569A9FED478B61E007
:10A8F000A4F10800C0B2FFF705F90920E6F720F837
:10A9000004F0020101224FF6FF7C4E4DA30801FA2C
:10A9100002F68A4003EB430301900E44810142F0AA
:10A920003002614505EB8605A8BF6146EA54EE1882
:10A930000B12B1707370FDF713FE019807EE900AC9
:10A94000B8EE677AB7EEC77A87EE086BFCEEC67B87
:10A95000CDED017A9DF80430772B40F2B9803A4B67
:10A96000B3F8EE50394B6A1E6420196821F00101DA
:10A9700019609A625A6942F001025A611A6922F01A
:10A9800001021A611A6842F001021A6001F08AFBA2
:10A99000E008FFF7E5F842F20F73984200F2848076
:10A9A000012D40F08180B0EE690AF1F74FFC642080
:10A9B00001F078FBF1F744FC00284FD1F2F716FCC8
:10A9C000EBF774FD342840F08C80F1F733FC400045
:10A9D000C4B2072C8CD820468DE74FF6FF739842FF
:10A9E0007AD007EE900AB8EE670A07EE905AF8EEB2
:10A9F000E77A20EE270A89EE000AF1F727FC4FE7F5
:10AA0000114A32F8135026E79A99999999192140D9
:10AA10004CA40024CD1A0024001402580008025847
:10AA2000248E0024E48E0024A48D0024A48F00240E
:10AA3000A48E0024E48D0024C01A0024C0E1644DDB
:10AA40000000C8C2389400241015002400040040FF
:10AA5000F1F7F6FB032801D1EAF7AAFC08216B48BD
:10AA600007F05CFF0C21694807F058FF684807F0C1
:10AA7000E7FE684807F0E4FE674807F0E1FE674834
:10AA800007F0DEFE664807F0DBFE4FF4857102201A
:10AA9000FBF74AFCC0B200F01FFF00233B7002B07E
:10AAA000BDEC048BBDE8F0814FF6FF73984200F0D7
:10AAB000A88007EE900AB8EE670A07EE905AF8EE03
:10AAC000E77A20EE270A89EE000AF1F7BFFB6EE76E
:10AAD000544A32F8135045E7BFEE000AF1F7B6FBCF
:10AAE000DEE6F7F709F8EBF7E1FCF3F739F9B5E73C
:10AAF00041460020FDF704FC41464046DFED4A8A0E
:10AB0000FDF7FEFB494B40F2FF3049491A689FEDC3
:10AB1000498A22F001029FED489A484E1A609862D5
:10AB20005A69474D42F001025A611A6922F0010246
:10AB30001A611A6842F001021A600C70F1F780FB8A
:10AB400002288BD1F2F752FBEBF7B0FC3428C8D1C6
:10AB5000F1F770FB4000C0B2441C0738E4B2C0B249
:10AB6000072C04F0030898BF2046FEF7CBFF09200E
:10AB7000E5F7E6FE44F2B46242F2AC63012102FB67
:10AB800000F008EB480C01FA08F186FB00E24FEAFE
:10AB9000E07E05EB8C0C41F030011044A208CEEBB6
:10ABA000602002EB420203440CF802100CEB02009E
:10ABB0009BB21A1283704270FDF7D2FCE008FEF7D8
:10ABC000CFFFB0F57A7F4FF6FF7310D3984213D0C2
:10ABD00007EE900AB8EE670A20EE280A88EE000A0F
:10ABE000F1F734FBF1F72CFB0228ABD036E7B0EEDF
:10ABF000490AF1F72BFBA1E7BFEE000AF1F726FBAC
:10AC00009CE7BFEE000AF1F721FBD0E6248E00247A
:10AC1000E48E0024A48D0024A48F0024A48E00249C
:10AC2000E48D00241015002400008044000400403E
:10AC3000C01A0024C0E1644D0000C8C2030820808F
:10AC400038940024014B00221A707047CC1A00245B
:10AC5000044B1878012801D00020704700221A7098
:10AC6000704700BFCB1A002402490122024B087032
:10AC70001A707047A5130024CB1A0024014B002240
:10AC80001A707047CA1A0024044B1878012801D0A2
:10AC90000020704700221A70704700BFC91A0024B4
:10ACA000014B01221A707047C91A002438B51D4D96
:10ACB00028780130C0B208282FD02870EFF744F967
:10ACC00028780024F6F70EFF04F00301C4F3870090
:10ACD00001340022F6F740FF082CF5D1287840F621
:10ACE000FF7200F003018008F6F736FF2B785A0058
:10ACF000072A0ADD03F17C004000C0B2FEF702FF24
:10AD00000A20BDE8384001F0CDB9D0B2FEF7FAFE16
:10AD10000A20BDE8384001F0C5B9002318462B7061
:10AD2000CCE700BFA51300242DE9F04F2DED048BD7
:10AD30008FB0FDF77BF9BB4B1B78082B00F05982D5
:10AD40009D0803F003036A1C099301330C920793D7
:10AD50000021B54807F0AEFE00210C460846FDF77D
:10AD60006BFE01202146FDF767FE01212046FDF71D
:10AD7000C7FA01210846FDF7C3FAFDF749FB012098
:10AD80000221FEF73DFC0820F6F7ACFEC4F387066F
:10AD900004F003070022013430463946F6F7DCFEA2
:10ADA0003946304640F2FF12F6F7F8FE3946304693
:10ADB00040F2FF12F6F704FF082CE7D1022201212E
:10ADC00000204FF00009FDF735FB01210222084663
:10ADD000FDF730FB954B7F20012219689046DFF884
:10ADE00068C221F00101DFF864E2196098625969D4
:10ADF00011435961196921F0010119611968114361
:10AE00001960531E02F00300BCF828400CF5F07CDA
:10AE1000DBB200EB400708FA00F003F003019B08E7
:10AE20000EEB870740F0300001EB410608FA01F114
:10AE300003EB43030EEB860641F03001F15433443B
:10AE4000910802329C70241201EB4101D2B25C7075
:10AE50007B187854112A83F8019083F80290D0D19E
:10AE6000FDF77EFB0522724B0A951A700C9A9542EB
:10AE700080F2BC8104231A216E4ADFF8D4B19FED21
:10AE80006E9ADFF8A8A1DDE9094013FB004301FB3E
:10AE900003225B000B920D93099B079A934280F269
:10AEA000E2800D9A9BF800300492002B00F0DB80CA
:10AEB0009DF828304AF6C87900930B9B0693099BAE
:10AEC0000593049B072BD8B201DD0838C0B29DF86A
:10AED0001480FEF717FE0A20584F01F0E3F8049D96
:10AEE00000230098C5F3C7046D00414640F2EE22EE
:10AEF0000895069D9FED528A2B80012303950293AE
:10AF0000F6F73AFE322001F0CDF8029B4146009858
:10AF100018EE105A5A000192DAB2EEF7BDFF039B09
:10AF200040F6FF7223F8022F0393F2F75FF901E076
:10AF3000484506D92046FEF713FE9BF80030002B4B
:10AF4000F6D1DAF8002064207B8822F00102013B70
:10AF5000CAF80020CAF82830DAF8143043F00103A8
:10AF6000CAF81430DAF8103023F00103CAF81030B0
:10AF7000DAF8003043F00103CAF8003001F092F82B
:10AF80002046FEF7EDFD019A2E4B9B5A9BF80020C0
:10AF90009842A0EB030100F09980002A00F096800F
:10AFA00007EE101A07EE905AF8EEC76A07EE103A4D
:10AFB000F8EEE77AB8EE477A86EE876AE6EE097A27
:10AFC000FDEEE77A17EE902A16B2B54200F0B38094
:10AFD000B2B2B2F5805F80F0AB8041460098F6F7E0
:10AFE000CBFD052001F05EF8DAF800307F224AF64A
:10AFF000C77523F00103CAF80030CAF82820DAF830
:10B00000143043F00103CAF81430DAF8103023F09A
:10B010000103CAF81030DAF8003043F00103CAF82F
:10B02000003019E0A5130024248F00240004004000
:10B03000C01A002478A3002400C0CC43C413002409
:10B04000EE020000A8130024789400243894002411
:10B05000CC1A0024A84237D82046FEF781FD9BF881
:10B060000030002BF6D10D9A0A9B083201330D9265
:10B070000B9A0A9368320B920C9A93427FF40CAFAE
:10B08000F6F73AFD9BF80030002B40F0AC80FEF75D
:10B0900001FEFCF799FF01224FF40061594802F0CC
:10B0A00029FD0020F6F728FB0120F6F725FB4FF4D9
:10B0B00085710220FBF738F9C0B20FB0BDEC048BEC
:10B0C000BDE8F04F00F008BC35462EE708EE105AF8
:10B0D000002AC8D018EE103A9AB2039B1A80029B3D
:10B0E000072B05D802F5967292B213B208EE103A09
:10B0F000029B41460098023701331D460293F6F742
:10B100003BFD322000F0CEFF0D2D7FF4FEAE9BF80C
:10B110000030002BA7D0069A059B1A320133069205
:10B12000079A059393429ED0049B02330493C8E68A
:10B1300008EE106ACEE72A46834208EE105A08EE5F
:10B14000901A054692B227D201324146009896B233
:10B150003246F6F711FD052000F0A4FF089A2A4BAD
:10B1600020469B5AED1AFEF7FBFC29B2002901DAB2
:10B170006D4229B2244B089A9A5A831A9BB218B28C
:10B18000002801DA5B4218B288429BF800209FDC5D
:10B1900033B208EE103A9BE7013A4146009895B267
:10B1A0002A46F6F7E9FC052000F07CFF2046FEF772
:10B1B000D7FC18EE903A19B2002901DA5B4219B2B5
:10B1C000114B089A9B5AC31A9BB218B2002801DA95
:10B1D0005B4218B288429BF800203FF779AF2BB250
:10B1E00008EE103A74E7FEF745FD52E7DFF81CB0B1
:10B1F00046E700231D46099300F0D8F90223079083
:10B200000C93A5E5000C0258A8130024CC1A0024C6
:10B210002DE9F84F2DED048BFCF708FF00210C46BB
:10B220000846FDF709FC01202146FDF705FC012138
:10B230002046FDF765F801210846FDF761F8FDF7A6
:10B24000E7F801200221FEF7DBF90820F6F74AFCB7
:10B25000C4F3870504F00306002201342846314672
:10B26000F6F77AFC3146284640F2FF12F6F796FCD4
:10B270003146284640F2FF12F6F7A2FC082CE7D12F
:10B28000002102227E4D0C460846FDF7D3F802222B
:10B2900021460120FDF7CEF8022201212046FDF7CC
:10B2A000C9F801210222774F0846FDF7C3F8764B13
:10B2B0007F214FF0010E1A68F44622F001021A6055
:10B2C00099625A6942EA0E025A611A6922F0010231
:10B2D0001A611A6842EA0E021A600EF1FF330EF08C
:10B2E00003024FEA9E000EF1020EDBB20CFA02F9E5
:10B2F00002EB4202B5F86A6003F003089B0807EB13
:10B30000820149F0300908EB480A0CFA08F203EB15
:10B31000430305F5F07507EB8A0842F0300200EBB5
:10B3200040005FFA8EFE08F8032008EB030A4FEA9C
:10B33000262B0B18BEF1110F8AF802608AF801B0B3
:10B3400001F800905C709C70C7D1FDF709F94F4D72
:10B350004F4B022200202C701A70FEF7D3FB287886
:10B360000024F6F7BFFB287840F6FF7200F00301D7
:10B370008008F6F7F1FB40F2FF312046F6F732FC89
:10B3800040F2FF310120F6F72DFC40F2FF3120465C
:10B39000F6F734FC40F2FF310120F6F72FFC04F001
:10B3A0000301C4F38700013440F6FF72F6F7E4FBB3
:10B3B000082CF4D1374C2878EEF7C6FD2378002B03
:10B3C0003CD09FED359ADFED358A9FED358A04E05C
:10B3D000642000F067FE237883B32020E5F7B0FAFD
:10B3E000F6F7B0FB01460020F6F714FC2020E5F745
:10B3F000A7FAF6F7A7FB01460120F6F70BFCF1F7D9
:10B40000F5FE28788008FEF7ABFB4FF6FF739842F5
:10B4100030D007EE900AF8EE677A67EE897A88EE08
:10B42000A70AB4EEC80AF1EE10FAD1D5F0F70EFF74
:10B43000642000F037FE2378002BCED1F6F75CFBBA
:10B44000FCF7C2FD01224FF40061164802F052FBE6
:10B450000020F6F751F90120F6F74EF94FF4857107
:10B460000220FAF761FFC0B2BDEC048BBDE8F84FD3
:10B4700000F032BABFEE000AF0F7E8FED8E700BFEE
:10B48000789400243894002400040040A51300247C
:10B49000C01A0024CA1A002400000043C0E1644D11
:10B4A00000007A44000C025810B50123054C2370AB
:10B4B000FFF73AFC002349202370BDE81040F2F763
:10B4C0004FBC00BFCC1A002410B50123054C2370DB
:10B4D000FFF79EFE002307202370BDE81040F2F71F
:10B4E0003FBC00BFCA1A002430B400230122064D1D
:10B4F000064C074807492A702270C0E90033C1E9A9
:10B50000003330BC704700BF011600240016002431
:10B510006C1B0024741B0024014B1878704700BF7B
:10B520007C1B0024014B01221A7070477C1B0024F5
:10B53000014B00221A7070477C1B0024002110B4BC
:10B540000B46114C08010131021904290355D3712E
:10B550005380137153719371F4D100210A480A4644
:10B5600000EB01130131042983F8402083F84720C0
:10B57000A3F8422083F8442083F8452083F846202E
:10B58000EED15DF8044B70470010003802EB8102E9
:10B59000054B1201134410B404460FCB84E80F008E
:10B5A00020465DF8044B70470010003808B540F2A3
:10B5B00005110220FAF7B8FE042801D9002008BDC1
:10B5C00040F205110220FAF7AFFE0028F6D040F253
:10B5D00005110220FAF7A8FEC0B208BD2DE9F84314
:10B5E00004460E461D46082A0CD8DFE802F01C2946
:10B5F00038515B650B050D0001EB80047B4B24018A
:10B600002344DD60BDE8F8834FF489710220FAF726
:10B610008BFE06EB8404042800F2DA80DFE800F0F9
:10B62000C3BAB1A89F00002D01EB80046F4BC0F29C
:10B63000C3807F2D61DD24017F2223445A80E1E70E
:10B640004FF480710220FAF76FFE06EB84040428A1
:10B6500000F2B780DFE800F0685F7A715600012DD4
:10B66000D0D801EB8003614FE9B21B01F9541F44AC
:10B67000F3F7F4FC0028C5D1012D00F0B080FB7970
:10B68000002BBFD131462046BDE8F843EBF726B981
:10B6900001EB8004554A05F07F05240122445571D1
:10B6A000BDE8F883012DADD801EB80044F4BEDB21E
:10B6B00024012344DD71A5E7FF2D06D001EB8003B3
:10B6C0004A4AE9B21B011A441172A4004FF0000962
:10B6D000464F4FF0FF08FFF769FF04EB09034845A9
:10B6E00007EB03138EDD4E4509F10109F3D01A7AF9
:10B6F000AA42F0D183F80880EDE724012DB223445B
:10B700005D807FE705F07F05384B2401384A2344EC
:10B71000525D1A7176E705F07F05344B2401354AF6
:10B720002344525D1A716DE705F07F052F4B24010C
:10B73000314A2344525D1A7164E705F07F052B4BB3
:10B7400024012E4A2344525D1A715BE705F07F0500
:10B75000264B24012A4A2344525D1A7152E705F010
:10B760007F05224B2401224A2344525D9A7149E706
:10B7700005F07F051D4B2401204A2344525D9A7138
:10B7800040E705F07F05194B24011D4A2344525D13
:10B790009A7137E705F07F05144B2401154A2344BD
:10B7A000525D9A712EE705F07F05104B2401124A75
:10B7B0002344525D9A7125E72401002223445A80D4
:10B7C00020E70A4B240105F07F0523441D7119E78A
:10B7D000064B240105F07F0523449D7112E7314695
:10B7E0002046BDE8F843EBF739B800BF0010003839
:10B7F000E817030868170308E81603086818030821
:10B8000068160308064B012210B5064C1A70FFF7A4
:10B81000CDFE01382070FFF7C9FE0138607010BD01
:10B82000651B0024681B0024431E032B01D9FFF76E
:10B83000E9BF10B50246044640F205110220FAF7AE
:10B84000BBF9034B1C70BDE81040FFF7DBBF00BF26
:10B850000216002408B54FF485710220FAF764FD42
:10B8600002281ED04FF491710220FAF75DFD0128E5
:10B8700017D001221748114602F03CF9002202219C
:10B88000144802F037F901224FF40071114802F018
:10B8900031F900224FF480610E48BDE8084002F003
:10B8A00029B901220B48114602F024F90122022194
:10B8B000084802F01FF901224FF40071054802F018
:10B8C00019F901224FF480610248BDE8084002F0F6
:10B8D00011B900BF0010025810B50446FFF792FFDF
:10B8E000F3F772FAF7F718FD234B1B781BB3022C02
:10B8F00025D00020F3F726FA9CB1E6F7FFFCFFF70E
:10B90000A9FF0020F5F7F8FE0120F5F7F5FE00206D
:10B91000F3F71EFA0120F3F71BFABDE81040F5F724
:10B9200021BE2046E7F7F8FBE6F774F90028E6D1D8
:10B93000E6F7A2FBE3E7FFF7D7FD022CD9D1012000
:10B94000E7F7D6FB0020E7F7E7FB0120F3F7FAF96A
:10B950000120FAF777FD3420F2F7D0FF3520F2F717
:10B96000C3FF0020E6F79CFF0020E6F72BFF002036
:10B97000E6F716FDC3E700BF00160024A44A002323
:10B980002DE9F04F92F80090A1B0A24A9846DFF856
:10B990008CB204AE12F80970039001971F4600257F
:10B9A0004FEA870A08E094E80F008CE80F009DF842
:10B9B0002730012B14D00135FFF7F8FD0AEB050401
:10B9C000A8420DF1200C0BEB041408F1010E0ADD66
:10B9D00094E80F0086E80F009DF81030002BE2D1AC
:10B9E0005FFA8EF8E7E7012F01D00127D7E702972A
:10B9F000019FB8F1000F4BD0874B1B78002B4CD028
:10BA00000025864E17E004EB8E040DF1300C0DF18D
:10BA10004008013506EB041494E80F008CE80F0091
:10BA20009DF8303013B394E80F0088E80F009DF8BC
:10BA30004730012B1AD0FFF7B9FD013700B2FFB232
:10BA4000B5EB400F24DAFFF7B1FDB842CE463C46D5
:10BA5000D9D109F1010900275FFA89F93C46B9F10A
:10BA6000020FCE46CFD1B946BE46CCE7694B07EBB5
:10BA7000890003F80E7040B2654B83F8009021B046
:10BA8000BDE8F08F0BF1010B019B5B4540F0BD80E1
:10BA90004FF0FF3021B0BDE8F08F0298E6F788FE46
:10BAA00004460028ACD140F209110220FAF73CFC10
:10BAB00003285B4B28D11B78002B6CD00024DFF8C7
:10BAC0005C8114AE00254FEA840A0FE097E80F006E
:10BAD00086E80F009DF850303BB997E80F008CE8DE
:10BAE0000F009DF86730002B7AD00135FFF75EFD1F
:10BAF0000AEB0507A8420DF1600C08EB0717E5DC1F
:10BB0000002CC5D10124DDE71C70FFF74FFD02B208
:10BB10005200BDD0DFF818A103999AF800308B428B
:10BB200000F0C480DFF80C910AF101002546039E65
:10BB30004B4603E010F8011BB1422FD013F8011F50
:10BB40000135002908BF0124AA42F3D1002C52D0AC
:10BB5000344B354C616A89B2B1FBF2F002FB101133
:10BB6000585C0028F6D1314C039825780AF801007A
:10BB7000681C5D54C3B29342254A88BF01232370D9
:10BB800001F00103C1F34701137001EB8300214A67
:10BB900040B2D15473E7FFF7A7FC8FE705F0010C23
:10BBA000C5F3470E5FFA8CF80EEB880040B21D4BD0
:10BBB0001C4603EB020914F8011B5E5D4F1E8E420A
:10BBC00002D2F9B204F8011C01B9013AA145F2D13F
:10BBD0005A550F4B83F800800E4B03F80CE04EE7EC
:10BBE000E4B20B4BEDB21C7005EB8404094B60B260
:10BBF00003F8095043E705F1010BDFF820E00DF1F0
:10BC00007008CDF804B0DDF808B04F46002617E004
:10BC1000651B0024681B00247C1B002400100038D6
:10BC200000160024741B0024001400400116002498
:10BC30006C1B0024731B00240136AE423FF422AF7C
:10BC400017F8013F5B45F7D106F0010C741004EBC7
:10BC50008C030EEB03130FCB88E80F009DF87030B8
:10BC6000012BE9D0144BE8B2D84619461D4411F80F
:10BC7000012B471E424502F1FF3E03DD5FFA8EF2C3
:10BC800001F8012C02B9F8B2A942F0D1039AE4B24A
:10BC900098555FFA8CF30AF80620084A02F80C401F
:10BCA00004EB8304064A60B21370E8E62046A64619
:10BCB000A046A44625467AE7741B0024681B00248E
:10BCC000651B00242DE9F04FA34BA1B0002681464F
:10BCD00000914FEA800B1D5CB046DFF884A204AFF0
:10BCE00008E094E80F008CE80F009DF82730012B46
:10BCF00014D00136FFF75AFC0BEB0604B0420DF1ED
:10BD0000200C0AEB041408F1010E0ADD94E80F0080
:10BD100087E80F009DF81030002BE2D15FFA8EF813
:10BD2000E7E7B8F1000F2AD08C4B1B789BB30026B5
:10BD30008B4F1EE0FFF73AFCA8422C4601D10025AC
:10BD40002C4604EB89040DF1300C0DF1400E013648
:10BD500007EB041494E80F008CE80F009DF83030D6
:10BD600093B194E80F008EE80F009DF84730012B47
:10BD70000AD0FFF71BFC0135B042EDB2DADC4FF020
:10BD8000FF3021B0BDE8F08F734B68B203F8095063
:10BD900021B0BDE8F08F4846E6F70AFD04460028CA
:10BDA000C5D140F209110220FAF7BEFA03281FD1CB
:10BDB000DFF8AC814FEA890714AE0FE095E80F0079
:10BDC00086E80F009DF850303BB995E80F008CE8ED
:10BDD0000F009DF86730002B4FD00134FFF7E6FBD2
:10BDE0003D19A0420DF1600C08EB0515E6DCC6E735
:10BDF0005C4B1C70FFF7DAFB074686460028BED076
:10BE00000FFA89F6584B009A13F82630B600934281
:10BE100000F09C80DFF85CA12546534B0AEB060B33
:10BE200000989A195B4603E012F8011F814229D05D
:10BE300013F8011B0135002905EB060C08BF01248E
:10BE4000BD42F1D1002C36D048494B6A9BB2B3FBBE
:10BE5000F7F407FB1434A3191AF80320002AF4D1CD
:10BE60004349414A0098D0540878421C0AF803001C
:10BE7000D3B29F4238BF01230B70374B60B203F837
:10BE8000094085E7ECB268B25644374416F8013BE6
:10BE90001AF80C20591E9A4202D2CBB206F8013C85
:10BEA0000BB90EF1FF3EB742F0D12B4B0AF80CE074
:10BEB00003F809406CE76B1C4FF0010E03970293E7
:10BEC0004FEA89039C465F460024CDF8049002E0C7
:10BED0000134AC4232D017F8013B04EB060873453D
:10BEE000F6D11F4A0CEB04030DF1700902EB0313AA
:10BEF0000FCB89E80F009DF87030012BE8D0039F2D
:10BF00000AEB0603DDF804903B441BF8012B791E75
:10BF1000724502F1FF3002DDC2B20BF8012C02B90A
:10BF2000CFB29B45F1D1104B60B2009A0AF808706D
:10BF300003F80820084B03F8094029E70EF1010E29
:10BF4000029BDDF804909E45BDD118E72046B4461B
:10BF5000DFF820A098E700BF681B00247C1B0024AA
:10BF600000100038001600246C1B00240014004050
:10BF700001160024741B0024FFF7A4BEDFF834D0A0
:10BF8000002103E00C4B5B58435004310B480C4B31
:10BF900042189A42F6D30B4A02E0002342F8043BCF
:10BFA000094B9A42F9D3E4F781FC0AF011FEF3F74A
:10BFB0001BFC704700000220201C03080000002426
:10BFC0003C1900243C19002488B60024FEE7000038
:10BFD0000F4B1B780BB9012070474FF47A720D4953
:10BFE000B2FBF3F310B504460868B0FBF3F000F0C1
:10BFF000DDF80F2C00D808B1012010BD0022214629
:10C000004FF0FF3000F07AF8034B00201C6010BDA9
:10C0100003160024000000240416002430B5032079
:10C0200083B000F057F8124C03F092FF114A124906
:10C0300093699269C3F30323104D02F00F02CB5CA6
:10C040008A5C03F01F0302F01F0220FA03F30020B2
:10C0500023FA02F22B602260FFF7BAFF10B1012031
:10C0600003B030BD0190FBF71BF8019803B030BD61
:10C070000400002400440258A8970208000000248D
:10C08000034A044B11681B780B441360704700BFD0
:10C0900070A5002403160024014B1868704700BFE8
:10C0A00070A5002438B50446FFF7F6FF0546631C6B
:10C0B00002D0044B1B781C44FFF7EEFF401BA0424C
:10C0C000FAD338BD03160024014B1868000C7047E2
:10C0D0000010005C07490002074BCA6800F4E060EA
:10C0E00010B44FF6FF0422405DF8044B134318438D
:10C0F000C860704700ED00E00000FA05174BDB68F0
:10C10000C3F3022330B4C3F107051C1D042D28BF5F
:10C110000425062C18D9033B4FF0FF349C4022EA3B
:10C1200004044FF0FF32002802FA05F221EA02016E
:10C1300001FA03F242EA04024FEA0212D2B206DB2B
:10C14000074B1A5430BC704700242346E9E700F03F
:10C150000F00044B1A5430BC704700BF00ED00E0E4
:10C1600000E400E014ED00E0002807DB00F01F0110
:10C1700001234009024A8B4042F82030704700BF3B
:10C1800000E100E000280DDB4309012200F01F0060
:10C190000549203302FA00F041F82300BFF34F8F26
:10C1A000BFF36F8F704700BF00E100E00138B0F1CE
:10C1B000807F0DD2074B0022072130B4F025064CBA
:10C1C0005860104684F823509A60196030BC70475C
:10C1D0000120704710E000E000ED00E02DE9F041A3
:10C1E000A04C90460568866DA54200F0F680183494
:10C1F000A54200F0F28018349B4FDFF884E2BD4284
:10C2000018BFA542DFF87CC207F148070CBF012424
:10C210000024754508BF44F001040EF1480E654541
:10C2200008BF44F001040CF5627CBD4208BF44F035
:10C2300001048E4F754508BF44F00104DFF834E275
:10C24000654508BF44F00104754518BFBD420CF1B7
:10C25000180C0EF1280E0CBF01270027654508BFFA
:10C2600044F001040CF1180C754508BF47F00107B4
:10C270000EF1140E654508BF44F001040CF1180CD2
:10C28000754508BF47F001070EF1140E654508BF5C
:10C2900044F001040CF1180C754508BF47F0010784
:10C2A0000EF1140E654508BF44F001040CF1180CA2
:10C2B000754508BF47F001070EF1140E654508BF2C
:10C2C00044F001040CF1180C754508BF47F0010754
:10C2D0000EF1140E654508BF44F001040CF1180C72
:10C2E000754508BF47F00107654508BF44F00104E4
:10C2F0000FB9002C7BD0426EC76E9446826ECCF88C
:10C300000420002F52D05A4CDFF874C1564F6545B7
:10C3100018BFA542DFF870E10CF5866C426F0CBFC8
:10C3200001240024BD4208BF44F0010407F58667DC
:10C33000754508BF44F00104AEF1480E654508BFDD
:10C3400044F00104ACF1480CBD4208BF44F00104C4
:10C35000A7F58067754508BF44F00104AEF5747E0B
:10C36000654508BF44F00104ACF5687CBD4208BFD8
:10C3700044F0010407F56277754508BF44F00104F5
:10C380000EF5627E654508BF44F001040CF5627C41
:10C39000BD4208BF44F00104076F754508BF44F073
:10C3A00001047A60654508BF44F00104FCB1C76D23
:10C3B0003F24D0F808C007F01F00BCF1400F04FA7A
:10C3C00000F0B060286820F4802028606B6043D0C3
:10C3D000A960C5F80C80BDE8F081D0E91A74426EFE
:10C3E0005760002CE3D0D0E91C476760DFE7214CA1
:10C3F000DFF878C0204F654518BFA5420CF1280C26
:10C400000CBF01240024BD4208BF44F001042837BA
:10C41000654508BF44F001040CF1280CBD4208BF7B
:10C4200044F001042837654508BF44F00104BD42CB
:10C4300008BF44F0010414B9104CA542CBD1C76D1C
:10C440000124D0F808C007F01F00BCF1400F04FA27
:10C4500000F070606B60BBD1C5F80880E960BDE892
:10C46000F08100BF10000240580002401C540258E6
:10C470004000024008540258305402589454025864
:10C480007000024088000240B80402400268014681
:10C49000344B354830B4354C354DA24218BF9A4222
:10C4A00004F148040CBF01230023824208BF43F07B
:10C4B00001034830AA4208BF43F001034835A242B5
:10C4C00008BF43F001034834824208BF43F0010330
:10C4D00000F56270AA4208BF43F0010305F56275DA
:10C4E000A24208BF43F0010304F56274824208BF10
:10C4F00043F001034830AA4208BF43F00103483526
:10C50000A24208BF43F001034834824208BF43F00F
:10C5100001034830AA4208BF43F00103A24208BF0A
:10C5200043F00103824208BF43F0010313B9114BEA
:10C530009A4212D1D3B2104D1048103B104C10400B
:10C54000A5FB03531B0903F00702032BA25C88BF62
:10C550000430CA65886530BC704722F0FF008865EA
:10C56000F9E700BF100002404000024028000240EE
:10C5700058000240B8040240ABAAAAAA00FCFFFF80
:10C58000E81803080168294B294A914218BF9942CB
:10C5900002F13C020CBF0123002330B4254D264C90
:10C5A000A94208BF43F001033C35A14208BF43F054
:10C5B00001033C34914208BF43F00103CAB2A942CF
:10C5C00008BF43F00103A14208BF43F0010313B9C0
:10C5D0001A4B994213D1A2F10803194A19490124AF
:10C5E000A2FB0323184A1B094266194403F01F03E8
:10C5F000890004FA03F30166836630BC7047134B6D
:10C60000103A134C0B44A4FB0242A82B4FEA12121F
:10C6100000D808320F4B02F01F0501210E4C1344C5
:10C62000A94044669B0081660366E6E70854025809
:10C630001C5402583054025844540258945402581E
:10C64000CDCCCCCC0096001680580258F0FBFDBF34
:10C65000ABAAAAAA008200108008024070B4047934
:10C66000611E072930D802681C4B1D4E1D4DB24279
:10C6700018BF9A4206F128060CBF01230023AA42E4
:10C6800008BF43F001032835B24208BF43F001035D
:10C690002836AA4208BF43F001032835B24208BF3A
:10C6A00043F00103AA4208BF43F0010313B90E4B44
:10C6B0009A420BD10D4B0E4A234402679B00C3667E
:10C6C000012303FA01F1416770BC7047094B0A4A24
:10C6D000234402679B00C366F2E700BF0854025878
:10C6E0001C54025830540258945402583F96001675
:10C6F000405902583F82001040090240F8B50446F4
:10C70000FFF7CAFC002C00F03481236805469A4AE2
:10C71000934249D01832934246D0183297489849EC
:10C72000834218BF934200F130000CBF0122002267
:10C730008B4208BF42F001023031834208BF42F011
:10C74000010230308B4208BF42F0010201F55C71FA
:10C75000834208BF42F0010200F55C708B4208BFC3
:10C7600042F001023031834208BF42F00102303012
:10C770008B4208BF42F001023031834208BF42F0D1
:10C78000010230308B4208BF42F001023031834257
:10C7900008BF42F001028B4208BF42F001021AB901
:10C7A000784A934240F059810222002184F83520D2
:10C7B0001A6884F8341022F001021A6006E0FFF7CC
:10C7C0006BFC401B052800F2CD8023681A68D60751
:10C7D000F5D4D4E9022120690A431F68D4E9056130
:10C7E00002433243684ED4E907500A433E402A438D
:10C7F000656A0243042D42EA060200F0D580634ECA
:10C80000634836683040B0F1005F80F0DA801A602B
:10C810005A6922F007022A435A612046FFF736FE82
:10C82000E26D3F2302F01F02934083602268524B67
:10C830005849594D8A4218BF9A42504801F148015F
:10C840000CBF01230023AA4208BF43F0010348356F
:10C85000824208BF43F0010348308A4208BF43F0D8
:10C8600001034831AA4208BF43F0010305F5627590
:10C87000824208BF43F0010300F562708A4208BF9C
:10C8800043F0010301F56271AA4208BF43F00103BE
:10C890004835824208BF43F0010348308A4208BF4E
:10C8A00043F001034831AA4208BF43F00103483571
:10C8B000824208BF43F0010348308A4208BF43F078
:10C8C000010301F1C051AA4208BF43F0010301F581
:10C8D0009F41324D824208BF43F0010330488A42F3
:10C8E00008BF43F001033C31AA4208BF43F00103F3
:10C8F0003C35824208BF43F001033C308A4208BF06
:10C9000043F001033C31AA4208BF43F001038242D5
:10C9100008BF43F001038A4208BF43F0010313B983
:10C92000204B9A4218D12046FFF72CFEA368802B9B
:10C9300079D06368206EDDB2013BD4E91921072B61
:10C940000560516076D82046FFF788FEE16E002032
:10C95000D4E91C3208605A6000200123606584F825
:10C960003530F8BD202203230120626584F835307C
:10C97000F8BD0120F8BD00BF100002405800024081
:10C9800070000240B80402403F8010FE0010005CBE
:10C990000000FFFF28000240400002401C540258E3
:10C9A00030540258945402586A486B4E0768E06A43
:10C9B0003E40276BB6F1005F40EA070742EA0702F4
:10C9C00044D36668A6F129071F2F25D94F3E032EB1
:10C9D00026D91A60042D5A6922F0070242EA05029C
:10C9E0007FF41AAFE06AA56A2A4300283FF414AF27
:10C9F00029B3B1F5005F00F09480022D05D9032D15
:10CA00007FF40AAFC1017FF507AF0123402218462A
:10CA1000626584F83530F8BD5048F840C007D5D578
:10CA200042F48012D5E70023A16ED4E918026360B6
:10CA3000036051600023C4E91B3363678CE7012D59
:10CA40006AD0DFD3022D7FF4E7AEDBE71A605A69C4
:10CA500022F0070242F00402C5E7414A4149424838
:10CA60008B4218BF934201F12801404D0CBF0122B7
:10CA70000022834208BF42F001023C308B4208BFD3
:10CA800042F001023C31AB4208BF42F00102834256
:10CA900008BF42F001028B4208BF42F0010212B906
:10CAA000334A93424ED10221A268324F002084F8CB
:10CAB0003510402A196884F8340007EA01073FD08E
:10CAC000802A14BF01464FF4804122692046E6685F
:10CAD000D2086569DFF8A4C042EAD602A66942EA34
:10CAE000D502E56942EAD602234E42EAD5021E4447
:10CAF000256A42EA1512ACFB06653A432D0911433B
:10CB0000AD001960E565FFF7C1FCE26D012302F09D
:10CB10001F029340436089E6B0F1C07F7FF47CAE92
:10CB200073E7032D3FF678AE01A151F825F000BF61
:10CB30000BCA010805CA01080BCA010819CB010874
:10CB40001021C2E7402203230120626584F83530BA
:10CB5000F8BD00BF0010005C0000FFFF3F00C0C335
:10CB6000085402581C540258305402585854025861
:10CB7000945402580F00FEFFF8ABFDA7CDCCCCCCEF
:10CB8000002800F0A2802DE9F04F044690F8340010
:10CB900083B0012800F06F81012094F83550854260
:10CBA00084F8340008D000224FF4006384F8342065
:10CBB000636503B0BDE8F08F0227206884F8357004
:10CBC00000276765056825F0010505602046FFF729
:10CBD00005FB3F4823683F4A934218BF83420CBF7E
:10CBE0000120002040F082801A68216C22F01E0291
:10CBF00042F016021A6019B11A6842F008021A606F
:10CC0000226E1168C90303D5116841F48071116067
:10CC1000E26E1AB1116841F48071116000284CD1A4
:10CC20002D4A2E492E4C8B4218BF93422D4801F1BC
:10CC300060012D4D0CBF01220022A34208BF42F02B
:10CC4000010204F56874834208BF42F0010200F556
:10CC500068708B4208BF42F0010201F56871AB4277
:10CC600008BF42F0010205F56875A34208BF42F013
:10CC700001026034834208BF42F0010260308B42FF
:10CC800008BF42F001026031AB4208BF42F001022E
:10CC9000A34208BF42F00102834208BF42F00102F2
:10CCA0008B4208BF42F001023AB93030181AB0FA8C
:10CCB00080F04009002800F0E2801A68002042F06D
:10CCC00001021A6003B0BDE8F08F0120704700BF79
:10CCD000100002402800024058000240400002407C
:10CCE0007000024088000240B8000240DFF8D8819E
:10CCF000DFF8D8E1DFF8D891734518BF434569499B
:10CD0000DFF8D0A10CBF01220022DFF8CCB14B45E7
:10CD100008BF42F00102644D644E8B4208BF42F0EE
:10CD20000102634FDFF8B4C1534508BF42F001026E
:10CD30005B4508BF42F00102AB4208BF42F001026E
:10CD4000256C01955B4DAB4208BF42F001021835DE
:10CD5000AB4208BF42F001021835AB4208BF42F0B7
:10CD600001021835AB4208BF42F00102B34208BFCE
:10CD700042F00102BB4208BF42F00102634508BF16
:10CD800042F00102002A7FD01D6825F01E0545F003
:10CD900016051D60019D002D3FD0534518BF8B42E5
:10CDA0001A680CBF0121002142F008024B4508BF60
:10CDB00041F001011A60434508BF41F0010173458C
:10CDC00008BF41F00101634514BF0A4641F001026A
:10CDD0003949BB4208BF42F00102B34208BF42F0EA
:10CDE00001028B4208BF42F0010218398B4208BF92
:10CDF00042F0010218398B4208BF42F00102183993
:10CE00008B4208BF42F0010218398B4208BF42F042
:10CE100001025B4508BF42F001022849284D294E16
:10CE2000AB4218BF8B4205F13C050CBF012100212C
:10CE3000B34208BF41F001012836AB4208BF41F0C0
:10CE400001012835B34208BF41F001012836AB4249
:10CE500008BF41F001012835B34208BF41F001018C
:10CE6000AB4208BF41F0010100297FF4C9AE002A9E
:10CE70007FF4C6AED4E6022003B0BDE8F08F1A6896
:10CE800042F001021A6094E6196821F00E0141F0A7
:10CE90000A01196001990029BFD0196841F0040105
:10CEA0001960BAE78800024010040240880402407A
:10CEB000A004024028040240700402401C5402589E
:10CEC00008540258305402584000024058000240B2
:10CED00070000240A0000240B8000240B8040240C6
:10CEE000002860D090F83520022A38B5034603D0D8
:10CEF000802201205A6538BD0168574A914249D0C5
:10CF00001832914246D030325448554C814218BFB5
:10CF1000914200F14800534D0CBF01220022A14272
:10CF200008BF42F001024834814208BF42F00102CA
:10CF300000F56270A94208BF42F0010205F5627572
:10CF4000A14208BF42F0010204F56274814208BFA9
:10CF500042F001024830A94208BF42F001024835C0
:10CF6000A14208BF42F001024834814208BF42F0AA
:10CF700001024830A94208BF42F00102A14208BFA5
:10CF800042F00102814208BF42F0010212B9364A62
:10CF900091420AD10422002083F835200B6823F047
:10CFA00001030B6038BD0120704704F1C0542F4AC3
:10CFB0002F4804F59F442F4DA14218BF914204F120
:10CFC00050040CBF01220022814208BF42F001023E
:10CFD0000868A94208BF42F0010220F00E0028357F
:10CFE000A14208BF42F00102086028340868A94243
:10CFF00008BF42F0010220F00100A14208BF42F048
:10D000000102086012B91C4A914217D11C6E01211D
:10D01000D86D226800F01F009D6D22F4807281405F
:10D02000586E2260D3E91A426960446032B11168D7
:10D03000186F5C6F21F4807111604460002401213D
:10D040001A6D83F8344083F835101AB118469047AA
:10D05000204638BD104638BD100002404000024056
:10D0600070000240A0000240B80402401C54025864
:10D070003054025844540258945402582DE9F04F49
:10D08000A44985B0A44E00240368A44AD0F858806F
:10D090000968934218BFB3420394019108BF012667
:10D0A000D8F8005018BF0026D8F8001046D0183223
:10D0B0009B4F9C4CBB4218BF934207F130070CBFFB
:10D0C00001220022A34208BF42F001023034BB42D9
:10D0D00008BF42F001023037A34208BF42F001020C
:10D0E00004F55C74BB4208BF42F0010207F55C77AF
:10D0F000A34208BF42F001023034BB4208BF42F0F5
:10D1000001023037A34208BF42F001023034BB4273
:10D1100008BF42F001023037A34208BF42F00102CB
:10D120003034BB4208BF42F00102A34208BF42F0C4
:10D1300001021AB97C4A934240F0EF81C16D082286
:10D1400001F01F07BA402A4240F0D88104464FF050
:10D15000040C102025FA07F20CFA07FCB840D2079D
:10D1600005EA0C0905EA000E60D5704ADFF8B0B197
:10D17000DFF8B0A1934218BF5B450BF1300B0CBF39
:10D1800001220022534508BF42F001020AF1300A91
:10D190005B4508BF42F001020BF1300B534508BF5D
:10D1A00042F001020AF55C7A5B4508BF42F00102D9
:10D1B0000BF55C7B534508BF42F001020AF1300ACF
:10D1C0005B4508BF42F001020BF1300B534508BF2D
:10D1D00042F001020AF1300A5B4508BF42F0010249
:10D1E0000BF1300B534508BF42F001020AF1300A3F
:10D1F0005B4508BF42F001020BF1300B534508BFFD
:10D2000042F001025B4508BF42F0010212B9002E54
:10D2100000F045825A69120608D5012202FA07F782
:10D22000C8F80870626D42F002026265B9F1000F41
:10D2300055D0002E4AD13D4ADFF8E490394F4B4596
:10D2400018BF934209F130090CBF01220022BB42F2
:10D2500008BF42F0010230374B4508BF42F00102DF
:10D2600009F13009BB4208BF42F0010207F55C77C3
:10D270004B4508BF42F0010209F55C79BB4208BF8B
:10D2800042F0010230374B4508BF42F0010209F17C
:10D290003009BB4208BF42F0010230374B4508BF9E
:10D2A00042F0010209F13009BB4208BF42F001021D
:10D2B00030374B4508BF42F00102BB4208BF42F085
:10D2C00001021AB9184A934240F0B4811A689207D1
:10D2D00005D5C8F808C0626D42F004026265BEF16F
:10D2E000000F6DD0002E55D1104A0D4F0D4EBB4290
:10D2F00018BF934207F130070CBF01220022B3424E
:10D3000008BF42F001023036BB4208BF42F00102C2
:10D3100030370DE0000000241000024028000240D9
:10D320005800024070000240B80402404000024031
:10D33000B34208BF42F0010206F55C76BB4208BF6B
:10D3400042F0010207F55C77B34208BF42F00102E8
:10D350003036BB4208BF42F001023037B34208BF4B
:10D3600042F001023036BB4208BF42F001023037C2
:10D37000B34208BF42F001023036BB4208BF42F060
:10D380000102B34208BF42F001021AB9A04A934217
:10D3900040F03A811A68C2F3C0028AB1C8F80800A6
:10D3A0001A68570300F1F7801A68D00503D41A6889
:10D3B00022F008021A60236C13B120469847E16DF1
:10D3C00001F01F0120228A402A4269D02068914B37
:10D3D000914E924DB04218BF984206F130060CBFF4
:10D3E00001230023A84208BF43F001033035B042B7
:10D3F00008BF43F001033036A84208BF43F00103E1
:10D400003035B04208BF43F001033036A84208BFB0
:10D4100043F0010305F55C75B04208BF43F001031A
:10D4200006F55C76A84208BF43F001033035B042F0
:10D4300008BF43F001033036A84208BF43F00103A0
:10D440003035B04208BF43F001033036A84208BF70
:10D4500043F001033035B04208BF43F00103A84256
:10D4600008BF43F001031BB9694B984240F021818A
:10D470000368C3F300139BB1C8F8082094F8353053
:10D48000042B036800F0908013F4802F036800F0F1
:10D49000A880190340F1B380E36B0BB12046984795
:10D4A000636D002B74D0636DDA071FD522680420EA
:10D4B0005B4984F83500136823F001031360019B76
:10D4C000A1FB0331890A02E01368DB0704D5039B43
:10D4D00001338B420393F7D913680022DF0784F8E6
:10D4E00034204CBF0323012384F83530E36C002B38
:10D4F0004ED0204605B0BDE8F04F18471C686407C1
:10D500007FF524AE1C6824F004041C60C8F80820D1
:10D51000426D42F00102426518E6424A424D434CD8
:10D52000AB4218BF934205F128050CBF012200222F
:10D53000A34208BF42F001022834AB4208BF42F0C8
:10D5400001022835A34208BF42F001022834AB4251
:10D5500008BF42F00102A34208BF42F0010212B923
:10D56000334A934214D1C46D04251A6804F01F0491
:10D57000A5400D4268D0560766D51104C8F804507E
:10D5800040F1AC80D30300F1AF80836C002BB1D1AC
:10D5900005B0BDE8F08F1B681E037FF50CAFA36CD0
:10D5A000002B7FF40AAF0BE723F01603226C036015
:10D5B000436923F080034361002A41D0036823F0CC
:10D5C000080303603F230020012203FA01F1236DC9
:10D5D000C8F8081084F8340084F83520002B88D16E
:10D5E000D6E713F480737FF457AF0268012122F06D
:10D5F0001002026084F8343084F835104CE7636C14
:10D60000002B7FF44BAF4BE71A68C2F38002C4E6ED
:10D61000B8040240100002402800024040000240CE
:10D62000B5814E1B085402581C54025830540258FD
:10D63000945402581A68BEF1000F3FF4C1AE53E68D
:10D64000A36C002BBAD1BDE70225A5400D420CD03A
:10D6500096070AD51404C8F804502ED5D10338D43F
:10D66000436C002B7FF446AF92E70825A5400D429E
:10D670008ED012078CD519680122002521F00E01E9
:10D6800002FA04F41960C36CC8F80440426580F8DB
:10D69000345080F83520002B7FF42CAF78E71A68DF
:10D6A000B9F1000F7FF4C7ADBEF1000F3FF488AEB3
:10D6B00018E60368C3F34003DDE612F0200208D148
:10D6C0001968012421F00A01196080F8342080F8DB
:10D6D0003540C36B002B7FF40DAF59E7970603D499
:10D6E0001A6822F004021A60036C002B7FF402AF68
:10D6F0004EE700BF90F83500704700BF406D70479F
:10D700002DE9F04F8E46096883B0002900F0CD80E6
:10D710000026DFF814820123B34013EA010500F06C
:10D72000BF80DEF8042077004FF0030C22F01009D0
:10D730000CFA07FC09F1FF346FEA0C0C012C12D82B
:10D740008468C2F3001A04EA0C0BDEF80C400AFAF3
:10D7500006FABC4044EA0B048460446824EA0303EC
:10D760004AEA03034360C368B9F1020FDEF80840D8
:10D7700003EA0C0304FA07F444EA0304C46015D175
:10D78000F30806F007094FF00F0BDEF8104000EB2E
:10D7900083034FEA8909D3F820A00BFA09FB04FAA6
:10D7A00009F42AEA0B0A44EA0A041C62046802F03B
:10D7B000030304EA0C0CBB4043EA0C030360D300F0
:10D7C0006ED5534B26F003090F24D3F8F47006F0FE
:10D7D000030347F0020C4F4F4F444FEA83094C4B71
:10D7E00004FA09F4C3F8F4C0D3F8F4C0A3F58843ED
:10D7F0000CF0020C9842CDF804C0DDF804C0D7F854
:10D8000008C02CEA040426D003F58063984255D062
:10D81000414B98424CD0414B98425BD0404B984290
:10D820005ED0404B98424FD0DFF800C160455DD0DC
:10D83000DFF8FCC060455FD0DFF8F8C0604561D01C
:10D84000DFF8F4C060450CBF4FF0090C4FF00A0C34
:10D850000CFA09F31C43BC60EC43D8F80030D70342
:10D860004CBF2B43234097034FF0B047C8F800301C
:10D87000D8F804304CBF2B432340C8F804303B6831
:10D88000D7024FF0B0474CBF2B43234092023B607E
:10D890007B6854BF04EA03051D434FF0B0435D604D
:10D8A000013631FA06F37FF436AF03B0BDE8F08FEE
:10D8B0004FF0020C0CFA09F31C43CCE74FF0010CBB
:10D8C0000CFA09F31C43C6E74FF0050C0CFA09F3F8
:10D8D0001C43C0E74FF0030C0CFA09F31C43BAE7F2
:10D8E0004FF0040C0CFA09F31C43B4E74FF0060C9C
:10D8F0000CFA09F31C43AEE74FF0070C0CFA09F3DE
:10D900001C43A8E74FF0080C0CFA09F31C43A2E7EC
:10D91000004402580004005800080258000C025845
:10D9200000100258001402588000005800180258D5
:10D93000001C02580020025800240258002900F060
:10D94000A68000232DE9F04FDFF880A183B0DFF837
:10D950008091DFF88081DFF880B14FF0010E0EFA80
:10D9600003F515EA0102019275D023F0030603F0D6
:10D9700003020F27484556444FEA8202D6F808C0F2
:10D9800007FA02F707EA0C0C21D058451CD04A4C84
:10D99000A0426DD0494CA0426FD0494CA04262D009
:10D9A000484CA04274D0484CA04276D0DFF82CE11D
:10D9B000704567D0DFF828E1704573D0DFF824E1C7
:10D9C000704574D04FF00A0E0EFA02F200E0002209
:10D9D00094451ED1019AD8F800C0D4434FF0B0420C
:10D9E0000CEA040CC8F800C0D8F804C004EA0C0C17
:10D9F000C8F804C0D2F800C004EA0C0CC2F800C099
:10DA0000D2F804C004EA0C045460B26822EA0707A2
:10DA1000B76003245A00D0F800C00F2704FA02F2BE
:10DA200023FA04F603F0070400EB86064CEA020C26
:10DA3000A400D243C0F800C0A740346A24EA070417
:10DA40003462C4681440C460446824EA0505456033
:10DA5000846822408260013331FA03F27FF47DAFA3
:10DA600003B0BDE8F08F4FF0040E0EFA02F2AFE7FC
:10DA70004FF0020E0EFA02F2AAE74FF0030E0EFA72
:10DA800002F2A5E74FF0070E0EFA02F2A0E7704788
:10DA90004FF0050E0EFA02F29AE74FF0060E0EFA5C
:10DAA00002F295E74FF0080E0EFA02F290E74FF0FF
:10DAB000090E0EFA02F28BE700080258000C025819
:10DAC00000100258001402580018025800040058B0
:10DAD000000002588000005800040258001C025840
:10DAE00000200258002402580369194214BF012083
:10DAF0000020704702B9090481617047044A203050
:10DB0000044B52F82000C01A18BF0120704700BF14
:10DB1000006402580003008041F44071014B43F857
:10DB2000201070470064025870B505460C46164632
:10DB3000286801E0631C20D183699906FAD5102278
:10DB40002023C261C36183699A0701D500238362E0
:10DB50008369DB0724D543680022144C202123402D
:10DB600043606B6C85F8402043F004036B6485F8D8
:10DB7000411085F84220012070BDFEF78DFA801B10
:10DB8000844201D3002CD3D16B6C202100220B43A3
:10DB900085F840206B6485F8411085F84220EAE75B
:10DBA000836943F001038361D5E700BF00E800FE0D
:10DBB00070B505460C46164601E0611C11D12B6874
:10DBC0009A6992070BD49B69D806F6D5324621464E
:10DBD0002846FFF7A9FF0028EFD0012070BD0020E4
:10DBE00070BDFEF759FA801BA04201D8002CE6D187
:10DBF0006B6C2021002201200B4385F840206B64D0
:10DC000085F8411085F8422070BD00BFF8B5054683
:10DC10000C4616460BE09B69DB0602D5FFF784FF36
:10DC2000D8B9FEF739FA801BA04209D844B12B6855
:10DC30003246214628469F69BF06ECD50020F8BD34
:10DC40006B6C2021002201200B4385F840206B647F
:10DC500085F8411085F84220F8BD0120F8BD00BFCD
:10DC60002DE9F04180460F4616461D46D8F8004083
:10DC700001E06B1C0AD1A06937EA00030CBF012048
:10DC80000020B042F5D00020BDE8F081FEF704FA94
:10DC9000069BC01AA84201D8002DE7D1D8F844301D
:10DCA0002021002201200B4388F84020C8F844308E
:10DCB00088F8411088F84220E6E700BF00284DD0E0
:10DCC000F8B590F84130044603F0FF02002B40D035
:10DCD0002421E568D4E9003284F84110012D186848
:10DCE00022F07061A26820F0010018601961996843
:10DCF00021F40041996028D042F40442022D9A6038
:10DD000002D14FF400625A605A680021144820275B
:10DD1000A6691043D4E9042558602A43D868E56908
:10DD200042EA0622266A20F400403543D8600846BD
:10DD3000DA601D601A6842F001021A60616484F8BA
:10DD40004170216384F84210F8BD42F400429A60A9
:10DD5000DAE780F84020E8F727FAB9E701207047B2
:10DD6000008000022DE9F04390F8414083B0202C60
:10DD700070D190F84040012C6CD04FF0010904465E
:10DD80001F46904680F840900E46FEF785F94A46B9
:10DD90000546009019234FF400412046FFF760FF2D
:10DDA00000285BD110232122C4F82480C6F3090681
:10DDB00084F8412084F8423060646785638D606335
:10DDC000FF2B21685BD94B68FF203D4F3D4A3B400C
:10DDD0002085324313434B60DFF8F490DFF8F48082
:10DDE00049EA0609638D2A460A9920469BB2002B10
:10DDF00053D0FFF7DDFE002830D1626A276812F8A1
:10DE0000011B238DB962618D013B626201399BB2B6
:10DE100089B223856185618D89B2002BE2D1002909
:10DE2000E0D0024600950A9B80212046FFF718FFAC
:10DE300046F0007C4FF0FF0E80B9618D226871457D
:10DE400010D95368A4F828E003EA080343EA090359
:10DE50005360C7E7022003B0BDE8F083012003B0A0
:10DE6000BDE8F083618D536889B203EA0803C8B244
:10DE7000218543EA0C0343EA00435360B2E7628D15
:10DE80000F4F4B6892B210483B4022853043D2B2CC
:10DE9000034343EA02434B609EE7FFF7B7FE0028C7
:10DEA000DCD123682021094DD9615A682A405A6083
:10DEB00084F8411084F8400084F84200CBE700BFAA
:10DEC000009800FC0020FF810020008200E800FE96
:10DED0000000FF01009C00FCF0B490F84140202CB1
:10DEE00038D10568AC6914F4004433D190F840602F
:10DEF000012E2FD021261027426280F84160012692
:10DF000080F84270194F44644385C762438D184AB4
:10DF1000FF2B80F84060426320D8428D4FF000779D
:10DF200092B2D3B202851E04C1F30901114B6A6893
:10DF300000240B431049114022460B433B4333431B
:10DF40006B602B6880F84040104643F0F2032B6072
:10DF5000F0BC70470222F0BC10467047FF234FF41C
:10DF60007F064FF080770385DEE700BF0000FFFFEC
:10DF700065E7010800200080009800FC90F842301E
:10DF8000102B01D00120704790F84030012B4CD06D
:10DF900090F841200368212A30B44FF0010480F842
:10DFA000404032D090F84120222A1ED06024C1F394
:10DFB00009011F4A002580F841400A431D4C596859
:10DFC0002140446B0A431C498C425A6080F84050FF
:10DFD00009D01A4A944206D020211A6800200A4328
:10DFE00030BC1A6070476021F7E790F84140122575
:10DFF0001A6804F02804282C14BF6FF0F4046FF0A2
:10E00000440422401A600563D0E790F8414011258E
:10E010001A6804F02804282C14BF6FF0F2046FF083
:10E02000420422401A600563C0E70220704700BF27
:10E0300000400182009800FCE9E8010829EA010893
:10E04000036810B4446B99691A681CB123465DF8E3
:10E05000044B18475DF8044B704700BF704700BF82
:10E06000002280F8422090F84110212938B54FF065
:10E07000200417D0122180F841400568016390F810
:10E080004140296804F028044263282C14BF6FF033
:10E09000F4046FF044042140296080F84020FFF729
:10E0A000DDFF38BD112180F841400568016390F81B
:10E0B0004140296804F028044263282C14BF6FF003
:10E0C000F2046FF042042140296080F84020E7F715
:10E0D00097FB38BD704700BF704700BF38B5034697
:10E0E00000201A68116883F8420048040CD51168B2
:10E0F00021F48041116093F8411029290ED093F842
:10E1000041102A2923D038BD0904F4D5116821F41F
:10E110000041116093F841102929F0D128242121D0
:10E120000025184683F84140196393F8414011686F
:10E1300004F02804282C14BF6FF0F2046FF042049E
:10E140002140116083F84050FFF7C4FF38BD2824F8
:10E1500022210025184683F84140196393F8414075
:10E16000116804F02804282C14BF6FF0F4046FF039
:10E1700044042140116083F84050FFF7ADFF38BDE3
:10E18000704700BFF8B50468C368A169A269022B93
:10E19000A668C1F300414FEA1242E76802F0FE02AE
:10E1A0000DD1C6F3090682EAD61313F0060310D187
:10E1B000826C01328264826C022A16D0F8BD236818
:10E1C000002623F0B803236080F84060FFF7D8FFF3
:10E1D000F8BD2368002607F0FE0223F0B803236091
:10E1E00080F84060FFF7CCFFF8BD08278364324613
:10E1F000E76180F84030FFF7C3FFF8BD704700BF0C
:10E2000038B51A4A0346202400204907DA625863C9
:10E2100018631A6883F8414083F8420012D5516AA6
:10E220005A6A11705A6A198D01325A62D9B1588DE1
:10E2300001391A680138198581B25985596C41F044
:10E240000401596493F84110102593F841100024FB
:10E250001168184621F0FE011160D56183F8404035
:10E26000FFF7CCFF38BD1A68ECE700BF0000FFFFE6
:10E27000704700BF704700BF704700BF704700BFC6
:10E2800090F84120602A08B506D00022026380F889
:10E290004020FFF7F1FF08BD0022202180F8402038
:10E2A00080F841100263FFF7E9FF08BD70B504462E
:10E2B0000023404894F8412084F84230283AE06234
:10E2C0006385606C022A236841EA0001616494F866
:10E2D000412028D802F0280294F841102825364819
:10E2E00001F02801282A0CBF4622F62228290CBF5B
:10E2F000D1436FF0F6011A680A401A6084F8415061
:10E300006063A06B226B18B1112A1CD0212A1AD08D
:10E31000E06B18B1122A2CD0222A2AD02046BDE860
:10E320007040FFF7ADBF94F841201A6822F0FE025A
:10E330001A6094F84120602A02D0202284F84120FB
:10E3400000226263DDE71A6851042CD4FFF7D2F98A
:10E350000128E3D0A36B002218491846196584F8F8
:10E360004020FEF7BDFD18B3A06BBDE87040036D03
:10E3700018471A68120403D51A6822F400421A607A
:10E38000FFF7B8F90128C9D0E36B00220B49184602
:10E39000196584F84020FEF7A3FD48B1E06BBDE8A5
:10E3A0007040036D18471A6822F480421A60CDE766
:10E3B00070BD00BF0000FFFF01E5010869EB010827
:10E3C00070B50368044620260D46186894F841206D
:10E3D000DE6102F0F702212A5ED194F8411019683B
:10E3E00021F0FA01196022635968434E41F400415B
:10E3F00059605A6832405A609A69910701D50022E3
:10E400009A629A69D20703D49A6942F001029A612A
:10E41000460437D51A68A16B22F480421A6019B1FC
:10E4200009684A6892B262856A070AD55A6A25F075
:10E430000405636A1A70636A228D01336362002ADD
:10E4400042D1638D9BB21BB1636C43F004036364E0
:10E45000002384F84230666C6363002E3BD1E36A8C
:10E46000264DAB4222D194F84130204684F84060DA
:10E47000222B4FF0200384F84130266339D0FFF778
:10E4800029FE70BD0104CFD51A68E16B22F4004269
:10E490001A600029C4D1C7E7222AA5D194F84110F7
:10E4A000196821F0FC01196022639DE72046FFF7FF
:10E4B00015FE2023E562204684F8413084F8406050
:10E4C0002663FFF79BFE70BD638D013A013B2285F9
:10E4D0009BB26385B5E7616C2046FFF7E7FE94F8D1
:10E4E0004130282BCDD129462046BDE87040FFF7AA
:10E4F00087BEFFF7F1FD70BD00E800FE0000FFFFE2
:10E50000F8B590F84030C76A012B7FD0164601233A
:10E510008A0604460D4680F8403001D5B30661D422
:10E52000EA061CD5F3061AD5638D9BB2002B5ED18B
:10E5300094F84130B7F1007FDBB201D1282B78D0BD
:10E5400094F841202368292A4FF01002DA6102D1A1
:10E5500017F5803F60D1002084F84000F8BD6A07BD
:10E560000DD4280729D5310727D594F8413003F079
:10E570002803282B62D023680822DA61EBE77307AF
:10E58000EFD5638D9BB26BB12268636A526A1A70D1
:10E59000638D616A228D013B01319BB2013A616258
:10E5A00063852285638D9BB2002BD4D117F5803F04
:10E5B000D1D02046FFF792FDCDE7AA07CBD5B30710
:10E5C000C9D5638D9BB21BB3616A236811F8010B37
:10E5D000228D9862638D013A6162013B22859BB274
:10E5E0006385B8E7FFF7ECFEEA06B8D59AE723683B
:10E5F0001022DA61636C43F00403636437F08073C4
:10E60000A9D1616C2046FFF751FEA4E70220F8BDB6
:10E6100037F080739FD1CCE79A69900701D500222B
:10E620009A629A69D107C4D49A6942F001029A6148
:10E63000BFE729462046FFF7E3FD8CE72046FFF7BA
:10E64000A1FD88E738B520220368DA6190F84120FF
:10E65000212A4ED090F84120222A36D05A6800252F
:10E660003E4C22403E4C5A604563CD06C46205D5FF
:10E670001022DA61426C42F00402426490F84120B8
:10E68000602A32D09A69910701D500229A629A696C
:10E69000D20703D49A6942F001029A61426C90F861
:10E6A0004130602B0CD0003218BF012242B990F8E3
:10E6B000411021293CD090F84110222929D038BDA1
:10E6C000416CBDE83840FFF7F1BD90F8414012259C
:10E6D0001A6804F02804282C14BF6FF0F4046FF0BB
:10E6E000440422401A600563B8E74C07CAD55A6A49
:10E6F000C8E790F8414011251A6804F02804282C36
:10E7000014BF6FF0F2046FF0420422401A600563F8
:10E71000A4E7202180F8402080F84110026390F89F
:10E72000421080F84220402914D0FFF797FC38BDF2
:10E73000202180F8402080F84110026390F84210B8
:10E7400080F84220402902D0E7F75AF838BDFFF799
:10E750008FFD38BDFFF78EFD38BD00BF00E800FE1D
:10E760000000FFFF90F84030012B00F08E80012365
:10E77000F0B580F84030CB0683B004460D4619D57D
:10E78000D70617D503681021D961416C41F0040107
:10E79000416499698E0701D5002199629969C8077A
:10E7A0005ED5A90601D5930671D4002084F84000F7
:10E7B00003B0F0BD690711D4AF0722D5960720D565
:10E7C000606A236810F8016B218D9E62638D0139A8
:10E7D0006062013B21859BB26385E2E75307EBD57D
:10E7E000216825F00405636A496A1970638D606ABF
:10E7F000218D013B01309BB2013960626385218527
:10E80000CFE7280614D46F06CBD55606C9D5638D3D
:10E810009BB2002B32D1236859688801C1D4E16AC8
:10E8200011F5803F24D1596841F480415960B8E71F
:10E830005106B6D5638D21689BB2B3B1238DA3B9C0
:10E840004B68608DC3F30903FF2829D94E68FF2761
:10E850002348278506402348304303434B60A0E705
:10E86000996941F0010199619BE74B689B0105D4CF
:10E8700020460192FFF7F4FB019A92E740212046DF
:10E880000192FFF713FD019A8BE7022070472046A3
:10E890002946FFF7D7FE002084F8400003B0F0BD02
:10E8A000608DE66A80B216F5803F20850CD0E76A5D
:10E8B000C0B24E68DFF828C006EA0C063E4346EABE
:10E8C000004003434B606CE74E68C0B2044F3E40CB
:10E8D00046F0007646EA004003434B6061E700BF24
:10E8E000009C00FC0000FF01F8B590F84040C76AAA
:10E8F000012C71D0144601238A0605460E4680F885
:10E90000403001D5A30643D4F10630D5E2062ED51A
:10E91000A30BE40B03F001012343DB073DD5D5E94D
:10E920000E2343B1E40706D518684368B3FA83F3AE
:10E930005B09002B6DD1002A52D0002950D0002154
:10E9400012685368B3FA83F35B09002B46D095F83D
:10E950004130B7F1007FDBB223D1282B21D13146E2
:10E960002846FFF74DFC002085F84000F8BD32072F
:10E97000F9D52307F7D595F8413003F02803282B64
:10E980004DD02B6808220020DA6185F84000EDE7C1
:10E99000FFF716FDF106EAD5B8E72B681022DA6119
:10E9A000E1E795F841202B68292A4FF01002DA613F
:10E9B000D9D117F5803FD6D09A69900701D50022AA
:10E9C0009A629A69D10703D49A6942F001029A6166
:10E9D0002846FFF783FBC6E70220F8BD0029B6D121
:10E9E0002B681022DA6137F080726B6C43F00403FD
:10E9F0006B6495F84130DBB2B5D103F0F703212BFE
:10EA000001D0222B00D12B63696C2846FFF74EFC06
:10EA1000A9E7002A9BD0002999D0012190E7284638
:10EA2000FFF7B0FB9FE700BFF8B590F84030012B2F
:10EA30007AD00123CD06044680F8403023D5D00695
:10EA400021D510222368616B4448DA61626C8142EF
:10EA500042F00402626465D0414A914262D02021B2
:10EA60001A680A431A609A69910701D500229A62CE
:10EA70009A69D20703D49A6942F001029A61002090
:10EA800084F84000F8BD0B0630D5570642D5236800
:10EA90001A6822F040021A60628D92B2002A45D0B4
:10EAA0005D68618DC5F30905FF294BD8628DE06A69
:10EAB00091B210F5803F2185C8B24BD0E66A0004C0
:10EAC0005A68284F3A402A43324302435A60628DC3
:10EAD000521A92B2628594F84120222A1A680CBF19
:10EAE00042F4004242F480421A60C8E74D0611D554
:10EAF00050060FD5638D9BB2FBB923685A6891010C
:10EB0000BDD4E26A12F5803F13D15A6842F48042C4
:10EB10005A60B4E78B06B2D59206B0D52046FFF70F
:10EB200091FDACE760219BE70220F8BD5B689E0188
:10EB300003D42046FFF794FAA1E740212046FFF7CF
:10EB4000B5FB9CE7FF224FF47F004FF080762285D3
:10EB50001146B5E74FF000760004B1E7E9E8010897
:10EB600029EA0108009C00FC806B836B0BB100223A
:10EB70001A65C36B0BB100221A65FFF781BB00BF9A
:10EB800090F84130DBB2202B70B41FD190F84020B8
:10EB9000012A1BD002682424002680F84140156811
:10EBA000344625F001051560156825F4805515607B
:10EBB000156829431160116841F00101116080F866
:10EBC000406080F84130204670BC704702242046E7
:10EBD00070BC704790F84130DBB2202B70B41ED16E
:10EBE00090F84020012A1AD002682424002680F8D8
:10EBF00041401468354624F001041460146824F47C
:10EC0000706444EA01211160116841F00101116052
:10EC100080F8406080F84130284670BC704702257B
:10EC2000284670BC704700BFF0B58BB0002800F0DC
:10EC30008A8090F8BD330446056803F0FF0243B3B1
:10EC4000284603236F46261D84F8BD33EB6B25460B
:10EC500013F4807308BF236106F0D8FA55F810EB5F
:10EC6000AC46BCE80F000FC7BCE80F000FC79CE81C
:10EC7000030087E80300704696E80E0006F0FAF9F4
:10EC8000074660B101250223284684F8BD330BB046
:10EC9000F0BD80F8BC2307F01DFE2068D1E70146D7
:10ECA000206806F0BBFA606860B339464FF0010C8B
:10ECB0003A46C1EBC1034F1C04EB830383F83C10BD
:10ECC000A3F84210F9B283F83DC0814283F83F2097
:10ECD0001A65C3E91122ECD300221146C2EBC2032C
:10ECE000571C04EB830383F8FC21FAB283F8FD116F
:10ECF000824283F8FF11C3F80412C3F80812C3F864
:10ED00001012EBD36F46D4F800C00FCD0FC70FCD54
:10ED10000FC795E8030087E80300604696E80E00F9
:10ED200006F094FA05460028ACD10122636A84F803
:10ED30003800934284F8BD2309D0206806F038FEDD
:10ED400028460BB0F0BD012528460BB0F0BD20468B
:10ED500000F0F8FCF1E700BF90F8BC33012B1AD0AB
:10ED60000121826A03688A4210B580F8BC130AD078
:10ED70000446184606F010FE206806F03FFA002010
:10ED800084F8BC0310BD82698A42F1D09A6B42F4C8
:10ED900080329A63ECE70220704700BF2DE9F04F04
:10EDA000066889B00446304606F040FE10B109B04E
:10EDB000BDE8F08F0546206806F006FE0028F6D074
:10EDC000206806F001FE10F0020F206803D04369AE
:10EDD00003F00203436106F0F7FD10F0100F206806
:10EDE00011D0836923F010038361376AC7F343436B
:10EDF00007F00F08022B7DD0062B00F0AE8283694E
:10EE000043F01003836106F0DFFD10F4002F20684B
:10EE100040F0698106F0D8FD470300F1A880D4F8DE
:10EE200000B0584606F0D0FD0028C0F2838020686C
:10EE300006F0CAFD00054AD4206806F0C5FD0201AF
:10EE400013D5226894F8F413536903F000635361F7
:10EE5000002946D1536D01212046C3F3830384F872
:10EE6000F413C4F8F83300F083FC206806F0ACFD1E
:10EE7000C30400F19181206806F0A6FD10F4005F44
:10EE8000206840F0728106F09FFD070700F1648161
:10EE9000206806F099FDC60200F1D981206806F0CD
:10EEA00093FD850200F1C981206806F08DFD4000C8
:10EEB00054D4206806F088FD41077FF578AF2368B9
:10EEC0005D686A0711D45A682A435A606FE7D6F81A
:10EED0000838D9072AD42068436903F400634361E2
:10EEE000ABE7204607F06EFDBFE7204607F092FD36
:10EEF0002368E8E747F6F0731F4280D0C8EBC808E4
:10EF0000C7F30A17304604EB88083A46D8F80812C7
:10EF100006F0C2FCD8F80822D8F814323A44206827
:10EF20001F44C8F80822C8F8147268E7204607F0A2
:10EF300049FDD0E794F8F413D6F80428012922F00B
:10EF40000102C6F8042800F0DC81204607F052FDDB
:10EF50002068436903F00043436169E7204607F0F6
:10EF600055FD2068436903F080434361A2E72068B0
:10EF700006F036FDD4F800B0814600283FF451AFCA
:10EF800006F51063A0464FF0000A0595CDE903365B
:10EF900007E05FEA59090AF1010A08F11C0800F0CC
:10EFA000608119F0010FF4D05FFA8AF658463146B5
:10EFB00006F028FD0546E80718D5049B01270AF04E
:10EFC0000F01039AD3F8340807FA01F102EB4A1251
:10EFD00020EA01002169C3F83408B94213469F6052
:10EFE00000F096813146204607F0C8FC290704D579
:10EFF000039B082203EB4A139A60EA0604D5039B9D
:10F00000102203EB4A139A606B0604D5039B40223F
:10F0100003EB4A139A60AF0704D5039B022203EB6C
:10F020004A139A6027682D06BB46B2D5D8E9142347
:10F030009342AED8D51AD8F8440007F5106185423E
:10F04000AC4601EB4A1128BF8446069189690CF150
:10F05000030C89B2B1EB9C0F35D3A2B3934232D2E9
:10F06000CDF81CA0D8F84810DDF818A00BE0D8F8AF
:10F0700050209A42A2EB030540F28281002A00F060
:10F080007F81D8F844008542324628BF0546207C5F
:10F09000ABB20090384606F0E9FBDAF81820D8F851
:10F0A0004810E81CD8F8543092B229442B44B2EBF3
:10F0B000900FC8F84810C8F85430D8D2DDF81CA01A
:10F0C000D8F8502027689342C0F05E810BF50061AC
:10F0D0000AF00F0201204B6BBB4600FA02F223EA52
:10F0E00002034B6355E706F073FC07462068002FC8
:10F0F0003FF490AE4FF0000806F5306A04E07F0858
:10F1000008F101083FF486AEF907F8D55FFA88FBED
:10F11000594606F06DFC8146206819F0010F40F059
:10F12000A38019F0080F40F0C48019F0100F03D02D
:10F130000AEB481310229A6019F0200F03D00AEB53
:10F14000481320229A6019F4005FD8D00AEB4813C4
:10F150004FF400529A60D2E7204607F019FC20686D
:10F16000436903F00803436193E606F063FC2068FB
:10F1700006F05EF92568E06001F0A0F8227B014608
:10F18000284605F0BBFF204607F006FC20684369CF
:10F1900003F40053436176E606F500677B68206858
:10F1A000102123F001037B6006F020F9606808B3AA
:10F1B00006F510634FF67F31996001351A682033E8
:10F1C000854222F4001243F8202C53F8202C42F000
:10F1D000006243F8202CC3F8E811D3F8E02122F4B0
:10F1E0000012C3F8E021D3F8E02142F00062C3F836
:10F1F000E021E1D1FB69226B43F00113FB61002A9E
:10F2000075D0D7F8843043F00B03C7F884307B6C9B
:10F2100043F00B037B64D6F8003804F57172217C4F
:10F2200023F4FE632068C6F8003806F019FC206855
:10F23000436903F4805343611EE62046002107F032
:10F24000DDFB2068436903F4001343612DE620468B
:10F25000002107F0D7FB2068436903F48013436162
:10F260001DE6DDE90465DCE54FEA4813226900F597
:10F27000306E4FF0010C0AEB0301012A7344C1F810
:10F2800008C0D0F840C099685AD05E4A94457DD0F5
:10F29000B8F1000F07D1D4F8103223B904F5717218
:10F2A000414606F0DDFB2046594607F05DFB20682D
:10F2B00037E74FEA481300F530624FF0080C0AEBCD
:10F2C00003011344C1F808C0026C4F489968824298
:10F2D00031D90A0402D54FF400429A60204607F063
:10F2E0003DFB2169012900F0848020681DE77A69CF
:10F2F00042F22B0313437B613B6943F00B033B61F9
:10F3000089E70021204684F8F41300F031FA1FE663
:10F31000D8E911231344C8F84830BAF1000F7FF43C
:10F3200061AE236D002B7FF45DAE04F57172206831
:10F3300006F096FB56E6204607F010FB2068F4E640
:10F340000A072AD5304A94457FF6EBAE09047FF5CB
:10F35000E8AE4FF400429A60E3E6C8EBC808082222
:10F3600004F57171304606F097FAC7F30A1304EBFF
:10F3700088022068D2F814120B44C2F814323EE519
:10F38000DDF81CA027689EE6BB4602E60A04E0D42E
:10F39000890688D520229A6085E78A062FD411F045
:10F3A000280F7FF4BEAE184A944501D90904D0D481
:10F3B000C8EBC802196904EB8203C1F31201D3F848
:10F3C0000422A2EB010CD3F808120A44C3F814C2B9
:10F3D000C3F80822B8F1000F7FF465AFD4F81032FB
:10F3E000002B7FF460AF04F57172012106F038FB49
:10F3F00059E704F57172206806F032FB75E72022A8
:10F400009A608EE60A31544F0A30544F90F8BC236C
:10F41000012A0DD0012210B5044684F83810006886
:10F4200084F8BC2306F0A6FA002084F8BC0310BDC3
:10F4300002207047F8B501F00F040906C4EBC405BB
:10F440004FEA850522D405F5FE71C4EBC4050026FC
:10F4500000EB8505014485F8FD614D780C708A60EC
:10F46000CB7005B1CC80022B01D100230B7190F839
:10F47000BC33012B15D004460123006884F8BC334B
:10F4800005F0E2FF002084F8BC03F8BDC4EBC4061D
:10F4900005F13C01012700EB8605014485F83D702C
:10F4A000DBE70220F8BD00BF01F00F02090638B506
:10F4B000C2EBC2034FEA830319D403F5FE71C2EB1A
:10F4C000C203002400EB8303014483F8FD410A706A
:10F4D00090F8BC33012B19D004460123006884F84E
:10F4E000BC3305F0F3FF002084F8BC0338BD03F102
:10F4F0003C01C2EBC204012500EB8403014483F804
:10F500003D500A7090F8BC33012BE5D1022038BD84
:10F5100070B501F00F0500261C21C5EBC50401FBE9
:10F52000050100EB840401F5FE71C4F80822C4F85B
:10F53000103284F8FC51C4F8146284F8FD61036948
:10F540000068012B08BFC4F80C22DAB21DB105F027
:10F55000F1FF002070BD06F001F9002070BD00BF72
:10F5600001F00F01C1EBC10100EB8101D1F81402E0
:10F57000704700BFF8B501F00F05012600271C21D8
:10F58000C5EBC50401FB050100EB84043C31A2641A
:10F59000236584F83C50676584F83D600369006822
:10F5A000B34208BFE264DAB21DB105F0C3FF002028
:10F5B000F8BD06F0D3F80020F8BD00BF38B54368A9
:10F5C00001F00F059D421FD80B061FD4C1EBC103EC
:10F5D0001C24002204FB010100EB830301F5FE71F2
:10F5E00083F8FD2101230D708B7090F8BC239A42A3
:10F5F0001ED0044680F8BC33006806F05FF9CDB138
:10F60000002084F8BC0338BD012038BD1C21C5EBA7
:10F61000C503012201FB050100EB83033C3183F8A4
:10F620003D2001230D708B7090F8BC239A42E0D1ED
:10F63000022038BD04F57172217C206806F010FAB2
:10F64000DEE700BF38B501F00F0243689A4221D8C7
:10F65000C2EBC20309064FEA83031DD403F5FE7310
:10F66000C2EBC2040025C11800EB840383F8FD51EE
:10F6700000250A708D7090F8BC33012B1CD0044615
:10F680000123006884F8BC3306F048F984F8BC53C1
:10F69000284638BD012038BDC2EBC2043C330125E9
:10F6A00000EB8404C11884F83D5000250A708D7069
:10F6B00090F8BC33012BE2D1022038BD90F8BC3366
:10F6C000012B15D0012310B50446006884F8BC3323
:10F6D0000B0605D405F09CFE002084F8BC0310BD89
:10F6E00001F00F0105F082FE002084F8BC0310BD7C
:10F6F0000220704730B4056812046C6AC1B1AB6A6D
:10F70000013904EB13440BD0002303F14000013313
:10F7100005EB8000DBB240688B4204EB1044F4D36D
:10F7200040311443002005EB81014C6030BC704730
:10F7300014430020AC6230BC704700BF0368002057
:10F740005962704703680121084A30B4C0F8FC13BD
:10F7500004469969002541F0006184F8F453284675
:10F760009961596D0A4330BC5A6570470300001017
:10F77000704700BF1E4AD36803F00703062B06D06C
:10F78000D36803F03F03181A18BF01207047D368ED
:10F7900023F03F03034370B5D36004461546FCF7DE
:10F7A0007BFC064605E0FCF777FC801BB0F57A7F12
:10F7B0001BD86B689A04F6D5A4F11D03012B05D95B
:10F7C000A4F12D00012801D9002070BDFCF764FCD4
:10F7D000074C054605E0FCF75FFC401BB0F57A7F5F
:10F7E00003D8E368DB03F6D5EEE7012070BD00BF68
:10F7F00000480258024AD36843F08073D3607047D0
:10F8000000480258604AF8B5136803F00F03062B4E
:10F810000DD8136823F00F0343F007031360136838
:10F8200003F00F03072B02D001242046F8BDFCF79C
:10F8300033FC564B05461A681C4642F001021A601A
:10F8400005E0FCF729FC401B022800F29A8023689F
:10F850005807F6D5636800254D4843F080434D4A6C
:10F860004D4963604D4B256100680A601A60FCF7E2
:10F87000AFFB04460028D7D1FCF70EFC434D0746EA
:10F8800041F2883604E0FCF707FCC01BB04278D890
:10F890002B6913F0380FF6D1FCF7FEFB2A68404BBA
:10F8A00007463A4E13402B6004E0FCF7F5FBC01B03
:10F8B000642866D833689903F7D4FCF7EDFB336806
:10F8C0000746324D23F08073336004E0FCF7E4FB1D
:10F8D000C01B022855D82B689A01F7D4FCF7DCFB33
:10F8E0002B680746294E23F080632B6004E0FCF769
:10F8F000D3FBC01B022844D833681B01F7D4FCF7A4
:10F90000CBFB33680746214D23F08053336004E07E
:10F91000FCF7C2FBC01B022833D82B6813F000533E
:10F92000F6D1204A4FF0FF301F49204EAB61EB610A
:10F930002B62AE62E9622A636B63AA63EB632A649B
:10F940006B642968104A21F4802129602B66A8661F
:10F95000D5F8D03043F48033C5F8D030136803F0C5
:10F960000F03072B7FF661AF136823F00F0343F0FB
:10F9700007031360146804F00F04073C18BF012448
:10F9800053E703242046F8BD0020005200440258EB
:10F99000041600240090D00300000024040000247A
:10F9A00045EDF6FF800201010000FF0100020202A6
:10F9B000002800F08F81F8B503680446D90733D5D5
:10F9C000B1490A69896A02F03802102A00F00781F9
:10F9D000182A00F0FF806368B3F5803F10D0002B39
:10F9E00000F06181B3F5A02FA74B1A6800F0D18118
:10F9F00022F480321A601A6822F480221A6004E02D
:10FA0000A14A136843F480331360FCF745FB9E4D15
:10FA1000064605E0FCF740FB801B642800F24181AC
:10FA20002B689F03F6D52368990700F18A80D906D1
:10FA300030D5954A1369926A03F03803082B00F019
:10FA4000DE80182B00F0D680E369002B00F06A817D
:10FA50008D4B1A681D4642F080021A60FCF71CFBB1
:10FA6000064605E0FCF718FB801B022800F219810E
:10FA70002B68DB05F6D5FCF727FB41F20303984220
:10FA800000F241826B68226A23F0F84343EA826302
:10FA90006B6023681D0717D56369002B00F01C817C
:10FAA000794B5A6F1D4642F001025A67FCF7F4FA8F
:10FAB000064605E0FCF7F0FA801B022800F2F18010
:10FAC0006B6F9807F6D523689A0617D5A369002BA4
:10FAD00000F015816C4B1A681D4642F480521A6082
:10FAE000FCF7DAFA064605E0FCF7D6FA801B022896
:10FAF00000F2D7802B689F04F6D52368590700F1E0
:10FB00009680606AD8B1604B1A6902F03802182AF0
:10FB100000F0B18102281A6800F0438122F080725F
:10FB20001C461A60FCF7B8FA054605E0FCF7B4FA83
:10FB3000401B022800F2B58023689B01F6D4002008
:10FB4000F8BD514A1369926A13F038032BD0182B71
:10FB500027D0E268002A00F0F9804B490B680D4677
:10FB600023F0190313430B60FCF796FA064605E0F1
:10FB7000FCF792FA801B022800F293802B685F0743
:10FB8000F6D5FCF7A1FA41F20303226998426B68AB
:10FB900000F2C28123F47C3343EA02336B602368B2
:10FBA00045E79207D5D1384B1B685B0701D5E36861
:10FBB000F3B1FCF789FA41F20303334A9842216911
:10FBC000536800F2D78023F47C3343EA0133536057
:10FBD00023682CE701F0030102297FF4FCAE2A4AD6
:10FBE000126892037FF520AF6268002A7FF41CAF91
:10FBF0000120F8BD02F00302012A7FF425AF224B59
:10FC00001B68DA0502D5E369802BF1D1FCF75CFAB9
:10FC100041F203031C4A9842216A00F2B280536801
:10FC200023F0F84343EA81635360236832E7174BBC
:10FC30001A681D4642F480721A60FCF72DFA0646D7
:10FC400004E0FCF729FA801B64282AD82B68DA051F
:10FC5000F7D5A368012B00F06681002B00F03981F5
:10FC6000052B094B1A6F00F0648122F001021A671C
:10FC70001A6F22F004021A67FCF70EFA024D0746CB
:10FC800041F2883609E000BF00440258004802589B
:10FC9000FCF702FAC01BB04203D82B6F9B07F7D5C5
:10FCA0002FE70320F8BDA74B1A681D4622F48032C7
:10FCB0001A601A6822F480221A60FCF7EDF90646F1
:10FCC00004E0FCF7E9F9801B6428EAD82B68980364
:10FCD000F7D4A8E6012070479A4B5A6F1D4622F0D0
:10FCE00001025A67FCF7D8F9064604E0FCF7D4F99C
:10FCF000801B0228D5D86B6F9907F7D4E3E6914BA8
:10FD00001A681D4622F480521A60FCF7C5F90646AF
:10FD100004E0FCF7C1F9801B0228C2D82B689804C4
:10FD2000F7D4EAE6874B1A681D4622F080021A6073
:10FD3000FCF7B2F9064604E0FCF7AEF9801B022896
:10FD4000AFD82B68DF05F7D42368A3E67D4B1A688C
:10FD50001D4622F001021A60FCF79EF9064604E0F7
:10FD6000FCF79AF9801B02289BD82B685807F7D418
:10FD700023685CE623F0FE4343EA01635360236893
:10FD800055E6D36823F07C5343EA0163D3602368CC
:10FD900080E642F480221A601A6842F480321A60C7
:10FDA00033E622F080721D461A60FCF775F90646AC
:10FDB00005E0FCF771F9801B02283FF672AF2B6853
:10FDC0009901F6D4AA6A604BA06A1340E26A5F49BF
:10FDD00003435C4E43EA0213AB62276BD4E90D3256
:10FDE000013F501E013BE26BC7F308075B020004B2
:10FDF000013A9BB200F4FE001206034302F0FE42F9
:10FE00003B4313432B63EB6A23F00103EB626A6B02
:10FE1000A36C114041EAC3016963EB6A226C23F0D1
:10FE20000C031343EB62EB6A626C23F0020313438F
:10FE3000EB62EB6A43F48033EB62EB6A43F400332A
:10FE4000EB62EB6A43F48023EB62EB6A43F001035D
:10FE5000EB622B6843F080732B60FCF71DF90446BE
:10FE600005E0FCF719F9001B02283FF61AAF3368CA
:10FE70009A01F6D563E601289A6A1D6B3FF460AEDD
:10FE800002F00303A16A8B427FF4B2AEC2F3051203
:10FE9000E36A9A427FF4ACAE236BC5F30802013BE0
:10FEA0009A427FF4A5AE636BC5F34622013B9A42AA
:10FEB0007FF49EAEA36BC5F30642013B9A427FF4EA
:10FEC00097AEE06BC5F306650138281A18BF01200C
:10FED00036E61C4B41F288371A6F1D4622F00102AC
:10FEE0001A671A6F22F004021A67FCF7D5F8064663
:10FEF00005E0FCF7D1F8801BB8423FF6D2AE2B6F7D
:10FF00009807F6D4FDE5EB68226A23F07C5343EAB8
:10FF10000263EB602368BDE523F0FE4343EA02631E
:10FF20006B60236883E5074A136F43F0010313678F
:10FF3000A2E642F004021A671A6F42F001021A6741
:10FF40009AE600BF004402580CFCFFFF0700FFFFC9
:10FF50003E4A136903F03803102B4FD0182B0BD0F7
:10FF60000BB13B4870471368990649D51368394867
:10FF7000C3F3C103D8407047916A906AD36AC0F353
:10FF8000051010B4546BB0B3C4F3CC0403F00103F8
:10FF900001F0030107EE900A03FB04F30129F8EED8
:10FFA000E77A07EE103ABAEEE97A02D02DD30229A9
:10FFB00028D0DFED295AC5EEA76A136BC3F30803F7
:10FFC00007EE903AB7EE006AF8EEE77A37EE877AF6
:10FFD00037EE067A27EE267A1C4B1B6BC3F34623BB
:10FFE000013307EE903AF8EEE76AC7EE267AFCEEA8
:10FFF000E77A17EE900A5DF8044B70471748704790
:020000040802F0
:1000000014487047DFED165AD5E713689B061AD5DA
:100010001068B7EE005A0F49C0F3C100136BC1401E
:10002000C3F3080306EE901AF8EEE65A06EE903A8D
:10003000B8EEE66AC5EEA76A36EE077A37EE057ABD
:1000400026EE877AC8E7DFED075AB4E70044025886
:1000500000093D000090D0030024744A00127A0089
:100060000024F44A0024744C78B18E4A136803F0DB
:100070000F038B420BD2136823F00F030B43136063
:10008000136803F00F038B4201D00120704703680F
:100090002DE9F0415D070BD5834C0569A26902F09B
:1000A0007002954204D9A26922F070022A43A2612B
:1000B0001C070BD57C4C4569E26902F07002954241
:1000C00004D9E26922F070022A43E261DA060BD514
:1000D000754C8569E26902F4E062954204D9E269EF
:1000E00022F4E0622A43E2619F060BD56E4CC5699B
:1000F000226A02F07002954204D9226A22F070024C
:100100002A4322629E0704460D4603F001025DD594
:10011000654EC068B16901F00F01884204D9B16928
:1001200021F00F010143B161002A31D05E4AA1687C
:10013000936923F470630B43936163681268022B25
:1001400000F0A280032B00F0A580012B00F0A68018
:10015000570738D5544941F288380A690E4622F0CB
:10016000070213430B61FBF797FF074605E0FBF718
:1001700093FFC01B404500F28B803369626803F037
:100180003803B3EBC20FF2D123689E070BD5E068AA
:1001900045498A6902F00F02824204D98A6922F035
:1001A0000F02104388613F490A6802F00F02AA4219
:1001B00014D90A6822F00F022A430A600A6802F082
:1001C0000F02AA420AD00120BDE8F081002AADD179
:1001D00034490A6802F00F02AA42EAD858070BD540
:1001E000314920698A6902F07002904204D28A691A
:1001F00022F0700202438A6119070BD52A4960690F
:10020000CA6902F07002904204D2CA6922F07002F8
:100210000243CA61DA060BD52349A069CA6902F410
:10022000E062904204D2CA6922F4E0620243CA61E9
:100230009B060BD51C4AE169136A03F070039942CF
:1002400004D2136A23F070030B431362FFF780FE9E
:10025000154A164993699269C3F30323144D02F0BA
:100260000F02144CCB5C8A5C03F01F03124902F0AE
:100270001F0220FA03F3286823FA02F20B602260BF
:10028000BDE8F041FBF7A4BE90033FF563AF9AE7EA
:10029000032099E791013FF55DAF94E7D2053FF563
:1002A00059AF90E70020005200440258A897020876
:1002B00004160024040000240000002438B5FFF7D1
:1002C00047FE0B4B0B499A699B69C2F303220A4C08
:1002D00003F00F03094D8A5CCB5C02F01F0203F0B0
:1002E0001F0320FA02F222FA03F02A60206038BDD0
:1002F00000440258A89702080400002400000024CB
:1003000008B5FFF7DBFF054B054ADB69C3F30213B2
:10031000D35C03F01F03D84008BD00BF004402585F
:10032000A897020808B5FFF7C9FF054B054ADB6926
:10033000C3F30223D35C03F01F03D84008BD00BF02
:1003400000440258A89702083B4AF8B5936A03F0A4
:100350000303032B67D013680F460546144623F0AA
:1003600080631360FBF798FE064604E0FBF794FEFB
:10037000801B022859D823681A01F7D4A36A2A6877
:1003800023F47C332D4943EA0233A3626E68D5E936
:100390000232013E501E013B2A69C6F308065B0289
:1003A0000004013A9BB200F4FE001206034302F07F
:1003B000FE4233431343A363E36A6A6923F0C00335
:1003C0001343E362E36AAA6923F020031343E36261
:1003D000E36A23F01003E362E26BEB69114041EA48
:1003E000C301E163E36A43F01003E362E36AF7B138
:1003F000012F0CBF43F4801343F40013E3620E4B50
:100400001A681C4642F080621A60FBF745FE0546FA
:1004100004E0FBF741FE401B022806D823681B01BD
:10042000F7D50020F8BD0120F8BD0320F8BD43F446
:100430000023E362E3E700BF004402580700FFFF28
:100440003B4AF8B5936A03F00303032B67D01368A4
:100450000F460546144623F080531360FBF71CFE3D
:10046000064604E0FBF718FE801B022859D82368D3
:100470009A00F7D4A36A2A6823F07C732D4943EAD3
:100480000253A3626E68D5E90232013E501E013B61
:100490002A69C6F308065B020004013A9BB200F425
:1004A000FE001206034302F0FE423343134323646B
:1004B000E36A6A6923F440631343E362E36AAA6967
:1004C00023F400731343E362E36A23F48073E3626B
:1004D000626CEB69114041EAC3016164E36A43F471
:1004E0008073E362E36AF7B1012F0CBF43F40003AA
:1004F00043F08073E3620E4B1A681C4642F0805250
:100500001A60FBF7C9FD054604E0FBF7C5FD401B7B
:10051000022806D823689B00F7D50020F8BD0120EB
:10052000F8BD0320F8BD43F48003E362E3E700BFB6
:10053000004402580700FFFF2DE9F8430368044612
:1005400013F0006615D0826EB2F5801F00F039847A
:1005500040F2F284B2F5001F00F07684B2F5401F3D
:1005600040F02685AE480026016D21F440110A4373
:100570000265DA050AD5A26D042A06D8DFE812F072
:10058000F103F803E6039A039A03012635469F0513
:100590001BD5E26D802A00F0318400F2ED84002A40
:1005A00000F05884402A40F0EE840021201DFFF71F
:1005B000CBFE23680546002D40F02A849849E06D63
:1005C0000A6D22F4E07202430A6558051FD5D4F87B
:1005D000A820B2F5800F00F0058400F2D884002A2C
:1005E00000F02584B2F5001F40F0D9840021201DC1
:1005F000FFF7AAFE23680546002D40F0FD838849D9
:10060000D4F8A8008A6D22F4600202438A651905B5
:100610001FD5D4F8AC20B2F1007F00F0C68300F201
:100620009F84002A00F01D84B2F1807F40F0A084F6
:100630000021201DFFF788FE23680546002D40F0AD
:10064000BE837749D4F8AC008A6D22F0E0620243A1
:100650008A659A010DD5A26C102A00F0408340F201
:10066000A284202A00F06883302A00F03D8301260E
:100670003546DF041DD5226EB2F5005F00F0CB8356
:1006800000F26284002A00F0D983B2F5805F40F066
:1006900063840021201DFFF757FE23680546002DC7
:1006A00040F0C3835E49206E0A6D22F4E0420243AB
:1006B0000A6598041BD5626EB2F5003F00F0058311
:1006C00000F2EF834AB1B2F5803F40F0F68301219A
:1006D000201DFFF739FE23680546002D40F07F827C
:1006E0004F49606E0A6D22F4E02202430A65590404
:1006F0001DD5D4F8B020B2F1005F00F0FE8200F208
:10070000DF834AB1B2F1805F40F0E6830121201D12
:10071000FFF71AFE23680546002D40F06682404927
:10072000D4F8B0008A6D22F0E04202438A655A0193
:1007300015D5E26C4AB1B2F5807F40F05C820121B0
:10074000201DFFF701FE23680546002D40F075824D
:100750003349E06CCA6C22F480720243CA641F04FD
:100760000DD5226FB2F1805F00F0D282B2F1005F4E
:1007700000F0A481002A00F0A78101263546D801A7
:1007800019D5626C032A00F23884DFE812F00A00FF
:100790006A0204000A000221201DFFF7D5FD23682C
:1007A0000546002D40F013821D49606CCA6C22F092
:1007B00003020243CA64590200F1C381DF0742D534
:1007C000E26F282A00F26683DFE812F03300640348
:1007D00064036403640364036403640353026403F3
:1007E0006403640364036403640364032C0064030C
:1007F00064036403640364036403640333006403F5
:1008000064036403640364036403640333006403E4
:10081000640364036403640364036403330000BF7C
:1008200000440258012104F12400FFF709FE236867
:100830000546002D40F0C981B249E06F4A6D22F0B3
:10084000380202434A6598071CD5A26F052A00F2B8
:10085000DB83DFE812F00D00FD0106000D000D0046
:100860000D00012104F12400FFF7EAFD236805468D
:10087000002D40F0AE81A349A06F4A6D22F007021F
:1008800002434A6559071ED5D4F89420052A00F280
:10089000B883DFE812F00D00D40106000D000D0052
:1008A0000D00012104F12400FFF7CAFD236805466D
:1008B000002D40F090819349D4F894008A6D22F085
:1008C000070202438A659A061DD5D4F89020B2F13A
:1008D000005F00F0DB8100F211834AB1B2F1805F6A
:1008E00040F018830021201DFFF72EFD23680546E8
:1008F000002D40F07E818349D4F890004A6D22F0AB
:10090000E04202434A655F061DD5D4F89C20B2F54B
:10091000006F00F0C58100F2E2824AB1B2F5806F4B
:1009200040F0E9820021201DFFF70EFD23680546F7
:10093000002D40F052817349D4F89C008A6D22F456
:10094000E05202438A6518061DD5D4F8A020B2F5FE
:10095000804F00F0E68100F2E0824AB1B2F5005F1C
:1009600040F0E7820021201DFFF7EEFC23680546DA
:10097000002D40F03C816349D4F8A0008A6D22F438
:10098000604202438A6519070BD5D4F88410B1F58B
:10099000805F00F0F4815B48426D22F440520A43CC
:1009A0004265DA060BD5D4F89810B1F5807F00F0D7
:1009B000F1815448826D22F440720A4382651F031C
:1009C0000ED5D4F8A410B1F5803F00F08880B1F5C1
:1009D000003F00F08B80002900F04A820126354656
:1009E00058030FD5D4F88820B2F5001F00F08C8092
:1009F000B2F5401F00F08F80B2F5801F00F04182F9
:100A000001263546D90317D5226D002A00F00B8147
:100A1000B2F5803F40F004810221201DFFF794FCD5
:100A200005462368002D40F006813649206DCA6CCA
:100A300022F480320243CA649A0077D49F032BD4F5
:100A4000301C18BF0120DD0206D52E49656F0A6DE6
:100A500022F000422A430A65990206D52949E56E2B
:100A60000A6D22F080722A430A655A0009D5254A88
:100A7000116921F4004111611169D4F8BC50294376
:100A80001161002B06DA1F4A616DD36C23F04053CD
:100A90000B43D364BDE8F883D4F88020B2F5807F9F
:100AA00000F0AC8040F2EE80B2F5007F00F0AB8049
:100AB000B2F5407F00F0A7800120C4E70121201D8E
:100AC000FFF742FC23680546002D40F08A800D495F
:100AD000206F0A6D22F0405202430A654FE6022160
:100AE00004F12400FFF7ACFC23680546002D7AD101
:100AF0000449D4F8A4008A6D22F4403202438A6586
:100B00006EE700BF00440258012104F12400FFF702
:100B100097FC23680546002D55D1B049D4F88800CC
:100B20004A6D22F4401202434A656BE7022104F148
:100B30002400FFF785FC236800283FF47FAF0126DF
:100B40007CE7A74B1A681F4642F480721A60FBF7D5
:100B5000A3FA804606E0FBF79FFAA0EB08006428A2
:100B600000F29B813B68DA05F5D5002D40F041820B
:100B70009A4AD4F8B430116F594011F4407F0BD029
:100B8000116F106F21F4407140F480301067106FC6
:100B900020F4803010671167B3F5807F00F00B827E
:100BA00003F44072B2F5407F00F019828B490A6964
:100BB00022F47C520A61894AC3F30B03116F0B4381
:100BC00013672368FAE52E461CE72E463BE62E46C1
:100BD000F1E52E4656E62E4675E62E46B3E62E463F
:100BE00085E52E46CBE52E46FAE62E469FE52E46B7
:100BF000C9E62E4687E601263546B0E57748C16A44
:100C000041F40031C162002D7FF456AF734D301CAA
:100C1000696D18BF012021F440710A436A6512E72B
:100C20000126354608E76D49CA6A42F40032CA62B5
:100C3000002D3FF4FAAE2E46FEE62E468FE501214A
:100C4000201DFFF781FB05462368002DC3D132E646
:100C50000121201DFFF778FB05462368002DB8D140
:100C600009E65E49CA6A42F40032CA62002DAED17A
:100C70009AE50121201DFFF767FB05462368002D3B
:100C8000A3D1D9E5002A7FF417AFBCE7022104F114
:100C90002400FFF7D5FB05462368002DA9D12AE6DD
:100CA000022104F12400FFF7CBFB05462368002D49
:100CB00093D140E63546002D51D14849A06D0A6DCB
:100CC00022F0070202430A6561E4012104F12400D5
:100CD000FFF7B6FB05462368002D80D100E53F49AC
:100CE000CA6A42F40032CA6275BB3C49A06CCA6C45
:100CF00022F030020243CA64BBE4012104F1240063
:100D0000FFF79EFB05462368002D7FF46EAF06E5D6
:100D10003249CA6A42F40032CA62002D7FF461AFE0
:100D2000D5E6022104F12400FFF78AFB054623687B
:100D3000002D7FF45CAF1EE60221201DFFF704FBAF
:100D400005462368002DD0D02E4692E4002104F100
:100D50002400FFF775FB05462368002DADD02E4615
:100D600015E41E493546CA6A42F40032CA62A2E757
:100D70000021201DFFF7E8FA236805469BE70221C2
:100D800004F12400FFF75CFBD4F8841000B10126C5
:100D9000236800E6022104F12400FFF751FBD4F898
:100DA000981000B10126236803E6002104F1240015
:100DB000FFF746FB05462368002D3FF442AC2E4664
:100DC00047E402210430FFF7BFFA06462368002EED
:100DD0007FF4CFABA26EFFF7C5BB00BF0044025843
:100DE00000480258002104F12400FFF729FB0546C2
:100DF0002368002D3FF403AC2E4608E4002104F1E3
:100E00002400FFF71DFB05462368002D3FF4D6ABF9
:100E10002E46FFF7DABB002104F12400FFF710FB98
:100E200005462368002D3FF43DAC2E4641E4784949
:100E3000CA6A42F40032CA62FFF7DEBB7449CA6A6A
:100E400042F40032CA622AE402212430FFF7F8FAA1
:100E50000646BBE76E49CA6A42F40032CA62FFF72F
:100E6000AABB6B49CA6A42F40032CA62FFF7E6BB0A
:100E7000201DFFF769FA05462368002D7FF4B3AE05
:100E800036E66349CA6A42F40032CA62002D7FF432
:100E90009AAE42E601263546D5E403262368354658
:100EA0008CE4B2F5802F3FF418ACB2F5A02F3FF4DC
:100EB00014ACB2F5403F3FF410AC0126354616E4C1
:100EC000B2F1804F3FF428ACB2F1A04F3FF424AC14
:100ED000B2F1405F3FF420AC0126354627E4B2F57D
:100EE000805F3FF425ADB2F5A05F3FF421ADB2F5D0
:100EF000406F3FF41DAD0126354624E5B2F1804F29
:100F00003FF4F6ACB2F1A04F3FF4F2ACB2F1405F67
:100F10003FF4EEAC01263546F5E4B2F5004F3FF460
:100F200027ADB2F5204F3FF423ADB2F5C04F3FF4EB
:100F30001FAD0126354626E5D2BB3548C16A41F4CE
:100F40000031C162FFF70EBBB2F5405F3FF4A7ABC3
:100F5000B2F5804F3FF4A3AB01263546FFF7A9BB9E
:100F6000B2F1407F3FF46AABB2F1806F3FF466AB01
:100F700001263546FFF76DBBC02A3FF41CABB2F526
:100F8000807F3FF418AB01263546FFF71EBBB2F554
:100F9000C00F3FF431ABB2F5000F3FF42DAB01268B
:100FA0003546FFF734BB002A3FF49EAEFFF75FBB28
:100FB0000126FFF7DEBAFBF76FF8154F814641F2C5
:100FC000883806E0FBF768F8A0EB090040453FF6DB
:100FD00064AF3B6F9B07F5D5D4F8B430E0E50C481F
:100FE0000C4A016902EA131221F47C510A4302619E
:100FF000E1E523682E46FFF7E1BB01263546FFF702
:10100000DABB012635465EE4012635463AE400BFE8
:1010100000440258CFFFFF0008B5FFF74FF9054B1A
:10102000054A1B6AC3F30213D35C03F01F03D840C5
:1010300008BD00BF00440258A8970208464A30B4D1
:10104000946A936AD16AC3F30533D56B002B59D0E8
:10105000C5F3CC05C1F3001104F0030407EE903A88
:1010600001FB05F1012CF8EEE77A06EE901AFAEE94
:10107000E96A02D04ED3022C49D09FED387A87EE30
:10108000276A936BC3F3080307EE903AF7EE005A12
:10109000B8EEE77A77EE267A77EEA57A67EE867A6B
:1010A0002D4AB7EE006A936BC3F3462306EE903ADF
:1010B000F8EEE66A30BC76EE866A87EEA67ABCEE7B
:1010C000C77A80ED007A936BC3F3064306EE903A3D
:1010D000F8EEE66A76EE866A87EEA67ABCEEC77A06
:1010E00080ED017A936BC3F3066307EE103AB8EE16
:1010F000C77A37EE067AC7EE876AFCEEE66AC0ED7D
:10110000026A7047C0E90033836030BC70479FEDCE
:10111000147AB4E713689B061AD51468B7EE005A20
:101120001049C4F3C104936BE140C3F3080307EE15
:10113000101AF8EEC75A07EE103AB8EEC76A85EEF5
:10114000A77A76EE267A77EE857A67EE277AA7E792
:101150009FED057A93E700BF004402580024744ACB
:101160000024F44A0090D0030024744C464A30B462
:10117000946A936AD16AC3F30553556C002B59D016
:10118000C5F3CC05C1F3002104F0030407EE903A47
:1011900001FB05F1012CF8EEE77A06EE901AFAEE63
:1011A000E96A02D04ED3022C49D09FED387A87EEFF
:1011B000276A136CC3F3080307EE903AF7EE005A60
:1011C000B8EEE77A77EE267A77EEA57A67EE867A3A
:1011D0002D4AB7EE006A136CC3F3462306EE903A2D
:1011E000F8EEE66A30BC76EE866A87EEA67ABCEE4A
:1011F000C77A80ED007A136CC3F3064306EE903A8B
:10120000F8EEE66A76EE866A87EEA67ABCEEC77AD4
:1012100080ED017A136CC3F3066307EE103AB8EE63
:10122000C77A37EE067AC7EE876AFCEEE66AC0ED4B
:10123000026A7047C0E90033836030BC70479FED9D
:10124000147AB4E713689B061AD51468B7EE005AEF
:101250001049C4F3C104136CE140C3F3080307EE63
:10126000101AF8EEC75A07EE103AB8EEC76A85EEC4
:10127000A77A76EE267A77EE857A67EE277AA7E761
:101280009FED057A93E700BF004402580024744A9A
:101290000024F44A0090D0030024744C464A30B431
:1012A000946A936AD16AC3F30513556B002B59D026
:1012B000C5F3CC0501F0010104F0030407EE903AF8
:1012C00001FB05F1012CF8EEE77A06EE901AFAEE32
:1012D000E96A02D04ED3022C49D09FED387A87EECE
:1012E000276A136BC3F3080307EE903AF7EE005A30
:1012F000B8EEE77A77EE267A77EEA57A67EE867A09
:101300002D4AB7EE006A136BC3F3462306EE903AFC
:10131000F8EEE66A30BC76EE866A87EEA67ABCEE18
:10132000C77A80ED007A136BC3F3064306EE903A5A
:10133000F8EEE66A76EE866A87EEA67ABCEEC77AA3
:1013400080ED017A136BC3F3066307EE103AB8EE33
:10135000C77A37EE067AC7EE876AFCEEE66AC0ED1A
:10136000026A7047C0E90033836030BC70479FED6C
:10137000147AB4E713689B061AD51468B7EE005ABE
:101380001049C4F3C104136BE140C3F3080307EE33
:10139000101AF8EEC75A07EE103AB8EEC76A85EE93
:1013A000A77A76EE267A77EE857A67EE277AA7E730
:1013B0009FED057A93E700BF004402580024744A69
:1013C0000024F44A0090D0030024744CB0F5807FD0
:1013D00000B585B02DD0B0F5007F18D0B0F5806F86
:1013E0004ED0B0F5006F37D0B0F5805F00F08B8045
:1013F000B0F5002F00F0AC80B0F5803F00F0B68073
:10140000B0F5804F62D0002005B05DF804FB704A53
:10141000136D03F4E073802B43D06AD8002B39D0CE
:10142000402BF0D101A8FFF709FE019805B05DF847
:1014300004FB674B1B6D03F00703042BE3D801A2E9
:1014400052F823F09514020825140208A314020888
:1014500079140208B11402085D4A936D03F0E06349
:10146000B3F1007F1DD05CD8A3B1B3F1807FD9D098
:10147000C9E7B3F5C00F5BD1564805B05DF804FB72
:10148000534A936D03F46003B3F5800F09D0F0D88D
:10149000002B51D101A8FFF701FF029805B05DF8BC
:1014A00004FB01A8FFF762FE019805B05DF804FB9C
:1014B000474BDB6C13F0405319D0B3F1805F62D01F
:1014C000B3F1005F444818BF00209DE7404B9B6D7F
:1014D00003F0E043B3F1005F68D05BD9B3F1804F14
:1014E00051D0B3F1A04F5FD0B3F1405F8BD13B48F7
:1014F0008AE7C02BC0D0B3F5807F84D1D36C13F0C2
:101500004053DAD1F3E7324A136D03F4E043B3F505
:10151000005FC6D015D8002BBCD0B3F5805F81D05A
:1015200071E7B3F1407FA7D0B3F1806FE6D06AE7EF
:10153000B3F5000FE2D066E7B3F5001F3FF472AFDA
:1015400061E7B3F5405F97D0B3F5804FD6D05AE747
:101550001F4A936D03F44033B3F5803F15D0B3F5C4
:10156000003FCBD0002B7FF44EAF5BE7184BDB6C1A
:1015700013F480338ED0002B3FF445AF01A8FFF762
:101580005DFD039840E716483EE701A8FFF7EEFD32
:10159000039839E77BB1B3F1805F7FF434AF01A8E2
:1015A000FFF74CFD02982FE70B482DE701A8FFF746
:1015B000DDFD029828E7FEF781FE054B094A1B6A0C
:1015C000C3F30213D35C03F01F03D8401CE700BF32
:1015D000004402580080BB0000127A000090D00343
:1015E00000093D00A897020830B3F8B50446FAF7A1
:1015F0006BFD94F838302268012B51D0B84B9A42D9
:101600001CD020339A4219D003F578739A4254D0F3
:1016100020339A4251D003F578739A4200F05B81EF
:1016200020339A4200F05781AE4B9A4202D02033C9
:101630009A4240D1AC4D02E001207047AB4D94F886
:10164000913003F0FF01002B3ED0A94BA948196847
:101650001368A0FB010123F48033090B13608B0096
:1016600019B9FAE0002B00F0F8801168013BC903BA
:10167000F8D4E3680221012B84F8911000F029814D
:101680008B420CBF20210021A368013B042B00F2F8
:101690004981DFE813F022012200490120005401B2
:1016A0008F4B9A4200F0E18003F1C053A3F58233DF
:1016B0009A4200F0DA800120F8BD94F891308E4D06
:1016C00003F0FF01002BC0D184F890102046F3F7FF
:1016D000F3FC2268B9E741F002014FF40066236A87
:1016E0002960002B44D07E4B9A4200F03981834818
:1016F000101AB0FA80F04009002840F03181804B88
:101700009A4200F0278120339A4200F023817D4BDA
:101710009A4200F0198120339A4200F01581714BF2
:101720009A4200F02881784B9A4200F01F81A2690A
:1017300000EB8000236AB2F5002F4FEA400000F072
:10174000F880A26A1B02B2F1806F14BF012202224C
:1017500002FB03F3B0FBF3F36C4AA2FB0312D208C3
:1017600002EB8201A3EB4103092B08BF0132626245
:101770006268236D32F0020740F0A580012B18BF8C
:101780004FF40077FAF7A0FC6368B0F5005FD4E986
:10179000111243EA0103C0F084801A43E36CE16A4A
:1017A0001A43A06923680A436169D3F800C00A4359
:1017B000A16A024356480A4300EA0C002169D4F8A2
:1017C00024C018600A4319684FF220000A4342EA15
:1017D0000C5232434F4E3A434F4F1A605968E269F8
:1017E0000E40216B1143626B5E6011435E68626E56
:1017F0003143E66D3243266E596032439968666D17
:101800000F40A16D013E01399F6032439E6842EA5C
:101810000122A16E3243E66E9A6041EA0602D9685F
:10182000666F0840216F42EA06422D4E0139D860AA
:10183000D868B34242EA012242EA0002DA601DD0CF
:10184000284A93421AD000230122C4F89430184643
:1018500084F8903084F89120F8BDD4F894300120B9
:1018600043F04003C4F89430F8BD6368012B7FF463
:1018700022AF636C002B3FF4C1AE1CE76B6C94F895
:10188000382023F00103012A6B64DCD1D4E90F2353
:10189000013A43EA02136B646B6C43F001036B641F
:1018A000D1E7E16C1A4360690A43E16A23680A439D
:1018B000A169D3F800C0024318480A4300EA0C00AB
:1018C000D4E909C17DE7012B14BF00274FF400774D
:1018D00058E71021D8E6124DB1E64FF48066FEE6D7
:1018E0000458014004540058005400580058014066
:1018F000000000241BECCB95005C01402458014003
:10190000045C01400460014024540058CDCCCCCC90
:1019100010C005F0F01FFFFF0080F8FF10C005F8B1
:10192000006001400026DAE641F001014FF4006654
:10193000D5E6626D02FB03F3B0FBF3F30CE741F075
:1019400003014FF40066CAE64FF40070FFF73EFD56
:101950002268E4E64FF40070FFF738FD2268D6E60F
:101960004FF48070FFF732FD2268C8E64FF4006044
:10197000FFF72CFDDBE64FF48060FFF727FD2268C0
:10198000D1E600BFF0B4042919D8DFE801F0030361
:10199000031B1B00446800254FF48036036734F0B6
:1019A00002044564C5644FF6FF7518BF0124C6657F
:1019B000456704650024846613F0010425D00120E6
:1019C000F0BC7047456800244FF400374FF4802680
:1019D00035F002054464C4644FF6FF7508BF012466
:1019E00004290367046508BF01214FF0000418BFF4
:1019F0000D214567C46584668165C0E91876032AB0
:101A0000DDD8DFE802F01C16230D31BB4FF4802433
:101A1000C0E91814032AD2D8DFE802F05243332970
:101A20005B01E021802243658164C266F0BCFFF760
:101A3000DBBD80225B0182644365C266F6E71B0161
:101A40008021402243658164C266EFE75B01C021CB
:101A5000802243658164C266E8E74FF40035C0E93F
:101A60001854032AABD8DFE802F02B1C0C025B08E9
:101A7000E02480219A0184645B01C166C0E91523DA
:101A8000D4E75B08C025802402294FEA83128564CD
:101A90004FEA4313C466C0E91523C7D10823836600
:101AA000C4E75B08802202294FEA831482644FEA6C
:101AB0004313C266C0E91543B8D110238366B5E766
:101AC0005B08802440215A0184641B01C166C0E97F
:101AD0001523ABE700295BD0F8B5B2FA82F56D09A2
:101AE000002D53D190F89160F6B2012E4CD190F8B0
:101AF0009030012B48D00446174622201346D4F8D4
:101B000084C00A46A1672549C4F89450A4F87C70A3
:101B1000A4F87E7084F89100604684F89060DFF845
:101B200084E01F4FCCF84C102168CCF85050CCF812
:101B300040E01C31CCF83C70FBF722F850BB626CE3
:101B40006368082A05D123F00202012A0CBF11267E
:101B50000126023B012B236898BF46F060061A69F4
:101B600088BF46F0040616431E611A6842F400322C
:101B70001A601A68D20303D41A6842F480321A60D9
:101B8000002384F89030F8BD0220F8BD0120F8BD94
:101B90000120704784F890503046F8BD191C0208A7
:101BA000AD1B0208091C0208704700BF38B5C369A5
:101BB000806BB3F5807F1AD003680025446C1968E8
:101BC000082C426821F400311960A0F87E5011D031
:101BD0000121023A0124012A1A6994BF41F06001EF
:101BE00041F0040122EA01021A6180F89140FFF7F6
:101BF000DBFF38BD22F0020101290CBF11210121B8
:101C0000E7E700BF704700BF08B5806BFFF7FAFF3A
:101C100008BD00BF704700BF10B5846BFBF76EFDB9
:101C2000022825D0D4F89430226843F08003144968
:101C30001448C4F894301368096823F40033A0FBF7
:101C4000010113601068090B20F480308B001060D4
:101C500009B90EE06BB11168013BC903FAD4012246
:101C60000023204684F89120A4F87E30FFF7D2FFAD
:101C700010BDD4F8943043F04003C4F89430EEE73C
:101C8000000000241BECCB9503682C495A6910B462
:101C90009C6944F008049C619C6944F010049C61B8
:101CA0001C6824F001041C601C69214019619968BA
:101CB00021F44041996090F88110042901D09106E7
:101CC00030D490F88110032901D054061FD4910517
:101CD00009D5D0F8841041F00101C0F88410996949
:101CE00041F400719961D20509D5D0F8842042F001
:101CF0000802C0F884209A6942F480729A61002335
:101D00005DF8044BA0F86230A0F86A307047D0F854
:101D1000841041F00401C0F88410996941F0400139
:101D20009961D4E7D0F8841041F08001C0F88410A4
:101D3000996941F020019961C3E700BF90FCFFFF62
:101D4000002800F09F8002680021F8B5534B8162A3
:101D50009A42C56814D0A3F578439A4210D003F58F
:101D600080639A4267D00F2D08D8C76B05F108032E
:101D70007909DB0801FB0333082B08D90120F8BDE2
:101D8000C76B05F108037909DB0801FB0333434CFA
:101D900043498A4218BFA24254D001F580618A4269
:101DA00050D090F88130044603F0FF01002B52D050
:101DB0004FF0000C0221A369606884F88110B3F130
:101DC000806F1168A66B21F0010111605CD00343A4
:101DD000616B3343666A0B432169334366690B4386
:101DE000216A3343A6680B43E16C0B43E16933433B
:101DF0003943A76CA66D41EA0C0C3B434CEA050540
:101E000033439560D36080BB936823F4C05343F49D
:101E100000639360936823F4C06343F4806393602A
:101E2000136D23F00103136500200123C4F884001F
:101E300084F88130F8BDC76B05F108037909DB0828
:101E400001FB0333102B99D890F88130044603F03E
:101E5000FF01002BACD180F88010F4F7D1FD22688F
:101E6000D4F828C0E568E76BA4E7136D23F00103FD
:101E700013654302D8D5D368616D23F000430B434B
:101E8000D360D1E701207047B0F5800F9FD1002EBD
:101E90009DD1116841F48051116098E700300140F4
:101EA000003800402DE9F84390F88040012C5FD0C5
:101EB0001D4601230446164680F88030894607688F
:101EC000FAF7EAF894F881308046012B4AD1B9F14B
:101ED000000F7AD0B6FA86F35B09002B75D1A268A1
:101EE0000321C4F85C90B2F5C02F84F88110A4F8E7
:101EF0006060C4F884306366A4F86260A4F8683057
:101F0000A4F86A302168C4E91C3303D10B6843F498
:101F100000630B604B68474A60681A40B0F5800F59
:101F200042EA06024A600B6843F001030B6003D1EA
:101F30000B6843F400730B60E368072B24D94B69EB
:101F40001B07FCD52046FFF79FFE0122002384F8E3
:101F50008120D4F8840084F88030C01A18BF012092
:101F6000BDE8F8830023022084F88030BDE8F883C0
:101F70000220BDE8F883FAF78FF8A0EB0800A8422A
:101F800001D36A1C46D12168B4F8622092B2002ABB
:101F9000D5D04E6916F00206EDD0B4F86220E36D9C
:101FA000032A18D9E26B402A15D953F8042B0A6288
:101FB000B4F86220E365131F9BB2A4F86230B4F852
:101FC000622092B2002AE4D1B9E70023012084F80C
:101FD0008030BDE8F883B4F86220012A0CD9E26BA6
:101FE00052B133F8022B3A84B4F86220E365931EB1
:101FF0009BB2A4F86230C7E71B7881F82030B4F8B0
:102000006230E26D013B216801329BB2E265A4F8C7
:102010006230B9E72046FFF737FED4F8843001225A
:1020200084F8806043F480731046C4F8843084F8E8
:1020300081209BE70000FFFF2DE9F8431D4690F843
:102040008030012B28D0012304460E46174680F825
:102050008030D0F80080FAF71FF894F8813081467C
:102060006168DBB2012B06D0B1F5800F0ED1A268FA
:1020700062B9042B0AD1002F18BF002E00D075B909
:102080000023012084F88030BDE8F883002302207B
:1020900084F88030BDE8F8830220BDE8F88394F826
:1020A0008130042B02D0052384F88130206800227F
:1020B0006766B1F5800FC4F88420B44BA4F86A5069
:1020C000A4F862504768A4F8685003EA0703E6657D
:1020D000A4F8605043EA0503C4E91C224360036886
:1020E00043F00103036003D1036843F4007303600A
:1020F000E3680F2B52D8072B2E4618D8CBE0016B84
:10210000B4F86A2043F8041B023A636693B2A4F859
:102110006A30B4F86A60B6B2F9F7BEFF089BA0EB6C
:102120000900984202D3013340F0E480206845EA78
:1021300006039BB2002B6BD043699F0715D5A5B151
:10214000012DE36D40F2C780E26B002A00F0C380EE
:1021500053F8042B0262B4F86220E365931E9BB22D
:10216000A4F86230B4F86250ADB2436913F4604F22
:10217000D2D0002ED0D04269636E1604BFD4B8F816
:10218000302023F8022BB4F86A206366531E9BB2FA
:10219000A4F86A30B4F86A60B6B2BDE72A4648F2DD
:1021A000080145EA0206B6B24EB343699B070ED555
:1021B0006DB1E56D55F8043B0362B4F86230E56536
:1021C000013B9BB2A4F86230B4F86250ADB24369EF
:1021D0000B42E6D0002AE4D0066BB4F86A30626E97
:1021E000013B42F8046B9BB26266A4F86A30B4F813
:1021F0006A2092B245EA0206B6B2002ED5D1F9F7AE
:102200004BFF089BA0EB0900984280F08480206877
:1022100043691B07FCD52046FFF736FD012200234A
:1022200084F88120D4F8840084F88030C01A18BF64
:10223000012029E7E26B402A40F2978053F8042BF3
:102240000262B4F86220E365131F9BB2A4F8623007
:10225000B4F86250ADB2436913F4604F11D086B147
:102260004269636E12046AD5016BB4F86A2043F8C0
:10227000041B043A636693B2A4F86A30B4F86A6047
:10228000B6B2F9F709FF089BA0EB0900984201D309
:1022900001332FD1206845EA06039BB2002BB7D04B
:1022A00043699907D7D5002DD5D0032DE36DC1D84B
:1022B000012D59D11B7880F82030B4F86230E26DDE
:1022C000013B206801329BB2E265A4F86230B4F8A9
:1022D0006250ADB2BFE733F8022BA8F82020B4F863
:1022E0006220E365531E9BB2A4F86230B4F86250DA
:1022F000ADB23AE72046FFF7C7FCD4F8843001229C
:10230000002143F4807384F880101046C4F88430B0
:1023100084F88120B8E6089B01333FF478AF20466B
:10232000FFF7B2FCD4F88430012284F8806043F4D3
:1023300080731046C4F8843084F88120A4E6426992
:1023400002F4C042B2F5005F22D9B8F8302023F879
:10235000022BB4F86A206366931E9BB2A4F86A301D
:10236000B4F86A60B6B28CE7E26B002AA2D033F808
:10237000022BA8F82020B4F86220E365931E9BB2DC
:10238000A4F86230B4F86250ADB264E70000FFFF19
:1023900090F830201A70B4F86A30626E013B013256
:1023A0009BB26266A4F86A30B4F86A60B6B268E7B5
:1023B000704700BF704700BF704700BF704700BF45
:1023C000036819695A69D3F808C02DE9F04101EA98
:1023D0000205044690F8817005F06406042E7ED153
:1023E000436F05F0260605F045059847236F204604
:1023F0009847012D02D1236F20469847022E6CD1B9
:10240000636F2046BDE8F0411847120500F1D28005
:1024100015F4587F61D06E0609D5D4F8842042F0B7
:102420000402C4F884209A6942F040029A61A80527
:1024300009D5D4F8842042F00102C4F884209A69B6
:1024400042F400729A61E90509D5D4F8842042F07B
:102450000802C4F884209A6942F480729A61AA063C
:1024600009D5D4F8842042F08002C4F884209A6907
:1024700042F020029A61D4F8842072B319680CF4F7
:10248000404C594A21F00101BCF5404F19601969CF
:1024900002EA01021A6140F0A0809A68E16F22F41A
:1024A00040429A6059B1514B08460B65FAF718FD46
:1024B00028B1D4F8843043F04003C4F88430A36FCB
:1024C0005BB14A4A18461A65FAF70AFD28B1D4F8F2
:1024D000843043F04003C4F88430BDE8F08105F057
:1024E000450005F02606012885D0022E88D0280751
:1024F0008BD59A691CF4404FFFB242F008029A61F2
:102500009A6942F010029A619A6942F400629A61F3
:102510001A6922F008021A610FD0042F55D0A26F59
:10252000D26952B1032F1CD0E26FD2692AB1052FB4
:10253000D3D12046FFF740FFCFE79A6812F4404F0F
:102540001ED02046FFF7A0FB012384F88130D4F889
:102550008430002B36D1052FEBD0042F39D0032F38
:10256000BBD12046FFF724FFB7E72268126B40F883
:10257000042B6066B4F86A20013A92B2A4F86A208B
:10258000B4F86A2092B2002ADBD0E168626E0F29AB
:102590001046EAD80729114604D91A8E21F8022BD1
:1025A0006166E7E7216891F830101170626E0132C0
:1025B0006266DFE70F077FF52BAF9A6942F400628E
:1025C0009A618AE7FFF7FAFE87E7E26FD269002A8D
:1025D000B3D02046FFF7EEFE7FE70123204684F8C4
:1025E0008130FFF7EBFE78E794FCFFFFF12502084E
:1025F00008B50022836B0121A3F86A201846A3F8CE
:10260000622083F88110FFF7D9FE08BDF0B4046A98
:102610008F6824F001040E68174A0462036A456853
:10262000846923F002032240144C3B43A04242EA57
:1026300006020ED004F58064A0420AD0104E04F5C4
:102640008044A04218BFB04203D004F58064A04289
:102650000BD1CC6823F008038E6925F44075234321
:102660004C69344323F00403254349684560826183
:1026700041630362F0BC70478CFFFEFF0000014025
:1026800000400140F0B4046AD1F808C024F480741A
:102690000F68194E0462036AB0424568C26923F4A8
:1026A000007322F0730243EA0C2342EA07021AD0B5
:1026B000124CA04217D0124E124CA04218BFB0428A
:1026C00003D004F58064A04206D14C6925F440553E
:1026D0008E69344345EA041549684560C261C163A7
:1026E0000362F0BC704723F40063CC6843EA042320
:1026F00023F48063E9E700BF0000014000040140CB
:102700000040014000440140F0B4046A8F6824F4A2
:1027100080540E68144D0462036AA8424468C2697A
:1027200023F4005322F4E64243EA073342EA062246
:102730000ED005F58065A8420AD00C4E05F58045FF
:10274000A84218BFB04203D005F58065A84204D165
:1027500024F480444D6944EA851449684460C261A8
:1027600001640362F0BC704700000140004001407A
:10277000F0B4046A8F6824F480340E68144D046247
:10278000036AA8424468426D23F4003322F07002C9
:1027900043EA074342EA06020ED005F58065A842E7
:1027A0000AD00C4E05F58045A84218BFB04203D0B0
:1027B00005F58065A84204D124F480344D6944EACB
:1027C000052449684460426581650362F0BC704736
:1027D0000000014000400140F0B4046A8F6824F416
:1027E00080140E68144D0462036AA8424468426D66
:1027F00023F4001322F4E04243EA075342EA06229C
:102800000ED005F58065A8420AD00C4E05F580452E
:10281000A84218BFB04203D005F58065A84204D194
:1028200024F400344D6944EA8524496844604265D3
:10283000C1650362F0BC70470000014000400140E8
:102840000368094AD96841F00101D96099680A40D2
:10285000062A06D0B2F5803F03D01A6842F0010282
:102860001A600020704700BF07000100036841F2B2
:102870001111DA6822F00102DA601A6A0A4208D1FC
:10288000196A40F24442114203D11A6822F001024F
:102890001A600020704700BF30B401F01F0401210E
:1028A0000368194AA140194C186AA34218BF934201
:1028B000174D20EA010004F580440CBF01220022DC
:1028C0001862AB4208BF42F00102186AA34208BF77
:1028D00042F001020143196212B90E4A934203D138
:1028E0005A6C42F400425A6499680B4A0A40062A1C
:1028F00006D0B2F5803F03D01A6842F001021A6098
:10290000002030BC704700BF0000014000040140BF
:10291000004001400048014007000100FFF7BCBF34
:1029200030B40446224A234D01F01F0123680120E0
:10293000AB4218BF934200FA01F005F57055196AD1
:102940000CBF0122002221EA00011B48AB4208BF54
:1029500042F001021962834208BF42F00102196A83
:10296000196212B9154A93420DD1196A41F2111236
:10297000114208D1196A40F24442114203D15A6C03
:1029800022F400425A64196A41F21112114208D12C
:10299000196A40F24442114203D11A6822F001023E
:1029A0001A600123002084F83D3030BC704700BF1E
:1029B0000000014000040140004401400048014083
:1029C000704700BF03680C290CD8DFE801F0070B43
:1029D0000B0B2E0B0B0B290B0B0B2400DA6842F0B0
:1029E0000202DA6001F01F020121186A9140114AC7
:1029F00020EA01001862186A0143196299680A40C6
:102A0000062A06D0B2F5803F03D01A6842F00102D0
:102A10001A6000207047DA6842F01002DA60E1E7DD
:102A2000DA6842F00802DA60DCE7DA6842F00402B1
:102A3000DA60D7E70700010010B403680C290CD84E
:102A4000DFE801F0070B0B0B320B0B0B2D0B0B0B05
:102A50002800DA6822F00202DA6001F01F0101208A
:102A60001A6A41F2111400FA01F122EA0101196215
:102A70001A6A1A621A6A224208D1196A40F244425A
:102A8000114203D11A6822F001021A6000205DF899
:102A9000044B7047DA6822F01002DA60DDE7DA688A
:102AA00022F00802DA60D8E7DA6822F00402DA607D
:102AB000D3E700BF0368C1B104290DD11A6A22F01F
:102AC00010021A621A6A42F010021A621A68002092
:102AD00042F001021A6070471A6A22F001021A627B
:102AE0001A6A42F001021A62E8E71A6A22F0010249
:102AF0001A621A6A42F001021A62E7E70368F1B14A
:102B0000042915D11A6A22F010021A621A6A1A628E
:102B1000196A41F21112114208D1196A40F2444275
:102B2000114203D11A6822F001021A600020704796
:102B30001A6A22F001021A621A6A1A62E2E71A6A33
:102B400022F001021A621A6A1A62E1E790F83C3038
:102B5000012B00F08180024602201368F0B482F855
:102B60003D0001259868564C82F83C5004400868A6
:102B700060289C6072D01FD9B0F1101F00F08A80CD
:102B800000F29080B0F5005F3DD0B0F5801F00F0FE
:102B9000818070282ED1CC68D1E9015040EA05012E
:102BA000986841EA042120F47F40014399609968C4
:102BB00041F0770199601DE020286BD067D940284B
:102BC00032D0502878D11E6A1D6A4C6826F00A0659
:102BD00025F00105CF6834433A491D62986920F019
:102BE000F00040EA071098611C629868014041F0CB
:102BF0005701996000230121184682F83D1082F8A0
:102C00003C30F0BC7047D1E90150CC6840EA050186
:102C1000986841EA042120F47F4001439960996853
:102C200041F480419960E5E71E6A1D6A4C6826F010
:102C30000A0625F00105CF68344322491D629869D0
:102C400020F0F00040EA071098611C62986801408B
:102C500041F047019960CDE7022070471D6A4E6838
:102C600025F01005CF6817491D629C69186A24F485
:102C7000704420F0A00044EA073440EA06109C614A
:102C800018629868014041F067019960B2E708B1A5
:102C90001028AFD19C6840F007000A492140084342
:102CA0009860A7E708498842F4D010318842F1D0F3
:102CB000203988429ED1EDE730289BD1EAE700BF5A
:102CC0008800CEFF8FFFCFFF30001000704700BF9D
:102CD000704700BF704700BF03681A69910710B5BD
:102CE000044602D5DA68920768D41A69520702D5F9
:102CF000DA6850074FD41A69110702D5DA6812074B
:102D000037D41A69D00602D5DA68D1061ED41A69FA
:102D1000D20702D5DA68D00769D41A69110602D53C
:102D2000DA6812066BD41A69D00502D5DA68110682
:102D30006DD41A69520602D5DA6850066FD41A6942
:102D4000910602D5DA68920649D410BD6FF01001E1
:102D5000082220461961DB69227713F4407F6FD186
:102D6000FFF7B4FF2046FFF7B3FF00222368227766
:102D7000CDE76FF00801042220461961DB69227754
:102D80009B075AD1FFF7A2FF2046FFF7A1FF0022C1
:102D900023682277B5E76FF004010222204619610B
:102DA0009B69227713F4407F44D1FFF78FFF2046C1
:102DB000FFF78EFF0022236822779CE76FF0020165
:102DC000012219619B690277990730D1FFF77EFFD5
:102DD0002046FFF77DFF00222368227785E76FF00A
:102DE000200220461A61BDE8104000F035BB6FF0AC
:102DF000010220461A61ECF7D5FF23688DE76FF0DA
:102E0000800220461A6100F029FB23688BE76FF4EB
:102E1000807220461A6100F023FB236889E76FF077
:102E2000400220461A61FFF755FF236887E7F5F750
:102E30002BF9D0E7F5F728F9BCE7F5F725F9A6E770
:102E4000F5F722F991E700BF70B42C4AB0F1804F3A
:102E50002B4EA0EB02020368A0EB0606B2FA82F248
:102E6000B6FA86F64FEA52124FEA561617D0B2B9A2
:102E7000244CA04213D004F58064A0420FD004F586
:102E80008064A0422ED06EBB1F4D204CA04218BFC4
:102E9000A84208D004F58064A04208D103E023F0E2
:102EA00070034C68234323F44073CC6823434C697C
:102EB00023F080038D6823430C680360C56284623D
:102EC00052B94EB9104A114B984218BF904203D0E4
:102ED00003F58063984201D10B690363012370BC41
:102EE000436170470A4C23F070034D68A04243EAE7
:102EF0000503D8D0002ED6D1C6E700BF00000140A0
:102F00000004014000040040004001400044014032
:102F1000000C0040B8B190F83D3010B503F0FF024E
:102F200004465BB102232068211D84F83D30FFF781
:102F30008BFF0123002084F83D3010BD80F83C2039
:102F4000F4F73AFFEEE70120704700BFB8B190F800
:102F50003D3010B503F0FF0204465BB10223206848
:102F6000211D84F83D30FFF76FFF0123002084F816
:102F70003D3010BD80F83C20F4F7B0FEEEE70120B4
:102F8000704700BFB8B190F83D3010B503F0FF02B4
:102F900004465BB102232068211D84F83D30FFF711
:102FA00053FF0123002084F83D3010BD80F83C2001
:102FB000FFF706FDEEE70120704700BF00284BD069
:102FC0002DE9F84390F83D3005460C4603F0FF022A
:102FD000002B3CD029460220204A51F8043B85F8BA
:102FE0003D009E681846324001269A60FFF72CFF8C
:102FF0002369A769A0681A01296840EA0728E769D8
:10300000D1F808C0164842EA07228B6927681840A1
:10301000E368D4F820904CEA07071A430B6A48EAA1
:103020000008606923F0AA0E63680E4C42EA093278
:1030300043EA00138F6008EA0404002043EA0E0309
:1030400022438A610B6285F83D60BDE8F88380F811
:103050003C20F4F77DFEBDE701207047F8BFFEFF7E
:10306000FCFCFFFF0303FFFFF0B4046A8F6824F049
:1030700010040E68194A0462036A4568846923F0E3
:1030800020032240164C43EA0713A04242EA0622DC
:103090001BD004F58064A04217D0124E124CA042FF
:1030A00018BFB04203D004F58064A04206D14C6939
:1030B00025F440658E69344345EA840549684560D6
:1030C000826181630362F0BC704723F08003CC68A7
:1030D00043EA041323F04003E9E700BFFF8CFFFE3F
:1030E00000000140004001400044014038B590F824
:1030F0003C30012B00F08D800D4602230121044657
:1031000080F83D3080F83C10142A1DD8DFE802F02A
:103110000B1C1C1C371C1C1C4A1C1C1C5C1C1C1C77
:103120006F1C1C1C240029460068FFF76FFA2368F7
:103130002869996941F008019961996921F00401B0
:1031400099619A6902439A6100230122184684F822
:103150003D2084F83C3038BD29460068FFF73CFB31
:1031600023682869596D41F400615965596D21F44E
:10317000806159655A6D42EA00225A65E4E72946A2
:103180000068FFF771FF23682869996941F40061BD
:103190009961996921F4806199619A6942EA0022F2
:1031A0009A61D1E729460068FFF76CFA236828691D
:1031B000D96941F00801D961D96921F00401D961C7
:1031C000DA690243DA61BFE729460068FFF79CFA33
:1031D00023682869D96941F40061D961D96921F46A
:1031E0008061D961DA6942EA0022DA61ACE72946F6
:1031F0000068FFF7BDFA23682869596D41F008019E
:103200005965596D21F0040159655A6D02435A659B
:103210009AE7022038BD00BF70B4046A1B4E24F048
:103220000104B04204628469056A1DD0B0F1804F88
:103230001AD0A6F57C46B04216D006F58066B0429C
:1032400012D006F58066B0420ED006F57846B04240
:103250000AD0A6F56C46B04206D006F59436B042C8
:1032600002D044F0010202E024F0030422431B01D7
:1032700025F00A0422F0F00201F00A01DBB221433A
:10328000134370BC83610162704700BF00000140BE
:10329000F8B590F83C30012B65D004460D4602236A
:1032A00016460122006884F83D3084F83C20EB6823
:1032B000D1E900125EB3042EAD6834D0082E066A40
:1032C00053D026F480561B03090306629BB2C669DD
:1032D00001F42041076A26F4407627F4204746EAA5
:1032E0000222394322F470421A43C2610162C36967
:1032F00023F44063C361C36943EA0525C561002324
:103300000122184684F83D2084F83C30F8BDFFF7D0
:1033100083FF2368A868996921F00C0199619A6973
:1033200002439A61EBE7066A1B03090126F01006C7
:103330009BB201F0A00106628669076A26F4407616
:1033400027F0A00746EA0222394322F470421A43CA
:1033500082610162836923F440638361836943EA84
:1033600005258561CBE70220F8BD26F480761B0198
:1033700009020662DBB2C66901F42061076A26F021
:10338000030627F420673243394322F0F0021A4340
:10339000C2610162C36923F00C03C361C3691D43A9
:1033A000C561ACE790F83C30012B45D00368244A56
:1033B000F0B4244E02250124934218BFB34280F892
:1033C0003D5080F83C4008BF01265C6818BF0026CD
:1033D0009D6803D124F470044A6814431A4A24F007
:1033E00070040F68934218BFB3F1804FDFF864C0D8
:1033F00044EA0704154F0CBF012200225C606345BC
:1034000008BF42F00102124CBB4208BF42F0010269
:10341000A34208BF42F0010202B926B18A6825F032
:10342000800515439D600023012280F83C3080F820
:103430003D201846F0BC704702221046704700BF7E
:10344000000401400000014000040040000C004066
:103450000018004000080040704700BF704700BFE0
:10346000704700BFD0F88030212B00D07047B0F8F3
:10347000563002689BB26BB1016D31F8023BC3F369
:1034800008039362B0F856300165013B9BB2A0F887
:1034900056307047136823F080031360136843F0BD
:1034A00040031360704700BFD0F88030212B00D05C
:1034B0007047B0F86A30002BFAD0B0F8562092B2BC
:1034C00010B40468C2B1E269013B12F0800F9BB2F4
:1034D0000CD0016D31F8022BC2F30802A262B0F8E1
:1034E00056200165013A92B2A0F8562063B1B0F8B7
:1034F000562092B2002AE6D1A36823F40003A36009
:10350000236843F0400323605DF8044B704700BF1D
:10351000D0F88030212B00D07047B0F856300268C8
:103520009BB25BB1016D11F8013B9362B0F856306C
:103530000165013B9BB2A0F856307047136823F039
:1035400080031360136843F040031360704700BFAB
:10355000D0F88030212B00D07047B0F86A30002BB3
:10356000FAD0B0F8562092B210B40468B2B1E26951
:10357000013B12F0800F9BB20AD0016D11F8012BB4
:10358000A262B0F856200165013A92B2A0F8562026
:1035900063B1B0F8562092B2002AE8D1A36823F4B0
:1035A0000003A360236843F0400323605DF8044BED
:1035B000704700BF0346D0F8800020282ED159B3B1
:1035C000B2FA82F0400938BB30B493F87C40012C49
:1035D00035D019650125596E2124A3F85620B1F183
:1035E000005FC3F88800A3F85420186783F87C5064
:1035F000C3F880409A6813D0B2F5805F21D0174A93
:103600001A67196800240A68204683F87C4042F053
:1036100080020A6030BC704701207047022070476A
:10362000B2F5805F13D00E4A1A67196800248A68C1
:10363000204683F87C4042F400028A60EAE70220D8
:10364000E8E71A69002ADAD1064A1A67D9E71A693F
:10365000002AE8D1044A1A67E7E700BF11350208DB
:103660005135020865340208A93402082DE9F041F9
:10367000D0F88460202E4BD100294CD0B2FA82F7CA
:103680007F09002F47D190F87C30012B40D01346A2
:1036900001242222D0F878E0C0F8887005468165C0
:1036A000A0F85C3080F87C40C0F88420D0F800C0DE
:1036B000BEF1000F15D01E480A46DFF878800CF1E5
:1036C0002401DFF874C0CEF83C007046CEF850708C
:1036D000CEF84080CEF84CC0F9F752FAF0B9D5F8E0
:1036E00000C0DCF80030002043F4807385F87C00D3
:1036F000CCF80030DCF8083043F00103CCF8083097
:10370000DCF8083043F04003CCF80830BDE8F08125
:103710000220BDE8F0810120BDE8F081102385F88A
:103720007C702046C5F88830C5F88060F1E700BF9E
:10373000413702087D3702088D370208704700BF05
:1037400008B5C369806BB3F5807F12D0036800228F
:103750002021A0F85E201A6822F480721A609A680C
:1037600022F001029A609A6822F040029A60C0F842
:103770008410F4F7B7FD08BD704700BF08B5806B33
:10378000FFF7FAFF08BD00BF704700BF38B5836B75
:103790001A68D3F88040D3F8840091680D0601D5EB
:1037A000212C1ED09168490601D5222809D0D3F8D2
:1037B0008820184642F01002C3F88820FFF7E4FF83
:1037C00038BD00240E492025A3F85E40106820F47F
:1037D00090701060906801409160DC66C3F884507E
:1037E000E5E700212024A3F85610116821F0C0015C
:1037F0001160916821F400019160C3F88040D1E725
:10380000FEFFFFEF02682DE9F041D36940F60F0596
:10381000044610682B42916870D0734D0D4000F043
:103820008F80DF0709D5C60507D501261662D4F8B3
:10383000886046F00106C4F888609F0703F004061C
:1038400040F19380CF070AD502271762D4F8887019
:1038500047F00407C4F88870002E40F08C801F07E2
:1038600005D5860600F19780002D40F094801F0555
:103870000AD5460108D54FF400651562D4F8885082
:1038800045F02005C4F88850D4F88850002D6AD03F
:103890009D0607D5800640F18B80E36E13B120466C
:1038A00098472268D4F8885091684F0603D415F0E1
:1038B000280500F09380116820254C4B002021F44E
:1038C0009071116091680B409360C4F884509368C4
:1038D000E0665E0668D59368A16F23F040039360AD
:1038E000002961D0424B08460B65F9F7F9FA002828
:1038F00039D0A06FBDE8F041036D18479F0609D588
:10390000860605D5E36E73B32046BDE8F04118473F
:10391000CD00F7D4DD0209D41E061AD5050616D54A
:10392000236F03B32046BDE8F04118474F02F3D59B
:103930004FF4801320461362BDE8F04101F010BB44
:103940002C4E3042E6D0DF077FF577AF6BE70F02F2
:10395000E6D45E0601D545062ED4190214D4DB0147
:1039600001D5002835DBBDE8F081002E3FF477AFAC
:10397000CE077FF574AF04261662D4F8886046F04F
:103980000206C4F888606AE74200E8D52046BDE830
:10399000F04101F0E9BA08251562D4F8885045F0E5
:1039A0000805C4F8885062E72046FFF7EDFEDAE725
:1039B000CB007FF577AF70E7136820250021204604
:1039C00023F040031360C4F880502167FFF7B6FE70
:1039D000C9E72046BDE8F04101F0C4BA2046FFF730
:1039E000D3FEC4F88850BEE701000010FEFFFFEFD1
:1039F000F93902082001000408B50022836BA3F8FE
:103A00005E201846A3F85620FFF7BEFE08BD00BF93
:103A10002DE9F0430446B148B14D87B0A368E16990
:103A2000D4F80CC0D4E90426134322683343176842
:103A3000666EAA4243EA010300EA0700A76943EA67
:103A40000603666A43EA00031360536823F4405395
:103A500043EA0C03536000F096809568236AA148FE
:103A60003B432840A04D0343AA429360D36A23F00E
:103A70000F0343EA0603D36222D09C4B9A4271D0D3
:103A80009B4B9A4200F0DA819A4B9A4200F01084E4
:103A9000994B9A4200F01684984B9A4200F01D848C
:103AA000974B9A4200F0A084964B9A4261D1964B74
:103AB0005B6D03F00703052B5BD8944AD35C07E0EA
:103AC000914B5B6D03F03803282B52D8904AD35C9E
:103AD000B1F5004F00F02A81402B01F29580DFE81C
:103AE00013F07D027502930893086C029308930803
:103AF0009308420293089308930893089308930845
:103B00009308160293089308930893089308930860
:103B100093089308930893089308930893089308CD
:103B20009308EE0193089308930893089308930869
:103B300093089308930893089308930893089308AD
:103B4000930893089308930893089308930893089D
:103B5000930893089308930893089308930893088D
:103B60009308B701684B5B6D03F00703052B40F228
:103B7000D780012000234FF00112C4E91A232367E4
:103B800007B0BDE8F0839068564B5F4903403B4364
:103B90009360D36A23F00F033343D3628B6D03F03A
:103BA0000703052BE5D85B4AD55C082D00F003849C
:103BB00040F29E83202D00F04482402D00F0CC8303
:103BC000102DD6D10B689F0640F12D840868524B0A
:103BD000C0F3C10023FA00F006B3012E00F08B857C
:103BE000022E00F08385032E00F07D85042E00F068
:103BF0005F86052E00F09B86062E00F0F186072ECC
:103C000000F02787082E00F0A587092E00F0C38753
:103C10000A2E00F0BD870B2E00D1000A666806EB65
:103C200046038342A5D8B0EB063FA2D8082D00F08A
:103C3000288540F25184202D00F0C884402D00F0EA
:103C4000F884102D95D1304A636A1168880640F1D6
:103C500095851168304AC1F3C101CA400021104660
:103C60000BB3012B00F0A586022B00F01787032B66
:103C700000F01887042B00F0BF87052B00F0B687F3
:103C8000062B00F0AD87072B00F0BA87082B00F059
:103C9000DA87092B00F0D3870A2B00F0CC870B2B97
:103CA00001D1100A00214FEA01290023750832468C
:103CB0004FEA002849EA106918EB050049F10001B4
:103CC000DCF774FC0346A0F54071144A91423FF6BC
:103CD00050AF22680020D3604CE700BFF369FFCFEC
:103CE000000C0058FFF4FF11001001400044004098
:103CF00000480040004C00400050004000140140CB
:103D000000780040007C0040004402581C19030861
:103D1000F0180308241903080090D003FFFC0F00DB
:103D2000DC4AB1F5004FD35C7FF4D6AE402B3FF6B2
:103D300020AF01A252F823F02F410208B740020839
:103D4000733B0208733B020851420208733B0208AE
:103D5000733B0208733B0208FF410208733B0208F1
:103D6000733B0208733B0208733B0208733B020873
:103D7000733B0208733B020897410208733B020839
:103D8000733B0208733B0208733B0208733B020853
:103D9000733B0208733B0208733B0208733B020843
:103DA000733B0208733B0208733B0208733B020833
:103DB000733B0208733B02083B410208733B020855
:103DC000733B0208733B0208733B0208733B020813
:103DD000733B0208733B0208733B0208733B020803
:103DE000733B0208733B0208733B0208733B0208F3
:103DF000733B0208733B0208733B0208733B0208E3
:103E0000733B0208733B0208733B0208733B0208D2
:103E1000733B0208733B0208733B0208733B0208C2
:103E2000733B0208733B0208733B0208733B0208B2
:103E3000733B0208733B020861420208964B5B6DBC
:103E400003F00703052B3FF694AE944AD35C3FE69C
:103E5000002E00F0CD80012E00F09983022E00F09C
:103E6000A883032E00F03884042E00F0AD84052EC4
:103E700000F0DA84062E00F01785072E00F0538537
:103E8000082E00F09E85092E00F001860A2E00F013
:103E90005A860B2E14BF4FF4004380236268002023
:103EA00003EB5203B3FBF2F39BB2A3F110014FF605
:103EB000EF7291423FF65DAE2268D3605AE6002E63
:103EC00000F09480012E00F06083022E00F06D83DC
:103ED000032E00F00584042E00F04D84052E00F022
:103EE000A084062E00F0CA84072E00F01985082E43
:103EF00000F06F85092E00F095850A2E00F03286BD
:103F0000674B43F609520B2E08BF1346C6E7624BB8
:103F10001A6892066FD51A68624BC2F3C102D34089
:103F2000002EBBD0012E00F01582022E00F0C180C1
:103F3000032E00F0BB80042E00F09F82052E00F0BF
:103F4000CF84062E00F0FF84072E00F0D783082EC2
:103F500000F04B84092E00F087840A2E00F0C584FF
:103F60000B2E9BD127E003A8FDF700F9626A049BA2
:103F7000002A93D0012A00F0ED81022A00F09980F6
:103F8000032A00F09380042A00F07782052A00F0CB
:103F90007182062A00F09583072A00F0AF83082A71
:103FA00000F02384092A00F05F840A2A00F09D842F
:103FB0000B2A7FF473AF1B0A70E76846FDF73EF8E3
:103FC000626A019B002A3FF469AFD3E7FCF7AAF9C4
:103FD000626A0346002A3FF461AFCBE7FCF790F931
:103FE000626A0346002A3FF459AFC3E72C4B55E7FA
:103FF0004FF4004352E7002E00F06C82012E00F0D7
:104000005983022E00F08583032E00F0F983042EDD
:1040100000F02784052E00F06B84062E00F0A184AA
:10402000072EE3D0082E00F0B082092E00F0BD82EA
:104030000A2E00F0A0831B4B1B4A0B2E08BF134611
:104040002CE7002E00F0E881012E00F0A782022E5E
:1040500000F02D83032E00F05F83042E00F0CD834B
:10406000052E00F00884062E00F04584072E00F08F
:104070007D84082E00F0C784092E00F000850A2EEA
:1040800000F05D85064843F609530B2E08BF18461D
:10409000C4E500BF1C190308004402581C1903089A
:1040A00000093D000090D00390D00300C74AA2FB56
:1040B00003239B08F2E6FCF735F9636A03B3012B8F
:1040C00000F06182022B00F07282032B00F0FF826D
:1040D000042B00F04983052B00F09983062B00F098
:1040E000D083072B00F01984082B00F03784092BAC
:1040F00000F091840A2B00F02A850B2B08BF000AE0
:104100006268530803EB4003B3FBF2F39BB2A3F1E5
:1041100010014FF6EF7291423FF62BAD23F00F02E4
:10412000C3F34203216800201343CB6022E5FCF770
:10413000E7F8636A002BE3D0C1E7002E00F09F810F
:10414000012E00F0AF82022E00F0DE82032E00F07E
:104150004F83042E00F07C83052E00F0B183062EE1
:1041600000F00284072E00F04784082E00F08084BF
:10417000092E00F0D5840A2E00F01C85944B47F6DA
:1041800012220B2E08BF1346626803EB5203B3FBE7
:10419000F2F39BB2BBE78F4B1A68910640F1748132
:1041A0001A688D4BC2F3C10223FA02F2FEB1012E4E
:1041B00000F0DB81022E00F0ED81032E00F06D8215
:1041C000042E00F09682052E00F0ED83062E00F0FE
:1041D0004483072E00F07983082E00F0B083092E67
:1041E00000F0E5830A2E00F056840B2E2ED0616875
:1041F0004B0803EB4203B3FBF1F39BB287E703A841
:10420000FCF7B4FF636A049A002BF0D0012B00F096
:10421000AC81022B00F0BE81032B00F03E82042B08
:1042200000F06782052B00F0F782062B00F0158363
:10423000072B00F04A83082B00F08183092B00F044
:10424000B6830A2B00F027840B2BD0D1120ACEE7BD
:104250006846FCF7F3FE636A019A002BC7D0D5E7E6
:10426000002E00F00E81012E00F01E82022E00F0C2
:104270004D82032E00F0BE82042E00F0EB82052E4C
:1042800000F02083062E00F08A83072E00F0B08312
:10429000082E00F0F083092E00F045840A2E00F06D
:1042A0008D840B2E14BF4FF480334FF480736BE773
:1042B000484B5B6D03F00703052B3FF65AAC474AAA
:1042C000D35C05E4434B5B6D03F00703052B3FF61E
:1042D00050AC434AD35CFFF7FBBB3E4B5B6D03F036
:1042E0003803282B3FF645AC3E4AD35CFFF7F0BBC2
:1042F000022D57D0042D7FF43CAC6846FCF79EFE9F
:10430000636A0198EBB1012B00F08180022B79D018
:10431000032B74D0042B00F03081052B00F02A8190
:10432000062B00F05582072B00F08782082B00F047
:10433000AC82092B00F0EB820A2B00F009830B2BD7
:1043400003D000283FF416AC68E4000A00283FF4CC
:1043500011AC63E45B08A1E5002E60D0012E00F0F3
:104360002081022E00F0A981032E00F0F981042E95
:1043700000F04982052E00F07A82062E00F0C382FA
:10438000072E00F00883082E00F02683092E00F087
:1043900057830A2E00F0CB830B2E14BF4FF400403E
:1043A00080203BE4FCF738FE636A002BABD1002889
:1043B0003FF4E0AB32E403A8FCF7D8FE636A04984C
:1043C000002BA0D100283FF4D5AB27E4ABAAAAAAC2
:1043D00000127A00004402580090D0031C19030810
:1043E0001C190308F0180308CD4B5B6D03F007039D
:1043F000052B3FF6BEABCB4AD35CFFF769BBCA4B7C
:10440000A3FB0030800800283FF4B4AB06E440086A
:1044100000283FF4AFAB01E4C448FFF7FFBB4FF403
:104420000040FFF7FBBB002E00F0A180012E00F042
:104430006881022E00F0D681032E00F00682042E41
:1044400000F03B82052E00F07782062E00F0CD8230
:10445000072EE1D0082E00F0A180092E00F0278160
:104460000A2E00F0CA81B248B24B0B2E08BF184684
:10447000FFF7D4BBB04AA2FB0323DB080EE5AF4B2A
:1044800082E64FF480337FE6002E00F08580012E17
:1044900000F0A681022E00F0D681032E00F00B82E0
:1044A000042E00F04E82052E00F08882062E00F0C9
:1044B000D382072EE3D0082E00F0F480092E00F0FE
:1044C00023810A2E00F0C4819D4B9E4A0B2E08BF0B
:1044D000134659E6964BE1E4022D6DD0042D7FF48E
:1044E00048AB68464FF00009FCF7A8FD019A636AE3
:1044F00090461BB3012B00F03981022B00F098810C
:10450000032B00F0C881042B00F0F881052B00F08C
:104510003082062B00F0A382072B00F08C82082B40
:1045200000F08482092B00F07C830A2B00F0748356
:104530000B2B03D14FEA12284FF0000963684FEAB2
:1045400009274FEA082659081A4647EA1867002340
:1045500016EB010847F1000940464946DCF726F80A
:104560000346A0F54071FFF7B0BB52083FE6704824
:10457000FFF754BB704BA3FB0030C00800283FF48A
:10458000F9AAFFF74BBB4008BAE56F4B86E44FF43E
:10459000804383E492082AE6694BF5E56A48FFF711
:1045A0003DBB4FF48040FFF739BB684B76E4800891
:1045B000A6E54FF4005371E4FCF72EFD636A024652
:1045C00080464FF00009002BB8D093E7636A03B32D
:1045D000012B00F08181022B00F0D981032B00F028
:1045E0001582042B00F04F82052B00F0BF82062BB2
:1045F00000F0C082072B00F0D582082B00F0CE829D
:10460000092B00F028830A2B00F021830B2B00F0EC
:10461000FF824F4F4FF0000875080023324678198B
:1046200048F10001DBF7C2FF0346A0F54071FFF738
:104630004CBB636A03B3012B00F04981022B00F0ED
:10464000A181032B00F0DB81042B00F0FD81052B01
:1046500000F07182062B00F0B582072B00F0BB82C0
:10466000082B00F0B382092B00F0FE820A2B00F029
:10467000F6820B2B00F0DA824FF400074FF00008AF
:10468000CAE703A84FF00009FCF770FD049A636ABB
:104690009046002B3FF452AF2CE7234BA3FB0223A1
:1046A0009A08A4E5214B6FE54FF400436CE52748D9
:1046B000FFF7B4BA274BFFF7F1BB4FF40050FFF7F9
:1046C000ADBA194AA2FB0323DB08FFF7E7BB164B81
:1046D000A3FB0023980813E541F25553FFF7DEBB17
:1046E0001D4BFFF7DBBB104BA3FB00308008FFF72F
:1046F00095BAD2087BE54008FFF790BA1B09FFF78F
:10470000CDBB1448FFF78ABA0F4B3DE54FF4804309
:104710003AE5124BFFF7C2BB0F48FFF77FBA00BF65
:10472000004402581C190308ABAAAAAA00093D00BC
:104730000090D00390D00300CDCCCCCC00127A00F6
:104740000020A10720A1070080841E0040420F0026
:104750000000093D0048E8012A2C0A000024F4006A
:1047600041F25550FFF75ABAC008C9E45FEA590947
:104770004FEA3808E2E6D04BFFF790BB03B3012BBA
:1047800000F02381022B00F04981032B00F0E5812A
:10479000042B00F00B82052B00F0F681062B00F0B5
:1047A000EE81072B3FF435AF082B00F09580092BE5
:1047B00000F0ED800A2B00F066810B2B00F0F281F7
:1047C000BE4F4FF0030827E74FF48053FFF766BB57
:1047D0000C23B0FBF3F000283FF4CCA9FFF71EBA7E
:1047E000B74BD1E4B748FFF719BA5B09FFF756BBDF
:1047F000B54BC9E442F6AA23C6E4AF48FFF70EBAA8
:10480000B24BFFF74BBB4FF48050FFF707BAB04BEA
:10481000A3FB0023D80873E4AD4BA3FB0223DA0803
:10482000E5E4AC4BFFF73ABB40F6CC43FFF736BBB1
:104830004FEA92084FF0000980E6000900283FF493
:1048400099A9FFF7EBB9A44B9EE4A048FFF7E6B99E
:10485000A24B99E44FF4005396E40C23B2FBF3F21D
:10486000C5E49F4BFFF71ABB9B09FFF717BB40F648
:10487000CC40FFF7D3B99748FFF7D0B9994BFFF772
:104880000DBB0C23B0FBF3F03AE4400900283FF4E1
:1048900071A9FFF7C3B94046494606220023DBF75A
:1048A00085FE8046894649E640F6AA23FFF7F6BA18
:1048B000C008FFF7B3B98C4B66E48948FFF7AEB97F
:1048C0008A4B61E441F698135EE412098FE44FF4D9
:1048D00080074FF000089FE6854F4FF000089BE6E9
:1048E0000A22B3FBF2F3FFF7D9BADB09FFF7D6BA16
:1048F000804BFFF7D3BA7B48FFF790B94FEAD20855
:104900004FF000091AE640F6AA20FFF787B98009A0
:1049100000283FF42FA9FFF781B90009FFF7F0BB8A
:10492000754BFFF7BBBA4FF40063FFF7B7BA0A2322
:10493000B0FBF3F0FFF772B96E48FFF76FB9520999
:1049400055E4604B20E40C22B3FBF2F3FFF7A6BA68
:10495000C00900283FF40EA9FFF760B94009FFF72E
:10496000CFBB664BFFF79ABA654B0DE46248FFF781
:1049700055B9404649460A220023DBF717FE804618
:104980008946DBE54FF400174FF0000844E65D4F21
:104990004FF0000840E64FF40060FFF73FB941F2E6
:1049A0005453FFF7F1BB0A23B2FBF3F21FE4920961
:1049B0001DE449084FEA3000FFF775B9524BFFF785
:1049C000E3BB4FF48063FFF769BA504F4FF0010823
:1049D00022E64F4BFFF762BA4FF48060FFF71EB933
:1049E0000C23B0FBF3F0FFF719B94448FFF716B9F1
:1049F0004FF48053FFF7C8BB2F4BFFF7C5BB454FA4
:104A00004FF0000808E64248FFF708B90FF2A00887
:104A1000D8E9007800E68009FFF772BB3E4F4FF0FF
:104A20000008F9E54FF22443FFF738BA4FEA52186D
:104A30004FF0000982E54FEA12184FF000097DE5BA
:104A40004FF40070FFF7EAB84FF480174FF00008FA
:104A5000E2E50009FFF7E2B81C4BFFF795BB4046C3
:104A600049460C220023DBF7A1FD8046894665E517
:104A7000214BFFF789BB4FF40063FFF785BB4FF273
:104A80002440FFF7CBB8254F4FF00008C4E54FF4A2
:104A90000073FFF703BAD209FFF7A9BB9008002102
:104AA000FFF701B906220023DBF780FDFFF7FBB813
:104AB000002A2C0A0000000020A10700000090D06E
:104AC0000090D0030024F40054581400AAC2A2009D
:104AD000CDCCCCCC801A06000048E80140420F0043
:104AE00000127A00151605005485450100350C00AA
:104AF0000080841E00A8610090D003005561510021
:104B00002A2C0A000040420F0050C300000048E871
:104B100048E8010000551500000024F40020A1071A
:104B20005B4BFFF731BB4FF48063FFF72DBB4FF4B6
:104B30008070FFF773B8574F4FF000086CE547F6E9
:104B40001220FFF76BB84FF48073FFF7A7B9C009C5
:104B5000FFF7D6BA4009FFF761B80FF21C18D8E981
:104B6000007859E547F61223FFF798B94A4F4FF0FE
:104B7000000851E50FF20818D8E900784CE50FF26B
:104B80000818D8E9007847E5444F4FF0000843E59E
:104B9000C009FFF743B88009FFF740B8404F4FF016
:104BA000000839E53F4F4FF0000835E53E4F4FF024
:104BB000000831E54FF22443FFF7E6BA4FF40073E3
:104BC000FFF7E2BA394F4FF0000825E54FF4802790
:104BD0004FF0000820E54FF400274FF000081BE5D8
:104BE0000C220023DBF7E2FCFFF75DB80A2200236A
:104BF000DBF7DCFCFFF757B8D0080021FFF753B80C
:104C000010090021FFF74FB801200023FFF74DB92D
:104C1000274F4FF00008FFE44FEAD2184FF0000989
:104C20008CE44FEA92184FF0000987E44FF40047F4
:104C30004FF00008F0E4D0090021FFF734B89009E4
:104C40000021FFF730B850090021FFF72CB8194FA9
:104C50004FF00008E0E4184F4FF00008DCE44FF498
:104C600080374FF00008D7E44FF400374FF00008CA
:104C7000D2E400BFAFF3008000AAC2A2000000008F
:104C800000151605000000000055615100000000ED
:104C900048E8010000CC0C0000801A060000A86162
:104CA0000048E8010090D0030000127A00AA0A0030
:104CB00000093D0000127A000024F400836ADA073C
:104CC00010B406D50168C46A4A6822F4003222434F
:104CD0004A609C0706D50168046B4A6822F480325A
:104CE00022434A60590706D50168446B4A6822F49A
:104CF000802222434A601A0706D50168846B4A68FD
:104D000022F4004222434A60DC0606D50168C46BE7
:104D10008A6822F4805222438A60990606D5016887
:104D2000046C8A6822F4005222438A605A060AD52B
:104D30000168446C4A68B4F5801F22F4801242EA8C
:104D400004024A600BD01B0606D50268C16C53688A
:104D500023F400230B4353605DF8044B70474A680B
:104D6000846C22F4C00222434A60ECE72DE9F84348
:104D7000089D80460F4616469946046801E0681C67
:104D80000AD1E06937EA00030CBF01200020B042DD
:104D9000F5D00020BDE8F883F7F77EF9A0EB090015
:104DA000B5FA85F2A8424FEA52121ED8EAB9D8F8ED
:104DB000004023685907E4D5E3691B05E1D54FF4AA
:104DC0000061202303202162216821F4D071216039
:104DD000A16821F00101A160C8F8803088F87C202A
:104DE000C8F88430C8F88830D4E7D8F800302021DB
:104DF000002403201A6822F4D0721A609A6822F004
:104E000001029A60C8F8801088F87C40C8F88410C5
:104E1000C0E700BF70B50025044682B0C0F88850D6
:104E2000F7F73AF9236806461A6812070DD41B688B
:104E30005B0719D4002320221846C4F8802084F888
:104E40007C30C4F8842002B070BD6FF07E402A46EA
:104E500033464FF4001100902046FFF787FF78B9E2
:104E600023681B685B07E5D56FF07E403346002260
:104E70004FF4800100902046FFF778FF0028D9D03A
:104E8000032002B070BD00BF80B3D0F8803010B5F1
:104E9000044603B3226824232046C4F880301368F4
:104EA00023F001031360FEF7B3FD012818D0A36AB5
:104EB000C3B9236820465A6822F490425A609A681F
:104EC00022F02A029A601A6842F00102BDE81040FE
:104ED0001A60FFF79FBF80F87C30F3F757F9D9E7E6
:104EE000012010BD2046FFF7E9FEE2E701207047F0
:104EF00030B4184984B0184D40F20714174A436E75
:104F0000CDE90054CDE90212EBB1026893689468D0
:104F100004AAC3F3426302EB5474134414F8102C34
:104F200013F8101C13F8085CD300CA0014F8081C0E
:104F300092FBF5F293FBF1F3A0F86820A0F86A3039
:104F400004B030BC70474FF00113836604B030BC2E
:104F5000704700BF080402040101010308010101B8
:104F6000704700BF704700BF704700BF90F87C20BB
:104F7000012A17D00346242000211A6870B4C3F810
:104F80008000202614680846156824F0005425F097
:104F90000105156059661460C3F8806083F87C10C1
:104FA00070BC70470220704790F87C30012B1ED0F7
:104FB0000368242270B5C0F8802001261D680446CD
:104FC0001A6880F87C6022F001021A609A6822F068
:104FD000604211439960FFF78BFF00230168202294
:104FE00018460D60C4F8802084F87C3070BD022023
:104FF000704700BF90F87C30012B1ED0036824223C
:1050000070B5C0F8802001261D6804461A6880F833
:105010007C6022F001021A609A6822F060621143FB
:105020009960FFF765FF00230168202218460D6094
:10503000C4F8802084F87C3070BD0220704700BF27
:105040000B4B01E0013B10D00269002AFADA036938
:10505000074A43F00103036101E0013A05D0036907
:1050600013F00103F9D1184670470320704700BFC1
:10507000400D030084B038B50A9D05AC012D84E8CD
:105080000E00014621D1826B1B4B22F48032119815
:105090008A630128CA6803EA0203CB60CB6823F461
:1050A0004013CB6023D00846FFF7CAFF089B012BB3
:1050B00007D18B6843F006038B608B6843F02003B5
:1050C0008B60BDE8384004B07047C36843F04003CC
:1050D000C360FFF7B5FF0E9B23B98B6B43F480339E
:1050E0008B63E3E78B6B23F480338B63DEE7CB6862
:1050F00043F48013CB60D6E7BFFFBDFF022A03460F
:1051000010B40CD04FF41054D968002021F4705121
:10511000D960DA6822435DF8044BDA607047294AA7
:1051200029480A4482423AD9284A29480A448242F4
:1051300032D9284A28480A44824233D9274A00F5FE
:10514000C3300A44A03082422FD9254A25480A4458
:1051500082422DD9244A00F592200A4400F5787045
:10516000824228D9214A00F5C3200A4400F5207064
:105170008242C7D91E4A00F5B7100A4400F558709C
:1051800082421BD91B4A1C4C0A44A2428CBF4FF4DA
:10519000C0544FF4E054B7E74FF46054B4E74FF411
:1051A0007054B1E74FF45054AEE74FF44054ABE7BE
:1051B0004FF43054A8E74FF42054A5E74FF40054BF
:1051C000A2E700BF405327FFFF340C00401E1BFF27
:1051D0003F420F0000DC0BFF7F4F1200808CF9FE76
:1051E00060B6E5FE5FE3160000D3CEFEC05BB3FE03
:1051F00000CA91FEE05459FEDF9C410002460020A7
:10520000936843F001039360704700BF024600209B
:10521000936823F001039360704700BF08B5C3682B
:10522000012923F0C043C3600BD041B9C36843F0E8
:105230008043C3603220F6F735FF002008BD01200F
:1052400008BDC36843F00053C360F3E784B02DE9A1
:10525000F043002408AE054686E80E000E462246BE
:10526000129904F14003013405EB83030F2C5A60BB
:10527000F7D105F50067002940F094807B6843F082
:1052800002037B60AB6B23F40013AB632B6843F02A
:1052900040032B602B6843F080032B6000220D9BA2
:1052A000C5F8002E012BD5F80028C5F800287ED0BF
:1052B000D5F8003843F00303C5F800384FF4846292
:1052C000474B2A6101E0013B7FD0286910F02000A4
:1052D000F9D11022424B2A6101E0013B77D02A69C3
:1052E000D206FAD400223A617A61FA61DEB105F59C
:1052F00010634FF090484FF0006994464FF67F3EA0
:1053000009E0C3F800C00132C3F810C0C3F808E0D8
:105310002033B2422AD01C68002CF2DA002A5BD07B
:10532000C3F80080EFE73B6900266FF080440B9ADA
:1053300023F480733B61AE616C611AB9AB6943F0D1
:105340001003AB61AC69274B0E9A2343AB611AB1D2
:10535000AB6943F00803AB61012903D1AA69224B71
:105360001343AB61BDE8F04304B07047002405F57A
:1053700030634FF090484FF00069A4464FF67F3EEF
:1053800009E0C3F800C00134C3F810C0C3F808E056
:1053900020339442C7D01E68002EF2DACCB1C3F895
:1053A0000080F0E7AB6B43F40013AB6376E70A9B36
:1053B00023B9D5F80038C5F800387FE7D5F80038AC
:1053C00043F00103C5F8003878E7012081E70120A8
:1053D00088E7C3F80090D6E7C3F8009093E700BFD2
:1053E000400D030000383C80040000408901074A5A
:1053F00041F02001016101E0013A05D0036913F099
:105400002003F9D11846704703207047400D030070
:105410001023064A036101E0013A05D0036913F045
:105420001003F9D11846704703207047400D030060
:10543000D0F8083813F0060004D013F0020F14BFA0
:1054400002200F20704700BF70B40A7801234D7806
:1054500000F5006402F00F0600EB4210012D03FA84
:1054600006F317D0E26942EA0343E361D0F8003B58
:105470001B040CD48A68144BC2F30A02CC78D0F80F
:10548000001B134343EA84430B43C0F8003B002056
:1054900070BC7047E5692B43E361D0F800391C0408
:1054A000F5D48C68084BC4F30A04CD78D0F8001901
:1054B000234343EA854343EA82520A4370BCC0F85F
:1054C00000290020704700BF0080001030B40C7825
:1054D0000123497800F5006204F00F0500EB441049
:1054E000012903FA05F310D0D46B6FEA03430F4987
:1054F0001C40D463D4692340D361D0F8003B1940E9
:1055000030BCC0F8001B00207047D46BDB43084957
:105510001C40D463D4692340D361D0F800391940CA
:1055200030BCC0F800190020704700BF0078F3EFCE
:10553000007833EC2DE9F0474F780B78012F4C6958
:1055400000EB4313CE7855D003F53067DFF808E25F
:10555000D7F810C07E4D0CEA0E0ED1F808C0C7F87F
:1055600010E0D7F810E00EEA05053D618CB304EBBE
:105570000C05784CD7F81080012A05F1FF35B5FBF2
:10558000FCF504EAC54EADB24EEA080E0CFB05F47C
:10559000C7F810E03D69C4F3120444EA05043C6115
:1055A00023D0012E0CD1D0F8082812F4807FD3F834
:1055B000002B0CBF42F0005242F08052C3F8002B87
:1055C000D3F8002B42F00442C3F8002B0020BDE8C2
:1055D000F0873D69CCF31204012A44EA05043C61DA
:1055E0003C6944F400243C61DBD1CA68002AD8D06D
:1055F0007A61D6E703F51065ECB3D1F80880C4F3FF
:10560000120CD5F81090012E08EB040EDFF848A11B
:105610000EF1FF3E09EA0A0ADFF83491C5F810A03E
:10562000D5F810A0BEFBF8F80AEA0909DFF824E172
:10563000C5F810900EEAC84ED5F810804EEA080E54
:10564000C5F810E0D5F810E04CEA0E0CC5F810C013
:1056500052D0012A5AD0D3F8002942F00442C3F8AC
:1056600000290B78D0F8342803F00F039F4017432C
:10567000C0F83478AAE7D5F810E0012ADFF8D0C0E6
:10568000354F0EEA0C0CC5F810C0D5F810C04CF41C
:10569000002CC5F810C0D5F810C00CEA07072F6120
:1056A00034D0D3F80059012E45F00445C3F8005911
:1056B0008CD1D0F8085815F4807FD3F800590CBF6E
:1056C00045F0005545F08055C3F80059002A7FF495
:1056D0007DAFA2B2033292083FF478AF0C78CB686A
:1056E00000EB043003EB820200F5805053F8041BFA
:1056F00093420160FAD169E72F69012A27F0C04778
:105700002F612F6947F000572F611AD10A6902B142
:105710006A61012E0CD1D0F8082812F4807FD3F8EA
:1057200000290CBF42F0005242F08052C3F8002919
:10573000D3F80029002042F00442C3F80029BDE854
:10574000F087D3F8005945F00445C3F80059B0E795
:10575000FFFF07E00000F81F0000F8FFF0B44B78EF
:105760000C78012B4D6900EB441426D004F530630E
:105770003C4F18693C4E074088681F611F693E40D6
:105780001E6105B148611D69C0F31200012A45F48C
:1057900000251D611D6940EA0500186108D0D4F894
:1057A000003B43F00443C4F8003B0020F0BC7047CA
:1057B000CA68002AF3D05A61F1E704F51063002D9E
:1057C00033D0D3F810C0274F274E0CEA0707D1F883
:1057D00008C01F61AC451F6906EA07061E6102D2B8
:1057E0006546C1F814C01E69C5F31205012A46F4C6
:1057F00000261E611E6945EA06051D6126D0D4F803
:1058000000394A6943F00443C4F80039002ACCD077
:105810000A780123D0F8341802F00F0293400B43AA
:10582000F0BCC0F83438002070471F69A5F500258A
:105830000D4E012A06EA07061E611E6946F400267F
:105840001E611E6905EA06051D61D8D10A6902B10B
:105850005A61D4F80039002043F00443C4F80039F9
:10586000F0BC70470000F8FFFFFF07E010B49DF8A0
:1058700004406CB903339B080AD000EB023001EB03
:10588000830300F5805051F8042B8B420260FAD15B
:1058900000205DF8044B7047033292080CD010B41E
:1058A00000F5805401EB8200236841F8043B8142FB
:1058B000FAD15DF8044B7047084670470B784A7878
:1058C00000EB4310003318BF0123012A12D0D0F897
:1058D000002B002A06DB2BB1D0F8003B23F08043DD
:1058E000C0F8003BD0F8003B43F40013C0F8003B85
:1058F00000207047D0F80029002A06DB2BB1D0F831
:10590000003923F08043C0F80039D0F8003943F45F
:105910000013C0F800390020704700BFCB780A7828
:105920004978023B00EB42100129DBB211D0D0F8DC
:10593000002B012B22F40012C0F8002B01D900200B
:105940007047D0F8003B43F08053C0F8003B002084
:105950007047D0F80029012B22F40012C0F800296A
:10596000EDD8D0F8003943F08053C0F8003900205A
:10597000704700BF034609010020D3F8002801F456
:10598000FE6122F4FE62C3F80028D3F80028114318
:10599000C3F80018704700BF00F50062032008B587
:1059A000536823F002035360F6F77CFB002008BD28
:1059B00000F50062032008B5536843F0020353600A
:1059C000F6F770FB002008BD4269806910407047FF
:1059D000D0F8183800F50060C0691840000C704716
:1059E000D0F8183800F50060C069184080B27047E0
:1059F00000EB411100F50060D1F8082B4069104020
:105A0000704700BF00F5006200EB411010B401F0D8
:105A10000F041169536B00F51060E34080685DF876
:105A2000044BDB01DBB20B4318407047406900F0C8
:105A3000010070470346094A002003F5006110B4D5
:105A4000D3F8004922405DF8044BC3F80029D3F88D
:105A5000043843F480734B60704700BF00F8FFFFC9
:105A600030B4124C00F53063056CA54203D9D0F870
:105A7000004B002C16DB002401291C611C6944F436
:105A800000241C611C6944F018041C611C6944F06A
:105A9000C0441C6106D15A61D0F8003B43F080231A
:105AA000C0F8003B002030BC704700BF0A30544FA4
:105AB000AF230380004870474016002438B547F6EE
:105AC0000A05D0F8B842635D012B01D0002038BD33
:105AD00047F64C03E35C022BF8D1D0F8BC3247F612
:105AE0000B021B69A05C9847002347F64B0200207D
:105AF0006355A35438BD00BF002070470020704795
:105B00000A23038000487047F016002438B5044685
:105B10000025812100F0DCFF8221E562204600F0B3
:105B2000D7FF25642046022100F0D2FFD4F8B83216
:105B3000C4F8805153B1D4F8BC3228465B6898470A
:105B4000D4F8B80201F070F8C4F8B852002038BD9B
:105B500038B5012504464FF4C07381212A4600F070
:105B6000A5FFE562204640230222822100F09EFF2D
:105B70000222402325641146204600F097FFC4F816
:105B80008051EBF7B5FA20460A23064A812100F03E
:105B9000F9FF20464023044A022101F001F80020C9
:105BA00038BD00BFA439002478A50024F8B52F4CD7
:105BB00005462378012B1ED02D482E4B01681B680B
:105BC000B1F5806F1DD299423ED02B4A12FA81F274
:105BD0004AD9C1F58063294E402B336019D9A3F10E
:105BE000400740314023016037600120822120704E
:105BF000284600F0C7FF224C2378012B0FD000204D
:105C0000F8BD00210160FBB11B4A1C4E402B3360E4
:105C1000E5D8194400279BB201603760E5E7194ECB
:105C2000194B37781A78BA4211D1184B1B7833B117
:105C3000174F2846822107EB821200F0A3FF0023B2
:105C4000002033702370F8BD00232370D3E7104A7F
:105C500028464023822102EB871200F093FF33781D
:105C6000002001333370F8BD5B1ACEE78C1B002493
:105C7000881B0024841B0024B8A90024801B002456
:105C80008D1B002474A5002475A5002476A500248E
:105C9000B8A50024022901D00020704710B50446A1
:105CA00000F08CFF81B239B920464023044A02211A
:105CB00000F076FF002010BD0148ECF713FFF3E77A
:105CC00078A50024012970B504461CD0022901D012
:105CD000002070BD1E4A1378012BF9D11D490B68B5
:105CE000002B33D01C48402B026828D89E18002572
:105CF0009BB206600D60194D2046822115FA82F292
:105D000000F040FFE4E7164B1B78002BE0D1812127
:105D100000F0ECFE134B144A1D881678EBF7E8F9F7
:105D20006B0020462EB9114A81219BB200F02AFF58
:105D3000CEE70F4A81219BB200F024FFC8E7403B29
:105D400002F140050B6040230560D4E71370BFE704
:105D50008C1B0024801B0024881B0024B8A900246D
:105D60008D1B0024321A0024301A0024244B0024F6
:105D7000A43900242DE9F0410B7882B000240D46AF
:105D800013F060030646D0F8B872ADF8064011D0A3
:105D9000202B07D191F80180B8F1010F60D0B8F144
:105DA000810F25D03046294600F060FC022002B069
:105DB000BDE8F0814B780B2BF4D801A252F823F008
:105DC0004B5E0208A55D0208A55D0208A55D0208FC
:105DD000A55D0208A55D02083B5E0208A55D0208FC
:105DE000A55D0208A55D0208275E0208135E020891
:105DF00047F60B03214640223B44184600F027FF9C
:105E0000EA880146304600F063FC204602B0BDE857
:105E1000F08190F89C32032BC4D18B78042BC1D82D
:105E20003B600020C3E790F89C32032BBAD139467F
:105E3000012200F04DFC0020B9E74B881B0A212B02
:105E400025D0002002B0BDE8F08190F89C32032BF1
:105E5000A8D102220DF1060100F03AFC0020A6E7CD
:105E6000CA88002AEDD047F60B01394400F046FC01
:105E700047F60A0147F64B0347F64C0207F8018044
:105E80002046E988F954AB881B0ABB548FE7CA88BF
:105E90000349092A28BF092200F01AFC002086E7DE
:105EA000521600240020704738B50B460146094DB4
:105EB000C3F387101A46084CA3EB801328700748D9
:105EC000237000F0B9FE06490020064B012208703D
:105ED0001A7038BD75A5002476A50024B8A5002445
:105EE00074A500248D1B0024014B1878704700BF57
:105EF0008D1B002409B1C0F8BC120020704700BF00
:105F000088B108B5D0F8B43213B10023C0F8B43268
:105F100009B1C0F8B0120121027080F89C1200F0A3
:105F20007DFD002008BD0220704700BF19B1C0F8F8
:105F3000B412002070470220704700BF08B500F07F
:105F4000A7FD002008BD00BF08B5D0F8B4321BB1D2
:105F50001B68984700B908BD022008BD08B5D0F8F5
:105F6000B4325B689847002008BD00BF38B500F523
:105F70002A750446284600F065FB94F8A812012013
:105F8000B4F8AE2201F01F03C4F894028342C4F8AF
:105F9000982215D00ED3022B06D001F080012046A6
:105FA00000F0B2FD002038BD2946204600F0B2FACC
:105FB000002038BD2946204600F002F9002038BDF7
:105FC0002946204600F07AFA002038BD70B5054613
:105FD00041B9D0F89432032B0FD0052B0C462ED0AC
:105FE000002070BDD0F8B4329B69C3B190F89C22F8
:105FF000032A14D19847002070BD1646D0F86031AE
:10600000D0F8642193420CD99B1A31469A42C0F8C9
:1060100060318CBF9AB292B200F080FBE0E70220C0
:1060200070BDD0F8B4321B6923B190F89C22032ACA
:1060300000D19847284600F079FB002070BDC5F8D4
:10604000941200F061FD204670BD00BF70B504469B
:1060500061B9D0F89452022D16D035F0040334D033
:1060600094F8A0320020012B0BD070BDD0F8B432D0
:106070005B6943B390F89C22032A24D198470020FF
:1060800070BD84F8A00270BDD0E908530E469D4251
:106090001FD8C569B5FBF3F203FB12520AB9AB4234
:1060A00024D9D4F8B432DB682BB194F89C22032AAB
:1060B00001D1204698478021204600F025FD20464A
:1060C00000F040FBCCE7022070BD802100F01CFDF9
:1060D000C6E7EB1A114603629AB200F007FB33469B
:1060E00032463146204600F05BFDB9E7D0F89832E1
:1060F0009D42D6D20A4600F0F9FAC4F89862EEE75B
:1061000070B500224026044601251146334600F0B2
:10611000CDFC33468021C4F85851C4F86461204650
:10612000002200F0C3FC0021D4F8B832A5616662F9
:1061300084F89C52C4F894126160C4F8A41223B18C
:10614000D4F8B43220465B689847002070BD00BF89
:1061500001740020704700BF03460421002093F81B
:106160009C2283F89C1283F89D22704790F89C3201
:10617000042B03D190F89D3280F89C3200207047A8
:1061800090F89C22032A01D00020704708B5D0F86F
:10619000B432DB6903B19847002008BD0020704786
:1061A0000020704700207047D0F8B422012108B5C4
:1061B00080F89C12017953689847002008BD00BF01
:1061C00030B50B7883B00D46044603F06003202BF6
:1061D00028D0402B26D053B18021204600F094FCDB
:1061E0002046002100F090FC002003B030BD4B7829
:1061F000092BF1D801A252F823F000BF79620208FE
:10620000A5620208D9610208C1620208D9610208C8
:10621000CD6202080B630208D961020841630208DB
:1062200037620208D4F8B432294620469B68984762
:10623000002003B030BD89789F4D01292970CBD84B
:1062400090F89C32022B00F00D81032B40F0FE8071
:10625000002900F027814168012909D0C9B2FFF760
:106260007DFE297820466160FFF76EFE0228B3D0DC
:10627000204600F05BFAB7E790F89C320322013B1E
:10628000022BA9D8CB88022BA6D10121D0F8A432A9
:10629000C16003B1C260022204F10C01204600F08B
:1062A00017FAA1E790F89C32013B022B94D84B8857
:1062B000012B99D10023C0F8A43200F037FA93E7FC
:1062C0004B88012B90D1C0F8A432D1E78B88002BEA
:1062D00082D1CB88002B7FF47FAF4D887F2D3FF696
:1062E0007BAF90F89C32032B3FF476AFE9B280F895
:1062F0009E1200F039FC204600F018FA002D00F044
:10630000CD80022384F89C326EE74A880021130A6C
:10631000ADF80610013B062B3FF65EAF01A151F828
:1063200023F000BFD9630208C1630208E9630208D1
:10633000D9610208D9610208AB63020867630208E9
:10634000CA88012A7FF448AF90F89C32002B3FF4B2
:1063500043AF022B40F29480032B7FF43DAF011D2D
:1063600000F0B6F940E7037C002B7FF435AFD0F89E
:10637000B4320DF106001B6B984707234370BDF83C
:106380000630EA886BB1002A3FF472AF93420146AF
:10639000204628BF13461A46ADF8063000F098F99B
:1063A000EA88002A7FF420AF62E7037C002B7FF4A9
:1063B00013AFD0F8B4320DF106005B6B9847DEE7FF
:1063C000027CD0F8B432002A61D19B6A0DF106003C
:1063D000984702234370D2E7D0F8B0320DF106019E
:1063E000007C1B689847CAE7D2B2052A3FF6F4AE94
:1063F000DFE802F026201A140E03D0F8B0329B69B1
:10640000002B3FF4E9AE0DF10601207C9847B6E77A
:10641000D0F8B0325B69002BF5D1DDE6D0F8B032B0
:106420001B69002BEFD1D7E6D0F8B032DB68002B28
:10643000E9D1D1E6D0F8B0329B68002BE3D1CBE6AE
:10644000D0F8B0325B68002BDDD1C5E6802100F0CA
:106450005BFB0021204600F057FB29782046FFF720
:106460007DFDC1E600293FF403AF01210323416014
:1064700080F89C32FFF768FD02287FF4F9AEABE6A6
:106480000023014641F8083F00F022F9ACE6DB6A40
:106490000DF1060098470223437070E7012384F84A
:1064A0009C32A1E60223416080F89C32FFF756FD42
:1064B000204600F03BF997E68E1B002438B50B7898
:1064C0000D46044603F06003202B0CD0402B0AD06D
:1064D0004BB18021204600F017FB2046002100F040
:1064E00013FB002038BD94F89C32013B022BF0D8FE
:1064F0002B79042BEDD8D4F8B432294620469B687A
:106500009847EB88002BECD10028EAD1204600F018
:106510000DF9E6E770B50B78044603F06003202B15
:106520000CD0402B0AD083B18021204600F0ECFA39
:106530002046002100F0E8FA002070BDD4F8B43203
:1065400020469B689847002070BD4B788A88012BB5
:10655000D5B237D014D3032BE6D190F89C32022B5E
:106560003FD0032BE0D14B8833B96A0604D0CB88E7
:1065700013B9294600F0C8FA204600F0D7F8DBE747
:1065800090F89C32022B36D0032BCDD105F00F03AF
:10659000120603EB830300EB83033ED4D3F8583198
:1065A000002BC1D005F07F03142606FB030606F579
:1065B000AA76002B3CD1336031462046022200F0FF
:1065C00087F8B9E790F89C32022B0AD0032BABD1A5
:1065D0004B88002BB0D16E06CED0294600F0A2FA2F
:1065E000CAE76B06A0D0294600F08EFA204680212B
:1065F00000F08AFAA0E7680696D111064FF0000570
:1066000020464FF002024CBF04F1140304F5AA73B4
:1066100019461D6000F05CF88EE79B69002B83D063
:1066200005F07F035E1C06EB860600EB8606C0E7DE
:106630002946204600F084FA08B10123BBE7306008
:10664000BAE700BF0B7803704B784370CA788B7839
:1066500003EB022343804A790B7903EB0223838007
:10666000CA798B7903EB0223C380704710B50446C7
:10667000802100F049FA00212046BDE8104000F0DA
:1066800043BA00BF00B3037830B4F3B1044600232B
:10669000013314F8015FDBB2002DF9D15B00023346
:1066A000032413800B704C7004785CB10223002526
:1066B0005A1CCC540233D2B2DBB28D5410F8014FC5
:1066C000002CF5D130BC704770470223E8E700BFCB
:1066D00070B5154602260A460021C5612B460562A3
:1066E000C0F8946200F04EFA002070BD08B5134661
:1066F0000A46002100F046FA002008BD70B5154694
:1067000003260A460021C0F85C512B46C0F86051B0
:10671000C0F8946200F044FA002070BD08B513463A
:106720000A46002100F03CFA002008BD08B504220A
:106730000023C0F8942219461A4600F023FA0020DC
:1067400008BD00BF08B505220023C0F894221946F1
:106750001A4600F025FA002008BD00BF08B5002247
:1067600010491148FFF7CCFBC8B910490E48FFF794
:10677000DDFB88B90E490C48FFF7BCFB48B90A4855
:10678000FFF7DCFB08B1EAF73DFDBDE80840F9F78B
:1067900031B8EAF737FDF2E7EAF734FDEAE7EAF75E
:1067A00031FDE2E718170024B8AD002408160024D4
:1067B000FC1600240020704700207047002070471E
:1067C000002070470020704700207047002070476D
:1067D000122301480B80704734170024042301481A
:1067E0000B80704748170024013A30B4D2B28C1C99
:1067F000002504EB4204020F4D7002310001D3B2B8
:10680000092A03F1300203F1370394BF01F8022C87
:1068100001F8023C8C42EED130BC70470B481A2282
:106820000B4B00681B680A80C01801D109487047EB
:10683000094B0822094910B51C68FFF7D5FF04224F
:1068400007492046FFF7D0FF024810BD00E8F11FBE
:1068500008E8F11F4C17002404E8F11F4E1700242C
:106860005E17002410B5044C0A4604482146FFF781
:1068700009FF204610BD00BF7CB000244C1903085E
:1068800010B5044C0A4604482146FFF7FBFE20469B
:1068900010BD00BF7CB000246019030810B5044C83
:1068A0000A4604482146FFF7EDFE204610BD00BF12
:1068B0007CB000242C19030810B5044C0A46044887
:1068C0002146FFF7DFFE204610BD00BF7CB000244C
:1068D0003C19030802681E4B70B59A4288B04FF00D
:1068E0000004CDE90344CDE90544079401D008B084
:1068F00070BD184D02200A224FF4C056D5F8E03082
:1069000003A943F00103C5F8E030D5F8E030049066
:1069100003F00103104807920193019B0396F6F7D9
:10692000EFFED5F8D83022462146652043F00063BB
:10693000C5F8D830D5F8D83003F000630293029B35
:10694000F5F7DCFB6520F5F70FFC08B070BD00BF64
:1069500000000840004402580000025800F5717120
:10696000D0F80404FFF702BBC1EBC10300EB8303C3
:10697000D0F80404D3F80822FFF728BBC1EBC10309
:1069800000EB8303D0F804049A6CFFF75FBB00BFF1
:10699000D0F80404FFF7F4BBC16810B5044621B178
:1069A00002290CD0EAF72EFC0121D4F80404FFF7E9
:1069B000CFFBD4F80404BDE81040FFF7A1BB0121D0
:1069C000F3E700BF10B50446D0F80404FFF7C4FB9A
:1069D0002268D2F8003E43F00103C2F8003E236A69
:1069E00023B1034A136943F00603136110BD00BFCE
:1069F00000ED00E0D0F80404FFF7B8BBD0F80404C1
:106A0000FFF7CEBBD0F80404FFF7C8BBD0F80404EE
:106A1000FFF7C8BBD0F80404FFF7C6BB02780AB181
:106A200000207047184B022170B50925174E01242C
:106A3000C3F80404C0F8C03218461A611A63DC6156
:106A4000D9609961C3E90822C3E90A22C3E9006554
:106A5000F8F7EAF8A0B980210B48F8F76FFE40225A
:106A600000210948F8F746FE802201210648F8F780
:106A700041FE802202210448F8F73CFE002070BD50
:106A8000EAF7C0FBE7E700BF7CB200240000084043
:106A900008B5D0F8C002F8F75FF9032802D8024B16
:106AA000185C08BD022008BD6819030810B51C4613
:106AB000D0F8C00213462246F8F7BCFC032802D8DF
:106AC000024B185C10BD022010BD00BF68190308FE
:106AD00008B5D0F8C002F8F7E7FC032802D8024B4B
:106AE000185C08BD022008BD6819030808B5D0F875
:106AF000C002F8F7E3FD032802D8024B185C08BD7A
:106B0000022008BD6819030808B5D0F8C002F8F7DC
:106B100055FD032802D8024B185C08BD022008BDB1
:106B20006819030808B5D0F8C002F8F78BFD0328F0
:106B300002D8024B185C08BD022008BD6819030882
:106B40000A06D0F8C03206D4C1EBC10103EB8101C3
:106B500091F8FE01704701F07F01C1EBC10103EB29
:106B6000810191F83E00704708B5D0F8C002F8F7EF
:106B70004DFC032802D8024B185C08BD022008BD5A
:106B80006819030808B5D0F8C002F8F7F3FC032829
:106B900002D8024B185C08BD022008BD6819030822
:106BA00008B5D0F8C002F8F7B3FC032802D8024BAE
:106BB000185C08BD022008BD68190308D0F8C0029F
:106BC000F8F7CEBC014B1868704700BF6817002467
:106BD00070B50D4E0D4CA41BA4100025A54209D183
:106BE0000B4E0C4C02F0D2FDA41BA4100025A542B4
:106BF00005D170BD56F8253098470135EEE756F8B7
:106C0000253098470135F2E7181C0308181C0308C3
:106C1000181C03081C1C0308024B0146186800F0EE
:106C20006DB800BF68170024024B0146186800F0D9
:106C300017B800BF6817002410B5431E0A449142DC
:106C400000D110BD11F8014B03F8014FF7E70244E2
:106C50000346934200D1704703F8011BF9E7000097
:106C600038B50546002945D051F8043C0C1F002BCF
:106C7000B8BFE41801F0F6FA1F4A1368104633B99A
:106C8000636014602846BDE8384001F0ECBAA342C6
:106C90000CD921686218934204BF1A685B6863606C
:106CA00004BF521822600460ECE713465A680AB128
:106CB000A242FAD919685818A0420BD120680144A1
:106CC000581882421960DDD1106852685A60014438
:106CD0001960D7E702D90C232B60D3E7206821186D
:106CE0008A4204BF11685268626004BF09182160BB
:106CF0005C60C7E738BD00BF901B002470B5CD1C99
:106D000025F0030508350C2D38BF0C25002D06464F
:106D100001DBA94203D90C233360002070BD01F0D0
:106D2000A1FA214A1468214691B9204C23681BB965
:106D3000304600F079FC20602946304600F074FCB3
:106D4000431C24D10C233360304601F08CFAE4E775
:106D50000B685B1B18D40B2B0FD90B60CD50CC18D4
:106D6000304601F080FA04F10B00231D20F00700EB
:106D7000C31AD3D05A42E250D0E78C424B6816BFB8
:106D8000636013600C46EBE70C464968CCE7C41C13
:106D900024F00304A04205D0211A304600F044FC40
:106DA0000130CFD02560DBE7901B0024941B00242A
:106DB000F0B52DED028BB0EE408B85B017460D9DE2
:106DC0000C9E18EE902A25F02005002AB6BF2D2231
:106DD0000022B1EE408B462D0C461A7004D0452D92
:106DE00000D10134022100E0032103AB019302AB87
:106DF000009322463346B0EE480B00F0D9FC472DF5
:106E000001D1FB071ED5462D00EB04030CD10278FF
:106E1000302A07D1B5EE408BF1EE10FA1CBFC4F159
:106E20000104346032681344B5EE408BF1EE10FA81
:106E300007D03021039A9A4204D2541C0394117053
:106E4000F8E70393039B0E9A1B1A136005B0BDEC81
:106E5000028BF0BDF7B500290446BABF49422D2385
:106E60002B23092904F8022B437020DD0DF10703C1
:106E70001F460A2691FBF6F506FB15113031092D48
:106E800003F8011C03F1FF32294609DC3031023BD3
:106E900002F8011CBB42224604D3101A03B0F0BD15
:106EA0001346E7E713F8012B04F8012BF2E7302330
:106EB00019448370021DC170EFE70000000000005C
:106EC0002DE9F04F8DB00C4616461F46DDF8588070
:106ED000054601F0B9F9D0F800B05846D9F700FAE4
:106EE00000230A93D8F800300590073323F00703F6
:106EF00003F1080194F818902268C8F80010D3E94B
:106F00000001C4E912019FEDA27B94ED120BB0EEDB
:106F1000C06BB4EE476BF1EE10FA24DDB5EEC00B9A
:106F2000F1EE10FA02D52D2384F843309A499B4B99
:106F3000B9F1470F8CBF8846984622F0040203231C
:106F4000236122604FF0000A009733460BAA2146C6
:106F5000284600F0E1F9013040F089804FF0FF3021
:106F60000DB0BDE8F08FB4EE400BF1EE10FA02D791
:106F70008B498C4BDCE761684B1C42F480620AABA6
:106F800009A83BD1062161604FF0000CCDE9023C1D
:106F9000CDE900090DF12303226061682846FFF75F
:106FA00007FF09F0DF03472B804609D1099BD81C56
:106FB00002DB6268934247DDA9F102095FFA89F9B1
:106FC000B9F1650F099924D801394A4604F15000F6
:106FD0000991FFF73FFF0A9A1318012A824623619D
:106FE00002DC2268D10701D5013323619DF82330EB
:106FF000002BA9D02D2384F84330A5E7B9F1670F02
:1070000000F07881B9F1470FBED10029BCD1012130
:10701000B9E7B9F1660F19D1002963680CDD216168
:1070200013B92268D20702D501330B442361099BAF
:10703000A3654FF0000AD9E713B92268D00701D53C
:107040000233F3E70123F1E74FF06709DDE9093285
:10705000934205DB22682361D107E8D50133E5E7D8
:10706000002BD4BFC3F1020301231344DEE72368DE
:107070005A0507D42369424631462846B8470130AD
:107080002AD16BE7B9F1650F40F2DE8094ED127BF7
:10709000B5EE407BF1EE10FA33D10123424A31467E
:1070A0002846B84701303FF459AFDDE909239A4239
:1070B00002DB2368D8070FD5059B5A463146284680
:1070C000B84701303FF44AAF4FF0000804F11A0905
:1070D0000A9B013B434509DC23689B0700F10581BE
:1070E000E0680B9B9842B8BF184639E701234A462F
:1070F00031462846B84701303FF430AF08F1010867
:10710000E6E7099B002B2BDC0123274A3146284662
:10711000B84701303FF422AF099B23B90A9B13B94A
:107120002368D907D8D5059B5A4631462846B84723
:1071300001303FF413AF4FF0000904F11A0A099B24
:107140005B424B4501DC0A9B95E7012352463146E1
:107150002846B84701303FF401AF09F10109EEE7D5
:107160000A9AA36D9A42A8BF1A46002A914607DDE3
:107170001346314642462846B84701303FF4EEAE4A
:1071800004F11A034FF0000A29EAE979079317E09E
:10719000FFFFFFFFFFFFEF7F701903086C19030863
:1071A00078190308741903087C1903080123079A46
:1071B00031462846B84701303FF4D0AE0AF1010A03
:1071C000A36D0693A3EB09035345EFDC069B98449C
:1071D000DDE909239A4215DB2368DA0712D40A9BFA
:1071E000069A09999A1AA3EB010A9245A8BF9246FA
:1071F000BAF1000F0EDC4FF000082AEAEA7A04F137
:107200001A0919E0059B5A4631462846B84701300D
:10721000E5D1A3E65346424631462846B8470130F9
:10722000E9D19BE601234A4631462846B84701305A
:107230003FF494AE08F10108DDE909239B1AA3EBA2
:107240000A034345EEDC47E70A9A012A01DCDB0723
:1072500039D50123424631462846B84701303FF42C
:107260007DAE059B5A4631462846B847013008F1A5
:1072700001083FF473AE94ED127B0A9BB5EE407BA0
:10728000F1EE10FA03F1FF3318D04246314628469A
:10729000B84701300ED161E601234A4631462846FF
:1072A000B84701303FF45AAE08F101080A9B013B90
:1072B0004345F1DC534604F15002DDE64FF000088F
:1072C00004F11A09F2E70123DFE701234A463146B8
:1072D0002846B84701303FF441AE08F10108E368A1
:1072E0000B9A9B1A4345F0DCFAE64FF0000804F1D4
:1072F0001909F4E700293FF48AAE4FF0000CCDE9FC
:10730000023CCDE9000922600DF123032846FFF776
:107310004FFD80464AE600BF2DE9F04791461F46E3
:107320008A680B69DDF820809342B8BF1346C9F81C
:10733000003091F8432006460C4612B10133C9F8DB
:1073400000302368990642BFD9F800300233C9F8EB
:107350000030256815F0060507D104F1190AE36825
:10736000D9F800209B1AAB4228DC94F843302268FD
:10737000003318BF012392062DD404F1430239468D
:107380003046C047013020D02368E568D9F8002096
:1073900003F00603042B08BFAD1AA36822690CBFD3
:1073A00025EAE57500259342C4BF9B1AED184FF0FE
:1073B00000091A344D451AD1002008E00123524635
:1073C00039463046C047013003D14FF0FF30BDE8A9
:1073D000F0870135C3E7E1185A1C302081F84300DB
:1073E000224494F8451082F843100233C5E7012384
:1073F000224639463046C0470130E6D009F101093E
:10740000D8E700002DE9F04301F1430C0C46097E5A
:1074100085B06E291746064698460C9A00F0B38050
:1074200022D8632936D00AD8002900F0B98058291B
:1074300000F0838004F1420584F8421032E06429B0
:1074400001D06929F6D120681368050603F104010B
:107450002AD51B681160002B03DA2D225B4284F8C9
:1074600043206F480A2239E0732900F09D8008D834
:107470006F2920D07029DDD1236843F020032360D9
:1074800003E0752917D07829D4D1782384F84530C2
:10749000644855E01368191D1B68116004F142052A
:1074A00084F8423001238CE01B68116010F0400F1B
:1074B00018BF1BB2CFE713682568181D1060280697
:1074C00001D51B6802E06806FBD51B8854486F296C
:1074D00014BF0A220822002184F843106568A560C1
:1074E000002DC0F29580216821F004012160002B5D
:1074F0003DD1002D40F08E806546082A0BD12368CF
:10750000DB0708D5236962689A42DEBF302305F89D
:10751000013C05F1FF35ACEB05032361CDF800809C
:107520003B4603AA21463046FFF7F6FE01304DD117
:107530004FF0FF3005B0BDE8F083394884F84510BE
:10754000136821681D1D1B6815600A060BD5CA0744
:1075500044BF41F0200121601BB9226822F02002C3
:1075600022601022B7E74D0648BF9BB2EFE76546A1
:10757000B3FBF2F102FB1133C35C05F8013D0B468E
:107580000029F5D1B9E7136825686169181D1060F5
:1075900028061B6801D5196002E06A06FBD5198030
:1075A000002323616546B9E71368191D11601D6842
:1075B000626800212846D8F79BFE08B1401B606036
:1075C00063682361002384F84330A7E723692A46D0
:1075D00039463046C0470130AAD023689B0713D4F0
:1075E000E068039B9842B8BF1846A3E701234A46C8
:1075F00039463046C04701309AD00135E368039AD6
:107600009B1AAB42F2DCEBE7002504F11909F5E720
:10761000002BACD1037884F8423004F142056CE7CA
:107620007E1903088F19030838B5064C0023054658
:1076300008462360F0F736F9431C02D1236803B1F2
:107640002B6038BD84B600240EB400B59CB01DABD1
:10765000029006906FF00041094807910491094992
:1076600053F8042B05910068019302A901F040F939
:10767000029B00221A701CB05DF804EB03B0704747
:10768000681700240802FFFF034611F8012B03F8D6
:10769000012B002AF9D170472DE9F74F03690C69D6
:1076A000A3428046C0F28280013C01F114074FEAF8
:1076B000840C00F1140657F8245056F8240006EB09
:1076C0000C03013507EB0C090193B0FBF5F595B3FD
:1076D0004FF0000A3846B646D34650F8042B93B212
:1076E00005FB03A34FEA134A9BB2ABEB0303120C57
:1076F000DEF800B005FB02A213FA8BF34FEA124A40
:107700001FFA82FBDEF80020CBEB124202EB234291
:107710009BB243EA024381454FEA224B4EF8043BB9
:10772000DBD256F80C3033B9019B043B9E421A461B
:1077300030D3C8F81040404600F0ACFF002825DBED
:10774000013530464FF0000C57F8042BD0F800E01C
:1077500093B2ACEB0303120C13FA8EF3C2EB1E428E
:1077600002EB23429BB243EA0243B9454FEA224C63
:1077700040F8043BE8D256F8242006EB84032AB9EB
:10778000043B9E421A460BD3C8F81040284603B06B
:10779000BDE8F08F1268043B002ACAD1013CC5E75E
:1077A0001268043B002AEFD1013CEAE70020EEE733
:1077B0002DE9F04F57EC106B95B0456A08910446DF
:1077C0000A921193DDF87880CDE902673DB9102067
:1077D000FFF722FA6062C0E901550560C560636A7F
:1077E000196851B15A684A60012393408B60204662
:1077F00000F06EFD636A00221A603B1EB9BF23F0E1
:10780000004303930023C8F80030039DAC4BBCBF7A
:107810000122C8F80020AB431BD1119A42F20F732A
:107820001360029B23B9C5F31305002D00F0DD841E
:107830001F9B53B9A34B20E0A34B049308331F9A1B
:107840001360049815B0BDE8F08F9E4B049303338A
:10785000F5E79DED027BB5EE407BF1EE10FA8DED84
:10786000047B0CD1119A012313601F9B002B00F0A5
:10787000B984964B1F9A1360013B0493E1E713A967
:1078800012AA9DED040B204600F07BFFC5F30A56BB
:1078900001901299002E46D00598C0F31300DDE93F
:1078A000042340F07F5343F44013A6F2FF3A00272D
:1078B00007EE90AA43EC162BB8EEE75B9FED7A4BF0
:1078C000B7EE087B36EE477B9FED796BA7EE046B36
:1078D000B0EE467B9FED786BA5EE067BFDEEC76BA9
:1078E000B5EEC07BF1EE10FA16EE90BA08D5B8EE00
:1078F000E66BB4EE476BF1EE10FA18BF0BF1FF3BED
:10790000BBF1160F34D8724B03EBCB0393ED007B26
:107910009DED026BB4EEC67BF1EE10FA01DD0BF1CA
:10792000FF3B002325E0139B01EB030A0AF23243DD
:10793000202B17DDC3F14003029A9D400AF2124347
:1079400022FA03F32B4307EE903AB8EE677B0AF175
:10795000FF3A8DED047B0598DDE904230127A0F1B2
:10796000F873A5E7029AC3F1200302FA03F3EAE7EA
:107970000123A1EB0A0A1093BAF10103079343BF55
:107980000023CAF1010A07934FF0000ABBF1000F70
:1079900019DB079BCDF82CB05B4407934FF0000830
:1079A000089B092B66D8052BC4BF043B0893089B92
:1079B000A3F10203CCBF00250125032B66D8DFE825
:1079C00003F0555709490023AAEB0B0ACBF1000835
:1079D0000B93E5E7012309930A9B002B59DD0693DE
:1079E0009946666A00227260042202F114009842ED
:1079F000716853D9204600F037FC636A30601B6819
:107A00000493B9F10E0F00F2C280002D00F0BF8088
:107A10009DED027BBBF1000F8DED0E7B40F3E68008
:107A20002B4A0BF00F0302EBC30393ED007B4FEAED
:107A30002B13DA0640F1D880264A9DED0E5B92EDBD
:107A4000086B85EE066B8DED026B03F00F030322CE
:107A500020494AE0012309930A9B5B4403F1010991
:107A600006934B46012BB8BF0123BAE70023B2E7C8
:107A70000023F0E701250023CDE908354FF0FF335F
:107A800006939946002212230A92AAE7012309933A
:107A9000F4E70123069399461A46F5E70131716030
:107AA0005200A2E7AFF3008061436F63A787D23F24
:107AB000B3C8608B288AC63FFB799F501344D33FDD
:107AC0000000F07FA9190308A01903087D19030815
:107AD000D8190308B0190308DE0704D591ED006B2F
:107AE000013227EE067B5B100831002BF4D19DEDAF
:107AF000026B86EE077B8DED027B109B002B00F066
:107B0000A780B7EE006B9DED027BB4EEC67BF1EE75
:107B100010FA40F19D80B9F1000F00F09980069BAA
:107B2000002B30DDB2EE046B27EE067B8DED027B81
:107B3000069D0BF1FF3301329DED026BB1EE0C5B44
:107B400007EE902AB8EEE77BA7EE065B8DED025BB1
:107B5000039ADDE90201A2F15071002D7BD1B1EE53
:107B6000047B36EE476B41EC170BB4EEC76BF1EEBE
:107B700010FA00F35382B1EE477BB4EEC76BF1EE1F
:107B800010FA00F14982DDE90E23CDE90223139BAF
:107B9000002BC0F21981BBF10E0F00F31581C34B0E
:107BA00003EBCB0393ED006B0A9B002B80F2BA80B2
:107BB000B9F1000F00F3B68040F02D82B1EE047BE6
:107BC00026EE076B9DED027BB4EEC76BF1EE10FA6B
:107BD0004D464F4680F20482049B049A5E1C31237A
:107BE00013700BF1010BFFE1022231E72ED0CBF134
:107BF0000003AE4A03F00F0102EBC10292ED007BDD
:107C00009DED0E6B26EE077B8DED0C7BDDE90C12F6
:107C1000CDE90212A6491B11002002223BB900281F
:107C20003FF46BAFDDE90C01CDE9020165E7DD074B
:107C300009D59DED0C6B91ED007B26EE077B8DED5C
:107C40000C7B013201205B100831E7E7022254E788
:107C50005B464D4670E7954A02EBC50212ED024BBA
:107C6000099A41EC170B5AB3B6EE003BB7EE002B66
:107C7000049E83EE045BB2EE043B35EE477BFDEEE3
:107C8000C64B14EE902AB8EEE45B303236EE456B0C
:107C9000B4EEC76BF1EE10FA06F8012B3BD432EECE
:107CA000465BB4EEC75BF1EE10FA72D4049AB21AD6
:107CB00095427FF768AF27EE037B26EE036BDEE786
:107CC000049A24EE077B56191146B2EE043BFDEEF2
:107CD000C64B14EE902A303201F8012BB142B8EEB7
:107CE000E45B36EE456B1AD1B6EE005B37EE054B22
:107CF000B4EEC46BF1EE10FA4BDC35EE477BB4EE1C
:107D0000C76BF1EE10FA7FF53EAF16F8012C302A62
:107D100006F1FF3101D09B462AE00E46F5E726EE3C
:107D2000036BD4E79DED027BB2EE044B049E87EE1D
:107D3000065BBDEEC55B15EE103A303306F8013B2D
:107D4000049BF31A9945B8EEC53BA3EE467B33D1AD
:107D500037EE077BB4EEC67BF1EE10FA18DCB4EE1A
:107D6000467BF1EE10FA03D115EE103ADB070FD483
:107D70000199204600F0ACFA0023119A33700BF100
:107D8000010313601F9B002B3FF45BAD1E6058E5A1
:107D90005B4616F8011C392906F1FF3206D1049919
:107DA000914207D130220A7001330A46117801311D
:107DB0001170B0E71646ECE727EE047BB5EE407B8A
:107DC000F1EE10FAB3D1D3E7099A002A00F08D80C2
:107DD000089A012A72DC002F6CD003F23343454627
:107DE0005646079A01211A4420469A44079200F009
:107DF0000FFB0746002E0BDD079B002B08DDB3426F
:107E0000079AA8BF3346AAEB030AF61AD31A0793B8
:107E1000B8F1000F1DD0099B002B6AD08DB13946F7
:107E20002A46204600F094FB019A01460746204668
:107E300000F0F7FA01990C90204600F049FA0C9BEB
:107E40000193B8EB050204D00199204600F080FBB5
:107E500001900121204600F0DBFA0B9B0546002B28
:107E600000F0CA811A460146204600F071FB089BCB
:107E7000012B054644DC029B002B3CD1039BC3F342
:107E80001303002B37D1039B23F000431B0D1B056D
:107E9000002B33D0079B01330AF1010A07934FF0FF
:107EA00001080B9B73BB012034E000BFD819030805
:107EB000B0190308129BC3F1360390E709F1FF35AF
:107EC000A845BFBF0B9BA5EB080843440B93B6BF67
:107ED000A846A8EB05050025B9F1000FB9BFAAEB2C
:107EE0000906002356464B467BE745465646099F02
:107EF00080E74246A8E74FF00008D2E79846D0E76F
:107F00004FF000082B6905EB8303186900F032FA83
:107F1000C0F12000079B184410F01F0047D0C0F1AB
:107F20002003042B3BDD079BC0F11C008244064468
:107F300003440793BAF1000F05DD5246019920462C
:107F400000F054FB0190079B002B05DD29461A46E3
:107F5000204600F04BFB0546109B53B32946019881
:107F600000F098FB002824DA00230A220199204619
:107F700000F0C5F9099B01900BF1FF3B002B00F0CD
:107F80004281002339460A22204600F0B8F9069BB8
:107F9000002B07464BDC089B022B48DD11E0C9D0C3
:107FA000079A1C331A449A441E441346C1E70346F9
:107FB000F6E7B9F1000F34DC089B022B31DDCDF878
:107FC0001890069B63B929460522204600F097F9D0
:107FD00001460546019800F05DFB00283FF7FCAD27
:107FE0000A9B049E6FEA030B4FF0000929462046C6
:107FF00000F06EF9002F3FF4BBAEB9F1000F05D0D1
:10800000B94503D04946204600F062F9394620467A
:1080100000F05EF9ACE600252F46E1E79B462F46CF
:10802000DAE5099BCDF81890002B00F0F380002EC4
:1080300005DD39463246204600F0D8FA0746B8F149
:10804000000F4CD07968204600F00EF93A690232F0
:108050000646920007F10C010C30FEF7EDFD0122FF
:108060003146204600F0C2FA029BDDF810A003F072
:108070000103B9460793074629460198FFF70CFB11
:108080004946064600F13008019800F003FB3A46E5
:1080900002902946204600F017FBC368024603BB46
:1080A00001460990019800F0F5FA099A0346114635
:1080B0002046099300F00CF9099BA3B9089A92B9DC
:1080C000079A82B9B8F1390F29D0029B002B01DD44
:1080D00006F131080AF101068AF8008086E7384681
:1080E000C2E70123E3E7029A002A04DB24D1089ABD
:1080F00012BB079A02BB002BECDD0122019920463E
:1081000000F074FA2946019000F0C4FA002803DC5C
:10811000E0D118F0010FDDD0B8F1390FD8D13923F3
:108120000AF101068AF8003016F8013C392B06F1F5
:10813000FF324CD0013351E0002B0AF1010605DD7E
:10814000B8F1390FEBD008F10108C5E7049B069A96
:1081500006F8018CF31A934221D000230A220199D8
:10816000204600F0CCF8B94501904FF000034FF0E5
:108170000A024946204605D100F0C1F8814607466B
:10818000B24679E700F0BBF83946814600230A225F
:10819000204600F0B4F80746F2E74FF0000901224C
:1081A0000199204600F022FA2946019000F072FA67
:1081B0000028B9DC02D118F0010FB5D116F8013C46
:1081C000302B06F1FF327FF411AF1646F6E7049B21
:1081D000934205D1049A0BF1010B3123137005E78B
:1081E0001646A1E7164BFFF748BB1F9B002B7FF4F9
:1081F00023AB144BFFF741BB089B012B7FF73BAE32
:10820000DDF82C804FE6069B002B03DC089B022B3D
:108210003FF7D7AE049E01982946FFF73DFA00F1DB
:10822000300806F8018B049B069AF31A9A42B4DDD3
:1082300000230A220199204600F061F80190EAE744
:108240007C190308A0190308044B1B68186A044B27
:10825000002808BF1846F030704700BF6817002498
:10826000CC1700247047704770B5456A04460E4627
:108270003DB91020FEF7D0FC6062C0E901550560F1
:10828000C560656AEB6883B1636ADB6853F82600F2
:10829000B8B9012101FA06F56A1D9200204600F0E6
:1082A000BFFA60B1C0E901650EE021220421204639
:1082B00000F0B6FA636AE860DB68002BE4D10020C6
:1082C00070BD026843F826200023C0E90333F7E7B6
:1082D00070B5446A06460D463CB91020FEF79CFC7A
:1082E0007062C0E901440460C4603DB1736A6A68A9
:1082F000DB6853F82210296043F8225070BD2DE945
:10830000F0410D691F4606460C4601F1140C00238E
:10831000DCF8000081B202FB01710F0C000C02FBC3
:10832000007089B2013301EB00419D424FEA1047D2
:108330004CF8041BECDCD7B1A368AB4212DC6168DB
:1083400030460131FFF790FF2269023204F10C013F
:10835000804692000C30FEF76FFC21463046FFF756
:10836000B7FF444604EB850301355F612561204674
:10837000BDE8F081020C12040346B2B903041020D8
:1083800013F07F4F04BF1B02083013F0704F04BF7F
:108390001B01043013F0404F04BF9B000230002B40
:1083A00006DB5B0003D5013070470020E8E72020A2
:1083B0007047036813F0070201460BD0DA0723D495
:1083C000980749BF5B089B0801200B605CBF0B60EE
:1083D0000220704798B2A8B91B0C102013F0FF0FB1
:1083E00004BF1B0A08301A0704BF1B0904309A0790
:1083F00004BF9B080230DA0702D45B0806D00130C4
:108400000B6070471046E9E7002070472020704756
:1084100010B50C460121FFF727FF012244610261DC
:1084200010BD2DE9F74F14460A6923699A42B8BF77
:108430000B468846BCBFA0461C46D8F81070D4F83E
:108440001090D8F80830D8F8041007EB0906B342AA
:10845000B8BF0131FFF708FF00F1140505EB860EE8
:108460002B460022734516D304F1140208F11401BF
:1084700002EB890301EB87070093009B0192934273
:108480000CD8002E03DD5EF8043D002B5DD00661A4
:1084900003B0BDE8F08F43F8042BE3E7B2F800B077
:1084A000BBF1000F23D08946AC464FF0000859F8C5
:1084B000044BDCF800A0A3B21FFA8AFA0BFB03A35B
:1084C0004FEA144ADCF8004043444FEA14480BFBDF
:1084D0000A8404EB1344E2469BB243EA04434F454B
:1084E0004FEA14484AF8043B2BD8CCF80480019B8F
:1084F000B3F802A00432BAF1000F20D02B688946ED
:10850000A8464FF0000BB9F800C0B8F802400AFBCB
:108510000C445C44C4469BB243EA04434CF8043B1D
:1085200059F8043BB8F804B01B0C0AFB03B303EB87
:1085300014434F454FEA134B05D8C8F804300435AF
:108540009BE7D446B3E7E046DDE7013E99E700004C
:108550002DE9F843154612F0030206460F4607D0F0
:10856000013A214C002354F82220FFF7C8FE0746A9
:10857000AD1035D0746A3CB91020FEF74DFB706227
:10858000C0E901440460C460D6F82480D8F80840EB
:108590004CB940F271213046FFF73AFF0023C8F88A
:1085A0000800044603604FF00008EB070AD539467F
:1085B00022463046FFF735FF394681463046FFF701
:1085C00087FE4F466D100BD0206838B922462146F1
:1085D0003046FFF726FF2060C0F800800446E4E73D
:1085E0003846BDE8F88300BFA01A03082DE9F0471C
:1085F0000C464FEA621A236949680AEB0309A3682B
:108600000746164609F10105AB4232DB3846FFF753
:108610002BFE0023804600F114011A4653452BDB44
:1086200020692AEAEA7A04F1140316F01F0201EB2A
:108630008A0103EB800C25D0C2F1200E00201E68B9
:108640008A46964030434AF8040B53F8040B9C4585
:1086500020FA0EF014D8486008B109F10205013D76
:108660003846C8F810502146FFF732FE4046BDE8B4
:10867000F08701315B00C7E741F823200133CDE7E4
:108680005146DCE7043953F8042B41F8042F9C458C
:10869000F9D8E4E703690A699B1A30B50CD1920056
:1086A000143014318418114454F8045D51F8042D29
:1086B000954203D005D30123184630BDA042F3D321
:1086C000FAE74FF0FF33F7E72DE9F0470D4607468D
:1086D000114628461446FFF7DDFF061E08D1314635
:1086E0003846FFF7C1FD0123C0E90436BDE8F08735
:1086F000A4BF23462C4638466168A6BF1D46002607
:108700000126FFF7B1FD2B69C660266905F1140942
:1087100004F1140202EB860709EB830800F114054B
:108720004FF0000E52F804AB59F8044B1EFA8AF1D0
:10873000A3B2C91A230CC3EB1A4303EB214389B23A
:108740004FEA234EC84541EA0343944645F8043BAB
:10875000E8D8BC4504D355F8043D83B10661C5E7AC
:108760005CF8041B1EFA81F31A1402EB11429BB24F
:1087700043EA02434FEA224E45F8043BE9E7013E53
:10878000E9E72DE9F7430E46012159EC108B154618
:10879000FFF76AFDC9F30A540746C9F3130334BB54
:1087A0000193B8F1000327D002A840F8083DFFF775
:1087B00000FE0099F0B1019AC0F1200302FA03F320
:1087C0000B43C2407B610192019BBB61002B14BF34
:1087D000022101213961C4B1A4F23344044434605C
:1087E000C0F135002860384603B0BDE8F08343F49B
:1087F0008013D5E77961E7E701A8FFF7DAFD019B70
:108800007B61012139612030E5E707EB8103A0F2AC
:10881000324030601869FFF7ADFDC0EB4110E1E771
:1088200038B502FB01F42146FEF768FA054618B197
:1088300022460021FEF70BFA284638BD2DE9F04705
:108840008E689E4282460C469046994637D88A8961
:1088500012F4906F31D0256809696F1A6569022397
:1088600005EB450595FBF3F509F101033B449D42FA
:1088700038BF1D46530530D52946FEF73FFA064658
:1088800050B90C23CAF80030A38943F04003A381F8
:108890004FF0FF30BDE8F0873A462169FEF7CCF98A
:1088A000A38923F4906343F08003A381266165616B
:1088B0003E44ED1B2660A5604E464E4500D94E460F
:1088C00032464146206800F01DF9A3689B1BA36057
:1088D00023681E4426600020DCE72A4600F02BF9BE
:1088E00006460028E2D121695046FEF7B9F9C8E7EB
:1088F0002DE9F04F1D468B891F069DB080460C4622
:1089000016460FD50B696BB94021FEF7F7F92060C9
:10891000206128B90C23C8F800304FF0FF30C8E0C0
:10892000402363610023099320238DF829303023ED
:108930008DF82A3003954FF0010B37463D4615F868
:10894000013B0BB1252B3ED1B7EB060A0BD05346AA
:10895000324621464046FFF771FF013000F0A48007
:10896000099B534409933B78002B00F09D80002322
:108970004FF0FF32CDE90523049307938DF8533070
:108980001A932F46052217F8011B5048D7F7B0FC61
:10899000049BD0B9D90644BF20228DF853201A0772
:1089A00044BF2B228DF853202A782A2A15D0079A03
:1089B0002F4600200A25394611F8013B303B092B90
:1089C0004DD9B8B10FE02F46B8E7404A801A0BFAEC
:1089D00000F0184304903D46D3E7039A111D126836
:1089E0000391002A01DB079204E0524243F00203A4
:1089F000079204933B782E2B0CD17B782A2B33D112
:108A0000039B1A1D1B680392002BB8BF4FF0FF3366
:108A1000023705932E4D397803222846D7F768FC94
:108A200038B14023401B03FA00F0049B0343013795
:108A30000493397827488DF8281006227E1CD7F732
:108A400057FC002838D0244B13BB039B073323F07B
:108A5000070308330393099B4B4409936DE705FB18
:108A6000023201200F46A6E700230137059319467D
:108A70000A25384610F8012B303A092A03D9002B71
:108A8000C8D00591C6E705FB012101230746F0E7A1
:108A900003AB00932246114B04A94046FEF710FA9F
:108AA000B0F1FF3F8146D6D1A3895B063FF535AFD4
:108AB00009981DB0BDE8F08F03AB00932246074B29
:108AC00004A94046FEF79EFCEAE700BFAC1A030883
:108AD000B21A0308B61A0308C16E02083D880208DC
:108AE00082B001B901A942B14BB113780B60127881
:108AF000101C18BF012002B070471046FBE76FF052
:108B00000100F8E7884210B501EB020307D8421EC6
:108B100099420AD011F8014B02F8014FF8E783425D
:108B2000F5D98118D21AD34200D110BD13F8014DE6
:108B300001F8014DF7E7F8B5074614460E4621B98E
:108B40001146BDE8F840FEF7D9B822B9FEF788F81B
:108B500025462846F8BD00F021F8A0420FD2214654
:108B60003846FEF7CBF805460028F2D031462246BB
:108B7000FEF762F831463846FEF772F8E9E7354607
:108B8000E7E749B1FF2A85BF8A2303600A704FF0E7
:108B9000FF3098BF012070470846704751F8043CE9
:108BA000181F002BBCBF0B58C018704700000000F6
:108BB00070B52DED0A8BB0EE409BB0EE418B8C4C26
:108BC0008AB000F025F994F90030B0EE40AB5A1CA1
:108BD00026464BD0B4EE488BF1EE10FA46D6B4EEF2
:108BE000499BF1EE10FA19D7B5EE408BF1EE10FA71
:108BF0003CD1012200927F497F4A0192002000224D
:108C0000022B08928DED029B8DED048BCDE90601C0
:108C10002AD0684600F096FC00BB4EE09FED72BB88
:108C2000B4EE4B9BF1EE10FAB0EE4BCB4AD1B4EE62
:108C30004B8BF1EE10FA1FD1012200926E4A019285
:108C4000002208928DED029B8DED048B8DED06BB0D
:108C5000002BDED0674B0022CDE90623089B1BB119
:108C6000FDF7B0FF089B03609DED06ABB0EE4A0B2D
:108C70000AB0BDEC0A8B70BDB0EE480B00F05AFC98
:108C80000028F3D0B5EEC08BF1EE10FAEED501233B
:108C90000093594B01930023089394F900308DED14
:108CA000029B8DED048B13B98DED06BBB1E75349E3
:108CB0000020CDE90601022BABD1FDF783FF212374
:108CC0000360CBE700F036FC0546002864D1B0EE27
:108CD000490B00F02FFC00285ED0B0EE480B00F0EE
:108CE00029FC002858D0B4EE4AABF1EE10FA94F902
:108CF0000030414A0ED70121CDE9001208958DEDD3
:108D0000029B8DED048B002BCED08BEE0B7B8DED7B
:108D1000067BD0E703218DED048BB6EE007B28EEB9
:108D2000078BCDE9001208958DED029BFBB9B5EEDE
:108D3000C09B334B4FF06042F1EE10FACDE90623B1
:108D40004BD5B0EE480B00F007FCB4EE480BF1EE4B
:108D500010FA04D02B4B4FF06042CDE9062396F970
:108D60000030022B39D1FDF72DFF2223A8E7264B37
:108D7000B5EEC09B0022F1EE10FACDE90623EED548
:108D8000B0EE480B00F0E8FBB4EE480BF1EE10FA41
:108D9000E5D00022194BE0E7B5EE40ABF1EE10FA5A
:108DA0007FF464AFB0EE490B00F0C4FB00283FF441
:108DB0005DAFB0EE480B00F0BDFB00283FF456AFAE
:108DC000042300930C4B0193002308938DED029B29
:108DD0008DED048B8DED06CBC1E7684600F0B2FB4C
:108DE00000287FF43BAFBEE7000000000000000059
:108DF000381900240000F03FC81B03080000F0FFF2
:108E0000FFFFEF47FFFFEFC70000F07F000000000B
:108E10002DE9F04F57EC116B2DED028BB0EE408B2E
:108E200027F0004858EA060385B0B94611EE102A2B
:108E300000F0068318EE90AAB94B2AF000449C4239
:108E400010EE10BA0BDC05D1BBF1000F07D1A04525
:108E50000DDC01E0984502DC984510D17AB104F1AF
:108E6000404404F5801454EA0B0300F0E982AD4855
:108E700005B0BDEC028BBDE8F04F00F065BBBAF168
:108E8000000F4EDAA84B984549DCA3F1547398457E
:108E900047DD4FEA2853A3F2FF33142B24DDC3F13F
:108EA000340322FA03F505FA03F3934239D105F0AE
:108EB0000105C5F10205002A5AD1994B984522D1E6
:108EC00004F1404303F5801353EA0B0300F0B8822A
:108ED000964B9C4227DDB9F1000F80F2B4829FEDE2
:108EE000847B8DED007B26E0002A40D1C3F1140382
:108EF00048FA03F505FA03F3434540F0AA8205F06A
:108F00000105C5F102058A4B98451BD1B9F1000F47
:108F100080F29C82B7EE007B87EE087BE1E70225BA
:108F2000C9E70025C7E7B9F1000FD8DA87F0004498
:108F30003346CDE900349DED000B05B0BDEC028B4E
:108F4000BDE8F08FB9F1804F02D128EE087BC8E769
:108F5000784B99450CD1BAF1000F09DBB0EE480B04
:108F600005B0BDEC028BBDE8F04F00F0D7BA00258C
:108F7000B0EE480B00F0D5FA8DED000BBBF1000F01
:108F800028D124B16A4B2AF040429A4222D1B9F149
:108F9000000F07DAB7EE007B9DED006B87EE067BD6
:108FA0008DED007BBAF1000FC5DA04F1404404F501
:108FB000801454EA050306D19DED007B37EE477B14
:108FC00087EE077B8DE7012DB5D19DED007BB1EEDE
:108FD000477B86E74FEADA7A0AF1FF3A55EA0A0355
:108FE00004D138EE488B88EE087B7AE7524B9845DF
:108FF00040F3A88003F1047398450BDD4B4B9C4272
:109000000EDCB9F1000FBFF66AAF9FED3B7B27EE98
:10901000077B66E7494B9C42F3DD454B9C4203DDF1
:10902000B9F1000FF1DC5AE79DED007BB7EE006B64
:109030009FED335B37EE466BB5EE007BB1EE463B02
:10904000A3EE075BB6EE007BA5EE467B26EE065B45
:1090500027EE055B9FED2C7B27EE457B9FED2C5B80
:10906000A6EE057B9FED2C5BB0EE474BA6EE054BC5
:1090700053EC142B002243EC142BB0EE446BA3EE04
:10908000056B37EE467B013D55EA0A034FF00002BF
:109090003B46BFEE006BB7EE008B47EC156B06FE50
:1090A000088B47EC136B43EC162B27EE037B35EE56
:1090B000465B234BA5EE047B24EE066B37EE065B86
:1090C00015EE901A994215EE102A40F39B8101F19A
:1090D0003F4303F5E003134300F00A819FED067B55
:1090E00028EE078B28EE077BFBE600BFAFF300807E
:1090F00000000000000000009C7500883CE4377E02
:10910000555555555555D53FFE822B654715F73FAB
:1091100044DF5DF80BAE543E000000604715F73F9A
:109120000000F07FB11A0308FFFF3F43FFFFEF3F4E
:109130000000F03F0000E03F0000E041FEFFEF3F95
:10914000FFFF8F40B4F5801F80F2CE809DED006B55
:109150009FEDC17B26EE077B8DED007B019C6FF0C0
:1091600034032115A1F2FF311944E34BC4F3130476
:1091700044F07F509C4240F4401006DDDF4B9C429F
:1091800040F3B4800131A0F580100024DDE9002314
:10919000B7EE004B034643EC172BD94B4FEAC40CF8
:1091A000634493ED005B401037EE452B35EE076BC3
:1091B00084EE061B22EE016B8DED006BDDE900896C
:1091C00040F0005000F500204FF0000800EB844311
:1091D000002249EC148B43EC162BB1EE443BA3EE7A
:1091E000062B36EE456B37EE467BA3EE072B9DED47
:1091F000007B22EE012B27EE075B37EE046B9FED21
:10920000981B25EE050B26EE026B9FED977BA5EED6
:10921000017B9FED971BA7EE051B9FED977BA1EEB2
:10922000057B9FED971BA7EE051B9FED977BA1EE9E
:10923000057BA0EE076BB0EE087BB0EE475BA4EEBB
:10924000045B35EE065B8DED025BCDF808809DED8D
:10925000025B35EE477BA3EE047B36EE477B9DED4C
:10926000006B27EE067BA2EE057BB0EE476BA4EE0B
:10927000056B8DED006BCDF800809DED002BB0EE01
:10928000426BA3EE056B37EE467B9FED816B9D4BEA
:1092900027EE067B9FED806B6344A2EE067B93ED89
:1092A000006B994B37EE066B9C449CED001BB0EEB7
:1092B000464B9FED7B3B07EE901AA2EE034BB8EEB8
:1092C000E77B34EE014B34EE075B8DED005BCDF8B0
:1092D00000809DED004B34EE477B37EE417BA2EEE4
:1092E000437B36EE477BCEE600233AE701244DE789
:1092F0009FED6D4B35EE465B37EE044BB4EEC54B40
:10930000F1EE10FA3FF7EAAE804A21F000439342B3
:1093100040F38E801B15A3F2FE304FF480130341FF
:109320000B44C3F30A527A48A2F2FF32104123EAF7
:109330000005C3F31300002440F48010C2F11402AE
:1093400045EC154B10410029B8BF404236EE456B45
:1093500036EE075B53EC152B002243EC152B9FEDEB
:10936000544B35EE466B37EE466B9FED537B25EE47
:10937000077BA6EE047B9FED526BB0EE474BA5EE4C
:10938000064BB0EE443BA5EE463B9FED4F5B37EE00
:10939000437B24EE046B9FED4E3BA4EE077BA6EED1
:1093A000053B9FED4D5BA3EE065B9FED4D3BA5EEB0
:1093B000063B9FED4D5BA3EE065BB0EE443BA5EE96
:1093C000463BB0EE005BB0EE436B24EE033B36EE63
:1093D000455B83EE056B36EE477BB7EE006B37EEF1
:1093E000447B36EE477B8DED007B019901EB00510C
:1093F000B1F5801F1EDAB0EE470B00F039F920EE10
:10940000087B6EE5434B21F0004098427FF77CAF2C
:10941000414B0B44134302D09FED357B60E635EEA4
:10942000465BB4EEC75BF1EE10FAFFF66DAFF3E703
:1094300000208DE7DDE900230B4643EC102BDEE72F
:10944000B7EE007B4DE5CDE9006774E58DED008B4F
:1094500071E5154657E500BF0000000000004043DD
:10946000EF4E454A287ECA3F65DBC9934A86CD3F09
:1094700001411DA96074D13F4D268F515555D53FEF
:10948000FFAB6FDBB66DDB3F033333333333E33F87
:10949000FD033ADC09C7EE3FF5015B14E02F3EBE49
:1094A000000000E009C7EE3FFE822B654715973CA0
:1094B000EF39FAFE422EE63F396CA80C615C20BE03
:1094C00000000000432EE63FD0A4BE726937663E1E
:1094D000F16BD2C541BDBBBE2CDE25AF6A56113F34
:1094E00093BDBE166CC166BF3E5555555555C53F1B
:1094F00059F3F8C21F6EA5018E98030079B60B00D0
:10950000D01B0308F01B0308E01B03080000E03F2A
:10951000FFFF0F00FFCB904000346F3FB1EEC00B58
:10952000704751EC100B10EE102A21F0004343EC71
:10953000102B704710EE903A43F0004000F5801079
:10954000C00F7047002070479FED010B704700BFB0
:10955000000000000000F87F30B585B08DED000BF5
:10956000DDE90023C3F30A51A1F2FF3013284FEACB
:10957000D3745ADC00282FDA23F00041114327D09E
:10958000C3F3130515436A422A43120B5B0C5B04B9
:1095900002F40022DDE9000142EA0301314B03EB52
:1095A000C40393ED006B41EC170B36EE077B8DED9A
:1095B000027B9DED027B37EE467B8DED007B019BB0
:1095C000DDE9000123F0004343EAC471CDE9000165
:1095D0009DED000B05B030BD2349014103EA0105B3
:1095E0001543F5D0490803EA01052A430BD023EAC5
:1095F00001014FF48023132843FA00F30CBF4FF00E
:10960000004200220B431946164B03EBC40494EDB1
:10961000006B104641EC170B36EE077B8DED027B9D
:109620009DED027B37EE467B08E0332809DDB0F57F
:10963000806FCDD19DED007B37EE077B8DED007BFC
:10964000C6E7A1F213404FF0FF31C1400A42BFD03C
:1096500049080A421FBF22EA01014FF0804202413D
:109660000A43D0E7001C0308FFFF0F0000000000C2
:1096700000B52DED028B83B08DED000B019BC3F384
:109680000A52A2B9009A23F0004313433AD09FED47
:109690002E7B354B20EE077B98428DED007B11DA57
:1096A0009FED2B7B9DED006B27EE067B07E040F2E4
:1096B000FF718A420AD19DED007B37EE077B8DED6D
:1096C000007B1FE0019BC3F30A52363A024440F28A
:1096D000FE718A420ADD9FED208BB0EE480B9DEDB6
:1096E000001B00F043F820EE087BE8E7002A10DDBD
:1096F000DDE9000123F0FF4323F4E00343EA0251D4
:10970000CDE900019DED000B03B0BDEC028B5DF8CF
:1097100004FB12F1350F06DA4CF250339842DADCD2
:109720009FED0B8BD9E7DDE9000123F0FF433632D3
:1097300023F4E00343EA025141EC170B9FED086B61
:10974000B2E700BFAFF3008000000000000050430C
:1097500059F3F8C21F6EA5019C7500883CE4377E62
:10976000000000000000903CB03CFFFF51EC100BEB
:1097700011EE900A10EE102A21F0004100F0004096
:1097800041EA000343EC102B70470000F8B500BF1E
:10979000F8BC08BC9E467047F8B500BFF8BC08BCD2
:0497A0009E4670472A
:1097A800000000000102030401020304060708097F
:1097B800100C08060403020102030406080C10003A
:1097C8000800000000000000000000000000000089
:1097D8000000000000000000000000000000000081
:1097E8000000000000000000000000000000000071
:1097F800000000000000000000000200FC00330030
:10980800FC00330000000000000000000000000021
:109818000000000000000000000000000000000040
:109828000000000000000000000000000000000030
:10983800000000000A003C0000003C0000003C0062
:1098480000003C00000000000000000000003C0098
:1098580000003C0000003C0000003C00000000004C
:1098680000000000000000000000000000000A00E6
:1098780030000C0030000C00FC003F00FC003F00F2
:1098880030000C0030000C00FC003F00FC003F00E2
:1098980030000C0030000C00000000000000000048
:1098A80000000000000000000A0030003000300016
:1098B8003000CC003000CC003000FF00FF00FF007B
:1098C800FF00CC003000CC0030000C000F000C0072
:1098D8000F00000000000000000000000000000071
:1098E80000000E000C0030000C00300033000C00AB
:1098F80033000C000C0003000C000300C000000043
:10990800C000000030000C0030000C000C003300D8
:109918000C00330003000C0003000C000C00FC00DA
:109928003F00FC003F00FC003F00FC003F004C00F3
:1099380035004C003500CC003C00CC003C00FC005D
:109948003F00FC003F00FC003F00FC003F0000001F
:1099580000000000000004001C0000003C000000A3
:109968003C0000001C000000000000000000000097
:1099780000000000000000000000000000000000DF
:1099880000000000000000000000000000000000CF
:109998000400FC000F00FC000F000300300003006F
:1099A800300000000000000000000000000000007F
:1099B800000000000000000000000000000000009F
:1099C8000000000000000000000004000300300058
:1099D80003003000FC000F00FC000F000000000036
:1099E800000000000000000000000000000000006F
:1099F800000000000000000000000000000000005F
:109A0800000000000A006000060060000600C000B8
:109A1800030080000100F1001F00F1001F0080001A
:109A28000100C0000300600006006000060000009E
:109A380000000000000000000000000000000A0014
:109A48000000030000000300000003000000030002
:109A5800F0003F00F0003F0000000300000003009A
:109A680000000300000003000000000000000000E8
:109A78000000000000000000040000003C0000009E
:109A88003C000000FC000000FC000000000000009A
:109A980000000000000000000000000000000000BE
:109AA80000000000000000000000000000000000AE
:109AB800000008000000030000000300000003008D
:109AC8000000030000000300000003000000030082
:109AD800000003000000000000000000000000007B
:109AE800000000000000000000000000040000006A
:109AF8003C0000003C0000003C0000003C0000006E
:109B0800000000000000000000000000000000004D
:109B1800000000000000000000000000000000003D
:109B28000000000000000C000000300000003000C1
:109B380000000C0000000C000000030000000300FF
:109B4800C0000000C000000030000000300000002D
:109B58000C0000000C0000000000000000000000E5
:109B68000800F0000F00F0000F000C0030000C009F
:109B780030000C0030000C003000F0000F00F00046
:109B88000F000000000000000000000000000000BE
:109B98000000000000000000000006003000300057
:109BA80030003000FC003F00FC003F0000003000A7
:109BB800000030000000000000000000000000006D
:109BC800000000000000000000000000000000008D
:109BD80000000000080030003C0030003C000C0091
:109BE80033000C003300CC003000CC0030003000D3
:109BF80030003000300000000000000000000000CD
:109C08000000000000000000000000000000080044
:109C18000C0030000C003000CC003000CC003000CC
:109C2800CC003000CC00300030000F0030000F00B6
:109C3800000000000000000000000000000000001C
:109C480000000000000000000800FC000300FC0009
:109C580003000000030000000300000003000000F0
:109C68000300FC003F00FC003F0000000000000073
:109C780000000000000000000000000000000000DC
:109C880000000800FC003000FC003000CC00300070
:109C9800CC003000CC003000CC0030000C000F00AD
:109CA8000C000F0000000000000000000000000091
:109CB8000000000000000000000000000800F000A4
:109CC8000F00F0000F00CC003000CC003000CC00BA
:109CD8003000CC0030000C000F000C000F0000001A
:109CE800000000000000000000000000000000006C
:109CF80000000000000008000C0000000C0000003C
:109D08000C0000000C0000000C0000000C0000001B
:109D1800FC003F00FC003F000000000000000000C5
:109D2800000000000000000000000000000000002B
:109D3800080030000F0030000F00CC003000CC00CD
:109D48003000CC003000CC00300030000F00300074
:109D58000F000000000000000000000000000000EC
:109D6800000000000000000000000800FC000000E7
:109D7800FC000000CC000000CC000000CC0000007B
:109D8800CC000000FC003F00FC003F000000000089
:109D980000000000000000000000000000000000BB
:109DA800000000000400F0003C00F0003C00F0005F
:109DB8003C00F0003C000000000000000000000033
:109DC800000000000000000000000000000000008B
:109DD80000000000000000000000000000000C006F
:109DE800FC003F00FC003F00FC003F00FC003F007F
:109DF8004C0035004C003500CC003C00CC003C0049
:109E0800FC003F00FC003F00FC003F00FC003F005E
:109E18000000000000000000060000000300000031
:109E28000300C0000C00C0000C00300030003000FF
:109E380030000000000000000000000000000000EA
:109E4800000000000000000000000000000000000A
:109E580000000C00C0000C00C0000C00C0000C008A
:109E6800C0000C00C0000C00C0000C00C0000C00BA
:109E7800C0000C00C0000C00C0000C00C0000C00AA
:109E8800C0000C00000000000000000006003000C8
:109E9800300030003000C0000C00C0000C00000092
:109EA80003000000030000000000000000000000A4
:109EB800000000000000000000000000000000009A
:109EC8000000000000000A00300000003000000020
:109ED8000C0000000C0000000C0033000C003300E4
:109EE8000C0003000C000300F0000000F00000006C
:109EF800000000000000000000000000000000005A
:109F08000C00FC003F00FC003F00FC003F00FC0090
:109F18003F004C0035004C003500CC003C00CC0024
:109F28003C00FC003F00FC003F00FC003F00FC0040
:109F38003F0000000000000000000A00F0003F00A1
:109F4800F0003F00CC000000CC000000CC00000076
:109F5800CC000000CC000000CC000000F0003F0066
:109F6800F0003F00000000000000000000000000BA
:109F7800000000000A00FC003F00FC003F00CC008D
:109F88003000CC003000CC003000CC003000CC00D9
:109F98003000CC00300030000F0030000F0000000F
:109FA80000000000000000000000000000000A009F
:109FB800F0000F00F0000F000C0030000C00300023
:109FC8000C0030000C0030000C0030000C00300099
:109FD80030000C0030000C00000000000000000001
:109FE80000000000000000000A00FC003F00FC0028
:109FF8003F000C0030000C0030000C0030000C005A
:10A0080030000C0030000C003000F0000F00F000B1
:10A018000F00000000000000000000000000000029
:10A0280000000800FC003F00FC003F00CC003000AE
:10A03800CC003000CC003000CC0030000C003000E8
:10A048000C003000000000000000000000000000CC
:10A058000000000000000000000000000800FC00F4
:10A068003F00FC003F00CC000000CC000000CC000A
:10A078000000CC0000000C0000000C0000000000F4
:10A0880000000000000000000000000000000000C8
:10A098000000000000000A00F0000F00F0000F00B0
:10A0A8000C0030000C0030000C0030000C003000B8
:10A0B8000C0033000C00330030000F0030000F009C
:10A0C8000000000000000000000000000000000088
:10A0D8000800FC003F00FC003F00C0000000C0007A
:10A0E8000000C0000000C0000000FC003F00FC00B1
:10A0F8003F00000000000000000000000000000019
:10A10800000000000000000000000200FC003F000A
:10A11800FC003F00000000000000000000000000FC
:10A128000000000000000000000000000000000027
:10A138000000000000000000000000000000000017
:10A14800000000000A0000000C0000000C000000E5
:10A158003000000030000000300000003000000037
:10A16800300000003000FC000F00FC000F00000071
:10A1780000000000000000000000000000000800CF
:10A18800FC003F00FC003F00C0000000C0000000D1
:10A1980030000300300003000C003C000C003C00C1
:10A1A80000000000000000000000000000000000A7
:10A1B80000000000000000000800FC003F00FC0058
:10A1C8003F000000300000003000000030000000B8
:10A1D80030000000300000003000000000000000E7
:10A1E8000000000000000000000000000000000067
:10A1F80000000A00FC003F00FC003F0030000000A7
:10A2080030000000C0000000C00000003000000066
:10A2180030000000FC003F00FC003F000000000090
:10A228000000000000000000000000000A00FC0020
:10A238003F00FC003F003000000030000000C0007C
:10A248000000C000000000000F0000000F00FC002C
:10A258003F00FC003F00000000000000000000007C
:10A268000000000000000A00F0000F00F0000F00DE
:10A278000C0030000C0030000C0030000C003000E6
:10A288000C0030000C003000F0000F00F0000F0050
:10A2980000000000000000000000000000000000B6
:10A2A8000A00FC003F00FC003F00CC000000CC008E
:10A2B8000000CC000000CC000000CC000000CC0066
:10A2C8000000300000003000000000000000000026
:10A2D800000000000000000000000A00F0000F006D
:10A2E800F0000F000C0030000C0030000C003300B0
:10A2F8000C0033000C000C000C000C00F0003300C4
:10A30800F000330000000000000000000000000022
:10A31800000000000A00FC003F00FC003F00CC00E9
:10A328000000CC000000CC000000CC000000CC00F5
:10A338000000CC00000030003F0030003F0000006B
:10A3480000000000000000000000000000000A00FB
:10A358003000300030003000CC003000CC0030003D
:10A36800CC003000CC003000CC003000CC003000F5
:10A378000C000F000C000F0000000000000000009F
:10A3880000000000000000000A000C0000000C00A3
:10A3980000000C0000000C000000FC003F00FC0066
:10A3A8003F000C0000000C0000000C0000000C0036
:10A3B8000000000000000000000000000000000095
:10A3C80000000A00FC000F00FC000F000000300035
:10A3D80000003000000030000000300000003000B5
:10A3E80000003000FC000F00FC000F00000000001F
:10A3F8000000000000000000000000000A00FC004F
:10A408000000FC00000000000F0000000F0000002A
:10A4180030000000300000000F0000000F00FC00BA
:10A428000000FC0000000000000000000000000028
:10A438000000000000000A00FC000F00FC000F00F4
:10A448000000300000003000C0000F00C0000F0006
:10A458000000300000003000FC000F00FC000F007E
:10A4680000000000000000000000000000000000E4
:10A4780008003C003F003C003F00C0000000C00056
:10A488000000C0000000C00000003C003F003C008D
:10A498003F00000000000000000000000000000075
:10A4A800000000000000000000000A003C0000005E
:10A4B8003C000000C0000000C000000000003F0099
:10A4C80000003F00C0000000C00000003C00000089
:10A4D8003C00000000000000000000000000000038
:10A4E8000000000008000C003C000C003C000C00C0
:10A4F80033000C003300CC003000CC0030003C00AE
:10A5080030003C00300000000000000000000000A7
:10A51800000000000000000000000000000004002F
:10A52800FC003F00FC003F000C0030000C00300035
:10A538000000000000000000000000000000000013
:10A548000000000000000000000000000000000003
:10A5580000000000000000000C000C0000000C00CF
:10A5680000003000000030000000C0000000C00003
:10A578000000000003000000030000000C000000C1
:10A588000C00000030000000300000000000000057
:10A59800000004000C0030000C003000FC003F00FC
:10A5A800FC003F0000000000000000000000000068
:10A5B8000000000000000000000000000000000093
:10A5C800000000000000000000000000060030004D
:10A5D8000000300000000C0000000C0000003000FB
:10A5E8000000300000000000000000000000000033
:10A5F8000000000000000000000000000000000053
:10A608000000000000000C000000300000003000D6
:10A618000000300000003000000030000000300072
:10A628000000300000003000000030000000300062
:10A6380000003000000030000000000000000000B2
:10A648000C00FC003F00FC003F00FC003F00FC0049
:10A658003F004C0035004C003500CC003C00CC00DD
:10A668003C00FC003F00FC003F00FC003F00FC00F9
:10A678003F0000000000000000000A00F0003F005A
:10A68800F0003F00CC000000CC000000CC0000002F
:10A69800CC000000CC000000CC000000F0003F001F
:10A6A800F0003F0000000000000000000000000073
:10A6B800000000000A00FC003F00FC003F00CC0046
:10A6C8003000CC003000CC003000CC003000CC0092
:10A6D8003000CC00300030000F0030000F000000C8
:10A6E80000000000000000000000000000000A0058
:10A6F800F0000F00F0000F000C0030000C003000DC
:10A708000C0030000C0030000C0030000C00300051
:10A7180030000C0030000C000000000000000000B9
:10A7280000000000000000000A00FC003F00FC00E0
:10A738003F000C0030000C0030000C0030000C0012
:10A7480030000C0030000C003000F0000F00F0006A
:10A758000F000000000000000000000000000000E2
:10A7680000000800FC003F00FC003F00CC00300067
:10A77800CC003000CC003000CC0030000C003000A1
:10A788000C00300000000000000000000000000085
:10A798000000000000000000000000000800FC00AD
:10A7A8003F00FC003F00CC000000CC000000CC00C3
:10A7B8000000CC0000000C0000000C0000000000AD
:10A7C8000000000000000000000000000000000081
:10A7D8000000000000000A00F0000F00F0000F0069
:10A7E8000C0030000C0030000C0030000C00300071
:10A7F8000C0033000C00330030000F0030000F0055
:10A808000000000000000000000000000000000040
:10A818000800FC003F00FC003F00C0000000C00032
:10A828000000C0000000C0000000FC003F00FC0069
:10A838003F000000000000000000000000000000D1
:10A84800000000000000000000000200FC003F00C3
:10A85800FC003F00000000000000000000000000B5
:10A8680000000000000000000000000000000000E0
:10A8780000000000000000000000000000000000D0
:10A88800000000000A0000000C0000000C0000009E
:10A8980030000000300000003000000030000000F0
:10A8A800300000003000FC000F00FC000F0000002A
:10A8B8000000000000000000000000000000080088
:10A8C800FC003F00FC003F00C0000000C00000008A
:10A8D80030000300300003000C003C000C003C007A
:10A8E8000000000000000000000000000000000060
:10A8F80000000000000000000800FC003F00FC0011
:10A908003F00000030000000300000003000000070
:10A91800300000003000000030000000000000009F
:10A92800000000000000000000000000000000001F
:10A9380000000A00FC003F00FC003F00300000005F
:10A9480030000000C0000000C0000000300000001F
:10A9580030000000FC003F00FC003F000000000049
:10A968000000000000000000000000000A00FC00D9
:10A978003F00FC003F003000000030000000C00035
:10A988000000C000000000000F0000000F00FC00E5
:10A998003F00FC003F000000000000000000000035
:10A9A8000000000000000A00F0000F00F0000F0097
:10A9B8000C0030000C0030000C0030000C0030009F
:10A9C8000C0030000C003000F0000F00F0000F0009
:10A9D800000000000000000000000000000000006F
:10A9E8000A00FC003F00FC003F00CC000000CC0047
:10A9F8000000CC000000CC000000CC000000CC001F
:10AA080000003000000030000000000000000000DE
:10AA1800000000000000000000000A00F0000F0025
:10AA2800F0000F000C0030000C0030000C00330068
:10AA38000C0033000C000C000C000C00F00033007C
:10AA4800F0003300000000000000000000000000DB
:10AA5800000000000A00FC003F00FC003F00CC00A2
:10AA68000000CC000000CC000000CC000000CC00AE
:10AA78000000CC00000030003F0030003F00000024
:10AA880000000000000000000000000000000A00B4
:10AA98003000300030003000CC003000CC003000F6
:10AAA800CC003000CC003000CC003000CC003000AE
:10AAB8000C000F000C000F00000000000000000058
:10AAC80000000000000000000A000C0000000C005C
:10AAD80000000C0000000C000000FC003F00FC001F
:10AAE8003F000C0000000C0000000C0000000C00EF
:10AAF800000000000000000000000000000000004E
:10AB080000000A00FC000F00FC000F0000003000ED
:10AB1800000030000000300000003000000030006D
:10AB280000003000FC000F00FC000F0000000000D7
:10AB38000000000000000000000000000A00FC0007
:10AB48000000FC00000000000F0000000F000000E3
:10AB580030000000300000000F0000000F00FC0073
:10AB68000000FC00000000000000000000000000E1
:10AB78000000000000000A00FC000F00FC000F00AD
:10AB88000000300000003000C0000F00C0000F00BF
:10AB98000000300000003000FC000F00FC000F0037
:10ABA800000000000000000000000000000000009D
:10ABB80008003C003F003C003F00C0000000C0000F
:10ABC8000000C0000000C00000003C003F003C0046
:10ABD8003F0000000000000000000000000000002E
:10ABE800000000000000000000000A003C00000017
:10ABF8003C000000C0000000C000000000003F0052
:10AC080000003F00C0000000C00000003C00000041
:10AC18003C000000000000000000000000000000F0
:10AC28000000000008000C003C000C003C000C0078
:10AC380033000C003300CC003000CC0030003C0066
:10AC480030003C0030000000000000000000000060
:10AC580000000000000000000000000000000A00E2
:10AC6800C0000000C00000003C000F003C000F00C6
:10AC78000300300003003000030030000300300000
:10AC88000300300003003000000000000000000056
:10AC980000000000000000000200FC003F00FC0073
:10ACA8003F0000000000000000000000000000005D
:10ACB800000000000000000000000000000000008C
:10ACC800000000000000000000000000000000007C
:10ACD80000000A00030030000300300003003000C9
:10ACE8000300300003003000030030003C000F0078
:10ACF8003C000F00C0000000C00000000000000081
:10AD08000000000000000000000000000C00FC0033
:10AD18003F00FC003F00FC003F00FC003F004C00EF
:10AD280035004C003500CC003C00CC003C00FC0059
:10AD38003F00FC003F00FC003F00FC003F0000001B
:10AD48000000000000000300F0001F0010001000C9
:10AD5800F0001F00000000000000000000000000DC
:10AD680000000000000000000000000000000000DB
:10AD780000000000000000000000000000000000CB
:10AD88000B000000000000000000000000000000B0
:10AD980000000000000000000000000000000000AB
:10ADA800000000000000000000000000000000009B
:10ADB800000000000000000000000000000000008B
:10ADC800000000000000000000000000000000007B
:10ADD800000000000000000000000000000000006B
:10ADE800000000000000000000000000000000005B
:10ADF800000000000000000000000000000000004B
:10AE08000300F8007F001C00F8007F001C00F80019
:10AE18007F001C000000000000000000000000008F
:10AE2800000000000000000000000000000000001A
:10AE3800000000000000000000000000000000000A
:10AE480000000000000000000000000000000000FA
:10AE580000000000000000000000000000000000EA
:10AE680000000000000000000000000000000000DA
:10AE780000000000000000000000000000000000CA
:10AE88000F00F80001000000F80001000000F800C1
:10AE980001000000F80001000000F80001000000B7
:10AEA800F8000100000000000000000000000000A1
:10AEB8000000000000000000F80001000000F80099
:10AEC80001000000F80001000000F8000100000087
:10AED800F80001000000F800010000000000000078
:10AEE800000000000000000000000000000000005A
:10AEF800000000000000000000000000000000004A
:10AF08000F00C00081000300C00081000300C000E2
:10AF180081000300F800FF001F00F800FF001F0079
:10AF2800F800FF001F00C00081000300C00081007E
:10AF38000300C00081000300F800FF001F00F800B4
:10AF4800FF001F00F800FF001F00C0008100030081
:10AF5800C00081000300C000810003000000000061
:10AF680000000000000000000000000000000000D9
:10AF780000000000000000000000000000000000C9
:10AF88000F00C00001001C00C00001001C00C00030
:10AF980001001C0038000E001C0038000E001C00C8
:10AFA80038000E001C00FF00FF00FF00FF00FF003C
:10AFB800FF00FF00FF00FF0038000E001C003800F3
:10AFC8000E001C0038000E001C003800F0000300C2
:10AFD8003800F00003003800F00003000000000013
:10AFE8000000000000000000000000000000000059
:10AFF8000000000000000000000000000000000049
:10B008001500380000001C00380000001C00380043
:10B0180000001C00C70081000300C7008100030076
:10B02800C70081000300380070000000380070007D
:10B03800000038007000000000000E000000000052
:10B048000E00000000000E000000C0008100030098
:10B05800C00081000300C0008100030038007000B8
:10B068001C00380070001C00380070001C0007002D
:10B078008000030007008000030007008000030031
:10B088001200F800FF001F00F800FF001F00F80082
:10B09800FF001F00F800FF001F00F800FF001F005E
:10B0A800F800FF001F00780081001C0038008100B4
:10B0B8001C00380081001C0038008F001F00380079
:10B0C8008F001F0038008F001F00F800FF001F00CE
:10B0D800F800FF001F00F800FF001F00F800FF0045
:10B0E8001F00F800FF001F00F800FF001F0000000D
:10B0F8000000000000000000000000000000000048
:10B108000600780000000000F80000000000F800C9
:10B1180001000000F80001000000F8000000000035
:10B12800780000000000000000000000000000009F
:10B138000000000000000000000000000000000007
:10B1480000000000000000000000000000000000F7
:10B1580000000000000000000000000000000000E7
:10B1680000000000000000000000000000000000D7
:10B1780000000000000000000000000000000000C7
:10B188000600F800FF000300F800FF000300F800C5
:10B19800FF000300070000001C00070000001C005F
:10B1A800070000001C000000000000000000000074
:10B1B8000000000000000000000000000000000087
:10B1C8000000000000000000000000000000000077
:10B1D8000000000000000000000000000000000067
:10B1E8000000000000000000000000000000000057
:10B1F8000000000000000000000000000000000047
:10B208000600070000001C00070000001C000700E3
:10B2180000001C00F800FF000300F800FF00030016
:10B22800F800FF000300000000000000000000001C
:10B238000000000000000000000000000000000006
:10B2480000000000000000000000000000000000F6
:10B2580000000000000000000000000000000000E6
:10B2680000000000000000000000000000000000D6
:10B2780000000000000000000000000000000000C6
:10B288000A00600006000000600006000000800060
:10B2980001000000800001000000F8001F0000000D
:10B2A800F8001F000000800001000000800001007D
:10B2B80000006000060000006000060000000000BA
:10B2C8000000000000000000000000000000000076
:10B2D8000000000000000000000000000000000066
:10B2E8000000000000000000000000000000000056
:10B2F8000000000000000000000000000000000046
:10B308000F00000070000000000070000000000046
:10B3180070000000000070000000000070000000D5
:10B32800000070000000C000FF001F00C000FF0008
:10B338001F00C000FF001F00000070000000000098
:10B3480070000000000070000000000070000000A5
:10B358000000700000000000700000000000000005
:10B3680000000000000000000000000000000000D5
:10B3780000000000000000000000000000000000C5
:10B388000600000080001F00000080001F00000071
:10B3980080001F0000008000FF0000008000FF0008
:10B3A80000008000FF000000000000000000000016
:10B3B8000000000000000000000000000000000085
:10B3C8000000000000000000000000000000000075
:10B3D8000000000000000000000000000000000065
:10B3E8000000000000000000000000000000000055
:10B3F8000000000000000000000000000000000045
:10B408000C00000070000000000070000000000048
:10B4180070000000000070000000000070000000D4
:10B4280000007000000000007000000000007000C4
:10B438000000000070000000000070000000000024
:10B448007000000000007000000000000000000014
:10B4580000000000000000000000000000000000E4
:10B4680000000000000000000000000000000000D4
:10B4780000000000000000000000000000000000C4
:10B488000600000080001F00000080001F00000070
:10B4980080001F00000080001F00000080001F00C7
:10B4A800000080001F0000000000000000000000F5
:10B4B8000000000000000000000000000000000084
:10B4C8000000000000000000000000000000000074
:10B4D8000000000000000000000000000000000064
:10B4E8000000000000000000000000000000000054
:10B4F8000000000000000000000000000000000044
:10B508001200000000001C00000000001C000000E9
:10B5180000001C0000008000030000008000030001
:10B5280000008000030000007000000000007000B0
:10B53800000000007000000000000E000000000085
:10B548000E00000000000E000000C0000100000016
:10B55800C00001000000C000010000003800000029
:10B568000000380000000000380000000000000063
:10B5780000000000000000000000000000000000C3
:10B588000C00C000FF000300C000FF000300C00063
:10B59800FF000300380000001C00380000001C00F9
:10B5A800380000001C00380000001C0038000000B3
:10B5B8001C00380000001C00C000FF000300C00091
:10B5C800FF000300C000FF000300000000000000AF
:10B5D8000000000000000000000000000000000063
:10B5E8000000000000000000000000000000000053
:10B5F8000000000000000000000000000000000043
:10B608000900C00001001C00C00001001C00C000AF
:10B6180001001C00F800FF001F00F800FF001F00D9
:10B62800F800FF001F00000000001C0000000000E0
:10B638001C00000000001C000000000000000000CA
:10B6480000000000000000000000000000000000F2
:10B6580000000000000000000000000000000000E2
:10B6680000000000000000000000000000000000D2
:10B6780000000000000000000000000000000000C2
:10B688000C00C00081001F00C00081001F00C00026
:10B6980081001F00380070001C00380070001C007A
:10B6A800380070001C0038000E001C0038000E0026
:10B6B8001C0038000E001C00C00001001C00C00067
:10B6C80001001C00C00001001C0000000000000078
:10B6D8000000000000000000000000000000000062
:10B6E8000000000000000000000000000000000052
:10B6F8000000000000000000000000000000000042
:10B708000C00380000001C00380000001C00380045
:10B7180000001C0038000E001C0038000E001C0041
:10B7280038000E001C0038000E001C0038000E0007
:10B738001C0038000E001C00C000F1000300C0000F
:10B74800F1000300C000F100030000000000000049
:10B7580000000000000000000000000000000000E1
:10B7680000000000000000000000000000000000D1
:10B7780000000000000000000000000000000000C1
:10B788000C00F8007F000000F8007F000000F800BF
:10B798007F00000000007000000000007000000042
:10B7A8000000700000000000700000000000700041
:10B7B8000000000070000000F800FF001F00F80003
:10B7C800FF001F00F800FF001F000000000000003D
:10B7D8000000000000000000000000000000000061
:10B7E8000000000000000000000000000000000051
:10B7F8000000000000000000000000000000000041
:10B808000C00F8000F001C00F8000F001C00F800E6
:10B818000F001C0038000E001C0038000E001C0031
:10B8280038000E001C0038000E001C0038000E0006
:10B838001C0038000E001C003800F000030038001F
:10B84800F00003003800F0000300000000000000D2
:10B8580000000000000000000000000000000000E0
:10B8680000000000000000000000000000000000D0
:10B8780000000000000000000000000000000000C0
:10B888000C00C000FF000300C000FF000300C00060
:10B89800FF00030038000E001C0038000E001C00DA
:10B8A80038000E001C0038000E001C0038000E0086
:10B8B8001C0038000E001C003800F000030038009F
:10B8C800F00003003800F000030000000000000052
:10B8D8000000000000000000000000000000000060
:10B8E8000000000000000000000000000000000050
:10B8F8000000000000000000000000000000000040
:10B908000C0038000000000038000000000038007B
:10B9180000000000380000000000380000000000AF
:10B928003800000000003800000000003800000067
:10B938000000380000000000F800FF001F00F800B9
:10B94800FF001F00F800FF001F00000000000000BB
:10B9580000000000000000000000000000000000DF
:10B9680000000000000000000000000000000000CF
:10B9780000000000000000000000000000000000BF
:10B988000C00C000F1000300C000F1000300C0007B
:10B99800F100030038000E001C0038000E001C00E7
:10B9A80038000E001C0038000E001C0038000E0085
:10B9B8001C0038000E001C00C000F1000300C0008D
:10B9C800F1000300C000F1000300000000000000C7
:10B9D800000000000000000000000000000000005F
:10B9E800000000000000000000000000000000004F
:10B9F800000000000000000000000000000000003F
:10BA08000C00F8000F000000F8000F000000F8001C
:10BA18000F00000038000E00000038000E00000083
:10BA280038000E00000038000E00000038000E003C
:10BA3800000038000E000000F800FF001F00F800AA
:10BA4800FF001F00F800FF001F00000000000000BA
:10BA580000000000000000000000000000000000DE
:10BA680000000000000000000000000000000000CE
:10BA780000000000000000000000000000000000BE
:10BA88000600C0008F001F00C0008F001F00C0000C
:10BA98008F001F00C0008F001F00C0008F001F0014
:10BAA800C0008F001F000000000000000000000020
:10BAB800000000000000000000000000000000007E
:10BAC800000000000000000000000000000000006E
:10BAD800000000000000000000000000000000005E
:10BAE800000000000000000000000000000000004E
:10BAF800000000000000000000000000000000003E
:10BB08001200F800FF001F00F800FF001F00F800F7
:10BB1800FF001F00F800FF001F00F800FF001F00D3
:10BB2800F800FF001F00780081001C003800810029
:10BB38001C00380081001C0038008F001F003800EE
:10BB48008F001F0038008F001F00F800FF001F0043
:10BB5800F800FF001F00F800FF001F00F800FF00BA
:10BB68001F00F800FF001F00F800FF001F00000082
:10BB780000000000000000000000000000000000BD
:10BB880009000000700000000000700000000000C4
:10BB98007000000000008E00030000008E0003000B
:10BBA80000008E000300C00001001C00C00001005E
:10BBB8001C00C00001001C00000000000000000084
:10BBC800000000000000000000000000000000006D
:10BBD800000000000000000000000000000000005D
:10BBE800000000000000000000000000000000004D
:10BBF800000000000000000000000000000000003D
:10BC0800120000008E00030000008E0003000000F8
:10BC18008E00030000008E00030000008E00030069
:10BC280000008E00030000008E00030000008E005C
:10BC3800030000008E00030000008E0003000000D7
:10BC48008E00030000008E00030000008E00030039
:10BC580000008E00030000008E00030000008E002C
:10BC6800030000008E00030000008E0003000000A7
:10BC780000000000000000000000000000000000BC
:10BC88000900C00001001C00C00001001C00C00029
:10BC980001001C0000008E00030000008E0003005D
:10BCA80000008E000300000070000000000070001B
:10BCB800000000007000000000000000000000000C
:10BCC800000000000000000000000000000000006C
:10BCD800000000000000000000000000000000005C
:10BCE800000000000000000000000000000000004C
:10BCF800000000000000000000000000000000003C
:10BD08000F00C00001000000C00001000000C000DA
:10BD180001000000380000000000380000000000AA
:10BD2800380000000000380070001C003800700067
:10BD38001C00380070001C0038007000000038003B
:10BD480070000000380070000000C0000F00000004
:10BD5800C0000F000000C0000F000000000000003D
:10BD680000000000000000000000000000000000CB
:10BD780000000000000000000000000000000000BB
:10BD88001200F800FF001F00F800FF001F00F80075
:10BD9800FF001F00F800FF001F00F800FF001F0051
:10BDA800F800FF001F00780081001C0038008100A7
:10BDB8001C00380081001C0038008F001F0038006C
:10BDC8008F001F0038008F001F00F800FF001F00C1
:10BDD800F800FF001F00F800FF001F00F800FF0038
:10BDE8001F00F800FF001F00F800FF001F00000000
:10BDF800000000000000000000000000000000003B
:10BE08000F00C000FF001F00C000FF001F00C0009F
:10BE1800FF001F0038000E00000038000E00000070
:10BE280038000E00000038000E00000038000E0038
:10BE3800000038000E00000038000E000000380036
:10BE48000E00000038000E000000C000FF001F00B8
:10BE5800C000FF001F00C000FF001F00000000001E
:10BE680000000000000000000000000000000000CA
:10BE780000000000000000000000000000000000BA
:10BE88000F00F800FF001F00F800FF001F00F80077
:10BE9800FF001F0038000E001C0038000E001C00B8
:10BEA80038000E001C0038000E001C0038000E0080
:10BEB8001C0038000E001C0038000E001C00380062
:10BEC8000E001C0038000E001C00C000F10003002A
:10BED800C000F1000300C000F100030000000000F2
:10BEE800000000000000000000000000000000004A
:10BEF800000000000000000000000000000000003A
:10BF08000F00C000FF000300C000FF000300C000D6
:10BF1800FF000300380000001C00380000001C006F
:10BF2800380000001C00380000001C003800000029
:10BF38001C00380000001C00380000001C003800FD
:10BF480000001C00380000001C00C0008100030035
:10BF5800C00081000300C000810003000000000051
:10BF680000000000000000000000000000000000C9
:10BF780000000000000000000000000000000000B9
:10BF88000F00F800FF001F00F800FF001F00F80076
:10BF9800FF001F00380000001C00380000001C00D3
:10BFA800380000001C00380000001C0038000000A9
:10BFB8001C00380000001C00380000001C0038007D
:10BFC80000001C00380000001C00C000FF00030037
:10BFD800C000FF000300C000FF00030000000000D5
:10BFE8000000000000000000000000000000000049
:10BFF8000000000000000000000000000000000039
:10C008000C00F800FF001F00F800FF001F00F800F8
:10C01800FF001F0038000E001C0038000E001C0036
:10C0280038000E001C0038000E001C0038000E00FE
:10C038001C0038000E001C00380000001C003800EE
:10C0480000001C00380000001C0000000000000078
:10C0580000000000000000000000000000000000D8
:10C0680000000000000000000000000000000000C8
:10C0780000000000000000000000000000000000B8
:10C088000C00F800FF001F00F800FF001F00F80078
:10C09800FF001F0038000E00000038000E000000EE
:10C0A80038000E00000038000E00000038000E00B6
:10C0B800000038000E0000003800000000003800C2
:10C0C8000000000038000000000000000000000030
:10C0D8000000000000000000000000000000000058
:10C0E8000000000000000000000000000000000048
:10C0F8000000000000000000000000000000000038
:10C108000F00C000FF000300C000FF000300C000D4
:10C11800FF000300380000001C00380000001C006D
:10C12800380000001C00380000001C003800000027
:10C138001C00380000001C00380070001C0038008B
:10C1480070001C00380070001C00C000F1000300E3
:10C15800C000F1000300C000F1000300000000006F
:10C1680000000000000000000000000000000000C7
:10C1780000000000000000000000000000000000B7
:10C188000C00F800FF001F00F800FF001F00F80077
:10C19800FF001F0000000E00000000000E0000005D
:10C1A80000000E00000000000E00000000000E005D
:10C1B800000000000E000000F800FF001F00F8005B
:10C1C800FF001F00F800FF001F0000000000000033
:10C1D8000000000000000000000000000000000057
:10C1E8000000000000000000000000000000000047
:10C1F8000000000000000000000000000000000037
:10C208000300F800FF001F00F800FF001F00F800FF
:10C21800FF001F00000000000000000000000000F8
:10C228000000000000000000000000000000000006
:10C2380000000000000000000000000000000000F6
:10C2480000000000000000000000000000000000E6
:10C2580000000000000000000000000000000000D6
:10C2680000000000000000000000000000000000C6
:10C2780000000000000000000000000000000000B6
:10C288000F00000080000300000080000300000091
:10C2980080000300000000001C00000000001C00DB
:10C2A800000000001C00000000001C00000000004E
:10C2B8001C00000000001C00000000001C00000022
:10C2C80000001C00000000001C00F800FF00030034
:10C2D800F800FF000300F800FF0003000000000062
:10C2E8000000000000000000000000000000000046
:10C2F8000000000000000000000000000000000036
:10C308000C00F800FF001F00F800FF001F00F800F5
:10C31800FF001F0000000E00000000000E000000DB
:10C3280000000E000000C00071000000C000710095
:10C338000000C00071000000380080001F003800B5
:10C3480080001F00380080001F000000000000006F
:10C3580000000000000000000000000000000000D5
:10C3680000000000000000000000000000000000C5
:10C3780000000000000000000000000000000000B5
:10C388000C00F800FF001F00F800FF001F00F80075
:10C39800FF001F00000000001C00000000001C003F
:10C3A800000000001C00000000001C00000000004D
:10C3B8001C00000000001C00000000001C00000021
:10C3C80000001C00000000001C000000000000002D
:10C3D8000000000000000000000000000000000055
:10C3E8000000000000000000000000000000000045
:10C3F8000000000000000000000000000000000035
:10C408000F00F800FF001F00F800FF001F00F800F1
:10C41800FF001F00C00001000000C0000100000074
:10C42800C0000100000000000E00000000000E0027
:10C43800000000000E000000C00001000000C00065
:10C4480001000000C00001000000F800FF001F000C
:10C45800F800FF001F00F800FF001F0000000000A8
:10C4680000000000000000000000000000000000C4
:10C4780000000000000000000000000000000000B4
:10C488000F00F800FF001F00F800FF001F00F80071
:10C49800FF001F00C00001000000C00001000000F4
:10C4A800C0000100000000000E00000000000E00A7
:10C4B800000000000E0000000000F0000300000073
:10C4C800F00003000000F0000300F800FF001F0068
:10C4D800F800FF001F00F800FF001F000000000028
:10C4E8000000000000000000000000000000000044
:10C4F8000000000000000000000000000000000034
:10C508000F00C000FF000300C000FF000300C000D0
:10C51800FF000300380000001C00380000001C0069
:10C52800380000001C00380000001C003800000023
:10C538001C00380000001C00380000001C003800F7
:10C5480000001C00380000001C00C000FF000300B1
:10C55800C000FF000300C000FF000300000000004F
:10C5680000000000000000000000000000000000C3
:10C5780000000000000000000000000000000000B3
:10C588000F00F800FF001F00F800FF001F00F80070
:10C59800FF001F0038000E00000038000E000000E9
:10C5A80038000E00000038000E00000038000E00B1
:10C5B800000038000E00000038000E0000003800AF
:10C5C8000E00000038000E000000C000010000004E
:10C5D800C00001000000C0000100000000000000D1
:10C5E8000000000000000000000000000000000043
:10C5F8000000000000000000000000000000000033
:10C608000F00C000FF000300C000FF000300C000CF
:10C61800FF000300380000001C00380000001C0068
:10C62800380000001C00380070001C003800700042
:10C638001C00380070001C0038008000030038001F
:10C6480080000300380080000300C0007F001C0049
:10C65800C0007F001C00C0007F001C00000000001C
:10C6680000000000000000000000000000000000C2
:10C6780000000000000000000000000000000000B2
:10C688000F00F800FF001F00F800FF001F00F8006F
:10C69800FF001F0038000E00000038000E000000E8
:10C6A80038000E00000038000E00000038000E00B0
:10C6B800000038000E00000038000E0000003800AE
:10C6C8000E00000038000E000000C000F1001F003E
:10C6D800C000F1001F00C000F1001F0000000000B2
:10C6E8000000000000000000000000000000000042
:10C6F8000000000000000000000000000000000032
:10C708000F00C00001001C00C00001001C00C00098
:10C7180001001C0038000E001C0038000E001C0030
:10C7280038000E001C0038000E001C0038000E00F7
:10C738001C0038000E001C0038000E001C003800D9
:10C748000E001C0038000E001C003800F00003002A
:10C758003800F00003003800F0000300000000007B
:10C7680000000000000000000000000000000000C1
:10C7780000000000000000000000000000000000B1
:10C788000F003800000000003800000000003800EA
:10C798000000000038000000000038000000000021
:10C7A800380000000000F800FF001F00F800FF003C
:10C7B8001F00F800FF001F003800000000003800CC
:10C7C80000000000380000000000380000000000F1
:10C7D80038000000000038000000000000000000E1
:10C7E8000000000000000000000000000000000041
:10C7F8000000000000000000000000000000000031
:10C808000F00F800FF000300F800FF000300F80025
:10C81800FF000300000000001C00000000001C00D6
:10C82800000000001C00000000001C0000000000C8
:10C838001C00000000001C00000000001C0000009C
:10C8480000001C00000000001C00F800FF000300AE
:10C85800F800FF000300F800FF00030000000000DC
:10C8680000000000000000000000000000000000C0
:10C8780000000000000000000000000000000000B0
:10C888000F00F8000F000000F8000F000000F8008B
:10C898000F0000000000F00003000000F00003009B
:10C8A8000000F0000300000000001C000000000071
:10C8B8001C00000000001C000000F0000300000045
:10C8C800F00003000000F0000300F8000F00000073
:10C8D800F8000F000000F8000F0000000000000042
:10C8E8000000000000000000000000000000000040
:10C8F8000000000000000000000000000000000030
:10C908000F00F800FF000300F800FF000300F80024
:10C91800FF000300000000001C00000000001C00D5
:10C92800000000001C000000FE0003000000FE00E4
:10C9380003000000FE000300000000001C000000CF
:10C9480000001C00000000001C00F800FF000300AD
:10C95800F800FF000300F800FF00030000000000DB
:10C9680000000000000000000000000000000000BF
:10C9780000000000000000000000000000000000AF
:10C988000C00F800F1001F00F800F1001F00F8008B
:10C99800F1001F0000000E00000000000E00000063
:10C9A80000000E00000000000E00000000000E0055
:10C9B800000000000E000000F800F1001F00F80061
:10C9C800F1001F00F800F1001F0000000000000047
:10C9D800000000000000000000000000000000004F
:10C9E800000000000000000000000000000000003F
:10C9F800000000000000000000000000000000002F
:10CA08000F00F80001000000F80001000000F80025
:10CA18000100000000000E00000000000E000000F1
:10CA280000000E0000000000F0001F000000F000F1
:10CA38001F000000F0001F0000000E0000000000B2
:10CA48000E00000000000E000000F80001000000C9
:10CA5800F80001000000F8000100000000000000DC
:10CA680000000000000000000000000000000000BE
:10CA780000000000000000000000000000000000AE
:10CA88000C00380080001F00380080001F003800AC
:10CA980080001F00380070001C00380070001C0067
:10CAA800380070001C0038000E001C0038000E0012
:10CAB8001C0038000E001C00F80001001C00F800E3
:10CAC80001001C00F80001001C000000000000002C
:10CAD800000000000000000000000000000000004E
:10CAE800000000000000000000000000000000003E
:10CAF800000000000000000000000000000000002E
:10CB08000600F800FF001F00F800FF001F00F800F3
:10CB1800FF001F00380000001C00380000001C0047
:10CB2800380000001C0000000000000000000000A9
:10CB380000000000000000000000000000000000ED
:10CB480000000000000000000000000000000000DD
:10CB580000000000000000000000000000000000CD
:10CB680000000000000000000000000000000000BD
:10CB780000000000000000000000000000000000AD
:10CB880012003800000000003800000000003800E3
:10CB980000000000C00001000000C000010000000B
:10CBA800C0000100000000000E00000000000E00A0
:10CBB800000000000E0000000000700000000000EF
:10CBC80070000000000070000000000080000300FA
:10CBD8000000800003000000800003000000000047
:10CBE8001C00000000001C00000000001C000000E9
:10CBF800000000000000000000000000000000002D
:10CC08000600380000001C00380000001C00380036
:10CC180000001C00F800FF001F00F800FF001F00C4
:10CC2800F800FF001F0000000000000000000000E6
:10CC380000000000000000000000000000000000EC
:10CC480000000000000000000000000000000000DC
:10CC580000000000000000000000000000000000CC
:10CC680000000000000000000000000000000000BC
:10CC780000000000000000000000000000000000AC
:10CC88000900C00001000000C00001000000C00051
:10CC9800010000003800000000003800000000001B
:10CCA800380000000000C00001000000C0000100C2
:10CCB8000000C000010000000000000000000000AB
:10CCC800000000000000000000000000000000005C
:10CCD800000000000000000000000000000000004C
:10CCE800000000000000000000000000000000003C
:10CCF800000000000000000000000000000000002C
:10CD08001200000000001C00000000001C000000D1
:10CD180000001C00000000001C00000000001C00B7
:10CD2800000000001C00000000001C0000000000C3
:10CD38001C00000000001C00000000001C00000097
:10CD480000001C00000000001C00000000001C0087
:10CD5800000000001C00000000001C000000000093
:10CD68001C00000000001C00000000001C00000067
:10CD780000000000000000000000000000000000AB
:10CD88001200F800FF001F00F800FF001F00F80065
:10CD9800FF001F00F800FF001F00F800FF001F0041
:10CDA800F800FF001F00780081001C003800810097
:10CDB8001C00380081001C0038008F001F0038005C
:10CDC8008F001F0038008F001F00F800FF001F00B1
:10CDD800F800FF001F00F800FF001F00F800FF0028
:10CDE8001F00F800FF001F00F800FF001F000000F0
:10CDF800000000000000000000000000000000002B
:10CE08000F00C000FF001F00C000FF001F00C0008F
:10CE1800FF001F0038000E00000038000E00000060
:10CE280038000E00000038000E00000038000E0028
:10CE3800000038000E00000038000E000000380026
:10CE48000E00000038000E000000C000FF001F00A8
:10CE5800C000FF001F00C000FF001F00000000000E
:10CE680000000000000000000000000000000000BA
:10CE780000000000000000000000000000000000AA
:10CE88000F00F800FF001F00F800FF001F00F80067
:10CE9800FF001F0038000E001C0038000E001C00A8
:10CEA80038000E001C0038000E001C0038000E0070
:10CEB8001C0038000E001C0038000E001C00380052
:10CEC8000E001C0038000E001C00C000F10003001A
:10CED800C000F1000300C000F100030000000000E2
:10CEE800000000000000000000000000000000003A
:10CEF800000000000000000000000000000000002A
:10CF08000F00C000FF000300C000FF000300C000C6
:10CF1800FF000300380000001C00380000001C005F
:10CF2800380000001C00380000001C003800000019
:10CF38001C00380000001C00380000001C003800ED
:10CF480000001C00380000001C00C0008100030025
:10CF5800C00081000300C000810003000000000041
:10CF680000000000000000000000000000000000B9
:10CF780000000000000000000000000000000000A9
:10CF88000F00F800FF001F00F800FF001F00F80066
:10CF9800FF001F00380000001C00380000001C00C3
:10CFA800380000001C00380000001C003800000099
:10CFB8001C00380000001C00380000001C0038006D
:10CFC80000001C00380000001C00C000FF00030027
:10CFD800C000FF000300C000FF00030000000000C5
:10CFE8000000000000000000000000000000000039
:10CFF8000000000000000000000000000000000029
:10D008000C00F800FF001F00F800FF001F00F800E8
:10D01800FF001F0038000E001C0038000E001C0026
:10D0280038000E001C0038000E001C0038000E00EE
:10D038001C0038000E001C00380000001C003800DE
:10D0480000001C00380000001C0000000000000068
:10D0580000000000000000000000000000000000C8
:10D0680000000000000000000000000000000000B8
:10D0780000000000000000000000000000000000A8
:10D088000C00F800FF001F00F800FF001F00F80068
:10D09800FF001F0038000E00000038000E000000DE
:10D0A80038000E00000038000E00000038000E00A6
:10D0B800000038000E0000003800000000003800B2
:10D0C8000000000038000000000000000000000020
:10D0D8000000000000000000000000000000000048
:10D0E8000000000000000000000000000000000038
:10D0F8000000000000000000000000000000000028
:10D108000F00C000FF000300C000FF000300C000C4
:10D11800FF000300380000001C00380000001C005D
:10D12800380000001C00380000001C003800000017
:10D138001C00380000001C00380070001C0038007B
:10D1480070001C00380070001C00C000F1000300D3
:10D15800C000F1000300C000F1000300000000005F
:10D1680000000000000000000000000000000000B7
:10D1780000000000000000000000000000000000A7
:10D188000C00F800FF001F00F800FF001F00F80067
:10D19800FF001F0000000E00000000000E0000004D
:10D1A80000000E00000000000E00000000000E004D
:10D1B800000000000E000000F800FF001F00F8004B
:10D1C800FF001F00F800FF001F0000000000000023
:10D1D8000000000000000000000000000000000047
:10D1E8000000000000000000000000000000000037
:10D1F8000000000000000000000000000000000027
:10D208000300F800FF001F00F800FF001F00F800EF
:10D21800FF001F00000000000000000000000000E8
:10D2280000000000000000000000000000000000F6
:10D2380000000000000000000000000000000000E6
:10D2480000000000000000000000000000000000D6
:10D2580000000000000000000000000000000000C6
:10D2680000000000000000000000000000000000B6
:10D2780000000000000000000000000000000000A6
:10D288000F00000080000300000080000300000081
:10D2980080000300000000001C00000000001C00CB
:10D2A800000000001C00000000001C00000000003E
:10D2B8001C00000000001C00000000001C00000012
:10D2C80000001C00000000001C00F800FF00030024
:10D2D800F800FF000300F800FF0003000000000052
:10D2E8000000000000000000000000000000000036
:10D2F8000000000000000000000000000000000026
:10D308000C00F800FF001F00F800FF001F00F800E5
:10D31800FF001F0000000E00000000000E000000CB
:10D3280000000E000000C00071000000C000710085
:10D338000000C00071000000380080001F003800A5
:10D3480080001F00380080001F000000000000005F
:10D3580000000000000000000000000000000000C5
:10D3680000000000000000000000000000000000B5
:10D3780000000000000000000000000000000000A5
:10D388000C00F800FF001F00F800FF001F00F80065
:10D39800FF001F00000000001C00000000001C002F
:10D3A800000000001C00000000001C00000000003D
:10D3B8001C00000000001C00000000001C00000011
:10D3C80000001C00000000001C000000000000001D
:10D3D8000000000000000000000000000000000045
:10D3E8000000000000000000000000000000000035
:10D3F8000000000000000000000000000000000025
:10D408000F00F800FF001F00F800FF001F00F800E1
:10D41800FF001F00C00001000000C0000100000064
:10D42800C0000100000000000E00000000000E0017
:10D43800000000000E000000C00001000000C00055
:10D4480001000000C00001000000F800FF001F00FC
:10D45800F800FF001F00F800FF001F000000000098
:10D4680000000000000000000000000000000000B4
:10D4780000000000000000000000000000000000A4
:10D488000F00F800FF001F00F800FF001F00F80061
:10D49800FF001F00C00001000000C00001000000E4
:10D4A800C0000100000000000E00000000000E0097
:10D4B800000000000E0000000000F0000300000063
:10D4C800F00003000000F0000300F800FF001F0058
:10D4D800F800FF001F00F800FF001F000000000018
:10D4E8000000000000000000000000000000000034
:10D4F8000000000000000000000000000000000024
:10D508000F00C000FF000300C000FF000300C000C0
:10D51800FF000300380000001C00380000001C0059
:10D52800380000001C00380000001C003800000013
:10D538001C00380000001C00380000001C003800E7
:10D5480000001C00380000001C00C000FF000300A1
:10D55800C000FF000300C000FF000300000000003F
:10D5680000000000000000000000000000000000B3
:10D5780000000000000000000000000000000000A3
:10D588000F00F800FF001F00F800FF001F00F80060
:10D59800FF001F0038000E00000038000E000000D9
:10D5A80038000E00000038000E00000038000E00A1
:10D5B800000038000E00000038000E00000038009F
:10D5C8000E00000038000E000000C000010000003E
:10D5D800C00001000000C0000100000000000000C1
:10D5E8000000000000000000000000000000000033
:10D5F8000000000000000000000000000000000023
:10D608000F00C000FF000300C000FF000300C000BF
:10D61800FF000300380000001C00380000001C0058
:10D62800380000001C00380070001C003800700032
:10D638001C00380070001C0038008000030038000F
:10D6480080000300380080000300C0007F001C0039
:10D65800C0007F001C00C0007F001C00000000000C
:10D6680000000000000000000000000000000000B2
:10D6780000000000000000000000000000000000A2
:10D688000F00F800FF001F00F800FF001F00F8005F
:10D69800FF001F0038000E00000038000E000000D8
:10D6A80038000E00000038000E00000038000E00A0
:10D6B800000038000E00000038000E00000038009E
:10D6C8000E00000038000E000000C000F1001F002E
:10D6D800C000F1001F00C000F1001F0000000000A2
:10D6E8000000000000000000000000000000000032
:10D6F8000000000000000000000000000000000022
:10D708000F00C00001001C00C00001001C00C00088
:10D7180001001C0038000E001C0038000E001C0020
:10D7280038000E001C0038000E001C0038000E00E7
:10D738001C0038000E001C0038000E001C003800C9
:10D748000E001C0038000E001C003800F00003001A
:10D758003800F00003003800F0000300000000006B
:10D7680000000000000000000000000000000000B1
:10D7780000000000000000000000000000000000A1
:10D788000F003800000000003800000000003800DA
:10D798000000000038000000000038000000000011
:10D7A800380000000000F800FF001F00F800FF002C
:10D7B8001F00F800FF001F003800000000003800BC
:10D7C80000000000380000000000380000000000E1
:10D7D80038000000000038000000000000000000D1
:10D7E8000000000000000000000000000000000031
:10D7F8000000000000000000000000000000000021
:10D808000F00F800FF000300F800FF000300F80015
:10D81800FF000300000000001C00000000001C00C6
:10D82800000000001C00000000001C0000000000B8
:10D838001C00000000001C00000000001C0000008C
:10D8480000001C00000000001C00F800FF0003009E
:10D85800F800FF000300F800FF00030000000000CC
:10D8680000000000000000000000000000000000B0
:10D8780000000000000000000000000000000000A0
:10D888000F00F8000F000000F8000F000000F8007B
:10D898000F0000000000F00003000000F00003008B
:10D8A8000000F0000300000000001C000000000061
:10D8B8001C00000000001C000000F0000300000035
:10D8C800F00003000000F0000300F8000F00000063
:10D8D800F8000F000000F8000F0000000000000032
:10D8E8000000000000000000000000000000000030
:10D8F8000000000000000000000000000000000020
:10D908000F00F800FF000300F800FF000300F80014
:10D91800FF000300000000001C00000000001C00C5
:10D92800000000001C000000FE0003000000FE00D4
:10D9380003000000FE000300000000001C000000BF
:10D9480000001C00000000001C00F800FF0003009D
:10D95800F800FF000300F800FF00030000000000CB
:10D9680000000000000000000000000000000000AF
:10D97800000000000000000000000000000000009F
:10D988000C00F800F1001F00F800F1001F00F8007B
:10D99800F1001F0000000E00000000000E00000053
:10D9A80000000E00000000000E00000000000E0045
:10D9B800000000000E000000F800F1001F00F80051
:10D9C800F1001F00F800F1001F0000000000000037
:10D9D800000000000000000000000000000000003F
:10D9E800000000000000000000000000000000002F
:10D9F800000000000000000000000000000000001F
:10DA08000F00F80001000000F80001000000F80015
:10DA18000100000000000E00000000000E000000E1
:10DA280000000E0000000000F0001F000000F000E1
:10DA38001F000000F0001F0000000E0000000000A2
:10DA48000E00000000000E000000F80001000000B9
:10DA5800F80001000000F8000100000000000000CC
:10DA680000000000000000000000000000000000AE
:10DA7800000000000000000000000000000000009E
:10DA88000C00380080001F00380080001F0038009C
:10DA980080001F00380070001C00380070001C0057
:10DAA800380070001C0038000E001C0038000E0002
:10DAB8001C0038000E001C00F80001001C00F800D3
:10DAC80001001C00F80001001C000000000000001C
:10DAD800000000000000000000000000000000003E
:10DAE800000000000000000000000000000000002E
:10DAF800000000000000000000000000000000001E
:10DB08000F0000000E00000000000E0000000000E2
:10DB18000E000000F800F1000300F800F100030017
:10DB2800F800F1000300070000001C0007000000D7
:10DB38001C00070000001C00070000001C00070074
:10DB480000001C00070000001C00070000001C006B
:10DB5800070000001C00070000001C000000000077
:10DB680000000000000000000000000000000000AD
:10DB7800000000000000000000000000000000009D
:10DB88000300F800FF001F00F800FF001F00F80066
:10DB9800FF001F000000000000000000000000005F
:10DBA800000000000000000000000000000000006D
:10DBB800000000000000000000000000000000005D
:10DBC800000000000000000000000000000000004D
:10DBD800000000000000000000000000000000003D
:10DBE800000000000000000000000000000000002D
:10DBF800000000000000000000000000000000001D
:10DC08000F00070000001C00070000001C000700B0
:10DC180000001C00070000001C00070000001C009A
:10DC2800070000001C00070000001C00070000009F
:10DC38001C00070000001C00F800F1000300F800B9
:10DC4800F1000300F800F100030000000E000000DE
:10DC580000000E00000000000E00000000000000A0
:10DC680000000000000000000000000000000000AC
:10DC7800000000000000000000000000000000009C
:10DC88001200F800FF001F00F800FF001F00F80056
:10DC9800FF001F00F800FF001F00F800FF001F0032
:10DCA800F800FF001F00780081001C003800810088
:10DCB8001C00380081001C0038008F001F0038004D
:10DCC8008F001F0038008F001F00F800FF001F00A2
:10DCD800F800FF001F00F800FF001F00F800FF0019
:10DCE8001F00F800FF001F00F800FF001F000000E1
:10DCF800000000000000000000000000000000001C
:10DD08000500C000FF000F004000000008004000B0
:10DD180000000800400000000800C000FF000F00DD
:10DD280000000000000000000000000000000000EB
:10DD380000000000000000000000000000000000DB
:10DD480000000000000000000000000000000000CB
:10DD580000000000000000000000000000000000BB
:10DD680000000000000000000000000000000000AB
:10DD7800000000000000000000000000000000009B
:10DD88000400000000000000000000000000000087
:10DD980001005E000000000000000000000000001C
:10DDA800050006000600000006000600000000004E
:10DDB800050024007E0024007E00240000000000EE
:10DDC800050044004A00FF004A003200000000003D
:10DDD800070042002500120008002400520021001C
:10DDE80006007E007E0042006A007E007E00000081
:10DDF800020006000600000000000000000000000D
:10DE080002003E0041000000000000000000000089
:10DE1800020041003E000000000000000000000079
:10DE28000500140008003E0008001400000000006F
:10DE38000500100010007C00100010000000000019
:10DE480002006000E0000000000000000000000088
:10DE58000400100010001000100000000000000076
:10DE680002006000600000000000000000000000E8
:10DE78000600400020001000080004000200000016
:10DE880004003C00420042003C000000000000008A
:10DE9800030044007E004000000000000000000075
:10DEA8000400640052004A00440000000000000022
:10DEB800040042004A004A0034000000000000004C
:10DEC80004001E00100010007E000000000000008A
:10DED80004004E004A004A00320000000000000022
:10DEE80004003C004A004A00320000000000000024
:10DEF80004000200020002007E0000000000000092
:10DF0800040034004A004A00340000000000000009
:10DF180004000E000A000A007E0000000000000055
:10DF280002006C006C00000000000000000000000F
:10DF380006007E007E0042006A007E007E0000002F
:10DF4800030010002800440000000000000000004A
:10DF580006002800280028002800280028000000C3
:10DF6800030044002800100000000000000000002A
:10DF7800050004000200520012000C00000000001E
:10DF880006007E007E0042006A007E007E000000DF
:10DF980005007C000A000A000A007C00000000005E
:10DFA80005007E004A004A004A00340000000000D4
:10DFB80005003C004200420042002400000000002E
:10DFC80005007E004200420042003C0000000000C4
:10DFD80004007E004A004A004200000000000000E1
:10DFE80004007E000A000A00020000000000000091
:10DFF80005003C00420042005200340000000000CE
:10E0080004007E00080008007E00000000000000F8
:10E0180001007E0000000000000000000000000079
:10E02800050020004000400040003E0000000000C5
:10E0380004007E00080014006200000000000000D8
:10E0480004007E0040004000400000000000000086
:10E0580005007E000400080004007E0000000000A7
:10E0680005007E000400080030007E00000000006B
:10E0780005003C004200420042003C000000000055
:10E0880005007E000A000A000A00040000000000E3
:10E0980005003C004200520022005C000000000025
:10E0A80005007E000A000A000A0074000000000053
:10E0B800050044004A004A004A00320000000000FF
:10E0C8000500020002007E000200020000000000BD
:10E0D80005003E004000400040003E0000000000F7
:10E0E80005000E003000400030000E000000000067
:10E0F80005003E004000380040003E0000000000DF
:10E108000400760008000800760000000000000007
:10E118000500060008007000080006000000000066
:10E128000400620052004A0046000000000000009F
:10E1380002007E0042000000000000000000000015
:10E148000600020004000800100020004000000043
:10E15800020042007E0000000000000000000000F5
:10E16800030004000200040000000000000000009A
:10E178000600400040004000400040004000000011
:10E1880006007E007E0042006A007E007E000000DD
:10E1980005007C000A000A000A007C00000000005C
:10E1A80005007E004A004A004A00340000000000D2
:10E1B80005003C004200420042002400000000002C
:10E1C80005007E004200420042003C0000000000C2
:10E1D80004007E004A004A004200000000000000DF
:10E1E80004007E000A000A0002000000000000008F
:10E1F80005003C00420042005200340000000000CC
:10E2080004007E00080008007E00000000000000F6
:10E2180001007E0000000000000000000000000077
:10E22800050020004000400040003E0000000000C3
:10E2380004007E00080014006200000000000000D6
:10E2480004007E0040004000400000000000000084
:10E2580005007E000400080004007E0000000000A5
:10E2680005007E000400080030007E000000000069
:10E2780005003C004200420042003C000000000053
:10E2880005007E000A000A000A00040000000000E1
:10E2980005003C004200520022005C000000000023
:10E2A80005007E000A000A000A0074000000000051
:10E2B800050044004A004A004A00320000000000FD
:10E2C8000500020002007E000200020000000000BB
:10E2D80005003E004000400040003E0000000000F5
:10E2E80005000E003000400030000E000000000065
:10E2F80005003E004000380040003E0000000000DD
:10E308000400760008000800760000000000000005
:10E318000500060008007000080006000000000064
:10E328000400620052004A0046000000000000009D
:10E3380005000800360041004100410000000000CF
:10E3480001007E0000000000000000000000000046
:10E3580005004100410041003600080000000000AF
:10E3680006007E007E0042006A007E007E000000FB
:10E3780002003E003E000000000000000000000017
:10E388006F7363696C6C61746F72000076636F20E1
:10E398002564410076636F20256442006C666F2017
:10E3A80025640000526563616C6962726174696F0B
:10E3B8006E000000696E2070726F6772657373007B
:10E3C8003420487A00000000333220487A000000E8
:10E3D80032353620487A000073656D69746F6E6552
:10E3E800730000002F6F63746176650025642E2525
:10E3F800303264487A00000025642E253032647378
:10E408000000000025642525000000002B2564007D
:10E418002D302E2530326400302E25303264000035
:10E4280025642E256400000025642E25303364738E
:10E438000000000056434F310000000056434F32A1
:10E44800000000004C617965722055004C617965C7
:10E4580072204C007472696D6D696E67000000006F
:10E468006E657874000000006361726420256400A2
:10E4780063617264202564202D2025642525000011
:10E4880025642E256420487A0000000068696768C2
:10E498002066726571000000504154004D504500DF
:10E4A8006100000061626F7574000000312E302E2B
:10E4B800300000006669726D77617265207265765A
:10E4C80025734200686172647761726520726576AF
:10E4D80031000000424C41434B20434F52504F52B1
:10E4E8004154494F4E20472E4B2E0000414C4C20A2
:10E4F80052494748545320524553455256454400C3
:10E50800323031372D3230323200000061667465A6
:10E5180072746F756368204C000000006166746552
:10E5280072746F756368205500000000526573654A
:10E538007420746F2064656661756C7473000000E4
:10E54800636F6E6669726D20726573657400000092
:10E558006F6B00006172706567676961746F720044
:10E5680073657061726174696F6E0000636F6D6DC1
:10E578006F6E000076656C6F636974790000000047
:10E58800646F6E650000000073657420616C6C2018
:10E598006B6E6F62732F736C696465727300000031
:10E5A800746F206D6178696D756D000073657420F6
:10E5B80063656E74657220646574656E740000002E
:10E5C8006B6E6F62732F736C696465727320746FFE
:10E5D800206D6964646C6500616E64207072657397
:10E5E800730000004441432F4C45442F4741544594
:10E5F800000000004C4544006C6F67696300000030
:10E608004441432F474154452F4C4544207465737A
:10E61800740000004F5343207465737400000000B9
:10E628006F736300636172642564202D2025730075
:10E6380073726300746F2073746172742063616C09
:10E648006962726174696F6E000000006800000002
:10E658002A6D7425640000006D74256400000000B4
:10E668007761726E696E6700796F752061726520D7
:10E67800736176696E6700006F76657220616E005F
:10E688006578697374696E672070726F6772616DFF
:10E6980000000000746F20636F6E6669726D000081
:10E6A80070726F6772616D730000000044656C657D
:10E6B80074650000636F6E6669726D2064656C65D1
:10E6C800746500007363616C6500000077696C6CA9
:10E6D80020626520736176656420696E0000000021
:10E6E80070726F6772616D20256400002825732998
:10E6F8000000000070726F6772616D0074756E695A
:10E708006E6700006D6963726F74756E696E67007D
:10E71800746F0000657869740000000066726F6DA0
:10E72800000000006C6F6164206C61797200000069
:10E73800736869667400000062616E6B0000000017
:10E7480073746E670000000065646974000000005F
:10E758006261636B00000000736176650000000071
:10E76800636E636C000000006C6F61640000000061
:10E7780064656C00636C65617200000072756E0000
:10E788006D6F64776865656C00000000706F6C6180
:10E798007269747900000000706F73697469766536
:10E7A800000000006E65676174697665000000000E
:10E7B8006F6E65206F7220616C6C00006175746FFC
:10E7C80074756E650000000054554E4520414C4C50
:10E7D80020564F494345530054554E4520564F49FE
:10E7E800434520310000000054554E4520564F49FE
:10E7F800434520320000000054554E4520564F49ED
:10E80800434520330000000054554E4520564F49DB
:10E81800434520340000000054554E4520564F49CA
:10E82800434520350000000054554E4520564F49B9
:10E83800434520360000000054554E4520564F49A8
:10E84800434520370000000054554E4520564F4997
:10E858004345203800000000746F2073746172749F
:10E86800206175746F74756E65000000746F207395
:10E878007461727420726574756E65007265736573
:10E888007420666163746F72792062616E6B7300C5
:10E89800746F2072657365742062616E6B7300001B
:10E8A80072657365742073657474696E67730000AC
:10E8B800746F2072657365742073657474696E670C
:10E8C80073000000656E7465720000005245534580
:10E8D800542053455454494E47530000646573749B
:10E8E800696E6174696F6E0070726573657400009B
:10E8F80073637265656E7361766572006E657665C1
:10E908007200000035206D696E7574657300000033
:10E918003130206D696E7574657300003330206D79
:10E92800696E7574657300003120686F7572000038
:10E93800706F74732F736C696465727300000000E4
:10E948006F7363696C6C61746F72730066696C7461
:10E95800657273007265736F6E616E6365000000A7
:10E9680063726F73736D6F640000000063726F737E
:10E97800736D6F64207472696D000000687720748D
:10E988006573740074657374206D6F6465000000AE
:10E99800706974636862656E640000007374617402
:10E9A8006500000074756E696E672070726F67721B
:10E9B800616D000073617665207363616C650000AA
:10E9C80064656C65746520616C6C2070726F677229
:10E9D800616D730073657474696E6773000000007D
:10E9E800524554554E4500004D4944490000000029
:10E9F800564F49434500000054494D45000000006A
:10EA08004152504547474941544F52004D4943529E
:10EA18004F54554E494E470043414C494252415488
:10EA2800494F4E0053435245454E534156455200B7
:10EA3800524553455400000041424F5554000000D0
:10EA480063633734207265706C6163650000000091
:10EA5800434300006D696469000000007069636BDE
:10EA680020757000736C69646572732F6B6E6F62CA
:10EA7800730000006D65726765000000696E73744D
:10EA8800616E740063630000616C6C006F757420C4
:10EA98006368616E6E656C006D7065207069746383
:10EAA8006862656E642072616E6765006C696E00ED
:10EAB80076656C6F6369747920637572766500009A
:10EAC8006C6F67006578700073747970650000007A
:10EAD8006E747970650000006166746572746F7594
:10EAE8006368206375727665000000006D6F647757
:10EAF8006865656C2064657374696E6174696F6EAE
:10EB0800000000006D6F64776865656C20706F6C3D
:10EB180061726974790000006F6666006363207231
:10EB28006563656976650000434337342072657014
:10EB38006C61636500000000257325640000000017
:10EB480073706C697420706F696E7400706F6C7983
:10EB5800206166746572746F756368006D70650016
:10EB68006D696469206F7574000000004D696469FF
:10EB7800000000002564202D202573256400000076
:10EB88006C696E65617200006C6F676172697468A8
:10EB98006D6963006578706F6E656E7469616C008D
:10EBA80061747461636B00006D61782074696D65D0
:10EBB800000000006D696E2074696D65000000003A
:10EBC800646563617900000025646D7300000000CE
:10EBD80061747461636B206D696E00002564730055
:10EBE80061747461636B206D6178000064656361B2
:10EBF80079206D696E0000006465636179206D613C
:10EC08007800000072656C65617365206D696E003F
:10EC180072656C65617365206D61780072657365F6
:10EC2800742074696D65000072656C6561736500B8
:10EC3800766F6963650000006E756D626572206F9E
:10EC48006620766F69636573000000006D697865FA
:10EC5800640000006F7574707574000073706C69DF
:10EC680074000000766F69636573000074657374DF
:10EC78006D6F646500000000746F207265736574C1
:10EC88002074696D6500000076656C6F636974793E
:10EC9800204C000076656C6F63697479205500001C
:10ECA800707265760000000025642A00656D707436
:10ECB80079000000504E4C2A000000002573000027
:10ECC800504E4C006C61796572000000626E6B31C9
:10ECD80000000000626E6B3200000000626E6B3351
:10ECE8000000000066637472000000006C617965C2
:10ECF80072206E756D6265720000000066696C7442
:10ED08006572000063616C6962726174696F6E009C
:10ED180066696C746572202564000000257325649B
:10ED2800202573687A0000006E6F207369676E6132
:10ED38006C0000004F534331000000004F53433232
:10ED4800000000004F5343324C464F0046494C5494
:10ED58004552000031302E333031000031302E3929
:10ED68003133000031312E353632000031322E3247
:10ED78003500000031322E393739000031332E3753
:10ED88003500000031342E353638000031352E3448
:10ED98003334000031362E333532000031372E330C
:10EDA8003234000031382E333534000031392E34F6
:10EDB8003435000032302E363032000032312E38F1
:10EDC8003237000032332E313235000032342E35DE
:10EDD8000000000032352E393537000032372E3525
:10EDE8000000000032392E313335000033302E3820
:10EDF8003638000033322E373034000033342E36A4
:10EE08003438000033362E373038000033382E3887
:10EE18003900000034312E323034000034332E36BD
:10EE28003534000034362E32350000003439000005
:10EE380035312E39313400003535000035382E3261
:10EE48003700000036312E373336000036352E3481
:10EE58003038000036392E323936000037332E3438
:10EE68003136000037372E373800000038322E345C
:10EE78003038000038372E333038000039322E351C
:10EE880000000000393800003130332E38323800A5
:10EE9800313130003131362E353400003132332EE5
:10EEA800343732003133302E383136003133382E92
:10EEB800353932003134362E383332003135352E7B
:10EEC800353600003136342E383136003137342E9D
:10EED8003631360031383500313936003230372E88
:10EEE80036353600323230003233332E30380000B7
:10EEF8003234362E393434003236312E363332003D
:10EF08003237372E313834003239332E3636340022
:10EF18003331312E313200003332392E363332005C
:10EF28003334392E3233320033373000333932003C
:10EF38003431352E33313200343430003436362E05
:10EF4800313600003439332E383838003532332E14
:10EF5800323634003535342E333638003538372ECE
:10EF6800333238003632322E323400003635392EFC
:10EF7800323634003639382E3436340037343000DF
:10EF8800373834003833302E3632340038383000D1
:10EF98003933322E333200003938372E37373600BE
:10EFA800313034362E3532380000000031313038F7
:10EFB8002E37333600000000313137342E363536DF
:10EFC80000000000313234342E3438003133313807
:10EFD8002E35323800000000313339362E393238B8
:10EFE8000000000031343830000000003135363878
:10EFF80000000000313636312E323438000000006F
:10F008003137363000000000313836342E363400BF
:10F01800313937352E35353200000000323039337A
:10F028002E30353600000000323231372E34373278
:10F0380000000000323334392E3331320000000032
:10F04800323438382E393600323633372E303536AA
:10F0580000000000323739332E3835360000000002
:10F0680032393630000000003331333600000000FA
:10F07800333332322E343936000000003335323023
:10F0880000000000333732392E3238003339353139
:10F098002E31303400000000343138362E31313210
:10F0A80000000000343433342E39343400000000BA
:10F0B800343639382E3632340000000034393737C8
:10F0C8002E393200353237342E313132000000000B
:10F0D800353538372E3731320000000035393230B7
:10F0E8000000000036323732000000003636343473
:10F0F8002E3939320000000037303430000000006B
:10F10800373435382E353600373930322C323038EE
:10F1180000000000383337322E323234000000004D
:10F12800383836392E383838000000003933393746
:10F138002E32343800000000393935352E38340085
:10F1480031303534382E3232340000003131313725
:10F15800352E3432340000003131383430000000AC
:10F16800313235343400000031333238392E3938F1
:10F178003400000031343038300000003134393187
:10F18800372E31320000000031353830342E34311A
:10F19800360000004C464F20524154450000000004
:10F1A8004C464F2044454C415900000056434F20DF
:10F1B8004C464F204D4F440056434F20454E562055
:10F1C8004D4F440056434F2050574D204D4F44005B
:10F1D80056434F2043524F53534D4F4400000000B5
:10F1E80056434F322052414E4745000056434F3256
:10F1F8002046494E452054554E450000485046206B
:10F208004355544F46460000564346204355544FF5
:10F2180046460000564346205245534F0000000022
:10F2280056454C4F434954592041000056454C4FD0
:10F23800434954592042000056434620454E562023
:10F248004D4F4400564346204C464F204D4F4400F6
:10F25800454E5631205355535441494E0000000045
:10F26800454E56312052454C45415345000000005B
:10F278004146544552544F55434820410000000030
:10F288004146544552544F5543482042000000001F
:10F29800564346204B455920464F4C4C4F5700008B
:10F2A800564341204C4556454C000000454E5631CA
:10F2B8002041545441434B00454E56312044454368
:10F2C80041590000415250454747494F2052415447
:10F2D80045000000504F5254414D454E544F0000D8
:10F2E8004D41535445522054554E450042414C41DE
:10F2F8004E434500454E56322041545441434B003D
:10F30800454E56322044454341590000454E563239
:10F31800205355535441494E00000000454E563283
:10F328002052454C45415345000000004D4153547F
:10F33800455220564F4C554D45000000312F31366F
:10F3480000000000312F313200000000312F38005A
:10F35800312F3600312F3400312F3300312F320056
:10F3680031780000327800003378000034780000EB
:10F37800367800003878000031327800313678006D
:10F388004300000043230000440000004423000021
:10F398004600000046230000470000004723000005
:10F3A8004100000041230000420000004E4F4E453E
:10F3B800000000004C464F2056434F004C464F205B
:10F3C8005643460050574D00415250205241544533
:10F3D8000000000056434F204D4958004C5046202D
:10F3E8004355544F464600005245534F4E414E43F5
:10F3F80045000000444655204D4F4445000000009C
:10F408004973656E696E20524556257300000000E9
:10F4180000000000F301813CF301013DED82413D14
:10F42800F301813D7042A13DED82C13D69C3E13DDB
:10F43800F301013E3222113E7042213EAE62313E5E
:10F44800ED82413E2BA3513E69C3613EA8E3713E64
:10F458001502813E3412893E5322913E7232993E02
:10F468009142A13EB152A93ED062B13EEF72B93E7F
:10F478000E83C13E2D93C93E4DA3D13E6CB3D93EF8
:10F488008BC3E13EAAD3E93EC9E3F13EE9F3F93E75
:10F498000402013F130A053F2312093F331A0D3FA7
:10F4A8004222113F522A153F6132193F713A1D3FDE
:10F4B8008142213F904A253FA052293FAF5A2D3F14
:10F4C800BF62313FCF6A353FDE72393FEE7A3D3F4A
:10F4D8000E83413F1E8B453F2D93493F3D9B4D3F3A
:10F4E8004DA3513F5CAB553F6CB3593F7BBB5D3F70
:10F4F8008BC3613F9BCB653FAAD3693FBADB6D3FA6
:10F50800C9E3713FD9EB753FE9F3793FF8FB7D3FDC
:10F518000402813F0C06833F130A853F1B0E873F79
:10F528002312893F2B168B3F331A8D3F3A1E8F3F8C
:10F538004222913F4A26933F522A953F5A2E973F9F
:10F548006132993F69369B3F713A9D3F793E9F3FB3
:10F558008942A13F9146A33F994AA53FA04EA73FA4
:10F56800A852A93FB056AB3FB85AAD3FC05EAF3FB7
:10F57800C762B13FCF66B33FD76AB53FDF6EB73FCB
:10F58800E772B93FEE76BB3FF67ABD3FFE7EBF3FDE
:10F598000683C13F0E87C33F158BC53F1D8FC73FED
:10F5A8002593C93F2D97CB3F359BCD3F3C9FCF3F00
:10F5B80044A3D13F4CA7D33F54ABD53F5CAFD73F13
:10F5C80063B3D93F6BB7DB3F73BBDD3F7BBFDF3F27
:10F5D8008BC3E13F93C7E33F9BCBE53FA2CFE73F18
:10F5E800AAD3E93FB2D7EB3FBADBED3FC2DFEF3F2B
:10F5F800C9E3F13FD1E7F33FD9EBF53FE1EFF73F3F
:10F60800E9F3F93FF0F7FB3FF8FBFD3F000000404E
:10F618000000000082A87B3882A8FB3862BE3C3913
:10F6280082A87B3952499D3962BEBC397233DC39B4
:10F6380082A8FB39C98E0D3A52491D3AF0A22F3AD9
:10F64800795D3F3A01184F3A89D25E3A282C713ACF
:10F658005873803A27A0893A6B7D913A3BAA9A3A27
:10F668007F87A23A4EB4AB3A1EE1B43A62BEBC3AC6
:10F6780031EBC53A0118CF3AD044D83A1422E03ACF
:10F68800E44EE93AB37BF23A82A8FB3AA96A023B14
:10F698001101073B78970B3BE02D103B0D6C153B98
:10F6A80075021A3BDD981E3B452F233B726D283BA4
:10F6B800DA032D3B0742323B6FD8363B9C163C3B66
:10F6C80004AD403B31EB453B99814A3BC6BF4F3BBC
:10F6D800F4FD543B213C5A3B89D25E3BB610643B57
:10F6E800E44E693B118D6E3B3ECB733B6C09793B15
:10F6F80099477E3BC616823BDDB5843BF354873B76
:10F708000AF4893B04E78C3B1A868F3B1479923BB9
:10F718002B18953B240B983B3BAA9A3B349D9D3B69
:10F728002E90A03B452FA33B3E22A63B3815A93B74
:10F738003108AC3B2BFBAE3B24EEB13B1EE1B43BA6
:10F7480017D4B73B11C7BA3B0ABABD3BE700C13B68
:10F75800E0F3C33BDAE6C63BB62DCA3BB020CD3B4F
:10F768008C67D03B68AED33B62A1D63B3EE8D93B21
:10F778001B2FDD3BF775E03BD3BCE33BCDAFE63B4E
:10F78800A9F6E93B6891ED3B45D8F03B211FF43BD6
:10F79800FE65F73BDAACFA3B9947FE3B3BC7003CBA
:10F7A8009A94023C0938043C6805063CC8D2073CD8
:10F7B8003676093C96430B3CF5100D3C55DE0E3C65
:10F7C800B4AB103C1479123C7446143CD313163C69
:10F7D800240B183C84D8193CE3A51B3C349D1D3CE4
:10F7E800946A1F3CE561213C3659233C9626253C0A
:10F7F800E71D273C3815293C890C2B3CDA032D3CA6
:10F808002BFB2E3C7CF2303CBE13333C0F0B353CBB
:10F818006002373CA323393CF41A3B3C363C3D3C60
:10F8280087333F3CCA54413C0C76433C4E97453C99
:10F8380091B8473CD3D9493C16FB4B3C581C4E3C2D
:10F848009B3D503CCE88523C11AA543C45F5563C51
:10F858008716593CBB615B3CEFAC5D3C23F85F3CD1
:10F868006519623C9964643CCDAF663CF224693CFE
:10F8780026706B3C5ABB6D3C7F30703CB37B723C4E
:10F88800D8F0743C0C3C773C31B1793C57267C3C31
:10F898007C9B7E3C5188803CE3C2813C76FD823C67
:10F8A8000938843C9487853C27C2863CB211883C41
:10F8B800444C893CD09B8A3C5BEB8B3CE73A8D3CC3
:10F8C800728A8E3CFDD98F3C8929913C1479923CEF
:10F8D80098DD933C232D953CA791963C2BF6973CBD
:10F8E800B745993C3BAA9A3CBF0E9C3C43739D3C50
:10F8F800C0EC9E3C4451A03CC8B5A13C452FA33C5C
:10F90800C993A43C450DA63CC286A73C3F00A93C30
:10F91800BC79AA3C38F3AB3CB56CAD3C32E6AE3CA6
:10F92800A774B03C24EEB13C9A7CB33C0F0BB53CB9
:10F938008C84B63C0113B83C70B6B93CE544BB3C7A
:10F948005BD3BC3CD061BE3C3E05C03CACA8C13CCE
:10F958002237C33C90DAC43CFE7DC63C6C21C83CCF
:10F96800D3D9C93C417DCB3CB020CD3C17D9CE3C46
:10F978007D91D03CE449D23C4B02D43CB2BAD53C50
:10F988001973D73C802BD93CDFF8DA3C46B1DC3C14
:10F99800A67EDE3C064CE03C6519E23CC5E6E33C4D
:10F9A80024B4E53C8481E73CDC63E93C3546EB3C28
:10F9B8009413ED3CEDF5EE3C45D8F03C9DBAF23C95
:10F9C800EEB1F43C4694F63C978BF83CF06DFA3C6B
:10F9D8004165FC3C925CFE3CF129003D1630013D3E
:10F9E800BF2B023DE431033D8C2D043DB133053D71
:10F9F800D639063DFB3F073D9C50083DC156093DA1
:10FA080062670A3D876D0B3D287E0C3DC98E0D3D12
:10FA18006B9F0E3D88BA0F3D29CB103D47E6113D3F
:10FA28006501133D821C143DA037153DBD52163D9E
:10FA38005778173D7593183D0FB9193DA9DE1A3D42
:10FA480043041C3DDC291D3DF3591E3D8D7F1F3DA0
:10FA5800A3AF203DB9DF213DD00F233DE63F243D34
:10FA6800787A253D8FAA263D21E5273DB41F293DFB
:10FA7800475A2A3D569F2B3DE8D92C3DF71E2E3D6F
:10FA880006642F3D15A9303D24EE313D3333333D17
:10FA9800BF82343D4AD2353DD521373D6171383D6D
:10FAA800ECC0393DF41A3B3D7F6A3C3D87C43D3D7F
:10FAB8008E1E3F3D1283403D1ADD413D9E41433D30
:10FAC80022A6443DA60A463D2A6F473D2BDE483D07
:10FAD800AF424A3DAFB14B3DB0204D3D2C9A4E3D13
:10FAE8002D09503DAA82513D26FC523DA375543D37
:10FAF80020EF553D1973573D12F7583D0B7B5A3D82
:10FB080004FF5B3DFD825D3D73115F3DE89F603DF5
:10FB18005E2E623DD3BC633DC555653DB7EE663D7F
:10FB2800A987683D9B206A3D09C46B3DFB5C6D3D20
:10FB380069006F3DD7A3703DC251723D30F5733DEA
:10FB48001AA3753D0551773D6C09793D56B77A3D45
:10FB5800BD6F7C3D24287E3D07EB7F3DB7D1803DBE
:10FB680029B3813D9A94823D4A7B833DBC5C843DA8
:10FB78006C43853D1B2A863D0916873DB9FC873DA8
:10FB8800A7E8883D95D4893DC1C58A3DAFB18B3D75
:10FB9800DBA28C3D46998D3D728A8E3DDC808F3D7F
:10FBA8004777903DB16D913D5969923D0265933D0E
:10FBB800AA60943D535C953D3A5D963D205E973D25
:10FBC800075F983D2C65993D516B9A3D76719B3D39
:10FBD800D97C9C3DFD829D3D9F939E3D029F9F3D0C
:10FBE800A3AFA03D44C0A13DE5D0A23D87E1A33D20
:10FBF80066F7A43D8412A63D6328A73D8143A83D2E
:10FC08009E5EA93DFA7EAA3D179AAB3DB1BFAC3DB9
:10FC18000DE0AD3DA705AF3D412BB03DDB50B13DFB
:10FC2800B37BB23D8BA6B33DA1D6B43D7901B63DB9
:10FC38009031B73DE466B83D399CB93D8DD1BA3DA8
:10FC4800E206BC3D7441BD3D077CBE3DD8BBBF3D0F
:10FC5800A9FBC03D793BC23D8880C33D97C5C43DE3
:10FC6800A60AC63DF354C73D419FC83D8EE9C93D2C
:10FC78001939CB3DA488CC3D6EDDCD3D3832CF3D22
:10FC88000187D03D09E1D13D103BD33D1895D43DC6
:10FC98005EF4D53DE258D73D28B8D83DAC1CDA3DD6
:10FCA8006E86DB3D30F0DC3DF359DE3DF3C8DF3DC9
:10FCB800F437E13DF4A6E23D331BE43DAF94E53D66
:10FCC800EE08E73DA987E83D2601EA3DE17FEB3DE7
:10FCD800DA03ED3D9582EE3DCC0BF03D0395F13D09
:10FCE8003A1EF33D72A7F43D253BF63D9BC9F73D0F
:10FCF8004F5DF93D02F1FA3DF489FC3D2428FE3DB3
:10FD080054C6FF3D42B2003EF983013EB055023E63
:10FD18006727033E5DFE033EB3D2043EA8A9053E15
:10FD28003C83063ED15C073E0439083E3815093E3F
:10FD38006BF1093E3ED00A3EAFB10B3E21930C3E1B
:10FD480092740D3EA3580E3E533F0F3E0326103EBD
:10FD5800520F113EA1F8113E8FE4123E7DD0133EA2
:10FD68006ABC143E97AD153E249C163EEF8F173E95
:10FD7800BA83183E8577193EF06D1A3EF9661B3E28
:10FD880003601C3E0C591D3EB5541E3EFC521F3EDE
:10FD98004451203E2A52213EB055223E3659233E38
:10FDA8005B5F243E8065253E446E263E0877273EED
:10FDB8006B82283E6D90293E6F9E2A3E10AF2B3EE7
:10FDC800B1BF2C3EF2D22D3ED1E82E3EB0FE2F3EE2
:10FDD8002F17313EAD2F323ECB4A333E8868343E32
:10FDE800E388353E3FA9363E9BC9373E35EF383E5E
:10FDF800CF143A3E693A3B3E41653C3E19903D3E40
:10FE0800F1BA3E3E07EB3F3E1E1B413ED34D423EFC
:10FE18008880433EDDB5443ED0ED453EC425473E8F
:10FE28005760483E889D493E59DD4A3E2A1D4C3E52
:10FE38009A5F4D3EA9A44E3E57EC4F3E0534513EC5
:10FE4800527E523E9FC8533E2B18553EB667563ECB
:10FE5800E0B9573EAA0E593E73635A3EDCBA5B3E80
:10FE6800E4145D3E8B715E3ED0D05F3E1630613E3D
:10FE7800FB91623E7FF6633EA25D653EC6C4663E68
:10FE88002731683E889D693E890C6B3E897B6C3EB4
:10FE9800C8EF6D3E06646F3E83DD703E0057723ECC
:10FEA8001CD3733ED751753E91D0763E8B54783E25
:10FEB80084D8793EBB617B3EF2EA7C3EC9767E3EC1
:10FEC8009F02803EDAC9803EB493813EDD5E823E69
:10FED800062A833ECFF7833E97C5843EAF94853E7E
:10FEE8006666863E1D38873E240B883E7ADF883E4C
:10FEF80020B5893E158C8A3E5A648B3EEE3D8C3E79
:10FF0800D2188D3EB6F38D3E39D18E3E0CB08F3E61
:10FF18002E90903E9F71913E1153923E2237933E10
:10FF2800821C943E3203953E31EB953E80D4963E3A
:10FF38001FBF973E0DAB983E4A98993ED7869A3E8A
:10FF480003789B3E2F699C3EAB5B9D3EC6509E3E10
:10FF5800E1459F3E9B3DA03EA436A13EFD30A23E1A
:10FF6800A52CA33E9E29A43EE527A53ECC28A63E67
:10FF7800022BA73E382DA83E0E32A93E3238AA3EA3
:10FF8800F640AB3EBA49AC3E1D55AD3ED061AE3EE3
:10FF9800D26FAF3E247FB03EC58FB13E05A3B23EBF
:10FFA80095B7B33E75CDB43EF3E5B53E72FEB63EA9
:10FFB8008F19B83EFC35B93E0855BA3E6475BB3E4C
:10FFC8000F97BC3E0ABABD3EA4DFBE3E8E06C03EB9
:10FFD800C72EC13E9F59C23EC685C33E3EB3C43EEE
:10FFE80054E3C53EBA14C73E6F47C83EC47CC93EF9
:08FFF80068B3CA3E5BEBCB3E8F
:020000040803EF
:10000000EE25CD3E2063CE3EA1A1CF3E72E1D03E93
:100010009222D23EA167D33EB0ACD43E5EF4D53E30
:10002000AB3ED73E488AD83E34D7D93EC026DB3EC9
:100030009A77DC3E14CBDD3E2D21DF3E9678E03E04
:100040004ED1E13EA52CE33E9C8AE43EE2E9E53E4A
:10005000C74BE73EFBAEE83ECF14EA3E417DEB3EA8
:1000600004E7EC3E6553EE3E16C1EF3EB532F13E7D
:1000700055A4F23EE319F43EC190F53E3D0AF73E29
:100080000A85F83E7502FA3E8082FB3E2905FD3E58
:100090002289FE3EDD07003F79CC003FBC91013F45
:1000A000F758023FDA20033F0CEA033FE5B3043F71
:1000B000B77F053F304C063FA01A073FB8E9073F1E
:1000C00078B9083F2F8B093F355E0A3FE4310B3F7B
:1000D00089070C3FD7DD0C3F1CB60D3F088F0E3F44
:1000E00044690F3FD044103FAB21113FD6FF113F71
:1000F00050DF123F1AC0133F34A2143F9D85153FB5
:10010000FD6A163F0551173F5C38183F0421193F1F
:10011000A20B1A3FE8F61A3F26E41B3FB3D21C3F5E
:100120008FC21D3FBCB31E3F37A61F3F029A203F20
:10013000C58F213FD786223F397F233FEA78243F6E
:10014000EB73253FE370263F2A6F273FC16E283FA0
:100150005070293F2E732A3F5C772B3F807D2C3FC8
:100160004D842D3FB98D2E3FCC972F3FD7A3303FE5
:10017000D9B1313F2BC1323FCCD1333F65E4343F5D
:100180004DF8353F840D373FB324383FD93D393FD3
:100190004F583A3FBC743B3F79923C3F2DB23D3FB4
:1001A00031D33E3F2BF63F3F1E1B413F5F41423F55
:1001B0009869433F2193443F48BF453F18EC463F71
:1001C000861B483F444C493FFA7E4A3FA7B34B3F0A
:1001D0004BEA4C3F3E224E3F295C4F3F0B98503F2D
:1001E000E5D5513F0E15533FD656543FED99553F37
:1001F000FCDE563FAB26583FA86F593F9DBA5A3F89
:1002000089075C3F6D565D3F48A75E3F1AFA5F3F26
:10021000E44E613FA4A5623F5DFE633FB459653F74
:100220005BB6663FA015683F3676693F6AD96A3F7C
:10023000963E6C3FB9A56D3F7C0F6F3F357B703F9D
:10024000E6E8713F8E58733F2ECA743F6C3E763F8E
:10025000A2B4773F772D793F44A87A3F07257C3FAA
:100260006AA47D3FC4257F3FDE54803FD717813F7E
:100270001EDC813F62A1823FA167833F832F843FC1
:100280000EF8843F3BC2853F658D863FDE59873F30
:100290005227883F16F6883F2AC6893F39978A3FFA
:1002A00098698B3F473D8C3F45128D3F92E88D3FCB
:1002B000DBBF8E3FC8988F3FB072903FE84D913FB3
:1002C0006F2A923F4608933F6DE7933FE3C7943F01
:1002D000A8A9953FBD8C963F2271973FD656983F6F
:1002E0002D3E993F81269A3F77109B3FBDFB9B3F58
:1002F00053E89C3F39D69D3FC1C59E3F9AB69F3F6C
:10030000C1A8A03F399CA13F5391A23F1288A33FAF
:10031000CC7FA43F7D79A53F2A74A63F7A70A73F82
:100320006E6EA83FB16DA93F986EAA3F2271AB3F98
:10033000FB74AC3F257AAD3F4581AE3FB589AF3FF9
:10034000C993B03F2C9FB13F86ACB23F30BBB33FA7
:100350007DCBB43F6EDDB53F02F1B63F3A06B83F04
:10036000151DB93F9335BA3FB54FBB3F7B6BBC3FC3
:10037000E388BD3FF0A7BE3F9FC8BF3FF2EAC03F42
:100380003D0FC23F2B35C33FBC5CC43F4486C53FD5
:1003900070B1C63F40DEC73FB30CC93F1D3DCA3FE9
:1003A0007E6FCB3F83A3CC3F2BD9CD3FCB10CF3F2C
:1003B000624AD03F9D85D13FCEC2D23FF701D43FA4
:1003C000C442D53F8885D63F43CAD73FF510D93FB1
:1003D0004B59DA3FECA3DB3F30F0DC3F6C3EDE3FB5
:1003E000F38EDF3F1EE1E03F3F35E23FAC8BE33F62
:1003F00011E4E43F183EE63FBF9AE73F09F9E83FC2
:100400004B59EA3FD8BBEB3FB020ED3F2B87EE3F87
:10041000F2EFEF3F035BF13F0CC8F23F6137F43F6F
:10042000ACA8F53F431CF73FD191F83FAB09FA3F29
:10043000CF83FB3F3F00FD3FFA7EFE3FACFFFF3F17
:1004400055C1004023840140ED470240DD0C0340CC
:10045000F2D20340569A0440B7620540672C06402A
:100460003CF7064061C3074082900840F25E0940B5
:10047000882E0A406DFF0A40A2D10B40D3A40C4045
:100480007D790D404C4F0E406C260F40B0FE0F4062
:1004900045D8104029B311405C8F1240DF6C1340E7
:1004A000B24B1440AA2B15401B0D1640DDEF164031
:1004B000EDD317404EB91840FD9F194027881A40C8
:1004C0009F711B40685C1C40AA481D403B361E4083
:1004D00046251F40A015204074072140C2FA214044
:1004E0005FEF224075E5234005DD24400FD625400F
:1004F00091D026408ECC274004CA2840C9C8294044
:1005000032C92A403ECB2B409ACE2C4099D32D4065
:1005100012DA2E402EE22F40C4EB3040D3F63140A9
:1005200086033340DC113440D52135404833364012
:100530005F463740185B38407671394076893A40DB
:10054000F0A23B4038BE3C404DDB3D40DBF93E4035
:100550000D1A40400C3C4140D95F42404985434020
:100560005CAC44403DD54540EBFF46403D2C484007
:100570005C5A4940488A4A4002BC4B4089EF4C4093
:10058000B3244E40D55B4F40C4945040ABCF514054
:10059000350C5340B64A54402F8B554075CD5640CC
:1005A0008811584093575940959F5A4064E95B40E1
:1005B00054355D4012835E40C8D25F407424614070
:1005C00042786240DDCD63409A2565404E7F6640AB
:1005D00023DB6740EF386940DD986A40C2FA6B4020
:1005E000C85E6D40C6C46E400E2D70404E9771407F
:1005F000DA0373405C7274402AE375401956774001
:1006000029CB784085427A4002BC7B40A0377D40B0
:1006100089B57E40DF1A804000009C00F2002C016A
:1006200058017B019801B001C601D801E901F80128
:10063000060212021E02290233023C0245024D024A
:1006400055025C0263026902700276027C0281023A
:1006500086028B029002950299029E02A202A602D5
:10066000AA02AE02B202B502B902BC02BF02C302C4
:10067000C602C902CC02CF02D202D402D702DA02E9
:10068000DC02DF02E102E402E602E802EB02ED0234
:10069000EF02F102F302F502F702F902FB02FD029A
:1006A000FF02010303030403060308030A030B0309
:1006B0000D030F031003120313031503160318038E
:1006C00019031B031C031D031F0320032203230321
:1006D000240326032703280329032B032C032D03BC
:1006E0002E032F0330033203330334033503360361
:1006F0003703380339033A033B033C033D033E030E
:100700003F034003410342034303440345034603BD
:100710004703480349034A034A034B034C034D0371
:100720004E034F035003500351035203530354032A
:1007300054035503560357035803580359035A03E8
:100740005B035B035C035D035D035E035F036003A8
:10075000600361036203620363036403640365036C
:1007600066036603670367036803690369036A0333
:100770006B036B036C036C036D036E036E036F03FB
:100780006F037003700371037203720373037303C7
:100790007403740375037503760377037703780393
:1007A0007803790379037A037A037B037B037C0361
:1007B0007C037D037D037E037E037F037F03800331
:1007C0008003800381038103820382038303830305
:1007D00084038403850385038503860386038703D7
:1007E0008703880388038803890389038A038A03AC
:1007F0008B038B038B038C038C038D038D038D0381
:100800008E038E038F038F038F0390039003910356
:10081000910391039203920392039303930394032E
:100820009403940395039503950396039603960307
:1008300097039703970398039803990399039903E0
:100840009A039A039A039B039B039B039C039C03B9
:100850009C039D039D039D039D039E039E039E0396
:100860009F039F039F03A003A003A003A103A10371
:10087000A103A203A203A203A203A303A303A3034E
:10088000A403A403A403A503A503A503A503A6032A
:10089000A603A603A703A703A703A703A803A80308
:1008A000A803A803A903A903A903AA03AA03AA03E7
:1008B000AA03AB03AB03AB03AB03AC03AC03AC03C6
:1008C000AD03AD03AD03AD03AE03AE03AE03AE03A4
:1008D000AF03AF03AF03AF03B003B003B003B00384
:1008E000B103B103B103B103B203B203B203B20364
:1008F000B203B303B303B303B303B403B403B40346
:10090000B403B503B503B503B503B603B603B60325
:10091000B603B603B703B703B703B703B803B80307
:10092000B803B803B803B903B903B903B903BA03E9
:10093000BA03BA03BA03BA03BB03BB03BB03BB03CB
:10094000BB03BC03BC03BC03BC03BC03BD03BD03AE
:10095000BD03BD03BD03BE03BE03BE03BE03BE0392
:10096000BF03BF03BF03BF03BF03C003C003C00374
:10097000C003C003C103C103C103C103C103C20358
:10098000C203C203C203C203C303C303C303C3033B
:10099000C303C303C403C403C403C403C403C50320
:1009A000C503C503C503C503C503C603C603C60304
:1009B000C603C603C603C703C703C703C703C703EA
:1009C000C803C803C803C803C803C803C903C903CD
:1009D000C903C903C903C903CA03CA03CA03CA03B3
:1009E000CA03CA03CB03CB03CB03CB03CB03CB0399
:1009F000CC03CC03CC03CC03CC03CC03CC03CD037E
:100A0000CD03CD03CD03CD03CD03CE03CE03CE0363
:100A1000CE03CE03CE03CF03CF03CF03CF03CF0349
:100A2000CF03CF03D003D003D003D003D003D00330
:100A3000D003D103D103D103D103D103D103D20316
:100A4000D203D203D203D203D203D203D303D303FC
:100A5000D303D303D303D303D303D403D403D403E3
:100A6000D403D403D403D403D503D503D503D503CA
:100A7000D503D503D503D503D603D603D603D603B2
:100A8000D603D603D603D703D703D703D703D70399
:100A9000D703D703D703D803D803D803D803D80381
:100AA000D803D803D903D903D903D903D903D90368
:100AB000D903D903DA03DA03DA03DA03DA03DA0350
:100AC000DA03DA03DB03DB03DB03DB03DB03DB0338
:100AD000DB03DB03DC03DC03DC03DC03DC03DC0320
:100AE000DC03DC03DD03DD03DD03DD03DD03DD0308
:100AF000DD03DD03DD03DE03DE03DE03DE03DE03F1
:100B0000DE03DE03DE03DF03DF03DF03DF03DF03D8
:100B1000DF03DF03DF03DF03E003E003E003E003C1
:100B2000E003E003E003E003E003E103E103E103AA
:100B3000E103E103E103E103E103E103E203E20393
:100B4000E203E203E203E203E203E203E203E3037C
:100B5000E303E303E303E303E303E303E303E30365
:100B6000E403E403E403E403E403E403E403E4034D
:100B7000E403E403E503E503E503E503E503E50337
:100B8000E503E503E503E503E603E603E603E60321
:100B9000E603E603E603E603E603E703E703E7030A
:100BA000E703E703E703E703E703E703E703E703F5
:100BB000E803E803E803E803E803E803E803E803DD
:100BC000E803E803E903E903E903E903E903E903C7
:100BD000E903E903E903E903EA03EA03EA03EA03B1
:100BE000EA03EA03EA03EA03EA03EA03EA03EB039C
:100BF000EB03EB03EB03EB03EB03EB03EB03EB0385
:100C0000EB03EB03EC03EC03EC03EC03EC03EC036E
:100C1000EC03EC03EC03EC03EC03ED03ED03ED0359
:100C2000ED03ED03ED03ED03ED03ED03ED03ED0344
:100C3000EE03EE03EE03EE03EE03EE03EE03EE032C
:100C4000EE03EE03EE03EE03EF03EF03EF03EF0318
:100C5000EF03EF03EF03EF03EF03EF03EF03EF0304
:100C6000F003F003F003F003F003F003F003F003EC
:100C7000F003F003F003F003F103F103F103F103D8
:100C8000F103F103F103F103F103F103F103F103C4
:100C9000F203F203F203F203F203F203F203F203AC
:100CA000F203F203F203F203F203F303F303F30399
:100CB000F303F303F303F303F303F303F303F30384
:100CC000F303F403F403F403F403F403F403F4036D
:100CD000F403F403F403F403F403F403F403F5035B
:100CE000F503F503F503F503F503F503F503F50344
:100CF000F503F503F503F503F603F603F603F60330
:100D0000F603F603F603F603F603F603F603F6031B
:100D1000F603F603F703F703F703F703F703F70305
:100D2000F703F703F703F703F703F703F703F703F3
:100D3000F803F803F803F803F803F803F803F803DB
:100D4000F803F803F803F803F803F803F903F903C9
:100D5000F903F903F903F903F903F903F903F903B3
:100D6000F903F903F903F903FA03FA03FA03FA039F
:100D7000FA03FA03FA03FA03FA03FA03FA03FA038B
:100D8000FA03FA03FA03FB03FB03FB03FB03FB0376
:100D9000FB03FB03FB03FB03FB03FB03FB03FB0363
:100DA000FB03FB03FC03FC03FC03FC03FC03FC034D
:100DB000FC03FC03FC03FC03FC03FC03FC03FC033B
:100DC000FC03FC03FD03FD03FD03FD03FD03FD0325
:100DD000FD03FD03FD03FD03FD03FD03FD03FD0313
:100DE000FD03FD03FE03FE03FE03FE03FE03FE03FD
:100DF000FE03FE03FE03FE03FE03FE03FE03FE03EB
:100E0000FE03FE03FF03FF03FF03FF03FF03FF03D4
:100E1000FF03FF03FF03FF03000069029102A90221
:100E2000BA02C702D202DB02E302E902F002F502D3
:100E3000FA02FF02030307030B030F031203150358
:100E400018031B031E0320032303250328032A037F
:100E50002C032E03300332033403360337033903E4
:100E60003B033C033E033F0341034203440345036A
:100E70004603480349034A034C034D034E034F0303
:100E800050035103520354035503560357035803A9
:100E900059035A035B035C035C035D035E035F035A
:100EA0006003610362036303630364036503660312
:100EB00067036703680369036A036A036B036C03D0
:100EC0006C036D036E036E036F0370037003710395
:100ED000720372037303740374037503750376035B
:100EE0007703770378037803790379037A037B0325
:100EF0007B037C037C037D037D037E037E037F03F2
:100F00007F038003800381038103820382038303C1
:100F10008303840384038503850386038603860392
:100F20008703870388038803890389038A038A0365
:100F30008A038B038B038C038C038C038D038D033B
:100F40008E038E038E038F038F0390039003900311
:100F500091039103910392039203930393039303E9
:100F600094039403940395039503950396039603C2
:100F7000960397039703970398039803980399039D
:100F8000990399039A039A039A039B039B039B0378
:100F90009C039C039C039D039D039D039D039E0353
:100FA0009E039E039F039F039F03A003A003A00330
:100FB000A003A103A103A103A203A203A203A2030E
:100FC000A303A303A303A403A403A403A403A503EB
:100FD000A503A503A503A603A603A603A603A703CB
:100FE000A703A703A703A803A803A803A803A903AB
:100FF000A903A903A903AA03AA03AA03AA03AB038B
:10100000AB03AB03AB03AC03AC03AC03AC03AD036A
:10101000AD03AD03AD03AE03AE03AE03AE03AE034B
:10102000AF03AF03AF03AF03B003B003B003B0032C
:10103000B003B103B103B103B103B203B203B2030E
:10104000B203B203B303B303B303B303B303B403F1
:10105000B403B403B403B403B503B503B503B503D4
:10106000B503B603B603B603B603B603B703B703B7
:10107000B703B703B703B803B803B803B803B8039B
:10108000B903B903B903B903B903BA03BA03BA037D
:10109000BA03BA03BA03BB03BB03BB03BB03BB0363
:1010A000BC03BC03BC03BC03BC03BC03BD03BD0346
:1010B000BD03BD03BD03BE03BE03BE03BE03BE032B
:1010C000BE03BF03BF03BF03BF03BF03BF03C00310
:1010D000C003C003C003C003C003C103C103C103F5
:1010E000C103C103C103C203C203C203C203C203DB
:1010F000C203C303C303C303C303C303C303C403C0
:10110000C403C403C403C403C403C403C503C503A5
:10111000C503C503C503C503C603C603C603C6038B
:10112000C603C603C603C703C703C703C703C70372
:10113000C703C703C803C803C803C803C803C80359
:10114000C903C903C903C903C903C903C903CA033E
:10115000CA03CA03CA03CA03CA03CA03CB03CB0325
:10116000CB03CB03CB03CB03CB03CB03CC03CC030D
:10117000CC03CC03CC03CC03CC03CD03CD03CD03F4
:10118000CD03CD03CD03CD03CE03CE03CE03CE03DB
:10119000CE03CE03CE03CE03CF03CF03CF03CF03C3
:1011A000CF03CF03CF03CF03D003D003D003D003AB
:1011B000D003D003D003D103D103D103D103D10392
:1011C000D103D103D103D203D203D203D203D2037A
:1011D000D203D203D203D303D303D303D303D30362
:1011E000D303D303D303D303D403D403D403D4034B
:1011F000D403D403D403D403D503D503D503D50333
:10120000D503D503D503D503D503D603D603D6031B
:10121000D603D603D603D603D603D703D703D70303
:10122000D703D703D703D703D703D703D803D803EC
:10123000D803D803D803D803D803D803D803D903D5
:10124000D903D903D903D903D903D903D903D903BE
:10125000DA03DA03DA03DA03DA03DA03DA03DA03A6
:10126000DA03DA03DB03DB03DB03DB03DB03DB0390
:10127000DB03DB03DB03DC03DC03DC03DC03DC0379
:10128000DC03DC03DC03DC03DC03DD03DD03DD0363
:10129000DD03DD03DD03DD03DD03DD03DE03DE034C
:1012A000DE03DE03DE03DE03DE03DE03DE03DE0336
:1012B000DF03DF03DF03DF03DF03DF03DF03DF031E
:1012C000DF03DF03E003E003E003E003E003E00308
:1012D000E003E003E003E003E003E103E103E103F3
:1012E000E103E103E103E103E103E103E103E203DD
:1012F000E203E203E203E203E203E203E203E203C6
:10130000E203E203E303E303E303E303E303E303AF
:10131000E303E303E303E303E303E403E403E4039A
:10132000E403E403E403E403E403E403E403E40385
:10133000E503E503E503E503E503E503E503E5036D
:10134000E503E503E503E603E603E603E603E60358
:10135000E603E603E603E603E603E603E703E70343
:10136000E703E703E703E703E703E703E703E7032D
:10137000E703E703E803E803E803E803E803E80317
:10138000E803E803E803E803E803E803E903E90303
:10139000E903E903E903E903E903E903E903E903ED
:1013A000E903E903EA03EA03EA03EA03EA03EA03D7
:1013B000EA03EA03EA03EA03EA03EA03EB03EB03C3
:1013C000EB03EB03EB03EB03EB03EB03EB03EB03AD
:1013D000EB03EB03EC03EC03EC03EC03EC03EC0397
:1013E000EC03EC03EC03EC03EC03EC03EC03ED0384
:1013F000ED03ED03ED03ED03ED03ED03ED03ED036D
:10140000ED03ED03ED03ED03EE03EE03EE03EE0358
:10141000EE03EE03EE03EE03EE03EE03EE03EE0344
:10142000EE03EF03EF03EF03EF03EF03EF03EF032D
:10143000EF03EF03EF03EF03EF03EF03F003F0031A
:10144000F003F003F003F003F003F003F003F00304
:10145000F003F003F003F103F103F103F103F103EF
:10146000F103F103F103F103F103F103F103F103DC
:10147000F103F203F203F203F203F203F203F203C5
:10148000F203F203F203F203F203F203F203F303B3
:10149000F303F303F303F303F303F303F303F3039C
:1014A000F303F303F303F303F303F403F403F40389
:1014B000F403F403F403F403F403F403F403F40374
:1014C000F403F403F403F403F503F503F503F50360
:1014D000F503F503F503F503F503F503F503F5034C
:1014E000F503F503F503F603F603F603F603F60337
:1014F000F603F603F603F603F603F603F603F60324
:10150000F603F703F703F703F703F703F703F7030C
:10151000F703F703F703F703F703F703F703F703FB
:10152000F703F803F803F803F803F803F803F803E4
:10153000F803F803F803F803F803F803F803F803D3
:10154000F903F903F903F903F903F903F903F903BB
:10155000F903F903F903F903F903F903F903F903AB
:10156000FA03FA03FA03FA03FA03FA03FA03FA0393
:10157000FA03FA03FA03FA03FA03FA03FA03FA0383
:10158000FB03FB03FB03FB03FB03FB03FB03FB036B
:10159000FB03FB03FB03FB03FB03FB03FB03FB035B
:1015A000FC03FC03FC03FC03FC03FC03FC03FC0343
:1015B000FC03FC03FC03FC03FC03FC03FC03FC0333
:1015C000FC03FD03FD03FD03FD03FD03FD03FD031C
:1015D000FD03FD03FD03FD03FD03FD03FD03FD030B
:1015E000FD03FD03FE03FE03FE03FE03FE03FE03F5
:1015F000FE03FE03FE03FE03FE03FE03FE03FE03E3
:10160000FE03FE03FE03FF03FF03FF03FF03FF03CD
:10161000FF03FF03FF03FF0305080E0F101112283D
:10162000292A2B2C2D2E2F303738393A3B3C3D3E82
:101630004142434445464748490000006E6F206ED2
:10164000616D6500286E756C6C2900009A99193FD0
:101650008FC2753DA69BC43B52491D3A82A87B3878
:101660009C53C936B00F2135010101020203030466
:1016700004050506060707080809090A0A0B0B0CEA
:101680000C0D0D0E0E0F0F1010111112121313145A
:1016900014151516161717181819191A1A1B1B1CCA
:1016A0001C1D1E1E1F202021222324252628292B15
:1016B0002C2E2F3132343537383A3B3D3E404143B2
:1016C000444647494A4C4D4F505253555658595B22
:1016D0005C5E5F6162646567686A6B6D6E70717392
:1016E000747677797A7C7D7F010102030405060711
:1016F00008090A0B0C0D0E0F1011121314151617F2
:1017000018191A1B1C1D1E1F2021222324252627E1
:1017100028292A2B2C2D2E2F3031323334353637D1
:1017200038393A3B3C3D3E3F4041424344454647C1
:1017300048494A4B4C4D4E4F5051525354555657B1
:1017400058595A5B5C5D5E5F6061626364656667A1
:1017500068696A6B6C6D6E6F707172737475767791
:1017600078797A7B7C7D7E7F010103050608090B71
:101770000C0E0F1112141517181A1B1D1E202123F1
:10178000242627292A2C2D2F303233353638393B61
:101790003C3E3F4142444547484A4B4D4E505153D1
:1017A000545657595A5B5C5D5E5F5F60616162636E
:1017B000636464656566666767686869696A6A6BB9
:1017C0006B6C6C6D6D6E6E6F6F7070717172727329
:1017D000737474757576767777787879797A7A7B99
:1017E0007B7C7C7D7D7E7E7F090A0B0C0E0F1112A7
:1017F000141517181A1B1C1D1E1F21222324252611
:101800002728292A2B2B2C2D2E2E2F303031313208
:101810003233333334343535353636363737373877
:101820003838393939393A3A3B3B3B3C3C3C3C3D12
:101830003E3E3E3E3F3F3F3F4040404141424243AB
:10184000434344454647494A4C4E50515355575AD5
:101850005C5D5F6163656668696B6C6E6F71737404
:101860007677797A7B7D7F7F01010101010101019A
:101870000202020202030303030304040404040536
:101880000505050506060606060707080809090AEC
:101890000B0D0E111315181A1C1F212325282A2C95
:1018A0002F313336383A3C3F414346484A4D4F5139
:1018B0005356585A5D5F616466686A6D6F717374E0
:1018C0007576767777787879797979797A7A7A7A94
:1018D0007A7B7B7B7B7B7C7C7C7C7C7D7D7D7D7D4A
:1018E0007E7E7E7E7E7F7F7F0006101600061016AD
:1018F00001808080808080800480808080808080E3
:1019000008808080808080801080808080808080BF
:1019100020808080808080804000000000040810CB
:1019200020400000020408102040000041554449B6
:101930004F20436F6E6669670000000041554449BF
:101940004F20496E7465726661636500426C616325
:101950006B20436F72706F726174696F6E0000006C
:101960004953454E494E000000020102494E4600CF
:10197000696E66004E414E006E616E00300030317F
:1019800032333435363738394142434445460030E6
:101990003132333435363738396162636465660015
:1019A000496E66696E697479004E614E00000000F0
:1019B0000080E03779C34143176E05B5B5B893464B
:1019C000F5F93FE9034F384D321D30F94877825A17
:1019D0003CBF737FDD4F1575000000000000F03F35
:1019E00000000000000024400000000000005940FA
:1019F0000000000000408F40000000000088C3404D
:101A000000000000006AF8400000000080842E41C1
:101A100000000000D01263410000000084D797410D
:101A20000000000065CDCD41000000205FA0024213
:101A3000000000E876483742000000A2941A6D4288
:101A4000000040E59C30A2420000901EC4BCD6427B
:101A500000003426F56B0C430080E03779C3414326
:101A600000A0D8855734764300C84E676DC1AB439C
:101A7000003D9160E458E143408CB5781DAF1544BA
:101A800050EFE2D6E41A4B4492D54D06CFF0804495
:101A9000F64AE1C7022DB544B49DD9794378EA44AA
:101AA00005000000190000007D000000232D302BF0
:101AB0002000686C4C00656667454647004300504F
:101AC0004F534958002E00002020202020202020A5
:101AD00020282828282820202020202020202020DE
:101AE00020202020202020208810101010101010FE
:101AF0001010101010101010040404040404040446
:101B000004041010101010101041414141414101D6
:101B100001010101010101010101010101010101B5
:101B200001010110101010101042424242424202C4
:101B30000202020202020202020202020202020285
:101B4000020202101010102000000000000000002F
:101B50000000000000000000000000000000000085
:101B60000000000000000000000000000000000075
:101B70000000000000000000000000000000000065
:101B80000000000000000000000000000000000055
:101B90000000000000000000000000000000000045
:101BA0000000000000000000000000000000000035
:101BB0000000000000000000000000000000000025
:101BC0000000000000000000706F770000000000BF
:101BD000000000000000F03F000000000000F83F9F
:101BE00000000000000000000000004003B8E23FD9
:101BF000000000000000000006D0CF43EBFD4C3E8B
:101C0000000000000000304300000000000030C36E
:081C1000CCE9FC7F010000009B
:041C1800C5020008F9
:041C1C00A102000819
:101C20000090D0030090D0030000000000000000EE
:101C3000FFFF0000000000000000000000000000A6
:101C40000000000001000000000000000000FFFF95
:101C50000000000000000000FFFF00000000000086
:101C6000000003000000000000000000040000006D
:101C7000000000000000050000000000000000005F
:101C8000FFFF0000000000000000FFFF0000000058
:101C90000000000008010000000000000000090131
:101CA00000000000000000000A0100000000000029
:101CB0000000060000000000000000000700000017
:101CC000000000000000080000000000000000000C
:101CD000090000000000000000000A0000000000F1
:101CE000000000000B0000000000000000000C00DD
:101CF00000000000000000000D00000000000000D7
:101D000000000E0000000000000000000F000000B6
:101D1000000000000000FFFF0000000000000000C5
:101D20001000000000000000000011000000000092
:101D3000000000001200000000000000000013007E
:101D4000000000000000000014000000000000007F
:101D50000000150000000000000000001600000058
:101D60000000000000000200FFFFFFFFFFFFFFFF79
:101D7000FFFFFFFFFFFFFFFFFFFFFFFFFFFFFFFF73
:101D8000000080BF000080BF000080BF000080BF57
:101D9000000080BF000080BF000080BF000080BF47
:101DA00008000000FB6FB269C3632A5EE158E45388
:101DB0002F4F7A95168D2B85B27DA476FB6FB26975
:101DC000C3632A5EE158E4532F4F7A95168D2B8515
:101DD000B27DA476FB6FB269C3632A5EE158E45317
:101DE0002F4F7A95168D2B85B27DA476FB6FB26945
:101DF000C3632A5EE158E4532F4F7A95168D2B85E5
:101E0000B27DA476FB6FB269C3632A5EE158E453E6
:101E10002F4F7A95168D2B85B27DA476FB6FB26914
:101E2000C3632A5EE158E4532F4F7A95168D2B85B4
:101E3000B27DA476FB6FB269C3632A5EE158E453B6
:101E40002F4F7A95168D2B85B27DA476FB6FB269E4
:101E5000C3632A5EE158E4532F4F7A95168D2B8584
:101E6000B27DA476FB6FB269C3632A5EE158E45386
:101E70002F4FBD4A8B469642D93E523B000100018E
:101E800000010001000100010001800080008000CD
:101E90008000800080008000800080008000800042
:101EA00080004000400040004000400040004000F2
:101EB0004000400040004000400020002000200082
:101EC0002000200020002000200020002000200012
:101ED0002000100010001000100010001000100072
:101EE000100010001000100010000800080008008A
:101EF00008000800080008000800080008000800A2
:101F000008000400040004000400040004000400AD
:101F100004000400040004000400020002000200A7
:101F200002000200020002000200020002000200A1
:101F30000200010001000100010001000100010098
:101F40000100010001000100010001000100010089
:101F500001000100021512034000000088AD0208D4
:101F6000010E0C021D000000C897020800070601C0
:101F70000800000088DD02080000000000000000EA
:101F80000000000000000000000000000000000051
:101F90000000000000000000000000000000000041
:101FA0000000000000000000000000000000000031
:101FB0000000000000000000000000000000000021
:101FC0000000000000000000000000000000000011
:101FD0000000000000000000000000000000000001
:101FE00000000000000000000000000000000000F1
:101FF00000000000000000000000000000000000E1
:1020000000000000000000000000000000000000D0
:1020100000000000000000000000000000000000C0
:102020000000000000000000000000000000FEFEB4
:10203000FEFEFEFEFEFEFEFEFEFEFEFEFEFEFEFEC0
:10204000FE00000000000000000000000000000092
:102050000000000000000000000000000000000080
:102060000000000000000000000000000000000070
:102070000000000000000000000000000000000060
:102080000000000000000000000000000000000050
:10209000000000000000000000003F3F3F3F3F3FC6
:1020A0003F3F3F3F3F3F3F3F3F3F3F3F3F3FFFFFC0
:1020B000FFFFFFFFFFFFFFFFFFFFFFFFFFFFFFFF30
:1020C000FF3F3F3F3F3F3F3F3F3F3F3F3F3F3F3F60
:1020D0003F3F3F3F3F0000000000000000000000C5
:1020E00000000000000000000000000000000000F0
:1020F00000000000000000000000000000000000E0
:1021000000000000000000000000000000000000CF
:1021100000000000000000000000000000000000BF
:1021200000000000000000000000000000001F1F71
:102130001F1F1F1F1F1F1F1F1F1F1F1F1F1F1F1FAF
:102140001F00000000000000000000000000000070
:10215000000000000000000000000000000000007F
:10216000000000000000000000000000000000006F
:10217000000000000000000000000000000000005F
:10218000000000000000000000000000000000004F
:10219000000000000000000000000000000000003F
:1021A00000000000000000000000000000000080AF
:1021B000C0E0F0F0F8F8F8F8F8F8F8F0F0E0C080D7
:1021C000000000000000000000000000000000000F
:1021D00000000000000000000000000000000000FF
:1021E00000000000000000000000000000000000EF
:1021F00000000000000000000000000000000000DF
:1022000000000000000000000000000000000000CE
:1022100000000000000000000000FCFCFCFCFCFCD6
:10222000FCFCFCFCFCFCFCFCFCFCFCFCFCFCFFFFE8
:10223000FFFFFFFFFFFFFFFFFFFFFFFFFFFFFFFFAE
:10224000FFFCFCFCFCFCFCFCFCFCFCFCFCFCFCFCCB
:10225000FCFCFCFCFC000000000000000000000092
:10226000000000000000000000000000000000006E
:10227000000000000000000000000000000000005E
:10228000000000000000000000000000000000004E
:102290000000000000000000000001010101010138
:1022A0000101010101010101010101010101070F0A
:1022B0001F3F7F7FFFFFFFFFFFFFFF7F7F3F1F0F5E
:1022C00007010101010101010101010101010101F8
:1022D00001010101010000000000000000000000F9
:1022E00000000000000000000000000000000000EE
:1022F00000000000000000000000000000000000DE
:1023000000000000000000000000000000000000CD
:1023100000000000000000000000000000000000BD
:1023200000000000000000000000000000000000AD
:10233000000000000000000000000000000000009D
:10234000000000000000000000000000000000008D
:10235000000000000000000000000000000000007D
:10236000000000000000000000000000000000006D
:102370000000000000000000A933002444F302081C
:102380004CF3020854F3020858F302085CF3020805
:1023900060F3020864F3020868F302086CF30208B1
:1023A00070F3020874F3020878F302087CF3020861
:1023B00080F3020884F30208040404043CED0208DC
:1023C00044ED02084CED020854ED0208B4F3020893
:1023D0009CF10208BCF30208C4F30208CCF3020823
:1023E000DCF10208D0F30208DCF3020804F2020870
:1023F000E4F30208F0F30208A8F20208FCED020878
:1024000004EE02080CEE020814EE02081CEE0208AC
:1024100024EE02082CEE020834EE020838EE020820
:1024200040EE020844EE02084CEE020854EE0208A8
:102430005CEE020864EE02086CEE020874EE02081C
:102440007CEE020884EE02088CEE020890EE020890
:1024500098EE02089CEE0208A4EE0208ACEE020818
:10246000B4EE0208BCEE0208C4EE0208CCEE02088C
:10247000D4EE0208DCEE0208E0EE0208E4EE020808
:10248000ECEE0208F0EE0208F8EE020800EF020897
:1024900008EF020810EF020818EF020820EF020808
:1024A00028EF020830EF020834EF020838EF020884
:1024B00040EF020844EF02084CEF020854EF020814
:1024C0005CEF020864EF02086CEF020874EF020888
:1024D0007CEF020884EF020888EF02088CEF020804
:1024E00094EF020898EF0208A0EF0208A8EF020894
:1024F000B4EF0208C0EF0208CCEF0208D4EF0208E4
:10250000E0EF0208ECEF0208F4EF0208FCEF02082B
:1025100008F0020810F0020818F0020824F002087F
:1025200030F002083CF0020848F0020850F00208BF
:102530005CF0020868F0020870F0020878F0020807
:1025400084F002088CF0020894F00208A0F002085F
:10255000ACF00208B8F00208C4F00208CCF002089F
:10256000D8F00208E4F00208ECF00208F4F00208E7
:1025700000F1020808F1020810F102081CF102083B
:1025800028F1020834F1020840F1020848F102087B
:1025900054F1020860F1020868F1020870F10208C3
:1025A0007CF1020884F1020890F102085CED020857
:1025B00064ED02086CED020874ED02087CED02087F
:1025C00084ED02088CED020894ED02089CED0208EF
:1025D000A4ED0208ACED0208B4ED0208BCED02085F
:1025E000C4ED0208CCED0208D4ED0208DCED0208CF
:1025F000E4ED0208ECED0208F4ED0208FCED02083F
:1026000004EE02080CEE020814EE02081CEE0208AA
:1026100024EE02082CEE020834EE020838EE02081E
:1026200040EE020844EE02084CEE020854EE0208A6
:102630005CEE020864EE02086CEE020874EE02081A
:102640007CEE020884EE02088CEE020890EE02088E
:1026500098EE02089CEE0208A4EE0208ACEE020816
:10266000B4EE0208BCEE0208C4EE0208CCEE02088A
:10267000D4EE0208DCEE0208E0EE0208E4EE020806
:10268000ECEE0208F0EE0208F8EE020800EF020895
:1026900008EF020810EF020818EF020820EF020806
:1026A00028EF020830EF020834EF020838EF020882
:1026B00040EF020844EF02084CEF020854EF020812
:1026C0005CEF020864EF02086CEF020874EF020886
:1026D0007CEF020884EF020888EF02088CEF020802
:1026E00094EF020898EF0208A0EF0208A8EF020892
:1026F000B4EF0208C0EF0208CCEF0208D4EF0208E2
:10270000E0EF0208ECEF0208F4EF0208FCEF020829
:1027100008F0020810F0020818F0020824F002087D
:1027200030F002083CF0020848F0020850F00208BD
:102730005CF0020868F0020870F0020878F0020805
:1027400084F002088CF0020894F00208A0F002085D
:10275000ACF00208B8F00208C4F00208CCF002089D
:10276000D8F00208E4F00208ECF00208F4F00208E5
:1027700000F1020808F1020810F102081CF1020839
:1027800028F1020834F1020840F1020848F1020879
:1027900054F1020860F1020868F1020870F10208C1
:1027A0007CF1020884F1020890F1020804000000A4
:1027B0009CF10208A8F10208B4F10208C0F1020875
:1027C000CCF10208D8F10208E8F10208F4F102089D
:1027D00004F2020810F202081CF20208E0F30208F8
:1027E00028F2020834F2020840F202084CF2020811
:1027F00058F2020868F2020878F2020888F2020829
:1028000098F20208A8F20208B4F20208C0F2020824
:10281000CCF20208DCF20208E8F20208F4F2020844
:10282000FCF2020808F3020814F3020824F3020879
:1028300034F3020888F302088CF3020890F30208CC
:1028400094F30208FCE9020898F302089CF30208DA
:10285000A0F30208A4F30208A8F30208ACF30208EC
:10286000B0F30208010001004000200018181818F9
:1028700018181818181818187E3C7E7E7E7E7E7EEA
:102880007E7E7E3C18181818181818181818181872
:1028900004FF000000020C021902250232023E026F
:1028A0004B025702630270027C0288029402A0026B
:1028B000AC02B802C302CF02DA02E502F102FC0266
:1028C000060311031C03260330033A0344034E039B
:1028D00057036003690372037A0383038B03930333
:1028E0009A03A203A903B003B603BD03C303C8033D
:1028F000CE03D303D803DD03E103E503E903EC03CF
:10290000F003F303F503F703F903FB03FD03FE03F1
:10291000FE03FF03FF03FF03FE03FE03FD03FB03B0
:10292000F903F703F503F303F003EC03E903E5030D
:10293000E103DD03D803D303CE03C803C303BD0300
:10294000B603B003A903A2039A0393038B03830383
:102950007A0372036903600357034E0344033A0387
:10296000300326031C0311030603FC02F102E502F7
:10297000DA02CF02C302B802AC02A00294028802BB
:102980007C027002630257024B023E0232022502B1
:1029900019020C020002F301E601DA01CD01C101C6
:1029A000B401A8019C018F01830177016B015F01D4
:1029B000530147013C01300125011A010E010301B9
:1029C000F900EE00E300D900CF00C500BB00B10064
:1029D000A8009F0096008D0085007C0074006C00AC
:1029E00065005D0056004F00490042003C00370082
:1029F00031002C00270022001E001A0016001300D0
:102A00000F000C000A00080006000400020001008C
:102A100001000000000000000100010002000400AD
:102A2000060008000A000C000F00130016001A0030
:102A30001E00220027002C00310037003C0042001D
:102A400049004F0056005D0065006C0074007C007A
:102A500085008D0096009F00A800B100BB00C50056
:102A6000CF00D900E300EE00F90003010E011A01C6
:102A7000250130013C01470153015F016B017701E2
:102A800083018F019C01A801B401C101CD01DA01CC
:102A9000E601F30102000000000000000000000059
:102AA0000000000000000000000000000000000026
:102AB0000000000000000000050000006E657720A7
:102AC0007363616C6500000000000000646464646E
:102AD000640064640164646464640203040506645D
:102AE00064646464646464646464646464646464A6
:102AF000646464640708090A0B0C0D0E0F646464B7
:102B00006464641011121314151617646418191AEA
:102B10001B1C1D1E1F20646464646464646464641C
:102B20006464646464646464646464646464646465
:102B30006464646464646464646464646464646455
:102B400064646464646464646464646400040000D1
:102B50000300007F000001000001000404010003E5
:102B600000007F00010100020300020200020200D7
:102B70000202000463010010000010003063010134
:102B80001000000400000100010100000B00000122
:102B900000000B00000100007F0000040030770CF3
:102BA00003640164640101640105050103640164B7
:102BB00064010101000001000001000000000100AB
:102BC00000020000010000030000010000010000FD
:102BD00001000002000003000003000001000001EA
:102BE00000000300000200000100000100000100DD
:102BF00000030000010000010000030000030000CA
:102C000003000003000000000000000000000000BE
:102C100000000000000000000000000000000000B4
:102C200000000000000000000000000000000000A4
:102C30000000000000000000000000000000000094
:102C40000000000000000000000000000000000084
:102C50000000000000000000000000000000000074
:102C60000000000000000000000000000000000064
:102C70000000000000000000000000000000000054
:102C80000000000000000000000000000000000044
:102C90000000000000000000000000000000000034
:102CA0000000000000000000000000000000000024
:102CB0000000000000000000000000000000000014
:102CC0000000000000000000000000000000000004
:102CD00000000000000000000000000000000000F4
:102CE00000000000000000000000000000000000E4
:102CF00000000000000000000000000000000000D4
:102D000000000000000000000000000000000000C3
:102D100000000000000000000000000000000000B3
:102D200000000000000000000000000000000000A3
:102D30000000000000000000000000000000000093
:102D40000000000000000000000000000000000083
:102D50000000000000000000000000000000000073
:102D60000000000000000000000000000000000063
:102D70000000000000000000000000000000000053
:102D80000000000000000000000000000000000043
:102D90000000000000000000000000000000000033
:102DA0000000000000000000000000000000000023
:102DB0000000000000000000000000000000000013
:102DC0000000000000000000000000000000000003
:102DD00000000000000000000000000000080001EA
:102DE000200000002D072809250B240D220F1F119C
:102DF0001E131B151A171619171B171D141F0A214E
:102E000006230A250A270729052B022D022FFF304A
:102E1000FB32FC34F836F038EB3AF13CEE3EEC4055
:102E2000E942E944EA46E948E54AE54CE64EDA502B
:102E3000CE52DB54DC56D258C95ACB5CCB5ECA604A
:102E4000C862D064CE66B568C66ACF6CC96EB17010
:102E5000C972C074C876B178BE7AC17CC47EA780BE
:102E6000CE82BF84B186CA88BA8ACF8CBA8EC3900C
:102E7000D592A194DA967698EF9AD59CDF9E8BA096
:102E8000D6A2C1A4E3A68BA8F1AAC7AC83AEA9B011
:102E900034B308B584B6F5B87BBA1FBDF0BED9C04F
:102EA000BBC209C564C68BC8B1CAD2CC5FCED9D06B
:102EB000D7D2D3D4CED6C1D8AFDAA1DC92DE86E0A9
:102EC00078E269E45BE6BAE8B2EA89EC5FEE41F0E9
:102ED0002EF22CF46609570B4A0D3C0F2F112113CB
:102EE00014150617F718EA1ADE1CD01EC320AE22EE
:102EF0009D2492268A287F2A6E2C602E54304432DC
:102F000036342A361D38063AF63BEE3DE03FD141D5
:102F1000C943BD45AD47A049944B874D7A4F645195
:102F2000515343553C572B59215B0D5D065FF660AD
:102F3000E962E864D866B368B96AAB6C976E827070
:102F400089726E74737646785D7A437C1F7E1C802E
:102F500030821484F7850F88ED89F08BD38DDB8F59
:102F6000B9919693BF959C97C699989B9C9D3C9FC1
:102F700082A159A372A50BA75AA92EAB38AD43AFB6
:102F800038B12EB3AFB41AB78CB827BBEBBCB0BE08
:102F9000C5C0E0C236C453C6CCC881CA35CC6DCEDC
:102FA00025D0E5D1FFD313D626D8F2D9C0DBA8DDD2
:102FB0008EDF84E179E3C2E5AEE785E95BEB35EDD1
:102FC00011EFF8F008080000FBDF799519632A85F6
:102FD000E258A076304FB0698846305EE03EE0535C
:102FE0000038000080008000800040004000200089
:102FF0002000100010000800080004000400000079
:10300000E158C8A75D9E7A95168D2B85B27DA47672
:10301000FB6FB269C3632A5EE158E4532F4F7A9580
:10302000168D2B85B27DA476FB6FB269C3632A5ED1
:10303000E158E4532F4F7A95168D2B85B27DA476F7
:10304000FB6FB269C3632A5EE158E4532F4F7A9550
:10305000168D2B85B27DA476FB6FB269C3632A5EA1
:10306000E158E4532F4F7A95168D2B85B27DA476C7
:10307000FB6FB269C3632A5EE158E4532F4F7A9520
:10308000168D2B85B27DA476FB6FB269C3632A5E71
:10309000E158E4532F4F7A95168D2B85B27DA47697
:1030A000FB6FB269C3632A5EE158E4532F4F7A95F0
:1030B000168D2B85B27DA476FB6FB269C3632A5E41
:1030C000E158E4532F4F7A95168D2B85B27DA47667
:1030D000FB6FB269C3632A5EE158E4532F4F7A95C0
:1030E000168D2B85B27DA476FB6FB269C3632A5E11
:1030F0000000F0420000F0420000F0420000F04208
:103100000000F0420000F0420000F0420000F042F7
:103110000000F0420000F0420000F0420000F042E7
:103120000000F0420000F0420000F0420000F042D7
:10313000000400020002000200020002000200027D
:103140000002000200020002000200020002000170
:103150000001000100010001000100010001000167
:1031600000010001000180008000800080008000DC
:10317000800080008000800080008000800040008F
:10318000400040004000400040004000400040003F
:1031900040004000400020002000200020002000CF
:1031A000200020002000200020002000200010002F
:1031B000100010001000100010001000100010008F
:1031C00010001000100008000800080008000800A7
:1031D00008000800080008000800080008000400B3
:1031E00004000400040004000400040004000400BF
:1031F00004000400040002000200020002000200B9
:1032000002000200020002000200020002000100AF
:1032100001000100010001000100010001000100A6
:103220000101040110000000515B02080D5B02085F
:10323000755D0208F95A0208BD5A0208C55C020809
:10324000955C0208AD5B0208FD5A0208A55E020803
:10325000B15A0208B15A0208B15A0208015B0208C9
:103260000902AF00030100C032090400000001019F
:1032700000000A2401000133000201020C240201B3
:103280000102000203000000092403020101000101
:10329000000904010000010200000904010101010C
:1032A000020000072401020101000B2402010202B6
:1032B000100180BB00090581018001010000072584
:1032C00001000000000904020002010300000724BD
:1032D000010001410006240201010006240202024D
:1032E000000924030103010201000924030206016D
:1032F000010100090502024000000000052501014E
:1033000001090582024000000000052501010300BB
:103310000A0600020000004001000000B567020834
:10332000B9670208BD670208C1670208CD670208D5
:10333000C9670208C5670208D1670208DD6702088D
:1033400065680208816802081D6802089D68020815
:10335000B9680208120100020000004083044057CF
:103360000002010203010000040309041A03000023
:10337000000000000000000000000000000000004D
:1033800000000000000000006C1700240000000096
:10339000000000000000000000000000000000002D
:1033A000000000000000000000000000000000001D
:1033B000000000000000000000000000000000000D
:1033C00000000000000000000000000000000000FD
:1033D00000000000000000000000000000000000ED
:1033E000000000000000000000000000430000009A
:1033F00000000000000000000000000000000000CD
:103400000000000000000000000000004300000079
:1034100000000000000000000000000000000000AC
:103420000000000000000000000000004300000059
:10343000000000000000000000000000000000008C
:103440000000000000000000000000004300000039
:10345000000000000000000000000000000000006C
:103460000000000000000000000000004300000019
:10347000000000000000000000000000000000004C
:1034800000000000000000000000000043000000F9
:10349000000000000000000000000000000000002C
:1034A00000000000000000000000000043000000D9
:1034B000000000000000000000000000000000000C
:1034C000000000000000000000000000838B0208E4
:1034D000E18A020800000000C71A0308C51A0308A1
:1034E000B11A0308B11A0308B11A0308B11A030884
:1034F000B11A0308B11A0308B11A0308B11A030874
:10350000B11A0308FFFFFFFFFFFFFFFFFFFFFFFFF1
:10351000FFFF000001004153434949000000000043
:10352000000000000000000000000000000000009B
:103530000000000000004153434949000000000022
:10354000000000000000000000000000000000007B
:0C3550000000000000000000010000006E
:040000050801BF7DB2
:00000001FF
