:020000040000FA
:103000002BEF1BF09AEF1BF0BDEF1BF0C5EF1BF091
:10301000E3EF1BF011EF1CF069EF1CF06EEF1CF0FA
:1030200056EF1CF05BEF1CF071EF1CF01EEF1CF074
:103030001CEF1CF019EF1CF01BEF1CF080EF1AF0D6
:10304000E9EF1AF0F7EF1AF0FBEF1AF02BEF1CF094
:103050002AEF1CF0A8EF1AF0B3EF1AF0FCEF1AF009
:103060001200000012000000120000001200000018
:103070001200000012000000120000001200000008
:10308000FFFF324690002E4691002A4692002646C7
:10309000930022469400EE45A300F246A000AA4AFF
:1030A0009800DA459900C6459A00CA4A9B004846EE
:1030B0008B004C468A005046890054468800D04711
:1030C0008000064781001247820028478300DC47C2
:1030D000BA009248BF004A48B9006E48BB009A49FE
:1030E000BD00C249BE00EA499700DA4895000C4984
:1030F0009E002E49BC0088499600B6479D00F44AC0
:10310000B000F84AB100FC4AB200004BB300044BD7
:10311000B400084BB5000C4BB600104BB700864B03
:10312000A8008A4BA9008E4BAA00924BAB00964B8D
:10313000AC009A4BAD009E4BAE00A24BAF00E84AEC
:10314000B800000000003E0000883E0001893E00FB
:10315000028A3E00038B2B0001822B0004810A00AF
:103160000680420000B5420001B6420002B70600E8
:1031700000BB060001BA060002B9060004AC060056
:1031800005AD060006AE060007AF070000A7070062
:1031900001A60800009F0800019E0800029D08008B
:1031A0000394080004950800059608000697070098
:1031B00004A4070005A5070006B30A0007B207002C
:1031C00007B1090006AB090007AA0900009309002E
:1031D000019209000291090003900900049B090073
:1031E000059A0A0000980A0001990A0002A30A0041
:1031F00003A20A0004A10A0005A0070003BF0700FC
:0632000002BE0000000008
:1032800006881C881088148808880C8800880488A0
:103290001A881E88128816880A880E880288FFFFFE
:10330000060103510F0BD8B41200DAEC16F039D0D5
:103310000400A8D848E106011FEE60F0E7BE19D00E
:103320001FEE50F0E7BE15D01EEE20F0E7BE11D024
:103330001EEE30F0E7BE0DD01EEE40F0E7BE09D025
:103340001EEE50F0E7BE05D01EEE60F0E7BE01D0E5
:10335000DFD7E1CF01F6E2CF02F6050EE3500F0B07
:1033600006010D6F020EE330700B046F0439001973
:10337000070B09E1020EE350030B17E0FE0F23E0F9
:1033800004D0000E05D0020E03D0030E01D0FF0EB4
:1033900001C6E1FF02C6E2FFE79E010F03E0FF0F57
:1033A00015EC1AF0B5D7D2EF16F0040EE350FF0F6C
:1033B00001E0EBD7000E15EC1AF054D8F4E10F0140
:1033C00030B7FBD7F0D7080E0D632ED0040EE3CF35
:1033D000F6FF030EE3CFF7FFF86A030ED890F63638
:1033E000F736F836FF0FFAE1060EE12607EE00F099
:1033F000F650380BE926080EE6CFEEFFFF0FFCE192
:10340000F6503F0B380A0FE1F85005E1F750330A48
:103410000AE0070A08E0C00EF61617EE00F0B6EC58
:1034200016F0010A01E0ADD7B0D70601066F1AD831
:103430000DE10F0130B7FBD71FEE31F00601065149
:1034400007D80F01356B3087060112000601120004
:1034500004C6E7FFE68E030B0809E66EE66A05C6BA
:10346000E6FF1200060100BB08D07450380B07E0DD
:103470006F886F501F0B20096F6EFF091200000B41
:02348000120038
:103500000096F90E96160501856B640ECEEC16F04A
:103510008C9C8C9A380E8A6E4ED854D8320ECEECD3
:1035200016F049D84FD8320ECEEC16F044D84AD80F
:10353000080E19D80C0E17D8060E15D8010EB3ECCC
:103540001AF0849F380E0FD80C0E0DD8000E4FD0F5
:103550008A6EE8408D6EE84411D885B512008C8AD9
:103560008C9C29D82FD08A6EE8408D6EE84406D80E
:1035700085B512008C9A8C9C1ED824D085B512007B
:10358000F30E9312060E96128C9A836B846B8C8CBE
:1035900019D8832BD8B4842B09E00DD881BEF8D775
:1035A00011D80C0E9316F90E9616120085A7858178
:1035B00085B78583F6D78C8E0000000000000000E0
:1035C00000001200000000000000000000008C9EBF
:1035D0001200010EB3EC1AF08BBF03D08CBF01D0E8
:1035E00012007A8F010EB3EC1AF07A9F12000501D7
:1035F0007A518009B8D7ACD7E83AE830380B40099F
:10360000B2DF0501876B0900F550A2DF872B87A782
:10361000FAD7F7EF1AF001030703010000000000DA
:103620000010181C18101B131B1B1B1B111F110E45
:103630001E1D1B17001F001D1B1D1E0E111F1D1917
:10364000150D001D1D1F0206021A020207000103CC
:103650000713191C1810106AF29EFE0EF66EFF0E6C
:10366000F76E3F0EF86E0900F550066E0900F55032
:10367000076E270A11E0F86AF28EEE0E24EC16F0BF
:103680000638070B24EC16F007507F0B24EC16F0DD
:103690001EEC16F0F29EFFD7F86AF28E0101006B65
:1036A000010EE8CF79F01568090ECB6E240ECA6EB4
:1036B0000F0EBD6E040EBE6EA2EC66F004EC16F0AA
:1036C000126E0101420E146F156F0F0EE8CF18F342
:1036D000E8CF58F3136A146ACDEC5AF08EEC58F028
:1036E00091EC57F0125009E10A0E78EC16F0010E39
:1036F00080EC16F0000E7CEC16F098EC1CF0000E3E
:1037000014EC16F0D7EC1DF02EECADF01082100E7C
:10371000036E270E046E000EBCEC16F0400E036E16
:10372000140E046E000E056E540EA8EC16F049EC53
:103730002BF0120010920EEC6AF010B605D039ECA6
:1037400064F0D1EC66F005D0F29E10983EB010887F
:10375000F28E51EC1EF01DEC28F00601FDA104D004
:10376000FD91FA0E24EC16F00601FC5105E0FC0771
:10377000F80E24EC16F0F8D7120010A620EC6AF030
:10378000125002E135EC29F01200120000144D49EC
:103790004449626F785349442056322E30343420E5
:1037A000202040104C61756E6368696E672043533A
:1037B0002020202040104353206E6F7420656E61DE
:1037C000626C6564212082EC16F08C0EF66E370E6A
:1037D000F76E000EF86E31501CE09EEC16F0A20E53
:1037E000F66E370EF76E000EF86E125006E0B40E4D
:1037F000F66E370EF76E000EF86E9EEC16F000B601
:1038000008D0160EF66E360EF76E000EF86EE6EC69
:1038100016F01C8210A604D03EA002D050ECADF0F1
:1038200012001250D8A4120010B8120058EC2BF05D
:103830001200FEEF88F01200AFEF90F0125208E194
:10384000E8CF0CF176ECADF010B612000CC1E8FF39
:103850008EEF90F012000B6E0101F80E0B620BD090
:103860003D513C6F3D6B3F5104083B273F6B3C3162
:10387000E8303F0B3E6F0B50FA0A03E0080A01E004
:103880000CD01E89C2C0E8FFE8B2108A3D29800E24
:10389000D8B43D6B3B6B030E3F6FFB0E0B6201D048
:1038A0001E8BFC0E0B6201D01E8D1200125002E125
:1038B000C2EF22F012001250D8A4120003C035F05B
:1038C000000E036203D00450B5EF28F00306D9EFD1
:1038D00028F0125002E192EC27F0120005EC28F0DB
:1038E00012001200050E03601200125005E0035092
:1038F00004C003F088EF96F0336A3350C6EC16F03C
:103900003E140FE003500FEC97F0E150020FE96E08
:10391000E250040FEA6E04C0EFFF03C034F0D0ECB5
:1039200041F0332A33A4E9D712001200120012002A
:103930000301EE6B036A13EEF0F0E66AE66A032A0F
:1039400003A6FBD701D8F3D7F0DF0301EF6912001C
:103950000301EE6F12000301EE511200056E13EE2B
:10396000F0F0E834FE0BE126E750031804E1010E05
:10397000E350041809E003C0E6FF04C0E5FF05506A
:10398000C6EC16F00301EF13120003C004F0D89048
:103990000436036AE3D7036E0F0EC16ED00E921683
:1039A00003500F0B921203B8928AF80E9616033842
:1039B000E830070B96121200036E8950D00B046E8C
:1039C00003500F0B041003B82009896E8D50F80BBB
:1039D000046E0338E830070B04108D6E1200E8B453
:1039E0001AD0E8B20CD0E8B005D003B0898003A0AB
:1039F0008990120003B0898203A089921200E8B076
:103A000005D003B0898403A08994120003B089868D
:103A100003A089961200E8B20CD0E8B005D003B03C
:103A2000898A03A0899A120003B08D8003A08D902B
:103A30001200E8B005D003B08D8203A08D92120071
:103A400003B08D8403A08D94120016511803F4CF97
:103A50001BF1F3CF1AF117511903F4CF1DF1F3CF76
:103A60001CF116511903F3501B27F4501C23E86A6C
:103A70001D2317511803F3501B27F4501C23E86A29
:103A80001D231200E2DF19AF04D016511C5F17513D
:103A90001D5B17AF04D018511C5F19511D5B12003C
:103AA00016511803F4CF1BF1F3CF1AF11751180375
:103AB000F3501B271C6BF4501C231200180E086EC9
:103AC000096A0A6A180E086EF334F436F5360A36B7
:103AD0000936F33607500A5E0650D8A0063C095E48
:103AE000D8B0F380F3B003D0092607500A26082E79
:103AF000EBD712003E0EC06E0301E06BE16BF36A80
:103B000013EEE3F0E66AF32AF3A6FCD7010EC26EC9
:103B1000C282120013EEE3F00301E051E126E75008
:103B2000C45C02E2FF0A010F08E0FF0F06E0C4CF09
:103B3000E7FFE051C6EC16F0E113E029070BE06F58
:103B4000E035E8341C0B0109C26EC2821200030189
:103B5000F29EE151E16BE26FFF0BF28E27E0000E67
:103B6000E2B11DD8010E0301E2B319D8020E030120
:103B7000E2B515D8030E0301E2B711D8040E030114
:103B8000E2B90DD8050E0301E2BB09D8060E030108
:103B9000E2BD05D8070E0301E2BF01D807D0036ECE
:103BA00013EEE3F0E3CF04F072EF1CF01200060115
:103BB000006B010E096F0A6BF29EFF0EF66EFF0E90
:103BC000F76E3F0EF86E0900F550270A01E0008BF2
:103BD000F86AF28E00BB120004EC16F00601036FC7
:103BE00012E116EE20F0010EE66E530EE66E490E5F
:103BF000E66E440EE66E200EE66E020EE66E000ED7
:103C0000E66E000EE66E09690A6B0E6B16EE10F09A
:103C10000F6BE66A0F2B0FA7FCD70F6B0601100E78
:103C20000017800E88D9800E776E000E706EC50E5C
:103C3000716E010E726E200E736E000E0F01606FBA
:103C4000506F0D01F86B0E01206B306B406B506BA9
:103C5000606B706B0D01010ED46FD56B0D01D86BCD
:103C60000D01E06BE16BE26BE36BE46BE56BE66B24
:103C7000E76B0D01F06BF16BF26BF36B03C605F6AE
:103C80000601046B076B086B000E1FEE00F039D9BC
:103C90000F017F0E186F080E196F1A6B1B6B000E49
:103CA0004AD155EC1EF088EF1EF0060103512EE1BB
:103CB0000E053F0B0E6F2AE10F29070BD8B4010F39
:103CC0000F6F16EE10F00F51E35220E0E30601DA19
:103CD0001DE106010F51C6EC16F009130FC605F6DB
:103CE000076B086B030E4FD911E1000EE66E008DD5
:103CF000F6EC1FF0009D0AE116EE10F00F51E36A9A
:103D00000F51036E2FEC45F0FF091200000B12005B
:103D10000400DFD9D8A412006F50070B9009776E0A
:103D200060BE04D0060100B7F3D7120061AE02D026
:103D3000609EEED706016230700B046F00A704D0BE
:103D400004390019070B0AE16250030B2BE0FF0F47
:103D500010E0FF0F1EE022D0000E05D0020E03D0AF
:103D6000030E01D0FF0E609E010F02E0FF0F93D8FB
:103D7000CFD7AFD9F7E10F0130B7FBD72FEE35F032
:103D800000EC96F01FEE31F0010ECBD80F0130871A
:103D9000E9D72FEE35F02DEC96F0E5D7609E000EBA
:103DA0008DD8E0D76450F00B15E1645017E0FF0F99
:103DB0001CE0FD0F1CE0FF0F1DE0FF0F28E0FF0FD0
:103DC00032E0FF0F38E0FF0F40E0FF0F48E0FB0F4D
:103DD00050E0C6D7645073EC95F0C5D70087F80B58
:103DE00000170439070B0013B7D70097B5D72BEC92
:103DF0001BF0B2D7040E6562B3D76950056E6850E8
:103E0000046E6750036E6650C5EC1BF0A5D7030E19
:103E10006562A6D76850056E6750046E6650036EE3
:103E200019EC1CF099D7010E65629AD76650036EA3
:103E30001EEC1CF091D7020E656292D76750046E9B
:103E40006650036E56EC1CF087D7020E656288D769
:103E50006850046E6750036E5BEC1CF07DD7030E58
:103E600065627ED76750046E6650036E71EC1CF07D
:103E700073D7800E60D8400E776E000E5CD8500E5F
:103E8000776E1FEE60F0E1CF01F6E2CF02F680EC34
:103E900019F0C4DE65D70601066F1BD90DE10F01CD
:103EA00030B7FBD71FEE31F0060106513AD80F01AB
:103EB000356B308706011200060112000AD91FE196
:103EC0000F0130B7FBD71FEE31F0000E2AD81FEEDE
:103ED00035F0080EE66E010EE66E530EE66E490EE4
:103EE000E66E440EE66E200EE66E020EE66E000EE4
:103EF000E66E000EE66E0F01308706011200060125
:103F0000120005C6E7FFE69E030B0809E76E04C62C
:103F1000E8FFE834E00BE61208C6E6FF07C6E6FF56
:103F2000120004C6E7FFE68E030B0809E66EE66A98
:103F300003C6E6FF1200F36E6F501F0BF3106F6E97
:103F40006E50E00BF318FCE112006FB40ED06FB2AC
:103F500006D01FEE60F06FB01FEE50F012001EEEA4
:103F600020F06FB01EEE30F012006FB206D01EEEE1
:103F700040F06FB01EEE50F012001EEE60F06FB019
:103F80001EEE70F012000601066F0551C6EC16F029
:103F9000091511E09ED80FE10F0140B7FBD70601CC
:103FA000065103C604F61FEE41F0ABDF1FEE45F0ED
:103FB000000B06011200FF09060112006F50070BEB
:103FC0009009776E60AE0AD061AE08D0609ED00EC8
:103FD00024EC16F0000E24EC16F0F0D70F01408709
:103FE00040A703D07450300BFBE01200E7DF08D08D
:103FF000E5DF6F50070B9009776E60AEFAD71AD0E5
:1040000006010B6B0C6B06010B2BD8B40C2B0CBFF1
:1040100058D06F50070B9009776E60AEF4D761BE31
:1040200009D0D10E24EC16F060507F0B24EC16F072
:10403000609EE9D7060100996450056342D0625042
:10404000030B05E0FF0F03E0FF0F36E03AD000ADB1
:1040500034D016EE20F00535E834E834380BE1268C
:1040600066CFE6FF67CFE6FF68CFE6FF69CFE6FFE2
:104070006ACFE6FF6BCFE6FF6CCFE6FF6DCFE6FFC2
:104080006550080A13E1010E666210D0530E676294
:104090000DD0490E68620AD0440E696207D0200E26
:1040A0006A6204D0020E6B6201D007D0060105518E
:1040B000C6EC16F00A1305D099D7609E000B0601D6
:1040C0001200609E06010551C4EC16F00917FF09A5
:1040D0001200060100BB0FD07450380B0EE06F8841
:1040E0000601008974AA06D0008B010E0917200E64
:1040F00022DF01D093DDFF091200000B1200F36EE6
:1041000016EE10F0E126400EE76EF350C4EC16F008
:10411000060109171200000E436C6F6E696E67206E
:10412000536C61766573400A416464726573733AD7
:1041300020307800401157616974696E6720666F9E
:10414000722052657365740040112121212120469F
:1041500041494C45442021212121200006010351E1
:10416000700BD8A4120082EC16F0160EF66E410EFB
:10417000F76E000EF86E9EEC16F0080EF36EFF0E52
:10418000CEEC16F0F32EFBD705C6E8FFC00924ECF1
:1041900016F0000E24EC16F0010E0601056F0D0E50
:1041A00088EC16F0200E94EC16F005C6E8FF98ECAB
:1041B00016F0260EF66E410EF76E000EF86E9EECAF
:1041C00016F0060105C6E8FFC00924EC16F0010E42
:1041D00024EC16F0060106010551066E90DF010E73
:1041E000CEEC16F0040061DD16EE10F00650E35040
:1041F000F6E106010650056FC6EC16F00915D8B4B5
:104200009CD005C6E8FFC00924EC16F0020E24EC91
:1042100016F00601000E9CD8D8A48FD005C6E8FF82
:10422000C00924EC16F0030E24EC16F006010F0E64
:104230008FD8D8A482D005C6E8FFC00924EC16F0B8
:10424000040E24EC16F00601000EF66E300EF76E2A
:10425000000EF86EF6500FE14A0E88EC16F0F8509A
:1042600098EC16F0F75098EC16F0F65098EC16F023
:10427000200E94EC16F00400F6CF07F6F7CF08F600
:10428000F83008330733D89008330733D890083311
:104290000733020E78DE51E1080EE66E0900F5CF15
:1042A000E6FFF650070BFAE1A3DE47E1F850D2E053
:1042B000F650D0E1F750800ACDE105C6E8FFC0090D
:1042C00024EC16F0050E24EC16F00601010E40D881
:1042D00005C6E8FFC00924EC16F0060E24EC16F023
:1042E0000601340EF66E410EF76E000EF86E9AEC73
:1042F00016F006010551066E0400065000DFD5DCFD
:1043000006010650056FC6EC16F006010915F4E02B
:1043100005C6E8FFC00924EC16F0070E24EC16F0E1
:1043200006010601052B030E056539D7C00E24ECE6
:1043300016F07F0E24EC16F01200010E09D8480E7C
:10434000F66E410EF76E000EF86E9AEC16F0E9D795
:104350000601076F086B000E16DE03E1000EE66E25
:1043600045DE120001030300010304000103050000
:1043700001030600010307000109090001090A0001
:1043800001090B0001090C0001090D000B000000E0
:104390000B0001000B0002000B0003000B000400E7
:1043A00003020200030204000200020002000300F4
:1043B00004010100040203000406080004090900C6
:1043C00004090A00FF000000FF010000FF020000D6
:1043D000FF030000FF04000004000200040D0D00B4
:1043E000040D0E0004090900040D0F00030303006F
:1043F000030304000303050003030600030307008F
:104400000309090003090A0003090B0003090C0052
:1044100003090D000A0000000A0001000A00020062
:104420000A0003000A000400060303000603060056
:104430000500020005000300070003000704040054
:10444000070405000704060007040700FF0000003A
:10445000FF010000FF020000FF030000FF04000056
:104460000700030007040400070405000704060012
:104470000704070003010100030102000301030018
:1044800003010400030105000306060003060700FC
:10449000030608000306090003060A0006000000E0
:1044A00006000100060002000600030006000400EA
:1044B00000000000000000000400020004000300EF
:1044C00000000000000000000000000000000000EC
:1044D00000000000FF000000FF010000FF020000DC
:1044E000FF030000FF0400000000000000000000C7
:1044F00000000000000000000000000001030300B5
:104500000103040001030500010306000103070085
:104510000109090001090A0001090B0001090C0049
:1045200001090D0009000000090001000900020056
:10453000090003000900040003030300030305004E
:104540000200020002000300040002000404040050
:10455000040405000404060004040700FF00000032
:10456000FF010000FF020000FF030000FF04000045
:10457000040002000404040004040500040406000E
:104580000404070004A0FCEC16F06BEC41F0820E72
:10459000F66E300EF76E000EF86E0900F550066EDE
:1045A0000900F5CF07F0F5100DE00900F5500900FE
:1045B0000318F3E1F29E05000650FD6E0750FE6EF3
:1045C000F28E1200120004B0120010B856D303503D
:1045D000DEEC16F0FF0EB5EF28F004B0120010B8B4
:1045E0004CD30350DEEC16F0010EB5EF28F031503D
:1045F00004E004B01200AEEF20F02B9E04A02B8E3E
:1046000004B0120010B840EFADF0EBEF2EF0090E41
:1046100011D0080E0FD0070E0DD0060E0BD0050ED0
:1046200009D0040E07D0030E05D0020E03D0010EF0
:1046300001D0000E04B0120010B81FD31EB4D4EF86
:1046400043F02224CDEF2EF0010E05D0020E03D050
:10465000040E01D0080E066E1C8204B043D03E50FA
:10466000F00BF00A03E006503E1A04D0F00E3E169E
:1046700006503E1237D86BEC41F049EC42F0E7505F
:104680007F0B2F6E50EC42F0E750070B306E1F503F
:10469000C00B08E110EE50F010CBE8FF030B4D6E9D
:1046A0001FC0E3FF24EC45F078EC41F01F50C00B35
:1046B0000CE110CBE8FF4D18030B07E010EE50F0B3
:1046C00010CBE8FF030BE350B8DAB5EC2EF0BDDAFF
:1046D0003EA007D010A605D050ECADF010883FECFE
:1046E00026F012000638FF0A3E16063804B03E12C5
:1046F000120010B8C2D22B9004A02B801E9404A0EC
:104700001E841C82120004B0120010B8B6D22B72A4
:104710009CD204B0120010B8B0D22B742B982BB4DA
:104720002B880A0E266E91D204B0120010B8A5D2C2
:10473000C6C0E8FF070B04E0000E07EC43F039D0D9
:104740003E50F00BF00A25E11D50F00B11E1F29EF6
:10475000F00E1D12F28E336A25EC43F0332A25EC5D
:1047600043F0332A25EC43F0332A25EC43F021D0E3
:10477000F29E0F0E1D16F28E336A2BEC43F0332A95
:104780002BEC43F0332A2BEC43F0332A2BEC43F091
:1047900010D0000E3EB011EC43F0010E3EB211EC11
:1047A00043F0020E3EB411EC43F0030E3EB611ECA2
:1047B00043F01C84120004B0120010B85ED23F28EF
:1047C000030BD8B4010F3F6E3DEC32F01C84120095
:1047D00004B0120010B851D2420E2AD204B0120016
:1047E00010B84BD2F1EC30F01F182CE110CBE8FFE1
:1047F000E8B220D0E8B016D04250070B010D1C0ED5
:10480000F324F66E480EF420F76EF86A000EF822D4
:104810000900F550416EAFEC2FF014D000010203F7
:10482000060606003F28030BD8B4010F3F6E010EA9
:10483000426E08D0E8B003D0010E426E03D0010EE4
:10484000426E00D0F1EC30F0F3D104B0120010B899
:1048500014D210CBE8FF030B020AD8B41200010EE9
:10486000036E000E046EF1EC30F016EF30F004B081
:10487000120010B802D210CBE8FF030B020AD8B422
:104880001200020E036E000E046EF1EC30F016EF13
:1048900030F004B0120010B8F0D1432A030E436088
:1048A000436A43A2F1EC30F043B2FBEC30F0C0D9E4
:1048B000435002E1030E0CD043B209D010CBE8FF05
:1048C000030B020A02E1060E03D0090E01D0000E0E
:1048D000226E236E1C882AEF2BF004B0120010B851
:1048E000CCD1F5EC30F01F1804E0F5EC30F018EF07
:1048F00026F010CBE8FF030B000ED8A4010E036EC8
:10490000000E046EF5EC30F016EF30F004B012003B
:1049100010B8B3D110CBE8FF030B010ED8A4020EE0
:10492000036E000E046EF5EC30F016EF30F004B0BC
:10493000120010B8A2D1F7EC30F01F1816E110CB1E
:10494000E8FFE8B210D0E8B008D0000E036E000E09
:10495000046EF7EC30F016EF30F03F28030BD8B4BC
:10496000010F3F6E02D0E8B000D0F7EC30F060D11C
:1049700004B0120010B881D1070E036E030E046E4E
:10498000F7EC30F016EF30F004B0120010B875D12B
:104990004606020E46B2466E58D104B0120010B858
:1049A0006CD1F3EC30F01F1804E0F3EC30F018EFAA
:1049B00026F0010E036E000E046EF3EC30F016EFDD
:1049C00030F004B0120010B858D1F3EC30F01F18DA
:1049D00004E0F3EC30F018EF26F0040E036E000E46
:1049E000046EF3EC30F016EF30F004B0120010B8A3
:1049F00044D110CBE8FF020B020A050ED8A4060E24
:104A0000036E010ED8A4020E046EF3EC30F016EF24
:104A100030F004B012006BEC41F010CBE8FFE8B2CC
:104A200020D0E8B215D06CCB06F006700BEE6CF01F
:104A300030D80BEE7CF02DD80BEE8CF02AD80BEE94
:104A40009CF027D80BEEACF024D80BEEBCF021D0B4
:104A50006CCB06F006700BEE6CF01BD80BEEBCF0C6
:104A600018D0E8B201D012006CCB06F006700BEE45
:104A70006CF00FD80BEE9CF00CD80BEECCF009D8F4
:104A80000BEEFCF006D80CEE2CF003D80CEE5CF02C
:104A900000D0EF9006B0EF80A2EF41F004B012001A
:104AA00010B8EBD0FBEC30F0C3D010B8E6D004A0C7
:104AB00009D01FAE02D01C8212001C9C1C94266AD6
:104AC0001C961200010E78EF30F010B8D6D004B06A
:104AD000F0D7FF0E78EF30F02BB083EF23F0E5D75F
:104AE0002BB089EF23F0F1D704B0120010B8C5D075
:104AF0002B7AABD0000E0DD0010E0BD0020E09D0D8
:104B0000030E07D0040E05D0050E03D0060E01D00B
:104B1000070E496E10B8B1D004A005D04950C4ECBE
:104B200016F03C1619D03C5003E02B7A25EC26F009
:104B30004950C6EC16F03C1210CBE8FFE8B216D094
:104B4000E8B00BD03A6A4850C6EC16F03B1404E0CB
:104B500048C047F049507BD812000BEE8CF049C09A
:104B6000EFFFA2EC41F049C02DF06FD0E8B00AD0C1
:104B70000BEE51F049C0EFFFA2EC41F049C02DF01F
:104B800064D012001200000E0DD0010E0BD0020EE8
:104B900009D0030E07D0040E05D0050E03D0060E73
:104BA00001D0070E04A004D0C4EC16F03B1612008E
:104BB000486E476E10B861D010CBE8FFE8B22CD039
:104BC000E8B021D04750C6EC16F03B123A6A495083
:104BD000C6EC16F03C1402E0495039D82BB003D093
:104BE000F9EC30F025D01E944850FE0B01E005D0C2
:104BF0004850456EF7EC30F01BD04850FE0F446E25
:104C0000F5EC30F015D00BEEDCF048C0EFFFA2EC75
:104C100041F048C02DF019D0E8B009D047C04AF0A3
:104C2000010E06D8020E236E226A25EF2BF0120029
:104C30001F6203D03DEC32F008D01F6E236A226A57
:104C40008AEC2CF01C882AEC2BF01C8412001C84AB
:104C5000346E0BEE00F04BEC39F03F50181A336A0B
:104C60003350C6EC16F03E1404E00BEE00F036ECC8
:104C700039F0332A33A4F4D712006BEFADF06BECAC
:104C800041F088D810CBE8FF030B010A01E002D005
:104C90003F50426E4350C6EC16F0070B066E10CB29
:104CA000E8FF030B020A0CE0010E346E40EC32F018
:104CB000EF38F00BEFB8000E0612EF38E830030BB8
:104CC0002BAA08092BBA0409076E10CBE8FF030BC7
:104CD00004E0030A02E03F3804D04550C6EC16F069
:104CE000E838300B07124650C6EC16F0E83AE836C2
:104CF000E834C00B0712000E346E71EC32F0EFCFC7
:104D000008F04450C6EC16F03F0B096E3F50E83AED
:104D1000E836E834C00B091210CBE8FFE8B206D041
:104D2000E8B002D0000E07D0140E05D0E8B002D0D3
:104D3000000E09D0140E346E84EC32F0EF380F0BF5
:104D4000D3D8EFA0000E0A6E1D50F00BD8A40A8C29
:104D500046B20A8E460EF66E310EF76E000EF86EF3
:104D60000900F550E96E0900F5CFEAFFF51011E0F2
:104D70000900F550C6EC16F0EF14D8A4010E036E2E
:104D80000900F550F5AE60EC16F0F5BEECEC27F03E
:104D9000E7D7120010B8120010EE60F010CBE8FF59
:104DA000E8B24BD0E8B027D01D962BBC12003FB024
:104DB00011D005CCE6FF0DCCE6FF15CCE6FF1DCCEF
:104DC000E6FF25CCE6FF2DCCE6FF35CCE6FF3DCC5B
:104DD000E6FF120004CCE6FF0CCCE6FF14CCE6FFA5
:104DE0001CCCE6FF24CCE6FF2CCCE6FF34CCE6FF5F
:104DF0003CCCE6FF12003EB012001D966AD80B01B3
:104E000070A30FD08C51F80B0CE18C51C6EC16F04E
:104E1000076E10EE60F0080E066E07C0E6FF062E65
:104E2000FCD7C0A309D0DC51F80B06E110EE60F00E
:104E3000DC51070BE126E7681200E8B017D03EB05E
:104E400012001D9646D80B0150AD0FD05151F80BF2
:104E50000CE15151C6EC16F0076E10EE60F0080E32
:104E6000066E07C0E6FF062EFCD712003EA003D058
:104E700030D82BBC12001D964050080DA20EF32412
:104E8000F66E4E0EF420F76EF86A000EF82210EE61
:104E900060F0080EF36E0900F5CFE6FFF32EFBD7A6
:104EA00012000040447F7F40400000627351494F30
:104EB000460000226349497F360000181814167F07
:104EC0007F1000276745457D3900003E7F494973C3
:104ED000320010EE60F020EEE8F0F36AE66ADE6A77
:104EE000F32AF3A6FBD712000F0BC8EC16F0010C47
:104EF000020C040C080C100C210C220C240C280CA5
:104F00001F0C1F0C1F0C1F0C1F0C1F0C1F0C00EE86
:104F1000D0F010EED8F0F36AEE68E66AF32AF3A652
:104F2000FBD712003928070B396ED8B43A2A39500A
:104F3000C6EC16F0036E020E68EC16F0315007E076
:104F40003950CC183118C6EC16F0036E39D010B8B1
:104F500002D01DA61ED010EEE8F039500708E12659
:104F6000E750D8A4E706D8A4E706E75011E04C0EB6
:104F7000F66E510EF76E000EF86EE730E830E8304E
:104F8000070BF626000EF722000EF8220900F55056
:104F90000AD02BBC03D010EE60F002D010EEE8F087
:104FA00039500708E350036E3A50380B09E13C5082
:104FB000031A39500708C6EC16F03B14D8A4031E98
:104FC000000E68EC16F020EEE0F03950DBCF03F075
:104FD000010E68EC16F0120010EEE0F003B001D004
:104FE0000AD0036EE836E838070BE1260350C6EC1A
:104FF00016F0E7121200036EE836E838070BE126D8
:105000000350C4EC16F0E71612003904070B0B6EC0
:10501000040E5CEC16F0100EE126E76A10EED0F0FC
:105020000B50E3CF0CF003C0E3FF10EED8F00B50B1
:10503000E1260C500318E71212000001786B10EE05
:10504000D8F07851E126E75010E0E7B013D8E7B286
:1050500014D8E7B415D8E7B616D8E7B817D8E7BA22
:1050600018D8E7BC19D8E7BE1AD8782B070E786590
:10507000E6D71200E790000E14D0E792010E11D08F
:10508000E794020E0ED0E796030E0BD0E798040EBD
:1050900008D0E79A050E05D0E79C060E02D0E79EE1
:1050A000070E036E7839E830380B8009031210EED2
:1050B000D0F07851E1260350C6EC16F0E714D8A4DE
:1050C000010E046EC2EC22F010EED8F0000178510F
:1050D000E126120010EEE8F0E126800E03260350D0
:1050E000F00B800A02E1E76A12000338E8A604D058
:1050F000E8B4070E040903D0E8A4000E030B070B65
:105100003C0FF66EF76A510EF722F86A000EF8228D
:105110000900F5CFE7FF120010EEE8F0E1260338B2
:10512000E830070B440FF66EF76A510EF722F86A63
:10513000000EF8220900F5CFE7FF120078381808B2
:10514000080C0E0F804020100804020180C0E0F01F
:10515000F8FCFEFF070BC8EC16F0040C010C050C64
:10516000020C060C030C000C070C366E10B86BEF2B
:10517000ADF01CBC76EF30F01EB41C821E941FBE36
:10518000C2EC2EF010EE18F01AC003F01BC004F0B1
:105190003650DCEC16F01FAE07D02BAEFBEF2EF036
:1051A00018C011F0F9EF2EF01CA83FEF2FF047EFD9
:1051B0002FF00450366E056E10B86BEFADF01EB4D4
:1051C0001C821E946BEC41F0040E036407D0060EA3
:1051D00003640AD0080E03640AD00CD0035043B015
:1051E000050F43B20A0F0CD003500A0F09D0035029
:1051F0000A0F06D003500A0F46B0050F46B20A0F39
:10520000F56E10CBE8FF030B880D640EF324F66EE9
:10521000430EF420F76EF86A000EF822F534E834F5
:10522000FC0BF626000EF722000EF8220900F550BE
:10523000066E1AE00900F5CF04F00900F5CF03F07F
:10524000062803E0065059EF30F01F507F0B0CE0AA
:1052500004500F0B2224036E2450036005D022C09B
:1052600004F01F5059EF30F012005650D8A45606E3
:10527000252E1200640E256E2750D8A42706D8A428
:105280001200262A000174517F0BD8A474077551AF
:105290007F0BD8A4750776517F0BD8A4760777517A
:1052A0007F0BD8A47707315003E0310401E03106C9
:1052B0002BB402D01FBE12002B982BB42B88265083
:1052C000040A04E02650140A04E012001C861C8420
:1052D0001200266A1C962BA402D02BB62B981C8495
:1052E0001200EF0FD8B0EF0E110FC8EC16F010D06F
:1052F00010D017D029D00FD1FCD001D106D125D1A3
:105300002FD133D143D17CD1A0D12FD076D0C1D0F1
:1053100012001CA8236A1CA8226AE9507F0B9AD1AC
:1053200012001CA8236A1CA8226A6BEC41F049EC0D
:1053300042F0E7507F0B2F6E50EC42F0E750070B26
:10534000306EFDEC30F086D11CA8236A1CA8226ABE
:1053500011C02EF0460E7ED140102D2D2D2D2D206A
:10536000434F5059202D2D2D2D2D1D8410CBE8FF9E
:10537000030B020A1AE013EE80F00CEE00F02D3859
:10538000700BE912346A3450EBCFE3FF100EE126C4
:10539000800EE9263450EBCFE3FFF00EE126800EBD
:1053A000E926342A34A8EFD70ED013EE80F00CEEA5
:1053B00000F02D50200DF350E926346AEECFE6FFC1
:1053C000342A34AAFBD7580EF66E530EF76E000E31
:1053D000F86E0ED1120040102D204275666665727F
:1053E00020456D707479202D40102D2D2D2D2050CD
:1053F00041535445202D2D2D2D201DA43AD010CBE6
:10540000E8FF030B020A1CE00CEE00F02D38700BD5
:10541000E912346A13EE80F03450E3CFEFFFA2ECD0
:1054200041F0800EE92613EE90F03450E3CFEFFF09
:10543000A2EC41F0810EE926342A34A8EBD712D031
:105440000CEE00F02D50200DF350E926346A13EED7
:1054500080F03450E3CFEFFFA2EC41F0EE50342A5D
:1054600034AAF5D7E80EF66E530EF76E000EF86EFE
:10547000BFD0D60EF66E530EF76E000EF86EB8D093
:1054800040102D2D2D2D20436C656172202D2D2D6A
:105490002D2010CBE8FF030B020A16E00CEE00F003
:1054A0002D38700BE912346A800EEF6EA2EC41F0D9
:1054B000800EE926400EEF6EA2EC41F0810EE92647
:1054C000342A34A8F1D70ED00CEE00F02D50200D68
:1054D000F350E926346AEF6AA2EC41F0EE50342A28
:1054E00034AAF9D7800EF66E540EF76E000EF86EE1
:1054F0007FD011D824502360120020EF2DF00BD85C
:1055000024502360120039EF2DF005D82450236079
:10551000120040EF2DF02450236012001C88266AF0
:105520001C961C84A3EC2FF0040E77EC2FF00900DE
:10553000F5CF1AF00900F5CF1BF0000ED1DBB5EC6A
:105540002EF0F0EC31F036EF32F0245023601200F0
:10555000E2DF182A1A281860186A47EC2FF07CD06E
:105560003450D0EC60F093EF42F040509CEC61F08E
:105570000BEE60F040500A0DF350E9260A0E066E5D
:10558000A2EC41F0EE50062EFBD712002FC013F014
:1055900030C014F0145013100AE095EC65F007E0E9
:1055A000DE0EF66E550EF76E000EF86E21D0326AE2
:1055B0001C8A8BEF2AF0CC0EF66E550EF76E000E9D
:1055C000F86E16D8E1EC2FF01C98ABD640102D2DBC
:1055D0002053617665205061746368202D2D401042
:1055E0002D206E6F7420706F737369626C65202D4F
:1055F0009AEC16F0180E71EC55F0400EFAEF16F01A
:105600002E5004E0F2EC65F001E0CAD7240EF66EED
:10561000560EF76E000EF86E10D82EC011F0C0ECCA
:105620002FF092D640132D2D205361766520456EC4
:1056300073656D626C65202D2D009AEC16F0150EC9
:1056400071EC55F0400EFAEF16F0326A1E801E9291
:105650008BEF2AF01CA80BD01C981C9A1E901C9E45
:105660001C84266A1C96000E3BDB7FDB6ED31F6E0C
:105670001C82000E35D3800EEDD71CA8236A1CA80F
:10568000226A000EE7D71CA8236A1CA8226A400ED3
:10569000E1D7800E1F6E180E316EF10E3E6E030EB6
:1056A0003F6E2B9A87EC27F0FF0E36EC32F012009B
:1056B0009BEC44F03150D8A412006BEC41F024EC88
:1056C00046F0D8A412001DA203D01D9278EF41F03D
:1056D000EAEC42F0F29E2B9C2BBA2B8C3C50D8A4C7
:1056E0002B9CF28E1CA222D01C921C84266A1C9633
:1056F0001C9C1C9EAFEC2FF01EB407D00BD96BEC9A
:1057000041F0000EEDDA31DB20DB286A1C80E1EC91
:1057100044F01CA012001EB409D01FAE07D0450EE5
:1057200088EC16F0AFEC55F0C3EC2BF01CA03FEF6B
:1057300026F02750D8A412005850D8A4E8D02850FA
:1057400011E1545005E0140A02E1565001E0B6D0D0
:105750005650D8A412001CA412001C94320E566E8F
:105760003FEC26F01EB4EDD01FAE9ED01CBC9BD0EB
:105770006BEC41F0285007E0FF0F19E0FF0F21E02C
:10578000FF0F2BE044D0050E88EC16F050EC42F0F1
:10579000146E49EC42F0136E86EC55F095EC65F012
:1057A000200ED8A42A0E94EC16F0282A7CD0000EE5
:1057B00088EC16F075EC55F07C0E94EC16F0282A67
:1057C00072D00A0E88EC16F010CBE8FF9DEC55F075
:1057D000020E71EC55F0282A66D00E0E88EC16F0F9
:1057E000430E94EC16F0680E94EC16F06E0E94ECEA
:1057F00016F02E0E94EC16F010EE70F03350030BF2
:10580000E126E7287F0B90EC16F0282A4CD0400EBA
:1058100088EC16F009C6F3FFC6C0E8FF070B0FE0DF
:105820001DA80DD0500E94EC16F06F0E94EC16F0EF
:105830006C0E94EC16F0790E94EC16F030D02D0E20
:105840001DB8500E3EA003D0310E1DB8020EF3A0BD
:105850002A0E94EC16F02D0E1DBA500E3EA203D067
:10586000320E1DBA030EF3A22A0E94EC16F02D0E82
:105870001DBC500E3EA403D0330E1DBC040EF3A479
:105880002A0E94EC16F02D0E1DBE500E3EA603D02F
:10589000340E1DBE050EF3A62A0E94EC16F07C0EF7
:1058A00094EC16F0286A12000C0E00A684EC16F098
:1058B0000400020E0EEC31F0CCEF16F054065450FA
:1058C000C00988EC16F055281AE0545018E0FF0F74
:1058D00018E0EF0F18E0FF0F12E05550200A0DE01E
:1058E0005450FE0FF36E55300F0BF35C02E005E3EE
:1058F00006D055B002D02D0E08D03D0E06D0200E99
:1059000004D05B0E02D05D0E00D094EF16F0580666
:105910008CEF48F0576A3DEC32F01FBE1200000ECB
:105920000EEC31F0C2EC16F0F86A0900F5CF24F065
:105930000900F5CF57F0F6CF20F0F7CF21F0F86A45
:1059400004D2285003E161EC43F002D079EC43F03B
:10595000282A010E28641200286A1200000A456EE7
:1059600073656D626C653A2028502AE11CBC28D012
:105970001FAC17D05C0EF66E590EF76E000EF86E67
:105980009EEC16F075EC55F01150D8A4F2EC65F0D1
:10599000200ED8A42A0E94EC16F0050E71EC55F0EA
:1059A0000FD0000E88EC16F06BEC41F0AFEC55F028
:1059B00050EC42F0146E49EC42F0136E86EC55F058
:1059C000400EDBEC2DF0282A2850050AD8A412003E
:1059D000400E0DD9286A12001CBA71D01EB09ED09C
:1059E0001CBC05D01CBE03D0000EDBEC2DF01CBE91
:1059F00003D0400E19EC2EF0282A2850050AD8A40E
:105A00001200000EF4D8286A00B612001CA812007A
:105A10002450236012001CBE12002250235C040D8F
:105A2000F350420F88EC16F01200001450617261BE
:105A30006D657465722041737369676E2E3A20201C
:105A40001C8E2A0EF66E5A0EF76E000EF86E9EEC45
:105A500016F0400E88EC16F0185029EF56F00007AB
:105A600050617463683A2000000742616E6B3A200F
:105A70002000680EF66E5A0EF76E000EF86E07D014
:105A80005E0EF66E5A0EF76E000EF86E00D01C8E8B
:105A90009EEC16F06BEC41F050EC42F0146E49ECC9
:105AA00042F0136E86EC55F0090E71EC55F0400E85
:105AB00088EC16F010EC56F0040E71EF55F01CBC9B
:105AC00008D0000E88EC16F0AFEC55F0180E71EC13
:105AD00055F01CB606D0325088EC16F0200E94EC2F
:105AE00016F0060EF66E5B0EF76E000EF86E9EEC6C
:105AF00016F000B61200325088EC16F00E0E00A61A
:105B000084EC16F0120040145341564520203C20EE
:105B100020203E202044656C20436C721CBC22D0A7
:105B2000000E88EC16F0C1EC3EF0200E94EC16F05E
:105B30001EB20CD02D288EEC16F05F0E94EC16F0F1
:105B40004A50070B010F8EEC16F009D0520E94EC60
:105B500016F06F0E94EC16F0740E94EC16F0140E12
:105B600071EC55F01EB208D01CB606D0325088EC4D
:105B700016F0200E94EC16F0A00EF66E5B0EF76E8B
:105B8000000EF86E9EEC16F000B612001EB2120067
:105B9000325088EC16F00E0E00A684EC16F01200BF
:105BA000401447415320526F7420526E6420436C5E
:105BB000722044524D20066E2850040DF3500610FA
:105BC00088EC16F0B4D928500A0DF3502926F45069
:105BD0002A2222502824010F246004D0040E71ECE4
:105BE00055F004D04FD8200E94EC16F01200130F8D
:105BF00088EC16F01CB81AD0060E246002D0200ED5
:105C000016D0225009E02450FB0F22620AD000A6D1
:105C1000000E00B6080E0BD000A6010E00B6090E4D
:105C200006D000A6070E00B6090E01D0200E94EF94
:105C300016F0066E2850040DF350061088EC16F08E
:105C400076D928500A0DF3502926F4502A222250E2
:105C50002824010F246008D0FDEC30F01F1811E05B
:105C6000040E71EC55F00DD022502824236208D088
:105C70001CB606D01CA804D0040E71EC55F001D05F
:105C80002BD81200010E33D90800240EF5621BD068
:105C9000240E1DA094EC16F022042824346EF0EC9F
:105CA00032F00AE13C0E94EC16F02D0E1DB094EC8F
:105CB00016F03E0E94EF16F0E950800F1DB092EFF3
:105CC00016F098EF16F0030E066E0900F55094ECEE
:105CD00016F0062EFAD7120011D90350E8EF39F06A
:105CE000F36EFF0B09E11FBE07D01CB805D0010EF3
:105CF000036EF35074EF16F01A50E00B1B1007E11F
:105D0000000E056E010E036EF35074EF16F01B507B
:105D1000F30B10E11B500CE11A50800B07E11A50F5
:105D2000C00B02E1000E07D0020E05D0030E03D017
:105D3000050E01D0070E2BB0FE0F046E04BE046AE0
:105D4000020E036EF35074EF16F01CB812001FBE63
:105D500008D024042450FB0FD8A0000E1A6E1B6A32
:105D600012007F0E1A6E1B6A12001CA805D0EBD819
:105D7000C5D8055054EF33F01FBE04D02250186E22
:105D8000196A12002BAE02D0115004D06BEC41F016
:105D900049EC42F0186E196A12001CA012001CBED9
:105DA00012001CBA57D21EB0B1D21FAE06D0FF0BE4
:105DB000D8B443EF2BF03DEF2BF0236E186E276A1B
:105DC0001C84266A1C96245023601200BCD896D8E6
:105DD000045071EF29F01CA01200276A286AFF0EF8
:105DE00036EC32F01FBE1200040E0EEC31F0CCEF98
:105DF00016F091EF57F032D86BEC41F050EC42F0D6
:105E0000146E18507F0B136E336A3350C6EC16F0C5
:105E10003E1416E049EC42F013C0E7FF50EC42F0AC
:105E200014C0E7FFE3EC42F000EE81F013C0EFFF97
:105E3000B9EC41F000EE80F014C0EFFFB9EC41F096
:105E4000332A33A4E2D76BEC41F0120007D849ECB7
:105E500042F018507F0BE76EE3EF42F02BA41200E4
:105E60002BA612002B966BEC41F049EC42F0E75068
:105E70007F0B2F6E50EC42F0E750306EA2D01850DE
:105E80003F0B236E226E1C84266A1C9612005BD880
:105E90002B86336A3350C6EC16F03E1404E030D83B
:105EA000055052EC33F0332A33A4F4D727D80350EB
:105EB000570A09E00C0A07E06A0A05E0390A07E018
:105EC0000F0A03E005D0BCDD03D0D3DD01D0D8DD5F
:105ED0003DEC32F0F0EC31F01CBAFF0E1EB0FF0EBC
:105EE00036EC32F01C840A0E266E1C861200292421
:105EF000F66E000E2A20F76EF86A12006BEC41F085
:105F00000BEE00F029C0F6FF2AC0F7FFF86A09007F
:105F1000F550346EE926060EEADF0900F5CF03F0EE
:105F20000900F5CF04F00900F5CF05F0120020C0FC
:105F300029F021C02AF0F86A22500A0DF3502926D0
:105F4000000E2A22120020C029F021C02AF0F86A8F
:105F500023500A0DF3502926000E2A221200415028
:105F600002D8426E1200F90FD8B0F90E070FC8EC34
:105F700016F0010C020C040C030C050C060C070CAB
:105F80002E5003E0F2EC65F01BE12EC011F0336AF5
:105F9000335003E150EC58F009D06EEC46F009C6DE
:105FA000F3FF3350C6EC16F0F31403E033501FEC4C
:105FB00058F0332A33A4ECD787EC58F09BEC41F02F
:105FC00012006BEC41F02FC013F030C014F095ECD0
:105FD00065F028E1A96AAA6A04001BEE00F0A95046
:105FE000E126AA50E222ADEC65F0A950F5E1010EE0
:105FF000AA64F2D749EC42F013C0E7FF50EC42F03C
:1060000014C0E7FF00EE81F013C0EFFFB9EC41F0E0
:1060100000EE80F014C0EFFFB9EC41F0335002E025
:1060200095EC47F012002B861C8412001CA0120075
:106030000A6E1FC04DF023C04FF022C04EF01F6EFD
:1060400069DC03C023F004C022F08BEC2AF0185066
:106050001A64FF0E010F186E1ADF2AEC2BF04D5058
:106060000A1807E14DC01FF055DC4EC022F04FC0AA
:1060700023F01C8412001CA012000A6E1FC04DF0F9
:1060800023C04FF022C04EF01F6E44DC03C023F04B
:1060900004C022F08BEC2AF01870F9DE2AEC2BF009
:1060A0004DC01FF037DC4EC022F04FC023F01C84DF
:1060B00012001CA0120005C00AF01F6E2BDC03C0EA
:1060C00023F004C022F08BEC2AF010EE18F01AC076
:1060D00003F01BC004F00A50DCEC16F003B0D7DE6E
:1060E0003550FEDD2CEC2BF01C841200039001D007
:1060F0000380066A062AE8BE06681FAE04D0130EA7
:106100002BBE110E07D0090E0EEC31F00900F55030
:10611000D8B459D0E96EEA6A130A03E149EC42F0B7
:10612000136E0900F5501FBE7F0E076E03B00CD032
:106130000650EF2606BE04D00750EF60EF6E10D079
:106140000750EFBEEF6A0CD00650EF2606BE05D012
:106150000750010FEF60EF6A03D00750EFBEEF6EFC
:106160001FBE1AD00B0E0EEC31F00900F5500D0ACF
:1061700003E01F0A06E010D0AFEC2FF000EE42F073
:106180000BD006BE04D0EF50D8B4EF2A05D0EF50A4
:10619000D8B4EF04030BEF6E1EB01ED0E950130A03
:1061A00003E0020A05E006D013C018F024DE14D084
:1061B00020DE12D062D910D0000C5B4E6F742068C4
:1061C000657265215D20B80EF66E610EF76E000EE9
:1061D000F86E9EEC16F01C8C1C841CA812008BEF31
:1061E0002AF0000E0BD0040E09D0080E07D00C0EBA
:1061F00005D0100E03D0140E01D0180EF36E10CB84
:10620000E8FF030BF324400FF66EF76A930EF722B4
:10621000F86A000EF8220900F5501200E16E10CB6A
:10622000E8FF030B1FBC040E020D5C0EF324F66E98
:10623000930EF420F76EF86A000EF822C2EC16F006
:10624000F86A1F503F0B0C0DF350E124F626F45072
:10625000F72212001CA01200066E2250065E276A6A
:106260001C84266A1C966BEC41F00650FA0FD8B0DD
:10627000FA0E060FC8EC16F005D008D00BD00ED0E1
:1062800039D022D02CEC2BF0DBEF2AF032040F0BAC
:10629000326E39D032280F0B326E35D00BEE00F053
:1062A000000EE9263250066E0F0E06600AD0062850
:1062B000EBCF07F0065007C0EBFF062A0E0E066470
:1062C000F6D70F0EEB6A1FD00BEE00F0000EE9269A
:1062D0000E0E066E0650EBCF07F0062807C0EBFF48
:1062E0000606062803E032500660F4D73250EB6A07
:1062F000EB8A09D00BEE00F0000EE926066AEE6A82
:10630000062A06A8FCD7FADD0550CED1066E22502B
:10631000065E276A1C84266A1C966BEC41F00650C8
:10632000FB0FD8B0FB0E050FC8EC16F004D029D037
:106330002CD03ED048D0F0EC32F0020E32B6E92636
:106340003250C6EC16F0066E076AEE500614D8A45A
:106350000780ED500614D8A407820728030B076EA8
:10636000061CEF1607A002D00650EF12EF5033D8EC
:10637000061CEF1607A202D00650EF12EF502BD8E2
:1063800029D01E72326A186A25D0F0EC32F06EEC19
:1063900060F014C1E8FF1FD815C1E8FF1CD86EECEF
:1063A00060F014C1E8FF17D815C1E8FF14D812D067
:1063B000F0EC32F0000E0FD8000E0DD8000E0BD806
:1063C000000E09D807D01E90D8904A34406E030EB4
:1063D00018EF26F01200EF6EA2EC41F0EE50120022
:1063E00018501A1804E119501B1801E1200C1B5019
:1063F00006E11AC0F5FFF36A18C0F4FF06D01BC00F
:10640000F5FF18C0F3FF19C0F4FFF550F00B07E1DA
:10641000F5B61DD0F5B416D0F5B20DD007D0F5BE47
:1064200020D0F5BC1BD0F5BA17D014D0F43AF3380D
:106430000F0BF41019D0F336F436F336F436F33686
:10644000F43412D0F336F436F336F4340DD0F33698
:10645000F4340AD0F45008D0F43006D0F430E830E8
:1064600003D0F430E830E8301F0B1200551804E078
:106470005518556E140E546E1200050E586E12000B
:1064800010CBE8FFE8B215D0E8B00CD00BEE00F06E
:10649000B00E42B2A00E42B0900E3FB0D00F3424E6
:1064A000E92612000BEEB0F034503FB0B00FE926F1
:1064B0001200E8B00BD00BEE60F03450E9264050EB
:1064C0000A0DF350E926F450EA2212000BEE60F0B8
:1064D0003450E9264050300DF350E926F450EA22BA
:1064E000120010CBE8FFE8B20BD0E8B008D00BEEFA
:1064F00000F05A0E3FB0540E3424E9261200F7D7AC
:10650000E8B001D0F4D7F3D710CBE8FFE8B211D050
:10651000E8B008D00BEEC0F04450050DF350342421
:10652000E9261200BFDF4450010B070DF350E926A6
:106530001200E8B001D01200C9DF4450010B070D72
:10654000F350E926120010CBE8FFE8B20BD0E8B018
:1065500008D00BEEE0F04550100DF3503424E9263E
:106560001200A0D7E8B001D01200B0D70CEE00F0B6
:106570004750080DF3503424E92612000CEE00F0C9
:106580004750080DF350040FE92612000CEE40F0BE
:106590004A50030DF35034B6010F34B8020FE92608
:1065A00012000BEE18F04B50050DF3503424E92681
:1065B000120010CBE8FFE8B20BD0E8B008D00CEE28
:1065C0006CF04C50050DF3503424E92612006AD7C4
:1065D000E8B005D00BEE00F034C0E9FF120076D72A
:1065E00010CBE8FFE8B215D0E8B00AD03450030B66
:1065F000050D1CEE6CF0F350E126F450E22228D099
:106600000CEE00F02D38700BE9262C500F0BE9260C
:106610001200E8B00CD00CEE00F02D50200DF3501D
:10662000E9264A50070B040DF350E926120034C046
:10663000F5FF40C0E1FF34C040F02B0E346E46DF62
:10664000F5CF34F0E1CF40F0E9CFE1FFEACFE2FF50
:10665000020EE3507F0BF36E030EE3507F0BF46EDC
:106660002C507F0BF3260BEE00F0F350800FE96EF9
:10667000010EEA22F428F36002D0FF091200000B99
:10668000120000EE80F03450E926120000EE80F097
:10669000030EE9261200F5DF4050080DF350100FED
:1066A000E9261200040D03D0040D020EF3262FEC90
:1066B00039F0CBD0CAD0CAD0CDD0CFD0D4D0D8D05A
:1066C000D9D0DCD0FED0FFD002D103D105D107D183
:1066D0001FD12ED131D133D135D137D13AD13BD1A0
:1066E00041D144D14AD14DD153D156D156D156D1B1
:1066F00058D15AD163D168D170D177D17ED182D1AE
:1067000084D186D18CD18FD191D193D195D197D18C
:1067100099D19BD19DD19FD1A4D1A7D1AED1B2D1D6
:10672000B8D1BBD1BDD1BFD1C1D1C3D1C5D1C7D1E2
:10673000C9D1CBD1CDD1CFD1D1D1D3D1D5D1D5D153
:10674000D7D1D7D1DBD1DDD1E3D1E6D1E8D1EAD1C0
:10675000ECD1ECD1F2D100D20BD211D214D20FD2A3
:1067600012D2EFD1F5D114D216D218D21AD216D233
:1067700018D21AD21BD21CD226D22CD235D23ED25B
:1067800040D243D245D248D24AD24DD24ED250D234
:1067900056D25AD260D264D266D256D25CD267D276
:1067A00069D26BD274D279D27FD283D286D289D287
:1067B0008CD28FD28FD28FD28FD28FD299D299D2C0
:1067C0009ED29ED2A3D2A3D2A4D2A5D2A6D2A7D221
:1067D000A8D2A9D2B1D2B7D2C0D2C7D2CDD2D2D24A
:1067E000DED2E5D2E9D2EBD2EFD2F1D202D30FD38F
:1067F00012D315D319D31BD323D32AD331D335D3F3
:1068000038D33BD33ED341D348D34CD354D359D3BD
:1068100059D35ED362D366D366D366D36BD36ED3BC
:1068200073D376D382D38AD38AD38AD390D395D3A2
:106830009BD3A0D3A6D3ABD3B6D3BAD3C4D3D2D32E
:10684000E1D3ECD3F3D3F9D3FED3120018C0EFFF9A
:1068500070EF38F0EF5030EF38F018C0EEFF19C08D
:10686000EDFF70EF38F0EECF18F0EDCF19F0120019
:106870002CEF38F028EC38F030EF38F009C6F3FF91
:10688000335018640CD01850C6EC16F0F31412E113
:106890001828030B186EF2E13350186E0BD0185005
:1068A000C6EC16F0F31406E11804030B186E030A85
:1068B000E5E1F2D71850C6EC16F0F0093E6E1D82E5
:1068C00012003350CDD318C041F0AFEF2FF041503C
:1068D000C7D318283F6E12003F04030BC1D341EC0D
:1068E00033F03FB007D8040E342641EC33F03FB20A
:1068F00001D812001838F00BEE6E18380F0BEF6E3F
:106900001938F00BED12B9EC41F0E92AB9EF41F07A
:1069100041EC33F0000E3FA0040FE926EE380F0BD8
:10692000186EEF38F00B1812EF380F0B196E1200BB
:10693000325018C0EBFF12003250EB5091D31EB210
:10694000A0D396D71EB2120095D7F0DB18C0EFFF88
:10695000C7D396DD7FD7EADB0F0EEF161838F00BA2
:10696000EF12BED38DDDEF380F0B7AD3DFDBF00EE5
:10697000EF1618500F0BEF12B3D382DDEF500F0B51
:106980006FD3D4DBFC0EEF161850030BEF12A8D315
:1069900077DDEF50030B64D3D8D7DBD7C7DB020E0C
:1069A000A1D36EDD020E66D3C1DB18C0EFFF98DB0A
:1069B000EE5019C0EFFF94DBED50120061DDEECF19
:1069C00018F0EDCF19F01200B1DBE00EEF16185001
:1069D000EF121850D8B4EF8883D352DDEF50070B75
:1069E000EFB6080EEFB8000E3BD3A0DB1F0EEF167C
:1069F0001838E834600BEF1273D342DDEF38E8301B
:106A0000030B2ED393DB000E6DD33ADD000E32D391
:106A10008DDBF10EEF1618340E0BEF1261D330DD63
:106A2000EF30070B1DD382DB040E5CD329DD040E8F
:106A300021D37CDB050E56D323DD050E1BD376DB7D
:106A4000060E50D31DDD060E15D370DB070E4AD39C
:106A500017DD070E0FD36ADBE00EEF161850EF12AA
:106A60003FD30EDDEF501F0BFBD260DB1F0EEF1686
:106A70001838E834E00BEF1233D302DDEF38E8309A
:106A8000070BEED253DBC00EEF1618503F0BEF1280
:106A900027D3F6DCEF503F0BE3D248DB070E22D3BF
:106AA000EFDC070EE7D242DB040E1CD3E9DC040E58
:106AB000E1D23CDB030E16D3E3DC030EDBD236DB84
:106AC000000E10D3DDDC000ED5D230DB010E0AD370
:106AD000D7DC010ECFD22ADB020E04D3D1DC020EAA
:106AE000C9D233DF31EF43F034D72FDF1CEF42F050
:106AF00030D71CDB050EEF12010EF4D2C1DC010E03
:106B0000B9D214DBC00EEF1618503F0BEF12E8D2CB
:106B1000B7DCEF503F0BA4D209DB070EE3D2B0DCA9
:106B2000070EA8D218DF31EF43F01CD7E5DAF80ED4
:106B3000EF161850070BEF12D3D2D3DCEF50070B30
:106B40008FD2DADA8F0EEF161838700BEF12C8D228
:106B5000C8DCEF38070B84D2CFDA18C0EFFFC0DAF9
:106B6000EE50F00EEF161950EF12BADAED50120097
:106B7000B8DCEECF18F0ED500F0B196E1200BCDA36
:106B80001850EF6EADD2ADDCEFCF18F0196A1200DD
:106B9000B3DA030EA7D2A5DC030E6CD2ADDA070E72
:106BA000A1D29FDC070E66D20CDB50D6ADDC52D6EC
:106BB00008DB0E0EEF161804E838F00BEF12185031
:106BC000D8A4EF808DD2A0DCEF380F0B010FEFA01F
:106BD000000E46D2F6DA445034264AC00AF04A6A19
:106BE0006BDB0AC04AF01200445034264AC00AF057
:106BF0004A6A6BEC39F00AC04AF01200E2DA010E80
:106C000071D284EC32F0010E35D2DBDA030E6AD297
:106C100084EC32F0030E2ED2D4DA020E63D284EC6E
:106C200032F0020E27D2F9DA11D6A3EC32F012D6E6
:106C3000F4DAF80EEF161850070BEF1251D2A3EC4E
:106C400032F0EF50070B0CD2E8DA8F0EEF1618383F
:106C5000700BEF1245D2A3EC32F0EF38070B00D2E5
:106C6000DCDA070E3FD2A3EC32F0070E03D2B6EC0B
:106C700032F0ECD5B6EC32F0EDD5B6EC32F018507F
:106C8000E10FE8BE03D0800FEF6E2AD2DFD5B6EC5D
:106C900032F0EF50EFBE9E0FE3D1B6EC32F0F00EC3
:106CA000EF161850EF121CD2B6EC32F0EF500F0B6B
:106CB000D7D1B6EC32F0060E15D2B6EC32F0060E95
:106CC000D9D1B6EC32F0070E0DD2B6EC32F0070E89
:106CD000D1D1CCD2E0D2F0D2FED210D9405007E1CF
:106CE00010EE70F03350030BE12618C0E7FF1200DE
:106CF0000BD1FAD850EC42F018C0E7FFB4D9FAD063
:106D0000F3D849EC42F018C0E7FFADD9F3D0000E3C
:106D1000E9D1000EAFD1010EE5D1010EABD1020ECB
:106D2000E1D1020EA7D141EC33F01850320FD8B0A8
:106D3000FF0EEF6EB9EF41F041EC33F0EF50CE0FA4
:106D4000D8A0000E8DD141EC33F0FC0EEF1618B038
:106D5000EF8018B2EF82B9EF41F041EC33F0000E52
:106D6000EFB00109EFB202097BD141EC33F0EF96AD
:106D700018B0EF86B9EF41F041EC33F0000EEFB6FA
:106D8000010E6ED134500FEC97F0E150020FE96E16
:106D9000E250040FEA6E18C0EFFFD0EF41F034501C
:106DA0000FEC97F0040EE226020EE35059D1D1EC1D
:106DB00032F04CDD15EF42F0D1EC32F04BD5D1EC96
:106DC00032F044DD1CEF42F0D1EC32F043D51938FB
:106DD000F00BF46E18380F0BF4121838F00BF36E3A
:106DE000F3CFEFFF7DD9EE50F4CFEFFF79D9ED501F
:106DF0001200EECFF3FFEDCFF4FFF4380F0B196E56
:106E0000F438F00B186EF3380F0B18121200140E32
:106E1000E96E345067D1140EE96E34502BD1D9ECA1
:106E200032F014DD1CEF42F0D9EC32F013D5D9EC7E
:106E300032F0EF9CEF9E18B0EF8C18B2EF8E50D16D
:106E4000D9EC32F0000EEFBC010EEFBE020908D102
:106E5000D9EC32F0C00EEF1618503F0BEF1240D1B4
:106E6000D9EC32F0EF503F0BFBD0D9EC32F0060EEC
:106E700039D1D9EC32F0060EFDD0D9EC32F0070E44
:106E800031D1D9EC32F0070EF5D0D9EC32F0800ECA
:106E9000EF1618507F0BEF1223D1D9EC32F0EF50E0
:106EA0007F0BDED0D9EC32F018047F0B1852D8B427
:106EB000800EEF6E15D1D9EC32F0EF28EFBE000E48
:106EC000CFD016D2F0EC32F0D8A42AEF34F0C8D0EC
:106ED000BFD8EF9018B0EF801200BAD8000EEFB014
:106EE000010EBED01AD251D241EC33F01850EF6EE1
:106EF000B9EF41F041EC33F0EF50B2D04BEC33F04E
:106F00001850EF6EB9EF41F04BEC33F0EF50A8D0D2
:106F100046EC33F03450C6EC16F018B003D0FF0A3C
:106F2000EF1601D0EF12B9EF41F046EC33F03450D8
:106F3000C6EC16F0EF14D8A4010E92D01200120085
:106F400041EC33F0EF9C18B0EF8CB9EF41F041EC1D
:106F500033F0000EEFBC010E83D041EC33F0EF981C
:106F600018B0EF88B9EF41F041EC33F0000EEFB804
:106F7000010E76D041EC33F0EF9E18B0EF8EB9EFF2
:106F800041F041EC33F0000EEFBE010E69D03350FA
:106F900008E141EC33F0F80EEF161850EF12C3EC95
:106FA00041F031EF43F041EC33F0EF50070B58D094
:106FB00012D83450C4EC16F0EF16FF0A1852D8A4B9
:106FC000EF12B9EF41F007D83450C6EC16F0EF14C9
:106FD000D8A4010E45D041EC33F0E950F00B070F77
:106FE000E96E120089D81850200DF3CFEFFF78D842
:106FF000EE501850200DF00EEF16F450EF1270D82E
:10700000ED50120071EC32F0EE38E830070B186EDC
:10701000ED38E830780B1812196A1200A3EC32F040
:107020001850800FE8AE800EEF6E5AD0A3EC32F00D
:10703000EF50800FE8BE000E13D0A3EC32F0D890D2
:107040001834EF6E4DD0A3EC32F0D890EF3008D06A
:10705000EA6AE99EEF501200FBDF18C0EFFF120052
:10706000186E196A120049EC42F0E79EE7CF18F05B
:1070700026EF2FF0C6EC16F0EF14000ED8A4010E88
:10708000EFD7F0EC32F0EECF06F0EECF08F0EECF17
:1070900007F0EFCF09F0FD0EE92636AE0BD0D89001
:1070A00007320632D8B0078ED89009320832D8B0ED
:1070B000098E0AD0D89006360736D8B00680D89008
:1070C00008360936D8B0088006C0EFFF09D808C0D6
:1070D000ECFF06D807C0ECFF03D809C0ECFF00D0D6
:1070E000A2EF41F018B004D0C4EC16F0EF16F8D7B8
:1070F000C6EC16F0EF12F4D7FDCFF6FFFECFF7FF88
:10710000FFCFF8FF10CBE8FFE8B20DD0E8B00AD00F
:10711000540EE9263FB04BD8060EE9263FB247D8B9
:1071200006001200F5D7E8B000D0F2D7FDCFF6FF89
:10713000FECFF7FFFFCFF8FF10CBE8FFE8B230D06B
:10714000E8B020D03FA00DD0600E3424E96E42B0EC
:107150002ED8100EE92642B22AD8100EE92642B4E3
:1071600026D83FA20DD0900E3424E96E42B01FD82D
:10717000100EE92642B21BD8100EE92642B417D8E9
:10718000060012003FA004D0600E3424E96E0FD830
:107190003FA204D0B00E3424E96E09D806001200D4
:1071A000E8B000D040EC32F002D806001200F29EA7
:1071B0000500F650FD6EF750FE6EF850FF6EF28E31
:1071C0001200FDCFF6FFFECFF7FFFFCFF8FF10CB89
:1071D000E8FFE8B21FD0E8B005D084EC32F0E7DF7A
:1071E000060012003FA009D0600E3424E96E44501E
:1071F000010B070DF350E926DADF3FA209D0B00EEC
:107200003424E96E4450010B070DF350E926CFDF1B
:1072100006001200E8B000D0E0D7FDCFF6FFFECFA9
:10722000F7FFFFCFF8FF10CBE8FFE8B215D0E8B0CA
:1072300005D0A3EC32F0BBDF060012003FA004D063
:10724000600E3424E96EB3DF3FA204D0B00E3424C4
:10725000E96EADDF06001200E8B000D0EAD7F350C7
:10726000FD26F450FE22000EFF221200BEEC32F08A
:107270003450C6EC16F0066E3450C4EC16F0076EAF
:10728000EF16065018B0EF122BDF0750EC16065021
:1072900018B2EF1225D7BEEC32F03450C6EC16F01F
:1072A000066E186A196AEE500614D8A41880ED50BC
:1072B0000614D8A418821200C6EC32F03450C6EC82
:1072C00016F0066E3450C4EC16F0076EEF1606503A
:1072D00018B0EF1205D7C6EC32F03450C6EC16F0F9
:1072E000066E186A196AEF500614D8A418801200A6
:1072F000F0EC32F02C50800A03E018C0EFFFF0D61B
:107300002C6AF0EC32F006E018C0EFFFE9DE2C2A20
:107310002CAEF7D7800E2C6E12002C50F00B06E02E
:107320002C6A04D82C2A2CA8FCD71200F0EC32F0DE
:10733000345007E0FF0F0BE0FF0F11E0FF0F17E0E5
:107340001CD0F00EEF1618500F0BEF12C9D6CF0E4F
:10735000EF161838300BE8BAE878EF12C1D63F0EB6
:10736000EF161838E834E834C00BEF12B9D6800EA7
:10737000E926EF9E18B0EF8EB3D6800EE926800E78
:10738000EF1618507F0BEF12ABD6F0EC32F0345002
:1073900007E0FF0F08E0FF0F0BE0FF0F0EE013D038
:1073A000EF500F0B5DD6EF38030BE8B2E87058D6FC
:1073B000EF38E830E830030B53D6800EE926000E94
:1073C000EFBE010E4DD6800EE926EF507F0B48D65A
:1073D000830FD8B0830E7D0FC8EC16F07CD07ED022
:1073E00080D082D084D086D087D08FD0A4D0A8D0AF
:1073F000ACD0AED0B0D0CFD0B1D0D1D0D3D0E1D0FE
:10740000D3D0F3D0F4D0F7D0F9D0FBD006D11AD135
:107410001CD11DD11ED11FD120D12BD135D13BD1B3
:107420003DD146D148D14AD14CD14ED151D155D17F
:1074300058D15AD163D165D167D169D16BD16DD1A2
:107440006DD176D180D182D185D188D192D197D199
:1074500096D19BD1A7D1B7D1B9D1BBD1C3D1C5D119
:10746000C7D1C9D1CAD1CBD1D5D1D8D1DAD1E3D105
:10747000EED1F6D119D2FCD1FED100D217D228D24A
:107480002BD22ED241D244D24BD252D255D258D244
:1074900066D269D26CD26FD27CD280D283D289D2AA
:1074A00092D2A1D2A2D2ADD2B4D2BAD2C8D2CBD2C9
:1074B000CED211D313D31AD33FD33FD347D352D312
:1074C00053D35FD363D364D367D367D36AD36DD306
:1074D00070D38CD393D3040E71EF55F0EF503FEF80
:1074E0003EF0EF283FEF3EF0EF504EEF3EF0EF5012
:1074F0005BEF3EF035EF3EF010EE70F03350030BD3
:10750000E126E7287F0B3FEF3EF0200E1DEC3EF01A
:1075100049EC42F0136E50EC42F0146E410F1DEC3A
:107520003EF095EC65F0200ED8A42A0E1DEC3EF03E
:10753000200E1DEF3EF049EC42F0010F43EF3EF00C
:1075400006EC3EF0010F43EF3EF0000E78EF3EF008
:10755000010E78EF3EF0020E78EF3EF006EC3EF0C2
:10756000066E09C607F02D0E06B0310E07A02A0ED2
:1075700064DB2D0E06B2320E07A22A0E5EDB2D0E44
:1075800006B4330E07A42A0E58DB2D0E06B6340EB1
:1075900007A62A0E52D306EC3EF09DEF3EF036DBF6
:1075A0003FEF3EF033DB6AD331DB200E46DB2D0E9E
:1075B000EFB04C0E42DB2D0EEFB2520E3EDB200E32
:1075C0003CD341EC33F0000E3FA0040FE926EF500E
:1075D000EC3896EC16F0ED38F00BF36EEF380F0B3D
:1075E000F31098EC16F0200E28D317DB48D315DBE8
:1075F000E8380F0B44D311DB0F0B41D30EDB7F0BAD
:107600003DD30BDB070BF36E040B04E0F350030BCD
:107610007C0F51D3F350800F4ED3FFDA340EF66E49
:10762000760EF76E000EF86E000EEFB0010EEFB2A0
:10763000020E70D34E6F722043544720476C732064
:107640003F3F3F20EADA020E53D3E7DAF8D2E5DA19
:107650000CD3E3DA23D3E1DA2ED3DFDA7C0EF66E35
:107660007F0EF76E000EF86EEF500F0BEFB8000EA6
:1076700051D3D3DABC0EF66E7F0EF76E000EF86EA5
:10768000EF30E838030B46D3C8DAD8B44ED3B6ECA3
:10769000AAF0200ED2D2C1DA000E2AD3BEDAF00E42
:1076A000F66E7F0EF76E000EF86EEF30070B32D3DA
:1076B000B4DA040E1DD3B1DA050E1AD3AEDA060E13
:1076C00017D3ABDA070E14D3A8DAEF501F0BD6D2BC
:1076D000A4DAEF38E830070BD1D29FDAEF503F0B36
:1076E000CDD29BDA070E04D398DACC0EF66E7F0E5D
:1076F000F76E000EF86EEF500F0B0CD38EDA040EFF
:10770000F7D28BDA030EF4D288DA000EF1D285DAE2
:10771000010EEED282DA020EEBD267D77EDACC0E01
:10772000F66E7F0EF76E000EF86EEF380F0BF2D28A
:107730005C0EF66E7F0EF76E000EF86E71EC32F096
:10774000EF50070BE7D271EC32F08FD271EC32F0D0
:10775000EF5095D271EC32F0EF5091D23C0EF66EB4
:107760007F0EF76E000EF86E71EC32F0EF38070BFB
:10777000D1D271EC32F0EFCF03F0030EBBD271EC3B
:1077800032F0EFCF03F0070EB5D21C0EF66E800E6E
:10779000F76E000EF86E45DAE8380F0B010FEFA018
:1077A000000EB8D23EDA440EF66E800EF76E000E72
:1077B000F86EFE0EEBA405D0EF30E830E8301F0B7A
:1077C000A9D2EF505CD211EC3EF059D211EC3EF050
:1077D00072D2445034264AC00AF04A6A79D80AC0A4
:1077E0004AF012001EDA010E83D21BDA030E80D299
:1077F00018DA020E7DD219DA42D217DA5CD215DA23
:10780000070BF36EC40EF66E800EF76E000EF86E68
:10781000F35080D20ADAEF38070BF3D706DA070EF7
:1078200067D2E40EF66E800EF76E000EF86EFDD98C
:10783000EF38070B6FD2040EF66E810EF76E000E56
:10784000F86EF7D9E8AE02D07F0B19D263D2800E62
:10785000F66E810EF76E000EF86EEBD90F0B5AD252
:10786000C00EF66E810EF76E000EF86EE2D952D29F
:10787000E0D9060E3DD2DDD9070E3AD2BEEC32F089
:107880003450C6EC16F0066EEE5006144C0ED8B40A
:107890002D0ED3D92F0ED1D9ED500614520ED8B4D7
:1078A0002D0ECBD9200EC9D1C4D905D2640EF66EE7
:1078B000820EF76E000EF86EEA6AEF34E834FC0BC5
:1078C000F626000EF722000EF822030E9CEF16F0AB
:1078D000C6EC32F034500CD241EC33F0EF50CFD143
:1078E000FC0EF66E780EF76E000EF86E41EC33F07B
:1078F000000EEFB0010EEFB2020E0CD24D73742EDB
:10790000536C762E4175746F41EC33F0030EF0D159
:107910009C0EF66E820EF76E000EF86E77D9FAD1D5
:1079200034500FEC97F0040EE226020EE350A7D17C
:10793000D1EC32F0EF50A3D1D1EC32F0EF509FD127
:10794000EECFF3FFEDCFF4FFF43896EC16F0F450E1
:1079500096EC16F0F33896EC16F0200E6ED1140E5D
:10796000E96E3450C5D1D9EC32F0EF5088D1D9EC62
:1079700032F0EF5083D1D9EC32F02D0EEFBC4C0E2B
:107980005CD92F0E5AD92D0EEFBE520E56D9200EAD
:1079900054D1D9EC32F0EF503F0B70D1D9EC32F02A
:1079A000070EA6D1D9EC32F0EF507F0B0BDA200E88
:1079B00044D1D9EC32F0EFBE05D0EF507F0B02DAA4
:1079C000200E3BD1B2D122D97F0E2C6408D0410EBB
:1079D00034D96C0E32D96C0E30D9200E2ED1EF5026
:1079E000F1D9200E2AD106EF3FF0480E1DB0440E0B
:1079F00024D9650E22D9780E1DB0630E1ED9200E33
:107A00001CD1470E1AD96F0E18D9210E16D9200E87
:107A100014D1FCD80F0E2C6401D0D9D7EF502ED141
:107A2000D9EC32F0EF50F80B02E1EF5027D1200EE5
:107A300004D9200E02D92D0E00D9200EFED0D9EC8B
:107A400032F0070E55D1D9EC32F0060E51D1F0ECE0
:107A500032F0345007E0FF0F18E0FF0F27E0FF0F70
:107A600031E034D0200EE9D8EF500F0B020DBC0EE0
:107A7000F324F66E820EF420F76EF86A000EF822F8
:107A8000020E9CEC16F0200ED8D09C0EF66E7A0EEC
:107A9000F76E000EF86EEF38030B3CD1202D20203E
:107AA0002055702044776E20557032202D0EEFBC8B
:107AB0002A0EC3D8200EC1D82D0EEFBE2A0EBDD877
:107AC000200EBBD0800EE926070E12D1800EE926CB
:107AD000EF507F0BD4D0A1D8EF503ED1470EADD898
:107AE000650EABD86E0EA9D8200EA7D01CA802D068
:107AF0001CA61CD030C014F02FC013F095EC65F01C
:107B00000DE014500BE03050410F97D82D0E95D852
:107B10002D0E93D82D0E91D8200E8FD030C0F3FFAC
:107B20002FC0F4FF86EC55F0200E87D03050410F67
:107B300084D8040E71EF55F01200450E88EC16F053
:107B40002FC013F030C014F010EF56F02E5006E0A6
:107B5000F2EC65F003E0450E70D8E7D02EC0F3FFDD
:107B600077EF55F056D88AD054D8F00B02E1EF5099
:107B700085D0200E62D82D0E60D82D0E5ED8200E36
:107B80005CD047D8B6ECAAF0200E57D042D886D0A9
:107B900046EC33F03450ACD0120041EC33F0060E1A
:107BA000A7D041EC33F0040EA3D041EC33F0070E24
:107BB0009FD041EC33F0EF50070B10E03350200E14
:107BC000D8A4280E3AD8EF50070B8EEC16F033509D
:107BD000200ED8A4290E31D8200E2FD06F0E2DD80C
:107BE000660E2BD8660E29D8200E27D041EC33F034
:107BF000E950F00B070FE96E34507AD0100EF66E94
:107C0000800EF76E000EF86EEF5084D0EA6AEF50E7
:107C100012004BEC33F0EF50120040EC32F0EF501A
:107C2000120084EC32F0EF501200A3EC32F0EF506F
:107C30001200B6EC32F0EF50120094EF16F0066E20
:107C4000200EFBDF065098EC16F0200EF6D7066EDD
:107C50002B0E06AC2D0EF1DF06507F0B4008E8BE60
:107C6000E86C98EC16F0200EE8D7EC5096EC16F085
:107C7000ED50EF5098EC16F0200EDFD7010F92EC8C
:107C800016F0200EDAD7036AF4EC16F0045096ECE6
:107C900016F0035098EC16F0200ECFD7066E200E8B
:107CA00006AC2D0ECADF06504008E8BEE86C90EC2A
:107CB00016F0200EC2D7E8AE05D07F0B92EC16F07E
:107CC000200EBBD78008066E9C0F07E22D0EB5DF95
:107CD000065090EC16F0200EB0D7060EAEDF065020
:107CE0009C0F036AF4EC16F098EC16F0200EA5D762
:107CF000EFCF03F0C6EC16F0031404E1200E9DDF75
:107D00006F0E03D0200E99DF2A0E97DF200E95DF2D
:107D1000200E93D7E836E834FC0BF626000EF72247
:107D2000000EF822040E9CEF16F02D0E86DF2D0EAD
:107D300084DF2D0E82DF200E80D7066E2D0E06B05A
:107D4000310E7BDF2D0E06B2320E77DF2D0E06B41C
:107D5000330E73DF200E71D7020D160EF324F66E6C
:107D6000580EF420F76EF86A010EF8220900F5CFDC
:107D7000F3FF0900F5CFF7FFF3CFF6FF040E9CEFFA
:107D800016F0F0EC32F0EECF06F0EECF08F0EECFCA
:107D900007F0EECF09F0100EF36E06B006D008B073
:107DA00002D0A50E07D0410E05D008B002D02A0E91
:107DB00001D0530E42DF0732063209320832F32E69
:107DC000ECD712001DA002D092EF16F0066E200E26
:107DD00034DF065098EF16F01DB00CD0066E2B0E57
:107DE00006AC2D0E2ADF06507F0B4008E8BEE86C7B
:107DF00098EF16F0066E2B0E06AC2D0E1EDF065009
:107E00004008E8BEE86C90EC16F01200F0EC32F09E
:107E100017E110CBE8FF030B030A0BE11BEE8DF01B
:107E20003450070B300DF350E126F450E222E7BE48
:107E300007D02E0E02DF2E0E00DF2E0EFEDE58D0F3
:107E4000EFAE54D010CBE8FFE8B20ED0E8B00BD0C4
:107E50001CEE6DF03450030B050DF350E126E75096
:107E6000FC0BFC0A1DD0F4D7E8B001D0F1D71BEE13
:107E70008DF03450070B300DF350E126F450E22220
:107E8000E7AE09D0010EE126E7507F0B010F2C6011
:107E900029D0FF0EE126FF0EE126E750F80BF80A85
:107EA00021E1EF50FC0BFC0A0AE14B0EC6DE790E15
:107EB000C4DEEF50030B010F8EEC16F019D0EF501B
:107EC0007F0B06E0FF0F06E0010FB6ECAAF010D022
:107ED0002D0E01D02B0EF56EB0DEF550AEDEF55056
:107EE000ACDE06D0EF507F0B6DDF02D0EF5074DFB9
:107EF00010CBE8FFE8B209D0E8B006D01CEE70F075
:107F00003450030B050D09D0F9D7E8B001D0F6D7EE
:107F10001BEE64F03450070B300DF350E126F450A3
:107F2000E222E7BE1200E7507F0BF36EE950800FAC
:107F3000F3183C0ED8A4200E80DE12002D2D2D202B
:107F40004C2D2D202D422D204C422D202D2D482012
:107F50004C2D48202D4248204C4248202D2D2D20CC
:107F6000312D2D202D322D2031322D202D2D33205D
:107F7000312D33202D323320313233206F6666208D
:107F80005472692053617720542B532050756C2014
:107F9000502B5420502B5320505354204E6F6920A7
:107FA0004E7331204E7332204E7333204E73342083
:107FB0004E7335204E7336204E7337202D2D2D20D5
:107FC00053796E2052696E2052265320204C522045
:107FD000204C2D20202D5220204F3120204F3220A8
:107FE000204F3320204F3420204F3520204F362083
:107FF0005570202044776E20552644204426552075
:108000005544322044553220526E6420722E37205F
:108010004E6F722053752D2053752B206F6666208E
:1080200053696E20547269205361772050756C201B
:1080300052616E2050536E2050547220505377205E
:1080400050506C202D2D2D2031366220313462208D
:1080500031326220313062202039622020386220A3
:1080600020376220203662202035622020346220B2
:10807000332E356220336220322E35622032622068
:10808000312E356220316220312F3244312F31546C
:10809000312F3220312F3444312F3254312F3420BC
:1080A000312F3844312F3454312F38202F3136447A
:1080B000312F38542F3136202F3332442F3136545C
:1080C0002F3332202D2D2D20417431204174322048
:1080D0004465312044653220537573205265312048
:1080E000526532202D2D2D20412D2D202D442D2067
:1080F00041442D202D2D5220412D52202D4452201F
:10810000414452202D2D2D20454731204547322016
:108110004C4631204C4632204C4633204C463420CD
:108120004C4635204C4636204D5031204D503220A3
:108130004D5033204D5034204D5035204D50362079
:108140004D5037204D5038204D6457204B657920D5
:108150004B2331204B2332204B2333204B2334201D
:108160004B2335204B2356204B2350204B234120BB
:108170005754312057543220575433205754342009
:108180002D2D2D205372312053723220312B32206D
:10819000312D3220312A3220584F52204F52202088
:1081A000414E44204D494E204D415820313C322013
:1081B000313E3220313D322053264820722E32206B
:1081C0002D2D2D20507431205074322050743320C6
:1081D000507434205074352050743620505731205C
:1081E00050573220505733205057342050573520A5
:1081F00050573620466C3120466C3220566C312068
:10820000566C32204C4431204C4432204C443320B4
:108210004C4434204C4435204C4436204C523120C0
:108220004C5232204C5233204C5234204C52352088
:108230004C5236204578312045783220457833201D
:1082400045783420457835204578362045783720E4
:108250004578382057543120575432205754332012
:10826000575434204E4F6E204E4F662045315320D8
:10827000453253204C3150204C3250204C3350204A
:108280004C3450204C3550204C365020436C6B20E1
:10829000436C3620433234204D5374204B2331201D
:1082A0004B2332204B2333204B2334204B233520C8
:1082B0004B2356204B2350204B2341204320432364
:1082C000442044234520462046234720472341207D
:1082D00041234220432B030E3EB4020E3EB2010E58
:1082E0003EB0000E336EFF0B12003D5008E012004E
:1082F0006BEC41F03D18D8B4120033C03DF03DC0E6
:1083000033F0335010E10BEE00F017EE00F0F36A9B
:10831000F46AE6CFEEFFF32AD8B4F42AF4A2F9D730
:1083200050EC58F004D02FEC46F06EEC46F01C8474
:108330001FBE1C8212003D50336E02E150EF58F018
:108340006EEF46F033500CE1E9CFE1FFEA50FC0F4D
:10835000E26EEFCFE7FF020EE226EFCFE7FF12005B
:10836000E9CF03F0EA50F50F046EEF5098EC45F0BA
:108370001200335002E1DAEF57F0800EE924036E69
:10838000EF50B1EF45F03350D8A41200DAEC57F0BB
:10839000332AF3DF332AF1DF332AEFDF336A1200A7
:1083A000335006E1EFCF03F0345088EC96F005D05F
:1083B00034C003F0EF50E1EC45F02BA2120010EEB8
:1083C00070F03350E1263450070BC8EC16F007D09C
:1083D00014D015D016D017D018D018D025D0010E33
:1083E000F36EE7500F0BB00924EC16F0F35024ECB9
:1083F00016F0EF307F0B24EF16F0100EF1D7110EB0
:10840000EFD7120EEDD7130EEBD71200E7500F0B7C
:10841000E00924EC16F0000EEFB0400E24EC16F04C
:10842000EF307F0B24EF16F01200335003E14B5076
:1084300001EF97F0F9EF45F0335002E1A1EF5AF068
:10844000A0EF46F095D81C841FBE1C82120033B2E8
:108450000CD033B005D068C013F06CC014F011D04C
:1084600069C013F06DC014F00CD033B005D06AC0F1
:1084700013F06EC014F005D06BC013F06FC014F091
:1084800000D0139E120068C013F06CC014F0139E4D
:10849000120010EE68F03350E126E7507F0B120017
:1084A00010EE6CF03350E126E750070B120001018B
:1084B000F36A00EE70F0F350E926EF500B190F0B42
:1084C0000EE1F80EE9260C51EF187F0B08E00CC105
:1084D000EFFF0C0EE926EFBE02D0810EEF6EF32AFD
:1084E000F3A4E7D712000101F36A00EE70F0F35035
:1084F000E926EF500B190F0B12E1FC0EE9260D5186
:10850000EF18070B0CE00D51070BEF6EFC0EE92680
:10851000EF9E0C0EE926EFBE02D0810EEF6EF32A1D
:10852000F3A4E3D7120010CBE8FF37EC43F033504D
:1085300012E10BEE00F017EE00F029EE00F0020E53
:10854000F36EEFCFE6FFEECFDEFFE950FAE1F32E58
:10855000F8D74BEF59F06EEF47F0336A3350C6EC63
:1085600016F03E1401E0DFDF332A33A4F7D7B3D689
:1085700010EE74F03350E126E750D8A424D03350E5
:1085800011E1010EE76E000168BF1AD068C013F058
:108590006CC014F0688FCDEC5AF010C7E8FF37ECD0
:1085A00043F00ED0060EE76E10EE68F03350E3BED7
:1085B00007D0E38EA2EC46F027EC42F0D2EC46F076
:1085C0003DEC32F0120010EE74F03350E126800ED4
:1085D000E76E1200336A0FD80AE1E79E33DFC6C0A8
:1085E000E8FF070B04E0800E756F766F776F332A14
:1085F00033A4F1D7120010EE74F03350E126E7AE49
:1086000004D0E7507F0B01E11200FF0912001DB8F2
:1086100004D0F00E1D12F5EF59F00F0E1D165CEF91
:108620005AF0336E3350C6EC16F0E838F00B076E94
:10863000F29E1D5007181D6EF28E3350C6EC16F0D8
:10864000E8381D1401E001D006D0335002E1F5EF07
:1086500059F0A4EF46F0335002E15CEF5AF0B9EF65
:1086600046F0335002E126EF5FF0BBEF46F0030B1C
:10867000F36E030EF46E33B2F33A33B2F43A33A02E
:1086800005D0D890F336F336F436F436F41C591688
:10869000F35059121200595033B2E83833A004D0C5
:1086A000D890E830D890E830030B120000145349FA
:1086B000443120452E20506C7920496E6920446D4C
:1086C00070200C0E00A684EC16F0AC0EF66E860E32
:1086D000F76E000EF86E9EEC16F0030E88EC16F0A6
:1086E0006BEC41F0010F8EEF16F050742E20456EAA
:1086F0007320400E88EC16F042D84C0E3FA02D0E91
:108700003FD8520E3FA22D0E3BD839D8200E94EC04
:1087100016F010CBE8FF030B9DEC55F0200E94EC07
:1087200016F02DD86BEC41F0C6EC16F0E8381D14AD
:108730006F0ED8A42A0E24D822D821D8F2D8066EDB
:10874000E8BC010E040DEA0EF324F66E860EF4204A
:10875000F76EF86A000EF822040E9CEC16F006BCC8
:108760000BD06BEC41F050EC42F0146E49EC42F04F
:10877000136E86EC55F002D075EC55F01200200E09
:1087800094EF16F0066EFBDF6F0EFADF660E06B092
:108790006E0EF6DF660E06B0200EF2DFF0D79EEC0E
:1087A00016F0400EFAEF16F0070BC8EC16F007D0E3
:1087B0000DD06BD03BD097D01200120012003F2892
:1087C000030BD8B4010F3F6E1C8412000BEE10F0A7
:1087D000EF50010F030BF36EEF50FC0BF310EF6E35
:1087E000DEEC5AF0ADEC42F0406A416AAFEC2FF09B
:1087F000446A456A476A4A6A4B6A4C6A3DEF2BF005
:10880000401420506174636820496E697469616C1A
:108810006973656420204014456E73656D626C65F4
:1088200020496E697469616C697365647AD8E8BCC3
:108830000CD0DEEC5AF0ADEC42F0000EF66E880E75
:10884000F76E000EF86EABDF1200B0EC58F0160EAB
:10885000F66E880EF76E000EF86EA1DF120040145F
:108860002D2D20416C6C204E6F746573204F666611
:10887000202D2D2040142D2D20506C6179696E67BC
:10888000205061746368202D2D2094EC23F06BEC54
:1088900041F0C6EC16F0E8381D1407E0740EF66ED1
:1088A000880EF76E000EF86E06D05E0EF66E880E1D
:1088B000F76E000EF86E73DF120040142D2D20505D
:1088C000617463682044756D702073656E74202D2B
:1088D00040142D2D20456E732E2044756D7020732D
:1088E000656E74202D201DD80809E8CF07F1146AA1
:1088F000136A33C012F0E8BC0DD0BA0EF66E880EC3
:10890000F76E000EF86E4BDFA5EC94F004EC16F059
:10891000126E1200D00EF66E880EF76E000EF86E14
:10892000F2D7000E1FBC700E120091DDC3EF65F090
:108930008EDDD5EF65F03104D8A41200316AF2EC77
:1089400065F002E0116A04D0115002E1010E116ECF
:1089500091EF57F0001453494478206E6F742063F0
:108960006F6D70617469626C6520001453494478BE
:10897000206E6F7420617661696C61626C65202085
:108980004014284E6F204D424E657420526573701E
:108990006F6E7365292040142843414E2042757341
:1089A000204572726F7273292020202040142843C2
:1089B000414E2064697361626C6564212920202026
:1089C00020206BEC41F0C6EC16F0060109153BE1E6
:1089D0001C9000BB14D03350C6EC16F006010A15EB
:1089E0000EE0540EF66E890EF76E000EF86E9EECD9
:1089F00016F0400E88EC16F0335041D81DD06A0EA8
:108A0000F66E890EF76E000EF86E9EEC16F00601FB
:108A100000BB01D007D0AC0EF66E890EF76E000ECB
:108A2000F86E08D000A906D0960EF66E890EF76E85
:108A3000000EF86E9EEC16F0030E88EC16F033284C
:108A40008EEC16F0120012006BEC41F0C6EC16F042
:108A50000601091503E133507FEC20F01200336E5C
:108A6000030B10EE68F0E39EE3EC42F033500DECA4
:108A700058F0B8EC47F09BEC41F01C82120006EE77
:108A800020F0E834E834E834380BE926500E94EC52
:108A900016F0EE50036AF4EC16F0045096EC16F063
:108AA000035098EC16F0200E94EC16F0040EF36EC2
:108AB000EE50D8B43F0E94EC16F0F32EF9D7200EFA
:108AC00094EC16F0560E94EC16F0EE50036AF4ECAB
:108AD00016F0045096EC16F0035098EC16F02E0E9B
:108AE00094EC16F0EE50EECF03F0F4EC16F00550D7
:108AF00096EC16F0045098EC16F0035098EC16F033
:108B0000120033C005F60601060E076F086B000E53
:108B1000C3EC1FF00CE1030EE66E03C0E6FF04C0D9
:108B2000E6FF05C0E6FFF6EC1FF0D8A444D2120021
:108B3000056E33C005F60601120E076F086B000EB6
:108B4000C3EC1FF00DE1040EE66E03C0E6FF04C0A7
:108B5000E6FF05C0E6FFE66AF6EC1FF0D8A42BD2CC
:108B60001200056E33C005F60601110E076F086B83
:108B7000000EC3EC1FF00CE1040EE66E03C0E6FF2E
:108B8000E66A05C0E6FFE66AF6EC1FF0D8A413D249
:108B90001200056E33C005F606011C0E076F086B48
:108BA000000EC3EC1FF00CE1040EE66E03C0E6FFFE
:108BB000E66A05C0E6FFE66AF6EC1FF0D8A4FBD132
:108BC0001200056E33C005F60601130E076F086B21
:108BD000000EC3EC1FF00CE1040EE66E03C0E6FFCE
:108BE000E66A05C0E6FFE66AF6EC1FF0D8A4E3D11A
:108BF000120033C005F60601140E076F086B000E55
:108C0000C3EC1FF008E1010EE66E03C0E6FFF6ECD0
:108C10001FF0D8A4D0D112000601076F086B33C033
:108C200005F6000EC3EC1FF006E1000EE66EF6EC52
:108C30001FF0D8A4C0D11200000EEED7010EECD761
:108C4000100EEAD7170EE8D7335004E1376A386AB6
:108C5000000B12003750381004E1000B1200376A85
:108C6000386A1CEC46F034E137C007F638C008F625
:108C7000010EC3EC1FF030E1000EE66EF6EC1FF0C3
:108C8000D8A499D16550080AD8A495D137C0E9FF76
:108C90003850010B0B0FEA6E66CFEEFF67CFEEFF89
:108CA00068CFEEFF69CFEEFF6ACFEEFF6BCFEEFF2E
:108CB0006CCFEEFF6DCFEEFF080E3726D8B4382A02
:108CC00037501F0BD1E1375005E13850FE0B02E061
:108CD000376A386A1EEC46F0FF0912001CEC46F0B9
:108CE0002CE1A96AA9CF07F6FF0EE8CF08F6010E1E
:108CF000C3EC1FF024E1000EE66EF6EC1FF0D8A4E2
:108D00005AD16550080AD8A456D100EE80F0A95077
:108D1000E92666CFEEFF67CFEEFF68CFEEFF69CFA3
:108D2000EEFF6ACFEEFF6BCFEEFF6CCFEEFF6DCFA5
:108D3000EEFF080EA926A9ACD5D71EEC46F012000E
:108D4000150E6AD7160E68D733C005F60601180E41
:108D5000076F086B000EC3EC1FF00AE1020EE66E0F
:108D600040C0E6FF3FC0E6FFF6EC1FF0D8A423D1D9
:108D70001200190E51D71A0E4FD733C005F606014F
:108D80001B0E076F086B000EC3EC1FF00AE1020E0A
:108D9000E66E0CC1E6FF0DC1E6FFF6EC1FF0D8A4AD
:108DA0000AD112001CEC46F063E195EC65F063E13A
:108DB000135061E0A96AAA6A89EC65F002EC17F029
:108DC00001340E0BA00906EC17F0045006EC17F066
:108DD000035006EC17F002EC17F001340E0BA1095A
:108DE00006EC17F00BEE00F0A9CF07F6AACF08F6B5
:108DF000020EC3EC1FF03EE1080EE66E08EC17F021
:108E0000E66EF36E3D503318D8B4F3CFEEFFA92AC7
:108E1000D8B4AA2AA95006E1AA50FE0B03E00CEC34
:108E200017F002D00AEC17F0A950070BE7E1A950A0
:108E3000180A06E1AA5004E1F80EE35037EC43F0BB
:108E4000AA5003E1A950080A04E000EC20F0D8A4DD
:108E5000B2D0DEEC1FF0A950C7E1AA50FE0BC4E06F
:108E600000EC20F0D8A4A7D004EC17F020EC46F0DA
:108E70001EEC46F01200A96AAA6A0BEE00F0A9CF18
:108E800007F6AACF08F6020EC3EC1FF0F3E1080EB6
:108E9000E66EB0EC16F0E66EF36EA950D8B4AA2ACE
:108EA0003D503318D8B4F3CFEEFFA950070BF1E1D2
:108EB000A950180A06E1AA5004E1F80EE35037EC75
:108EC00043F0F6EC1FF0D8A476D0A950D8E1AA5010
:108ED000FE0BD5E0CDD707EE00F002D00BEE00F090
:108EE0001CEC46F01FE1A96AAA6AA9CF07F6AACF2F
:108EF00008F6020EC3EC1FF017E1080EE66EEECF87
:108F0000E6FFA92AD8B4AA2AA950070BF8E1F6EC83
:108F10001FF0D8A450D0A950E8E1AA50FE0BE5E01C
:108F200020EC46F01EEC46F012000BEE00F01CECBC
:108F300046F01BE1A96AAA6AA9CF07F6AACF08F6EC
:108F4000020EC3EC1FF013E1080EE66EEECFE6FF53
:108F5000A92AD8B4AA2AA950070BF8E1F6EC1FF009
:108F6000D8A429D0A950100AE7E11EEC46F012005F
:108F70001CEC46F01DE100EE80F0A96AA9CF07F6CF
:108F8000FF0EE8CF08F6020EC3EC1FF013E1080E47
:108F9000E66EEECFE6FFA92AA950070BFAE1F6EC40
:108FA0001FF0D8A408D0A9503F0BE8E122EC46F00E
:108FB0001EEC46F012001C82FF0912002020202027
:108FC00020202020202020207878787878787878E1
:108FD000787878784C65616420456E67696E6520A5
:108FE000426173736C696E65202020204472756D38
:108FF00020456E67696E65204D756C746920456EFD
:1090000067696E65456E732E2053494420202020E9
:10901000456E732E20436C6F636B2020456E732E5C
:109020002046696C74657220456E732E20496E73FC
:1090300074722E20456E732E2045787465726E20F2
:109040005361766520202020202020204F73636903
:109050006C6C61746F7220204F7363696C6C617407
:109060006F723233496E737472756D656E74202041
:1090700046696C7465722020202020204C6F772078
:109080004672712E204F7363456E76656C6F706506
:10909000202020204D6F64756C6174696F6E2020F4
:1090A000547269676765727320202020436F6E6673
:1090B00069672E20202020204172706567676961F2
:1090C000746F72204B6E6F6273202020202020204E
:1090D00045787465726E616C73202020575420436C
:1090E0006F6E6669672E2020575420456469746F3F
:1090F000722020205365712E20436F6E6669672EA3
:1091000053657175656E63657220202052616E64CF
:109110006F6D697A657220205750010AD8B4E1D08A
:1091200058500408040DF350800988EC16F058508C
:1091300019E0FF0F17E057500C0DBC0EF324F66E2C
:109140008F0EF420F76EF86A000EF82258500408CB
:10915000040DF350F626000EF722000EF822040E3E
:109160009CEF16F05750E40FD8B0E40E1C0FC8EC7B
:1091700016F01CD01BD01DD01CD01BD01AD019D07B
:1091800018D01DD023D015D014D028D027D046D049
:1091900048D055D06BD07DD085D04BD01FD089D052
:1091A00005D08FD003D045D001D000D0040E71EF90
:1091B00055F05850FBE100EE3EF0AEEF3AF058505B
:1091C000FAE000EE3FF0D4EC3AF0B7D05850F3E0BC
:1091D000B4D8490EB3D8402890EF16F010CBE8FF72
:1091E000030B010A0FE0020A10E0585005E000EE00
:1091F0003FF0D4EC3AF0A1D04F0EA0D800EE42F0F0
:10920000CBEF3AF05850D2E1F2D75850CFE195D891
:1092100094D8490E93D840288EEF16F05850D8E0D5
:10922000C5D7585001E0C2D788D800EE3FF0D4EF40
:109230003AF010CBE8FF030B010AF3E0B7D710CBED
:10924000E8FF030B010A0BE0020A0DE05850AEE103
:1092500074D873D84C0E72D844288EEF16F058503C
:1092600001E0F6D7E1D75850F3E1D1D710CBE8FFB2
:10927000030B010AD6E0020A09E0585097E15DD8D5
:109280005CD8450E5BD845288EEF16F05850F7E1B4
:10929000BED758508BE151D850D84D0E4FD84728E3
:1092A0008EEF16F0585082E148D800EE4AF056EFA3
:1092B0003CF0585001E07AD740D800EE4BF088EFF0
:1092C0003CF010CBE8FF030B030A9FE0585001E08D
:1092D0006DD733D8570E32D8540E30D84C288EEF75
:1092E00016F058500408E8B41200336E050DF35020
:1092F000800988EC16F009C6F3FF3350C6EC16F06F
:10930000F31407E12D0E94EC16F02D0E94EC16F0EC
:1093100004D04BEC43F09DEC55F010EE70F0335060
:10932000030BE126E7287F0B036AF4EC16F00350E9
:1093300098EC16F0200E94EF16F0200E94EF16F035
:1093400001030301020504020306000304070004ED
:10935000050000000B0A06090E0D090CBA936E9465
:1093600016958E9566932A96685976562D2D2D1151
:109370007F095098D85986562D2D2D0000008E98C3
:10938000D85986562D2D2D000000B898D8598656EC
:109390002D2D2D000000EC98D8598656494E53408B
:1093A00005102A99D85986562D2D2D000000B89900
:1093B000D85986562D2D2D0000006896685976568E
:1093C0002D2D2D137F08CE99D8597A564F534341EE
:1093D000020DC69CD8597A564143683F0312DA9D64
:1093E000D8597A564C464F440510349FD8597A566E
:1093F000454E56450110D4A0D8597A564D4F444792
:10940000071080A1D8597A565452474A0D507CA271
:10941000D8597A564143683F03124AA3D8597A561D
:109420004F534341020D62A6D8597A565754204CE7
:109430000310C8A7D8597A56506F732C8062B8A40D
:10944000D8597A564B4E424B0755C0A5D8597A5633
:109450002D2D2D00000024A9D8597A562D2D2D0030
:109460000000B2AAD8597A562D2D2D000000F6968C
:10947000685976562D2D2D137F086CA8D8597A5629
:10948000506F732C0F6638A7D8597A564143683FFE
:1094900003121C9BD8597A564143683F0312389CEB
:1094A000D8597A564143683F03127E9DD8597A565F
:1094B0004143683F0312B09ED8597A564143683FF2
:1094C00003125AA0D8597A564143683F03123EA46A
:1094D000D8597A564143683F031216A3D8597A5691
:1094E0004143683F03123CA5D8597A564B4E424B34
:1094F0000755C0A5D8597A562D2D2D000000F0A98A
:10950000D8597A562D2D2D000000B2AAD8597A5676
:109510002D2D2D0000007A97685976562D2D2D138C
:109520007F08DCA8D8597A5654726B4A07108AA76C
:10953000D8597A562D2D2D000000B49BD8597A5653
:10954000496E73400F102C9DD8597A564143683F9D
:10955000031216A3D8597A564143683F0312B8A4A0
:10956000D8597A564B4E424B0755C0A5D8597A5612
:109570002D2D2D00000074AAD8597A562D2D2D00BE
:109580000000B2AAD8597A562D2D2D000000D6978A
:10959000685976562D2D2D137F08849AD8597A56FE
:1095A000496E734005102C9DD8597A564143683F47
:1095B0000312369ED8597A56496E73400510F49FAF
:1095C000D8597A56496E73400510B0A2D8597A56C8
:1095D000496E73400510C4A3D8597A56496E73403A
:1095E0000510D2A6D8597A56496E7340051010A8B6
:1095F000D8597A56506F732C8062B8A4D8597A56CD
:109600004B4E424B0755C0A5D8597A562D2D2D00EB
:10961000000094A9D8597A562D2D2D000000B2AA29
:10962000D8597A562D2D2D0000000601415349448A
:1096300000000001000042434C4B0000000100000C
:109640004346494C00000001000044494E530000CD
:109650000001000045455854000000010000465339
:1096600041560000000300000E02014F534300006A
:10967000000100000246494C000000010000034CBC
:10968000464F00000001000004454E560000000156
:109690000000054D4F4400000001000006545247F1
:1096A00000000001000007434647000000010000E1
:1096B00008415250000000010000095754430000C7
:1096C000000100000A5754450000000100000B4B48
:1096D0004E420000000100000C45585400000001FB
:1096E00000000D524E440000000100000E53415690
:1096F0000000000200000D0301534551000000016D
:10970000000002535143000000010000034F534387
:10971000000000010000044F32330000000100008F
:109720000546494C000000010000064C464F000071
:109730000001000007454E560000000100000841EE
:10974000525000000001000009434647000000019C
:1097500000000A4B4E420000000100000B45585427
:109760000000000100000C524E4400000001000007
:109770000D534156000000020000090401534551F9
:1097800000000001000002535143000000010000EE
:109790000344524D0000000100000446494C000003
:1097A0000001000005434647000000010000064B91
:1097B0004E4200000001000007455854000000011F
:1097C000000008524E4400000001000009534156B9
:1097D0000000000200000C05014F5343000000018F
:1097E00000000246494C000000010000034C464FB7
:1097F00000000001000004454E560000000100007A
:109800000543464700000001000006415250000099
:1098100000010000075754430000000100000857F2
:109820005445000000010000094B4E4200000001B9
:1098300000000A4558540000000100000B524E443D
:109840000000000100000C5341560000000200001F
:1098500006063E53494403000E04040000426E6BAA
:10986000070007064300015061747F0008074400A9
:10987000024D6F6E010077085E00065350560400DB
:109880007A04610002444F52010079086000040725
:109890003E53494403000E0404000542504DCD00E0
:1098A00052044800024D6F64020053084900024F01
:1098B0007574020054084A0005083E5349440300E9
:1098C0000E0404003F414368020012080600084DE0
:1098D000696EFF0F110407000A4D6178FF0F110434
:1098E0000700024C6F67010078085F0006093E53CD
:1098F000494403000E04040040496E73050010043F
:1099000003000043686E1000720442000153704C63
:109910007F0073045B00025370557F0073045B008B
:109920000354726E7F0074045B000E0A3E53494478
:1099300003000E04040000463241010075085C007B
:1099400001563241010075085C00025032410100AD
:1099500075085C00034B3241010075085C00044F40
:109960003241010075085C000049763101007B0836
:1099700062000149763201007B08620002497633B9
:1099800001007B0862000349763401007B08620015
:109990000449763501007B086200054976360100EE
:1099A0007B0862000649763701007B0862000749A0
:1099B000763801007B086200020B2E2045237F00D1
:1099C0007004030000646F210000000C0000120C02
:1099D000424F534306000D0405000157617608000D
:1099E0001E04110001532F5203001F0812000744E8
:1099F000656CFF0013040A000241746B0F0014042D
:109A00000B00024465630F0015040C0003537573CB
:109A10000F0014040B000352656C0F0015040C00BA
:109A20000A50526E7F0013040A000854726E7F00C1
:109A30001C040A000946696EFF001D040A000B5051
:109A40006F72FF0013040A0053506873FF00010493
:109A5000010004505720FF0F1B04100000504D64FC
:109A6000020018080D0000475341010019080F00BB
:109A700051446574FF0001040100DE44744D02008E
:109A80007C0801000F0C40496E73050010040300B0
:109A90000157617608001E04110001532F52030084
:109AA0001F0812000744656CFF0013040A000241FE
:109AB000746B0F0014040B00024465630F0015045F
:109AC0000C00035375730F0014040B000352656CF4
:109AD0000F0015040C000A50526E7F0013040A0098
:109AE0000854726E7F001C040A000946696EFF006C
:109AF0001D040A000B506F72FF0013040A0010507F
:109B0000687301002C081D0004505720FF0F1B0430
:109B1000100000504D64020018080D000F0C3F416A
:109B200043680200120806000157617608001E040F
:109B3000110001532F5203001F0812000744656CE7
:109B4000FF0013040A000241746B0F0014040B00A1
:109B5000024465630F0015040C00035375730F0076
:109B600014040B000352656C0F0015040C000A501E
:109B7000526E7F0013040A000854726E7F001C04AA
:109B80000A000946696EFF001D040A000B506F723F
:109B9000FF0013040A001050687301002C081D0018
:109BA00004505720FF0F1B04100000504D640200AA
:109BB00018080D000D0E40496E730F0010040300CD
:109BC000014D646C13006B040A000241746B0F00BA
:109BD00014040B00024465630F0015040C000353CA
:109BE00075730F0014040B000352656C0F0015040D
:109BF0000C000454756EFF001D040A0005474C2E2E
:109C0000FF001D040A0006537064FF001D040A00D3
:109C100007504152FF001D040A000056417308001E
:109C20003204270008566541FF0031052300005229
:109C30006E640000650A00000E0D3F41436802009B
:109C4000120806004057763208001E0411004857DB
:109C5000763308001E0411004053523203001F08DF
:109C600012004853523303001F081200434F63325F
:109C7000070017040E004B4F6333070017040E0054
:109C800041505732FF0F1B04100049505733FF0F4C
:109C90001B041000444E74327F0020040A004C4E16
:109CA00074337F0020040A0053506873FF000104DE
:109CB000010051446574FF0001040100DE44744D4D
:109CC00002007C080100090F3F41436802001208AE
:109CD00006000043686E07003304280001437574D2
:109CE000FF0F3404290003526573FF0035042A0076
:109CF000004D6F64070037042C00044B5472FF00C2
:109D000036042B0000457874010038082D0000331C
:109D10004F66010039082E000246495001003A08FA
:109D20002F0040496E73050010040300080F3F41E7
:109D300043680200120806000043686E07003304FF
:109D4000280001437574FF0F340429000352657322
:109D5000FF0035042A00004D6F64070037042C0013
:109D600000457874010038082D0000334F6601006B
:109D700039082E000246495001003A082F00090F09
:109D80003F4143680200120806000043686E070066
:109D90003304280001437574FF0F34042900035273
:109DA0006573FF0035042A00004D6F640700370417
:109DB0002C00044B5472FF0036042B0000457874CD
:109DC000010038082D0000334F66010039082E00CD
:109DD0000246495001003A082F000910444C464FF2
:109DE0000500100403000057617609003B043100B0
:109DF00002527465FF003C0430000043536E0100C2
:109E00004208350001446570FF003E0430000A53EB
:109E10006E6301003F0832000344656CFF003D049F
:109E2000300004506873FF003D043000004F6E6541
:109E30000100410834000C1040496E730500100405
:109E40000300444C464F0100100403001457617690
:109E500009003B04310016527465FF003C043000D9
:109E60001443536E01004208350015442E50FF0084
:109E70003E04300019445057FF003E0430001A449D
:109E80002E46FF003E04300014536E63010040086C
:109E900033001744656CFF003D04300018506873B0
:109EA000FF003D043000144F6E650100410834008E
:109EB0000D103F414368020012080600444C464F13
:109EC0000100100403001457617609003B043100BF
:109ED00016527465FF003C0430001443536E0100B9
:109EE0004208350015442E50FF003E04300019444E
:109EF0005057FF003E0430001A442E46FF003E0437
:109F0000300014536E630100400833001744656C41
:109F1000FF003D04300018506873FF003D0430001E
:109F2000144F6E65010041083400064163637F00F1
:109F300013040A00131145454E5601001004030096
:109F400001446570FF00440436000244656CFF0064
:109F50004304360003417431FF00430436000441DA
:109F60004C76FF004304360005417432FF00430481
:109F7000360006446531FF004304360007444C7642
:109F8000FF004304360008446532FF0043043600F6
:109F900009537573FF00430436000A526531FF0010
:109FA000430436000B524C76FF00430436000C523B
:109FB0006532FF00430436000D437541FF00440441
:109FC00036000E437544FF00440436000F437552BB
:109FD000FF0044043600004C70420700450437007F
:109FE000004C70450700460438000043536E0100E2
:109FF000470839000A1140496E7305001004030038
:10A0000023442E50FF004404360024445057FF00E0
:10A010004404360025442E46FF0044043600264101
:10A020007474FF004304360027446563FF00430453
:10A03000360028537573FF00430436002952656CBF
:10A04000FF00430436002A437572FF0044043600C3
:10A0500022434173070048043A000C113F41436812
:10A0600002001208060023442E50FF00440436006C
:10A0700024445057FF004404360025442E46FF0078
:10A080004404360026417474FF004304360027441C
:10A090006563FF004304360028537573FF004304D3
:10A0A00036002952656CFF00430436002A4375725E
:10A0B000FF004404360022434173070048043A007D
:10A0C00030446341FF0043043600064163637F0070
:10A0D00013040A001112474D4F44070010040300F7
:10A0E000005372319E0049043C00015372329E00BD
:10A0F00049043C00024F702E0E004A043D000654F5
:10A10000723128004B043B000754723228004B0484
:10A110003B0003446570FF004C043B00024976316C
:10A1200001004D083E000249763201004E083F0012
:10A130000050743103004F08400001507432030096
:10A140004F0840000250743303004F084000035092
:10A15000573103004F0840000450573203004F08A6
:10A1600040000550573303004F0840000646696C15
:10A1700003004F08400007566F6C03004F08400073
:10A1800019134A5452470D0050040300004F314C3C
:10A19000010051084100014F324C010051084100BB
:10A1A000024F334C010051084100034F315201006E
:10A1B00051084100044F3252010051084100054F3F
:10A1C0003352010051084100064531410100510858
:10A1D0004100074532410100510841000845315214
:10A1E0000100510841000945325201005108410067
:10A1F0000A4C31200100510841000B4C3220010073
:10A20000510841000C4C33200100510841000D4C15
:10A2100034200100510841000E4C35200100510846
:10A2200041000F4C362001005108410010573152B7
:10A2300001005108410011573252010051084100FC
:10A240001257335201005108410013573452010094
:10A25000510841001457315301005108410015576E
:10A260003253010051084100165733530100510881
:10A27000410017573453010051084100051452564C
:10A280006F6C7F0001040100504C656701000A08F3
:10A2900045005057544F01000B0846005053754B72
:10A2A00001000C0847001241425701000A0845000E
:10A2B0000A1440496E7305001004030052566F6C77
:10A2C0007F00010401001156417308002B04220095
:10A2D00010506F6C01002D081E00104C65670100C6
:10A2E0002E081F001057544F01002F082000105354
:10A2F000754B01003008210012566541FF00310501
:10A30000230013506241FF003105230012414257E0
:10A3100001000A08450005143F4143680200120885
:10A32000060052566F6C7F0001040100104C6567F7
:10A3300001002E081F001053754B0100300821004A
:10A340001241425701000A0845000C15424F534381
:10A3500006000D0405000C4F6E20010021081300BB
:10A360000C4469720600220414000C536F72010041
:10A37000230815000C486C640100240816000D53D6
:10A3800070643F0029041B000E474C6E1F00270419
:10A3900019000E526E67070028041A000C536E63F2
:10A3A0000100250817000C4341430100260818004E
:10A3B0000D4F6E6501002A081C000D4573790100E0
:10A3C000250817000C1540496E73050010040300A2
:10A3D0000C4F6E200100210813000C446972060026
:10A3E000220414000C536F720100230815000C485E
:10A3F0006C640100240816000D5370643F002904AA
:10A400001B000E474C6E1F00270419000E526E678A
:10A41000070028041A000C536E630100250817007A
:10A420000C4341430100260818000D4F6E650100E2
:10A430002A081C000D4573790100250817000C152A
:10A440003F4143680200120806000C4F6E200100D5
:10A45000210813000C4469720600220414000C53F6
:10A460006F720100230815000C486C640100240879
:10A4700016000D5370643F0029041B000E474C6EFC
:10A480001F00270419000E526E67070028041A00E7
:10A490000C536E630100250817000C434143010073
:10A4A000260818000D4F6E6501002A081C000D4596
:10A4B00073790100250817000D16004B2331FF00AA
:10A4C00056044B00014B2332FF0056044B00024B55
:10A4D0002333FF0056044B00034B2334FF00560484
:10A4E0004B00044B2335FF0056044B00054B23560D
:10A4F000FF0056044B00064B2350FF0056044B0050
:10A50000074B2341FF0056044B004B4B6E62070084
:10A510005504030000506131FF0057054D00015004
:10A520006132FF0057054D00034D696EFF0058046E
:10A530004C00044D6178FF0058044C000D16004398
:10A540007574FF0056044B0001526573FF005604FA
:10A550004B0002454D64FF0056044B000344656305
:10A56000FF0056044B0004416363FF0056044B0098
:10A57000054B2356FF0056044B00064B2350FF00AB
:10A5800056044B00074B2341FF0056044B004B4B36
:10A590006E6207005504030000506131FF0057054B
:10A5A0004D0001506132FF0057054D00034D696EAB
:10A5B000FF0058044C00044D6178FF0058044C0023
:10A5C000101740412331FF0F59044E0042412332FE
:10A5D000FF0F59044E0044412333FF0F59044E002E
:10A5E00046412334FF0F59044E0048412335FF0FE5
:10A5F00059044E004A412336FF0F59044E004C4186
:10A600002337FF0F59044E004E412338FF0F5904E2
:10A610004E000053233101005A084F0001532332EA
:10A6200001005A084F000253233301005A084F001B
:10A630000353233401005A084F000453233501000B
:10A640005A084F000553233601005A084F0006539D
:10A65000233701005A084F000753233801005A08D6
:10A660004F000B184C2057540300100403000150F6
:10A670006172FF005B0550000053494403005D0810
:10A680005100005370643F005E045200024D4F447D
:10A6900001005F085400034B657901005F08540016
:10A6A000024265677F006004550003456E647F00C9
:10A6B00060045500044C6F708000610456001D5604
:10A6C000616C0100640858000A5754450000650198
:10A6D00000000A1840496E730500100403002C5056
:10A6E0006172FF005B0550002B5370643F005E04F5
:10A6F00052002E4B657901005F0854002D426567BA
:10A700007F00600455002E456E647F006004550094
:10A710002F4C6F708000610456002D5731360100B8
:10A720005F0854001D56616C01006408580008570A
:10A730005445000065010000081A3F4143680200CB
:10A7400012080600104F6E2001002F0824002C5321
:10A750006571080067040A002B5370643F005E04B3
:10A7600025002D4C656E0F0016040A002B53313660
:10A770000100680826002E506172FF005B05500042
:10A7800001534551000065010000061A504F6E202C
:10A7900001006908530051536571080067045000B7
:10A7A000505370643F005E045200534C656E0F00BE
:10A7B0005C045000505331360100680854000153C6
:10A7C000455100006501000007192C506F7380008F
:10A7D0006204030000242121FF00630457000124C8
:10A7E0002121FF006304570002242121FF0063049C
:10A7F000570003242121FF00630457001D56616C9C
:10A800000100640858000957544300006501000026
:10A8100009192C506F738000620403000024212169
:10A82000FF006304570001242121FF006304570047
:10A8300002242121FF006304570003242121FF008B
:10A840006304570004242121FF00630457000524FA
:10A850002121FF00630457001D56616C010064084C
:10A860005800075754430000650100000B1B2D538F
:10A8700065710700100403002C506F73100066040C
:10A880000300004E74650C006A045900014F6374A4
:10A8900003006A08590002532F4703006A08590051
:10A8A0000341636301006A085900045061727F002C
:10A8B0006A045900004370790000000E0000005047
:10A8C00073740000000F000000436C720000001061
:10A8D000000002535143000065010000071B2D5387
:10A8E00065710700100403004A54726B07001004DE
:10A8F0000300324544540F00650D09000043707990
:10A900000000000E0000005073740000000F0000F3
:10A9100000436C720000001000000253514300001D
:10A92000650100000B1C00416C6C00006C0900000C
:10A93000014F736300006C0900000246696C00005F
:10A940006C090000034C464F00006C0900000445F0
:10A950004E5600006C090000054D6F6400006C0944
:10A9600000000654726700006C090000075754434A
:10A9700000006C0900000857544500006C090000F5
:10A98000094B6E6200006C0900000A4578740000F3
:10A990006C090000091C00416C6C00006C0900008F
:10A9A000014F736300006C0900000246696C0000EF
:10A9B0006C090000034C464F00006C090000044580
:10A9C0004E5600006C0900000757544300006C0904
:10A9D00000000857544500006C090000094B6E62E6
:10A9E00000006C0900000A45787400006C09000042
:10A9F0000D1C00416C6C00006C0900000B4E74656E
:10AA000000006C0900000C47746500006C09000030
:10AA10000D536C6400006C0900000E41636300007C
:10AA20006C0900000F50617200006C090000014FBA
:10AA3000736300006C090000104F323300006C0992
:10AA400000000246696C00006C090000034C464F90
:10AA500000006C09000004454E5600006C0900001F
:10AA6000094B6E6200006C0900000A457874000012
:10AA70006C090000061C00416C6C00006C090000B1
:10AA80001153657100006C0900000144726D0000F3
:10AA90006C0900000246696C00006C090000094B5B
:10AAA0006E6200006C0900000A45787400006C09B1
:10AAB0000000030B3020422307006D0403002F50D9
:10AAC00023207F006E04030000646F217F006F0B62
:10AAD000080094EF16F0F46EF350FBDFF42EFCD771
:10AAE0001200F46E200EF36EF7D711C0F3FF450E7F
:10AAF00069EC55F0F3501BE0F328036AF4EC16F010
:10AB0000045096EC16F0035098EF16F013500DE039
:10AB10001450410FDEDF1328036AF4EC16F00450E2
:10AB200096EC16F0035098EF16F0500ED2DF490E57
:10AB3000D0DF6E0ECEDF740ECCD7030B020D560E97
:10AB4000F324F66EAB0EF420F76EF86A000EF822CE
:10AB5000020E9CEF16F04C64427344724D6C50EC44
:10AB600042F0146E49EC42F0136E145002E113509F
:10AB700006E095EC65F003E0020A4BE031D00BEE05
:10AB800000F0000EE926066AEE5011E07F0BD8B403
:10AB9000200E9FDFEE50062A06A8F8D712003C656B
:10ABA0006D7074793E2020202020202020209E0ED1
:10ABB000F66EAB0EF76E000EF86E100E9CEF16F0F0
:10ABC0003C4E6F2042616E6B537469636B3E202074
:10ABD0003C456E732E2042616E6B537469636B3E0D
:10ABE0001450070A07E0C00EF66EAB0EF76E000EAB
:10ABF000F86EE3D7D00EF66EAB0EF76E000EF86E61
:10AC0000DCD73C6F6E6C792033326B2042533E2090
:10AC10002020020EF66EAC0EF76E000EF86ECDD749
:10AC2000145006E095EC65F003E0020AF2E0D8D794
:10AC3000A96AAA6A066AC3EC65F07F0BB8E049DF2F
:10AC4000C3EC65F07F0BD8B4200E062A06A8F7D710
:10AC50001200066E92EC16F07C0E3BDF065010CB15
:10AC6000F5FFF1EC9EF00900F5CF07F00900F5CFF4
:10AC700008F00750080D220EF324F66E3C0EF42067
:10AC8000F76EF86A010EF822080E9CEC16F0200E02
:10AC900020DF0850EB0FD8B0EB0E150FC8EC16F004
:10ACA00014D015D020D028D032D040D05AD068D07F
:10ACB0007CD08AD098D0A6D0B2D0BAD0C2D0CAD0D8
:10ACC000D2D0DAD0E4D0ECD0EDD0070E0AD74F0EB8
:10ACD00000DF530EFEDE430EFCDE040E02D7466993
:10ACE0006C7465722000DE0EF66EAC0EF76E000E10
:10ACF000F86E070E9CEF16F0DE0EF66EAC0EF76ED9
:10AD0000000EF86E060E9CEC16F04C0EE2D6DE0E2F
:10AD1000F66EAC0EF76E000EF86E060E9CEC16F09A
:10AD2000520ED7D631323334355650414B0ED1DE28
:10AD30004E0ECFDE4F0ECDDE420ECBDE230EC9DE31
:10AD40000650070B010D240EF324F66EAD0EF42011
:10AD5000F76EF86A000EF8220900F550BADE200EF0
:10AD6000B8D6450EB6DE580EB4DE540EB2DE230E53
:10AD7000B0DE0650070B010F8EEC16F0020EB1D6B6
:10AD80004F0EA7DE530EA5DE430EA3DE230EA1DE7B
:10AD90000650030B04E08EEC16F0020EA2D6310E24
:10ADA00098DE320E96DE330E94D64D0E92DE4F0EA6
:10ADB00090DE440E8EDE230E8CDE0650070B010F54
:10ADC0008EEC16F0020E8DD64C0E83DE460E81DE22
:10ADD0004F0E7FDE230E7DDE0650070B010F8EEC3B
:10ADE00016F0020E7ED6450E74DE4E0E72DE560E44
:10ADF00070DE230E6EDE0638010B010F8EEC16F0AE
:10AE0000020E6FD6570E65DE540E63DE230E61DE32
:10AE10000650030B010F8EEC16F0030E62D64F0E98
:10AE200058DE530E56DE430E54DE200E52DE42D064
:10AE30004C0E4FDE460E4DDE4F0E4BDE310E49DE20
:10AE400039D04C0E46DE460E44DE4F0E42DE320E48
:10AE500040DE30D0450E3DDE4E0E3BDE560E39DE76
:10AE6000200E37DE27D0420E34DE4C0E32DE200EAE
:10AE700030DE200E2EDE32D04C0E2BDE460E29DECA
:10AE80004F0E27DE310E06B4320E23DE27D0450EDC
:10AE900020DE4E0E1EDE560E1CDE200E1ADE1ED0EA
:10AEA00038D831D036D8200E14DE06500F0B010FE3
:10AEB00090EF16F00650070B0BE0FF0F24E0200E7A
:10AEC00008DE490E06DE0650070BFF0F8EEF16F068
:10AED000410EFFDD6C0EFDDD6C0EFBD50650030B45
:10AEE0000CE0FF0F10E0200EF4DD2D0E06A04C0E3E
:10AEF000F0DD2D0E06B0520EECD5200EEADD4C0E24
:10AF0000E8DD520EE6D5430EE4DD750EE2DD720E8D
:10AF1000E0D5440EDEDD720EDCDD750EDADD6D0E81
:10AF2000D8D512503EE1F36AF46A10EE70F0F35097
:10AF3000E126F450100FA96E0EEC66F00F0BE76ED1
:10AF400010EE6CF0F350E126F450000FA96E0EECF9
:10AF500066F0070BE76E10EE68F0F350E126F45050
:10AF6000010FA96E0EEC66F0E76E10EE74F0F35070
:10AF7000E126810EE76EF32A400EF426D6E1010E9B
:10AF8000336E0DEC58F0B8EC47F0020E336E0DEC5A
:10AF900058F0B8EC47F0030E336E0DEC58F0B8ECF7
:10AFA00047F0000E3AD806D8125003E19BEC41F06E
:10AFB0001C84120010EE80F020EEC0F0F56AE6CF9F
:10AFC000DEFFF52AF5A8FBD796EC58F010EE90F0CE
:10AFD00026EE60F0F56A000EE3CFF3FF000EF3CF2C
:10AFE000DBFF010EE3CFF3FF010EF3CFDBFF020E19
:10AFF000E3CFF3FF020EF3CFDBFF030EE3CFF3FF4C
:10B00000030EF3CFDBFF080EE126180ED926F52A32
:10B01000050EF564E0D7A4EF1CF0E838E834E83416
:10B02000C00BA96E10EE80F01DEC66F085C0F3FF3A
:10B03000320EF36003D0780EE8CF85F01200E838C6
:10B04000E834E834C00BA96E10EE80F0FBEF65F039
:10B05000F46EE838E834E834C00B960FF66EF76A01
:10B06000B10EF722F86A000EF82210EE80F0400EC2
:10B07000F36E0900F5CFE6FFF32EFBD700EE70F07C
:10B08000F45090C0EBFF00EE6CF0F450EBCF80F08A
:10B0900000EE68F0F450EB507F0BE8CF81F0120027
:10B0A00010EE80F0F36AE66AF32AF3ACFCD710EEF8
:10B0B00080F020EEC0F0F56ADECFE6FFF52AF5A8B5
:10B0C000FBD710EE90F026EE60F0F56A000EDBCFB5
:10B0D000F3FF000EF3CFE3FF010EDBCFF3FF010E12
:10B0E000F3CFE3FF020EDBCFF3FF020EF3CFE3FF5C
:10B0F000030EDBCFF3FF030EF3CFE3FF080EE126D1
:10B10000180ED926F52A050EF564E0D71200000EB8
:10B11000A96E030EAA6E1150B2EF16F0000EA96EC2
:10B12000030EAA6EB0EC16F0116E12002F0EF56E23
:10B13000AF0EF46E080EF36E066AC5C007F05EEC43
:10B140001DF0F2CFF5FFF29EF31CE8CF7AF0F41C6D
:10B15000E8CF7BF0F5CFF2FFF29A800ED56E1200A9
:10B16000000E336E28EC58F025DF010E336E28EC0C
:10B1700058F0B8EC47F0020E336E28EC58F0B8ECFB
:10B1800047F0030E336E28EC58F0B8EC47F06BEC48
:10B1900041F09BEF41F00000020002780000000047
:10B1A00000600000006000007F4000000000100010
:10B1B0007F400000000010007F40000000001000F1
:10B1C0007F400000000010007F40000000001000E1
:10B1D0007F40000000000000000002780000000036
:10B1E00000600000006001007F40000000001000CF
:10B1F0007F400000000010007F40000000001000B1
:10B200007F400000000010007F40000000001000A0
:10B210007F400000000000000000027800000000F5
:10B2200000600000006002007F400000000010008D
:10B230007F400000000010007F4000000000100070
:10B240007F400000000010007F4000000000100060
:10B250007F400000000000000000027800000000B5
:10B2600000600000006003007F400000000010004C
:10B270007F400000000010007F4000000000100030
:10B280007F400000000010007F4000000000100020
:10B290007F40000000001080109407011051090148
:10B2A0001019030B06E11051030B03E0030A01E040
:10B2B00042D0050EF56E01EE08F0EE6AE9507F0B04
:10B2C000FCE1F52EFAD726EE70F069EC8AF026EE56
:10B2D00088F069EC8AF026EEA0F069EC8AF026EEA0
:10B2E000B8F069EC8AF026EED0F069EC8AF026EE30
:10B2F000E8F069EC8AF0F56A06EE60F0F550180D9A
:10B30000F350040FE926070EF36EEE6AF32EFDD715
:10B310000701105109011019030B06E00F6B090E0C
:10B32000F36EEE6AF32EFDD7F52A050EF564E4D729
:10B3300001010F0E356F010107EE00F019EE00F06C
:10B34000020EF36EEECFE6FFE950FCE1F32EFAD7E2
:10B35000F29E1F6B09EE54F011EEA4F023EE00F004
:10B36000E6EC6FF01F2B09EE5AF011EEA7F023EE7A
:10B3700040F0E6EC6FF0F28EAAEC66F00DEC5FF0B8
:10B3800010C9E8FF030B1DE1C6C0E8FF070B19E178
:10B39000010106EE60F00F0EEB5013E012EE00F02C
:10B3A000096B100EEB507F0B0C6F640E0D6F3FECB2
:10B3B0008CF0180EE926180EE126092B050E0965FA
:10B3C000F0D7C2C0E8FFE8AE0ED012EEA0F00C0E2F
:10B3D000F56E6EEC60F014C1E6FF15C1E5FF040EDA
:10B3E000E126F52EF6D71090120010C9E8FFE8B25A
:10B3F0000BD0E8B002D0000E0DD0000E3FB00AD83E
:10B40000010E3FB207D81200E8B003D0000E02D8F8
:10B4100012004050056E16EE60F0180DF350E12654
:10B42000000EE350036EF00B3DE1900E03123C0E54
:10B43000046E010EE3500464046E10C9E8FFE8B224
:10B4400012D0E8B001D01ED070C9E8FF05B0C0C965
:10B45000E8FFE8A217D08CC9E8FF05B0DCC9E8FF17
:10B46000070B04260FD0E8B00DD050C9E8FFE8ACB8
:10B4700005D051C9E8FF070B042604D040500C0F3B
:10B48000042600D0400E056EFEEC88F012500AE152
:10B49000C6C0E8FF070B06E0400E05D8430E03D8F0
:10B4A000480E01D81200046E0BC1E8FF9009036E2C
:10B4B000400E056EFEEF88F0F29E10C9E8FF030B08
:10B4C000020A04E1086BE6EC81F011D0010112EEF2
:10B4D00000F0096B010EE390E396E388180EE12675
:10B4E000092B050E0965F6D7348134833769F56A6F
:10B4F00006EE60F0F550180DF350040FE926140E17
:10B50000F36EEE6AF32EFDD7F52A050EF564F0D73B
:10B510000F6B0201EC99FF9901010DEC5FF0F28EC7
:10B5200012500EE1C6C0E8FF070B0AE0010E336EB1
:10B530002BEC43F0332A2BEC43F0332A2BEC43F073
:10B540001200020EF36E07EE00F019EE00F0EECFDF
:10B55000E6FFE950FCE1F32EFAD70601646B7C6B41
:10B56000946BAC6BC46BDC6B0201086B206B386BAB
:10B57000506B686B806B07EF97F03D5033620CD0D7
:10B58000020EF36E07EE00F01BEE00F0EECFE6FFCA
:10B59000E950FCE1F32EFAD71200A96AAA6A17EE65
:10B5A00000F0D5EC65F0400EE126000EE222A95035
:10B5B000F8E1010EAA64F5D7E0DF6DD610CBE8FF05
:10B5C000E8B210D0E8B007D01A0EF66EB60EF76EDD
:10B5D000000EF86E16D01A0EF66EB80EF76E000E4C
:10B5E000F86E0FD0E8B007D01A0EF66EBA0EF76EEE
:10B5F000000EF86E06D01A0EF66EBC0EF76E000E38
:10B60000F86E0BEE00F0020EF36E0900F5CFEEFFC0
:10B61000E950FBE1F32EF9D712004C65616420502C
:10B6200061746368202020202020000000000000BA
:10B63000000000008000FF00008000FF000080008C
:10B64000FF00008000FF00008000FF00008000FF7E
:10B6500050008000FF00008000FF0080008000801C
:10B660000080008000800080008000007F001000CB
:10B6700002000000100002000000000400F00008BA
:10B68000000040800200005F0500001400F0000888
:10B69000000040800200005F0500001400F0000878
:10B6A000000040800200005F0500000400F0000878
:10B6B000000040800200005F0500001400F0000858
:10B6C000000040800200005F0500001400F0000848
:10B6D000000040800200005F0500018000000001C2
:10B6E0008000000001800000000180000000018057
:10B6F0000000000180000000000000C00030FF00DA
:10B7000000FF304020000080808000400050FF009B
:10B7100000FF5010300000808080010003C0000056
:10B720000000020003C000000000030003C000008E
:10B730000000040003C000000000050003C000007A
:10B740000000060003C000000000070003C0000066
:10B750000000080003C000000000FF000F3F0300CE
:10B7600000000000000000000000000000000000D9
:10B7700000000000000000000000F00000000000D9
:10B78000000000000000CB00001F80CB00203FA085
:10B79000CB00405FC0CB00607FE040404040404075
:10B7A0004040404040404040404040404040404099
:10B7B0004040404040404040404040404040404089
:10B7C0004040404040404040404040404040404079
:10B7D0004040404040404040404040404040404069
:10B7E0004040404040404040404040404040404059
:10B7F0004040404040404040404040404040404049
:10B800004040404040404040404040404040404038
:10B8100040404040404040404040426173736C694A
:10B820006E652050617463682020010000000000F4
:10B83000000061000800FF6500FF00FF6900600074
:10B84000FF6D003000FF71002000FF00008000FF4E
:10B8500051008000FF00008000FF00800080008019
:10B860000080008000800080008000007F001708BA
:10B8700000F00000170800F00000010400C00009FB
:10B88000100028800228005F0500070000000380E8
:10B89000060000808003801600008080008080A069
:10B8A000043820108003000F000028000000000072
:10B8B0000000000000000000000000000700000081
:10B8C00000000000070000000000010200C00009A5
:10B8D000100028800228005F050007000000038098
:10B8E000060000808003801600008080008080A019
:10B8F000043820108003080F00002800000000001A
:10B900000000000000000000000000000000000037
:10B910000000000000000000000080808080808027
:10B920008080808080808080808080808080808017
:10B930008080808080808080808080808080808007
:10B9400080808080808080808080808080808080F7
:10B9500080808080808080808080808080808080E7
:10B9600080808080808080808080808080808080D7
:10B9700080808080808080808080808080808080C7
:10B9800080808080808080808080808080808080B7
:10B990008080808080808080808040404040404027
:10B9A0004040404040404040404040404040404097
:10B9B0004040404040404040404040404040404087
:10B9C0004040404040404040404040404040404077
:10B9D0004040404040404040404040404040404067
:10B9E0004040404040404040404040404040404057
:10B9F0004040404040404040404040404040404047
:10BA00004040404040404040404040404040404036
:10BA1000404040404040404040404472756D204BA3
:10BA20006974202020202020202002000100000036
:10BA3000000000008000FF00008000FF0000800088
:10BA4000FF00008000FF00008000FF00008000FF7A
:10BA500000008000FF00008000FF00800080008068
:10BA60000080008000800080008003087F0F1000AD
:10BA700002000000100002000000000009C98080E0
:10BA800080800000000109C98080808000000002E1
:10BA900009C9808080800000000309C9FF80808080
:10BAA0000000000409C9808080800000000509C9E9
:10BAB000808080800000000609C9808080800000AE
:10BAC000000709C9808080800000000809C98080C3
:10BAD00080800000000909C9808080800000000A81
:10BAE00009C9808080800000000B09C980808080A7
:10BAF0000000000C09C9808080800000000D09C989
:10BB0000808080800000000E09C980808080000055
:10BB1000000F09C980808080000011001100000022
:10BB20000000000000000000000000000000000015
:10BB300000000000000000000000110011000000E3
:10BB400000000000000000000000000000000000F5
:10BB500000000000000000000000110011000000C3
:10BB600000000000000000000000000000000000D5
:10BB700000000000000000000000110011000000A3
:10BB800000000000000000000000000000000000B5
:10BB90000000000000000000000011001100000083
:10BBA0000000000000000000000000000000000095
:10BBB0000000000000000000000011001100000063
:10BBC0000000000000000000000000000000000075
:10BBD0000000000000000000000011001100000043
:10BBE0000000000000000000000000000000000055
:10BBF0000000000000000000000011001100000023
:10BC00000000000000000000000000000000000034
:10BC1000000000000000000000004D756C746920F9
:10BC20005061746368202020202003000000000081
:10BC3000000000008000FF00008000FF0000800086
:10BC4000FF00008000FF00008000FF00008000FF78
:10BC500000008000FF00008000FF00800080008066
:10BC60000080008000800080008000007F001000C5
:10BC700002000000100002000000000400FA0008AA
:10BC8000000040800200005F05000800007901808C
:10BC9000060000C080018016000090800080808037
:10BCA0003030402080C700000FD0000400FA0008A8
:10BCB000000040800200005F05000800007901805C
:10BCC000060000C080018016000090800080808007
:10BCD0003030402080C700101FD0000400FA000858
:10BCE000000040800200005F05000800007901802C
:10BCF000060000C0800180160000908000808080D7
:10BD00003030402080C700202FD0000400FA000807
:10BD1000000040800200005F0500080000790180FB
:10BD2000060000C0800180160000908000808080A6
:10BD30003030402080C700303FD0000400FA0008B7
:10BD4000000040800200005F0500080000790180CB
:10BD5000060000C080018016000090800080808076
:10BD60003030402080C700404FD0000400FA000867
:10BD7000000040800200005F05000800007901809B
:10BD8000060000C080018016000090800080808046
:10BD90003030402080C700505FD04040404040409D
:10BDA0004040404040404040404040404040404093
:10BDB0004040404040404040404040404040404083
:10BDC0004040404040404040404040404040404073
:10BDD0004040404040404040404040404040404063
:10BDE0004040404040404040404040404040404053
:10BDF0004040404040404040404040404040404043
:10BE00004040404040404040404040404040404032
:10BE10004040404040404040404016EEF0F0F36A61
:10BE2000F3CFE6FFF32A050EF364FAD716EEF6F029
:10BE3000F36AE668F32A050EF364FBD707D810EE21
:10BE4000FCF0E66AE66AE66AE66A1200F29E16EE20
:10BE5000F6F0F36AE68CF32A050EF364FBD710C9FB
:10BE6000E8FFE8B201D028D0E8B012D019EE60F0B7
:10BE7000F36A000EE3380F0BFD0FF46E060EF4604C
:10BE800001D01CD80A0EE126F32AF3A8F2D714D069
:10BE900019EE60F0F36A110EE3500F0BFD0FF46E14
:10BEA000060EF46001D00AD8300EE126000EE22220
:10BEB000F32A050EF364EFD7F28E120006EEF0F0CF
:10BEC000F56AF550EB507F0BF41806E0F52A050EE5
:10BED000F564F7D7D2EF16F0F550060FEB9C120081
:10BEE00010C9E8FF030B01E198DF120001010A39D4
:10BEF000070BF56E0A510F0B20E0FF0F1BE0FF0F41
:10BF00004DE0FF0FF46EF504F46406D0E81C010F59
:10BF1000F426F550F460F46A16EEF0F0F36AF3508C
:10BF2000E3507F0BF4186EE0F32A050EF364F7D7A5
:10BF3000D2EF16F0030EF560F56E16EEF0F0F36A30
:10BF4000F350E3CFF4FFF4BE07D0F350060FE3AC99
:10BF500003D0F504F46456D0F32A050EF364F0D749
:10BF6000F36AF350060FE3AC07D0F350E3507F0BB6
:10BF7000F46EF504F46446D0F32A050EF364F1D7A9
:10BF8000F36AF350E3507F0BF46EF504F4643AD097
:10BF9000F32A050EF364F5D7D2EF16F0030EF5641D
:10BFA000CCD716EEF0F0F36AF350E3CFF4FFF4BE13
:10BFB00007D0F350060FE3AC03D0030EF46022D099
:10BFC000F32A050EF364F0D7F36AF350060FE3ACDF
:10BFD00007D0F350E3507F0BF46E030EF46012D0E1
:10BFE000F32A050EF364F1D7F36AF350E3507F0BA5
:10BFF000F46E030EF46006D0F32A050EF364F5D751
:10C00000D2EF16F0F350E38EE3CFF4FFF350050ABE
:10C010001CE0F350060FE3CF09F1F328E3CFF5FF5F
:10C02000FF0FF5CFE3FFF328060FE3CFF5FFFF0F78
:10C03000F5CFE3FFF32A040EF364EFD7050EF36E9A
:10C04000F4CFE3FF0B0E09C1E3FFF350060FE350FB
:10C05000400B0811F56EF350060FF5CFE3FFF450D7
:10C060007F0BE8CF09F112EE00F0180DF350E12636
:10C07000F450E2221200F46E010116EEF0F0F36AC1
:10C08000F350E3507F0BF41805E0F32A050EF36438
:10C09000F7D72CD7F350060FE3503F0B0819F9E1FF
:10C0A0000A39070BF460F5D7ADD716EEF0F0F36A56
:10C0B000F350E3507F0B091906E0F32A050EF364F1
:10C0C000F7D7D2EF16F0F350E39E12EE00F00951CD
:10C0D000180DF350E126F450E22212000101145130
:10C0E0001503D650F324146F690ECE20F420156F7B
:10C0F0001200F4DF010115311419F46E0350045CD1
:10C10000010F01E0F402F45003241200FF0E056E4B
:10C11000036A0468EEDF0514F36E051CE714F310E0
:10C12000E66EE150E962F6D7E250EA62F3D7120018
:10C13000036A080E046EDDDFF56E030E046ED9DFB0
:10C14000E838E834600BF5101200036A0F0E046E35
:10C15000D0DFF56E080E046ECCDFE838F510120063
:10C16000010E036E1F0E046EC4DFF56EE10F05E1D4
:10C170007F0E046EBEDF80091200F5501200010E22
:10C18000036E0C0E046EB5DFF56E0F0E046EB1DF9C
:10C19000E838F5101200070E036E280E046EA9D7BA
:10C1A000EF0FD8B0EF0E110FC8EC16F019D310D066
:10C1B000EBD001D16AD1B7D103D21AD270D274D2E6
:10C1C00078D27CD294D29FD2AAD2B5D2C0D2FDD29C
:10C1D00010CBE8FFE8B256D0E8B020D01BEE60F0FC
:10C1E0000BEEC0F093DF0B01536B1F0E51170B01C9
:10C1F000DE6B01011BEE60F0030E066E6DD8100EB3
:10C20000E126062EFBD70BEE60F01BEE90F0300E11
:10C21000066EEECFE6FF062EFCD712000101066A7D
:10C220001BEE60F00650500DF350E126F450E22270
:10C23000100EE124E96E000EE220EA6E67DF1BEECD
:10C2400060F00650500DF350E126F450E22644D839
:10C25000080EE350E80FF36E080EF3CFE3FF0B0E6A
:10C26000E3501E0FF36E0B0EF3CFE3FF020EE36AF3
:10C27000C00EF36E030EF3CFE3FF062A010E066431
:10C28000CFD71200E8B009D00101066A065054D891
:10C29000062A0F0E0664FAD712000101066A1BEE89
:10C2A00060F00650300DF350E126F450E222100EFB
:10C2B000E124E96E000EE220EA6E28DF1BEE60F05A
:10C2C0000650300DF350E126F450E22605D8062A38
:10C2D000050E0664E4D71200F36A070EF3CFE3FFFE
:10C2E000036A030E046E05DF0C0D340EF326080EF0
:10C2F000F3CFE3FF760E036E8A0E046EFADEF36E62
:10C30000090EF3CFE3FF020EF36E0A0EF3CFE3FF45
:10C310000FDFF36E010EF3CFE3FF036A0F0E046E1F
:10C32000E8DEF36E0B0EF3CFE3FFF36A0C0EF3CFF0
:10C33000E3FF000EE39412000A6E1BEE60F00A5059
:10C340000A0DF350E1260A0EE124E96E000EE22008
:10C35000EA6EDCDE1BEE60F00A500A0DF350E126B7
:10C36000000EE36A020EE3500F0BF36E020EF3CFE2
:10C37000E3FF036A130E046EBCDEF36E010EF3CF0F
:10C38000E3FF080EE36A12001BEE54F00BEE60F0C0
:10C39000BDDE040EE8CF56FBE8CF5CFB54CBE8FFD4
:10C3A000770BE8CF54FBE8CF5AFB000E58CBE8FFE1
:10C3B0005ECBE8FF120010CBE8FFE8B233D0E8B064
:10C3C0000FD01BEEC0F00BEEDEF0A0DE1BEEC0F0D7
:10C3D000060E066E4CD8050EE126062EFBD712007F
:10C3E0000101066A1BEE74F00650500DF350E12671
:10C3F000F450E2220E0EE124E96E000EE220EA6E15
:10C4000085DE1BEE74F00650500DF350E126F4501B
:10C41000E2262DD8070EE1262AD8062A010E066448
:10C42000E1D71200E8B001D012000101066A1BEE4C
:10C4300074F00650300DF350E126F450E2220E0E57
:10C44000E124E96E000EE220EA6E60DE1BEE74F07D
:10C450000650300DF350E126F450E22608D8070EBE
:10C46000E12605D8062A050E0664E1D712006DDE26
:10C47000F36E000EF3CFE3FF036A1F0E046E39DE86
:10C48000F36E030EF3CFE3FF120010CBE8FFE8B228
:10C4900031D0E8B019D01BEEE0F00CEE00F036DE43
:10C4A0001BEEE0F0020E066E000EF3CFE3FF036A10
:10C4B0001F0E046E1EDEF36E020EF3CFE3FF100EAE
:10C4C000E126062EF1D712000101066A1BEE82F06A
:10C4D0000650500DF350E126F450E222090EE124FB
:10C4E000E96E000EE220EA6E11DE062A010E0664F5
:10C4F000EDD71200E8B001D012000101066A1BEE70
:10C5000082F00650300DF350E126F450E222090E7D
:10C51000E124E96E000EE220EA6EF8DD062A050E3F
:10C520000664EDD7120010CBE8FF030BD8A412006D
:10C530001CEE00F00CEE40F0E9DD1CEE00F0080E01
:10C54000066E0EDEF36E000EF3CFE3FF09DEF36E30
:10C55000010EF3CFE3FF13DEF36E020EF3CFE3FF22
:10C56000036A010E046EC5DD12E015DEF36E060EE1
:10C57000F3CFE3FF10DEF36E070EF3CFE3FFF36AB2
:10C58000040EF3CFE3FF050EF3CFE3FF14D0F36AFD
:10C59000060EF3CFE3FF070EF3CFE3FF036A070EA8
:10C5A000046EA7DDC6EC16F0F36E040EF3CFE3FFC6
:10C5B000050EF3CFE3FF080EE126062EC2D71200C8
:10C5C00010CBE8FF030BD8A412001CEE40F00CEED9
:10C5D0006AF09CDDFF0EE8CF40FC43CCE8FF3F094A
:10C5E000E8CF43FC67CCE8FF3F0BE8CF67FC1200C5
:10C5F00010CBE8FFE8B212D0E8B00FD01CEE6CF020
:10C600000CEEB2F083DD1CEE6CF0066A29D8050E44
:10C61000E126062A06A4FAD712001200E8B001D0DB
:10C6200012000101066A1BEE8BF00650300DF3502C
:10C63000E126F450E222050EE124E96E000EE2202C
:10C64000EA6E64DD1BEE8BF00650300DF350E126F0
:10C65000F450E22605D8062A050E0664E4D7120037
:10C66000036A0F0E046E45DDC009F36E000EF3CFB2
:10C67000E3FF0650200D020EF3CFE3FF1F0EF3265B
:10C68000030EF3CFE3FF040EE3509F0BF56E06504D
:10C69000200DF550F326040EF3CFE3FF12001CEE3D
:10C6A00080F00DEE00F032D51BEE18F00BEE40F0EE
:10C6B0002DD51BEE40F00BEE50F028D510CBE8FF47
:10C6C000030B010A13E11CEE00F00CEE80F03F0EAC
:10C6D0001EDD1CEE00F0E7500F0BF36E0C0EF36442
:10C6E00002D0F70EE716E650E1AEF5D7120010CBF8
:10C6F000E8FF030B010A06E11CEE00F00CEE80F0EF
:10C70000800E05DD120010CBE8FF030B010A06E1E5
:10C710001CEE00F00CEE80F0400EF9DC120010CBA5
:10C72000E8FF030B010A06E11CEE80F00DEE00F0BD
:10C73000800EEDDC120010CBE8FF030B010A06E1CE
:10C740001CEE80F00DEE00F07F0EE1DC120010CB4D
:10C75000E8FF030B010A38E10101066A1BEEA0F0B5
:10C760000650500DF350E126100EE124E96E000E44
:10C77000E220EA6ECBDC1BEE60F00650500DF35069
:10C78000E126D6DCF36E400EF3CFE3FFD1DCF36E8F
:10C79000480EF3CFE3FF036A010E046EAADCD8B49F
:10C7A000070EF36E430EF3CFE3FFA3DCD8B4070EFE
:10C7B000F36E4B0EF3CFE3FF440EE36A4C0EE36AD5
:10C7C000062A010E0664CAD7120010CBE8FF030B3D
:10C7D000020A05E11CEE00F00DEE00F097DC1200FD
:10C7E000DEEC5AF0F5DCD0DDE6DD4FDE9CDEE8DE87
:10C7F000FFDE55DF59DF5DDF61DF79DF84DF8FDF4B
:10C800009ADFA5DFE2DF1BEE00F010CBE8FF030BA1
:10C81000100D320EF324F66EC80EF420F76EF86A8F
:10C82000000EF8220900F5CFE6FF0F0EE164FAD7FB
:10C83000120052616E646F6D204C6561642020208F
:10C84000202052616E646F6D20426173736C696E5B
:10C85000652052616E646F6D204472756D73202087
:10C86000202052616E646F6D204D756C74692020BC
:10C8700020201528070B156E5CD8B8EC16F016C0F2
:10C8800006F002B005D01550C4EC16F0161604D010
:10C890001550C6EC16F016121650061849E0155041
:10C8A000C6EC16F0161413E1155037EC66F0070EBF
:10C8B000151804E1116A0A0E316E3AD060C6E8FF1D
:10C8C0000F0BC009036E046AB6EC89F031D0155025
:10C8D0002FEC66F00A0E316E320ECEEC16F0070E1B
:10C8E00015180AE126D8B8EC16F0A90A1EE1B8EC32
:10C8F00016F04E0A1AE109D01CD8B8EC16F0F30A6B
:10C9000014E1B8EC16F08B0A10E11550C4EC16F0E7
:10C910001716B8EC16F0400A04E11550C6EC16F0F4
:10C92000171215C014F0F4D803D015C014F028D88D
:10C9300012001550EEEC16F0036A046A120000149F
:10C940002A20466F726D617474696E672078786B07
:10C95000202A202040142A20506174636820782007
:10C96000203020202020202A202040142A20456E1C
:10C9700073656D626C65203030302020202A2020C5
:10C980001450EEEC16F0036A800E046EB8EC16F04C
:10C99000F36E420F036A046ABAEC16F0036A800E63
:10C9A000046EB8EC16F0F31806E01550C4EC16F05F
:10C9B0001716200E05D01550C6EC16F01712400EB3
:10C9C000F36E020E036E046AF350BAEC16F03E0EDC
:10C9D000F66EC90EF76E000EF86E9AEC16F09AEC31
:10C9E00016F00D0E88EC16F0F35090EC16F0070ED2
:10C9F000151829E19AEC16F0010E116E4B0E88EC19
:10CA000016F0112892EC16F0A96A020EAA6E040024
:10CA100010EE80F01AEC17F0C00EA926FBEC65F0C2
:10CA2000A950F5E1112A11AEE9D714C015F081DF44
:10CA3000A90EBAEC16F04E0EBAEC16F0010E116EFD
:10CA400087EC58F04CD0480E88EC16F01450410F8B
:10CA500094EC16F0DEEC5AF00BEE00F0EE6AE9A86A
:10CA6000FDD7010E136E490E88EC16F0132892ECD8
:10CA700016F013503FEC66F01BEE00F0A96AAA6AAC
:10CA80000400ADEC65F0400EE126000EE222A95054
:10CA9000F7E1010EAA64F4D7132A1450C6EC16F07D
:10CAA00017147F0ED8B43F0E1364DDD7030E036E48
:10CAB000046A0400000EBAEC16F00350FAE1010E0D
:10CAC0000464F7D714C015F034DFF30EBAEC16F097
:10CAD0008B0EBAEC16F0136A14502FEC66F00A0EA7
:10CAE000316E120000142A20466978696E67202092
:10CAF000202020202020202A202040142A2050619D
:10CB0000746368207820203020202020202A2020D4
:10CB10001200A9CF03F01334FE0BAAB00109046E72
:10CB20001450070B8009EEEF16F01450070B070A9C
:10CB300012E013500EE01450C6EC16F01614010E5D
:10CB40000AE013AC06D01450C6EC16F01714020E0F
:10CB500002E0000B1200FF091200C00EA916E5DF6B
:10CB60000BE1135009E0D5DFF2EC16F000E0400EC7
:10CB7000A926000EAA2205D01CEC17F0A952D8B4A1
:10CB8000AA2A01011200D1DF09E1135007E0C1DF39
:10CB9000B8EC16F0A92AD8B4AA2A05D0B0EC16F041
:10CBA000A952D8B4AA2A01011200C00EA916BDDFED
:10CBB0000AE1135008E0ADDF18EC17F0400EA9268B
:10CBC000000EAA2205D01AEC17F0A952D8B4AA2A4E
:10CBD00001011200A9CF03F011507F0B046E870EE4
:10CBE000EEEF16F0070EC6EC16F0161402E1FF0980
:10CBF0001200000B1200C00EA916F4DF09E111505B
:10CC000007E0E8DFF2EC16F000E0400EA92604D0C1
:10CC1000020EAA6E1CEC17F001011200E3DF07E11F
:10CC2000115005E0D7DFB8EC16F0A92A04D0020EA7
:10CC3000AA6EB0EC16F001011200C00EA916D2DFE8
:10CC400008E1115006E0C6DF18EC17F0400EA926E7
:10CC500004D0020EAA6E1AEC17F00101120065D87A
:10CC600019D8F55053D84CD8040E53D829D05DD8D4
:10CC700011D8F5504BD844D8040E4BD821D00AD83F
:10CC8000540E44D8480E42D8040E43D839D8020E68
:10CC900040D816D0108003010F0E186F586F176B15
:10CCA000576B0B6B4B6B126B526B880E056B456BA6
:10CCB000066F466F080E036F436F026B426B1200E4
:10CCC0004BEF59F0150FE8BE7F0E020DD60EF32480
:10CCD000F66E550EF420F76EF86A010EF822090080
:10CCE000F5CF00F3F5CF40F30900F5CF01F3F5CF11
:10CCF00041F3410EE8CF04F3E8CF44F3D3EF66F0FD
:10CD00000301400E046F446FD3EF66F0DBDF020EC9
:10CD100000D0066E04000A0ECEEC16F0062EFBD7ED
:10CD20001200393D4045494C5139010D220EF32482
:10CD3000F66ECD0EF420F76EF86A000EF8220900A8
:10CD4000F550120003EE20F013EE60F0036A000EBF
:10CD5000F6D908D2F29E190E066E02EEFFF013EE1F
:10CD60003FF0EC28F36E200EF3CFEBFFE428F36ED8
:10CD7000200EF3CFE3FF062EF4D7C2C0E8FFE8BED3
:10CD800007D0030104870B87128744874B8752879C
:10CD90000AD8030104970B97129744974B97529721
:10CDA00002D010B0120003EE20F013EE60F0E00E9F
:10CDB000036E0301F29E0051406307D0205160636F
:10CDC00004D000512063E1D906D000512063B7D9C7
:10CDD00040516063C7D9032A0151416307D02151F3
:10CDE000616304D001512163D0D906D00151216380
:10CDF000A6D941516163B6D9032A0251426307D0D3
:10CE00002251626304D002512263BFD906D002517D
:10CE1000226395D942516263A5D9032A0351436322
:10CE200007D02351636304D003512363AED906D0E6
:10CE30000351236384D94351636394D9032A032A9A
:10CE40000551456307D02551656304D0055125631D
:10CE50009CD906D00551256372D94551656382D9A5
:10CE6000032A0651466307D02651666304D0065153
:10CE700026638BD906D00651266361D94651666375
:10CE800071D9032A0751476307D02751676304D03C
:10CE9000075127637AD906D00751276350D94751E4
:10CEA000676360D9032A0851486307D02851686333
:10CEB00004D00851286369D906D0085128633FD9A6
:10CEC000485168634FD9032A0951496307D0295152
:10CED000696304D00951296358D906D009512963DF
:10CEE0002ED9495169633ED9032A0A514A6307D0B2
:10CEF0002A516A6304D00A512A6347D906D00A51DD
:10CF00002A631DD94A516A632DD9032A032A0C5179
:10CF10004C6307D02C516C6304D00C512C6335D971
:10CF200006D00C512C630BD94C516C631BD9032ACE
:10CF30000D514D6307D02D516D6304D00D512D63FC
:10CF400024D906D00D512D63FAD84D516D630AD9FD
:10CF5000032A0E514E6307D02E516E6304D00E513A
:10CF60002E6313D906D00E512E63E9D84E516E634D
:10CF7000F9D8032A0F514F6307D02F516F6304D0A4
:10CF80000F512F6302D906D00F512F63D8D84F51BC
:10CF90006F63E8D8032A1051506307D03051706393
:10CFA00004D010513063F1D806D010513063C7D887
:10CFB00050517063D7D8032A1151516307D03151B2
:10CFC000716304D011513163E0D806D0115131633F
:10CFD000B6D851517163C6D8032A032A135153633B
:10CFE00007D03351736304D013513363CED806D0C6
:10CFF00013513363A4D853517363B4D8032A145123
:10D00000546307D03451746304D014513463BDD8D1
:10D0100006D01451346393D854517463A3D8032AAF
:10D02000F28EF29EE40E036E0451446307D0245145
:10D03000646304D004512463A8D806D00451246347
:10D040007ED8445164638ED8032AEB0E036E0B51D5
:10D050004B6307D02B516B6304D00B512B6395D8D6
:10D0600006D00B512B636BD84B516B637BD8032AD3
:10D07000F20E036E1251526307D03251726304D024
:10D080001251326382D806D01251326358D85251AD
:10D09000726368D8032AF50E036E1551556307D0E5
:10D0A0003551756304D0155135636FD806D01551CD
:10D0B000356345D85551756355D8032A16515663C3
:10D0C00007D03651766304D0165136635ED806D049
:10D0D0001651366334D85651766344D8032A175113
:10D0E000576307D03751776304D0175137634DD852
:10D0F00006D01751376323D85751776333D8032AA3
:10D100001851586307D03851786304D018513863E8
:10D110003CD806D01851386312D85851786322D8B9
:10D12000032A0101385107E010C9E8FF020B02E1B0
:10D1300098D839D61CD90101396BF28E1200046ED1
:10D1400003501F0B04C0EBFF37D882A4FED782B474
:10D15000FED78B9A00D000D000D000D000D000D0F5
:10D160008B8A1200046E03501F0B04C0E3FF24D807
:10D1700082A4FED782B4FED78C9800D000D000D015
:10D1800000D000D000D08C881200046E03501F0B1A
:10D1900004C0EBFF04C0E3FF0FD882A4FED782B423
:10D1A000FED78B9A8C9800D000D000D000D000D051
:10D1B00000D08B8A8C8812008C9A8C9C04B08C8C4A
:10D1C0008C8A8C9A8C9C04B28C8C8C8A8C9A8C9CC9
:10D1D00004B48C8C8C8A8C9A8C9C04B68C8C8C8A33
:10D1E0008C9A8C9C04B88C8C8C8A8C9A8C9C04BAFB
:10D1F0008C8C8C8A8C9A8C9C04BC8C8C8C8A8C9A9F
:10D200008C9C04BE8C8C8C8A8C9A8C9C03B08C8CED
:10D210008C8A8C9A8C9C03B28C8C8C8A8C9A8C9C79
:10D2200003B48C8C8C8A8C9A8C9C03B68C8C8C8AE4
:10D230008C9A8C9C03B88C8C8C8A8C9A8C9C03BAAC
:10D240008C8C8C8A8C9A8C9C03BC8C8C8C8A8C9A4F
:10D250008C9C03BE8C8C8C8A8C9A8B888C9C8B9833
:10D2600012000301F28EF29EE00E036EFF0E8DDFC0
:10D27000032AFF0E8ADFE70E036EFF0E86DF032A06
:10D28000FF0E83DFEE0E036EFF0E7FDF032AFF0E1D
:10D290007CDF04970B97129744974B97529738C1AE
:10D2A000E8FFE8B00481E8B20B81E8B41281E8B687
:10D2B0004481E8B84B81E8BA5281E40E036E045110
:10D2C000446307D02451646304D0045124635DDFB8
:10D2D00006D00451246333DF4451646343DF032ADF
:10D2E00053C9E8FF0E0FD8B0FF0E066E0000000015
:10D2F00000000000000000000000062EF7D7EB0E33
:10D30000036E0B514B6307D02B516B6304D00B5151
:10D310002B633BDF06D00B512B6311DF4B516B634B
:10D3200021DF032A53C9E8FF0E0FD8B0FF0E066EA7
:10D330000000000000000000000000000000062EB9
:10D34000F7D7F20E036E1251526307D03251726357
:10D3500004D01251326319DF06D012513263EFDE6E
:10D3600052517263FFDE032A0101386B1200030180
:10D3700038C1E8FFE8B00497E8B20B97E8B4129719
:10D38000E8B64497E8B84B97E8BA5297E8B00481FA
:10D39000E8B20B81E8B41281E8B64481E8B84B8169
:10D3A000E8BA5281E40E036E0451446307D024515D
:10D3B000646304D004512463E8DE06D0045124637E
:10D3C000BEDE44516463CEDE032AEB0E036E0B51C6
:10D3D0004B6307D02B516B6304D00B512B63D5DE0D
:10D3E00006D00B512B63ABDE4B516B63BBDE032AC4
:10D3F000F20E036E1251526307D03251726304D0A1
:10D4000012513263C2DE06D01251326398DE52519D
:10D410007263A8DE032A0101386B1200F29EC7C0B6
:10D42000E8FFA8EC1CF097EC1CF00301EB51EC19A1
:10D4300005E0EBC3ECF3EB5196EC1CF0F28E12001E
:10D4400001011050070BD8A41200E9CF7CF0EACFFD
:10D450007DF0F3CF7EF0F4CF7FF010C9E8FFE8B2A3
:10D4600008D0E8B003D06FEC72F00BD0EBEC79F0A1
:10D4700008D0E8B003D0A4EC7DF003D041EC82F0FA
:10D4800000D07CC0E9FF7DC0EAFF7EC0F3FF7FC013
:10D49000F4FF12001E973D29D8A43D2BC2C0E8FF1F
:10D4A000E8B206D0E8B002D0109A06D0108A04D0B4
:10D4B000109A3D29D8A4108A3E0709E13F51030A7A
:10D4C00006E03F2B3B2B3C31E8303F0B3E6F1EA963
:10D4D00016D0C2C0E8FFE8A603D00601FD81010115
:10D4E000326B10C9E8FF030B01E009D067CAE8FFFF
:10D4F000331368CAE8FF341369CAE8FF35133B5198
:10D5000003E03B0710BA0FD010BA3CD0F2A43AD0D7
:10D51000F2940001D59E7A51D6247B51D7227A51BC
:10D52000D626D58E0101322B3251030B08E1C2C041
:10D53000E8FFE8A604D00601FC2901E0FC2B01016C
:10D5400032510F0B060A04E00A0A05E1F00E321709
:10D550003251100F326F1E8710C9E8FF030B03E032
:10D56000800E35130FD01AEE5EF00DD81AEE61F072
:10D5700032510F0B01E107D81AEE64F03251300B33
:10D58000D8B401D81200E6503313E6503413E650F5
:10D59000351312001E911E931E951EB903D0060E60
:10D5A000DBA411D0090EDB680A0EDB68060EDB92E5
:10D5B0001E831EB903D00C0EEBBC05D0070EDB6832
:10D5C000080EDB681E811EA72ED00C0EEBAE06D017
:10D5D0000F0EDB50D8B4010EF36E02D0010EF36EC5
:10D5E000070EDB50F3260D0EEB503F0B010FF46ED0
:10D5F000F404F36407D0F450F35E1E81010EE3A03F
:10D600001E85F6D7070EF3CFDBFF080EDB2ADB04FF
:10D61000F36E0E0EEB501F0B010FF36001D003D021
:10D62000080EDB6A1E850C0EEBBA05D0060EDBA6D3
:10D6300004D0DB9605D0060EDB860C0EEBB023D0B3
:10D64000060EDBA0FCD0DB900F0EF36EF350DB6A0E
:10D65000F32A170EF364FAD710C9E8FF030B05E0AD
:10D660001F51C6EC16F037130AD043CAE8FFC00BAF
:10D67000331344CAE8FF341345CAE8FF3513010EDB
:10D68000E396E388DCD0060EDB800C0EEBBA06D006
:10D690000C0EEBBC03D0010EE3A002D01EA518D0E7
:10D6A000010EE3A415D0E396E38810C9E8FF030B4D
:10D6B00005E01F51C6EC16F037130AD043CAE8FF45
:10D6C000C00B331344CAE8FF341345CAE8FF3513CF
:10D6D0001EA1B5D0090EDB50AA0AD8B4B0D0090EED
:10D6E000DB2A080EDB6A090EDBCFF3FF080EF360BE
:10D6F000F36AF350100FDB50D8B4F36AF350100FF5
:10D70000DB50D8B49CD0090EF3CFDBFF0C0EEB300E
:10D71000060B060A2CE00C0EEBB602D0EBA41BD0D5
:10D72000F3500EE1060EDB720C0EEBB601D0F32ABD
:10D73000F350100FDB50D8B4F36A090EF3CFDBFFC0
:10D740000C0EEBB204D0060EDBB218D007D0060EDA
:10D75000DBB204D013D00C0EEBA210D00F0EDB50B6
:10D7600005E0FF0FF46EF350F45CF36E07D06EEC3F
:10D7700060F00F0EDB501403F4CFF3FF0D0EEBAE91
:10D7800013D01EB311D0F350100FDB5007E0F3504D
:10D79000090EDB5009E10A0EDB5006E1AA0EF36E1A
:10D7A000090EF3CFDBFF4BD0F350100FDB507F0B94
:10D7B000F46E040ED8A4F4CFE3FFF3500DE10A0E8B
:10D7C000DB2ADB04F36E0E0EEB38E830070BF36058
:10D7D00001D002D00A0EDB6A0A0EDB500EE00C0DFF
:10D7E000040EE350F324F46E6B0EF46403D0F40ED5
:10D7F000F426FAD7040EF4CFE3FF010EE3A01FD006
:10D80000010EE398E3B41BD0E38610C9E8FF030BD5
:10D810000CE01F51C6EC16F036131F51020FC6EC78
:10D8200016F034133F0E35130AD040CAE8FFC00B80
:10D83000331341CAE8FF341342CAE8FF3513060E1A
:10D84000DB941200010EEBCF0BF0C1EC71F0010E76
:10D85000E3A207D00BB80AD0010EE392E3B0E3864F
:10D8600005D00BA803D0010EE382E388010EE3A4E8
:10D87000E398E3B803D0E3B610D070D0E398040E79
:10D88000DB96000EEBB402D0040EDB90010EE394A5
:10D890001F51C6EC16F0391361D01F51C6EC16F0BB
:10D8A00039155CE10BB858D0110EE126E650E510B1
:10D8B0001FE010C9E8FF030B020A02E10D6A03D062
:10D8C000070EEBCF0DF012C9E8FFE8A004D0190E47
:10D8D0000D26D8B00D68800E82EC71F00350E6265C
:10D8E0000450E52203E2EF0EE1263AD0E66AE56A4B
:10D8F000EF0EE126010EE39612C9E8FFE8A011D071
:10D90000020EEBCFF3FF050EF3CFDBFF030EEBCFE1
:10D91000F3FF010EE3AC02D0F00EF312060EF3CFCC
:10D92000DBFF10C9E8FFE8B207D0E8B000D053C968
:10D93000E8FFFF0B0FE006D0E8B001D00BD0100ECF
:10D94000EBA808D0040EDB86DB901F51C6EC16F066
:10D95000381302D0040EDB80010EE384FF091200AD
:10D96000000B12000C0EEBA002D0040E01D0030E2F
:10D97000E3CF25F126EE60F0000EE350180DF350D2
:10D98000D926080EEBCF0CF010C9E8FF030B010AF3
:10D9900050E11F512DE0FF0F0CE0FF0F04E0FF0FDF
:10D9A00027E0FF0F06E04C0EEB5001E0256F4B0E19
:10D9B00005D0440EEB5001E0256F430EEB5018E00C
:10D9C0000D6E030B0DA402D0030A010F0C0D0DB454
:10D9D00007D0F3500C260CAE0BD0F40E0C26FBD760
:10D9E000F31C010F0C260CAE03D00C0E0C26FBD73B
:10D9F000100EEBA222D0300EDB50F00B17E1330EED
:10DA0000DBCF0BF0400EDB507F0B0FE0C40F0B267B
:10DA10000BAE0BD0E8BE05D0F40E0B260BBEFCD728
:10DA200004D00C0E0B260BBEFCD70AD0400E0B6E9A
:10DA300007D0010A02E126EE60F0030EDBCF0BF007
:10DA40000C500B248008FF0A0B6E2525010FE8AE51
:10DA500009D00BBE04D0F40FE8BEFDD703D00C0FE5
:10DA6000E8BEFDD7256F070EE350256301D00AD02D
:10DA7000070E25C1E3FF000EEBA204D00F0EE368F2
:10DA8000100EE368010EE3AA42D0000EEBA23FD0D5
:10DA90000B0EEB50D8B43BD0D890E830020DEC0E12
:10DAA000F324F66E500EF420F76EF86A010EF82299
:10DAB0000900F5CF16F10900F5CF17F10F0EE3506D
:10DAC0001627100EE35017230AE20F0E16C1E3FFCC
:10DAD000100E17C1E3FF060EE3CF25F123D00F0E82
:10DAE000E36A100EE36A060EE3500B6E256502D062
:10DAF0000B2A01D00B060BBE0AD00B50256301D0B8
:10DB000006D00BC025F1060E25C1E3FF0BD0070E92
:10DB1000E3CF25F1060E25C1E3FF000EEBA202D0F4
:10DB2000010EE39A236BD8902535246F0A0EEB5033
:10DB3000D8B4B6D0186B196B10C9E8FFE8B205D09D
:10DB4000E8B003D0080EE35002D0040EDB500B6E99
:10DB500007E0D8900B341827000E0BBEFF0E1923D8
:10DB6000090EEB500B6E800A07E0D8900B34182793
:10DB7000000E0BAEFF0E192310C9E8FF020B62E185
:10DB80000901515101015EE00B6E0901DEB104D0C3
:10DB9000DEB30AD0010121D001011FB516D01FB399
:10DBA0000DD01FB109D042D001011FB50ED01FB357
:10DBB00005D01FB101D042D037DB40D01FB104D017
:10DBC00033DB0B500B2632D03DD01FB102D02CDB03
:10DBD0002DD02ADB0B500B2631D05151010132E000
:10DBE0001FB520D01FB311D01FB10ED0C2C0E8FFA7
:10DBF000E8BC28D010C9E8FF030B010A23E0D89045
:10DC00000B32D8900B321AD019D01FB101D00ED0E0
:10DC100010C9E8FF030B010A15E0D8900B32D89029
:10DC20000B3204D01FB101D001D008D00B1C010F62
:10DC300018270B50D8A4FF0E192304D00B50182717
:10DC4000000E1923185119112BE019BF06D00A0E26
:10DC5000EB502525E8BE7F0E05D00A0EEB50255D62
:10DC6000E8BE000E036AD890E834046E19BF0CD0E9
:10DC70002351035C166F24510458176F17AF0AD055
:10DC800016697F0E176F06D00350235D166F045080
:10DC90002459176F42EC1DF01B5123271C512423DC
:10DCA0009CDB0B0EE3CF21F10C0EE3CF22F1090E2A
:10DCB000E350236305D00A0EE350246301D013D050
:10DCC000090E23C1E3FF0A0E24C1E3FF0D0E21C19B
:10DCD000E3FF0E0E22C1E3FF000EEBB204D00F0EE5
:10DCE000E36A100EE36A010EE3AA77D0000EEBB2EE
:10DCF00074D00B0EEB50D8B470D0020DEC0EF324A0
:10DD0000F66E500EF420F76EF86A010EF822090044
:10DD1000F5CF16F10900F5CF17F1000EEBA03BD0BF
:10DD20000F0EE3501627100EE350172302E3166977
:10DD300017690F0E16C1E3FF100E17C1E3FF0D0E9A
:10DD4000E350235D0B6E0E0EE35024590C6E48EC2D
:10DD500071F0040E0B26000E0C220BC018F10CC043
:10DD600019F125EC1DF00DB009D00D0EE3501C2566
:10DD7000216F0E0EE3501D21226F20D00D0EE3CF38
:10DD8000F3FF0E0EE3CFF4FF1C51F35C216F1D5126
:10DD9000F458226F1DD021C118F122C119F125ECD0
:10DDA0001DF01C511D11D8B41C2B2351215D245191
:10DDB00022590AE21C5121271D5122232151235DA2
:10DDC0002251245913E209D01C51215F1D51225BBD
:10DDD0002351215D2451225909E223C121F124C19B
:10DDE00022F1000EEBB202D0010EE39A020EE3B272
:10DDF00008D00B0EE350211904E10C0EE350221958
:10DE000038E0020EE3920B0E21C1E3FF0C0E22C19B
:10DE1000E3FFC1EC71F022317F0B150FE8BE7F0EDE
:10DE2000020DD60EF324F66E550EF420F76EF86A46
:10DE3000010EF8220900F5CFDEFFF5CF16F109003B
:10DE4000F5CFDDFFF5CF17F10900F5CF18F1090087
:10DE5000F5CF19F11651185D166F17511959176F33
:10DE600022312131186F50EC1DF01B51DE261C5160
:10DE7000DD22C3C0E8FFE8A618D0E40E1F25F66E29
:10DE8000F76ADE0EF722F86A000EF8220900F55054
:10DE90000CE0036AD8902535046EF504AEEC1CF056
:10DEA0000101F504C6EC16F03A13C3C0E8FFE8A878
:10DEB00018D0EA0E1F25F66EF76ADE0EF722F86A12
:10DEC000000EF8220900F5500CE021C103F022C138
:10DED00004F0F504AEEC1CF00101F504C6EC16F0FC
:10DEE0003A131200070000080000070000080000B5
:10DEF00010C9E8FF030B010A14E11F5112E0FF0FE4
:10DF00000BE0FF0F04E0FF0F0CE0FF0F05E0490EF0
:10DF1000EBCF0BF04A0E09D0410EEBCF0BF0420EC7
:10DF200004D0040EEBCF0BF0050EEB500F0B0C6E74
:10DF30000C3A0B380F0B0C120B38F00B0B6ED7ECA6
:10DF400071F01F51060F030D11EE80F0F350E12622
:10DF5000E6500B26E6500C22E7BE06D0E75001E162
:10DF600008E30B680C6805D0E71C01E102E20B6ACC
:10DF70000C6A0B380F0B0D6E0C38F00B0D120C38B1
:10DF80000F0B0E6E0DC0DEFF0EC0DDFFC3C0E8FF3D
:10DF9000E8A418D0C60E1F25F66EF76ADF0EF7222A
:10DFA000F86A000EF8220900F5500CE00BC003F0EF
:10DFB0000CC004F0F504AEEC1CF00101F504C6EC55
:10DFC00016F03A131200050000060000010EEBCF18
:10DFD0000BF0020EEB500F0B0C6E0C3A0B380F0BC4
:10DFE0000C120B38F00B0B6EE750E6240D6EE75069
:10DFF000E6200E6EE750E6200F6E0D500B260E50F9
:10E000000C220FBE06D00F5001E108E30B680C682C
:10E0100005D00F1C01E102E20B6A0C6A10C9E8FF8F
:10E02000030B02E0010A1FE1040EEB501CE0F36E4B
:10E030000CC2F4FF1FB154C2F4FFF32802E1F36AEB
:10E0400003D0F32AF428F302880EF426F3500B26AB
:10E05000F4500C22F4BE04D006E30B680C6803D025
:10E0600002E20B6A0C6AC2C0E8FFE8A812D00C30CA
:10E070007F0B020DD60EF324F66E550EF420F76ECC
:10E08000F86A010EF8220900F5CF0BF00900F5CF70
:10E090000CF01FB109D0C8C00DF0C9C00EF0CAC045
:10E0A000F3FFCBC0F4FF08D0CCC00DF0CDC00EF014
:10E0B000CEC0F3FFCFC0F4FF0D50F35CE8CF16F1F4
:10E0C0000E50F458E8CF17F10BC018F10CC019F13D
:10E0D00025EC1DF00D501C250B6E0E501D210C6EF5
:10E0E000020EEBAE07D013EED0F01F51D8A413EE02
:10E0F000D6F092D90B380E0BF66E0C38F00BF612E8
:10E100000C380F0B700FF76E010EF86E0900F53A20
:10E11000D890F532150EF5CFDBFF0900160EF5CFBE
:10E12000DBFFC3C0E8FFE8A01CD00BC003F00CC0AD
:10E1300004F0000E1FB1020EAEEC1CF00101000E47
:10E14000010904093A13030EEBCF04F0036A010E30
:10E150001FB1030EAEEC1CF00101000E020908090C
:10E160003A13000EEB500F0BF36E030EEB50F00B57
:10E17000F312170EF3CFDBFF0B6A52C90CF0D890E5
:10E180000C361F510E0F030D11EE80F0F350E126F7
:10E19000E6500B26E6500C22E7BE06D0E75001E120
:10E1A00008E30B680C6805D0E71C01E102E20B6A8A
:10E1B0000C6AC3C00DF00C380F0B0DB20F0EF36ECE
:10E1C000000EEB50F00BF312180EF3CFDBFF0DA295
:10E1D0000ED00BC003F00CC004F0040E1FB1050EEE
:10E1E000AEEC1CF00101000E100920093A131200D8
:10E1F0001F51C6EC16F03A1508E1EECF03F0EDCF53
:10E2000004F01F51AEEC1CF00101120013EEEBF014
:10E2100014C9E7FF0201E79001B5E780E79249B52D
:10E22000E7820301010112000BC00CF00B6AD890C9
:10E230000C320C50D8B412000B260C320C50D8B44F
:10E2400012000B5E17EF71F0F56E2CD8D890E83401
:10E25000186F196B42EC1DF0F5BE08D01B1F1C1F78
:10E260001D1F1B2BD8B41C2BD8B41D2B12001EAFA6
:10E27000EBD71B6FE8AE06D0060EEB501B25E8AEC1
:10E28000FF0EE2D7060EEB1C010FE8BE000EDCD736
:10E290000D6A0CAE06D00D800B1E0C1E0B2AD8B4D6
:10E2A0000C2A1200E850D8B4010FE8AE80087F0BAA
:10E2B0001200010EE3500B6001D011D0E65003268E
:10E2C000E550042205E20350000804500B5805E213
:10E2D0000BC004F0036A000B1200FF091200035088
:10E2E000E65C036E0450E558046E05E3000E035C23
:10E2F0000B50045805E20BC004F0036A000B120037
:10E30000FF0912000B6E800A12E10D50020DEC0E97
:10E31000F324F66E500EF420F76EF86A010EF82220
:10E320000900F5CF03F00900F5CF04F01200010E4B
:10E33000E3CF0CF0D8900D320B50B4DF0BBE7F0A48
:10E340000C020BAE07D00D1E0D9EF4500D5CE8BE06
:10E35000000E05D00D1C7F0BF424E8BE7F0E7F0B52
:10E36000020DD60EF324F66E550EF420F76EF86A01
:10E37000010EF8220900F5CF03F00900F5CF04F0F3
:10E3800012001FB50ED01FB306D023EE00F01FB150
:10E3900023EE07F0120023EE0EF01FB123EE40F043
:10E3A000120023EE47F01FB123EE4EF012001FB50E
:10E3B0000ED01FB306D023EE02F01FB123EE09F0FA
:10E3C000120023EE10F01FB123EE42F0120023EEF4
:10E3D00049F01FB123EE50F012001F51000F030D42
:10E3E00021EE80F0F350D926DECFF3FFDECFF4FF2D
:10E3F000DECFF5FFF3502327F4502423F5BE06D0DB
:10E40000F55001E108E32369246905D0F51C01E119
:10E4100002E2236B246B1200D8900C320B32000EF8
:10E42000E3500B6205D0010EE3500C6201D023D003
:10E43000000E0BC0E3FF010E0CC0E3FF020EE35021
:10E440000B5C0B6E030EE3500C580C6E0C320B324F
:10E450000C320B320C320B320C501F0BE8B8E009B7
:10E460000C6E0B500C10D8B40B2A040E0BC0E3FF3B
:10E47000050E0CC0E3FF020EE3CF0BF0030EE3CF5B
:10E480000CF0000EE3500B6205D0010EE3500C625D
:10E4900001D01BD0040EE3500B26050EE3500C22D6
:10E4A0000CBE0AD0000EE3500B5C010EE3500C587A
:10E4B000050EE3BE08D009E3000EE3CF0BF0010E1A
:10E4C000E3CF0CF002D001E2F7D7020E0BC0E3FF5E
:10E4D000030E0CC0E3FFD8900B360C36120001017E
:10E4E00010BC7BD0108C3A6B1F6B09EEC0F012EEA3
:10E4F000A0F0CDEC75F01F2B09EEC5F012EEA4F0E4
:10E50000CDEC75F01F2B09EECAF012EEA8F0CDECA1
:10E5100075F01F2B09EECFF012EEACF0CDEC75F0DC
:10E520001F2B09EED4F012EEB0F0CDEC75F01F2BDE
:10E5300009EED9F012EEB4F0CDEC75F01F2B1F6B85
:10E5400009EEE0F012EED0F022EC77F01F2B09EE8E
:10E55000F0F012EED5F022EC77F01F2B800E0B6E50
:10E5600001EE80F0EE6A0B2EFDD7626B0CC263F1F8
:10E570000BC262F1D89063336233606B6551800FD8
:10E58000E8307F0B616F1F6B0AEE00F0E5EC77F06F
:10E590001F2B0AEE08F0E5EC77F01F2B0AEE10F0C7
:10E5A000E5EC77F01F2B0AEE18F0E5EC77F01F2B67
:10E5B0000AEE20F0E5EC77F01F2B0AEE28F0E5ECF0
:10E5C00077F01F2B0AEE30F0E5EC77F01F2B0AEE08
:10E5D00038F0E5EC77F01F2BDAD0109C4AEC6AF0AB
:10E5E0001F6B0AEE6CF022EEEEF063D91F2B0AEEE1
:10E5F00071F022EEF0F05DD91F2B0AEE76F022EEDC
:10E60000F2F057D91F2B0AEE7BF022EEF4F051D92D
:10E610001F2B356B1F6B09EE60F012EE00F026EE3B
:10E6200060F0CAEC6AF01F2B09EE70F012EE18F0E1
:10E6300026EE78F0CAEC6AF01F2B09EE80F012EE9D
:10E6400030F026EE90F0CAEC6AF01F2BC2C0E8FF53
:10E65000E8BC1BD009EE90F012EE48F026EEA8F0D0
:10E66000CAEC6AF01F2B09EEA0F012EE60F026EE65
:10E67000C0F0CAEC6AF01F2B09EEB0F012EE78F091
:10E6800026EED8F0CAEC6AF01F2BFFEC74F01F6B7B
:10E6900009EE60F012EE00F005D91F2B09EE70F0C4
:10E6A00012EE18F0FFD81F2B09EE80F012EE30F0BA
:10E6B000F9D81F2BC2C0E8FFE8BC12D009EE90F0D9
:10E6C00012EE48F0EFD81F2B09EEA0F012EE60F02A
:10E6D000E9D81F2B09EEB0F012EE78F0E3D81F2B2B
:10E6E0001F6B09EE54F011EEA4F023EE00F0E6ECFF
:10E6F0006FF0C2C0E8FFE8BC09D01F2B09EE5AF04A
:10E7000011EEA7F023EE40F0E6EC6FF01F6B09EE80
:10E7100040F021EED4F092EC75F01F2B09EE42F0A0
:10E7200021EED7F092EC75F01F2B09EE44F021EEAC
:10E73000DAF092EC75F01F2B09EE46F021EEDDF0D9
:10E7400092EC75F01F2B09EE48F021EEE0F092EC10
:10E7500075F01F2B09EE4AF021EEE3F092EC75F014
:10E760001F2B09EE4CF021EEE6F092EC75F01F2B1A
:10E7700009EE4EF021EEE9F092EC75F01F2B06EC5D
:10E7800071F006D8E5EC79F01E991E9B1E9D1200D3
:10E79000030109EE60F0090E0417010EEB38F60BC9
:10E7A000E8BE8F0B041312C9E8FFE8B006D0020ED2
:10E7B000EBCF05F3030EEBCF06F309EE70F0090E75
:10E7C0000B17010EEB38F60BE8BE8F0B0B1312C9BB
:10E7D000E8FFE8B006D0020EEBCF0CF3030EEBCF50
:10E7E0000DF309EE80F0090E1217010EEB38F60B4F
:10E7F000E8BE8F0B121312C9E8FFE8B006D0020E74
:10E80000EBCF13F3030EEBCF14F3C2C0E8FFE8BC69
:10E810003DD009EE90F0090E4417010EEB38F60BCF
:10E82000E8BE8F0B441312C9E8FFE8B006D0020E11
:10E83000EBCF45F3030EEBCF46F309EEA0F0090E44
:10E840004B17010EEB38F60BE8BE8F0B4B1312C9BA
:10E85000E8FFE8B006D0020EEBCF4CF3030EEBCF8F
:10E860004DF309EEB0F0090E5217010EEB38F60B1E
:10E87000E8BE8F0B521312C9E8FFE8B006D0020EB3
:10E88000EBCF53F3030EEBCF54F30AD013EE00F0AB
:10E8900023EE40F0190EF36EE6CFDEFFF32EFCD729
:10E8A0000101120022EC6CF0D8A4B2EC6CF078EF0D
:10E8B0006FF0030EEBAE05D005C20CF0D8900C360D
:10E8C0001DD0020EEBAE34D01F51240F030D11EEFC
:10E8D00080F0F350E126E6CF0BF0E6CF0CF0E6CF68
:10E8E0000DF0800E0C260DBE05D00D5001E106E3A3
:10E8F0000C6804D00D1C01E101E20C6A030EEB5020
:10E900007F0B0F6E020EEB507F0B0E6E0F5E0FAE85
:10E9100006D00F1E0F2A030EEB507F0B0E6E0F2A30
:10E920000F500C02F4500E26000E0EC0DBFF43D039
:10E930001E911F51000FC6EC16F035150AE0010EAE
:10E94000DB68020EEB507F0BFF0FF36E000EF3CF70
:10E95000DBFF1F51040FC6EC16F035150EE0010E5B
:10E96000DB28F36E05E0000EEB503F0BF36402D0A2
:10E97000F36A1E81010EF3CFDBFF1EA13FD0000E14
:10E98000DB50AA0A3BE0000EDB28F36E030EEB50CF
:10E990007F0BF3640DD0040EEBAE06D0AA0EF36E1F
:10E9A000000EF3CFDBFF2AD0040EEB507F0BF36E8B
:10E9B000000EF3CFDBFF1AEE80F0000EDB507F0B72
:10E9C000E126E7CF03F021EE74F0D8901F35D92669
:10E9D00003BE06D0DE6AD8900334800FDD6E04D00B
:10E9E000DE6A03507F0BDD6E056A000EEBBC05800E
:10E9F000EBBE0582010EEB50A4EC9BF0120009EE79
:10EA0000E0F012EED0F034B1C7EC79F0349133BDC0
:10EA1000B7EC79F0339D09EEF0F012EED5F034B397
:10EA2000C7EC79F0349333BFB7EC79F0339F1F6BA9
:10EA300034A507D009EEC0F012EEA0F0B1EC75F0ED
:10EA400034951F2B34A707D009EEC5F012EEA4F0C1
:10EA5000B1EC75F034971F2B34A907D009EECAF03A
:10EA600012EEA8F0B1EC75F034991F2B34AB07D03F
:10EA700009EECFF012EEACF0B1EC75F0349B1F2B29
:10EA800034AD07D009EED4F012EEB0F0B1EC75F071
:10EA9000349D1F2B34AF07D009EED9F012EEB4F03D
:10EAA000B1EC75F0349F1F2B1F6B33A107D009EE1B
:10EAB00060F012EE00F0CAEC79F033911F2B33A313
:10EAC00007D009EE70F012EE18F0CAEC79F033932B
:10EAD0001F2B33A507D009EE80F012EE30F0CAEC00
:10EAE00079F033951F2B33A707D009EE90F012EE83
:10EAF00048F0CAEC79F033971F2B33A907D009EE01
:10EB0000A0F012EE60F0CAEC79F033991F2B33AB12
:10EB100007D009EEB0F012EE78F0CAEC79F0339B32
:10EB20001F2B12001F51C6EC16F03A1519E1EECF5B
:10EB300003F0EDCF04F0DE500326DE500422DFBEEA
:10EB400006D0DF5001E108E30368046805D0DF1C4C
:10EB500001E102E2036A046A1F51AEEC1CF00101FC
:10EB60001200000EE66E040EEBCFE5FF1F51C4EC61
:10EB700016F03117000EEBA405D0020EE36A030E67
:10EB8000E36AA5D0030EE36A030EF36AEB50D8A440
:10EB9000F32A020EF3CFE3FF9AD0000EEBB008D0B9
:10EBA00021EE44F0D8901F35D926DE6ADD6A49D1BE
:10EBB000000EEBA415D0020EE126E650E5100EE0A3
:10EBC000030EEBCF0DF0800E82EC71F00350E626C1
:10EBD0000450E52201E235D1E66AE56AFE0EE1263F
:10EBE0001E91000EEBA608D01F51C6EC16F0311591
:10EBF00003E0E668E5686BD0000EEBA402D01EA728
:10EC000066D0020EEBCF0BF01F51160F030D21EE55
:10EC100080F0F350010FD926DE500B26DFBE05D061
:10EC2000DF5001E106E30B6804D0DF1C01E101E2E3
:10EC30000B6A000EEBA423D00B30E830E8301F0B3A
:10EC4000040DEC0EF324F66E540EF420F76EF86A01
:10EC5000010EF822020EE126E62AD8B4E72AE106E0
:10EC60000900F550E65C0900F550E75805E2E56A51
:10EC7000E76AFE0EE1260ED0FD0EE12628D00B50ED
:10EC8000020DEC0EF324F66E520EF420F76EF86AC5
:10EC9000010EF8220900F550E6260900F550E5229C
:10ECA00016E31E811F51030D2AEE4CF0F350D926B6
:10ECB000DE503313DE503413DE5035131F51C6ECD3
:10ECC00016F03113000EEBA602D0E668E568E6CF39
:10ECD0000BF0E5CF0CF0000EEB38E8B682D0E8B4CC
:10ECE00049D0E8B235D0E8B01DD00B340C340CBCA0
:10ECF0007F0A7F0B020DD60EF324F66E560EF4201B
:10ED0000F76EF86A010EF8220900F5CF16F1090036
:10ED1000F5CF17F10CAE05D0161F171F162BD8B460
:10ED2000172B68D0D8900B34166F0C347F0B176FED
:10ED30000CAC06D0161F171F162BD8B4172B179F15
:10ED40000CAE05D0161F171F162BD8B4172B52D098
:10ED5000E8B007D0000E0B5C166F800E0C58176FD2
:10ED600049D0000E0CBEFF0E166F800E0CBE7F0E3B
:10ED7000176F40D0E8B220D0E8B009D01EA161D012
:10ED80006EEC60F014C116F114C117F133D00C50C1
:10ED90000CBE7F0A7F0B020DD60EF324F66E560EC4
:10EDA000F420F76EF86A010EF8220900F5CF16F18B
:10EDB0000900F5CF17F11ED0E8B00DD00BC016F149
:10EDC0000CC017F10CAE06D0161F171F162BD8B4A7
:10EDD000172B179F0FD0D8900C30176F0B30166F72
:10EDE00009D0000E0CBEFF0E166F000E0CBE7F0E7B
:10EDF000176F00D0010EEBCF0BF01F51100F030D5A
:10EE000011EE80F0F350010FE126E6500B26E7BE2D
:10EE100005D0E75001E106E30B6804D0E71C01E1EF
:10EE200001E20B6A0B5024EC71F002D01B6B1C6BDF
:10EE300021EE44F0D8901F35D9261BC1DEFF1CC13E
:10EE4000DDFF1200000EEBAE0CD01EA705D0325134
:10EE50000F0B07E0060A05E0E6CF03F0E5CF04F06C
:10EE600094D0040EE3BC85D0E3BA73D0E3A0ACD059
:10EE7000E3B868D0E3B648D0E3B436D0E3B225D0E7
:10EE8000020EE126E650E5100EE0020EEBCF0DF08B
:10EE9000800E82EC71F00350E6260450E52201E278
:10EEA00093D0E66AE56AFE0EE126030EEB500D6E86
:10EEB0000D0EEB5082EC71F0040EEBCF0BF05EEC1C
:10EEC00071F063E1000E26DA60D0050EEBCF0DF095
:10EED0000D0EEB5082EC71F0FF0E0B6E5EEC71F0DC
:10EEE00054E1010E17DA51D0060EEBCF0DF00E0EE5
:10EEF000EB5082EC71F0070EEBCF0BF059EC71F098
:10EF000044E1020E07DA41D0080EEBCF0DF00E0EF1
:10EF1000EB5082EC71F0090EEBCF0BF059EC71F075
:10EF200034E11F51030D2AEE46F0F350D926DE508E
:10EF30003313DE503413DE503513030EEBD9040EB9
:10EF4000E3A823D0090EEBCF04F0036A040EE2D944
:10EF50001CD00A0EEBCF0DF00F0EEB5082EC71F0CF
:10EF60000B0EEBCF0BF059EC71F00FE1050ED2D97F
:10EF70000CD00C0EEBCF0DF00F0EEB5082EC71F0BD
:10EF80000B6A6FEC71F0060EC5D903C0E6FF04C032
:10EF9000E5FFD8900430176F0330166F035004104C
:10EFA00008E0010EEB50800A04E0800A24EC71F0C6
:10EFB00002D01B6B1C6B21EE40F0D8901F35D92678
:10EFC0001BC1DEFF1CC1DDFF1200030EEB50800AE7
:10EFD000D8B48DD1000EEB5017E0E8BE0FD021EE73
:10EFE00040F0FF0FE834FE0B010FD926D890DD303A
:10EFF000286FDF30276F28BD288F08D0E8303F0BFF
:10F00000286F276B273302D0276B286B010EEB503C
:10F0100017E0E8BE0FD021EE40F0FF0FE834FE0B02
:10F02000010FD926D890DD302A6FDF30296F2ABD35
:10F030002A8F08D0E8303F0B2A6F296B293302D082
:10F04000296B2A6B020EEB500F0BC8EC16F00FD099
:10F0500011D015D019D01FD025D035D03BD041D0FC
:10F0600047D051D05BD065D06FD072D08ED0166BA8
:10F07000176B92D027C116F128C117F18DD029C185
:10F0800016F12AC117F188D027512925166F28516A
:10F090002A21176F81D02751295D166F28512A59CF
:10F0A000176F7AD0D8902735166F2835176FD890FC
:10F0B0002935186F2A35196F42EC1DF01CC116F165
:10F0C0001DC117F169D027512919166F28512A1926
:10F0D000176F62D027512911166F28512A11176F07
:10F0E0005BD027512915166F28512A15176F54D058
:10F0F0002A51800A0B6E2851800A0B5C02E12751CD
:10F10000295DB8E2BCD72A51800A0B6E2851800ACB
:10F110000B5C02E12751295DB2E2ACD72A51800A8B
:10F120000B6E2851800A0B5C02E12751295D2EE20B
:10F1300031D02A51800A0B6E2851800A0B5C02E103
:10F140002751295D27E222D02A5128191FE022D019
:10F150001F51C6EC16F00B6E2AAF000E0C6E265136
:10F160000B140C1807E00B1C26170C5026130C5020
:10F1700001E180D721EE40F0D8901F35100FD9263D
:10F18000DECF16F1DECF17F107D071D716697F0EEB
:10F19000176F02D0166B176B21EE40F0D8901F3519
:10F1A000100FD92616C1DEFF17C1DEFF1651171149
:10F1B000D8B49DD0030EEB5024EC71F01CC103F0C9
:10F1C0001F516AEC28F01B371C371D371BC12BF170
:10F1D0001CC12CF11DC12DF11BC12EF11CC12FF141
:10F1E0001DC130F1020EEBAC08D02B1F2C1F2D1FC0
:10F1F0002B2BD8B42C2BD8B42D2B020EEBAE08D071
:10F200002E1F2F1F301F2E2BD8B42F2BD8B4302BEE
:10F21000060EEB500AE021EE80F0FF0F030D21EE09
:10F2200080F0F3507F0BD92667D8070EEB5008E02B
:10F23000FF0F030D21EE80F0F3507F0BD92663D82A
:10F24000040EEBCF0BF00BA003D021EE80F054D8CE
:10F250000BA203D021EE83F04FD80BA403D021EEF4
:10F2600086F04AD80BA603D021EE92F045D80BA821
:10F2700003D021EE95F040D80BAA03D021EE98F0F0
:10F280003BD80BAC03D021EEA4F036D80BAE03D0A4
:10F2900021EEAAF031D8050EEBCF0BF00BA003D076
:10F2A00021EE89F030D80BA203D021EE8CF02BD8C0
:10F2B0000BA403D021EE8FF026D80BA603D021EEAD
:10F2C0009BF021D80BA803D021EE9EF01CD80BAAEE
:10F2D00003D021EEA1F017D80BAC03D021EEA7F09C
:10F2E00012D80BAE03D021EEADF00DD81200036A98
:10F2F0001F516AEC28F012002B51DE262C51DE2221
:10F300002D51DE2212002E51DE262F51DE223051E9
:10F31000DE221200F36EF46E000EEB38070BFF0FC7
:10F32000F31806E1000EEB50070B02E0FE0FF36E40
:10F33000F450040A03E1F350040A01E0F32AF3B4A1
:10F340000AD0F3B204D0010EF3B0030E0BD0070EB7
:10F35000F3B00F0E07D0F3B204D01F0EF3B03F0E80
:10F3600001D07F0EF36E040EF3CFE3FF1200010E07
:10F37000F36E040EF3CFE3FF030EE36A020EF36AAB
:10F38000EB50D8A4F32A020EF3CFE3FF1200040ED1
:10F39000E38A1200010EE388E3B0E386120EE36A0B
:10F3A000070EF36AEB50D8A4F32A12C9E8FFE8A0CD
:10F3B00008D0010EF36EC1EC71F0050EDB6A060E8B
:10F3C000DB6A110EF3CFE3FF12003EA012002BBC4C
:10F3D00001D012001200010110BC58D0108C3A6B01
:10F3E000800E0B6E01EE80F0EE6A0B2EFDD71F6BC8
:10F3F00009EE74F012EEA0F0010E0A6F99EC86F09F
:10F400001F2B09EE7BF012EEA4F0010E0A6F99ECAF
:10F4100086F01F2BC2C0E8FFE8BC14D0060E1F6F99
:10F4200009EEC4F012EEB8F0020E0A6F99EC86F005
:10F430001F2B09EECBF012EEBCF0020E0A6F99EC16
:10F4400086F01F2B1F6B1E9F01C2E8FF400BD8A444
:10F450001E8F09EE60F012EED0F010EC88F01F2B3A
:10F46000C2C0E8FFE8BC0FD0030E1F6F1E9F49C249
:10F47000E8FF400BD8A41E8F09EEB0F012EEDFF0CB
:10F4800010EC88F01F2B02EC7DF0C9D0109C4AECE8
:10F490006AF01F6B09EE60F012EE00F022EEEAF067
:10F4A0005ED91F2BC2C0E8FFE8BC08D009EEB0F05F
:10F4B00012EE48F022EEFDF052D91F2B356B1F6B78
:10F4C00009EE60F012EE00F026EE60F0CAEC6AF091
:10F4D0001F2BC2C0E8FFE8BC0BD0030E1F6F09EE64
:10F4E000B0F012EE48F026EE78F0CAEC6AF01F2B6E
:10F4F000A5EC7CF01F6B01C219F200C218F203C226
:10F500001BF205C21DF201C231F200C230F203C289
:10F5100033F205C235F209EE60F012EE00F018D9B0
:10F520001F2B09EE60F012EE18F012D91F2B09EE16
:10F5300060F012EE30F00CD91F2BC2C0E8FFE8BC1F
:10F5400028D0030E1F6F49C261F248C260F24BC25D
:10F5500063F24CC264F24DC265F249C279F248C20C
:10F5600078F24BC27BF24CC27CF24DC27DF209EEC6
:10F57000B0F012EE48F0ECD81F2B09EEB0F012EE0E
:10F5800060F0E6D81F2B09EEB0F012EE78F0E0D86C
:10F590001F2B1F6B09EE54F011EEA4F023EE00F0C8
:10F5A000E6EC6FF0C2C0E8FFE8BC09D01F2B09EE03
:10F5B0005AF011EEA7F023EE40F0E6EC6FF01F6B6F
:10F5C00009EE40F0F8EC70F01F2B09EE42F0F8EC79
:10F5D00070F01F2B09EE44F0F8EC70F01F2B09EED1
:10F5E00046F0F8EC70F01F2B09EE48F0F8EC70F0E4
:10F5F0001F2B09EE4AF0F8EC70F01F2B09EE4CF0CF
:10F60000F8EC70F01F2B09EE4EF0F8EC70F01F2BA9
:10F6100006EC71F010EC7BF01E991E9B1E9D1200F3
:10F62000030109EE60F012EE00F0090E0417010E5E
:10F63000EB38F60BE8BE8F0B0413400EEB500F0BAC
:10F6400003E1100E0B6F08D0090E0B17400EEB38BC
:10F65000F60BE8BE8F0B0B13480EEB500F0B03E1BC
:10F66000100E126F08D0090E1217480EEB38F60B69
:10F67000E8BE8F0B121312C9E8FFE8B015D0020ED6
:10F68000EBCF05F3EBCF0CF3EBCF13F3030EEBCF84
:10F6900006F3EBCF0DF3EBCF14F3010EE3AC04D084
:10F6A000F00E06130D131413C2C0E8FFE8BC44D0DB
:10F6B00009EEB0F012EE48F0090E4417010EEB38D7
:10F6C000F60BE8BE8F0B4413400EEB500F0B03E11B
:10F6D000100E4B6F08D0090E4B17400EEB38F60B8F
:10F6E000E8BE8F0B4B13480EEB500F0B03E1100ECF
:10F6F000526F08D0090E5217480EEB38F60BE8BED1
:10F700008F0B521312C9E8FFE8B015D0020EEBCFF1
:10F7100045F3EBCF4CF3EBCF53F3030EEBCF46F3B4
:10F72000EBCF4DF3EBCF54F3010EE3AC04D0F00E6E
:10F7300046134D1354130AD013EE00F023EE40F09D
:10F74000190EF36EE6CFDEFFF32EFCD70101120097
:10F7500022EC6CF0D8A4B2EC6CF078EF6FF01EAD38
:10F7600003D0010EE39007D0100EEBB208D0020ECA
:10F77000DBA61200DB96010EE396E38812000C0E66
:10F78000EBB012001E91020EDBA607D01EB905D009
:10F790001F51C6EC16F0351513E0010EDB68020EA2
:10F7A000DB500709F36E020EF3CFDBFF2C0EEB38B4
:10F7B000700BFF0FF36E000EF3CFDBFF010EE39E25
:10F7C0001EBB02D01EA902D0010EE380020EDB8612
:10F7D00035AF0ED0010EDB28F36E05E02B0EEB509B
:10F7E0003F0BF36402D0F36A1E81010EF3CFDBFFFF
:10F7F0001EA1AAD0020EDB28070BF36E020EDB500F
:10F80000F80BF310F46E020EF4CFDBFFF35006E0BA
:10F81000040AD8B48DD0050EF36496D0020EDB50E6
:10F82000F80BF36E020EF3CFDBFF000EDB280F0B9D
:10F83000F36E06E02B0EEBAE03D0000EDB5002D0D1
:10F840002C0EEB38700BF312F350700BF46E2D0E80
:10F85000EB500F0BF410F36403D0700EF414F36E3E
:10F86000000EF3CFDBFF2C0EEB50F80B04E0010E83
:10F87000E3B461D069D0E1CFF3FFE2CFF4FF1AEE39
:10F8800000F0000EDB50E126E7CF03F0800EE1260A
:10F89000E7CF04F0F3CFE1FFF4CFE2FF03500F0B0B
:10F8A0003C0F03B803D003BAF40F03D00C0F03BA14
:10F8B0000C0FF36E030EF3CFE3FF010EE3BE0DD08A
:10F8C000E39C04BEE38C1F51030DF334FE0BC6EC26
:10F8D00016F03413D890E8343413010EE39AE3BEE3
:10F8E000E38AE39E03BCE38E03AE15D0010EE3A0D2
:10F8F00012D0010EE398E3B40ED0E3861F51030D3E
:10F90000F350C6EC16F036131F51030DF350020FDF
:10F91000C6EC16F034130450800F036E110E1F5303
:10F92000D8A4220E056E2E0EEB50A4EC9BF00CD04A
:10F93000010EE3BE09D0010EE396E3881F51030DCB
:10F94000F350C6EC16F03713120012EED0F037B1B8
:10F95000C1EC88F0379136B1B7EC88F0369112EEF1
:10F96000DFF037B7C1EC88F0379736B7B7EC88F0DF
:10F9700036971F6B34A512D0349509EE74F0EFA2C0
:10F9800004D012EEA0F07DEC86F01F2B09EE7BF088
:10F99000EFA204D012EEA4F07DEC86F0C2C0E8FF26
:10F9A000E8BC16D0060E1F6F34AB12D0349B09EEA4
:10F9B000C4F0EFA204D012EEB8F07DEC86F01F2B5D
:10F9C00009EECBF0EFA204D012EEBCF07DEC86F095
:10F9D0001F6B33A107D012EE00F009EE60F0C4EC0B
:10F9E00088F033911F2BC2C0E8FFE8BC0AD033A7D0
:10F9F00007D012EE48F009EEB0F0C4EC88F033976F
:10FA00001F2B12003EA012002BBC4AD01D9610EEF8
:10FA100060F0080E0B6EE66A0B2EFDD7090170A38D
:10FA200021D08C51F80B1EE10201EA51E838C6ECF6
:10FA300016F00C6E10EE60F001C2E8FF010B07E15A
:10FA4000080E0B6E0CC0E6FF0B2EFCD70BD0EC5152
:10FA5000070B0B6E050E0B6005D0EA31070BE12694
:10FA60000CC0E7FF0901C0A319D0DC51F80B16E167
:10FA700010EE60F00201FD39070BE12649C2E8FFF4
:10FA8000010B02E1E7680AD0FF51070B0B6E050E70
:10FA90000B6004D0FD31C6EC16F0E7120101120034
:10FAA0001D9601C2E8FFE8A406D00CC203F0010EC7
:10FAB0008CEC28F003D00001E96B010119C2E8FFCA
:10FAC000E8A406D024C203F0020E8CEC28F003D088
:10FAD0000001EA6B010131C2E8FFE8A406D03CC294
:10FAE00003F0030E8CEC28F003D00001EB6B010156
:10FAF00049C2E8FFE8A406D054C203F0040E8CEC1F
:10FB000028F003D00001EC6B010161C2E8FFE8A41A
:10FB100006D06CC203F0050E8CEC28F003D0000177
:10FB2000ED6B010179C2E8FFE8A406D084C203F0BE
:10FB3000060E8CEC28F003D00001EE6B01010001F1
:10FB4000E86BEF6B01011200010110BC17D0108CA3
:10FB50003A6B800E0B6E01EE80F0EE6A0B2EFDD735
:10FB60004AEC6AF022EEEAF0BADA01013F0E3517EC
:10FB70000EEC82F01E991E9B1E9D90D0109CA5EC51
:10FB80007FF01F6B12EE00F022EEEEF041DA1F2B39
:10FB900012EE18F022EEF0F03BDA1F2B12EE30F0EE
:10FBA00022EEF2F035DA1F2B12EE48F022EEF4F0DE
:10FBB0002FDA1F2B12EE60F022EEF6F029DA1F2B5F
:10FBC00012EE78F022EEF8F023DA1F2BC00E351774
:10FBD0001F6B12EE00F063D827D91F2B12EE18F01E
:10FBE0005ED822D91F2B12EE30F059D81DD91F2B09
:10FBF000C2C0E8FFE8BC0FD012EE48F050D814D9CC
:10FC00001F2B12EE60F04BD80FD91F2B12EE78F09D
:10FC100046D80AD91F2B1F6B09EE54F011EEA4F041
:10FC200023EE00F0E6EC6FF0C2C0E8FFE8BC09D0BC
:10FC30001F2B09EE5AF011EEA7F023EE40F0E6EC90
:10FC40006FF01F6B09EE40F0F8EC70F01F2B09EE1F
:10FC500042F0F8EC70F01F2B09EE44F0F8EC70F075
:10FC60001F2B09EE46F0F8EC70F01F2B09EE48F060
:10FC7000F8EC70F01F2B09EE4AF0F8EC70F01F2B37
:10FC800009EE4CF0F8EC70F01F2B09EE4EF0F8EC9A
:10FC900070F01F2B06EC71F05AEC7EF01200030E90
:10FCA000E3040F0B0A0D09EE60F0F350E926F4505F
:10FCB000EA221200030112EE00F0F1DF110EE35010
:10FCC0000BE1120EE35008E1090E0417090EE338A8
:10FCD000F60BE8BE8F0B0413020EEBCF05F3030EF9
:10FCE000EBCF06F3010EE3AC02D0F00E061312EEDA
:10FCF00018F0D5DF110EE3500BE1120EE35008E1CE
:10FD0000090E0B17090EE338F60BE8BE8F0B0B1329
:10FD1000020EEBCF0CF3030EEBCF0DF3010EE3ACB1
:10FD200002D0F00E0D1312EE30F0B9DF110EE350D9
:10FD30000BE1120EE35008E1090E1217090EE33829
:10FD4000F60BE8BE8F0B1213020EEBCF13F3030E6C
:10FD5000EBCF14F3010EE3AC02D0F00E1413C2C0CB
:10FD6000E8FFE8BC55D012EE48F099DF110EE350E1
:10FD70000BE1120EE35008E1090E4417090EE338B7
:10FD8000F60BE8BE8F0B4413020EEBCF45F3030EC8
:10FD9000EBCF46F3010EE3AC02D0F00E461312EEA9
:10FDA00060F07DDF110EE3500BE1120EE35008E12D
:10FDB000090E4B17090EE338F60BE8BE8F0B4B13F9
:10FDC000020EEBCF4CF3030EEBCF4DF3010EE3AC81
:10FDD00002D0F00E4D1312EE78F061DF110EE350F9
:10FDE0000BE1120EE35008E1090E5217090EE33839
:10FDF000F60BE8BE8F0B5213020EEBCF53F3030E3C
:10FE0000EBCF54F3010EE3AC02D0F00E54130AD042
:10FE100013EE00F023EE40F0190EF36EE6CFDEFF96
:10FE2000F32EFCD7010112000B6A25EC6CF0D8A46C
:10FE300020D8010EE3A41AD0130EE126E650E510F7
:10FE400013E0FD0EE35010E00D6E800E82EC71F0B9
:10FE50000350E6260450E52201E206D0E66AE56A90
:10FE6000EE0EE396E388E390ED0EE1269FEC7FF043
:10FE70001200050EE3CF25F12551150FE8BE7F0EC8
:10FE8000020DD60EF324F66E550EF420F76EF86AC6
:10FE9000010EF8220900F5CF23F10900F5CF24F176
:10FEA000186B196B040EEB500B6E800A3FE0D89074
:10FEB0000B341827000E0BAEFF0E192319BF05D007
:10FEC000180E2525E8BE7F0E04D0180E255DE8BE6D
:10FED000000E150FE8BE7F0E020DD60EF324F66E4F
:10FEE000550EF420F76EF86A010EF8220900F5CFDE
:10FEF00003F00900F5CF04F019BF0CD02351035CC7
:10FF0000166F24510458176F17AF0AD016697F0E69
:10FF1000176F06D00350235D166F04502459176FD6
:10FF200042EC1DF01B5123271C512423EDEC71F0F2
:10FF3000C1EC71F023C1DEFF24C1DDFF12000B6AAA
:10FF40000A0EE3CF0CF09FEF6FF01F6B33A106D0CA
:10FF500012EE00F0A4DEE1EC7FF033911F2B33A30F
:10FF600006D012EE18F09BDEE1EC7FF033931F2BEE
:10FF700033A506D012EE30F092DEE1EC7FF033953F
:10FF80001F2BC2C0E8FFE8BC1BD033A706D012EE7F
:10FF900048F085DEE1EC7FF033971F2B33A906D0C4
:10FFA00012EE60F07CDEE1EC7FF033991F2B33AB77
:10FFB00006D012EE78F073DEE1EC7FF0339B1F2B5E
:10FFC0001200010EE388E3B0E386F36AF46A12C913
:10FFD000E8FFE8A00DD0010EF36EC1EC71F0090E40
:10FFE000F56E040EF5CFDBFF1F51C6EC16F038138B
:10FFF000110EF3CFE3FF120EF4CFE3FF010EF36E09
:020000040001F9
:10000000F46A130EF3CFE3FF140EF4CFE3FF1200F4
:100010001E911F51C6EC16F0351507E0010EDB6886
:10002000F368000EF3CFDBFF1E81010EDB28F36EB9
:10003000040EE3507F0BF36402D0F36A1E81010EBD
:10004000F3CFDBFF1EA14AD0000EDB50AA0A46E028
:10005000110EE35043E1120EE35040E1000EDB28A5
:10006000F36E060EE350F3640DD0070EE3AE06D038
:10007000AA0EF36E000EF3CFDBFF30D0070EE35075
:100080007F0BF36E000EF3CFDBFF0D0EE3CFF6FF19
:100090000E0EE3CFF7FF000EDB50D890E8340C0FC4
:1000A000F626000EF722010EF86E0900F5AE0FD00D
:1000B000F59E170EE3307F0BC00FF36EF524F3BEF1
:1000C00003D0E8BE7F0E02D0E8BE000EF56E050E2E
:1000D000F5CFE3FF0900090EF5CFE3FF12001EADD7
:1000E00003D0020EDB98B3D050C9E8FF400B05E106
:1000F000020EDBA61200DB96AAD01E91020EDBA632
:1001000004D01EB902D035AD12D0010EDB68020E4C
:10011000DB500709F36E020EF3CFDBFF51C9E8FF96
:10012000E838700BFF0FF36E000EF3CFDBFF1EBB42
:1001300002D01EA902D0020EDB88020EDB8635AF8C
:100140000ED0010EDB28F36E05E050C9E8FF3F0B2F
:10015000F36402D0F36A1E81010EF3CFDBFF1EA110
:1001600079D0020EDB28070BF36E020EDB50F80B82
:10017000F310F46E020EF4CFDBFFF35006E0040A36
:10018000D8B465D0050EF36465D0020EDB50F80BD1
:10019000F36E020EF3CFDBFF000EDB280F0BF36EC6
:1001A00007E050C9E8FFE8AE03D0000EDB5003D0F3
:1001B00051C9E8FFE838700BF312F350700BF46E7E
:1001C00053C9E8FF0F0BF410F36403D0700EF4145E
:1001D000F36E000EF3CFDBFF020EDBA804D051C993
:1001E000E8FFF80B01E033D0010E0B6E0BC008F1F5
:1001F00002010AEE00F0EA35E00BE9260B04D89084
:10020000E834E926000EEAB7020EE926EA51C6EC08
:1002100016F0F36E0101EE1406E1ED50F31401E166
:1002200010D0046807D0ED50F31402E1046A02D044
:10023000082B046AEE50EF10F36EF31402E02BEC7F
:1002400081F00B2A0B2A100E0B64D0D703D0086B59
:10025000E6EC81F012000101D7D8000EDB380F0B5D
:100260000A6F0001600EC2BD300E01010A1312EECA
:1002700000F0096B030EE350086317D00A510F0B0F
:1002800010E0FF0F04E0FF0F06E0FF0F08D0030EA1
:1002900009610BD006D0020E096507D002D00963B0
:1002A00004D009513BEC60F00AD0180EE126092B6E
:1002B0000A390F0BFF0F0965DDD776EC5FF0030EEF
:1002C00008C1E3FF010EDBCFF3FF140EF360F36A06
:1002D000F350020D160EF324F66E580EF420F76E4E
:1002E000F86A010EF8220D0E0900F5CFE3FFF5CFF5
:1002F000F3FF0E0E0900F5CFE3FFF5CFF4FFF35047
:10030000040FF66EF76AF450F72209000F0EF5CFCE
:10031000E3FF0900050EF5CFE3FF0900F55011E0FA
:10032000050EDB30E8303F0BE00FF36EF524F3BE33
:1003300003D0E8BE7F0E05D0E8BE000EFF0BD8B498
:10034000010FF56E100EF5CFE3FF0900090EF5CF92
:10035000E3FF09000A0EF5CFE3FF0900060EDB30CC
:10036000E8303F0BE00FF36EF524F3BE03D0E8BE98
:100370007F0E02D0E8BE000EF56E040EF5CFE3FF4F
:100380000900060EF5CFE3FF0900070EF5CFE3FFE6
:10039000070EDBCFF5FF170EF5CFE3FF010EE39C51
:1003A00004BCE38C010EE3800951C6EC16F0331354
:1003B0000951020FC6EC16F034130951C6EC16F0C1
:1003C00035130951C6EC16F036131200010112EE76
:1003D00000F0096B085104E0030EE35008630DD0F0
:1003E00055EC60F0100EE35008E1010EE390E39647
:1003F000E3880951C6EC16F03713180EE126092BD5
:10040000050E0965E7D7120008050F0B29EE60F00D
:100410000A0DF350D926F450DA2212003EA0120041
:100420002BBC2DD01D9610EE60F0080E0B6EE66A08
:100430000B2EFDD7090150AD20D05151F80B1DE115
:100440000201EA51E838C6EC16F00C6E10EE60F0CE
:10045000EC51100B07E1080E0B6E0CC0E6FF0B2EE3
:10046000FCD70BD0EC51070B0B6E050E0B6005D0C3
:10047000EA31070BE1260CC0E7FF01011200E3EFB0
:1004800088F0010110BCFBD0108C3A6B800E0B6E13
:1004900001EE80F0EE6A0B2EFDD71F6B12EE00F01E
:1004A000CAD9110EEBCF0AF1140EE926000EEA228A
:1004B00012EEA0F099EC86F01F2B12EE00F0BBD9E3
:1004C000110EEBCF0AF11B0EE926000EEA2212EE06
:1004D000A4F099EC86F01F2B12EE18F0ACD9110E97
:1004E000EBCF0AF1140EE926000EEA2212EEA8F074
:1004F00099EC86F01F2B12EE18F09DD9110EEBCF60
:100500000AF11B0EE926000EEA2212EEACF099EC7D
:1005100086F01F2B12EE30F08ED9110EEBCF0AF1C0
:10052000140EE926000EEA2212EEB0F099EC86F0E5
:100530001F2B12EE30F07FD9110EEBCF0AF11B0EFC
:10054000E926000EEA2212EEB4F099EC86F01F2B99
:10055000C2C0E8FFE8BC5AD012EE48F06CD9110EC8
:10056000EBCF0AF1140EE926000EEA2212EEB8F0E3
:1005700099EC86F01F2B12EE48F05DD9110EEBCFEF
:100580000AF11B0EE926000EEA2212EEBCF099ECED
:1005900086F01F2B12EE60F04ED9110EEBCF0AF150
:1005A000140EE926000EEA2212EEC0F099EC86F055
:1005B0001F2B12EE60F03FD9110EEBCF0AF11B0E8C
:1005C000E926000EEA2212EEC4F099EC86F01F2B09
:1005D00012EE78F030D9110EEBCF0AF1140EE926A5
:1005E000000EEA2212EEC8F099EC86F01F2B12EEF4
:1005F00078F021D9110EEBCF0AF11B0EE926000E7F
:10060000EA2212EECCF099EC86F01F2B1E9F1F6B96
:1006100012EE00F010D912EED0F010EC88F01F2B83
:1006200012EE18F008D912EED5F010EC88F01F2B5E
:1006300012EE30F000D912EEDAF010EC88F01F2B39
:10064000C2C0E8FFE8BC18D012EE48F0F4D812EEB1
:10065000DFF010EC88F01F2B12EE60F0ECD812EEF9
:10066000E4F010EC88F01F2B12EE78F0E4D812EED4
:10067000E9F010EC88F01F2BDFEC88F0DBD0109C49
:100680004AEC6AF01F6B09EE60F012EE00F022EE09
:10069000EEF07FD91F2B09EE90F012EE18F022EE4B
:1006A000F0F077D91F2B09EEC0F012EE30F022EEF9
:1006B000F2F06FD91F2B09EEF0F012EE48F022EEA7
:1006C000F4F067D91F2B0AEE20F012EE60F022EE54
:1006D000F6F05FD91F2B0AEE50F012EE78F022EE02
:1006E000F8F057D91F2B356B1F6B26EE60F0B2D890
:1006F000ACD803E1A0D8CAEC6AF01F2B26EE78F044
:10070000A9D8A3D803E197D8CAEC6AF01F2B26EE2C
:1007100090F0A0D89AD803E18ED8CAEC6AF01F2BCB
:10072000C2C0E8FFE8BC1BD026EEA8F093D88DD855
:1007300003E181D8CAEC6AF01F2B26EEC0F08AD8FC
:1007400084D803E178D8CAEC6AF01F2B26EED8F0E3
:1007500081D87BD803E16FD8CAEC6AF01F2B4CEC30
:1007600085F01F6B12EE00F066D80CD91F2B12EE2D
:1007700018F061D807D91F2B12EE30F05CD802D9DF
:100780001F2BC2C0E8FFE8BC0FD012EE48F053D8D0
:10079000F9D81F2B12EE60F04ED8F4D81F2B12EEB2
:1007A00078F049D8EFD81F2B1F6B09EE54F011EEEB
:1007B000A4F023EE00F0E6EC6FF0C2C0E8FFE8BC66
:1007C00009D01F2B09EE5AF011EEA7F023EE40F0EE
:1007D000E6EC6FF01F6B09EE40F0F8EC70F01F2BA9
:1007E00009EE42F0F8EC70F01F2B09EE44F0F8EC43
:1007F00070F01F2B09EE46F0F8EC70F01F2B09EE9D
:1008000048F0F8EC70F01F2B09EE4AF0F8EC70F0AD
:100810001F2B09EE4CF0F8EC70F01F2B09EE4EF098
:10082000F8EC70F01F2B06EC71F032EC84F01E999E
:100830001E9B1E9D1200000EE350300D09EE60F06D
:10084000F350E926F450EA221200000EE350F36E52
:100850001F191200050EDB50180D12EE00F0F350B8
:10086000E1261200030112EE00F0E5DF090E041785
:10087000010EEB38F60BE8BE8F0B041312C9E8FF2C
:10088000E8B006D0020EEBCF05F3030EEBCF06F374
:1008900012EE18F0D0DF090E0B17010EEB38F60B35
:1008A000E8BE8F0B0B1312C9E8FFE8B006D0020EAA
:1008B000EBCF0CF3030EEBCF0DF312EE30F0BBDFFA
:1008C000090E1217010EEB38F60BE8BE8F0B121350
:1008D00012C9E8FFE8B006D0020EEBCF13F3030E07
:1008E000EBCF14F3C2C0E8FFE8BC40D012EE48F0F2
:1008F000A2DF090E4417010EEB38F60BE8BE8F0B92
:10090000441312C9E8FFE8B006D0020EEBCF45F35E
:10091000030EEBCF46F312EE60F08DDF090E4B179E
:10092000010EEB38F60BE8BE8F0B4B1312C9E8FF34
:10093000E8B006D0020EEBCF4CF3030EEBCF4DF335
:1009400012EE78F078DF090E5217010EEB38F60B35
:10095000E8BE8F0B521312C9E8FFE8B006D0020EB2
:10096000EBCF53F3030EEBCF54F30AD013EE00F0AA
:1009700023EE40F0190EF36EE6CFDEFFF32EFCD728
:100980000101120022EC6CF0D8A4B2EC6CF078EF0C
:100990006FF02E0EEBAE1ED0D890050EE3340C6E29
:1009A0002E0EEB507F0B0F6E2D0EEB507F0B0E6E4D
:1009B0000F5E0FAE06D00F1E0F2A2E0EEB507F0BD0
:1009C0000E6E0F2A0F500C02F4500E26000E0EC0B1
:1009D000DBFF3ED01E911F51C6EC16F035150BE023
:1009E000010EDB682D0EEB507F0BFF0FF36E000E38
:1009F000F3CFDBFF1E8135AF0DD0010EDB28F36E88
:100A00002B0EEB503F0BF36402D0F36A1E81010EF4
:100A1000F3CFDBFF1EA13FD0000EDB50AA0A3BE064
:100A2000000EDB28F36E2E0EEB507F0BF3640DD01F
:100A30002F0EEBAE06D0AA0EF36E000EF3CFDBFF47
:100A40002AD02F0EEB507F0BF36E000EF3CFDBFF9F
:100A50001AEE80F0000EDB507F0BE126E7CF03F0AB
:100A60001F39F00B0309056E2C0EEB50A4EC9BF024
:100A70002D0EEBAE10D01AEE80F0000EDB50100FF2
:100A80007F0BE126E7CF03F01F39F00B0309056E5A
:100A9000210EA4EC9BF0120012EED0F037B1C1ECA5
:100AA00088F0379136B1B7EC88F0369112EED5F078
:100AB00037B3C1EC88F0379336B3B7EC88F0369390
:100AC00012EEDAF037B5C1EC88F0379536B5B7ECF1
:100AD00088F0369512EEDFF037B7C1EC88F0379723
:100AE00036B7B7EC88F0369712EEE4F037B9C1ECC0
:100AF00088F0379936B9B7EC88F0369912EEE9F0FC
:100B000037BBC1EC88F0379B36BBB7EC88F0369B1F
:100B10001F6B34A51BD0349512EE00F08CDE140E42
:100B2000EBA207D0E926000EEA2212EEA0F07DEC3F
:100B300086F012EE00F07FDE1B0EEBA207D0E92656
:100B4000000EEA2212EEA4F07DEC86F01F2B34A7F3
:100B50001BD0349712EE18F06EDE140EEBA207D005
:100B6000E926000EEA2212EEA8F07DEC86F012EEE5
:100B700018F061DE1B0EEBA207D0E926000EEA2278
:100B800012EEACF07DEC86F01F2B34A91BD034990B
:100B900012EE30F050DE140EEBA207D0E926000E64
:100BA000EA2212EEB0F07DEC86F012EE30F043DE79
:100BB0001B0EEBA207D0E926000EEA2212EEB4F0DB
:100BC0007DEC86F01F2BC2C0E8FFE8BC5AD034ABE6
:100BD0001BD0349B12EE48F02EDE140EEBA207D091
:100BE000E926000EEA2212EEB8F07DEC86F012EE55
:100BF00048F021DE1B0EEBA207D0E926000EEA2208
:100C000012EEBCF07DEC86F01F2B34AD1BD0349D72
:100C100012EE60F010DE140EEBA207D0E926000EF3
:100C2000EA2212EEC0F07DEC86F012EE60F003DEF8
:100C30001B0EEBA207D0E926000EEA2212EEC4F04A
:100C40007DEC86F01F2B34AF1BD0349F12EE78F072
:100C5000F2DD140EEBA207D0E926000EEA2212EE16
:100C6000C8F07DEC86F012EE78F0E5DD1B0EEBA20D
:100C700007D0E926000EEA2212EECCF07DEC86F0D9
:100C80001F2B1F6B33A106D012EE00F0D4DDC4EC95
:100C900088F033911F2B33A306D012EE18F0CBDD72
:100CA000C4EC88F033931F2B33A506D012EE30F03E
:100CB000C2DDC4EC88F033951F2BC2C0E8FFE8BC4E
:100CC0001BD033A706D012EE48F0B5DDC4EC88F097
:100CD00033971F2B33A906D012EE60F0ACDDC4ECC5
:100CE00088F033991F2B33AB06D012EE78F0A3DDDA
:100CF000C4EC88F0339B1F2B1200000EEBA605D02E
:100D00001F51C6EC16F0311500E1000EE66E040E20
:100D1000EBCFE5FF1F51C4EC16F03117030EE36A69
:100D2000030EF36AEB50D8A4F32A020EF3CFE3FFCD
:100D30005ED0000EEBA061D1020EE126E650E51078
:100D40000EE0030EEBCF0DF0800E82EC71F003503D
:100D5000E6260450E52201E250D1E66AE56AFE0E7D
:100D6000E1261E91000EEBA608D01F51C6EC16F02E
:100D7000311503E0E668E5683AD0000EEBA407D031
:100D80001EA735D032510F0B02E0060A30E1020EE9
:100D9000EBCF0BF0000EEBA40ED00B500B0F0BE3C0
:100DA000020DEC0EF324F66E540EF420F76EF86A82
:100DB000010EF8220BD00B50020DEC0EF324F66E50
:100DC000520EF420F76EF86A010EF8220900F55071
:100DD000E6260900F550E5220AE31E811F51C6EC04
:100DE00016F03113000EEBA602D0E668E568E6CFF8
:100DF0000BF0E5CF0CF0000EEB38E8B682D0E8B48B
:100E000049D0E8B235D0E8B01DD00B340C340CBC5E
:100E10007F0A7F0B020DD60EF324F66E560EF420D9
:100E2000F76EF86A010EF8220900F5CF16F10900F5
:100E3000F5CF17F10CAE05D0161F171F162BD8B41F
:100E4000172B68D0D8900B34166F0C347F0B176FAC
:100E50000CAC06D0161F171F162BD8B4172B179FD4
:100E60000CAE05D0161F171F162BD8B4172B52D057
:100E7000E8B007D0000E0B5C166F800E0C58176F91
:100E800049D0000E0CBEFF0E166F800E0CBE7F0EFA
:100E9000176F40D0E8B220D0E8B009D01EA1ADD085
:100EA0006EEC60F014C116F114C117F133D00C5080
:100EB0000CBE7F0A7F0B020DD60EF324F66E560E83
:100EC000F420F76EF86A010EF8220900F5CF16F14A
:100ED0000900F5CF17F11ED0E8B00DD00BC016F108
:100EE0000CC017F10CAE06D0161F171F162BD8B466
:100EF000172B179F0FD0D8900C30176F0B30166F31
:100F000009D0000E0CBEFF0E166F000E0CBE7F0E39
:100F1000176F00D0010EEB50800A1CE0800A24EC11
:100F200071F021EE80F0D8901F31030DF350D926D7
:100F3000D8901DBFD8801D331C331B33D8901DBFE4
:100F4000D8801D331C331B331B51DE261C51DE227F
:100F50001D51DE22050EEB50800A10E0800A24ECC1
:100F600071F021EE92F0D8901F31030DF350D92685
:100F70001B51DE261C51DE221D51DE22060EEB50D7
:100F8000800A3BE010C9E8FF030B030A0BE0060EE2
:100F9000EB5024EC71F0060E1F6102D02FD82DD03B
:100FA00036D82BD022EE00F01F317F0BF56E180DD6
:100FB000F350000FD926DF5026EE60F0180DF350E5
:100FC000050FD926DF50F56218D0060EEB5024EC41
:100FD00071F00A510F0B0BE0FF0F0CE0FF0F0CE05C
:100FE000FF0F08E0FF0F06E0FF0F04E005D006D872
:100FF0000ED803D003D801D00AD8120021EEA4F0F5
:101000001B51DE261C51DE221D51DE22120021EE74
:10101000A7F01B51DE261C51DE221D51DE221200DC
:10102000220EEBAE0AD01EA703D032510F0B05E003
:10103000E6CF03F0E5CF04F04CD0040EE3BC96D02D
:10104000E3BA35D0E3A092D0E3B82CD0E3B614D005
:10105000260EEB500D6E220EEBA803D02A0EEB509D
:1010600001D0800E82EC71F0FF0E0B6E5EEC71F021
:1010700030E1040EE3862DD0270E1EBF300EEBCFDD
:101080000DF0220EEBAA03D02A0EEB5001D0800EF9
:1010900082EC71F0280EEBCF0BF059EC71F019E1F6
:1010A000040EE388280EEBCF04F0036A12D0290E59
:1010B000EBCF0DF0220EEBAC03D02A0EEB5001D09B
:1010C000800E82EC71F00B6A6FEC71F002E1040E9D
:1010D000E38C03C0E6FF04C0E5FF0350041046E0C4
:1010E000D8900430176F0330166F230EEB50800A30
:1010F0000FE0800A37EC71F021EE80F01F51030DF4
:10110000F350D9261B51DE261C51DE221D51DE2252
:10111000240EEB50800A0FE0800A37EC71F021EECC
:1011200092F01F51030DF350D9261B51DE261C519E
:10113000DE221D51DE22250EEB50800A17E0800AC8
:1011400037EC71F0030E1F6109D021EEA4F01B51A2
:10115000DE261C51DE221D51DE2208D021EEA7F032
:101160001B51DE261C51DE221D51DE221200010E13
:10117000F36E040EF3CFE3FF030EE36A020EE36A9D
:101180001200040EE38A1200010EE388E3B0E38646
:10119000120EE36A070EF36AEB50D8A4F32A12C9C1
:1011A000E8FFE8A008D0010EF36EC1EC71F0050E67
:1011B000DB6A060EDB6A110EF3CFE3FF12003EA0DE
:1011C00012002BAC12001D8603013F0E04B1E8CFC4
:1011D000E9F00BB1E8CFEAF012B1E8CFEBF03F0E47
:1011E00044B1E8CFECF04BB1E8CFEDF052B1E8CF2D
:1011F000EEF00001E86BEF6B0101120003500F0BE2
:10120000E8CF0BF104C00CF105C00DF1F29E02D83D
:10121000F28E12000338070BC8EC16F017D006D078
:10122000ADD046D0A3D0A7D01ED0120001010D51E1
:101230000DE010C9E8FF030BCAEC16F022EF8BF0AB
:10124000A9EF8CF05EEF8EF00CEF8FF010C9E8FF85
:10125000030BCAEC16F093EF8BF022EF8DF0A7EFA3
:101260008EF058EF8FF00101D8900CBDD8800D356D
:101270000C6F086B06EE60F0000EEB500B630BD0AA
:101280003FC006F0010E3F6E0CC103F0060E88EC65
:1012900096F006C03FF010C9E8FF030BCAEC16F049
:1012A000FFEF8BF078EF8DF0D3EF8EF08FEF8FF0B4
:1012B00001010C5110E1080E0D61120005C014F07F
:1012C000125002E173EF42F00B5160631200CDEC5B
:1012D0005AF0E3EF1BF0620E0C6306D013EEA0F0A1
:1012E0000B510DC1E3FF1200630E0C6306D013EE29
:1012F000B0F00B510DC1E3FF1200260E0C6306D0B7
:1013000013EEC0F00B510DC1E3FF12007B0E0C6316
:1013100004D00D5302E15CEF5AF0086B06EE60F06A
:10132000000EEB500B6315D00C0506E1D8900D357F
:10133000036E000E88EF96F00F0E0C650AD0140EA7
:101340000C6107D0D8900D35036E0C51F10F88EF6A
:1013500096F010C9E8FF030BCAEC16F000EF8CF012
:101360008AEF8DF0D5EF8EF0ACEF8FF0125002E1E6
:1013700057EF42F012000DC10CF100D00101086BD3
:1013800006EE60F0000EEB500B6306D0D8900C35E3
:10139000036E070E88EC96F01200F36AF350DB50F0
:1013A00008E00C19D8B416D0F32A080EF362F6D769
:1013B00002D0FF0EDB2A060EF36EF350DBCFF4FFF4
:1013C000F328F4CFDBFFF306F328F7E10CC1DFFFCE
:1013D000000B1200FF091200F36AF350DB500C19E6
:1013E00005E0F32A080EF362F8D710D0F328DBCF1C
:1013F000F4FFF350F4CFDBFFF32A080EF362F6D7C5
:10140000070EDB6AFF0EDB06000B1200FF0912005D
:10141000F36AF350DB500C1906E0F32A080EF3626E
:10142000F8D7FF091200F350DB8E000B1200F36AAD
:10143000F350DB507F0B08E00C197F0B0CE0F32A14
:10144000080EF362F5D707D0F3500CC1DBFFFF0E97
:10145000DB2A000B1200FF091200F36AF350DB5085
:101460007F0B0BE00C197F0B22E00C190C5D05E3E0
:10147000F32A080EF362F2D71200FF0EDB2ADB50CC
:10148000090AFF0ED8B4DB06F350070A0DE0060E7A
:10149000F46EF450DBCFF5FF010FF5CFDBFFF35017
:1014A000F41802E0F406F5D7F3500CC1DBFF12008C
:1014B000000EF36EDB5009E0F350DB5006E0800BCA
:1014C00006E0F32A070EF364F7D7FF091200000BBA
:1014D0001200000EF36EDB5019E0F350DB5018E001
:1014E000800B0FE0F328DBCFF4FFF350F4CFDBFFEA
:1014F000F32A080EF362F6D7070EDB6AFF0EDB064F
:10150000E8D7F32A070EF364E8D702D0FF091200E8
:10151000000B1200FF0EDB6AF36AF350DB6AF32A5A
:10152000070EF364FAD7120007BC03D0C1DF0AE04C
:1015300006D006BA02D0CDDF01D0BADF03E0060E36
:10154000EB84E8DF06B802D072DF01D086DF010E3F
:10155000E380050E0CC1E3FF120007BC0CD006BAF5
:1015600003D03ADF0FE101D053DF06BA0BD00F0EE4
:10157000EB5008E105D04CDF06BA04D099DF02E059
:10158000010EE3901200F36AF350DB500C1905E0F2
:10159000F32A040EF362F8D70ED0F328DBCFF4FF62
:1015A000F350F4CFDBFFF32A040EF362F6D7030EF9
:1015B000DB6A000B1200FF091200F36AF350DB50E4
:1015C0007F0B0BE00C197F0B1BE00C190C5D05E386
:1015D000F32A040EF362F2D71200F350030A0DE06F
:1015E000020EF46EF450DBCFF5FF010FF5CFDBFFF9
:1015F000F350F41802E0F406F5D7F3500CC1DBFF0A
:1016000012000101000EEB500B6313D0010EEBCF63
:10161000F3FF020EEBCFF4FFF350F41008E0F350A9
:101620000C6101D006D0F4500C6501D002D0000B43
:101630001200FF09120026EE70F00851180DF35049
:10164000D92612000101086B06EE60F001EC8BF068
:1016500069E1C6C0E8FF070B2FE012602DD01250E1
:1016600061E110EEFCF0096BE7500C1910E0E65058
:10167000092B09A5F9D7C6C0E8FF070BE8380A6FA0
:1016800076EC5FF010EEFCF009510CC1E3FF09515C
:1016900005E0336EF28EBDEC46F044D006016F6B70
:1016A000876B9F6BB76BCF6BE76B706B886BA06BB7
:1016B000B86BD06BE86B0101D8900D35036E050E49
:1016C00088EC96F050C90EF106EE60F012EE00F0D4
:1016D000096B29EE6CF00951100DF350D926DFCFBC
:1016E00006F0010EDBCF07F026EE6BF00951180D66
:1016F000F350D926DDEC8AF0050ED92606B008D0C5
:10170000CDEC89F00EB302D00EA110D9B8D802D01A
:1017100094EC8AF0180EE926180EE126092B050E26
:101720000965D7D712000101086B06EE60F001ECE5
:101730008BF064E1C6C0E8FF070B1AE0126018D016
:1017400012505CE110EEFCF0096BE7500C1905E05B
:10175000E650092B09A5F9D751D0E76A55EC60F09E
:10176000095106E00D6B336EF28EBDEC46F046D0AB
:1017700050C90EF106EE60F012EE00F0096B29EE92
:101780006CF00951100DF350D926DFCF06F0010E91
:10179000DBCF07F026EE6BF00951180DF350D92678
:1017A0000FA1C3EC8AF0050ED926DFCF08F00FA1F8
:1017B00012D006B00ED0F36AF46AF350DB5202E0A6
:1017C000DBAEF42AF32A070EF364F7D7020EF460B7
:1017D00002D01EDE0BD006B007D0FEDD07E10850B8
:1017E00089D8E8B04CD802D0ADEC8AF0180EE926C2
:1017F000180EE126092B050E0965C1D7120012004B
:10180000010160C6E8FF0B6339D0060E0C6304D0FB
:10181000056A6FEC9BF032D0400E0C632BD00DBDEF
:1018200026D00F6B06EE60F012EE00F0096BEACFE7
:10183000DAFF0E0EE924D96EDD6ADD6ADD6ADF6A41
:10184000050ED92646DE050EE3500C6F100EEB5048
:101850000C1904E00C514ED8E8B011D8180EE92646
:10186000180EE126092B050E0965E1D702D0010EFD
:101870000F6F04D0030E056E23ECA7F01200100EBC
:10188000EBCFF3FFF39E0EB303D0030EF3CFE3FFD2
:10189000050EF3CFE3FF0EA503D00F0EEB0405E01A
:1018A000020EE3A002D0010EE38A020EE3800EA135
:1018B00003D0010EE3B01DD036D80EA109D8100E0A
:1018C000EBCFF3FF0C51F36214D0110EEB5011E18A
:1018D0000EB30CD00951C6EC16F0C009F36E40CA25
:1018E000E8FFF314331341CAE8FF341342CAE8FF98
:1018F00035131200F56EF5500C6314D00EB101D003
:1019000015D80F0EEB5003E0010EE38A010C0ED840
:1019100043CAE8FFC00B331344CAE8FF341345CA77
:10192000E8FF3513000C010EE3801200010EE3A066
:101930000FD0010EE390E3960951C6EC16F0F36E5A
:101940000A0143150101010ED8A4E388F31C3317E3
:101950001200086B06EE60F001EC8BF06CE108A35E
:101960000AD01BEC8BF058EC8AF002E08AEC8AF08B
:10197000CDEC89F060D03FC006F00851C6EC16F0FF
:101980003F6ED8900D35036E050E88EC96F006C0BC
:101990003FF055D90C0EDBCF06F00D0EDBCF07F074
:1019A000100EDBCF0EF141D90EB31ED006B011D010
:1019B0001BEC8BF026EE6BF00851180DF350D92676
:1019C000DDEC8AF0050ED926E8DC0EA11AD9C4D8C0
:1019D00032D0050E09C1EBFF000E08C1E3FF1BEC7E
:1019E0008BF094EC8AF027D026EE6BF00851180D9E
:1019F000F350D926DDEC8AF0050ED926CEDC000E98
:101A000008C1E3FF10BA0CD001C2E8FFE8B002D071
:101A1000010E351349C2E8FFE8B002D0020E3513BB
:101A200017D9020170C9E8FFE8B20181C0C9E8FF17
:101A3000E8B249810101180EE926082B030E08655A
:101A40008BD712000101086B096B06EE60F001EC08
:101A50008BF047E108A305D01BEC8BF008EC8AF073
:101A600040D0EDD80C0EDBCF06F00D0EDBCF07F02B
:101A7000100EDBCF0EF126EE6BF00851180DF3506F
:101A8000D926C3EC8AF0D1D8050ED926DFCF08F0CD
:101A90000EB30CD006B007D09FDC23E1085089D8E4
:101AA000E8B05AD81ED0ADEC8AF01BD095DC19E115
:101AB000C6D80F0EEB50D8A4CBD810BA12D08CC910
:101AC000E8FFF80B0EE0DCC9E8FFF80B0AE00201C2
:101AD00070C9E8FFE8B20191C0C9E8FFE8B24991D6
:101AE0000101180EE926082B030E0865B0D7120075
:101AF00006EE78F0000EEB500B630BD03FC006F003
:101B0000020E3F6E0CC103F0060E88EC96F006C084
:101B10003FF012000101086B06EE60F0000EEB5082
:101B20000B6313D0060E0C6305D00839056E6FECFD
:101B30009BF00BD0400E0C6300D00851C6EC16F0A1
:101B4000030BE838056E23ECA7F0180EE926082BE6
:101B5000010E0865E3D71200100EEBCFF3FF030E62
:101B6000F3CFE3FF050EF3CFE3FF0EA503D00F0E77
:101B7000EB0405E0020EE3A002D0010EE38A020EA0
:101B8000E3800EA103D0010EE3B001D021D80EA155
:101B900009D8100EEBCFF3FF0C51F36203D0110EF6
:101BA000EB5000E1050E09C1EBFF000E08C1E3FF99
:101BB0001200F56EF5500C630AD00EB101D021D899
:101BC0000F0EEB5003E0010EE38A010C1AD8000C53
:101BD000010EE3800951C6EC16F033130951020FD0
:101BE000C6EC16F034130951010ED8A4020E3513B9
:101BF0000951C6EC16F03613010EE39C0DBDE38CC3
:101C00001200010EE3A010D0050EE3500C630CD0BF
:101C1000010EE390E3960951C6EC16F0010EE3883D
:101C20000951C6EC16F0371312000851D8A4030E60
:101C3000096F12EE00F0D8A412EE48F0120029EE5F
:101C400060F00851500DF350D926F450DA221200FA
:101C5000100EEBCFF3FF030EEB50C00FE8BE05D024
:101C6000F326F3AE07D0F40FFBD7F326F3AE02D082
:101C70000C0EFBD7050EF3CFE3FF0B0EF36403D07E
:101C8000F40EF326FAD7080EF360F36E08B10BD00A
:101C9000F3CF8CF7F3CF8CF96BEC41F03D18D8B44F
:101CA000F3CF8CFB1200F3CFDCF7F3CFDCF96BEC56
:101CB00041F03D18D8B4F3CFDCFB120006EE60F023
:101CC00001EC8BF043E126EE70F0CDEC89F00C5185
:101CD0007CD8086F50C9E8FF400B1EE1110E086167
:101CE00035D0D8900D35036E050E88EC96F00DC1F9
:101CF00004F0D8900436036A0805E838F00B0309AD
:101D0000056E04EC82F0080EDB505FEC9BF00DC119
:101D100004F02BEC81F01AD0D8900D35036E050E2F
:101D200088EC96F010BA06D0ECC2E8FFE8B802D012
:101D3000400E35130805F36E0B0EF36402D0F40E5B
:101D4000F326F3505AD80201EC8901011200010177
:101D500006EE60F001EC8BF025E150C9E8FF400B86
:101D60000DE126EE70F0ECEC89F00C512ED8086FE6
:101D7000110E086117D0E6EC81F014D026EE70F059
:101D8000ECEC89F00FE10F0EEB5003E01ED8FF0FD3
:101D900034D810BA07D051C9E8FFF80B03E00201AC
:101DA000EC990101120001011200010160C6E8FF77
:101DB0000B630AD0060E0C6304D0056A6FEC9BF02F
:101DC00003D0056A23ECA7F01200F36E030EEB506C
:101DD000C00FE8BE05D0F326F3AE07D0F40FFBD753
:101DE000F326F3AE02D00C0EFBD7170EF36403D02C
:101DF000E80EF326FAD7F3281200F36E080EF3600C
:101E0000F36EF3CF51F7F3CF51F96BEC41F03D187E
:101E1000D8B4F3CF51FB1200086B06EE60F001EC72
:101E20008BF03FE1085106E1D8900D35036E050EA9
:101E300088EC96F00DC104F0D8900436036A083996
:101E4000700B0309056E61D9120EDB505FEC9BF03D
:101E50000C0EDBCF06F00D0EDBCF07F0100EDBCF44
:101E60000EF106B012D026EE6BF00851180DF350AB
:101E7000D926DDEC8AF0050ED926CDEC89F00EB31B
:101E800002D00EA1DFD887D80CD045EC90F0050E1B
:101E900009C1EBFF000E08C1E3FF1BEC8BF094ECD3
:101EA0008AF0180EE926082B050E0865B8D712002F
:101EB0000101086B06EE60F001EC8BF029E125D9F9
:101EC0000C0EDBCF06F00D0EDBCF07F0100EDBCFD4
:101ED0000EF126EE6BF00851180DF350D926C3EC25
:101EE0008AF0050ED926DFCF08F006B008D0ECEC5A
:101EF00089F00EE108507FD8E8B04DD809D0050E22
:101F0000EB50180D12EE00F0F350E126ADEC8AF024
:101F1000180EE926082B050E0865CED71200010120
:101F2000086B06EE60F0000EEB500B630CD00CC19A
:101F300004F0036A0839700B0309056EE6D8130E26
:101F4000DB505FEC9BF0180EE926000EEA22082B0E
:101F5000050E0865E8D712000101086B06EE60F077
:101F6000000EEB500B6310D0060E0C6305D0083941
:101F7000056E6FEC9BF008D0400E0C6300D0083962
:101F8000F00B056E23ECA7F0180EE926082B050EC2
:101F90000865E6D7120079D8100EEBCFF3FF0EB329
:101FA00003D0030EF3CFE3FF050EF3CFE3FF0EA53F
:101FB00003D00F0EEB0405E0020EE3A002D0010EE9
:101FC000E38A020EE3800EA103D0010EE3B001D03C
:101FD00023D80EA109D8100EEBCFF3FF0C51F362FA
:101FE00003D0110EEB5000E1050E09C1EBFF000E0E
:101FF00008C1E3FF1200F56E0EB70CD0F5500C636C
:102000000AD00EB101D01ED80F0EEB5003E0010E26
:10201000E38A010C17D8000C010EE3800EB311D037
:102020000951C6EC16F033130951020FC6EC16F035
:1020300034130951C6EC16F035130951C6EC16F0ED
:102040003613120012EE00F0096B010EE3A016D059
:10205000000EE350086312D0050EE3500C630ED05F
:1020600055EC60F0010EE390E3960951C6EC16F0D2
:10207000010EE3880951C6EC16F03713180EE1265D
:10208000092B050E0965E1D7120012EE00F0050ECE
:10209000EB501F6F180DF350E126090EE3CF06F049
:1020A0000A0EE3CF07F0070EE3CF08F00B0EE3CFE5
:1020B00009F00C0EE3CF0AF028D8110EDB500F0BFD
:1020C0000A6F0001600EC2BD300E01010A130C0E32
:1020D000DBB005D00EA703D076EC5FF004D0050E80
:1020E000EB503BEC60F0090E06C0E3FF0A0E07C0A0
:1020F000E3FF070E08C0E3FF0B0E09C0E3FF0C0E61
:102100000AC0E3FF020EE382120029EE60F00851DC
:10211000300DF350D926F450DA2212000101026F7B
:10212000F80E0261120000BF20D000510ED80263E9
:102130000AD0002B0051070B060A06E1800E006F43
:1021400028EC16F001D00BD01200070BC8EC16F0EB
:10215000F00C000C000C7E0C4B0C12501200010114
:10216000006B016B2AEC16F0EFD7010100BD05D022
:10217000008D02511F0B0013E7D702AF04D0F70EFA
:102180000263EDD7008B00510F0BFF0FD8B410D0B6
:10219000FF0FD8B432D0FF0FD8B411D1FD0FD8B48F
:1021A0004BD1FA0FD8B47DD1FD0FD8B40FD2D7D709
:1021B00000BB19D001B304D0018302C107F1C4D719
:1021C00001B505D0018507A702C114F0BDD701B73D
:1021D00009D0018707B705D002C113F070DBD8A47E
:1021E0000181B2D7B1D701A7F9D101B1FBD19DDBF4
:1021F000D8A400D285DBACDBB2D7108200BB4BD0B9
:1022000001B307D0018302C107F1036B056B066BB5
:102210009BD701B505D0018507A702C114F094D75B
:1022200001B709D0018707B705D002C113F047DB1A
:10223000D8A4018189D701B92BD001BB08D0018B6B
:1022400002510F0B046F02517F0B03277DD7019BB7
:102250000239F00B041302517F0B03270751F70BD0
:10226000700A0CE003DA052BD8B4062B065100B92E
:10227000080A00A9020AD8B4018966D70BEE00F05B
:1022800005C1E9FF04C1EFFF052BD8B401895CD774
:1022900002C104F159D701A9A1D101B1A3D145DBF4
:1022A000D8A4A8D1035180087F0B0419D8A498D1D1
:1022B0000751F70B03E0700A51E080D0125002E0A2
:1022C000F9DB19D0336A040009C6E8FF01090F0BD6
:1022D000F36E79C0E8FFF3163350C6EC16F0F31432
:1022E00007E0335002E1E6DB03D06BEC47F001017D
:1022F000332A33A4E8D7300EF66E230EF76E010EA4
:10230000F86E9AEC16F0060E88EC16F086EC55F096
:10231000400E88EC16F007EE00F0EE5094EC16F04C
:10232000E9500F0BFAE1040E71EC55F0010145D0B4
:102330000014506174636820412020312073746F51
:102340007265642020200014456E73656D626C65B3
:1023500020787878782073746F72656407B70BD033
:102360001BEE00F0A96A0400FBEC65F0400EE126CC
:10237000A950F9E10BD0056B04001BEE00F005C17C
:10238000E1FFE7CF04F172D9052BF6E1010107A7C0
:1023900091EC57F0460EF66E230EF76E010EF86EB6
:1023A0009AEC16F0090E88EC16F075EC55F0010168
:1023B0009BEC41F07FEC41F0109028D9D0D600BBC7
:1023C00011D001B304D0018302C107F1BDD601B51C
:1023D00008D0018502C114F0136A71DAD8A4018112
:1023E000B3D6B2D601A5FAD001B1FCD0075103E0B3
:1023F000700A12E0FDD0136A040082DAA9DA132A07
:102400001450C6EC16F017147F0ED8B43F0E1364A8
:10241000F3D7136A75DAA3D611C00AF0116A040063
:1024200091EC57F011C013F093DA112A11AEF7D7DF
:10243000116A91EC57F093D600BB2FD001B304D0B2
:10244000018302C107F180D601B50BD001850231AD
:1024500000B9070B00A9010B066F056B02B1058FD0
:1024600073D601B705D0018702517F0B05136CD6D7
:1024700001B905D0018902510F0B046F65D601998E
:10248000018B0239F00B0413F1D8052BD8B4062BBD
:1024900007BD9BEC41F0010157D601AB9FD0B6D8E8
:1024A0005ED600BB0FD001B306D001830101046BDF
:1024B00002C107F149D601B504D0018502C104F17A
:1024C00043D642D6075109E0F80F11E0FF0F1FE095
:1024D000F90F3DE0F80F42E089D001A57FD01250FE
:1024E000FBE10451D8B4010EE8CF79F06DD001A31F
:1024F00075D0336A3350C6EC16F079C0F3FFF3148D
:1025000002E02BEC43F0332A33A4F4D75DD001A3CF
:1025100065D012C033F040C007F13FC002F104C1E2
:1025200040F00451D8B4030E3F6E336A3350C6EC0A
:1025300016F079C0F3FFF31402E025EC43F0332AE0
:1025400033A4F4D707C140F002C13FF03DD001A54C
:1025500045D01E960451D8A41E8636D001A53ED083
:1025600004C107F10751FC0B080A04E00751700A87
:1025700026E03CD00751070B3D180BE00751C6EC95
:1025800016F00F0BF0093E6E0751030B3D6E7FEC0A
:1025900041F009C6E8FF01093E180F0B01E02CD0FD
:1025A0006BEC41F049EC42F0E7507F0B2F6E50ECA2
:1025B00042F0E750070B306EE1EC2FF09CD611C0D3
:1025C0002EF0C0EC2FF0E2D621D8C9D500BB02D046
:1025D0000183BAD501B301D019D8C1D5010E0DD0F0
:1025E000030E0BD00A0E09D00B0E07D00C0E05D02F
:1025F000100E03D0110E01D0130E076E1BD80E0E55
:1026000070DA07506EDA010E28D8A9D513D80F0E4C
:1026100068DA12500BE1010109C6E8FF01090F0B4E
:10262000F36E79C0E8FFF3147F0B01D0000E59DA86
:10263000010E13D0010100AF07D012EC16F0010B10
:1026400003E0050E066E01D0066A06507EDD49DA0B
:10265000062A060E0662F9D71200E8B005D012EC81
:1026600016F0010BD8B41200F70E3BD2010107514E
:10267000F00B04E0700AD8B456D090D007EE00F00A
:1026800000A90ED0065104E1600E056101D008D00A
:102690000631F36E100EEB50F318030B01E012003D
:1026A0000751F30B33E00651010B0BE10551F00B21
:1026B000400AD8B4ACD0530E056503D05F0E056553
:1026C000AED0100EEB50030B05E0FF0F15E0FF0F2F
:1026D0001BE01BD00651010B05E00551C60B040A97
:1026E00001E1A8D00651010B06E15F0E056503D09C
:1026F000BF0E0565A8D00AD00651010B04E15F0E9C
:10270000056501D0D1D002D001D000D00551E92615
:102710000651010BEA2244D8065104E10551F00BA1
:1027200001E11C8239D00539E830E830030B336E03
:1027300003E150EC58F002D06EEC46F000EE80F071
:1027400005C1E8FF3F0BE92604C1EFFFB9EC41F0FA
:1027500005C1E8FF3F0B100A05E0100A09E0010A75
:102760000DE018D000EE70F0335004C1EBFF12D032
:1027700000EE6CF0335004C1EBFF05D000EE68F0C2
:10278000335004C1EBFF00EE74F03350E926810EA4
:10279000EF6E00D0010100D0000B1200FF09120003
:1027A0000101125023E100510F0B060A1FE1336AA9
:1027B00009C6E8FF01090F0BF56E79C0E8FFF516B1
:1027C0003350C6EC16F0F5140DE0335002E10ED88C
:1027D00009D0E9CF03F0EA50F90F046E045198ECE8
:1027E00045F00101332A33A4E3D7120004C1EFFFFF
:1027F000020EEA2604C1EFFFFE0EEA263D5006E176
:10280000040EEA2604C1EFFFFC0EEA261200055171
:10281000FD0BE926C5DF020EE926C2DF83D705518D
:10282000AC0FE8BE060F540FE926BADF060EE92604
:10283000B7DF78D70551FE0BE926010EEA22B0DF9B
:10284000E92AAEDF6FD70751F30BFF0F05E0FF0F4B
:102850000EE0FF0F1DE012000551A00FE8BE300F83
:10286000600FE9269DDF300EE9269ADF5BD7055120
:102870000F0B600FE9268F0E056502D0300EE9269A
:102880008FDF100EE9268CDF100EE92689DF4AD78C
:1028900005510F0B600FE926060EF36E81DF100E57
:1028A000E926F32EFBD73ED70551A00FE8BE500F07
:1028B000600FE92675DF500EE92672DF33D701017C
:1028C000080E14601BD0145004E0C6EC16F0161469
:1028D00015E00751F00B03E0700A09E00FD000018A
:1028E00013C068F0688F14C06CF0010105D014505B
:1028F00005E113C011F01200000B1200FF091200D5
:1029000001010751F00B03E0700A09E00DD007B791
:1029100004D06BEC41F0CDEC5AF01C8205D007B727
:1029200002D091EC57F000D0120001010751F80BD2
:102930000AE11350C00B07E01450C6EC16F0171450
:1029400002E1FF091200000B12000BEE00F002D0B2
:1029500007EE00F06FDE01010051100B0209C1D833
:1029600007C1E8FFBED81450BCD81350BAD8010133
:10297000036B04001EA605D0F70EB3D8A00EB1D885
:1029800001010751F70B700A52E0EA500B0A1CE0F4
:10299000336A09C6E8FF01090F0BF36E79C0E8FF3F
:1029A000F31612E0030EF3B4020EF3B2010EF3B00D
:1029B000000E030B09E0336E2FEC46F024EC46F0DA
:1029C000FDE101010BEE00F0F36AF46AEECFF5FFD2
:1029D000100EF36007D0F450010B04E1200EF560F7
:1029E00001D0F56EF5500F0B032724EC16F0010112
:1029F000F5380F0B032724EC16F00101F32AD8B4A5
:102A0000F42AF35005E1F450010B02E1FE0EEA2630
:102A1000F350DCE1010100B9070E00A9010EF464D6
:102A2000D5D7335035E07FEC41F0010131D0066A53
:102A300006503F0B15E10638E830E830030B336EE3
:102A400003E150EC58F00CD06EEC46F03350C6EC7D
:102A500016F006010915010103E133500DEC58F0A1
:102A600000EE80F006503F0BE926EECFF5FFF55063
:102A70000F0B032724EC16F00101F5380F0B032789
:102A800024EC16F00101062A0650D2E19BEC41F03D
:102A90001EA609D0A10E25D803C1E8FF80087F0B30
:102AA00020D8000E1ED003C1E8FF80087F0B19D884
:102AB000010ED3D507B710D017EE00F0A96AAA6AA5
:102AC0000400ADEC65F0400EE126000EE222A950B4
:102AD000F7E1010EAA64F4D713DF75EC41F0109012
:102AE000120024EF16F00601F00F19E0FF0F1AE0B4
:102AF000FF0F27E0FF0F38E0FF0F40E0FF0F45E03A
:102B0000FF0F46E0FF0F46E0FF0F49E0FF0F51E0E7
:102B1000FF0F52E0FF0F53E0FF0F67E0030C4BEC99
:102B200059F0000C040E6562030C68CFF3FF00EE51
:102B300080F066503F0BE926F3CFEFFFDAEC57F059
:102B4000000C040E6562030C6850F36E6650E96E6B
:102B5000D96E6750010B070FEA6E020FDA6EF3CFE2
:102B6000EFFFF3CFDFFF000C040E6562030C68CFAC
:102B700003F06650070B88EC96F0000C010E6562BE
:102B8000030C665001EC97F0000CA1EC5AF0000C1D
:102B90001082000C10EE80F0DAEC57F0000C020E00
:102BA0006562030C66CF40F067CF3FF0F5EC59F05B
:102BB000000C5CEC5AF0000C26EC5FF0000C020EEE
:102BC0006562030C66CF0CF167CF0DF110C9E8FF09
:102BD000030B09E1F29E01010D5103E04EEC8BF075
:102BE00002D0B8EC8BF0F28E000C040E6562030C80
:102BF00068CFF3FF66CFE9FFEA6AF3CFEFFF000C7F
:102C000006016350FF0A08E0010A0CE064CFE9FF07
:102C10006350070FEA6E0ED000EE80F064503F0B59
:102C2000E92608D0645003EE00F0E8BA03EE40F065
:102C30001F0BE926080EDE6EEECFDEFFEECFDEFFC5
:102C4000EECFDEFFEECFDEFFEECFDEFFEECFDEFF1C
:102C5000EECFDEFFEECFDEFF12006550D8B4030CDE
:102C60006350FF0A0EE0010A22E0030A20E06450EC
:102C7000E96ED96E6350010B070FEA6E020FDA6E30
:102C800009D000EE80F064503F0BE926E9CFD9FF70
:102C9000EACFDAFF65CFF3FFA5EC1FF0060EE126C1
:102CA000E7CFEEFFE6CFDEFFF32EFAD7000C10845D
:102CB0006450800A14E10301049166B004810B9111
:102CC00066B20B81129166B41281449166B8448158
:102CD0004B9166BA4B81529166BC528112D06450BE
:102CE00003EE00F0E8BA03EE40F01F0BE92665CFD3
:102CF000F3FFA5EC1FF0060EE126E6CFEEFFF32E64
:102D0000FCD710806350FE0A02E0D3EC66F0FF0CA3
:102D10000101116F84D8020E03C0E3FF020EE22608
:102D2000020E03C0E3FF3D5005E1020EE226020E53
:102D300003C0E3FF115143D8F3CF12F1F4CF13F1E5
:102D400010C9E8FF030B0BE111EE64F0D8901135C8
:102D5000E126000E125DE66E800E1359E56E12C17B
:102D600003F013C104F011D8115159D8000EE350EB
:102D70005FEC9BF012C103F013C104F006D81151AF
:102D80004ED8010EE3505FEF9BF010C9E8FFE8B2A8
:102D90000BD0E8B003D0030E056E1200030E056ED3
:102DA0003F38300B05121200E8B003D0030E056E59
:102DB0001200030E056E4038800B051212002FD84A
:102DC000020EE3CFF4FF030EE3CF03F0040EE3CFD4
:102DD00004F00450036407D003C0F3FF04C003F001
:102DE000F3CF04F0F41EF36A0350045C010F01E01A
:102DF000F4020350F426F450120011D8020EE350EE
:102E000012000101116FF9DF036E115181D7010129
:102E1000116B1151F6DF112B11A7FBD71200070B15
:102E200017EE18F0050DF350E126F450E2221200DF
:102E3000F2AE04D0F29E02D8F28E12000101106FA1
:102E400010C9F5FFF1EC9EF0090009000900F5CF6B
:102E5000F3FF0900F5CFE1FF090EE26EF350C20F58
:102E6000D8B0C20E3E0FC8EC16F03DD03DD040D0D9
:102E700097D0C5D00FD13FD048D052D05DD068D0C8
:102E80006DD072D07AD079D078D077D08CD0A4D0D1
:102E9000BCD0D4D0ECD004D11ED121D129D12ED197
:102EA0002DD12FD12ED130D136D13CD1B4D23FD17A
:102EB0003ED13DD13CD151D169D181D199D1B2D14D
:102EC000CAD1EED1EDD13DD2EBD1EAD1F4D101D2CC
:102ED0000ED21BD228D243D24DD25AD267D26CD254
:102EE00071D276D27BD2120003507F0BE76E1200B4
:102EF00003C0E7FF12000338F00BE66E03380F0B38
:102F0000E76E0438F00BE5121200105103B004D044
:102F1000C4EC16F0E7161200C6EC16F0E712120029
:102F200005B004D805A21200060EE126F00EE71641
:102F300003500F0BE712120005B004D805A21200CF
:102F4000060EE1260F0EE7160338F00BE71212000B
:102F500005B004D805A21200060EE12603C0E6FF64
:102F600004500F0BE56E120005B004D805A2120044
:102F7000060EE12603C0E7FF120005B004D805A243
:102F80001200300EE1261051030B0AE109D8100E91
:102F9000E12606D8100EE12603D8E00EE126120045
:102FA00003C0E7FF120005B004D805A21200300EDE
:102FB000E1261051030B0AE109D8100EE12606D8CC
:102FC000100EE12603D8E00EE126120003C0E6FF52
:102FD00004500F0BE56E120005B004D805A21200D4
:102FE000300EE1261051030B0AE109D8100EE1263C
:102FF00006D8100EE12603D8E00EE1261200F00EEE
:10300000E71603500F0BE712120005B004D805A213
:103010001200300EE1261051030B0AE109D8100E00
:10302000E12606D8100EE12603D8E00EE1261200B4
:10303000E00EE71603501F0BE712120005B004D88C
:1030400005A21200300EE1261051030B0AE109D847
:10305000100EE12606D8100EE12603D8E00EE12678
:103060001200C00EE71603503F0BE712120005B026
:1030700004D805A21200300EE1261051030B0AE11C
:1030800009D8100EE12606D8100EE12603D8E00E6E
:10309000E12612000F0EE7160338F00BE7121200BC
:1030A000020EE26E1051030B0AE109D8180EE12658
:1030B00006D8180EE12603D8D00EE12612000350E0
:1030C000800AF36E080E05B0F3CFE3FF500E05B291
:1030D000F3CFE3FF1200E22A03C0E7FF1200E22A67
:1030E0003F0EE7160338E834E834C00BE71212004D
:1030F0000F0EE7160338F00BE712120003C0E7FFCC
:10310000120003C0E7FF1200E22AC00EE7160350C8
:103110003F0BE7121200E22A800EE71603507F0BE6
:10312000E7121200020EE26E03C0E7FF120034DB6A
:10313000F4B010D841DBF4B20DD83EDBF4B40AD8B9
:103140003BDBF4B607D838DBF4B804D835DBF4BA87
:1031500001D8120003C0E7FF12001EDBF4B010D844
:103160002BDBF4B20DD828DBF4B40AD825DBF4B697
:1031700007D822DBF4B804D81FDBF4BA01D8120058
:1031800003C0E6FF04500F0BE56E120005DBF4B040
:1031900010D812DBF4B20DD80FDBF4B40AD80CDB74
:1031A000F4B607D809DBF4B804D806DBF4BA01D8C2
:1031B0001200F00EE71603500F0BE7121200ECDAC4
:1031C000F4B010D8F9DAF4B20DD8F6DAF4B40AD8BB
:1031D000F3DAF4B607D8F0DAF4B804D8EDDAF4BAD2
:1031E00001D81200E00EE71603501F0BE712120081
:1031F000D3DAF4B010D8E0DAF4B20DD8DDDAF4B4F2
:103200000AD8DADAF4B607D8D7DAF4B804D8D4DAB8
:10321000F4BA01D81200C00EE7160330E8303F0BB5
:10322000E7121200B9DAF4B010D8C6DAF4B20DD849
:10323000C3DAF4B40AD8C0DAF4B607D8BDDAF4B801
:1032400004D8BADAF4BA01D812000F0EE716033820
:10325000F00BE71212001051070B06E0FF0F06E01B
:10326000FF0FC6EC16F005D03F0E03D00538070B54
:10327000F8D7F46E0350800AF36EF4B0F3CF64F61F
:10328000F4B2F3CF7CF6F4B4F3CF94F6F4B6F3CF04
:10329000ACF6F4B8F3CFC4F6F4BAF3CFDCF6120010
:1032A00090DAF4B005D8500EE126F4B201D812003D
:1032B00003C0E7FF120085DAF4B005D8500EE1260E
:1032C000F4B201D8120003C0E6FF04500F0BE56E04
:1032D000120077DAF4B005D8500EE126F4B201D826
:1032E0001200F00EE71603500F0BE712120069DA16
:1032F000F4B005D8500EE126F4B201D81200E00E69
:10330000E71603501F0BE71212005BDAF4B005D882
:10331000500EE126F4B201D81200C00EE716035099
:103320003F0BE71212004DDAF4B005D8500EE1263B
:10333000F4B201D812000F0EE7160338F00BE712B3
:1033400012003FDAF4B005D8500EE126F4B201D8ED
:1033500012000350800FE8AEFF0EE76E120031DA64
:103360000350800AF36EF4B0F3CF64F6F4B2F3CFF7
:103370007CF6120026DAF4B005D8060EE126F4B287
:1033800001D8120003C0E6FF04500F0BE56E1200D7
:1033900018DAF4B005D8060EE126F4B201D812000E
:1033A00003C0E6FF04500F0BE56E120005380F0B4B
:1033B0000A0DF350E1269CD505380F0B0A0DF3508A
:1033C000E126EED505380F0B0A0DF350E12662D643
:1033D00005380F0B0A0DF350E12611D60592DCD902
:1033E000F4CF16F112EE00F016B124D812EE18F058
:1033F00016B320D812EE30F016B51CD812EE48F0F5
:1034000016B718D812EE60F016B914D812EE78F08C
:1034100016BB10D81200020EE26E1051030B0AE127
:1034200009D8180EE12606D8180EE12603D8D00ECA
:10343000E12612000304D8B47CD003501FE105A09C
:1034400003D0010EE396E38805A203D0490EE3966C
:10345000E38810C9E8FFE8B20BD0E8B008D043CA4F
:10346000E8FFC00B331344CAE8FF341362D061D0C5
:10347000E8B001D05ED0030E34135BD0010EE3A0A0
:103480001ED0E3B41CD005A002D0010EE38605A235
:1034900002D0490EE38610C9E8FFE8B20BD0E8B0CD
:1034A00008D040CAE8FFC00B331341CAE8FF341309
:1034B00006D005D0E8B001D002D0C00E341303C04E
:1034C000F5FF7B0EF56427D0E1CFF3FFE2CFF4FFE9
:1034D00016EE6BF00538070B12E016EE83F0FF0FC7
:1034E0000EE016EE9BF0FF0F0AE016EEB3F0FF0FB2
:1034F00006E016EECBF0FF0F02E016EEE3F0F5501B
:10350000840FE350D8B4E350F56EF3CFE1FFF4CF6E
:10351000E2FFF55094E0030E05B0F5CFE3FF010E96
:1035200005B0E38A05A205D04B0EF5CFE3FF490EA7
:10353000E38A120010C9F5FFF1EC9EF009000900C2
:103540000900F550C20FD8B0C20E3E0FC8EC16F0FD
:103550003DD087D092D091D05AD059D098D039D080
:1035600056D055D094D093D088D07BD086D079D007
:1035700084D08DD04CD057D066D049D07ED07DD06D
:1035800036D045D07AD079D078D077D05CD069D099
:1035900068D067D066D071D064D06FD078D037D083
:1035A00042D051D034D069D05CD067D05AD059D0F5
:1035B00064D06DD02CD037D046D029D05ED067D023
:1035C0005CD05BD05AD023D022D04BD0036A046A9F
:1035D000120005B606D0000E04BE010E036E046A8A
:1035E0001200000E03B0800E046E036A120005B6CE
:1035F00007D00438E830E830030B036E046A120089
:103600000338E834E834C00B046E036A120005B6D0
:1036100005D004380F0B036E046A12000338F00B58
:10362000046E036A120005B607D00430E830E830B3
:103630001F0B036E046A12000334E834E834F80BFD
:10364000046E036A120005B606D00430E8303F0B62
:10365000036E046A12000334E834FC0B046E036A40
:10366000120005B605D004307F0B036E046A120009
:103670000334FE0B046E036A120005B604D004C0C6
:1036800003F0046A120003C004F0036A120005B6D6
:103690000BD00438F36E0F0B046E03380F0B036E60
:1036A000F350F00B031212000338F36EF00B036EAD
:1036B0000438F00B046EF3500F0B04121200F2AE3C
:1036C00004D0F29E02D8F28E12000101FF0B06E038
:1036D000106F05962FDF10511EEC97F012000101BC
:1036E00013EEA0F00B51E3CFF3FF13EEB0F00B514C
:1036F000E350F46EB80B27E1F450060B060A23E002
:10370000F450060B060ED8B4F412F430030B051275
:10371000F4B0F38E13EEC0F00B51E350036EF4BC23
:103720000AD00DC104F0D8900336D8900336043681
:10373000F350C5DF08D00DC104F00432D8A0038EC9
:10374000F35018EC97F012000101FF0B24E0106F0A
:1037500003BE1BD01C6BD8900334800F1D6F1BE081
:1037600005841051F2EC9BF010510586E3DE1C51EC
:1037700003261D5104221DBF04D006E3036804681C
:1037800003D002E2036A046A04D0D8900334046EC2
:10379000036A10519ADF12001051070B07E0FF0F68
:1037A00008E0FF0FC6EC16F0F46E12003F0EF46E48
:1037B00012000538070BF6D7300EE126000EE22284
:1037C00012001051030B0BE0FF0F06E0FF0F02E0A9
:1037D000020E06D0010E04D00538030B01D0030EF3
:1037E000F46E1200F46E10C9F5FFF1EC9EF00900C2
:1037F00009000900F5CFF3FF0900F5CFE1FF070E3F
:1038000005B4090EE26E046AF350C20FD8B0C20EBE
:103810003E0FC8EC16F03DD03FD041D080D093D0C1
:10382000ADD03FD049D04FD057D05FD064D069D011
:1038300070D06FD06ED06DD074D07FD087D08FD045
:1038400097D09FD0AAD0ACD0B1D0B3D0B2D0B3D0A3
:10385000B2D0B3D0B6D0B9D0D9D1BBD0BAD0B9D00C
:10386000B8D0CBD0E2D0F6D00AD11ED132D13DD1E2
:103870003CD17FD13AD139D142D14FD159D163D145
:103880006DD184D18FD19CD1A9D1AED1B3D1B8D1D2
:10389000BDD1000E036E1200E7507F0BFBD7E7503F
:1038A000F9D7E4380F0B046EE538F00B036EE738F8
:1038B0000F0B03120350EED7F450C6EC16F0E714CA
:1038C000D8A4010EE7D70550030B020A02E1060E49
:1038D000E126E7500F0BDED70550030B020A02E189
:1038E000060EE126E7380F0BD5D70550030B020A69
:1038F00002E1060EE126E4500F0B046EE550E7509E
:10390000C9D70550030B020A02E1060EE126E75073
:10391000C1D70550030B020A02E1300EE126E75041
:10392000B9D70550030B020A02E1300EE126E4503C
:103930000F0B046EE550E750ADD70550030B020A9C
:1039400002E1300EE126E7500F0BA4D70550030B20
:10395000020A02E1300EE126E7501F0B9BD705500B
:10396000030B020A02E1300EE126E7503F0B92D72B
:103970000550030B020A02E1300EE126E7380F0B77
:1039800089D7020EE26E0550030B020A02E1480ECF
:10399000E126080EE350800A7DD7E22AE7507AD765
:1039A000E22AE738E830E830030B74D7E7380F0B2A
:1039B00071D7E7506FD7E7506DD7E22AE7503F0B3A
:1039C00069D7E22AE7507F0B65D7020EE26EE75017
:1039D00061D7F450070B0FE0FF0F01E003D005386B
:1039E000070B03D0F450070BFE0F300DF352E12606
:1039F000F452070BE222E7504DD7F450070B0FE0CB
:103A0000FF0F01E003D00538070B03D0F450070B7C
:103A1000FE0F300DF352E126F452070BE222E45080
:103A20000F0B046EE550E75035D7F450070B0FE04D
:103A3000FF0F01E003D00538070B03D0F450070B4C
:103A4000FE0F300DF352E126F452070BE222E7504D
:103A50000F0B20D7F450070B0FE0FF0F01E003D04E
:103A60000538070B03D0F450070BFE0F300DF3524F
:103A7000E126F452070BE222E7501F0B0BD7F4505C
:103A8000070B0FE0FF0F01E003D00538070B03D051
:103A9000F450070BFE0F300DF352E126F452070BE2
:103AA000E222E7503F0BF6D6F450070B0FE0FF0F72
:103AB00001E003D00538070B03D0F450070BFE0FCD
:103AC000300DF352E126F452070BE222E7380F0BD8
:103AD000E1D6020EE26E0550030B020A02E1480E27
:103AE000E126080EE350800AD5D6F4A006D0F4B241
:103AF00002D005B802D0500EE126E750CBD6F4A094
:103B000006D0F4B202D005B802D0500EE126E4503F
:103B10000F0B046EE550E750BDD6F4A006D0F4B20A
:103B200002D005B802D0500EE126E7500F0BB2D6F6
:103B3000F4A006D0F4B202D005B802D0500EE126AF
:103B4000E7501F0BA7D6F4A006D0F4B202D005B8F8
:103B500002D0500EE126E7503F0B9CD6F4A006D0D1
:103B6000F4B202D005B802D0500EE126E7380F0BB0
:103B700091D6F4A006D0F4B202D005B802D0500E0F
:103B8000E126E750800FE8BE000E84D6020EE26EFA
:103B90000550030B020A02E1480EE126080EE3502D
:103BA000800A78D6F4A006D0F4B202D005B802D0CC
:103BB000060EE126E4500F0B046EE550E7506AD67E
:103BC000F4A006D0F4B202D005B802D0060EE12669
:103BD000E4500F0B046EE550E7505CD605380F0B30
:103BE0000A0DF350E1265BD605380F0B0A0DF35092
:103BF000E12695D605380F0B0A0DF350E126BED607
:103C000005380F0B0A0DF350E1269DD6020EE26E29
:103C10000550030B020A02E1480EE126030EE350B1
:103C200039D62D2D2D2D2D2D2D2D566F6C756D65A5
:103C300020205068617365202020446574756E658E
:103C400020204375744F666620205265736F6E6145
:103C50006E2E4368616E6E656C734D6F64652020D7
:103C600020204B6E6F62202020204578742E414F1B
:103C700055544578742E53772E2057617665666FBC
:103C8000726D5472616E73702E2046696E65747524
:103C90006E65506F7274616D2E2050756C73657710
:103CA0002E2044656C617920202041747461636B1F
:103CB0002020446563617920202053757374616905
:103CC0006E2052656C6561736520502E42656E648E
:103CD00065724172702E5370642E4172702E474C83
:103CE0002E2044657074682020204D6F64496E76E4
:103CF0002020526174652020202041747461636B20
:103D00003120412E4C6576656C2041747461636B83
:103D100032204465636179312020442E4C657665FC
:103D20006C20446563617932202052656C65617353
:103D30006531522E4C6576656C2052656C656173F9
:103D400065324375727665202020412E4375727668
:103D50006520442E437572766520522E4375727627
:103D6000652053706565642020205374617274204F
:103D70002020456E6420202020204C6F6F70202072
:103D80002020506F736974696F6E4E6F74652020C8
:103D90002020446570746820502E4465707468203B
:103DA0005057446570746820462E456E764D6F649A
:103DB0002020416363656E7420204465636179202F
:103DC000412E442E4D6F64656C20476174654C6EC6
:103DD0002E20506172616D2E33204465742E4D6F1C
:103DE0006465F5B218D0F5B00BD0040D460EF3247F
:103DF000F66E3E0EF420F76EF86A010EF8221200FD
:103E0000040D460EF324F66E460EF420F76EF86AA3
:103E1000010EF8221200F5B00BD0040D460EF3246B
:103E2000F66E4A0EF420F76EF86A010EF8221200C0
:103E3000040D460EF324F66E420EF420F76EF86A77
:103E4000010EF822120000000000010001520201E0
:103E500002530301025104020A5505020C570602DF
:103E60000854070209540805021A0805021F08052C
:103E70000224080502290805022E08050233080558
:103E800002380805023D09060640090606420906F1
:103E9000064409060646090606480906064A0906B2
:103EA000064C0906064E0A0607140A0607140A06F7
:103EB00007140A0607140A0607140A0607140A0656
:103EC00007140A0607140B070F610B070F610B0796
:103ED0000F710B070F810C070D680C070D680C079D
:103EE0000D780C070D880D070E690D070E690D077B
:103EF0000E790D070E890E07106B0E07106B0E075B
:103F0000107B0E07108B0F0711640F0711640F074A
:103F100011740F071184100710671007106710073E
:103F20001077100710871107156211071562110726
:103F30001572110715821207126212071262120718
:103F40001272120712821307156313071563130702
:103F500015731307158314071263140712631407EC
:103F60001273140712831607146D1607146D1607C3
:103F7000147D1607148D1707136E1707136E170796
:103F8000137E1707138E1507160015071600150761
:103F9000161815071630370102DE00000000000079
:103FA0000000000000000000000000000000000011
:103FB0000000000000000000000000000000000001
:103FC000000000000000180817031808170B180855
:103FD00017131808171B180817231808172B180889
:103FE00017331808173B190818021908180A190876
:103FF00018121908181A190818221908182A190865
:1040000018321908183A00000000000000000000F3
:1040100000000000000000000000000000000000A0
:104020000000000000000000000000000000000090
:104030000000000000000000000000000000000080
:104040000000000000000B0919C00B0919C50B097D
:1040500019CA0B0919CF0B0919D40B0919D900007A
:1040600000000000000018091AC118091AC6180932
:104070001ACB18091AD018091AD518091ADA00002B
:104080000000000000001A091BC21A091BC71A0908
:104090001BCC1A091BD11A091BD61A091BDB0000FD
:1040A00000000000000010091BC310091BC8100904
:1040B0001BCD10091BD210091BD710091BDC0000F7
:1040C00000000000000002091BC402091BC902090C
:1040D0001BCE02091BD302091BD802091BDD0000FD
:1040E00000000000000000000000000000000000D0
:1040F00000000000000000000000000000000000C0
:1041000000000000000000000000000000000000AF
:10411000000000000000000000000000000000009F
:10412000000000000000000000000000000000008F
:10413000000000000000000000000000000000007F
:10414000000000000000070A1DE0180A1CE1100A28
:104150001DE21B0A1DE31C0A1DE41D0A1DE51E0AC3
:104160001DE61F0A1DE7200A1DE8130A1DE9210AA2
:104170001DEA220A1DEB230A1DEC250A1DED260A65
:104180001DEE270A1DEF070A1DF0180A1CF1100A80
:104190001DF21B0A1DF31C0A1DF41D0A1DF51E0A43
:1041A0001DF61F0A1DF7200A1DF8130A1DF9210A22
:1041B0001DFA220A1DFB230A1DFC250A1DFD260AE5
:1041C0001DFE270A1DFF280B1E6C280B1E71280BD5
:1041D0001E76280B1E7B290B1F6E290B1F73290BC4
:1041E0001F78290B1F7D2A0B1F6F2A0B1F742A0BA8
:1041F0001F792A0B1F7E2B0B1F702B0B1F752B0B90
:104200001F7A2B0B1F7F2C0B20EE2C0B20F02C0B7E
:1042100020F22C0B20F40000000000000000000041
:10422000000000000000000000000000000000008E
:104230000000000000002D0721002D0721002D07A0
:1042400021182D072130000000000100015200005C
:1042500000000000000004020A5505020C57040388
:104260000B5504040B5B0805021A0805021F08051C
:104270000224080502290805022E08050233080554
:1042800002380805023D09060640090606420906ED
:10429000064409060646090606480906064A0906AE
:1042A000064C0906064E0A0607140A0607140A06F3
:1042B00007140A0607140A0607140A0607140A0652
:1042C00007140A0607140B0C24610B0C24610B0C59
:1042D00024610B0C24610B0C24610B0C24610B0C6E
:1042E00024610B0C24610C0C22680C0C22680C0C51
:1042F00022680C0C22680C0C22680C0C22680C0C36
:1043000022680C0C22680D0C23690D0C23690D0C1E
:1043100023690D0C23690D0C23690D0C23690D0C09
:1043200023690D0C23690E0C256B0E0C256B0E0CEE
:10433000256B0E0C256B0E0C256B0E0C256B0E0CD5
:10434000256B0E0C256B0F0C26640F0C26640F0CCE
:1043500026640F0C26640F0C26640F0C26640F0CC9
:1043600026640F0C2664110C2A62110C2A62110CAF
:104370002A62110C2A62110C2A62110C2A62110C99
:104380002A62110C2A62120C2762120C2762120C8C
:104390002762120C2762120C2762120C2762120C81
:1043A0002762120C2762130C2A63130C2A63130C66
:1043B0002A63130C2A63130C2A63130C2A63130C4D
:1043C0002A63130C2A63140C2763140C2763140C40
:1043D0002763140C2763140C2763140C2763140C35
:1043E0002763140C2763160C296D160C296D160C07
:1043F000296D160C296D160C296D160C296D160CDD
:10440000296D160C296D170C286E170C286E170CC9
:10441000286E170C286E170C286E170C286E170CB8
:10442000286E170C286E150C2B00150C2B00150C84
:104430002B00150C2B01150C2B02150C2B03150C46
:104440002B04150C2B052E0D23752E0D23752E0D0B
:1044500023752E0D23752E0D23752E0D23752E0D10
:1044600023752E0D23752F0D23792F0D23792F0DF5
:1044700023792F0D23792F0D23792F0D23792F0DDC
:1044800023792F0D2379300D237A300D237A300DC7
:10449000237A300D237A300D237A300D237A300DB4
:1044A000237A300D237A1A0D23761A0D23761A0DEE
:1044B00023761A0D23761A0D23761A0D23761A0DFC
:1044C00023761A0D23762E0E237C2E0E237C2E0EA1
:1044D000237C2E0E237C2E0E237C2E0E237C2E0E70
:1044E000237C2E0E237C2F0E23802F0E23802F0E55
:1044F00023802F0E23802F0E23802F0E23802F0E3C
:1045000023802F0E2380300E2381300E2381300E26
:104510002381300E2381300E2381300E2381300E13
:104520002381300E23811A0E237D1A0E237D1A0E4D
:10453000237D1A0E237D1A0E237D1A0E237D1A0E5B
:10454000237D1A0E237D2E0F23832E0F23832E0F00
:1045500023832E0F23832E0F23832E0F23832E0FCF
:1045600023832E0F23832F0F23842F0F23842F0FBA
:1045700023842F0F23842F0F23842F0F23842F0FA7
:1045800023842F0F2384300F2385300F2385300F92
:104590002385300F2385300F2385300F2385300F7F
:1045A0002385300F2385110F2586110F2586110FC6
:1045B0002586110F2586110F2586110F2586110FCF
:1045C0002586110F2586120F2587120F2587120FBA
:1045D0002587120F2587120F2587120F2587120FA7
:1045E0002587120F2587130F2588130F2588130F92
:1045F0002588130F2588130F2588130F2588130F7F
:104600002588130F2588140F2589140F2589140F69
:104610002589140F2589140F2589140F2589140F56
:104620002589140F25892D0C3D002D0C3D002D0CE6
:104630003D002D0C3D012D0C3D022D0C3D032D0C9C
:104640003D042D0C3D05000000000100015200005A
:1046500000000301025104020A5505020C5706022C
:104660000854070209540805021A0805021F080524
:104670000224080502290805022E08050233080550
:1046800002380805023D09060640090606420906E9
:10469000064409060646090606480906064A0906AA
:1046A000064C0906064E0A0607140A0607140A06EF
:1046B00007140A0607140A0607140A0607140A064E
:1046C00007140A0607140B102F610B102F610B1033
:1046D0002F610B102F610C102C680C102C680C1023
:1046E0002C680C102C680D102D690D102D690D1003
:1046F0002D690D102D690E10306B0E10306B0E10E1
:10470000306B0E10306B0F1031640F1031640F10CE
:1047100031640F10316410103067101030671010C2
:1047200030671010306711103562111035621110AA
:10473000356211103562121032621210326212109C
:104740003262121032621310356313103563131086
:104750003563131035631410326314103263141070
:104760003263141032631610346D1610346D161047
:10477000346D1610346D1710336E1710336E17101A
:10478000336E1710336E15103600151036001510E5
:10479000361815103630370102DE00000000000028
:1047A0000000000000000000000000000000000009
:1047B00000000000000000000000000000000000F9
:1047C0000000000000000410375504103755041095
:1047D0003755041037550510385705103857051050
:1047E00038570510385731102E8531102E8531106D
:1047F0002E8531102E85121030871210308712103E
:1048000030871210308732102F6632102F66321028
:104810002F6632102F66000000000000000000002C
:104820000000000000000000000000000000000088
:104830000000000000000000000000000000000078
:104840000000000000000B1135740B1135740B11C2
:1048500035740B1135740B11357B0B11357B0B1136
:10486000357B0B11357B2E112D752E112D752E11CB
:104870002D752E112D752E112D7C2E112D7C2E11A6
:104880002D7C2E112D7C2F112D792F112D792F118B
:104890002D792F112D792F112D802F112D802F1172
:1048A0002D802F112D8030112D7A30112D7A30115D
:1048B0002D7A30112D7A30112D8130112D8130114A
:1048C0002D8130112D811A1130761A1130761A117E
:1048D00030761A1130761A11307D1A11307D1A1186
:1048E000307D1A11307D1011307710113077101192
:1048F0003077101130771011307E1011307E10118A
:10490000307E1011307E02113078021130780211A1
:104910003078021130780211307F0211307F02119D
:10492000307F0211307F0000000000000000000016
:104930000000000000000000000000000000000077
:104940000000000000002E122D832E122D832E1247
:104950002D832E122D832F122D842F122D842F1292
:104960002D842F122D8430122D8530122D8530127A
:104970002D8530122D8511123086111230861112BC
:1049800030861112308612123087121230871212BE
:1049900030871212308713123088131230881312A6
:1049A000308813123088141230891412308914128E
:1049B0003089141230892412308A2412308A241249
:1049C000308A2412308A33123090331230903312EE
:1049D0003090331230900000000000000000000012
:1049E00000000000000000000000000000000000C7
:1049F00000000000000000000000000000000000B7
:104A000000000000000000000000000000000000A6
:104A10000000000000000000000000000000000096
:104A20000000000000000000000000000000000086
:104A30000000000000000000000000000000000076
:104A40000000000000000000000001000152000012
:104A500000000000000004020A5505020C57000087
:104A60000000000000000805021A0805021F0805E2
:104A70000224080502290805022E0805023308054C
:104A800002380805023D09060640090606420906E5
:104A9000064409060646090606480906064A0906A6
:104AA000064C0906064E0A0607140A0607140A06EB
:104AB00007140A0607140A0607140A0607140A064A
:104AC00007140A0607143413396111133B621213D9
:104AD0003C6213133B6314133C630D133A643513A8
:104AE0003A6528133A6636133A6700000000000062
:104AF00000000000000000000000000000000000B6
:104B0000000000000000341402613414026B3414FD
:104B100002753414027F341402893414029334145D
:104B2000029D341402A7341402B1341402BB3414AD
:104B300002C5341402CF341402D9341402E33414FD
:104B400002ED341402F7111405621114056C1114EE
:104B50000576111405801114058A11140594111499
:104B6000059E111405A8111405B2111405BC1114E9
:104B700005C6111405D0111405DA111405E4111439
:104B800005EE111405F8121404621214046C1214C8
:104B90000476121404801214048A12140494121459
:104BA000049E121404A8121404B2121404BC1214A9
:104BB00004C6121404D0121404DA121404E41214F9
:104BC00004EE121404F8131405631314056D131482
:104BD0000577131405811314058B1314059513140D
:104BE000059F131405A9131405B3131405BD13145D
:104BF00005C7131405D1131405DB131405E51314AD
:104C000005EF131405F9141404631414046D14143B
:104C10000477141404811414048B141404951414CC
:104C2000049F141404A9141404B3141404BD14141C
:104C300004C7141404D1141404DB141404E514146C
:104C400004EF141404F90D1403640D14036E0D1411
:104C500003780D1403820D14038C0D1403960D14A8
:104C600003A00D1403AA0D1403B40D1403BE0D14F8
:104C700003C80D1403D20D1403DC0D1403E60D1448
:104C800003F00D1403FA351403653514036F35145E
:104C90000379351403833514038D351403973514C4
:104CA00003A1351403AB351403B5351403BF351414
:104CB00003C9351403D3351403DD351403E7351464
:104CC00003F1351403FB2814036628140370281419
:104CD000037A281403842814038E281403982814B4
:104CE00003A2281403AC281403B6281403C0281404
:104CF00003CA281403D4281403DE281403E8281454
:104D000003F2281403FC36140367361403713614B7
:104D1000037B361403853614038F36140399361437
:104D200003A3361403AD361403B7361403C1361487
:104D300003CB361403D5361403DF361403E93614D7
:104D400003F3361403FD0000000000000000000023
:104D50000000000000000000000000000000000053
:104D60000000000000000000000000000000000043
:104D70000000000000000000000000000000000033
:104D80000000000000000000000000000000000023
:104D90000000000000000000000000000000000013
:104DA0000000000000000000000000000000000003
:104DB00000000000000000000000000000000000F3
:104DC00000000000000000000000000000000000E3
:104DD00000000000000000000000000000000000D3
:104DE00000000000000000000000000000000000C3
:104DF00000000000000000000000000000000000B3
:104E000000000000000000000000000000000000A2
:104E10000000000000000000000000000000000092
:104E20000000000000000000000000000000000082
:104E30000000000000000000000000000000000072
:104E400000000000000001010C5110C9F5FFF5B28F
:104E500018D0F5B00BD0010DEC0EF324F66E4E0E0B
:104E6000F420F76EF86A010EF82222D0010D6C0EC4
:104E7000F324F66E4F0EF420F76EF86A010EF82256
:104E800017D0F5B00BD0010DEC0EF324F66E4F0EDB
:104E9000F420F76EF86A010EF8220AD0010D6C0EAC
:104EA000F324F66E500EF420F76EF86A010EF82225
:104EB0000900F5501AE0066EFF0E036E046E0596AB
:104EC00006509AEC9AF004500AE10350800B07E177
:104ED0000DC103F0046A065018EC97F006D0036A7F
:104EE0000D35046E06505FEC9BF0120000000203CB
:104EF000040500010607000000000000000000009B
:104F0000202122232425262728292A2B2C2D2E2F29
:104F1000484C00000000C1C3C8C9CAD1D3D8D9DAEF
:104F200088898A8B8C8D90919293949500000000D3
:104F30003031323338393A3B3C3D3E3F40414243C9
:104F4000444546470000606162636465666700002F
:104F50000000000000000000000000000000000051
:104F60000000000000000000000000000000000041
:104F7000616500010000000000000000000000006A
:104F80002100000025000000290000002D00000085
:104F900000000000C1C5C9CDD1D5D9E1000089917B
:104FA00099A18D959DA50000696D7100000000001C
:104FB00031000000390000003D0000004100000009
:104FC000450000000000000000000000000000009C
:104FD00000000000000000000000000000000000D1
:104FE00000000000000000000000000000000000C1
:104FF000040500010607000000000000000000009A
:10500000303132333435363738393A3B3C3D3E3F28
:1050100000000000808182838485868788898A8B4E
:105020008C8D8E8F909192939495969798999A9B48
:105030009C9D9E9FA0A1A2A3A4A5A6A7A8A9AAAB38
:10504000ACADAEAF000000000000000000000000AA
:1050500000000000B0B1B2B3B4B5B6B7B8B9BABBCE
:10506000BCBDBEBF0000000000000000000000004A
:105070000405000106070000000000000000000019
:10508000210000002900000031000000390000006C
:1050900069710000C1C9D1D9E1E9F100000081893D
:1050A0009199A1A9B1B90000000000000000000022
:1050B00041000000490000005100000059000000BC
:1050C000610000000000000000000000000000007F
:1050D00000000000000000000000000000000000D0
:1050E000000000000000000000000000FFFF83F946
:1050F000E1E772CFC4B41C9B2B847F70FF5F4D52DD
:10510000FA46993DCD354A2FD0292F253E21DE1D67
:10511000F51A70183E165114A0122111CC0F9D0ED5
:105120008D0D990CBD0BF60A420A9D0908097F08EE
:1051300001088D072307C10666061206C4057C0513
:105140003805F904BE04870453042304F503CB0394
:10515000A2037C03580336031603F802DB02C002E5
:10516000A6028D02760260024B0236022302110271
:10517000FF01EE01DE01CF01C001B201A4019701E0
:105180008B017F01740168015E0154014A014001F5
:1051900037012E0126011E0116010E010701000133
:1051A000F900F200EC00E500DF00DA00D400CF00E7
:1051B000C900C400BF00BA00B600B100AD00A8002D
:1051C000A400A0009C009800950091008E008A0029
:1051D0008700840081007E007B00780075007200EB
:1051E0006F006D006A0068006500630061005F0089
:1051F0005C005A00580056005400520050004F0006
:105200004D004B0049004800460045004300410066
:1052100040003F003D003C003A00390038003700B4
:105220003500340033003200310030002F002D00F3
:105230002C002B002A002900290028002700260026
:1052400025002400230023002200210020001F004D
:105250001F001E001D001D001C001B001B001A006B
:105260001900190018001800170017001600160082
:105270001500150014001400130013001200120092
:10528000110011001100100010000F000F000F009E
:105290000E000E000E000D000D000D000C000C00A5
:1052A0000C000B000B000B000A000A000A000A00A9
:1052B00009000900090009000800080008000800AA
:1052C00008000700070007000700070006000600A7
:1052D00006000600060006000500050005000500A2
:1052E00005000500050004000400040000000100A2
:1052F0000300060008000A000C000E001000120057
:105300001500170019001C001E00210023002600B4
:1053100028002B002D0030003300360038003B0001
:105320003E004100440047004A004D005000530039
:1053300057005A005D006100640068006B006F0058
:10534000730076007A007E00820086008A008E005C
:10535000920096009A009F00A300A800AC00B10044
:10536000B500BA00BF00C400C900CE00D300D80009
:10537000DD00E300E800ED00F300F900FE000401A9
:105380000A01100116011C01230129013001360117
:105390003D0144014B0151015901600167016F0159
:1053A00076017E0185018D0195019D01A601AE0169
:1053B000B601BF01C801D101DA01E301EC01F60138
:1053C000FF01090213021D02270231023C024602BC
:1053D00051025C02670272027E028A029502A102F9
:1053E000AE02BA02C602D302E002ED02FA020803DC
:1053F00016032403320340034F035D036C037C0355
:105400008B039B03AB03BB03CB03DC03ED03FE0366
:10541000100421043304450458046B047E049104F1
:10542000A504B904CD04E204F7040C0521053705F1
:105430004D0564057B059205A905C105D905F20551
:105440000B0624063E06580673068E06A906C506F8
:10545000E106FE061B073807560775079307B307D3
:10546000D207F30713083508560879089B08BF08C8
:10547000E20807092C09510977099E09C509ED09B8
:10548000150A3E0A680A920ABD0AE90A150B420B80
:105490006F0B9D0BCC0BFC0B2C0C5D0C8F0CC20C02
:1054A000F50C290D5E0D940DCA0D020E3A0E730E09
:1054B000AD0EE80E230F600F9D0FDC0F1B105B106D
:1054C0009D10DF1022116611AC11F21139128212F7
:1054D000CC1216136213AF13FD134D149D14EF1469
:1054E00042159615EB1542169A16F41600000000A8
:1054F00000180A0000150C0000120E00000F110029
:10550000C00C1400000C1500800A180000091C00D3
:105510008007220000062A00400530008004380081
:10552000C003440000035500400271008001AA003E
:105530002001E30000010001C00055019000C701F7
:10554000800000026000AA0248008E0340000004B0
:105550003000550524001C07200000081800AA0A86
:105560001200380E100000100C005515F36EF46A8E
:105570000B0EF36404D0F40EF326F42AF9D7F334B7
:10558000FE0BBE0FF66EF76A550EF722010EF822DB
:105590000900010EF46405D0E00EF526FE0EF42697
:1055A00004D0020EF4B0010EF46EF55094EC16F037
:1055B0000900F55094EC16F0F4508EEF16F0632DC0
:1055C0006323642D6423652D662D6623672D672371
:1055D000612D6123622D28002B002D003000330047
:1055E000360039003D004000440048004C005100A6
:1055F00056005B00600066006C0073007A0081005A
:10560000890091009900A300AC00B700C100CD0053
:10561000D900E600F4000201120122013301460123
:1056200059016E0183019B01B301CD01E80105021F
:105630002402450267028C02B302DA020703360332
:1056400066039A03D1030B0449048A04CF041805A6
:105650006605B8050F066C06CD063507A3071708C3
:10566000920815099F09310ACD0A710B1F0CD80C3D
:105670009B0D6A0E460F2E1025112A123E1363143D
:105680009A15E3163F18B019371BD51C8C1E5D20E8
:105690004A2254247D26C728342BC62D7E30613300
:1056A0006F36AB39193DBC409544A848FC4C8F512E
:1056B00068568C5BFE60C266DE6C5773347A778105
:1056C0002A895391F6991EA3D1AC18B7FCC185CD98
:1056D000BCD9AFE667F4000092012403B604470684
:1056E000D9076A09FB0A8B0C1B0EAB0F3911C812C4
:1056F0005514E2156D17F818821A0B1C931D191F0B
:105700009F202322A6232825A8262628A3291F2B4D
:10571000982C112E872FFB306E32DE334D35BA3682
:1057200024388C39F23A563CB83D173F7340CE418D
:1057300025437A44CD451C476948B449FB4A3F4C50
:10574000814DBF4EFB4F335169529B53CA54F5559F
:105750001D5742586459825A9D5BB45CC75DD75E41
:10576000E35FEC60F161F262EF63E864DD65CF66F0
:10577000BD67A6688C696D6A4A6B246CF96CCA6D4A
:10578000966E5F6F2370E2709E7155720773B573EA
:105790005F740475A5754176D9766C77FA7784784D
:1057A00009798A79057A7D7AEF7A5D7BC57B297CD8
:1057B000897CE37C397D8A7DD67D1D7E5F7E9D7EE2
:1057C000D57E097F387F627F877FA77FC27FD87FA2
:1057D000E97FF67FFD7F0001020304050607080A42
:1057E0000C0E11121314151618181B1C1E2022243F
:1057F00026282B2D303336393D4044484D51565BD9
:1058000061666C737A81899199A3ACB7C2CDD9E6F0
:10581000F4FFFFFFFFFF3E585A5870588C58A258AB
:10582000C458D458E258F4581E5948595C596A591A
:105830007E598C59B659E059F8590E5A2C5A42449F
:105840003120003C2001800A07FFBC013A013801E9
:10585000340130012C012801200142443220006B28
:105860002008800A04FFEB083C04370432042A04B1
:105870004244332000482001800A07FFC8014E0837
:10588000C501B5044E08400847083B085344312081
:10589000006B2008800A04FF6B08BC046B08BB0483
:1058A0006B085344322000502008800A0AFF500839
:1058B000BC04BA045008510852085308540855084B
:1058C0005608570853443320004B2008800A010033
:1058D0004B08BC0148483120006C2008800A00FFBA
:1058E000EC0848483220006C2008800A02FFEC08CF
:1058F0003304EC08544F3120003C2004800A0DFF93
:10590000BC043B04BA043804B7043404B3043104BF
:10591000AF042D04AA042604A2041C049304544FCB
:105920003220003C2004800A0D0CBC043B01BA0468
:105930003801B7043401B3043101AF042D01AA04C6
:105940002601A2041C019304434C5020003C200873
:10595000800A04013C08F0083008BC084658312091
:10596000003C2001800A00FFBC0146583220003C68
:105970002001800A0300BC013001BC0148014658E7
:105980003320003C2041800A00FFBC4146583420AF
:10599000003C2041800A0DFFBC413B41BA413841E7
:1059A000B7413441B3413141AF412D41AA41264174
:1059B000A2411C4193414658352000542004800ADE
:1059C0000D0AD4043B01E0043801D4043401E0049E
:1059D0003101D4042D01E0042601D4041C01E004AB
:1059E0004658362000182001800A0500980124013D
:1059F000B0013C01C801540146583720001820026C
:105A0000800A040098023C0224023C02B00246587C
:105A1000382000702008800A0800F0086808600438
:105A2000D80450084808C0043808300446583920C3
:105A300000182004800A1100980454012404C801AD
:105A400030043C01BC043001480498015404240192
:105A5000C80430013C04BC01300448010001F06B73
:105A6000F16B1096109812001086108850ECADF073
:105A700010EE60F0F36AE66AF32AF3A6FCD7120090
:105A8000109610981C824BEF59F000145349447043
:105A90006C61796572204D6F646520202020202084
:105AA0008A0EF66E5A0EF76E010EF86E9EEC16F028
:105AB000400E88EC16F0140E71EC55F0400E88EF95
:105AC00016F040125072657373204D454E55207488
:105AD0006F2065786974C20EF66E5A0EF76E010E6D
:105AE000F86E9EEC16F0400EFAEF16F0036EF80E0C
:105AF0000360C2D0000103BEF06BF051030BC8EC91
:105B000016F003D004D00AD016D0F00E01D02D0E1E
:105B1000036202D0F02BB0D0F06BAED0F02BF26B62
:105B20000350F16F4C0A12E0010A13E0030A21E06E
:105B3000010A12E0A1D0F22BF1514C0A09E0010A4E
:105B40000AE0030A1AE0010A10E096D08DDF94D033
:105B500093D096DF91D090D0400E88EC16F010B61E
:105B600002D082DF01D0A4DF87D0035094EC16F07E
:105B700083D0F36B10A678DF7FD0090EF26106D0D8
:105B800000EEF4F0F20503C0EBFF76D01C0EF361DB
:105B900073D0F4B102D052D8F9D703C004F0F35156
:105BA000010D7A0EF324F66E5C0EF420F76EF86A9F
:105BB000010EF8220900F550E009036EF8B1048ED9
:105BC000170EF56202D0F70E041610A82CD0035061
:105BD0001F0B040A0CE124C3E8FF010B08E104A039
:105BE00006D03F0EE8CFE8F0E8CFE9F01CD00F0A6E
:105BF0000CE12BC3E8FF010B08E104A006D03F0E27
:105C0000E8CFEBF0E8CFECF00ED0190A0CE132C38C
:105C1000E8FF010B08E104A006D03F0EE8CFEEF04C
:105C2000E8CFEFF000D003EE20F013EE60F0F29E2C
:105C30000450C5EC68F0F28E01D81ED0D890F7332E
:105C4000D8B0F68FD890F633D8B0F58FD890F5331A
:105C5000D8B0F48FD890F433D890FB33D8B0FA8F03
:105C6000D890FA33D8B0F98FD890F933D8B0F88FEC
:105C7000D890F833F32B120012000001020305063E
:105C80000708090A0C0D0E0F10111314151617181A
:065C9000040B12040B12CC
:1070000000002000400060008000A000C000E00000
:1070100000012001400160018001A001C001E001E8
:1070200000022002400260028002A002C002E002D0
:1070300000032003400360038003A003C003E003B8
:1070400000042004400460048004A004C004E004A0
:1070500000052005400560058005A005C005E00588
:1070600000062006400660068006A006C006E00670
:1070700000072007400760078007A007C007E00758
:1070800000082008400860088008A008C008E00840
:1070900000092009400960098009A009C009E00928
:1070A000000A200A400A600A800AA00AC00AE00A10
:1070B000000B200B400B600B800BA00BC00BE00BF8
:1070C000000C200C400C600C800CA00CC00CE00CE0
:1070D000000D200D400D600D800DA00DC00DE00DC8
:1070E000000E200E400E600E800EA00EC00EE00EB0
:1070F000000F200F400F600F800FA00FC00FE00F98
:1071000000102010401060108010A010C010E0107F
:1071100000112011401160118011A011C011E01167
:1071200000122012401260128012A012C012E0124F
:1071300000132013401360138013A013C013E01337
:1071400000142014401460148014A014C014E0141F
:1071500000152015401560158015A015C015E01507
:1071600000162016401660168016A016C016E016EF
:1071700000172017401760178017A017C017E017D7
:1071800000182018401860188018A018C018E018BF
:1071900000192019401960198019A019C019E019A7
:1071A000001A201A401A601A801AA01AC01AE01A8F
:1071B000001B201B401B601B801BA01BC01BE01B77
:1071C000001C201C401C601C801CA01CC01CE01C5F
:1071D000001D201D401D601D801DA01DC01DE01D47
:1071E000001E201E401E601E801EA01EC01EE01E2F
:1071F000001F201F401F601F801FA01FC01FE01F17
:1072000000202020402060208020A020C020E020FE
:1072100000212021402160218021A021C021E021E6
:1072200000222022402260228022A022C022E022CE
:1072300000232023402360238023A023C023E023B6
:1072400000242024402460248024A024C024E0249E
:1072500000252025402560258025A025C025E02586
:1072600000262026402660268026A026C026E0266E
:1072700000272027402760278027A027C027E02756
:1072800000282028402860288028A028C028E0283E
:1072900000292029402960298029A029C029E02926
:1072A000002A202A402A602A802AA02AC02AE02A0E
:1072B000002B202B402B602B802BA02BC02BE02BF6
:1072C000002C202C402C602C802CA02CC02CE02CDE
:1072D000002D202D402D602D802DA02DC02DE02DC6
:1072E000002E202E402E602E802EA02EC02EE02EAE
:1072F000002F202F402F602F802FA02FC02FE02F96
:1073000000302030403060308030A030C030E0307D
:1073100000312031403160318031A031C031E03165
:1073200000322032403260328032A032C032E0324D
:1073300000332033403360338033A033C033E03335
:1073400000342034403460348034A034C034E0341D
:1073500000352035403560358035A035C035E03505
:1073600000362036403660368036A036C036E036ED
:1073700000372037403760378037A037C037E037D5
:1073800000382038403860388038A038C038E038BD
:1073900000392039403960398039A039C039E039A5
:1073A000003A203A403A603A803AA03AC03AE03A8D
:1073B000003B203B403B603B803BA03BC03BE03B75
:1073C000003C203C403C603C803CA03CC03CE03C5D
:1073D000003D203D403D603D803DA03DC03DE03D45
:1073E000003E203E403E603E803EA03EC03EE03E2D
:1073F000003F203F403F603F803FA03FC03FE03F15
:1074000000402040404060408040A040C040E040FC
:1074100000412041404160418041A041C041E041E4
:1074200000422042404260428042A042C042E042CC
:1074300000432043404360438043A043C043E043B4
:1074400000442044404460448044A044C044E0449C
:1074500000452045404560458045A045C045E04584
:1074600000462046404660468046A046C046E0466C
:1074700000472047404760478047A047C047E04754
:1074800000482048404860488048A048C048E0483C
:1074900000492049404960498049A049C049E04924
:1074A000004A204A404A604A804AA04AC04AE04A0C
:1074B000004B204B404B604B804BA04BC04BE04BF4
:1074C000004C204C404C604C804CA04CC04CE04CDC
:1074D000004D204D404D604D804DA04DC04DE04DC4
:1074E000004E204E404E604E804EA04EC04EE04EAC
:1074F000004F204F404F604F804FA04FC04FE04F94
:1075000000502050405060508050A050C050E0507B
:1075100000512051405160518051A051C051E05163
:1075200000522052405260528052A052C052E0524B
:1075300000532053405360538053A053C053E05333
:1075400000542054405460548054A054C054E0541B
:1075500000552055405560558055A055C055E05503
:1075600000562056405660568056A056C056E056EB
:1075700000572057405760578057A057C057E057D3
:1075800000582058405860588058A058C058E058BB
:1075900000592059405960598059A059C059E059A3
:1075A000005A205A405A605A805AA05AC05AE05A8B
:1075B000005B205B405B605B805BA05BC05BE05B73
:1075C000005C205C405C605C805CA05CC05CE05C5B
:1075D000005D205D405D605D805DA05DC05DE05D43
:1075E000005E205E405E605E805EA05EC05EE05E2B
:1075F000005F205F405F605F805FA05FC05FE05F13
:1076000000602060406060608060A060C060E060FA
:1076100000612061406160618061A061C061E061E2
:1076200000622062406260628062A062C062E062CA
:1076300000632063406360638063A063C063E063B2
:1076400000642064406460648064A064C064E0649A
:1076500000652065406560658065A065C065E06582
:1076600000662066406660668066A066C066E0666A
:1076700000672067406760678067A067C067E06752
:1076800000682068406860688068A068C068E0683A
:1076900000692069406960698069A069C069E06922
:1076A000006A206A406A606A806AA06AC06AE06A0A
:1076B000006B206B406B606B806BA06BC06BE06BF2
:1076C000006C206C406C606C806CA06CC06CE06CDA
:1076D000006D206D406D606D806DA06DC06DE06DC2
:1076E000006E206E406E606E806EA06EC06EE06EAA
:1076F000006F206F406F606F806FA06FC06FE06F92
:1077000000702070407060708070A070C070E07079
:1077100000712071407160718071A071C071E07161
:1077200000722072407260728072A072C072E07249
:1077300000732073407360738073A073C073E07331
:1077400000742074407460748074A074C074E07419
:1077500000752075407560758075A075C075E07501
:1077600000762076407660768076A076C076E076E9
:1077700000772077407760778077A077C077E077D1
:1077800000782078407860788078A078C078E078B9
:1077900000792079407960798079A079C079E079A1
:1077A000007A207A407A607A807AA07AC07AE07A89
:1077B000007B207B407B607B807BA07BC07BE07B71
:1077C000007C207C407C607C807CA07CC07CE07C59
:1077D000007D207D407D607D807DA07DC07DE07D41
:1077E000007E207E407E607E807EA07EC07EE07E29
:1077F000007F207F407F607F807FA07FC07FE07F11
:1078000000802080408060808080A080C080E080F8
:1078100000812081408160818081A081C081E081E0
:1078200000822082408260828082A082C082E082C8
:1078300000832083408360838083A083C083E083B0
:1078400000842084408460848084A084C084E08498
:1078500000852085408560858085A085C085E08580
:1078600000862086408660868086A086C086E08668
:1078700000872087408760878087A087C087E08750
:1078800000882088408860888088A088C088E08838
:1078900000892089408960898089A089C089E08920
:1078A000008A208A408A608A808AA08AC08AE08A08
:1078B000008B208B408B608B808BA08BC08BE08BF0
:1078C000008C208C408C608C808CA08CC08CE08CD8
:1078D000008D208D408D608D808DA08DC08DE08DC0
:1078E000008E208E408E608E808EA08EC08EE08EA8
:1078F000008F208F408F608F808FA08FC08FE08F90
:1079000000902090409060908090A090C090E09077
:1079100000912091409160918091A091C091E0915F
:1079200000922092409260928092A092C092E09247
:1079300000932093409360938093A093C093E0932F
:1079400000942094409460948094A094C094E09417
:1079500000952095409560958095A095C095E095FF
:1079600000962096409660968096A096C096E096E7
:1079700000972097409760978097A097C097E097CF
:1079800000982098409860988098A098C098E098B7
:1079900000992099409960998099A099C099E0999F
:1079A000009A209A409A609A809AA09AC09AE09A87
:1079B000009B209B409B609B809BA09BC09BE09B6F
:1079C000009C209C409C609C809CA09CC09CE09C57
:1079D000009D209D409D609D809DA09DC09DE09D3F
:1079E000009E209E409E609E809EA09EC09EE09E27
:1079F000009F209F409F609F809FA09FC09FE09F0F
:107A000000A020A040A060A080A0A0A0C0A0E0A0F6
:107A100000A120A140A160A180A1A0A1C0A1E0A1DE
:107A200000A220A240A260A280A2A0A2C0A2E0A2C6
:107A300000A320A340A360A380A3A0A3C0A3E0A3AE
:107A400000A420A440A460A480A4A0A4C0A4E0A496
:107A500000A520A540A560A580A5A0A5C0A5E0A57E
:107A600000A620A640A660A680A6A0A6C0A6E0A666
:107A700000A720A740A760A780A7A0A7C0A7E0A74E
:107A800000A820A840A860A880A8A0A8C0A8E0A836
:107A900000A920A940A960A980A9A0A9C0A9E0A91E
:107AA00000AA20AA40AA60AA80AAA0AAC0AAE0AA06
:107AB00000AB20AB40AB60AB80ABA0ABC0ABE0ABEE
:107AC00000AC20AC40AC60AC80ACA0ACC0ACE0ACD6
:107AD00000AD20AD40AD60AD80ADA0ADC0ADE0ADBE
:107AE00000AE20AE40AE60AE80AEA0AEC0AEE0AEA6
:107AF00000AF20AF40AF60AF80AFA0AFC0AFE0AF8E
:107B000000B020B040B060B080B0A0B0C0B0E0B075
:107B100000B120B140B160B180B1A0B1C0B1E0B15D
:107B200000B220B240B260B280B2A0B2C0B2E0B245
:107B300000B320B340B360B380B3A0B3C0B3E0B32D
:107B400000B420B440B460B480B4A0B4C0B4E0B415
:107B500000B520B540B560B580B5A0B5C0B5E0B5FD
:107B600000B620B640B660B680B6A0B6C0B6E0B6E5
:107B700000B720B740B760B780B7A0B7C0B7E0B7CD
:107B800000B820B840B860B880B8A0B8C0B8E0B8B5
:107B900000B920B940B960B980B9A0B9C0B9E0B99D
:107BA00000BA20BA40BA60BA80BAA0BAC0BAE0BA85
:107BB00000BB20BB40BB60BB80BBA0BBC0BBE0BB6D
:107BC00000BC20BC40BC60BC80BCA0BCC0BCE0BC55
:107BD00000BD20BD40BD60BD80BDA0BDC0BDE0BD3D
:107BE00000BE20BE40BE60BE80BEA0BEC0BEE0BE25
:107BF00000BF20BF40BF60BF80BFA0BFC0BFE0BF0D
:107C000000C020C040C060C080C0A0C0C0C0E0C0F4
:107C100000C120C140C160C180C1A0C1C0C1E0C1DC
:107C200000C220C240C260C280C2A0C2C0C2E0C2C4
:107C300000C320C340C360C380C3A0C3C0C3E0C3AC
:107C400000C420C440C460C480C4A0C4C0C4E0C494
:107C500000C520C540C560C580C5A0C5C0C5E0C57C
:107C600000C620C640C660C680C6A0C6C0C6E0C664
:107C700000C720C740C760C780C7A0C7C0C7E0C74C
:107C800000C820C840C860C880C8A0C8C0C8E0C834
:107C900000C920C940C960C980C9A0C9C0C9E0C91C
:107CA00000CA20CA40CA60CA80CAA0CAC0CAE0CA04
:107CB00000CB20CB40CB60CB80CBA0CBC0CBE0CBEC
:107CC00000CC20CC40CC60CC80CCA0CCC0CCE0CCD4
:107CD00000CD20CD40CD60CD80CDA0CDC0CDE0CDBC
:107CE00000CE20CE40CE60CE80CEA0CEC0CEE0CEA4
:107CF00000CF20CF40CF60CF80CFA0CFC0CFE0CF8C
:107D000000D020D040D060D080D0A0D0C0D0E0D073
:107D100000D120D140D160D180D1A0D1C0D1E0D15B
:107D200000D220D240D260D280D2A0D2C0D2E0D243
:107D300000D320D340D360D380D3A0D3C0D3E0D32B
:107D400000D420D440D460D480D4A0D4C0D4E0D413
:107D500000D520D540D560D580D5A0D5C0D5E0D5FB
:107D600000D620D640D660D680D6A0D6C0D6E0D6E3
:107D700000D720D740D760D780D7A0D7C0D7E0D7CB
:107D800000D820D840D860D880D8A0D8C0D8E0D8B3
:107D900000D920D940D960D980D9A0D9C0D9E0D99B
:107DA00000DA20DA40DA60DA80DAA0DAC0DAE0DA83
:107DB00000DB20DB40DB60DB80DBA0DBC0DBE0DB6B
:107DC00000DC20DC40DC60DC80DCA0DCC0DCE0DC53
:107DD00000DD20DD40DD60DD80DDA0DDC0DDE0DD3B
:107DE00000DE20DE40DE60DE80DEA0DEC0DEE0DE23
:107DF00000DF20DF40DF60DF80DFA0DFC0DFE0DF0B
:107E000000E020E040E060E080E0A0E0C0E0E0E0F2
:107E100000E120E140E160E180E1A0E1C0E1E0E1DA
:107E200000E220E240E260E280E2A0E2C0E2E0E2C2
:107E300000E320E340E360E380E3A0E3C0E3E0E3AA
:107E400000E420E440E460E480E4A0E4C0E4E0E492
:107E500000E520E540E560E580E5A0E5C0E5E0E57A
:107E600000E620E640E660E680E6A0E6C0E6E0E662
:107E700000E720E740E760E780E7A0E7C0E7E0E74A
:107E800000E820E840E860E880E8A0E8C0E8E0E832
:107E900000E920E940E960E980E9A0E9C0E9E0E91A
:107EA00000EA20EA40EA60EA80EAA0EAC0EAE0EA02
:107EB00000EB20EB40EB60EB80EBA0EBC0EBE0EBEA
:107EC00000EC20EC40EC60EC80ECA0ECC0ECE0ECD2
:107ED00000ED20ED40ED60ED80EDA0EDC0EDE0EDBA
:107EE00000EE20EE40EE60EE80EEA0EEC0EEE0EEA2
:107EF00000EF20EF40EF60EF80EFA0EFC0EFE0EF8A
:107F000000F020F040F060F080F0A0F0C0F0E0F071
:107F100000F120F140F160F180F1A0F1C0F1E0F159
:107F200000F220F240F260F280F2A0F2C0F2E0F241
:107F300000F320F340F360F380F3A0F3C0F3E0F329
:107F400000F420F440F460F480F4A0F4C0F4E0F411
:107F500000F520F540F560F580F5A0F5C0F5E0F5F9
:107F600000F620F640F660F680F6A0F6C0F6E0F6E1
:107F700000F720F740F760F780F7A0F7C0F7E0F7C9
:107F800000F820F840F860F880F8A0F8C0F8E0F8B1
:107F900000F920F940F960F980F9A0F9C0F9E0F999
:107FA00000FA20FA40FA60FA80FAA0FAC0FAE0FA81
:107FB00000FB20FB40FB60FB80FBA0FBC0FBE0FB69
:107FC00000FC20FC40FC60FC80FCA0FCC0FCE0FC51
:107FD00000FD20FD40FD60FD80FDA0FDC0FDE0FD39
:107FE00000FE20FE40FE60FE80FEA0FEC0FEE0FE21
:107FF00000FF20FF40FF60FF80FFA0FFC0FFE0FF09
:0200000400F00A
:100000004C656164205061746368202020202020AA
:10001000000000000000000000008000FF000080E1
:1000200000FF00008000FF00008000FF0000800053
:10003000FF00008000FF50008000FF00008000FFF4
:1000400000800080008000800080008000800080B0
:1000500000007F00100002000000100002000000FD
:10006000000400F00008000040800200005F05006E
:10007000001400F00008000040800200005F05004E
:10008000001400F00008000040800200005F05003E
:10009000000400F00008000040800200005F05003E
:1000A000001400F00008000040800200005F05001E
:1000B000001400F00008000040800200005F05000E
:1000C00001800000000180000000018000000001AC
:1000D000800000000180000000018000000000009E
:1000E00000C00030FF0000FF304020000080808012
:1000F00000400050FF0000FF501030000080808062
:10010000010003C000000000020003C00000000066
:10011000030003C000000000040003C00000000052
:10012000050003C000000000060003C0000000003E
:10013000070003C000000000080003C0000000002A
:10014000FF000F3F0300000000000000000000005F
:10015000000000000000000000000000000000009F
:10016000F00000000000000000000000CB00001FB5
:1001700080CB00203FA0CB00405FC0CB00607FE081
:10018000404040404040404040404040404040406F
:10019000404040404040404040404040404040405F
:1001A000404040404040404040404040404040404F
:1001B000404040404040404040404040404040403F
:1001C000404040404040404040404040404040402F
:1001D000404040404040404040404040404040401F
:1001E000404040404040404040404040404040400F
:1001F00040404040404040404040404040404040FF
:1002000000000200027800000000006000000060B2
:1002100000007F400000000010007F400000000050
:1002200010007F400000000010007F400000000030
:1002300010007F400000000010007F400000000020
:100240000000000002780000000000600000006074
:1002500001007F400000000010007F40000000000F
:1002600010007F400000000010007F4000000000F0
:1002700010007F400000000010007F4000000000E0
:100280000000000002780000000000600000006034
:1002900002007F400000000010007F4000000000CE
:1002A00010007F400000000010007F4000000000B0
:1002B00010007F400000000010007F4000000000A0
:1002C00000000000027800000000006000000060F4
:1002D00003007F400000000010007F40000000008D
:1002E00010007F400000000010007F400000000070
:1002F00010007F400000000010007F400000000060
:020300000100FA
:00000001FF
